timestamp,building_id,y_true,y_pred,over_flag,under_flag,anomaly_point
2025-10-02 08:15:00+00:00,611,44.99999999825377,45.52788451361075,0,0,0
2025-10-02 08:30:00+00:00,611,45.00000000189175,43.019937027140486,0,0,0
2025-10-02 08:45:00+00:00,611,44.99999999825377,43.69233867767176,0,0,0
2025-10-02 09:00:00+00:00,611,44.00000000168802,43.612139888306025,0,0,0
2025-10-02 09:15:00+00:00,611,41.00000000107684,39.72422431095288,0,0,0
2025-10-02 09:30:00+00:00,611,38.99999999703141,38.53780452454546,0,0,0
2025-10-02 09:45:00+00:00,611,39.00000000066939,37.42844856726749,0,0,0
2025-10-02 10:00:00+00:00,611,48.00000000250293,34.74029410238396,0,0,0
2025-10-02 10:15:00+00:00,611,36.00000000005821,37.06282347842552,0,0,0
2025-10-02 10:30:00+00:00,611,30.999999999039574,31.00724777883613,0,0,0
2025-10-02 10:45:00+00:00,611,29.999999998835847,28.49527512172285,0,0,0
2025-10-02 11:00:00+00:00,611,31.9999999992433,26.500860739545004,0,0,0
2025-10-02 11:15:00+00:00,611,28.00000000206637,25.403124837708926,0,0,0
2025-10-02 11:30:00+00:00,611,24.999999997817213,23.666990513244198,0,0,0
2025-10-02 11:45:00+00:00,611,25.00000000145519,23.57709404971354,0,0,0
2025-10-02 12:00:00+00:00,611,20.00000000043656,21.906585385780243,0,0,0
2025-10-02 12:15:00+00:00,611,14.999999999417923,18.968168302174696,0,0,0
2025-10-02 12:30:00+00:00,611,13.999999999214197,16.77712241170407,0,0,0
2025-10-02 12:45:00+00:00,611,10.000000002037268,15.482479583488413,0,0,0
2025-10-02 13:00:00+00:00,611,8.999999998195563,13.548799880246928,0,0,0
2025-10-02 13:15:00+00:00,611,11.000000002240997,12.006579852077712,0,0,0
2025-10-02 13:30:00+00:00,611,13.999999999214197,12.272860712790116,0,0,0
2025-10-02 13:45:00+00:00,611,9.99999999839929,13.3341039029699,0,0,0
2025-10-02 14:00:00+00:00,611,10.000000002037268,12.46918168256892,0,0,0
2025-10-02 14:15:00+00:00,611,9.99999999839929,11.097525672576708,0,0,0
2025-10-02 14:30:00+00:00,611,8.000000001629815,11.332857673484646,0,0,0
2025-10-02 14:45:00+00:00,611,9.99999999839929,10.733785996140996,0,0,0
2025-10-02 15:00:00+00:00,611,8.000000001629815,11.193371166782184,0,0,0
2025-10-02 15:15:00+00:00,611,6.999999997788109,10.944175099980187,0,0,0
2025-10-02 15:30:00+00:00,611,6.000000001222361,9.39387441605095,0,0,0
2025-10-02 15:45:00+00:00,611,18.000000000029104,7.876204675543533,0,0,0
2025-10-02 16:00:00+00:00,611,19.00000000023283,11.932781113609478,0,0,0
2025-10-02 16:15:00+00:00,611,15.99999999962165,12.244677124514835,0,0,0
2025-10-02 16:30:00+00:00,611,12.99999999901047,12.754236814583226,0,0,0
2025-10-02 16:45:00+00:00,611,13.000000002648449,12.789587927511963,0,0,0
2025-10-02 17:00:00+00:00,611,10.999999998603016,13.227396954549514,0,0,0
2025-10-02 17:15:00+00:00,611,9.99999999839929,13.449727003628375,0,0,0
2025-10-02 17:30:00+00:00,611,14.000000002852175,13.298661107241797,0,0,0
2025-10-02 17:45:00+00:00,611,15.99999999962165,14.181444467838112,0,0,0
2025-10-02 18:00:00+00:00,611,19.00000000023283,14.612266378311272,0,0,0
2025-10-02 18:15:00+00:00,611,15.99999999962165,15.304849335363702,0,0,0
2025-10-02 18:30:00+00:00,611,16.999999999825377,14.550416718234263,0,0,0
2025-10-02 18:45:00+00:00,611,18.000000000029104,14.989425754815096,0,0,0
2025-10-02 19:00:00+00:00,611,24.999999997817213,16.9691398352434,0,0,0
2025-10-02 19:15:00+00:00,611,29.0000000022701,22.599076660033308,0,0,0
2025-10-02 19:30:00+00:00,611,33.999999999650754,26.4850705954869,0,0,0
2025-10-02 19:45:00+00:00,611,7.999999997991836,24.11597079363321,0,0,0
2025-10-02 20:00:00+00:00,611,5.000000001018634,4.402411430385946,0,0,0
2025-10-02 20:15:00+00:00,611,2.0000000004074536,2.1317789550485635,0,0,0
2025-10-02 20:30:00+00:00,611,1.0000000002037268,1.87159056422934,0,0,0
2025-10-02 20:45:00+00:00,611,1.0000000002037268,3.557817652611565,0,0,0
2025-10-02 21:00:00+00:00,611,2.0000000004074536,4.119331914822439,0,0,0
2025-10-02 21:15:00+00:00,611,2.0000000004074536,4.364617414480623,0,0,0
2025-10-02 21:30:00+00:00,611,1.0000000002037268,5.411135164078779,0,0,0
2025-10-02 21:45:00+00:00,611,1.0000000002037268,4.828272118409682,0,0,0
2025-10-02 22:00:00+00:00,611,3.999999997176928,4.392879376761808,0,0,0
2025-10-02 22:15:00+00:00,611,5.000000001018634,4.086998940498553,0,0,0
2025-10-02 22:30:00+00:00,611,5.000000001018634,4.235394945042376,0,0,0
2025-10-02 22:45:00+00:00,611,22.99999999740976,5.03157724724322,0,0,0
2025-10-02 23:00:00+00:00,611,58.00000000090222,37.18888141253089,0,0,0
2025-10-02 23:15:00+00:00,611,54.00000000008731,47.313114237757176,0,0,0
2025-10-02 23:30:00+00:00,611,33.999999999650754,31.575110335525515,0,0,0
2025-10-02 23:45:00+00:00,611,25.00000000145519,22.78985599609253,0,0,0
2025-10-03 00:00:00+00:00,611,20.00000000043656,21.37929024967693,0,0,0
2025-10-03 00:15:00+00:00,611,19.00000000023283,20.922471089942345,0,0,0
2025-10-03 00:30:00+00:00,611,23.99999999761349,23.2976781492375,0,0,0
2025-10-03 00:45:00+00:00,611,23.00000000104773,25.93020777249436,0,0,0
2025-10-03 01:00:00+00:00,611,26.00000000165892,26.211574889966528,0,0,0
2025-10-03 01:15:00+00:00,611,25.99999999802094,26.322302572765444,0,0,0
2025-10-03 01:30:00+00:00,611,26.00000000165892,26.06862513945585,0,0,0
2025-10-03 01:45:00+00:00,611,24.999999997817213,25.63210262911905,0,0,0
2025-10-03 02:00:00+00:00,611,26.00000000165892,25.51370316627017,0,0,0
2025-10-03 02:15:00+00:00,611,23.99999999761349,25.886671751590196,0,0,0
2025-10-03 02:30:00+00:00,611,26.00000000165892,26.220133922913547,0,0,0
2025-10-03 02:45:00+00:00,611,27.000000001862645,26.25133860730333,0,0,0
2025-10-03 03:00:00+00:00,611,27.9999999984284,26.49437344211263,0,0,0
2025-10-03 03:15:00+00:00,611,26.999999998224663,26.549850408256464,0,0,0
2025-10-03 03:30:00+00:00,611,33.000000003085006,26.390598864517045,0,0,0
2025-10-03 03:45:00+00:00,611,29.999999998835847,27.12331596699081,0,0,0
2025-10-03 04:00:00+00:00,611,28.99999999863212,27.455935248061955,0,0,0
2025-10-03 04:15:00+00:00,611,27.000000001862645,27.95364419693521,0,0,0
2025-10-03 04:30:00+00:00,611,25.99999999802094,28.238520399615275,0,0,0
2025-10-03 04:45:00+00:00,611,25.00000000145519,28.191865684777923,0,0,0
2025-10-03 05:00:00+00:00,611,25.00000000145519,28.27060790063764,0,0,0
2025-10-03 05:15:00+00:00,611,28.99999999863212,29.92009384655239,0,0,0
2025-10-03 05:30:00+00:00,611,31.9999999992433,32.24153042277573,0,0,0
2025-10-03 05:45:00+00:00,611,33.999999999650754,30.690797203059176,0,0,0
2025-10-03 06:00:00+00:00,611,37.000000000261934,38.38930500716365,0,0,0
2025-10-03 06:15:00+00:00,611,52.99999999988359,73.00490302929215,0,0,0
2025-10-03 06:30:00+00:00,611,39.00000000066939,68.0716113010684,0,0,0
2025-10-03 06:45:00+00:00,611,25.00000000145519,50.67199048768687,0,0,0
2025-10-03 07:00:00+00:00,611,28.99999999863212,38.23609713440807,0,0,0
2025-10-03 07:15:00+00:00,611,31.9999999992433,35.753442270523486,0,0,0
2025-10-03 07:30:00+00:00,611,28.00000000206637,32.605639787918555,0,0,0
2025-10-03 07:45:00+00:00,611,28.99999999863212,26.788429754767662,0,0,0
2025-10-03 08:00:00+00:00,611,22.00000000084401,25.441996865884185,0,0,0
2025-10-03 08:15:00+00:00,611,23.99999999761349,23.333189707065124,0,0,0
2025-10-03 08:30:00+00:00,611,24.000000001251465,22.42898806153365,0,0,0
2025-10-03 08:45:00+00:00,611,25.00000000145519,21.651273928385223,0,0,0
2025-10-03 09:00:00+00:00,611,23.99999999761349,22.695735469394428,0,0,0
2025-10-03 09:15:00+00:00,611,22.00000000084401,21.699956016092365,0,0,0
2025-10-03 09:30:00+00:00,611,21.000000000640284,20.60508076547191,0,0,0
2025-10-03 09:45:00+00:00,611,3.0000000006111804,19.09928986250137,0,0,0
2025-10-03 10:00:00+00:00,611,4.999999997380655,5.32138361852131,0,0,0
2025-10-03 10:15:00+00:00,611,1.0000000002037268,8.86488536629166,0,0,0
2025-10-03 10:30:00+00:00,611,3.0000000006111804,4.347344079329588,0,0,0
2025-10-03 10:45:00+00:00,611,4.000000000814907,4.359361919820337,0,0,0
2025-10-03 11:00:00+00:00,611,3.0000000006111804,3.7910113740375735,0,0,0
2025-10-03 11:15:00+00:00,611,3.0000000006111804,3.307671485832291,0,0,0
2025-10-03 11:30:00+00:00,611,3.999999997176928,2.793129870746881,0,0,0
2025-10-03 11:45:00+00:00,611,3.0000000006111804,2.3447388741569988,0,0,0
2025-10-03 12:00:00+00:00,611,2.0000000004074536,2.4204333763152945,0,0,0
2025-10-03 12:15:00+00:00,611,3.0000000006111804,2.3274078675676577,0,0,0
2025-10-03 12:30:00+00:00,611,1.0000000002037268,2.348488996401929,0,0,0
2025-10-03 12:45:00+00:00,611,3.0000000006111804,2.190303634893816,0,0,0
2025-10-03 13:00:00+00:00,611,2.0000000004074536,2.053474450618065,0,0,0
2025-10-03 13:15:00+00:00,611,2.9999999969732016,1.913879994813129,0,0,0
2025-10-03 13:30:00+00:00,611,2.0000000004074536,1.878969550823268,0,0,0
2025-10-03 13:45:00+00:00,611,3.0000000006111804,1.6553315430986473,0,0,0
2025-10-03 14:00:00+00:00,611,1.0000000002037268,1.880806164320191,0,0,0
2025-10-03 14:15:00+00:00,611,2.0000000004074536,1.8676304587987715,0,0,0
2025-10-03 14:30:00+00:00,611,2.0000000004074536,1.9089660925182168,0,0,0
2025-10-03 14:45:00+00:00,611,2.0000000004074536,1.9480658489370557,0,0,0
2025-10-03 15:00:00+00:00,611,2.0000000004074536,1.857855889382769,0,0,0
2025-10-03 15:15:00+00:00,611,1.0000000002037268,1.7656791859066594,0,0,0
2025-10-03 15:30:00+00:00,611,2.0000000004074536,1.352358338828111,0,0,0
2025-10-03 15:45:00+00:00,611,0.999999996565748,0.9526952713450534,0,0,0
2025-10-03 16:00:00+00:00,611,1.0000000002037268,1.0145220107222208,0,0,0
2025-10-03 16:15:00+00:00,611,1.0000000002037268,1.221376151144021,0,0,0
2025-10-03 16:30:00+00:00,611,1.0000000002037268,1.2080821452363253,0,0,0
2025-10-03 16:45:00+00:00,611,1.0000000002037268,1.247686157051664,0,0,0
2025-10-03 17:00:00+00:00,611,1.0000000002037268,1.2127490954748872,0,0,0
2025-10-03 17:15:00+00:00,611,1.0000000002037268,1.194516048440196,0,0,0
2025-10-03 17:30:00+00:00,611,1.0000000002037268,1.2317925001555672,0,0,0
2025-10-03 17:45:00+00:00,611,2.0000000004074536,1.0119075721855353,0,0,0
2025-10-03 18:00:00+00:00,611,1.0000000002037268,1.4531029477802164,0,0,0
2025-10-03 18:15:00+00:00,611,1.0000000002037268,1.6263213308742692,0,0,0
2025-10-03 18:30:00+00:00,611,2.0000000004074536,1.722332445620534,0,0,0
2025-10-03 18:45:00+00:00,611,1.0000000002037268,1.7558306787492342,0,0,0
2025-10-03 19:00:00+00:00,611,2.0000000004074536,1.7595600984265651,0,0,0
2025-10-03 19:15:00+00:00,611,1.0000000002037268,1.8491933435977543,0,0,0
2025-10-03 19:30:00+00:00,611,1.9999999967694748,1.880548860980042,0,0,0
2025-10-03 19:45:00+00:00,611,1.0000000002037268,1.7399917357817891,0,0,0
2025-10-03 20:00:00+00:00,611,2.0000000004074536,1.638234179772201,0,0,0
2025-10-03 20:15:00+00:00,611,2.0000000004074536,1.7767018243978647,0,0,0
2025-10-03 20:30:00+00:00,611,2.0000000004074536,2.0745585369619945,0,0,0
2025-10-03 20:45:00+00:00,611,2.0000000004074536,2.1849120947893184,0,0,0
2025-10-03 21:00:00+00:00,611,3.0000000006111804,2.127746390631401,0,0,0
2025-10-03 21:15:00+00:00,611,2.0000000004074536,2.196035288608858,0,0,0
2025-10-03 21:30:00+00:00,611,3.999999997176928,2.2399543070135906,0,0,0
2025-10-03 21:45:00+00:00,611,6.000000001222361,2.3586509995829843,0,0,0
2025-10-03 22:00:00+00:00,611,4.000000000814907,5.203834439698788,0,0,0
2025-10-03 22:15:00+00:00,611,5.000000001018634,3.934855771219453,0,0,0
2025-10-03 22:30:00+00:00,611,5.999999997584382,4.426500346541268,0,0,0
2025-10-03 22:45:00+00:00,611,5.000000001018634,5.656238776893062,0,0,0
2025-10-03 23:00:00+00:00,611,5.000000001018634,5.732443449467169,0,0,0
2025-10-03 23:15:00+00:00,611,5.999999997584382,5.7989149577604735,0,0,0
2025-10-03 23:30:00+00:00,611,9.000000001833541,7.285894620558404,0,0,0
2025-10-03 23:45:00+00:00,611,8.999999998195563,8.84883348262892,0,0,0
2025-10-04 00:00:00+00:00,611,11.000000002240997,9.626370904575351,0,0,0
2025-10-04 00:15:00+00:00,611,11.999999998806745,10.616618336064214,0,0,0
2025-10-04 00:30:00+00:00,611,10.999999998603016,11.936599258576516,0,0,0
2025-10-04 00:45:00+00:00,611,11.000000002240997,10.325862604186264,0,0,0
2025-10-04 01:00:00+00:00,611,10.999999998603016,9.93316447194517,0,0,0
2025-10-04 01:15:00+00:00,611,11.000000002240997,9.922505607141758,0,0,0
2025-10-04 01:30:00+00:00,611,10.999999998603016,9.691594343793447,0,0,0
2025-10-04 01:45:00+00:00,611,8.999999998195563,9.17082643150288,0,0,0
2025-10-04 02:00:00+00:00,611,9.000000001833541,8.683524959112203,0,0,0
2025-10-04 02:15:00+00:00,611,7.000000001426088,8.611905905261093,0,0,0
2025-10-04 02:30:00+00:00,611,7.999999997991836,8.324191972065249,0,0,0
2025-10-04 02:45:00+00:00,611,7.000000001426088,8.330223813010464,0,0,0
2025-10-04 03:00:00+00:00,611,8.999999998195563,8.341904497400328,0,0,0
2025-10-04 03:15:00+00:00,611,12.99999999901047,9.049436926390896,0,0,0
2025-10-04 03:30:00+00:00,611,12.000000002444722,10.183122097483816,0,0,0
2025-10-04 03:45:00+00:00,611,8.999999998195563,10.045933575784751,0,0,0
2025-10-04 04:00:00+00:00,611,8.000000001629815,9.860276646451258,0,0,0
2025-10-04 04:15:00+00:00,611,7.999999997991836,9.271736660995773,0,0,0
2025-10-04 04:30:00+00:00,611,8.000000001629815,8.32418162078145,0,0,0
2025-10-04 04:45:00+00:00,611,8.000000001629815,7.489241154527138,0,0,0
2025-10-04 05:00:00+00:00,611,7.999999997991836,7.449823465820184,0,0,0
2025-10-04 05:15:00+00:00,611,4.000000000814907,8.225616696446467,0,0,0
2025-10-04 05:30:00+00:00,611,5.000000001018634,6.363612979116985,0,0,0
2025-10-04 05:45:00+00:00,611,5.999999997584382,5.425103482188241,0,0,0
2025-10-04 06:00:00+00:00,611,4.000000000814907,5.877676397432959,0,0,0
2025-10-04 06:15:00+00:00,611,45.9999999984575,6.213173335400253,0,0,0
2025-10-04 06:30:00+00:00,611,49.000000002706656,31.411468368700447,0,0,0
2025-10-04 06:45:00+00:00,611,39.999999997235136,22.596667029040365,0,0,0
2025-10-04 07:00:00+00:00,611,26.00000000165892,21.09773163345448,0,0,0
2025-10-04 07:15:00+00:00,611,13.999999999214197,14.976966506008056,0,0,0
2025-10-04 07:30:00+00:00,611,10.000000002037268,10.374217887076322,0,0,0
2025-10-04 07:45:00+00:00,611,7.999999997991836,10.625996599186193,0,0,0
2025-10-04 08:00:00+00:00,611,8.000000001629815,10.90654670461565,0,0,0
2025-10-04 08:15:00+00:00,611,6.999999997788109,11.579008244717468,0,0,0
2025-10-04 08:30:00+00:00,611,7.000000001426088,8.910413269949736,0,0,0
2025-10-04 08:45:00+00:00,611,7.000000001426088,9.899709122706495,0,0,0
2025-10-04 09:00:00+00:00,611,9.99999999839929,8.876576401965323,0,0,0
2025-10-04 09:15:00+00:00,611,12.99999999901047,9.489996437409348,0,0,0
2025-10-04 09:30:00+00:00,611,16.999999999825377,11.198937939333856,0,0,0
2025-10-04 09:45:00+00:00,611,18.000000000029104,14.306597403988484,0,0,0
2025-10-04 10:00:00+00:00,611,15.99999999962165,14.394168525551413,0,0,0
2025-10-04 10:15:00+00:00,611,15.000000003055902,13.410394343324056,0,0,0
2025-10-04 10:30:00+00:00,611,13.999999999214197,12.356282448304436,0,0,0
2025-10-04 10:45:00+00:00,611,14.999999999417923,12.536098296065584,0,0,0
2025-10-04 11:00:00+00:00,611,15.99999999962165,13.026057830260388,0,0,0
2025-10-04 11:15:00+00:00,611,13.999999999214197,13.4067728727492,0,0,0
2025-10-04 11:30:00+00:00,611,13.000000002648449,12.844446034760097,0,0,0
2025-10-04 11:45:00+00:00,611,11.999999998806745,12.178640370141096,0,0,0
2025-10-04 12:00:00+00:00,611,11.999999998806745,12.253338191545025,0,0,0
2025-10-04 12:15:00+00:00,611,12.000000002444722,12.69756871142508,0,0,0
2025-10-04 12:30:00+00:00,611,11.999999998806745,12.27702340763218,0,0,0
2025-10-04 12:45:00+00:00,611,10.999999998603016,11.437702869576022,0,0,0
2025-10-04 13:00:00+00:00,611,13.000000002648449,10.59967772074958,0,0,0
2025-10-04 13:15:00+00:00,611,11.999999998806745,10.201553297665518,0,0,0
2025-10-04 13:30:00+00:00,611,13.999999999214197,9.86117942627402,0,0,0
2025-10-04 13:45:00+00:00,611,9.000000001833541,10.282268172466376,0,0,0
2025-10-04 14:00:00+00:00,611,7.999999997991836,8.774435848455168,0,0,0
2025-10-04 14:15:00+00:00,611,7.000000001426088,8.319335741208645,0,0,0
2025-10-04 14:30:00+00:00,611,5.999999997584382,7.218698522399164,0,0,0
2025-10-04 14:45:00+00:00,611,5.000000001018634,5.2615620706915145,0,0,0
2025-10-04 15:00:00+00:00,611,4.000000000814907,3.003524150227971,0,0,0
2025-10-04 15:15:00+00:00,611,4.000000000814907,2.685979295877964,0,0,0
2025-10-04 15:30:00+00:00,611,4.999999997380655,2.832479536731725,0,0,0
2025-10-04 15:45:00+00:00,611,5.000000001018634,2.900477120007981,0,0,0
2025-10-04 16:00:00+00:00,611,5.000000001018634,3.278191029572469,0,0,0
2025-10-04 16:15:00+00:00,611,4.000000000814907,3.594881163631637,0,0,0
2025-10-04 16:30:00+00:00,611,5.999999997584382,3.185675691240643,0,0,0
2025-10-04 16:45:00+00:00,611,5.000000001018634,3.640190211575103,0,0,0
2025-10-04 17:00:00+00:00,611,6.000000001222361,4.670086756901572,0,0,0
2025-10-04 17:15:00+00:00,611,4.999999997380655,5.671283628517632,0,0,0
2025-10-04 17:30:00+00:00,611,10.000000002037268,6.181341658963207,0,0,0
2025-10-04 17:45:00+00:00,611,11.999999998806745,13.420832134280616,0,0,0
2025-10-04 18:00:00+00:00,611,11.999999998806745,12.169222920016162,0,0,0
2025-10-04 18:15:00+00:00,611,12.000000002444722,11.070897734380951,0,0,0
2025-10-04 18:30:00+00:00,611,12.99999999901047,11.484013034538345,0,0,0
2025-10-04 18:45:00+00:00,611,12.99999999901047,11.385306889117246,0,0,0
2025-10-04 19:00:00+00:00,611,14.000000002852175,12.473240864572997,0,0,0
2025-10-04 19:15:00+00:00,611,12.99999999901047,13.275097149050572,0,0,0
2025-10-04 19:30:00+00:00,611,9.99999999839929,13.190798511922983,0,0,0
2025-10-04 19:45:00+00:00,611,2.0000000004074536,10.601638549652094,0,0,0
2025-10-04 20:00:00+00:00,611,2.0000000004074536,3.704060590125177,0,0,0
2025-10-04 20:15:00+00:00,611,1.0000000002037268,4.17914311136844,0,0,0
2025-10-04 20:30:00+00:00,611,2.0000000004074536,5.00949795889975,0,0,0
2025-10-04 20:45:00+00:00,611,3.0000000006111804,4.669495254970194,0,0,0
2025-10-04 21:00:00+00:00,611,3.999999997176928,4.7747145760331655,0,0,0
2025-10-04 21:15:00+00:00,611,5.000000001018634,4.6814258489260645,0,0,0
2025-10-04 21:30:00+00:00,611,5.000000001018634,4.464800096597919,0,0,0
2025-10-04 21:45:00+00:00,611,8.999999998195563,4.226915764856091,0,0,0
2025-10-04 22:00:00+00:00,611,9.000000001833541,6.477071922084036,0,0,0
2025-10-04 22:15:00+00:00,611,7.000000001426088,7.685649370840823,0,0,0
2025-10-04 22:30:00+00:00,611,9.99999999839929,8.162163326758016,0,0,0
2025-10-04 22:45:00+00:00,611,7.000000001426088,8.581134496036041,0,0,0
2025-10-04 23:00:00+00:00,611,10.999999998603016,8.4543194394585,0,0,0
2025-10-04 23:15:00+00:00,611,10.999999998603016,8.578503791196242,0,0,0
2025-10-04 23:30:00+00:00,611,11.000000002240997,8.81316147990241,0,0,0
2025-10-04 23:45:00+00:00,611,8.999999998195563,8.90451451693908,0,0,0
2025-10-05 00:00:00+00:00,611,10.000000002037268,8.816575924801283,0,0,0
2025-10-05 00:15:00+00:00,611,9.99999999839929,8.878330205191856,0,0,0
2025-10-05 00:30:00+00:00,611,10.999999998603016,9.888363376285271,0,0,0
2025-10-05 00:45:00+00:00,611,12.000000002444722,10.468435272215684,0,0,0
2025-10-05 01:00:00+00:00,611,8.999999998195563,10.955307905706114,0,0,0
2025-10-05 01:15:00+00:00,611,10.000000002037268,10.346823953879433,0,0,0
2025-10-05 01:30:00+00:00,611,9.99999999839929,9.789703811641273,0,0,0
2025-10-05 01:45:00+00:00,611,11.000000002240997,9.518225867084308,0,0,0
2025-10-05 02:00:00+00:00,611,9.99999999839929,9.69054516724267,0,0,0
2025-10-05 02:15:00+00:00,611,9.99999999839929,9.858510273808683,0,0,0
2025-10-05 02:30:00+00:00,611,12.000000002444722,10.070818801415191,0,0,0
2025-10-05 02:45:00+00:00,611,8.999999998195563,10.367596022954558,0,0,0
2025-10-05 03:00:00+00:00,611,12.000000002444722,10.412660336973918,0,0,0
2025-10-05 03:15:00+00:00,611,10.999999998603016,10.6280402383591,0,0,0
2025-10-05 03:30:00+00:00,611,9.99999999839929,10.739000085666085,0,0,0
2025-10-05 03:45:00+00:00,611,9.000000001833541,10.468170575101391,0,0,0
2025-10-05 04:00:00+00:00,611,11.999999998806745,10.287946591007591,0,0,0
2025-10-05 04:15:00+00:00,611,9.000000001833541,10.85526422654269,0,0,0
2025-10-05 04:30:00+00:00,611,10.999999998603016,11.03561094728725,0,0,0
2025-10-05 04:45:00+00:00,611,11.000000002240997,10.820015887074527,0,0,0
2025-10-05 05:00:00+00:00,611,10.999999998603016,11.347704371962203,0,0,0
2025-10-05 05:15:00+00:00,611,11.999999998806745,13.143073917967255,1,0,1
2025-10-05 05:30:00+00:00,611,11.000000002240997,12.19105303817104,1,0,1
2025-10-05 05:45:00+00:00,611,9.99999999839929,11.574113566235324,1,0,1
2025-10-05 06:00:00+00:00,611,8.000000001629815,12.206436524651323,1,0,1
2025-10-05 06:15:00+00:00,611,16.999999999825377,18.22180488045536,0,0,0
2025-10-05 06:30:00+00:00,611,20.999999997002305,34.71037593469491,0,0,0
2025-10-05 06:45:00+00:00,611,20.00000000043656,18.78647110858306,0,0,0
2025-10-05 07:00:00+00:00,611,33.000000003085006,15.547556625978496,0,0,0
2025-10-05 07:15:00+00:00,611,8.999999998195563,22.49632242326935,0,0,0
2025-10-05 07:30:00+00:00,611,8.999999998195563,10.50663224881176,0,0,0
2025-10-05 07:45:00+00:00,611,8.000000001629815,10.574949243130956,0,0,0
2025-10-05 08:00:00+00:00,611,10.999999998603016,10.296247581237052,0,0,0
2025-10-05 08:15:00+00:00,611,9.000000001833541,10.557169434451184,0,0,0
2025-10-05 08:30:00+00:00,611,7.999999997991836,10.793586102025785,0,0,0
2025-10-05 08:45:00+00:00,611,9.000000001833541,10.175484328794912,0,0,0
2025-10-05 09:00:00+00:00,611,9.99999999839929,10.24990266553626,0,0,0
2025-10-05 09:15:00+00:00,611,10.000000002037268,9.385185252679024,0,0,0
2025-10-05 09:30:00+00:00,611,9.99999999839929,8.950280500124537,0,0,0
2025-10-05 09:45:00+00:00,611,8.000000001629815,9.075813476265818,0,0,0
2025-10-05 10:00:00+00:00,611,15.99999999962165,8.988107048636087,0,0,0
2025-10-05 10:15:00+00:00,611,13.999999999214197,12.0993532331271,0,0,0
2025-10-05 10:30:00+00:00,611,10.000000002037268,11.20196716859992,0,0,0
2025-10-05 10:45:00+00:00,611,10.999999998603016,10.396910858673596,0,0,0
2025-10-05 11:00:00+00:00,611,8.999999998195563,10.014134431953934,0,0,0
2025-10-05 11:15:00+00:00,611,8.000000001629815,8.535433578063037,0,0,0
2025-10-05 11:30:00+00:00,611,9.99999999839929,7.587949518080478,0,0,0
2025-10-05 11:45:00+00:00,611,8.000000001629815,7.34575609476857,0,0,0
2025-10-05 12:00:00+00:00,611,7.000000001426088,7.016314657823745,0,0,0
2025-10-05 12:15:00+00:00,611,10.999999998603016,6.686714994112277,0,0,0
2025-10-05 12:30:00+00:00,611,6.000000001222361,7.176014264276182,0,0,0
2025-10-05 12:45:00+00:00,611,6.999999997788109,6.845163573979852,0,0,0
2025-10-05 13:00:00+00:00,611,5.000000001018634,6.585330084319457,0,0,0
2025-10-05 13:15:00+00:00,611,6.000000001222361,5.292780063874755,0,0,0
2025-10-05 13:30:00+00:00,611,3.999999997176928,4.811649435383163,0,0,0
2025-10-05 13:45:00+00:00,611,5.000000001018634,4.419201212708078,0,0,0
2025-10-05 14:00:00+00:00,611,3.0000000006111804,4.216744889146064,0,0,0
2025-10-05 14:15:00+00:00,611,4.000000000814907,4.060684498326424,0,0,0
2025-10-05 14:30:00+00:00,611,5.000000001018634,3.2523305651326737,0,0,0
2025-10-05 14:45:00+00:00,611,2.9999999969732016,3.207814129777251,0,0,0
2025-10-05 15:00:00+00:00,611,3.0000000006111804,2.8579407373678443,0,0,0
2025-10-05 15:15:00+00:00,611,3.0000000006111804,2.755094817804519,0,0,0
2025-10-05 15:30:00+00:00,611,3.0000000006111804,2.966818497876382,0,0,0
2025-10-05 15:45:00+00:00,611,4.000000000814907,3.3068197230511096,0,0,0
2025-10-05 16:00:00+00:00,611,4.999999997380655,4.385878951403964,0,0,0
2025-10-05 16:15:00+00:00,611,5.000000001018634,6.671995468549964,0,0,0
2025-10-05 16:30:00+00:00,611,5.000000001018634,6.211351509451612,0,0,0
2025-10-05 16:45:00+00:00,611,5.999999997584382,6.027743394932923,0,0,0
2025-10-05 17:00:00+00:00,611,4.000000000814907,5.5403546760073645,0,0,0
2025-10-05 17:15:00+00:00,611,5.000000001018634,5.031716250197096,0,0,0
2025-10-05 17:30:00+00:00,611,6.000000001222361,4.955678676918602,0,0,0
2025-10-05 17:45:00+00:00,611,4.999999997380655,5.727789808022063,0,0,0
2025-10-05 18:00:00+00:00,611,4.000000000814907,5.830208367439965,0,0,0
2025-10-05 18:15:00+00:00,611,7.000000001426088,5.571547530358522,0,0,0
2025-10-05 18:30:00+00:00,611,7.999999997991836,5.872157684413212,0,0,0
2025-10-05 18:45:00+00:00,611,8.000000001629815,6.207452032969011,0,0,0
2025-10-05 19:00:00+00:00,611,5.000000001018634,6.563564291999617,0,0,0
2025-10-05 19:15:00+00:00,611,8.999999998195563,6.194360616472812,0,0,0
2025-10-05 19:30:00+00:00,611,7.000000001426088,7.436326870500993,0,0,0
2025-10-05 19:45:00+00:00,611,7.999999997991836,6.758916677365793,0,0,0
2025-10-05 20:00:00+00:00,611,8.000000001629815,7.277971452187611,0,0,0
2025-10-05 20:15:00+00:00,611,5.999999997584382,7.31821872235332,0,0,0
2025-10-05 20:30:00+00:00,611,9.000000001833541,7.089570693269939,0,0,0
2025-10-05 20:45:00+00:00,611,8.999999998195563,7.566813675317554,0,0,0
2025-10-05 21:00:00+00:00,611,6.000000001222361,7.508219493995364,0,0,0
2025-10-05 21:15:00+00:00,611,9.000000001833541,7.4314247982447075,0,0,0
2025-10-05 21:30:00+00:00,611,8.999999998195563,7.41822839015569,0,0,0
2025-10-05 21:45:00+00:00,611,9.000000001833541,7.6685874976302575,0,0,0
2025-10-05 22:00:00+00:00,611,4.999999997380655,7.907546884132364,0,0,0
2025-10-05 22:15:00+00:00,611,10.000000002037268,7.821221613512398,0,0,0
2025-10-05 22:30:00+00:00,611,7.999999997991836,8.143822330620848,0,0,0
2025-10-05 22:45:00+00:00,611,9.000000001833541,8.100984281995707,0,0,0
2025-10-05 23:00:00+00:00,611,9.99999999839929,8.047373504445368,0,0,0
2025-10-05 23:15:00+00:00,611,8.000000001629815,8.34339360351257,0,0,0
2025-10-05 23:30:00+00:00,611,6.999999997788109,8.458760140208312,0,0,0
2025-10-05 23:45:00+00:00,611,9.000000001833541,8.2907795067166,0,0,0
2025-10-06 00:00:00+00:00,611,8.999999998195563,8.313602608738774,0,0,0
2025-10-06 00:15:00+00:00,611,9.000000001833541,9.192772631911792,0,0,0
2025-10-06 00:30:00+00:00,611,9.99999999839929,9.443115473083246,0,0,0
2025-10-06 00:45:00+00:00,611,10.000000002037268,9.88738370121143,0,0,0
2025-10-06 01:00:00+00:00,611,9.99999999839929,10.210509376283978,0,0,0
2025-10-06 01:15:00+00:00,611,10.000000002037268,10.008481891622214,0,0,0
2025-10-06 01:30:00+00:00,611,9.99999999839929,10.153490068854078,0,0,0
2025-10-06 01:45:00+00:00,611,8.000000001629815,10.612982077941076,0,0,0
2025-10-06 02:00:00+00:00,611,10.999999998603016,10.79480977164632,0,0,0
2025-10-06 02:15:00+00:00,611,8.999999998195563,11.589718865939874,0,0,0
2025-10-06 02:30:00+00:00,611,12.000000002444722,11.40144380118262,0,0,0
2025-10-06 02:45:00+00:00,611,8.999999998195563,11.40267856146437,0,0,0
2025-10-06 03:00:00+00:00,611,10.000000002037268,11.180477903432998,0,0,0
2025-10-06 03:15:00+00:00,611,10.999999998603016,11.017972359693593,0,0,0
2025-10-06 03:30:00+00:00,611,14.999999999417923,10.929471101343571,0,0,0
2025-10-06 03:45:00+00:00,611,13.999999999214197,11.839979636218349,0,0,0
2025-10-06 04:00:00+00:00,611,10.000000002037268,12.82049464280382,0,0,0
2025-10-06 04:15:00+00:00,611,14.999999999417923,12.514107733011825,0,0,0
2025-10-06 04:30:00+00:00,611,13.999999999214197,13.084794711423523,0,0,0
2025-10-06 04:45:00+00:00,611,10.000000002037268,12.93137685548231,0,0,0
2025-10-06 05:00:00+00:00,611,8.999999998195563,12.538717170866756,0,0,0
2025-10-06 05:15:00+00:00,611,37.000000000261934,12.914575982498963,0,0,0
2025-10-06 05:30:00+00:00,611,39.00000000066939,38.30940492627326,0,0,0
2025-10-06 05:45:00+00:00,611,45.9999999984575,21.782256116069316,0,0,0
2025-10-06 06:00:00+00:00,611,45.00000000189175,43.69686366744679,0,0,0
2025-10-06 06:15:00+00:00,611,144.00000000023283,44.17101161563848,0,0,0
2025-10-06 06:30:00+00:00,611,147.000000000844,91.7082887397373,0,0,0
2025-10-06 06:45:00+00:00,611,94.99999999752616,71.83134545238254,0,0,0
2025-10-06 07:00:00+00:00,611,62.000000001717126,60.41378478167179,0,0,0
2025-10-06 07:15:00+00:00,611,45.9999999984575,54.241793368835886,0,0,0
2025-10-06 07:30:00+00:00,611,39.00000000066939,46.89390203144211,0,0,0
2025-10-06 07:45:00+00:00,611,40.00000000087312,44.06596087262594,0,0,0
2025-10-06 08:00:00+00:00,611,47.99999999886495,42.31618281673659,0,0,0
2025-10-06 08:15:00+00:00,611,43.000000001484295,42.98814379832898,0,0,0
2025-10-06 08:30:00+00:00,611,48.99999999906868,41.416946090541614,0,0,0
2025-10-06 08:45:00+00:00,611,46.99999999866122,41.16444870358512,0,0,0
2025-10-06 09:00:00+00:00,611,40.00000000087312,41.31244840183493,0,0,0
2025-10-06 09:15:00+00:00,611,50.99999999947613,40.04552224505747,0,0,0
2025-10-06 09:30:00+00:00,611,42.00000000128057,41.13943704441685,0,0,0
2025-10-06 09:45:00+00:00,611,42.99999999784632,40.39912209963455,0,0,0
2025-10-06 10:00:00+00:00,611,40.00000000087312,40.30753985559947,0,0,0
2025-10-06 10:15:00+00:00,611,40.00000000087312,39.401350024201165,0,0,0
2025-10-06 10:30:00+00:00,611,37.000000000261934,38.10904547705798,0,0,0
2025-10-06 10:45:00+00:00,611,33.999999999650754,35.63033001603637,0,0,0
2025-10-06 11:00:00+00:00,611,45.9999999984575,32.72938494947225,0,0,0
2025-10-06 11:15:00+00:00,611,44.00000000168802,37.545276113733735,0,0,0
2025-10-06 11:30:00+00:00,611,33.999999999650754,35.51438676495753,0,0,0
2025-10-06 11:45:00+00:00,611,34.99999999985448,36.03533434595976,0,0,0
2025-10-06 12:00:00+00:00,611,29.999999998835847,35.66595913487285,0,0,0
2025-10-06 12:15:00+00:00,611,34.99999999985448,34.76084287947999,0,0,0
2025-10-06 12:30:00+00:00,611,35.00000000349246,34.5140860187675,0,0,0
2025-10-06 12:45:00+00:00,611,35.99999999642023,33.84915577700694,0,0,0
2025-10-06 13:00:00+00:00,611,31.000000002677552,33.78950724349207,0,0,0
2025-10-06 13:15:00+00:00,611,32.99999999944703,32.83855846094647,0,0,0
2025-10-06 13:30:00+00:00,611,38.00000000046566,31.62394177747033,0,0,0
2025-10-06 13:45:00+00:00,611,36.00000000005821,34.274793912429,0,0,0
2025-10-06 14:00:00+00:00,611,37.000000000261934,33.34763459818596,0,0,0
2025-10-06 14:15:00+00:00,611,30.999999999039574,34.24067534164976,0,0,0
2025-10-06 14:30:00+00:00,611,28.99999999863212,32.48649059637165,0,0,0
2025-10-06 14:45:00+00:00,611,32.00000000288128,29.929478024693683,0,0,0
2025-10-06 15:00:00+00:00,611,36.00000000005821,30.84430969930941,0,0,0
2025-10-06 15:15:00+00:00,611,33.999999999650754,32.34108463409094,0,0,0
2025-10-06 15:30:00+00:00,611,32.99999999944703,31.71641423191213,0,0,0
2025-10-06 15:45:00+00:00,611,30.999999999039574,31.434214575471547,0,0,0
2025-10-06 16:00:00+00:00,611,30.999999999039574,30.99419924622996,0,0,0
2025-10-06 16:15:00+00:00,611,29.0000000022701,30.124848155117803,0,0,0
2025-10-06 16:30:00+00:00,611,25.99999999802094,29.2540493630286,0,0,0
2025-10-06 16:45:00+00:00,611,27.000000001862645,29.07141131167737,0,0,0
2025-10-06 17:00:00+00:00,611,32.99999999944703,30.213206713626874,0,0,0
2025-10-06 17:15:00+00:00,611,37.000000000261934,31.270637673858936,0,0,0
2025-10-06 17:30:00+00:00,611,33.999999999650754,32.83291553252114,0,0,0
2025-10-06 17:45:00+00:00,611,29.999999998835847,31.88780487403823,0,0,0
2025-10-06 18:00:00+00:00,611,29.0000000022701,31.26506572566537,0,0,0
2025-10-06 18:15:00+00:00,611,28.99999999863212,30.645937696583555,0,0,0
2025-10-06 18:30:00+00:00,611,29.999999998835847,30.523363708853985,0,0,0
2025-10-06 18:45:00+00:00,611,30.000000002473826,29.80379273680507,0,0,0
2025-10-06 19:30:00+00:00,611,26.00000000165892,28.99066686177994,0,0,0
2025-10-06 19:45:00+00:00,611,7.999999997991836,23.781086799542305,0,0,0
2025-10-06 20:00:00+00:00,611,5.000000001018634,7.2718227896109475,0,0,0
2025-10-06 20:15:00+00:00,611,2.0000000004074536,3.64984943811449,0,0,0
2025-10-06 20:30:00+00:00,611,3.0000000006111804,1.7501981016076975,0,0,0
2025-10-06 20:45:00+00:00,611,2.0000000004074536,2.005979803038162,0,0,0
2025-10-06 21:00:00+00:00,611,1.9999999967694748,2.971680643752297,0,0,0
2025-10-06 21:15:00+00:00,611,2.0000000004074536,3.964277077286141,0,0,0
2025-10-06 21:30:00+00:00,611,2.0000000004074536,3.4301789295945824,0,0,0
2025-10-06 21:45:00+00:00,611,1.0000000002037268,1.5771941379637653,0,0,0
2025-10-06 22:00:00+00:00,611,3.0000000006111804,1.7198289136959808,0,0,0
2025-10-06 22:15:00+00:00,611,2.0000000004074536,2.174244357456935,0,0,0
2025-10-06 22:30:00+00:00,611,2.0000000004074536,2.3964864206235035,0,0,0
2025-10-06 22:45:00+00:00,611,2.0000000004074536,2.45903331360212,0,0,0
2025-10-06 23:00:00+00:00,611,2.0000000004074536,2.6675540107155733,0,0,0
2025-10-06 23:15:00+00:00,611,1.9999999967694748,2.928776051159879,0,0,0
2025-10-06 23:30:00+00:00,611,2.0000000004074536,2.9217490082151194,0,0,0
2025-10-06 23:45:00+00:00,611,2.0000000004074536,2.6461401620449045,0,0,0
2025-10-07 00:00:00+00:00,611,2.0000000004074536,3.1619194949217224,0,0,0
2025-10-07 00:15:00+00:00,611,2.0000000004074536,3.210733191808597,0,0,0
2025-10-07 00:30:00+00:00,611,3.0000000006111804,3.1997371709042994,0,0,0
2025-10-07 00:45:00+00:00,611,2.0000000004074536,3.2790960275274763,0,0,0
2025-10-07 01:00:00+00:00,611,5.999999997584382,3.230944812803745,0,0,0
2025-10-07 01:15:00+00:00,611,4.000000000814907,3.849979680331362,0,0,0
2025-10-07 01:30:00+00:00,611,5.000000001018634,4.0342428832390524,0,0,0
2025-10-07 01:45:00+00:00,611,3.0000000006111804,4.042707275877053,0,0,0
2025-10-07 02:00:00+00:00,611,4.000000000814907,4.104743998439858,0,0,0
2025-10-07 06:30:00+00:00,611,130.00000000101863,4.255491223160906,0,0,0
2025-10-07 06:45:00+00:00,611,78.00000000133878,79.9695780104048,0,0,0
2025-10-07 07:00:00+00:00,611,56.000000000494765,48.14625949564976,0,0,0
2025-10-07 07:15:00+00:00,611,38.00000000046566,36.24117997558855,0,0,0
2025-10-07 07:30:00+00:00,611,25.99999999802094,30.70998552571304,0,0,0
2025-10-07 07:45:00+00:00,611,31.9999999992433,26.8515237870328,0,0,0
2025-10-07 08:00:00+00:00,611,32.99999999944703,26.775569024024698,0,0,0
2025-10-07 08:15:00+00:00,611,32.00000000288128,29.83966437143342,0,0,0
2025-10-07 08:30:00+00:00,611,32.99999999944703,28.933688959485234,0,0,0
2025-10-07 08:45:00+00:00,611,34.99999999985448,27.897833032200147,0,0,0
2025-10-07 09:00:00+00:00,611,31.9999999992433,45.45006651951881,0,0,0
2025-10-07 09:15:00+00:00,611,29.999999998835847,30.718790031961586,0,0,0
2025-10-07 09:30:00+00:00,611,31.000000002677552,28.954780439603304,0,0,0
2025-10-07 09:45:00+00:00,611,29.999999998835847,27.90098869500404,0,0,0
2025-10-07 10:00:00+00:00,611,29.999999998835847,26.92695802834129,0,0,0
2025-10-07 10:15:00+00:00,611,32.00000000288128,27.17195221329827,0,0,0
2025-10-07 10:30:00+00:00,611,30.999999999039574,28.361433022200558,0,0,0
2025-10-07 10:45:00+00:00,611,28.99999999863212,27.634982882689727,0,0,0
2025-10-07 11:00:00+00:00,611,27.000000001862645,27.83677524533377,0,0,0
2025-10-07 11:15:00+00:00,611,26.999999998224663,26.990816576852737,0,0,0
2025-10-07 11:30:00+00:00,611,29.999999998835847,26.50834471773175,0,0,0
2025-10-07 11:45:00+00:00,611,29.0000000022701,26.465100011528783,0,0,0
2025-10-07 12:00:00+00:00,611,26.999999998224663,26.10663653232096,0,0,0
2025-10-07 12:15:00+00:00,611,28.00000000206637,25.490455661612238,0,0,0
2025-10-07 12:30:00+00:00,611,23.99999999761349,24.578951185360506,0,0,0
2025-10-07 12:45:00+00:00,611,26.00000000165892,23.586786548236564,0,0,0
2025-10-07 13:00:00+00:00,611,25.00000000145519,23.230848782275714,0,0,0
2025-10-07 13:15:00+00:00,611,21.999999997206032,22.55800202654109,0,0,0
2025-10-07 13:30:00+00:00,611,30.000000002473826,21.41178514765453,0,0,0
2025-10-07 13:45:00+00:00,611,20.999999997002305,20.989871995645323,0,0,0
2025-10-07 14:00:00+00:00,611,13.000000002648449,18.761495678908087,0,0,0
2025-10-07 14:15:00+00:00,611,15.99999999962165,16.83853620879539,0,0,0
2025-10-07 14:30:00+00:00,611,23.99999999761349,16.299009182439914,0,0,0
2025-10-07 14:45:00+00:00,611,21.000000000640284,17.709638515313134,0,0,0
2025-10-07 15:00:00+00:00,611,18.000000000029104,18.015234660960623,0,0,0
2025-10-07 15:15:00+00:00,611,18.000000000029104,17.300118068143682,0,0,0
2025-10-07 15:30:00+00:00,611,18.000000000029104,17.091333043604646,0,0,0
2025-10-07 15:45:00+00:00,611,15.99999999962165,16.538899075417817,0,0,0
2025-10-07 16:00:00+00:00,611,14.000000002852175,15.979592594165808,0,0,0
2025-10-07 16:15:00+00:00,611,25.99999999802094,15.9211170829186,0,0,0
2025-10-07 16:30:00+00:00,611,24.000000001251465,19.190352693902955,0,0,0
2025-10-07 16:45:00+00:00,611,26.999999998224663,18.01243168118331,0,0,0
2025-10-07 17:00:00+00:00,611,27.000000001862645,20.546230020186982,0,0,0
2025-10-07 17:15:00+00:00,611,23.99999999761349,20.81739668685256,0,0,0
2025-10-07 17:30:00+00:00,611,19.00000000023283,20.99000730171213,0,0,0
2025-10-07 17:45:00+00:00,611,20.00000000043656,18.641953138576824,0,0,0
2025-10-07 18:00:00+00:00,611,19.00000000023283,19.117070040869848,0,0,0
2025-10-07 18:15:00+00:00,611,21.000000000640284,19.789985928392703,0,0,0
2025-10-07 18:30:00+00:00,611,23.00000000104773,19.735603980199333,0,0,0
2025-10-07 18:45:00+00:00,611,26.999999998224663,18.829145015422245,0,0,0
2025-10-07 19:00:00+00:00,611,26.00000000165892,19.06761382501001,0,0,0
2025-10-07 19:15:00+00:00,611,22.00000000084401,19.334039973384314,0,0,0
2025-10-07 19:30:00+00:00,611,18.99999999659485,18.77594902860128,0,0,0
2025-10-07 19:45:00+00:00,611,5.000000001018634,4.758439400391332,0,0,0
2025-10-07 20:00:00+00:00,611,3.0000000006111804,1.4101421625043145,0,0,0
2025-10-07 20:15:00+00:00,611,2.0000000004074536,0.6163406555772646,0,0,0
2025-10-07 20:30:00+00:00,611,0.0,0.7679884419888339,0,0,0
2025-10-07 20:45:00+00:00,611,0.0,0.8297308923407769,0,0,0
2025-10-07 21:00:00+00:00,611,1.0000000002037268,0.5266246001356798,0,0,0
2025-10-07 21:15:00+00:00,611,1.0000000002037268,0.4716326655755729,0,0,0
2025-10-07 21:30:00+00:00,611,0.0,0.489496023903154,0,0,0
2025-10-07 21:45:00+00:00,611,1.0000000002037268,0.3807897989547157,0,0,0
2025-10-07 22:00:00+00:00,611,1.0000000002037268,0.3912623406497424,0,0,0
2025-10-07 22:15:00+00:00,611,4.999999997380655,0.4873163392860284,0,0,0
2025-10-07 22:30:00+00:00,611,3.0000000006111804,1.2218996303532883,0,0,0
2025-10-07 22:45:00+00:00,611,3.0000000006111804,1.7308929573223857,0,0,0
2025-10-07 23:00:00+00:00,611,3.0000000006111804,1.7616702815667509,0,0,0
2025-10-07 23:15:00+00:00,611,1.0000000002037268,1.813422264297742,0,0,0
2025-10-07 23:30:00+00:00,611,2.0000000004074536,1.9257322147630909,0,0,0
2025-10-07 23:45:00+00:00,611,1.0000000002037268,1.998970505151345,0,0,0
2025-10-08 00:00:00+00:00,611,1.0000000002037268,2.1636993567753144,0,0,0
2025-10-08 00:15:00+00:00,611,2.0000000004074536,2.1829216907902342,0,0,0
2025-10-08 00:30:00+00:00,611,0.999999996565748,1.99266509456287,0,0,0
2025-10-08 00:45:00+00:00,611,2.0000000004074536,1.8844882638430145,0,0,0
2025-10-08 01:00:00+00:00,611,2.0000000004074536,1.8117985914961103,0,0,0
2025-10-08 01:15:00+00:00,611,1.0000000002037268,1.6221157521421825,0,0,0
2025-10-08 01:30:00+00:00,611,1.0000000002037268,1.6317483610946546,0,0,0
2025-10-08 01:45:00+00:00,611,1.0000000002037268,1.573455845757465,0,0,0
2025-10-08 02:00:00+00:00,611,1.0000000002037268,1.6226421888611071,0,0,0
2025-10-08 02:15:00+00:00,611,2.0000000004074536,1.6054620152642656,0,0,0
2025-10-08 02:30:00+00:00,611,2.0000000004074536,1.4228121338744089,0,0,0
2025-10-08 02:45:00+00:00,611,1.0000000002037268,1.5869391322831987,0,0,0
2025-10-08 03:00:00+00:00,611,2.0000000004074536,1.319546247939808,0,0,0
2025-10-08 03:15:00+00:00,611,1.0000000002037268,1.2112466805691895,0,0,0
2025-10-08 03:30:00+00:00,611,1.9999999967694748,1.1439455908171323,0,0,0
2025-10-08 03:45:00+00:00,611,1.0000000002037268,1.2482983615506384,0,0,0
2025-10-08 04:00:00+00:00,611,2.0000000004074536,1.1904435576426664,0,0,0
2025-10-08 04:15:00+00:00,611,1.0000000002037268,1.9959848991527205,0,0,0
2025-10-08 04:30:00+00:00,611,2.0000000004074536,1.428463934828713,0,0,0
2025-10-08 04:45:00+00:00,611,1.0000000002037268,1.1646422433960095,0,0,0
2025-10-08 05:00:00+00:00,611,3.0000000006111804,0.9705556721629768,0,0,0
2025-10-08 07:00:00+00:00,611,49.9999999992724,4.710823494915495,0,0,0
2025-10-08 07:15:00+00:00,611,37.000000000261934,57.77504143062582,0,0,0
2025-10-08 07:30:00+00:00,611,22.00000000084401,27.623673365761803,0,0,0
2025-10-08 07:45:00+00:00,611,27.000000001862645,21.33708288998612,0,0,0
2025-10-08 08:00:00+00:00,611,27.9999999984284,33.874645073984794,0,0,0
2025-10-08 08:15:00+00:00,611,38.00000000046566,22.95292272728933,0,0,0
2025-10-08 08:30:00+00:00,611,37.000000000261934,25.70797458185676,0,0,0
2025-10-08 08:45:00+00:00,611,34.99999999985448,24.987786969044382,0,0,0
2025-10-08 09:00:00+00:00,611,28.99999999863212,25.187299091742968,0,0,0
2025-10-08 09:15:00+00:00,611,27.000000001862645,26.649426800894098,0,0,0
2025-10-08 09:30:00+00:00,611,24.999999997817213,24.4616681824071,0,0,0
2025-10-08 09:45:00+00:00,611,29.0000000022701,23.56750580340592,0,0,0
2025-10-08 10:00:00+00:00,611,27.9999999984284,24.17321413241962,0,0,0
2025-10-08 10:15:00+00:00,611,29.999999998835847,26.13088219648809,0,0,0
2025-10-08 10:30:00+00:00,611,29.0000000022701,25.86862502766388,0,0,0
2025-10-08 10:45:00+00:00,611,25.99999999802094,25.471527599808173,0,0,0
2025-10-08 11:00:00+00:00,611,33.999999999650754,26.15644247369772,0,0,0
2025-10-08 11:15:00+00:00,611,33.000000003085006,30.76780188199547,0,0,0
2025-10-08 11:30:00+00:00,611,28.99999999863212,29.93333757479592,0,0,0
2025-10-08 11:45:00+00:00,611,16.999999999825377,27.540076397800316,0,0,0
2025-10-08 12:00:00+00:00,611,10.999999998603016,18.738038930441924,0,0,0
2025-10-08 12:15:00+00:00,611,13.000000002648449,10.80046231197804,0,0,0
2025-10-08 12:30:00+00:00,611,16.999999999825377,11.051902389232197,0,0,0
2025-10-08 12:45:00+00:00,611,18.000000000029104,15.140759305825622,0,0,0
2025-10-08 13:00:00+00:00,611,19.00000000023283,15.642082331499587,0,0,0
2025-10-08 13:15:00+00:00,611,19.99999999679858,14.511257072244874,0,0,0
2025-10-08 13:30:00+00:00,611,19.00000000023283,14.527375499874893,0,0,0
2025-10-08 13:45:00+00:00,611,16.999999999825377,16.690660725951176,0,0,0
2025-10-08 14:00:00+00:00,611,16.00000000325963,16.649801990663907,0,0,0
2025-10-08 14:15:00+00:00,611,14.999999999417923,16.239961762762807,0,0,0
2025-10-08 14:30:00+00:00,611,16.999999999825377,15.829936690508148,0,0,0
2025-10-08 14:45:00+00:00,611,19.00000000023283,15.942089153584272,0,0,0
2025-10-08 15:00:00+00:00,611,21.999999997206032,16.118433624385652,0,0,0
2025-10-08 15:15:00+00:00,611,17.000000003463356,15.891925723227736,0,0,0
2025-10-08 15:30:00+00:00,611,16.999999999825377,15.347240800030653,0,0,0
2025-10-08 15:45:00+00:00,611,15.99999999962165,15.378810736863064,0,0,0
2025-10-08 16:00:00+00:00,611,18.000000000029104,15.788879802073868,0,0,0
2025-10-08 16:15:00+00:00,611,22.99999999740976,16.274216378986253,0,0,0
2025-10-08 16:30:00+00:00,611,30.000000002473826,17.60542659597704,0,0,0
2025-10-08 16:45:00+00:00,611,27.9999999984284,19.72938729490056,0,0,0
2025-10-08 17:00:00+00:00,611,23.00000000104773,20.426493762973195,0,0,0
2025-10-08 17:15:00+00:00,611,18.000000000029104,18.854915275817504,0,0,0
2025-10-08 17:30:00+00:00,611,15.99999999962165,18.418404595519327,0,0,0
2025-10-08 17:45:00+00:00,611,16.999999999825377,18.041151687772604,0,0,0
2025-10-08 18:00:00+00:00,611,19.00000000023283,18.855359271954747,0,0,0
2025-10-08 18:15:00+00:00,611,23.00000000104773,19.272829874770608,0,0,0
2025-10-08 18:30:00+00:00,611,31.9999999992433,20.4073246641321,0,0,0
2025-10-08 18:45:00+00:00,611,27.9999999984284,21.206006801370425,0,0,0
2025-10-08 19:00:00+00:00,611,28.00000000206637,20.99218846508408,0,0,0
2025-10-08 19:15:00+00:00,611,21.999999997206032,20.56164603927349,0,0,0
2025-10-08 19:30:00+00:00,611,18.000000000029104,19.186485010649164,0,0,0
2025-10-08 19:45:00+00:00,611,7.000000001426088,6.126012568302217,0,0,0
2025-10-08 20:00:00+00:00,611,3.0000000006111804,2.3575966473903023,0,0,0
2025-10-08 20:15:00+00:00,611,2.0000000004074536,0.8688232549854717,0,0,0
2025-10-08 20:30:00+00:00,611,1.0000000002037268,1.0969862524851235,0,0,0
2025-10-08 20:45:00+00:00,611,0.0,1.1811037421462274,0,0,0
2025-10-08 21:00:00+00:00,611,3.0000000006111804,0.9453517748670102,0,0,0
2025-10-08 21:15:00+00:00,611,1.9999999967694748,0.8084782279464058,0,0,0
2025-10-08 21:30:00+00:00,611,2.0000000004074536,1.0062883038374544,0,0,0
2025-10-08 21:45:00+00:00,611,2.0000000004074536,1.034458583319278,0,0,0
2025-10-08 22:00:00+00:00,611,2.0000000004074536,1.5495148050849856,0,0,0
2025-10-08 22:15:00+00:00,611,2.0000000004074536,2.003087358593728,0,0,0
2025-10-08 22:30:00+00:00,611,1.0000000002037268,2.1666997503222234,0,0,0
2025-10-08 22:45:00+00:00,611,2.0000000004074536,1.99549395254968,0,0,0
2025-10-08 23:00:00+00:00,611,2.0000000004074536,1.9126289682282651,0,0,0
2025-10-08 23:15:00+00:00,611,0.0,1.679670368819977,0,0,0
2025-10-08 23:30:00+00:00,611,2.0000000004074536,1.6111138162185732,0,0,0
2025-10-08 23:45:00+00:00,611,1.0000000002037268,1.7104950132188534,0,0,0
2025-10-09 00:00:00+00:00,611,1.9999999967694748,1.8935116258061664,0,0,0
2025-10-09 00:15:00+00:00,611,2.0000000004074536,1.9645480502548691,0,0,0
2025-10-09 00:30:00+00:00,611,0.0,2.186748708286242,0,0,0
2025-10-09 00:45:00+00:00,611,2.0000000004074536,1.957121743506434,0,0,0
2025-10-09 01:00:00+00:00,611,2.0000000004074536,1.946591530373098,0,0,0
2025-10-09 01:15:00+00:00,611,1.0000000002037268,1.7713502106737344,0,0,0
2025-10-09 01:30:00+00:00,611,2.0000000004074536,1.8989978062196864,0,0,0
2025-10-09 01:45:00+00:00,611,1.0000000002037268,2.0072899798161608,0,0,0
2025-10-09 02:00:00+00:00,611,2.0000000004074536,2.214862795084585,0,0,0
2025-10-09 02:15:00+00:00,611,2.0000000004074536,2.1690480129897907,0,0,0
2025-10-09 02:30:00+00:00,611,2.0000000004074536,2.187964244755221,0,0,0
2025-10-09 02:45:00+00:00,611,1.9999999967694748,2.4104355149201986,0,0,0
2025-10-09 03:00:00+00:00,611,3.0000000006111804,2.3746659143750115,0,0,0
2025-10-09 03:15:00+00:00,611,2.0000000004074536,2.423426376088063,0,0,0
2025-10-09 03:30:00+00:00,611,3.0000000006111804,2.474310329734756,0,0,0
2025-10-09 03:45:00+00:00,611,3.0000000006111804,2.5000081311434244,0,0,0
2025-10-09 04:00:00+00:00,611,2.0000000004074536,2.756418303375977,0,0,0
2025-10-09 04:15:00+00:00,611,3.0000000006111804,2.883940204761512,0,0,0
2025-10-09 04:30:00+00:00,611,3.999999997176928,2.898414257022303,0,0,0
2025-10-09 04:45:00+00:00,611,3.0000000006111804,3.009155248614679,0,0,0
2025-10-09 05:00:00+00:00,611,3.0000000006111804,3.0410874803800567,0,0,0
2025-10-09 05:15:00+00:00,611,4.000000000814907,3.734219794851256,0,0,0
2025-10-09 05:30:00+00:00,611,4.999999997380655,4.4895248773294725,1,0,1
2025-10-09 05:45:00+00:00,611,10.000000002037268,3.894293526275288,1,0,1
2025-10-09 06:00:00+00:00,611,13.999999999214197,35.83660744207507,1,0,1
2025-10-09 06:15:00+00:00,611,125.0,61.81245616362481,1,0,1
2025-10-09 06:30:00+00:00,611,126.00000000020373,93.96523533913744,0,0,0
2025-10-09 06:45:00+00:00,611,73.00000000032014,60.30453141743683,0,0,0
2025-10-09 07:00:00+00:00,611,52.99999999988359,38.18155769882547,0,0,0
2025-10-09 07:15:00+00:00,611,39.00000000066939,32.71908098582766,0,0,0
2025-10-09 07:30:00+00:00,611,24.999999997817213,30.09743499810814,0,0,0
2025-10-09 07:45:00+00:00,611,31.000000002677552,27.520760902231203,0,0,0
2025-10-09 08:00:00+00:00,611,32.99999999944703,26.861888379625352,0,0,0
2025-10-09 08:15:00+00:00,611,31.9999999992433,27.276982253743203,0,0,0
2025-10-09 08:30:00+00:00,611,33.999999999650754,25.681456071518305,0,0,0
2025-10-09 08:45:00+00:00,611,32.99999999944703,27.673885964716384,0,0,0
2025-10-09 09:00:00+00:00,611,30.000000002473826,28.334649814747813,0,0,0
2025-10-09 09:15:00+00:00,611,27.9999999984284,27.320132319637143,0,0,0
2025-10-09 09:30:00+00:00,611,30.999999999039574,25.67260276636042,0,0,0
2025-10-09 09:45:00+00:00,611,32.99999999944703,28.732377192160435,0,0,0
2025-10-09 10:00:00+00:00,611,33.000000003085006,27.688617320317327,0,0,0
2025-10-09 10:15:00+00:00,611,29.999999998835847,28.036869997434763,0,0,0
2025-10-09 10:30:00+00:00,611,25.00000000145519,27.32047539075734,0,0,0
2025-10-09 10:45:00+00:00,611,20.999999997002305,25.739750065610323,0,0,0
2025-10-09 11:00:00+00:00,611,22.00000000084401,23.74940225921069,0,0,0
2025-10-09 11:15:00+00:00,611,24.000000001251465,21.754032601413662,0,0,0
2025-10-09 11:30:00+00:00,611,23.99999999761349,20.486970399191996,0,0,0
2025-10-09 11:45:00+00:00,611,20.00000000043656,21.40063163936101,0,0,0
2025-10-09 12:00:00+00:00,611,15.99999999962165,20.318939488036115,0,0,0
2025-10-09 12:15:00+00:00,611,18.000000000029104,19.08312485409425,0,0,0
2025-10-09 12:30:00+00:00,611,20.00000000043656,17.476760508042997,0,0,0
2025-10-09 12:45:00+00:00,611,20.00000000043656,17.663684360575758,0,0,0
2025-10-09 13:00:00+00:00,611,25.00000000145519,18.234009044054496,0,0,0
2025-10-09 13:15:00+00:00,611,19.00000000023283,20.85886392975173,0,0,0
2025-10-09 13:30:00+00:00,611,24.999999997817213,19.8467656775404,0,0,0
2025-10-09 13:45:00+00:00,611,27.000000001862645,21.9929099170228,0,0,0
2025-10-09 14:00:00+00:00,611,24.999999997817213,22.251543397139912,0,0,0
2025-10-09 14:15:00+00:00,611,23.00000000104773,22.497880291481117,0,0,0
2025-10-09 14:30:00+00:00,611,20.00000000043656,21.332075826137014,0,0,0
2025-10-09 14:45:00+00:00,611,21.000000000640284,20.680429978377767,0,0,0
2025-10-09 15:00:00+00:00,611,20.00000000043656,21.184709034953787,0,0,0
2025-10-09 15:15:00+00:00,611,21.000000000640284,19.653916824098776,0,0,0
2025-10-09 15:30:00+00:00,611,20.999999997002305,20.644943559382224,0,0,0
2025-10-09 15:45:00+00:00,611,20.00000000043656,20.30994791930177,0,0,0
2025-10-09 16:00:00+00:00,611,22.00000000084401,20.279410892717028,0,0,0
2025-10-09 16:15:00+00:00,611,23.00000000104773,20.75057767117457,0,0,0
2025-10-09 16:30:00+00:00,611,24.999999997817213,21.48328590111937,0,0,0
2025-10-09 16:45:00+00:00,611,24.000000001251465,22.325025682074852,0,0,0
2025-10-09 17:00:00+00:00,611,25.00000000145519,22.083686979053788,0,0,0
2025-10-09 17:15:00+00:00,611,21.999999997206032,22.162330118339995,0,0,0
2025-10-09 17:30:00+00:00,611,21.000000000640284,21.92805099086991,0,0,0
2025-10-09 17:45:00+00:00,611,20.00000000043656,21.19496419968904,0,0,0
2025-10-09 18:00:00+00:00,611,21.000000000640284,21.21738729853012,0,0,0
2025-10-09 18:15:00+00:00,611,24.999999997817213,21.10736054551988,0,0,0
2025-10-09 18:30:00+00:00,611,25.00000000145519,22.40510764980914,0,0,0
2025-10-09 18:45:00+00:00,611,28.99999999863212,21.67992480318629,0,0,0
2025-10-09 19:00:00+00:00,611,27.000000001862645,23.0204012676208,0,0,0
2025-10-09 19:15:00+00:00,611,25.99999999802094,21.90475912356712,0,0,0
2025-10-09 19:30:00+00:00,611,24.000000001251465,22.47792597382612,0,0,0
2025-10-09 19:45:00+00:00,611,7.000000001426088,8.176467322213536,0,0,0
2025-10-09 20:00:00+00:00,611,4.999999997380655,2.508428161136574,0,0,0
2025-10-09 20:15:00+00:00,611,2.0000000004074536,0.6739559012030263,0,0,0
2025-10-09 20:30:00+00:00,611,2.0000000004074536,0.6975124656201075,0,0,0
2025-10-09 20:45:00+00:00,611,2.0000000004074536,0.998773271799312,0,0,0
2025-10-09 21:00:00+00:00,611,2.0000000004074536,1.007163726695893,0,0,0
2025-10-09 21:15:00+00:00,611,2.0000000004074536,0.9919088918856822,0,0,0
2025-10-09 21:30:00+00:00,611,2.0000000004074536,1.3611865051539098,0,0,0
2025-10-09 22:00:00+00:00,611,2.0000000004074536,0.9004686083141351,0,0,0
2025-10-09 22:15:00+00:00,611,1.9999999967694748,0.9478952331719306,0,0,0
2025-10-09 22:30:00+00:00,611,2.0000000004074536,0.9313109977709536,0,0,0
2025-10-09 22:45:00+00:00,611,3.0000000006111804,1.264940268389925,0,0,0
2025-10-09 23:00:00+00:00,611,2.0000000004074536,1.6226688064480186,0,0,0
2025-10-09 23:15:00+00:00,611,2.0000000004074536,1.3272638693894478,0,0,0
2025-10-09 23:30:00+00:00,611,2.0000000004074536,1.31974292233199,0,0,0
2025-10-09 23:45:00+00:00,611,2.0000000004074536,1.6883698834757013,0,0,0
2025-10-10 00:00:00+00:00,611,2.0000000004074536,1.584948728284118,0,0,0
2025-10-10 00:15:00+00:00,611,2.9999999969732016,1.6439155558230745,0,0,0
2025-10-10 00:30:00+00:00,611,1.0000000002037268,1.926860504697192,0,0,0
2025-10-10 00:45:00+00:00,611,2.0000000004074536,1.9295429659559888,0,0,0
2025-10-10 01:00:00+00:00,611,3.0000000006111804,2.0081121675007765,0,0,0
2025-10-10 01:15:00+00:00,611,2.0000000004074536,1.946492453799593,0,0,0
2025-10-10 01:30:00+00:00,611,2.0000000004074536,1.8491504597077293,0,0,0
2025-10-10 01:45:00+00:00,611,2.0000000004074536,2.0495853254192617,0,0,0
2025-10-10 02:00:00+00:00,611,3.0000000006111804,2.0925963883593326,0,0,0
2025-10-10 02:15:00+00:00,611,2.0000000004074536,2.2014771063775243,0,0,0
2025-10-10 02:30:00+00:00,611,2.9999999969732016,1.980423962093024,0,0,0
2025-10-10 02:45:00+00:00,611,3.0000000006111804,2.410781543550055,0,0,0
2025-10-10 03:00:00+00:00,611,3.0000000006111804,2.580227623076752,0,0,0
2025-10-10 03:15:00+00:00,611,3.0000000006111804,2.518782402445325,0,0,0
2025-10-10 03:30:00+00:00,611,6.000000001222361,2.432375800309796,0,0,0
2025-10-10 03:45:00+00:00,611,3.999999997176928,3.050829517189836,0,0,0
2025-10-10 04:00:00+00:00,611,5.000000001018634,3.000853519007805,0,0,0
2025-10-10 04:15:00+00:00,611,4.000000000814907,3.2403008946032976,0,0,0
2025-10-10 04:30:00+00:00,611,4.000000000814907,3.221167285878085,0,0,0
2025-10-10 04:45:00+00:00,611,4.999999997380655,3.1673199075551928,0,0,0
2025-10-10 05:00:00+00:00,611,4.000000000814907,3.2418195758121087,0,0,0
2025-10-10 05:15:00+00:00,611,5.000000001018634,3.8470798421127874,0,0,0
2025-10-10 05:30:00+00:00,611,6.999999997788109,3.953331334046013,0,0,0
2025-10-10 05:45:00+00:00,611,5.000000001018634,4.51712139993786,0,0,0
2025-10-10 06:00:00+00:00,611,11.999999998806745,7.253563124989345,0,0,0
2025-10-10 06:15:00+00:00,611,122.0000000030268,71.78346928605689,0,0,0
2025-10-10 06:30:00+00:00,611,122.99999999959256,99.69066645386108,0,0,0
2025-10-10 06:45:00+00:00,611,68.99999999950523,62.71737722338032,0,0,0
2025-10-10 07:00:00+00:00,611,44.99999999825377,38.133829407982674,0,0,0
2025-10-10 07:15:00+00:00,611,37.000000000261934,31.99354619555564,0,0,0
2025-10-10 07:30:00+00:00,611,18.000000000029104,27.678424263284874,0,0,0
2025-10-10 07:45:00+00:00,611,26.00000000165892,25.340193468474915,0,0,0
2025-10-10 08:00:00+00:00,611,29.999999998835847,24.858208119692485,0,0,0
2025-10-10 08:15:00+00:00,611,30.999999999039574,25.12010003607407,0,0,0
2025-10-10 08:30:00+00:00,611,31.000000002677552,24.11127278954325,0,0,0
2025-10-10 08:45:00+00:00,611,27.9999999984284,25.06088921398842,0,0,0
2025-10-10 09:00:00+00:00,611,26.00000000165892,25.93806143938821,0,0,0
2025-10-10 09:15:00+00:00,611,24.999999997817213,25.413093124007453,0,0,0
2025-10-10 09:30:00+00:00,611,26.00000000165892,23.214847176277143,0,0,0
2025-10-10 09:45:00+00:00,611,32.99999999944703,26.13090289905569,0,0,0
2025-10-10 10:00:00+00:00,611,25.99999999802094,25.79953612332424,0,0,0
2025-10-10 10:15:00+00:00,611,20.00000000043656,24.423949582998027,0,0,0
2025-10-10 10:30:00+00:00,611,18.000000000029104,19.51697229694641,0,0,0
2025-10-10 10:45:00+00:00,611,15.99999999962165,18.37018905496056,0,0,0
2025-10-10 11:00:00+00:00,611,16.00000000325963,17.666503606656185,0,0,0
2025-10-10 11:15:00+00:00,611,16.999999999825377,16.714760363079005,0,0,0
2025-10-10 11:30:00+00:00,611,16.999999999825377,16.232096635519028,0,0,0
2025-10-10 11:45:00+00:00,611,19.00000000023283,18.42143826104988,0,0,0
2025-10-10 12:00:00+00:00,611,19.99999999679858,17.851295094726336,0,0,0
2025-10-10 12:15:00+00:00,611,18.000000000029104,17.72385859143214,0,0,0
2025-10-10 12:30:00+00:00,611,14.000000002852175,16.744641931586045,0,0,0
2025-10-10 12:45:00+00:00,611,15.99999999962165,14.476348846387255,0,0,0
2025-10-10 13:00:00+00:00,611,15.99999999962165,13.72377872096424,0,0,0
2025-10-10 13:15:00+00:00,611,18.000000000029104,13.962699659840808,0,0,0
2025-10-10 13:30:00+00:00,611,20.00000000043656,14.020009542594495,0,0,0
2025-10-10 13:45:00+00:00,611,12.99999999901047,15.238147880694576,0,0,0
2025-10-10 14:00:00+00:00,611,12.99999999901047,14.831720249248812,0,0,0
2025-10-10 14:15:00+00:00,611,13.000000002648449,14.038405992037733,0,0,0
2025-10-10 14:30:00+00:00,611,13.999999999214197,13.227356288791732,0,0,0
2025-10-10 14:45:00+00:00,611,15.99999999962165,13.094609207219897,0,0,0
2025-10-10 15:00:00+00:00,611,6.000000001222361,13.86143970483099,0,0,0
2025-10-10 15:15:00+00:00,611,0.999999996565748,11.44584045739694,0,0,0
2025-10-10 15:30:00+00:00,611,1.0000000002037268,2.96799558671982,0,0,0
2025-10-10 15:45:00+00:00,611,0.0,1.2323780870676302,0,0,0
2025-10-10 16:00:00+00:00,611,0.0,0.8533968846151652,0,0,0
2025-10-10 16:15:00+00:00,611,0.0,0.5864964256296439,0,0,0
2025-10-10 16:30:00+00:00,611,0.0,0.4783077648711611,0,0,0
2025-10-10 16:45:00+00:00,611,10.000000002037268,0.4146059643715318,0,0,0
2025-10-10 17:00:00+00:00,611,40.00000000087312,1.705961150914849,0,0,0
2025-10-10 17:15:00+00:00,611,40.99999999743886,35.18707325621084,0,0,0
2025-10-10 17:30:00+00:00,611,28.00000000206637,20.334497467586157,0,0,0
2025-10-10 17:45:00+00:00,611,19.00000000023283,15.897084729135464,0,0,0
2025-10-10 18:00:00+00:00,611,10.999999998603016,14.243471578494532,0,0,0
2025-10-10 18:15:00+00:00,611,10.999999998603016,11.99833135764466,0,0,0
2025-10-10 18:30:00+00:00,611,15.000000003055902,13.983436238800053,0,0,0
2025-10-10 18:45:00+00:00,611,19.99999999679858,15.456855719821167,0,0,0
2025-10-10 19:00:00+00:00,611,23.00000000104773,16.269783072010583,0,0,0
2025-10-10 19:15:00+00:00,611,23.00000000104773,19.60111492543959,0,0,0
2025-10-10 19:30:00+00:00,611,20.00000000043656,20.787062249679312,0,0,0
2025-10-10 19:45:00+00:00,611,3.0000000006111804,14.79978210246412,0,0,0
2025-10-10 20:00:00+00:00,611,2.9999999969732016,1.9308324401663877,0,0,0
2025-10-10 20:15:00+00:00,611,2.0000000004074536,0.8941750277642839,0,0,0
2025-10-10 20:30:00+00:00,611,2.0000000004074536,1.1690430177654534,0,0,0
2025-10-10 20:45:00+00:00,611,1.0000000002037268,2.206717813489526,0,0,0
2025-10-10 21:00:00+00:00,611,1.0000000002037268,1.828425710787116,0,0,0
2025-10-10 21:15:00+00:00,611,2.0000000004074536,1.5473469505064903,0,0,0
2025-10-10 21:30:00+00:00,611,1.0000000002037268,1.9801341261466483,0,0,0
2025-10-10 21:45:00+00:00,611,2.0000000004074536,1.7223457544139895,0,0,0
2025-10-10 22:00:00+00:00,611,1.0000000002037268,1.876159916649225,0,0,0
2025-10-10 22:15:00+00:00,611,2.0000000004074536,1.7744334144910354,0,0,0
2025-10-10 22:30:00+00:00,611,1.0000000002037268,1.790046107969726,0,0,0
2025-10-10 22:45:00+00:00,611,2.0000000004074536,1.7900993431435523,0,0,0
2025-10-10 23:00:00+00:00,611,1.9999999967694748,1.6549441093335986,0,0,0
2025-10-10 23:15:00+00:00,611,2.0000000004074536,1.561560741917475,0,0,0
2025-10-10 23:30:00+00:00,611,2.0000000004074536,1.920078935053958,0,0,0
2025-10-10 23:45:00+00:00,611,2.0000000004074536,1.9571483610933456,0,0,0
2025-10-11 00:00:00+00:00,611,2.0000000004074536,2.045113570818053,0,0,0
2025-10-11 00:15:00+00:00,611,2.0000000004074536,1.8819625505960325,0,0,0
2025-10-11 00:30:00+00:00,611,2.0000000004074536,1.862808239303224,0,0,0
2025-10-11 00:45:00+00:00,611,1.0000000002037268,1.8263244001758991,0,0,0
2025-10-11 01:00:00+00:00,611,2.0000000004074536,1.661832149324482,0,0,0
2025-10-11 01:15:00+00:00,611,1.9999999967694748,1.616120880067676,0,0,0
2025-10-11 01:30:00+00:00,611,2.0000000004074536,1.62953910138096,0,0,0
2025-10-11 01:45:00+00:00,611,2.0000000004074536,1.6141837112424184,0,0,0
2025-10-11 02:00:00+00:00,611,2.0000000004074536,1.6855380679792376,0,0,0
2025-10-11 03:45:00+00:00,611,1.0000000002037268,1.6583186278521005,0,0,0
2025-10-11 04:00:00+00:00,611,2.0000000004074536,1.5675644865209506,0,0,0
2025-10-11 04:15:00+00:00,611,1.0000000002037268,1.5613389286932104,0,0,0
2025-10-11 04:30:00+00:00,611,3.0000000006111804,1.571903153187602,0,0,0
2025-10-11 04:45:00+00:00,611,2.0000000004074536,1.7481588986992769,0,0,0
2025-10-11 05:00:00+00:00,611,1.0000000002037268,1.7979130836570398,0,0,0
2025-10-11 05:15:00+00:00,611,2.0000000004074536,1.7626388659793797,0,0,0
2025-10-11 05:30:00+00:00,611,2.0000000004074536,1.743559971182819,0,0,0
2025-10-11 05:45:00+00:00,611,2.0000000004074536,1.6833081056979466,0,0,0
2025-10-11 06:00:00+00:00,611,1.9999999967694748,1.7675157994035828,0,0,0
2025-10-11 06:15:00+00:00,611,39.00000000066939,2.669642012533334,0,0,0
2025-10-11 06:30:00+00:00,611,34.99999999985448,44.39148508803022,0,0,0
2025-10-11 06:45:00+00:00,611,42.00000000128057,15.527314690509364,0,0,0
2025-10-11 07:00:00+00:00,611,25.99999999802094,34.78700500990479,0,0,0
2025-10-11 07:15:00+00:00,611,18.000000000029104,18.84551335261827,0,0,0
2025-10-11 07:30:00+00:00,611,11.000000002240997,11.084424644174126,0,0,0
2025-10-11 07:45:00+00:00,611,9.99999999839929,10.172812958197332,0,0,0
2025-10-11 08:00:00+00:00,611,13.000000002648449,10.944588411954737,0,0,0
2025-10-11 08:15:00+00:00,611,11.999999998806745,13.998777580767726,0,0,0
2025-10-11 08:30:00+00:00,611,11.999999998806745,9.714087683488884,0,0,0
2025-10-11 08:45:00+00:00,611,10.000000002037268,11.745584800499577,0,0,0
2025-10-11 09:00:00+00:00,611,10.999999998603016,10.616091899345289,0,0,0
2025-10-11 09:15:00+00:00,611,10.999999998603016,10.11196959078108,0,0,0
2025-10-11 09:30:00+00:00,611,10.000000002037268,7.831985469908627,0,0,0
2025-10-11 09:45:00+00:00,611,9.99999999839929,7.994451826645079,0,0,0
2025-10-11 10:00:00+00:00,611,11.000000002240997,8.806662352431408,0,0,0
2025-10-11 10:15:00+00:00,611,8.999999998195563,9.636683740748907,0,0,0
2025-10-11 10:30:00+00:00,611,9.000000001833541,7.729893715307812,0,0,0
2025-10-11 10:45:00+00:00,611,9.99999999839929,8.044952782791206,0,0,0
2025-10-11 11:00:00+00:00,611,8.000000001629815,8.205742231552206,0,0,0
2025-10-11 11:15:00+00:00,611,7.999999997991836,7.484874391518748,0,0,0
2025-10-11 11:30:00+00:00,611,7.000000001426088,6.356443975708697,0,0,0
2025-10-11 11:45:00+00:00,611,6.000000001222361,6.253886413336922,0,0,0
2025-10-11 12:00:00+00:00,611,6.999999997788109,6.238247102271318,0,0,0
2025-10-11 12:15:00+00:00,611,5.000000001018634,6.538990344260565,0,0,0
2025-10-11 12:30:00+00:00,611,5.999999997584382,5.557608787345629,0,0,0
2025-10-11 12:45:00+00:00,611,5.000000001018634,5.8235391831636925,0,0,0
2025-10-11 13:00:00+00:00,611,6.000000001222361,5.111932784620766,0,0,0
2025-10-11 13:15:00+00:00,611,5.000000001018634,5.460547756671172,0,0,0
2025-10-11 13:30:00+00:00,611,7.999999997991836,4.275472158402817,0,0,0
2025-10-11 13:45:00+00:00,611,7.000000001426088,6.006289619881883,0,0,0
2025-10-11 14:00:00+00:00,611,7.999999997991836,6.366401910723427,0,0,0
2025-10-11 14:15:00+00:00,611,6.000000001222361,6.500791149532248,0,0,0
2025-10-11 14:30:00+00:00,611,5.000000001018634,6.203389893455279,0,0,0
2025-10-11 14:45:00+00:00,611,5.999999997584382,5.754365989798824,0,0,0
2025-10-11 15:00:00+00:00,611,5.000000001018634,5.737858649648924,0,0,0
2025-10-11 15:15:00+00:00,611,5.000000001018634,5.3334872267921085,0,0,0
2025-10-11 15:30:00+00:00,611,5.000000001018634,4.79451214567635,0,0,0
2025-10-11 15:45:00+00:00,611,4.999999997380655,4.349368494689728,0,0,0
2025-10-11 16:00:00+00:00,611,5.000000001018634,4.371474400620109,0,0,0
2025-10-11 16:15:00+00:00,611,5.000000001018634,4.2529063597207895,0,0,0
2025-10-11 16:30:00+00:00,611,6.999999997788109,4.020761075468144,0,0,0
2025-10-11 16:45:00+00:00,611,20.00000000043656,4.51073317907899,0,0,0
2025-10-11 17:00:00+00:00,611,5.000000001018634,16.465983892959578,0,0,0
2025-10-11 17:15:00+00:00,611,5.000000001018634,4.910967045925823,0,0,0
2025-10-11 17:30:00+00:00,611,4.999999997380655,4.732960454697274,0,0,0
2025-10-11 17:45:00+00:00,611,5.000000001018634,4.087708742816204,0,0,0
2025-10-11 18:00:00+00:00,611,5.000000001018634,4.524713327227083,0,0,0
2025-10-11 18:15:00+00:00,611,5.999999997584382,4.5960455026414735,0,0,0
2025-10-11 19:30:00+00:00,611,6.000000001222361,5.237135998435306,0,0,0
2025-10-11 19:45:00+00:00,611,3.0000000006111804,5.6728259698036965,0,0,0
2025-10-11 20:00:00+00:00,611,1.0000000002037268,3.966444931864636,0,0,0
2025-10-11 20:15:00+00:00,611,1.9999999967694748,2.4109604728842946,0,0,0
2025-10-11 20:30:00+00:00,611,2.0000000004074536,2.278580861887328,0,0,0
2025-10-11 20:45:00+00:00,611,1.0000000002037268,2.2214935317353195,0,0,0
2025-10-11 21:00:00+00:00,611,2.0000000004074536,1.816989020943943,0,0,0
2025-10-11 21:15:00+00:00,611,2.0000000004074536,1.811544245665619,0,0,0
2025-10-11 21:30:00+00:00,611,1.0000000002037268,1.8353403683649103,0,0,0
2025-10-11 21:45:00+00:00,611,2.0000000004074536,1.5409823897248742,0,0,0
2025-10-11 22:00:00+00:00,611,1.0000000002037268,1.2166145605964367,0,0,0
2025-10-11 22:15:00+00:00,611,2.0000000004074536,1.5047943015632406,0,0,0
2025-10-11 22:30:00+00:00,611,2.0000000004074536,1.4968016317155095,0,0,0
2025-10-11 22:45:00+00:00,611,2.0000000004074536,1.4657019389185422,0,0,0
2025-10-11 23:00:00+00:00,611,0.999999996565748,1.5056401493251066,0,0,0
2025-10-11 23:15:00+00:00,611,2.0000000004074536,1.2921404847042908,0,0,0
2025-10-11 23:30:00+00:00,611,2.0000000004074536,1.1611316794332858,0,0,0
2025-10-11 23:45:00+00:00,611,1.0000000002037268,1.2288911831821636,0,0,0
2025-10-12 00:00:00+00:00,611,2.0000000004074536,0.906194347009862,0,0,0
2025-10-12 00:15:00+00:00,611,3.0000000006111804,1.1814941334209337,0,0,0
2025-10-12 00:30:00+00:00,611,1.0000000002037268,1.4863985914974194,0,0,0
2025-10-12 00:45:00+00:00,611,3.0000000006111804,1.1179875285586611,0,0,0
2025-10-12 01:00:00+00:00,611,1.0000000002037268,1.5201940543466357,0,0,0
2025-10-12 01:15:00+00:00,611,2.9999999969732016,1.4281593113340527,0,0,0
2025-10-12 01:30:00+00:00,611,2.0000000004074536,1.509709682612982,0,0,0
2025-10-12 01:45:00+00:00,611,3.0000000006111804,1.5273260888842124,0,0,0
2025-10-12 02:00:00+00:00,611,2.0000000004074536,1.9793977062420856,0,0,0
2025-10-12 02:15:00+00:00,611,3.0000000006111804,2.023310809627503,0,0,0
2025-10-12 02:30:00+00:00,611,3.0000000006111804,2.1364163301905563,0,0,0
2025-10-12 02:45:00+00:00,611,3.0000000006111804,2.262301249981008,0,0,0
2025-10-12 03:00:00+00:00,611,4.999999997380655,2.323072158410664,0,0,0
2025-10-12 03:15:00+00:00,611,4.000000000814907,3.160056263837884,0,0,0
2025-10-12 03:30:00+00:00,611,4.000000000814907,2.9178303079197505,0,0,0
2025-10-12 03:45:00+00:00,611,4.000000000814907,2.991954372450241,0,0,0
2025-10-12 04:00:00+00:00,611,3.999999997176928,3.0579689455015533,0,0,0
2025-10-12 04:15:00+00:00,611,4.000000000814907,3.292567484014583,0,0,0
2025-10-12 06:45:00+00:00,611,6.999999997788109,3.459669737138203,0,0,0
2025-10-12 07:00:00+00:00,611,3.0000000006111804,5.773412351989158,0,0,0
2025-10-12 07:15:00+00:00,611,4.000000000814907,4.515429704414121,0,0,0
2025-10-12 07:30:00+00:00,611,3.0000000006111804,4.274800803710704,0,0,0
2025-10-12 07:45:00+00:00,611,4.000000000814907,3.4390588523393752,0,0,0
2025-10-12 08:00:00+00:00,611,4.999999997380655,4.315089479011611,0,0,0
2025-10-12 08:15:00+00:00,611,4.000000000814907,4.667454573306944,0,0,0
2025-10-12 08:30:00+00:00,611,5.000000001018634,5.576270673280568,0,0,0
2025-10-12 08:45:00+00:00,611,4.999999997380655,4.666868986394881,0,0,0
2025-10-12 09:00:00+00:00,611,4.000000000814907,4.419624136589011,0,0,0
2025-10-12 09:15:00+00:00,611,3.0000000006111804,4.073909002757183,0,0,0
2025-10-12 09:30:00+00:00,611,4.000000000814907,3.499640480150994,0,0,0
2025-10-12 09:45:00+00:00,611,4.000000000814907,3.183364397443789,0,0,0
2025-10-12 10:00:00+00:00,611,2.9999999969732016,3.145413633526651,0,0,0
2025-10-12 10:15:00+00:00,611,3.0000000006111804,3.0741938434792218,0,0,0
2025-10-12 10:30:00+00:00,611,3.0000000006111804,2.8990501215985347,0,0,0
2025-10-12 10:45:00+00:00,611,2.0000000004074536,2.785505410851432,0,0,0
2025-10-12 11:00:00+00:00,611,3.0000000006111804,2.371646297015332,0,0,0
2025-10-12 11:15:00+00:00,611,9.99999999839929,2.154310742369536,0,0,0
2025-10-12 11:30:00+00:00,611,9.000000001833541,10.466020465580838,0,0,0
2025-10-12 11:45:00+00:00,611,3.0000000006111804,6.175630707815763,0,0,0
2025-10-12 12:00:00+00:00,611,1.9999999967694748,3.885790686011745,0,0,0
2025-10-12 12:15:00+00:00,611,7.000000001426088,2.782571561271805,0,0,0
2025-10-12 12:30:00+00:00,611,4.000000000814907,2.8042530645664208,0,0,0
2025-10-12 12:45:00+00:00,611,4.000000000814907,2.728381111828714,0,0,0
2025-10-12 13:00:00+00:00,611,2.9999999969732016,2.6036126519337373,0,0,0
2025-10-12 13:15:00+00:00,611,1.0000000002037268,2.535690485153733,0,0,0
2025-10-12 13:30:00+00:00,611,3.0000000006111804,2.3464808473449037,0,0,0
2025-10-12 13:45:00+00:00,611,3.0000000006111804,1.8475016480740187,0,0,0
2025-10-12 14:00:00+00:00,611,3.0000000006111804,1.9773481520498637,0,0,0
2025-10-12 14:15:00+00:00,611,1.0000000002037268,2.18350432019264,0,0,0
2025-10-12 14:30:00+00:00,611,3.0000000006111804,2.2277738034917114,0,0,0
2025-10-12 14:45:00+00:00,611,2.0000000004074536,2.1823035712719445,0,0,0
2025-10-12 15:00:00+00:00,611,1.9999999967694748,2.2702214608421443,0,0,0
2025-10-12 15:15:00+00:00,611,2.0000000004074536,2.140096950958551,0,0,0
2025-10-12 15:30:00+00:00,611,1.0000000002037268,1.949541646255838,0,0,0
2025-10-12 15:45:00+00:00,611,2.0000000004074536,1.6590609627759785,0,0,0
2025-10-12 16:00:00+00:00,611,2.0000000004074536,1.6192972454391708,0,0,0
2025-10-12 16:15:00+00:00,611,2.0000000004074536,1.6885059289199198,0,0,0
2025-10-12 16:30:00+00:00,611,1.0000000002037268,1.73647969306424,0,0,0
2025-10-12 16:45:00+00:00,611,2.0000000004074536,1.5165577962234948,0,0,0
2025-10-12 17:00:00+00:00,611,1.0000000002037268,1.563727117741145,0,0,0
2025-10-12 17:15:00+00:00,611,2.0000000004074536,1.5221785433264046,0,0,0
2025-10-12 17:30:00+00:00,611,2.0000000004074536,1.682197560821784,0,0,0
2025-10-12 17:45:00+00:00,611,1.9999999967694748,1.6793021588676955,0,0,0
2025-10-12 18:00:00+00:00,611,1.0000000002037268,1.8297506751133987,0,0,0
2025-10-12 18:15:00+00:00,611,1.0000000002037268,1.688988002993991,0,0,0
2025-10-12 18:30:00+00:00,611,2.0000000004074536,1.581213393587472,0,0,0
2025-10-12 18:45:00+00:00,611,2.0000000004074536,1.5036053826811724,0,0,0
2025-10-12 19:00:00+00:00,611,2.0000000004074536,1.722641505379677,0,0,0
2025-10-12 19:15:00+00:00,611,1.0000000002037268,1.937915675794628,0,0,0
2025-10-12 19:30:00+00:00,611,2.0000000004074536,1.9160833395075088,0,0,0
2025-10-12 19:45:00+00:00,611,1.0000000002037268,1.6601655926328256,0,0,0
2025-10-12 20:00:00+00:00,611,2.0000000004074536,1.5286170418494436,0,0,0
2025-10-12 20:15:00+00:00,611,1.9999999967694748,1.814939466751721,0,0,0
2025-10-12 20:30:00+00:00,611,2.0000000004074536,2.101460044801012,0,0,0
2025-10-12 20:45:00+00:00,611,2.0000000004074536,2.1962304842462146,0,0,0
2025-10-12 21:00:00+00:00,611,2.0000000004074536,2.041002632394985,0,0,0
2025-10-12 21:15:00+00:00,611,2.0000000004074536,1.9928987378257617,0,0,0
2025-10-12 21:30:00+00:00,611,2.0000000004074536,1.9391711386439745,0,0,0
2025-10-12 21:45:00+00:00,611,2.0000000004074536,1.8616622043111803,0,0,0
2025-10-12 22:00:00+00:00,611,2.0000000004074536,1.84226981349099,0,0,0
2025-10-12 22:15:00+00:00,611,2.0000000004074536,1.8619372527092717,0,0,0
2025-10-12 22:30:00+00:00,611,1.9999999967694748,1.8475341806802452,0,0,0
2025-10-12 22:45:00+00:00,611,2.0000000004074536,1.8152115576401544,0,0,0
2025-10-12 23:00:00+00:00,611,2.0000000004074536,1.8439940416209524,0,0,0
2025-10-12 23:15:00+00:00,611,3.0000000006111804,1.843585905288304,0,0,0
2025-10-12 23:30:00+00:00,611,2.0000000004074536,1.9977046910182,0,0,0
2025-10-12 23:45:00+00:00,611,2.0000000004074536,1.9991316894276456,0,0,0
2025-10-13 00:00:00+00:00,611,2.0000000004074536,1.9839167809978056,0,0,0
2025-10-13 00:15:00+00:00,611,3.0000000006111804,2.049580889154779,0,0,0
2025-10-13 00:30:00+00:00,611,1.9999999967694748,2.01393550401518,0,0,0
2025-10-13 00:45:00+00:00,611,2.0000000004074536,2.010487047755252,0,0,0
2025-10-13 01:00:00+00:00,611,3.0000000006111804,2.120033205446248,0,0,0
2025-10-13 01:15:00+00:00,611,2.0000000004074536,2.099848202038011,0,0,0
2025-10-13 01:30:00+00:00,611,2.0000000004074536,2.078314574226237,0,0,0
2025-10-13 01:45:00+00:00,611,2.0000000004074536,2.229215589449442,0,0,0
2025-10-13 02:00:00+00:00,611,5.000000001018634,2.41260780576318,0,0,0
2025-10-13 02:15:00+00:00,611,3.999999997176928,4.577132228385697,0,0,0
2025-10-13 02:30:00+00:00,611,3.0000000006111804,3.486078819619351,0,0,0
2025-10-13 02:45:00+00:00,611,4.000000000814907,3.2371822006701123,0,0,0
2025-10-13 03:00:00+00:00,611,3.0000000006111804,3.291712763723744,0,0,0
2025-10-13 03:15:00+00:00,611,4.000000000814907,3.173172819166165,0,0,0
2025-10-13 03:30:00+00:00,611,3.999999997176928,3.2375297080547973,0,0,0
2025-10-13 03:45:00+00:00,611,4.000000000814907,3.5433657816731987,0,0,0
2025-10-13 04:00:00+00:00,611,2.0000000004074536,3.8515072340691434,0,0,0
2025-10-13 04:15:00+00:00,611,4.000000000814907,3.791249453564955,0,0,0
2025-10-13 04:30:00+00:00,611,4.000000000814907,3.617506112506802,0,0,0
2025-10-13 04:45:00+00:00,611,3.999999997176928,3.635609029116591,0,0,0
2025-10-13 05:00:00+00:00,611,5.000000001018634,3.653850948680255,1,0,1
2025-10-13 05:15:00+00:00,611,13.999999999214197,5.614991868463324,1,0,1
2025-10-13 05:30:00+00:00,611,24.000000001251465,14.248564410123686,1,0,1
2025-10-13 05:45:00+00:00,611,31.9999999992433,20.368650789103853,1,0,1
2025-10-13 06:00:00+00:00,611,34.99999999985448,27.93106508945973,0,0,0
2025-10-13 06:15:00+00:00,611,116.00000000180444,33.54451305853509,0,0,0
2025-10-13 06:30:00+00:00,611,111.99999999735157,92.37721827393138,0,0,0
2025-10-13 06:45:00+00:00,611,80.00000000174623,54.33334012275508,0,0,0
2025-10-13 07:00:00+00:00,611,57.00000000069849,43.53341393874942,0,0,0
2025-10-13 07:15:00+00:00,611,40.99999999743886,38.57522589423402,0,0,0
2025-10-13 07:30:00+00:00,611,27.000000001862645,31.679643514348086,0,0,0
2025-10-13 07:45:00+00:00,611,24.000000001251465,28.410280730448484,0,0,0
2025-10-13 08:00:00+00:00,611,38.99999999703141,27.051872884964283,0,0,0
2025-10-13 08:15:00+00:00,611,34.00000000328873,30.38256258910904,0,0,0
2025-10-13 08:30:00+00:00,611,36.99999999662396,29.98019044278028,0,0,0
2025-10-13 08:45:00+00:00,611,45.00000000189175,32.15238664545275,0,0,0
2025-10-13 09:00:00+00:00,611,29.999999998835847,33.548836937653455,0,0,0
2025-10-13 09:15:00+00:00,611,30.000000002473826,32.39922631643563,0,0,0
2025-10-13 09:30:00+00:00,611,37.99999999682768,28.59556279543297,0,0,0
2025-10-13 09:45:00+00:00,611,34.00000000328873,32.272480761335025,0,0,0
2025-10-13 10:00:00+00:00,611,33.999999999650754,31.071447919712952,0,0,0
2025-10-13 10:15:00+00:00,611,25.99999999802094,30.529828824963936,0,0,0
2025-10-13 10:30:00+00:00,611,22.00000000084401,28.579022922676845,0,0,0
2025-10-13 10:45:00+00:00,611,24.000000001251465,24.60567450324269,0,0,0
2025-10-13 11:00:00+00:00,611,24.999999997817213,19.915263079948662,0,0,0
2025-10-13 11:15:00+00:00,611,30.000000002473826,23.580980956780103,0,0,0
2025-10-13 11:30:00+00:00,611,28.99999999863212,24.563111503015644,0,0,0
2025-10-13 11:45:00+00:00,611,24.000000001251465,24.76029976250133,0,0,0
2025-10-13 12:00:00+00:00,611,16.999999999825377,23.369857651168587,0,0,0
2025-10-13 12:15:00+00:00,611,12.99999999901047,19.105291758661306,0,0,0
2025-10-13 12:30:00+00:00,611,13.999999999214197,16.5884721129091,0,0,0
2025-10-13 12:45:00+00:00,611,23.00000000104773,16.87113277116745,0,0,0
2025-10-13 13:00:00+00:00,611,26.999999998224663,18.81321882591992,0,0,0
2025-10-13 13:15:00+00:00,611,23.00000000104773,21.55700552620428,0,0,0
2025-10-13 13:30:00+00:00,611,21.000000000640284,20.15292190157916,0,0,0
2025-10-13 13:45:00+00:00,611,18.000000000029104,20.053838673676808,0,0,0
2025-10-13 14:00:00+00:00,611,14.999999999417923,19.166817201742177,0,0,0
2025-10-13 14:15:00+00:00,611,12.99999999901047,17.907397943851308,0,0,0
2025-10-13 14:30:00+00:00,611,14.999999999417923,17.470001119722188,0,0,0
2025-10-13 14:45:00+00:00,611,15.99999999962165,17.335345705044247,0,0,0
2025-10-13 15:00:00+00:00,611,17.000000003463356,16.582895358762336,0,0,0
2025-10-13 15:15:00+00:00,611,18.99999999659485,15.884795906822404,0,0,0
2025-10-13 15:30:00+00:00,611,17.000000003463356,15.906639703459442,0,0,0
2025-10-13 15:45:00+00:00,611,18.000000000029104,15.869801332862,0,0,0
2025-10-13 16:00:00+00:00,611,18.000000000029104,16.240747351265416,0,0,0
2025-10-13 16:15:00+00:00,611,18.000000000029104,16.594326872963606,0,0,0
2025-10-13 16:30:00+00:00,611,17.999999996391125,17.530301044738987,0,0,0
2025-10-13 16:45:00+00:00,611,20.00000000043656,17.63376101724482,0,0,0
2025-10-13 17:00:00+00:00,611,25.00000000145519,17.461398093819017,0,0,0
2025-10-13 17:15:00+00:00,611,25.00000000145519,18.607618669592643,0,0,0
2025-10-13 17:30:00+00:00,611,22.99999999740976,20.05696771889379,0,0,0
2025-10-13 17:45:00+00:00,611,27.000000001862645,20.36959127717474,0,0,0
2025-10-13 18:00:00+00:00,611,23.99999999761349,22.094828657308685,0,0,0
2025-10-13 18:15:00+00:00,611,29.0000000022701,21.833570387371083,0,0,0
2025-10-13 18:30:00+00:00,611,25.99999999802094,24.6715796484367,0,0,0
2025-10-13 18:45:00+00:00,611,26.00000000165892,23.196791579821863,0,0,0
2025-10-13 19:00:00+00:00,611,25.99999999802094,22.852572945876418,0,0,0
2025-10-13 19:15:00+00:00,611,23.00000000104773,20.317252228776866,0,0,0
2025-10-13 19:30:00+00:00,611,21.000000000640284,17.489607929992502,0,0,0
2025-10-13 19:45:00+00:00,611,7.000000001426088,8.210792179291335,0,0,0
2025-10-13 20:00:00+00:00,611,4.999999997380655,2.7516330527511386,0,0,0
2025-10-13 20:15:00+00:00,611,2.0000000004074536,1.7546565474154503,0,0,0
2025-10-13 20:30:00+00:00,611,1.0000000002037268,2.1726946223967296,0,0,0
2025-10-13 20:45:00+00:00,611,2.0000000004074536,3.321545163632738,0,0,0
2025-10-13 21:00:00+00:00,611,2.0000000004074536,2.843842288833475,0,0,0
2025-10-13 21:15:00+00:00,611,2.0000000004074536,1.9927035421884085,0,0,0
2025-10-13 21:30:00+00:00,611,1.0000000002037268,1.9022155767263769,0,0,0
2025-10-13 21:45:00+00:00,611,2.0000000004074536,1.4279182742970171,0,0,0
2025-10-13 22:00:00+00:00,611,2.0000000004074536,1.5875986569366844,0,0,0
2025-10-13 22:15:00+00:00,611,1.9999999967694748,1.853218514240776,0,0,0
2025-10-13 22:30:00+00:00,611,3.0000000006111804,2.4346575190100808,0,0,0
2025-10-13 22:45:00+00:00,611,3.0000000006111804,3.109009647160061,0,0,0
2025-10-13 23:00:00+00:00,611,3.0000000006111804,3.113457741684016,0,0,0
2025-10-13 23:15:00+00:00,611,5.000000001018634,2.948329626256367,0,0,0
2025-10-13 23:30:00+00:00,611,3.999999997176928,3.4713548577925515,0,0,0
2025-10-13 23:45:00+00:00,611,5.000000001018634,3.979552614663948,0,0,0
2025-10-14 00:00:00+00:00,611,5.000000001018634,4.865067974805807,0,0,0
2025-10-14 00:15:00+00:00,611,5.000000001018634,5.425561896185059,0,0,0
2025-10-14 00:30:00+00:00,611,5.999999997584382,5.799621802568467,0,0,0
2025-10-14 00:45:00+00:00,611,5.000000001018634,6.1005839002723246,0,0,0
2025-10-14 01:00:00+00:00,611,12.99999999901047,6.045544645557708,0,0,0
2025-10-14 01:15:00+00:00,611,8.000000001629815,9.856102121570563,0,0,0
2025-10-14 01:30:00+00:00,611,10.999999998603016,8.653583131345906,0,0,0
2025-10-14 01:45:00+00:00,611,11.999999998806745,9.466378504666883,0,0,0
2025-10-14 02:00:00+00:00,611,11.000000002240997,10.42307594660805,0,0,0
2025-10-14 02:15:00+00:00,611,11.999999998806745,10.560126944108069,0,0,0
2025-10-14 02:30:00+00:00,611,11.000000002240997,10.868793354468108,0,0,0
2025-10-14 02:45:00+00:00,611,26.999999998224663,11.032583196776017,0,0,0
2025-10-14 03:00:00+00:00,611,26.00000000165892,48.57638195508906,0,0,0
2025-10-14 03:15:00+00:00,611,19.00000000023283,15.873889720273931,0,0,0
2025-10-14 03:30:00+00:00,611,16.999999999825377,14.09027849328724,0,0,0
2025-10-14 03:45:00+00:00,611,75.99999999729334,14.541970070654203,0,0,0
2025-10-14 04:00:00+00:00,611,83.00000000235741,79.97910119149998,0,0,0
2025-10-14 04:15:00+00:00,611,52.99999999988359,49.92012351018478,0,0,0
2025-10-14 04:30:00+00:00,611,30.999999999039574,36.56081874677564,0,0,0
2025-10-14 04:45:00+00:00,611,25.00000000145519,31.01375725759094,0,0,0
2025-10-14 05:00:00+00:00,611,22.99999999740976,28.65358913490104,0,0,0
2025-10-14 05:15:00+00:00,611,26.00000000165892,28.84645869091026,0,0,0
2025-10-14 05:30:00+00:00,611,54.00000000008731,30.93271853548265,0,0,0
2025-10-14 05:45:00+00:00,611,23.00000000104773,34.01960593106215,0,0,0
2025-10-14 06:00:00+00:00,611,3.999999997176928,30.699042739982566,0,0,0
2025-10-14 06:15:00+00:00,611,68.99999999950523,29.71370403514672,0,0,0
2025-10-14 06:30:00+00:00,611,93.0000000007567,90.43800285198962,0,0,0
2025-10-14 06:45:00+00:00,611,58.00000000090222,66.57534801545751,0,0,0
2025-10-14 07:00:00+00:00,611,45.9999999984575,50.981020671734704,0,0,0
2025-10-14 07:15:00+00:00,611,39.00000000066939,41.72877112121521,0,0,0
2025-10-14 07:30:00+00:00,611,29.0000000022701,37.08453751432636,0,0,0
2025-10-14 07:45:00+00:00,611,34.99999999985448,34.4903253861841,0,0,0
2025-10-14 08:00:00+00:00,611,38.00000000046566,35.881768614535694,0,0,0
2025-10-14 08:15:00+00:00,611,38.99999999703141,38.62348949432472,0,0,0
2025-10-14 08:30:00+00:00,611,38.00000000046566,33.26153409829992,0,0,0
2025-10-14 08:45:00+00:00,611,40.00000000087312,30.996822557295616,0,0,0
2025-10-14 09:00:00+00:00,611,43.000000001484295,33.709950233721884,0,0,0
2025-10-14 09:15:00+00:00,611,32.99999999944703,34.9432827776842,0,0,0
2025-10-14 09:30:00+00:00,611,30.999999999039574,32.447143887896466,0,0,0
2025-10-14 09:45:00+00:00,611,31.9999999992433,31.82937039823751,0,0,0
2025-10-14 10:00:00+00:00,611,29.999999998835847,30.17983565341342,0,0,0
2025-10-14 10:15:00+00:00,611,28.00000000206637,29.33943710308733,0,0,0
2025-10-14 10:30:00+00:00,611,23.00000000104773,26.77358453504493,0,0,0
2025-10-14 10:45:00+00:00,611,21.999999997206032,21.696585933838342,0,0,0
2025-10-14 11:00:00+00:00,611,20.00000000043656,19.052300579384085,0,0,0
2025-10-14 11:15:00+00:00,611,23.00000000104773,17.955006455553004,0,0,0
2025-10-14 11:30:00+00:00,611,25.00000000145519,21.560911657083608,0,0,0
2025-10-14 11:45:00+00:00,611,24.999999997817213,21.815431241268,0,0,0
2025-10-14 12:00:00+00:00,611,30.000000002473826,22.070412196958863,0,0,0
2025-10-14 12:15:00+00:00,611,23.99999999761349,24.65985386202457,0,0,0
2025-10-14 12:30:00+00:00,611,24.000000001251465,20.326886316484163,0,0,0
2025-10-14 12:45:00+00:00,611,25.99999999802094,20.338531510758145,0,0,0
2025-10-14 13:00:00+00:00,611,27.000000001862645,20.570959237183025,0,0,0
2025-10-14 13:15:00+00:00,611,19.00000000023283,22.65169149620669,0,0,0
2025-10-14 13:30:00+00:00,611,18.000000000029104,20.659431659813887,0,0,0
2025-10-14 13:45:00+00:00,611,27.9999999984284,20.222110621869724,0,0,0
2025-10-14 14:00:00+00:00,611,27.000000001862645,22.801836867712566,0,0,0
2025-10-14 14:15:00+00:00,611,22.99999999740976,21.654544934065736,0,0,0
2025-10-14 14:30:00+00:00,611,19.00000000023283,21.648947847040084,0,0,0
2025-10-14 14:45:00+00:00,611,21.000000000640284,20.69939944531702,0,0,0
2025-10-14 15:00:00+00:00,611,21.000000000640284,20.410317663904863,0,0,0
2025-10-14 15:15:00+00:00,611,24.000000001251465,19.94689956074836,0,0,0
2025-10-14 15:30:00+00:00,611,20.999999997002305,22.039957241267096,0,0,0
2025-10-14 15:45:00+00:00,611,19.00000000023283,20.93412737487754,0,0,0
2025-10-14 16:00:00+00:00,611,15.000000003055902,19.323017334893105,0,0,0
2025-10-14 16:15:00+00:00,611,14.999999999417923,16.818801855921123,0,0,0
2025-10-14 16:30:00+00:00,611,13.999999999214197,15.814573536906757,0,0,0
2025-10-14 16:45:00+00:00,611,18.000000000029104,15.521871393985869,0,0,0
2025-10-14 17:00:00+00:00,611,19.00000000023283,15.944948695733771,0,0,0
2025-10-14 17:15:00+00:00,611,18.000000000029104,16.02243396998931,0,0,0
2025-10-14 17:30:00+00:00,611,19.00000000023283,16.251488656650512,0,0,0
2025-10-14 17:45:00+00:00,611,21.000000000640284,17.230074627562278,0,0,0
2025-10-14 18:00:00+00:00,611,21.999999997206032,18.47957181024301,0,0,0
2025-10-14 18:15:00+00:00,611,25.00000000145519,19.930025489401004,0,0,0
2025-10-14 18:30:00+00:00,611,22.00000000084401,21.41850017333049,0,0,0
2025-10-14 18:45:00+00:00,611,23.99999999761349,20.36082078228725,0,0,0
2025-10-14 19:00:00+00:00,611,20.00000000043656,20.587367500759417,0,0,0
2025-10-14 19:15:00+00:00,611,19.00000000023283,18.61401872049014,0,0,0
2025-10-14 19:30:00+00:00,611,18.000000000029104,18.219909856142717,0,0,0
2025-10-14 19:45:00+00:00,611,5.000000001018634,8.10485566213657,0,0,0
2025-10-14 20:00:00+00:00,611,5.000000001018634,2.119645771681196,0,0,0
2025-10-14 20:15:00+00:00,611,3.0000000006111804,0.5789666060432168,0,0,0
2025-10-14 20:30:00+00:00,611,2.9999999969732016,0.6429109223347105,0,0,0
2025-10-14 20:45:00+00:00,611,2.0000000004074536,1.09399177395753,0,0,0
2025-10-14 21:00:00+00:00,611,2.0000000004074536,1.0671745551437295,0,0,0
2025-10-14 21:15:00+00:00,611,2.0000000004074536,1.0749202729351095,0,0,0
2025-10-14 21:30:00+00:00,611,1.0000000002037268,1.6500997085156222,0,0,0
2025-10-14 21:45:00+00:00,611,3.0000000006111804,1.167292172048576,0,0,0
2025-10-14 22:00:00+00:00,611,1.0000000002037268,1.6496753058798568,0,0,0
2025-10-14 22:15:00+00:00,611,2.0000000004074536,1.4245748096299096,0,0,0
2025-10-14 22:30:00+00:00,611,2.0000000004074536,1.543008283839843,0,0,0
2025-10-14 22:45:00+00:00,611,1.9999999967694748,1.753390733282302,0,0,0
2025-10-14 23:00:00+00:00,611,2.0000000004074536,1.6019189186953184,0,0,0
2025-10-14 23:15:00+00:00,611,2.0000000004074536,1.6388286392132336,0,0,0
2025-10-14 23:30:00+00:00,611,2.0000000004074536,2.2097315158298905,0,0,0
2025-10-14 23:45:00+00:00,611,2.0000000004074536,2.342783960273799,0,0,0
2025-10-15 00:00:00+00:00,611,3.0000000006111804,2.507416692833917,0,0,0
2025-10-15 00:15:00+00:00,611,3.0000000006111804,2.7273282383908644,0,0,0
2025-10-15 00:30:00+00:00,611,3.999999997176928,2.7492226823807755,0,0,0
2025-10-15 00:45:00+00:00,611,4.000000000814907,2.8537676912419805,0,0,0
2025-10-15 01:00:00+00:00,611,4.000000000814907,2.7625817535009247,0,0,0
2025-10-15 01:15:00+00:00,611,4.000000000814907,2.681300515600771,0,0,0
2025-10-15 01:30:00+00:00,611,3.999999997176928,2.714084510147334,0,0,0
2025-10-15 01:45:00+00:00,611,5.000000001018634,2.7860998702924675,0,0,0
2025-10-15 02:00:00+00:00,611,4.000000000814907,2.950566982311802,0,0,0
2025-10-15 02:15:00+00:00,611,3.0000000006111804,2.879149039117358,0,0,0
2025-10-15 02:30:00+00:00,611,5.000000001018634,2.6617809518653357,0,0,0
2025-10-15 02:45:00+00:00,611,3.999999997176928,3.2734235240055725,0,0,0
2025-10-15 03:00:00+00:00,611,6.000000001222361,5.261044506501559,0,0,0
2025-10-15 03:15:00+00:00,611,5.000000001018634,6.024741522631185,0,0,0
2025-10-15 03:30:00+00:00,611,4.999999997380655,5.55266974621863,0,0,0
2025-10-15 03:45:00+00:00,611,5.000000001018634,4.804199468557474,0,0,0
2025-10-15 04:00:00+00:00,611,5.000000001018634,4.706050074329284,0,0,0
2025-10-15 04:15:00+00:00,611,5.000000001018634,5.322254605115262,0,0,0
2025-10-15 04:30:00+00:00,611,4.999999997380655,5.164601595345392,0,0,0
2025-10-15 04:45:00+00:00,611,6.000000001222361,4.436745159992714,0,0,0
2025-10-15 09:15:00+00:00,611,31.9999999992433,4.850049740768149,0,0,0
2025-10-15 09:30:00+00:00,611,32.99999999944703,39.27323957839391,0,0,0
2025-10-15 09:45:00+00:00,611,29.999999998835847,24.085935064935303,0,0,0
2025-10-15 10:00:00+00:00,611,29.0000000022701,21.09790169025975,0,0,0
2025-10-15 10:15:00+00:00,611,26.999999998224663,25.62427262230245,0,0,0
2025-10-15 10:30:00+00:00,611,26.00000000165892,22.557812745923044,0,0,0
2025-10-15 10:45:00+00:00,611,26.999999998224663,21.811616793188037,0,0,0
2025-10-15 11:00:00+00:00,611,29.0000000022701,22.64360270729512,0,0,0
2025-10-15 11:15:00+00:00,611,27.9999999984284,22.876778683663183,0,0,0
2025-10-15 11:30:00+00:00,611,28.99999999863212,24.860412943141693,0,0,0
2025-10-15 11:45:00+00:00,611,28.00000000206637,24.366884434168444,0,0,0
2025-10-15 12:00:00+00:00,611,25.99999999802094,21.70966404154109,0,0,0
2025-10-15 12:15:00+00:00,611,19.00000000023283,21.196305430318432,0,0,0
2025-10-15 12:30:00+00:00,611,16.999999999825377,20.13332396383781,0,0,0
2025-10-15 12:45:00+00:00,611,16.999999999825377,18.51131476139035,0,0,0
2025-10-15 13:00:00+00:00,611,24.000000001251465,17.867367311267966,0,0,0
2025-10-15 13:15:00+00:00,611,26.999999998224663,19.536936226507787,0,0,0
2025-10-15 13:30:00+00:00,611,28.00000000206637,20.36819681137152,0,0,0
2025-10-15 13:45:00+00:00,611,25.99999999802094,21.107074406460576,0,0,0
2025-10-15 14:00:00+00:00,611,24.000000001251465,20.761322303758035,0,0,0
2025-10-15 14:15:00+00:00,611,21.000000000640284,20.457168313756984,0,0,0
2025-10-15 14:30:00+00:00,611,21.000000000640284,20.56452517492447,0,0,0
2025-10-15 14:45:00+00:00,611,22.00000000084401,21.156220083806435,0,0,0
2025-10-15 15:00:00+00:00,611,24.999999997817213,22.3046314348584,0,0,0
2025-10-15 15:15:00+00:00,611,24.000000001251465,22.397769328972995,0,0,0
2025-10-15 15:30:00+00:00,611,24.999999997817213,21.799831117205347,0,0,0
2025-10-15 15:45:00+00:00,611,25.00000000145519,21.32785619923406,0,0,0
2025-10-15 16:00:00+00:00,611,36.00000000005821,21.470874711844253,0,0,0
2025-10-15 16:15:00+00:00,611,27.9999999984284,24.300253220353667,0,0,0
2025-10-15 16:30:00+00:00,611,26.00000000165892,24.359863306243,0,0,0
2025-10-15 16:45:00+00:00,611,23.00000000104773,24.78722936668209,0,0,0
2025-10-15 17:00:00+00:00,611,23.99999999761349,24.60075394655105,0,0,0
2025-10-15 17:15:00+00:00,611,24.000000001251465,24.06707132896629,0,0,0
2025-10-15 17:30:00+00:00,611,25.00000000145519,23.83298000335941,0,0,0
2025-10-15 17:45:00+00:00,611,26.999999998224663,22.25103026921444,0,0,0
2025-10-15 18:00:00+00:00,611,30.999999999039574,23.8207403496444,0,0,0
2025-10-15 18:15:00+00:00,611,28.00000000206637,24.690427857480024,0,0,0
2025-10-15 18:30:00+00:00,611,26.999999998224663,25.698590403715464,0,0,0
2025-10-15 18:45:00+00:00,611,27.000000001862645,25.54463132350704,0,0,0
2025-10-15 19:00:00+00:00,611,27.9999999984284,25.195380486880403,0,0,0
2025-10-15 19:15:00+00:00,611,25.00000000145519,24.25164211287829,0,0,0
2025-10-15 19:30:00+00:00,611,24.999999997817213,21.19501595610803,0,0,0
2025-10-15 19:45:00+00:00,611,10.000000002037268,10.97358901227273,0,0,0
2025-10-15 20:00:00+00:00,611,5.000000001018634,5.669952749172033,0,0,0
2025-10-15 20:15:00+00:00,611,2.9999999969732016,2.302964050253511,0,0,0
2025-10-15 20:30:00+00:00,611,2.0000000004074536,2.82558558172153,0,0,0
2025-10-15 20:45:00+00:00,611,3.0000000006111804,4.096124336544868,0,0,0
2025-10-15 21:00:00+00:00,611,2.0000000004074536,4.2507296326133215,0,0,0
2025-10-15 21:15:00+00:00,611,2.0000000004074536,4.154001321775265,0,0,0
2025-10-15 21:30:00+00:00,611,3.0000000006111804,4.084641805302017,0,0,0
2025-10-15 21:45:00+00:00,611,2.0000000004074536,3.862470722367213,0,0,0
2025-10-15 22:00:00+00:00,611,2.9999999969732016,3.2329854944669947,0,0,0
2025-10-15 22:15:00+00:00,611,3.0000000006111804,2.830027761226169,0,0,0
2025-10-15 22:30:00+00:00,611,3.0000000006111804,3.278942237025319,0,0,0
2025-10-15 22:45:00+00:00,611,3.0000000006111804,3.709271722140606,0,0,0
2025-10-15 23:00:00+00:00,611,4.000000000814907,3.7943267423629408,0,0,0
2025-10-15 23:15:00+00:00,611,3.999999997176928,3.925044232932741,0,0,0
2025-10-15 23:30:00+00:00,611,5.000000001018634,4.515976843700646,0,0,0
2025-10-15 23:45:00+00:00,611,4.000000000814907,4.737861048198731,0,0,0
2025-10-16 00:00:00+00:00,611,5.000000001018634,4.870518665103447,0,0,0
2025-10-16 00:15:00+00:00,611,5.999999997584382,4.937912916409697,0,0,0
2025-10-16 00:30:00+00:00,611,5.000000001018634,5.524055840288277,0,0,0
2025-10-16 00:45:00+00:00,611,5.000000001018634,6.109024632833073,0,0,0
2025-10-16 01:00:00+00:00,611,5.000000001018634,6.250319656690719,0,0,0
2025-10-16 01:15:00+00:00,611,5.999999997584382,6.086204488320554,0,0,0
2025-10-16 01:30:00+00:00,611,5.000000001018634,6.50209836880059,0,0,0
2025-10-16 01:45:00+00:00,611,5.000000001018634,6.393977730764215,0,0,0
2025-10-16 02:00:00+00:00,611,5.999999997584382,6.515773893454023,0,0,0
2025-10-16 02:15:00+00:00,611,6.000000001222361,6.528361054553724,0,0,0
2025-10-16 02:30:00+00:00,611,6.000000001222361,6.6009205964757225,0,0,0
2025-10-16 02:45:00+00:00,611,6.999999997788109,6.869666541487138,0,0,0
2025-10-16 03:00:00+00:00,611,7.000000001426088,7.36049780165331,0,0,0
2025-10-16 03:15:00+00:00,611,7.999999997991836,7.768591250413314,0,0,0
2025-10-16 03:30:00+00:00,611,13.000000002648449,8.112698977746627,0,0,0
2025-10-16 03:45:00+00:00,611,11.999999998806745,9.292668435592372,0,0,0
2025-10-16 04:00:00+00:00,611,12.99999999901047,9.968160683715082,0,0,0
2025-10-16 04:15:00+00:00,611,11.000000002240997,11.282680564645949,0,0,0
2025-10-16 04:30:00+00:00,611,11.999999998806745,10.683094280622,0,0,0
2025-10-16 04:45:00+00:00,611,9.99999999839929,10.681819593959885,0,0,0
2025-10-16 05:00:00+00:00,611,12.000000002444722,10.780034053400524,0,0,0
2025-10-16 05:15:00+00:00,611,18.000000000029104,26.641309915640782,0,0,0
2025-10-16 05:30:00+00:00,611,29.999999998835847,21.35654478228325,0,0,0
2025-10-16 05:45:00+00:00,611,12.99999999901047,23.911929244895106,0,0,0
2025-10-16 06:00:00+00:00,611,23.00000000104773,14.166352296059031,0,0,0
2025-10-16 06:15:00+00:00,611,145.00000000043656,68.2821209234261,0,0,0
2025-10-16 06:30:00+00:00,611,148.00000000104774,100.99509383308784,0,0,0
2025-10-16 06:45:00+00:00,611,84.99999999912689,71.65591189455547,0,0,0
2025-10-16 07:00:00+00:00,611,52.99999999988359,45.71988899804533,0,0,0
2025-10-16 07:15:00+00:00,611,32.99999999944703,39.43277356430556,0,0,0
2025-10-16 07:30:00+00:00,611,25.00000000145519,36.06248428460995,0,0,0
2025-10-16 07:45:00+00:00,611,31.9999999992433,34.13114988652637,0,0,0
2025-10-16 08:00:00+00:00,611,34.99999999985448,33.83486952660936,0,0,0
2025-10-16 08:15:00+00:00,611,42.00000000128057,33.58298138664219,0,0,0
2025-10-16 08:30:00+00:00,611,40.99999999743886,30.8078317752014,0,0,0
2025-10-16 08:45:00+00:00,611,40.00000000087312,31.197479236231416,0,0,0
2025-10-16 09:00:00+00:00,611,37.000000000261934,33.334152790415054,0,0,0
2025-10-16 09:15:00+00:00,611,33.999999999650754,33.13925290402638,0,0,0
2025-10-16 09:30:00+00:00,611,33.999999999650754,32.523663535249035,0,0,0
2025-10-16 09:45:00+00:00,611,36.00000000005821,33.752177556602874,0,0,0
2025-10-16 10:00:00+00:00,611,38.00000000046566,33.555223679757496,0,0,0
2025-10-16 10:15:00+00:00,611,29.999999998835847,33.822226172826184,0,0,0
2025-10-16 10:30:00+00:00,611,27.000000001862645,31.3451033307548,0,0,0
2025-10-16 10:45:00+00:00,611,23.99999999761349,27.849720265101958,0,0,0
2025-10-16 11:00:00+00:00,611,20.00000000043656,23.812442316924592,0,0,0
2025-10-16 11:15:00+00:00,611,21.000000000640284,21.820969917477928,0,0,0
2025-10-16 11:30:00+00:00,611,22.00000000084401,22.266843333972385,0,0,0
2025-10-16 11:45:00+00:00,611,25.99999999802094,24.25116225693646,0,0,0
2025-10-16 12:00:00+00:00,611,28.00000000206637,25.07334328715356,0,0,0
2025-10-16 12:15:00+00:00,611,24.000000001251465,25.679246811804614,0,0,0
2025-10-16 12:30:00+00:00,611,24.999999997817213,23.18964623649083,0,0,0
2025-10-16 12:45:00+00:00,611,24.000000001251465,23.006805595728103,0,0,0
2025-10-16 13:00:00+00:00,611,26.999999998224663,22.988355911111046,0,0,0
2025-10-16 13:15:00+00:00,611,24.000000001251465,24.70312962207893,0,0,0
2025-10-16 13:30:00+00:00,611,22.00000000084401,23.520094705473824,0,0,0
2025-10-16 13:45:00+00:00,611,21.999999997206032,23.6907873753209,0,0,0
2025-10-16 14:00:00+00:00,611,27.000000001862645,22.750259378051336,0,0,0
2025-10-16 14:15:00+00:00,611,23.00000000104773,22.756493808408045,0,0,0
2025-10-16 14:30:00+00:00,611,20.999999997002305,21.29881271502604,0,0,0
2025-10-16 14:45:00+00:00,611,22.00000000084401,19.925640981334677,0,0,0
2025-10-16 15:00:00+00:00,611,21.000000000640284,19.670301427597916,0,0,0
2025-10-16 15:15:00+00:00,611,18.000000000029104,19.11909778342835,0,0,0
2025-10-16 15:30:00+00:00,611,10.999999998603016,18.582803315127848,0,0,0
2025-10-16 15:45:00+00:00,611,11.000000002240997,17.495907425561665,0,0,0
2025-10-16 16:00:00+00:00,611,12.99999999901047,16.976160963168844,0,0,0
2025-10-16 16:15:00+00:00,611,13.999999999214197,15.52748696544688,0,0,0
2025-10-16 16:30:00+00:00,611,14.000000002852175,13.406859379906663,0,0,0
2025-10-16 16:45:00+00:00,611,14.999999999417923,14.087752780040262,0,0,0
2025-10-16 17:00:00+00:00,611,18.000000000029104,14.821677285831449,0,0,0
2025-10-16 17:15:00+00:00,611,21.000000000640284,15.517402596894318,0,0,0
2025-10-16 17:30:00+00:00,611,28.99999999863212,21.65495159164356,0,0,0
2025-10-16 17:45:00+00:00,611,32.99999999944703,28.692020494137424,0,0,0
2025-10-16 18:00:00+00:00,611,28.99999999863212,28.7135023655302,0,0,0
2025-10-16 18:15:00+00:00,611,26.00000000165892,21.82497808244042,0,0,0
2025-10-16 18:30:00+00:00,611,23.00000000104773,22.10950234147132,0,0,0
2025-10-16 18:45:00+00:00,611,23.99999999761349,19.394286663227287,0,0,0
2025-10-16 19:00:00+00:00,611,24.000000001251465,21.9925409676931,0,0,0
2025-10-16 19:15:00+00:00,611,23.00000000104773,15.712744630976696,0,0,0
2025-10-16 19:30:00+00:00,611,23.99999999761349,18.57417441101518,0,0,0
2025-10-16 19:45:00+00:00,611,7.000000001426088,11.10491796796409,0,0,0
2025-10-16 20:00:00+00:00,611,4.000000000814907,3.3440118857412564,0,0,0
2025-10-16 20:15:00+00:00,611,2.0000000004074536,0.978070704201123,0,0,0
2025-10-16 20:30:00+00:00,611,2.9999999969732016,0.4744984924330921,0,0,0
2025-10-16 20:45:00+00:00,611,1.0000000002037268,0.7785999866377331,0,0,0
2025-10-16 21:00:00+00:00,611,2.0000000004074536,0.8336821252423761,0,0,0
2025-10-16 21:15:00+00:00,611,2.0000000004074536,1.006498287023092,0,0,0
2025-10-16 21:30:00+00:00,611,2.0000000004074536,1.735630887792713,0,0,0
2025-10-16 21:45:00+00:00,611,1.0000000002037268,1.5634358030399405,0,0,0
2025-10-16 22:00:00+00:00,611,3.0000000006111804,1.8562558766583948,0,0,0
2025-10-16 22:15:00+00:00,611,1.0000000002037268,1.938146361547865,0,0,0
2025-10-16 22:30:00+00:00,611,3.0000000006111804,1.87251330724229,0,0,0
2025-10-16 22:45:00+00:00,611,1.0000000002037268,2.0679307578209176,0,0,0
2025-10-16 23:00:00+00:00,611,2.9999999969732016,1.8812749296008064,0,0,0
2025-10-16 23:15:00+00:00,611,4.000000000814907,2.0665022806566427,0,0,0
2025-10-16 23:30:00+00:00,611,3.0000000006111804,3.0658270486598944,0,0,0
2025-10-16 23:45:00+00:00,611,4.000000000814907,3.198838087968607,0,0,0
2025-10-17 00:00:00+00:00,611,5.000000001018634,3.761442192488048,0,0,0
2025-10-17 00:15:00+00:00,611,2.9999999969732016,4.115231327683169,0,0,0
2025-10-17 00:30:00+00:00,611,5.000000001018634,4.130477289964407,0,0,0
2025-10-17 00:45:00+00:00,611,4.000000000814907,4.3363554521994345,0,0,0
2025-10-17 01:00:00+00:00,611,4.000000000814907,4.6389264351566375,0,0,0
2025-10-17 01:15:00+00:00,611,4.999999997380655,4.610640812798199,0,0,0
2025-10-17 01:30:00+00:00,611,3.0000000006111804,4.712423507639869,0,0,0
2025-10-17 01:45:00+00:00,611,5.000000001018634,4.8377006591958285,0,0,0
2025-10-17 02:00:00+00:00,611,5.000000001018634,4.986605355400638,0,0,0
2025-10-17 08:15:00+00:00,611,36.00000000005821,5.10219074781099,0,0,0
2025-10-17 08:30:00+00:00,611,36.00000000005821,34.59019457227777,0,0,0
2025-10-17 08:45:00+00:00,611,37.000000000261934,24.87841604380056,0,0,0
2025-10-17 09:00:00+00:00,611,33.999999999650754,30.730099548889516,0,0,0
2025-10-17 09:15:00+00:00,611,43.000000001484295,32.823217858356216,0,0,0
2025-10-17 09:30:00+00:00,611,30.999999999039574,34.964298841306025,0,0,0
2025-10-17 09:45:00+00:00,611,32.99999999944703,26.91418306537838,0,0,0
2025-10-17 10:00:00+00:00,611,30.999999999039574,26.70210744165735,0,0,0
2025-10-17 10:15:00+00:00,611,27.000000001862645,26.87885413377207,0,0,0
2025-10-17 10:30:00+00:00,611,23.99999999761349,26.363338019254712,0,0,0
2025-10-17 10:45:00+00:00,611,22.00000000084401,25.444957333050727,0,0,0
2025-10-17 11:00:00+00:00,611,23.00000000104773,22.569384002455607,0,0,0
2025-10-17 11:15:00+00:00,611,22.00000000084401,21.311518176512013,0,0,0
2025-10-17 11:30:00+00:00,611,36.00000000005821,19.755561255363983,0,0,0
2025-10-17 11:45:00+00:00,611,38.00000000046566,25.51298744893321,0,0,0
2025-10-17 12:00:00+00:00,611,21.999999997206032,28.824814156486354,0,0,0
2025-10-17 12:15:00+00:00,611,19.00000000023283,21.50869904222356,0,0,0
2025-10-17 12:30:00+00:00,611,19.00000000023283,19.046320494857863,0,0,0
2025-10-17 12:45:00+00:00,611,30.000000002473826,20.441228076083792,0,0,0
2025-10-17 13:00:00+00:00,611,25.99999999802094,26.007938520051415,0,0,0
2025-10-17 13:15:00+00:00,611,23.00000000104773,24.403130933145803,0,0,0
2025-10-17 13:30:00+00:00,611,24.999999997817213,21.366999578920336,0,0,0
2025-10-17 13:45:00+00:00,611,21.000000000640284,20.39576523763817,0,0,0
2025-10-17 14:00:00+00:00,611,21.000000000640284,19.08145718833648,0,0,0
2025-10-17 14:15:00+00:00,611,22.00000000084401,21.8443179774642,0,0,0
2025-10-17 14:30:00+00:00,611,25.99999999802094,22.187900746833417,0,0,0
2025-10-17 14:45:00+00:00,611,26.00000000165892,25.161769868384745,0,0,0
2025-10-17 15:00:00+00:00,611,25.99999999802094,24.60732996927313,0,0,0
2025-10-17 15:15:00+00:00,611,24.000000001251465,24.174133178545496,0,0,0
2025-10-17 15:30:00+00:00,611,22.00000000084401,22.91523961799614,0,0,0
2025-10-17 15:45:00+00:00,611,23.00000000104773,20.385859798419848,0,0,0
2025-10-17 16:00:00+00:00,611,22.99999999740976,20.789315872037857,0,0,0
2025-10-17 16:15:00+00:00,611,28.00000000206637,21.66965337214793,0,0,0
2025-10-17 16:30:00+00:00,611,41.99999999764259,28.293556696820232,0,0,0
2025-10-17 16:45:00+00:00,611,37.000000000261934,37.83519782788844,0,0,0
2025-10-17 17:00:00+00:00,611,28.00000000206637,32.69840651457121,0,0,0
2025-10-17 17:15:00+00:00,611,23.99999999761349,27.47206846324026,0,0,0
2025-10-17 17:30:00+00:00,611,27.000000001862645,26.13513953163918,0,0,0
2025-10-17 17:45:00+00:00,611,33.999999999650754,25.836550835434974,0,0,0
2025-10-17 18:00:00+00:00,611,28.99999999863212,29.89144888677064,0,0,0
2025-10-17 18:15:00+00:00,611,28.00000000206637,27.44488155571935,0,0,0
2025-10-17 18:30:00+00:00,611,22.99999999740976,28.923748769528448,0,0,0
2025-10-17 18:45:00+00:00,611,22.00000000084401,23.356758840898248,0,0,0
2025-10-17 19:00:00+00:00,611,22.00000000084401,21.760595315342293,0,0,0
2025-10-17 19:15:00+00:00,611,21.000000000640284,21.08482949757632,0,0,0
2025-10-17 19:30:00+00:00,611,20.00000000043656,21.546382890894165,0,0,0
2025-10-17 19:45:00+00:00,611,2.0000000004074536,12.167767825264976,0,0,0
2025-10-17 20:00:00+00:00,611,1.0000000002037268,4.499033270876357,0,0,0
2025-10-17 20:15:00+00:00,611,1.9999999967694748,2.482928512874917,0,0,0
2025-10-17 20:30:00+00:00,611,1.0000000002037268,2.2105330009469064,0,0,0
2025-10-17 20:45:00+00:00,611,2.0000000004074536,3.181406526050932,0,0,0
2025-10-17 21:00:00+00:00,611,2.0000000004074536,3.469470924141117,0,0,0
2025-10-17 21:15:00+00:00,611,2.0000000004074536,3.954262949587928,0,0,0
2025-10-17 21:30:00+00:00,611,3.0000000006111804,4.16251303456778,0,0,0
2025-10-17 21:45:00+00:00,611,4.000000000814907,3.896417018208929,0,0,0
2025-10-17 22:00:00+00:00,611,3.999999997176928,3.6734888128019634,0,0,0
2025-10-17 22:15:00+00:00,611,4.000000000814907,4.309524924592182,0,0,0
2025-10-17 22:30:00+00:00,611,5.000000001018634,4.752539168625848,0,0,0
2025-10-17 22:45:00+00:00,611,5.000000001018634,5.235274246106297,0,0,0
2025-10-17 23:00:00+00:00,611,4.999999997380655,5.282175912999996,0,0,0
2025-10-17 23:15:00+00:00,611,9.000000001833541,5.4192949332221225,0,0,0
2025-10-17 23:30:00+00:00,611,7.999999997991836,7.139558521490597,0,0,0
2025-10-17 23:45:00+00:00,611,7.000000001426088,6.835868121128264,0,0,0
2025-10-18 00:00:00+00:00,611,7.000000001426088,6.913677242691234,0,0,0
2025-10-18 00:15:00+00:00,611,6.999999997788109,6.8034035376246464,0,0,0
2025-10-18 00:30:00+00:00,611,6.000000001222361,7.161766461504142,0,0,0
2025-10-18 00:45:00+00:00,611,7.999999997991836,7.401932511946258,0,0,0
2025-10-18 01:00:00+00:00,611,10.000000002037268,7.883852795516235,0,0,0
2025-10-18 01:15:00+00:00,611,24.000000001251465,9.222290057042324,0,0,0
2025-10-18 01:30:00+00:00,611,77.9999999977008,29.24379271953852,0,0,0
2025-10-18 01:45:00+00:00,611,75.0000000007276,59.52355071487237,0,0,0
2025-10-18 02:00:00+00:00,611,42.00000000128057,36.26869664543621,0,0,0
2025-10-18 02:15:00+00:00,611,27.9999999984284,23.302908505065695,0,0,0
2025-10-18 02:30:00+00:00,611,20.00000000043656,20.61640359119329,0,0,0
2025-10-18 02:45:00+00:00,611,19.00000000023283,21.24081742940937,0,0,0
2025-10-18 03:00:00+00:00,611,23.00000000104773,23.64567721990186,0,0,0
2025-10-18 05:45:00+00:00,611,26.00000000165892,26.845063107187336,0,0,0
2025-10-18 06:00:00+00:00,611,26.999999998224663,28.49438786882579,0,0,0
2025-10-18 06:15:00+00:00,611,70.99999999991269,29.81521316034513,0,0,0
2025-10-18 06:30:00+00:00,611,47.99999999886495,60.571387513777495,0,0,0
2025-10-18 06:45:00+00:00,611,42.00000000128057,42.5517159283012,0,0,0
2025-10-18 07:00:00+00:00,611,38.00000000046566,39.88099302533534,0,0,0
2025-10-18 07:15:00+00:00,611,32.99999999944703,33.72051445821627,0,0,0
2025-10-18 07:30:00+00:00,611,28.99999999863212,32.065292422322,0,0,0
2025-10-18 07:45:00+00:00,611,30.000000002473826,30.47005311853382,0,0,0
2025-10-18 08:00:00+00:00,611,34.99999999985448,32.61029786562815,0,0,0
2025-10-18 08:15:00+00:00,611,34.99999999985448,33.293560970374315,0,0,0
2025-10-18 08:30:00+00:00,611,37.000000000261934,33.23205807830458,0,0,0
2025-10-18 08:45:00+00:00,611,37.000000000261934,35.37582448002284,0,0,0
2025-10-18 09:00:00+00:00,611,34.99999999985448,35.52254949161053,0,0,0
2025-10-18 09:15:00+00:00,611,31.9999999992433,34.29117260090882,0,0,0
2025-10-18 09:30:00+00:00,611,32.99999999944703,33.1690764314064,0,0,0
2025-10-18 09:45:00+00:00,611,32.99999999944703,32.10705097992238,0,0,0
2025-10-18 10:00:00+00:00,611,30.000000002473826,31.972646953565267,0,0,0
2025-10-18 10:15:00+00:00,611,29.999999998835847,31.251397594786077,0,0,0
2025-10-18 10:30:00+00:00,611,26.999999998224663,28.36949815103488,0,0,0
2025-10-18 10:45:00+00:00,611,29.0000000022701,27.1216257502219,0,0,0
2025-10-18 11:00:00+00:00,611,25.99999999802094,26.81339409378142,0,0,0
2025-10-18 11:15:00+00:00,611,27.000000001862645,26.068517190353376,0,0,0
2025-10-18 11:30:00+00:00,611,23.99999999761349,25.635659034481453,0,0,0
2025-10-18 11:45:00+00:00,611,25.00000000145519,24.778152769545112,0,0,0
2025-10-18 12:00:00+00:00,611,26.00000000165892,23.9656464927931,0,0,0
2025-10-18 12:15:00+00:00,611,23.99999999761349,23.61245255641642,0,0,0
2025-10-18 12:30:00+00:00,611,24.000000001251465,20.39160550030576,0,0,0
2025-10-18 12:45:00+00:00,611,20.00000000043656,20.35854571798369,0,0,0
2025-10-18 13:00:00+00:00,611,12.99999999901047,18.581842494178066,0,0,0
2025-10-18 13:15:00+00:00,611,12.99999999901047,15.777192463287276,0,0,0
2025-10-18 13:30:00+00:00,611,12.000000002444722,13.054920167001924,0,0,0
2025-10-18 13:45:00+00:00,611,10.999999998603016,10.891062662807032,0,0,0
2025-10-18 14:00:00+00:00,611,9.99999999839929,9.6668436848524,0,0,0
2025-10-18 14:15:00+00:00,611,10.000000002037268,7.882949276316058,0,0,0
2025-10-18 14:30:00+00:00,611,10.999999998603016,8.902361449908868,0,0,0
2025-10-18 14:45:00+00:00,611,12.000000002444722,11.145083906614236,0,0,0
2025-10-18 15:00:00+00:00,611,11.999999998806745,11.120492213817244,0,0,0
2025-10-18 15:15:00+00:00,611,10.999999998603016,12.064425783456713,0,0,0
2025-10-18 15:30:00+00:00,611,10.000000002037268,11.477604850489293,0,0,0
2025-10-18 15:45:00+00:00,611,8.999999998195563,11.05576341808926,0,0,0
2025-10-18 16:00:00+00:00,611,10.000000002037268,10.352944520114352,0,0,0
2025-10-18 16:15:00+00:00,611,7.999999997991836,9.152785622595887,0,0,0
2025-10-18 16:30:00+00:00,611,9.000000001833541,7.761487312217477,0,0,0
2025-10-18 16:45:00+00:00,611,11.999999998806745,8.20140947990487,0,0,0
2025-10-18 17:00:00+00:00,611,11.999999998806745,10.992639071350135,0,0,0
2025-10-18 17:15:00+00:00,611,12.000000002444722,12.26968582617345,0,0,0
2025-10-18 17:30:00+00:00,611,11.999999998806745,11.730534773233105,0,0,0
2025-10-18 17:45:00+00:00,611,9.99999999839929,11.15763705635288,0,0,0
2025-10-18 18:00:00+00:00,611,11.000000002240997,11.359433115883997,0,0,0
2025-10-18 18:15:00+00:00,611,10.999999998603016,12.24388599068162,1,0,1
2025-10-18 18:30:00+00:00,611,12.000000002444722,13.734287492152566,1,0,1
2025-10-18 18:45:00+00:00,611,19.00000000023283,14.28826454100287,1,0,1
2025-10-18 19:00:00+00:00,611,64.99999999869033,20.13996874865942,1,0,1
2025-10-18 19:15:00+00:00,611,68.99999999950523,70.90126190046625,0,0,0
2025-10-18 19:30:00+00:00,611,41.00000000107684,45.84881275900823,0,0,0
2025-10-18 19:45:00+00:00,611,18.000000000029104,25.837346405532674,0,0,0
2025-10-18 20:00:00+00:00,611,14.999999999417923,15.964253470330377,0,0,0
2025-10-18 20:15:00+00:00,611,16.999999999825377,16.64548994158417,0,0,0
2025-10-18 20:30:00+00:00,611,21.000000000640284,23.183016978594924,0,0,0
2025-10-18 20:45:00+00:00,611,28.99999999863212,27.0499342373842,0,0,0
2025-10-18 21:00:00+00:00,611,29.999999998835847,28.112054329177244,0,0,0
2025-10-18 21:15:00+00:00,611,32.00000000288128,28.912686204656872,0,0,0
2025-10-18 21:30:00+00:00,611,31.9999999992433,29.679461988339312,0,0,0
2025-10-18 21:45:00+00:00,611,31.9999999992433,29.577061173979352,0,0,0
2025-10-18 22:00:00+00:00,611,32.99999999944703,30.35709547345361,0,0,0
2025-10-18 22:15:00+00:00,611,30.999999999039574,31.500524899488543,0,0,0
2025-10-18 22:30:00+00:00,611,30.000000002473826,32.73797947253515,0,0,0
2025-10-18 22:45:00+00:00,611,30.999999999039574,32.67821411738883,0,0,0
2025-10-18 23:00:00+00:00,611,30.999999999039574,32.701766245541435,0,0,0
2025-10-18 23:15:00+00:00,611,32.99999999944703,32.72673354206485,0,0,0
2025-10-18 23:30:00+00:00,611,33.000000003085006,32.889414318251426,0,0,0
2025-10-18 23:45:00+00:00,611,33.999999999650754,33.043719427089705,0,0,0
2025-10-19 00:00:00+00:00,611,30.999999999039574,33.304724090574226,0,0,0
2025-10-19 00:15:00+00:00,611,32.99999999944703,33.65343961795297,0,0,0
2025-10-19 00:30:00+00:00,611,33.999999999650754,34.48235785516845,0,0,0
2025-10-19 00:45:00+00:00,611,36.00000000005821,34.030822286435885,0,0,0
2025-10-19 01:00:00+00:00,611,36.00000000005821,34.34349686175842,0,0,0
2025-10-19 01:15:00+00:00,611,30.999999999039574,34.63079822235713,0,0,0
2025-10-19 01:30:00+00:00,611,34.00000000328873,34.60248598241178,0,0,0
2025-10-19 01:45:00+00:00,611,38.99999999703141,34.33118474905681,0,0,0
2025-10-19 02:00:00+00:00,611,38.00000000046566,34.516774395045616,0,0,0
2025-10-19 02:15:00+00:00,611,32.99999999944703,34.737153227128346,0,0,0
2025-10-19 02:30:00+00:00,611,34.00000000328873,34.89064206330132,0,0,0
2025-10-19 05:30:00+00:00,611,37.000000000261934,34.954822980365364,0,0,0
2025-10-19 05:45:00+00:00,611,39.00000000066939,37.51919383606967,0,0,0
2025-10-19 06:00:00+00:00,611,38.00000000046566,38.23400913259032,0,0,0
2025-10-19 06:15:00+00:00,611,53.99999999644933,38.971197989665285,0,0,0
2025-10-19 06:30:00+00:00,611,50.00000000291038,47.08734386556995,0,0,0
2025-10-19 06:45:00+00:00,611,38.00000000046566,48.99017600371272,0,0,0
2025-10-19 07:00:00+00:00,611,41.99999999764259,43.33513361882293,0,0,0
2025-10-19 07:15:00+00:00,611,39.00000000066939,40.14155554112615,0,0,0
2025-10-19 07:30:00+00:00,611,39.00000000066939,36.08662347842944,0,0,0
2025-10-19 07:45:00+00:00,611,40.00000000087312,36.48522775745533,0,0,0
2025-10-19 08:00:00+00:00,611,33.999999999650754,35.984015638393494,0,0,0
2025-10-19 08:15:00+00:00,611,37.000000000261934,36.348658834029386,0,0,0
2025-10-19 08:30:00+00:00,611,38.99999999703141,35.84408402648768,0,0,0
2025-10-19 08:45:00+00:00,611,40.00000000087312,35.5587287072432,0,0,0
2025-10-19 09:00:00+00:00,611,38.00000000046566,36.34622480358177,0,0,0
2025-10-19 09:15:00+00:00,611,33.999999999650754,36.15922146797698,0,0,0
2025-10-19 09:30:00+00:00,611,31.9999999992433,34.9222933316493,0,0,0
2025-10-19 09:45:00+00:00,611,32.00000000288128,32.498719898802875,0,0,0
2025-10-19 10:00:00+00:00,611,29.999999998835847,29.6285247995188,0,0,0
2025-10-19 10:15:00+00:00,611,32.99999999944703,29.470573081273574,0,0,0
2025-10-19 10:30:00+00:00,611,29.999999998835847,27.67179204787931,0,0,0
2025-10-19 10:45:00+00:00,611,25.00000000145519,26.16544513309327,0,0,0
2025-10-19 11:00:00+00:00,611,26.00000000165892,24.051894868161984,0,0,0
2025-10-19 11:15:00+00:00,611,22.99999999740976,24.104047593451483,0,0,0
2025-10-19 11:30:00+00:00,611,23.00000000104773,22.38449898314256,0,0,0
2025-10-19 11:45:00+00:00,611,20.00000000043656,20.81236226603913,0,0,0
2025-10-19 12:00:00+00:00,611,5.999999997584382,16.33668526764767,0,0,0
2025-10-19 12:15:00+00:00,611,6.000000001222361,9.33409279460152,0,0,0
2025-10-19 12:30:00+00:00,611,6.000000001222361,5.435925010022782,0,0,0
2025-10-19 12:45:00+00:00,611,4.000000000814907,4.138338350632406,0,0,0
2025-10-19 13:00:00+00:00,611,4.999999997380655,3.4708121547705133,0,0,0
2025-10-19 13:15:00+00:00,611,2.0000000004074536,3.333916426527484,0,0,0
2025-10-19 13:30:00+00:00,611,3.0000000006111804,2.8385158139414277,0,0,0
2025-10-19 13:45:00+00:00,611,4.000000000814907,2.6182390159418567,0,0,0
2025-10-19 14:00:00+00:00,611,3.0000000006111804,2.2969573481403778,0,0,0
2025-10-19 14:15:00+00:00,611,2.0000000004074536,2.7118989105108966,0,0,0
2025-10-19 14:30:00+00:00,611,1.9999999967694748,2.3566901706804693,0,0,0
2025-10-19 14:45:00+00:00,611,3.0000000006111804,2.161198782360419,0,0,0
2025-10-19 15:00:00+00:00,611,2.0000000004074536,2.158693771681037,0,0,0
2025-10-19 15:15:00+00:00,611,2.0000000004074536,1.8413115803621596,0,0,0
2025-10-19 15:30:00+00:00,611,3.0000000006111804,1.7809709895875765,0,0,0
2025-10-19 15:45:00+00:00,611,2.0000000004074536,1.6642232958820706,0,0,0
2025-10-19 16:00:00+00:00,611,2.0000000004074536,1.2874705769560677,0,0,0
2025-10-19 16:15:00+00:00,611,2.0000000004074536,1.4633477612316632,0,0,0
2025-10-19 16:30:00+00:00,611,1.9999999967694748,1.5076423833628176,0,0,0
2025-10-19 16:45:00+00:00,611,0.0,1.4624812109021974,0,0,0
2025-10-19 17:00:00+00:00,611,1.0000000002037268,1.025238546963941,0,0,0
2025-10-19 17:15:00+00:00,611,2.0000000004074536,0.947265283615014,0,0,0
2025-10-19 17:30:00+00:00,611,1.0000000002037268,1.3727769854992395,0,0,0
2025-10-19 17:45:00+00:00,611,2.0000000004074536,1.1593364710715583,0,0,0
2025-10-19 18:00:00+00:00,611,0.0,1.588349864389535,0,0,0
2025-10-19 18:15:00+00:00,611,2.0000000004074536,1.7755868432572193,0,0,0
2025-10-19 18:30:00+00:00,611,2.0000000004074536,2.640268026621161,0,0,0
2025-10-19 18:45:00+00:00,611,2.0000000004074536,2.8180099207354203,0,0,0
2025-10-19 19:00:00+00:00,611,1.0000000002037268,3.155750129777463,0,0,0
2025-10-19 19:15:00+00:00,611,1.0000000002037268,3.101326037071477,0,0,0
2025-10-19 19:30:00+00:00,611,2.0000000004074536,3.000072736458385,0,0,0
2025-10-19 19:45:00+00:00,611,4.999999997380655,2.799028623757536,0,0,0
2025-10-19 20:00:00+00:00,611,8.000000001629815,3.5368947505439365,0,0,0
2025-10-19 20:15:00+00:00,611,7.999999997991836,13.351956170636264,0,0,0
2025-10-19 20:30:00+00:00,611,7.000000001426088,8.380480774609898,0,0,0
2025-10-19 20:45:00+00:00,611,6.000000001222361,7.767496971840266,0,0,0
2025-10-19 21:00:00+00:00,611,6.999999997788109,7.348942811423862,0,0,0
2025-10-19 21:15:00+00:00,611,8.000000001629815,7.442426734168317,0,0,0
2025-10-19 21:30:00+00:00,611,8.999999998195563,7.759684710081606,0,0,0
2025-10-19 21:45:00+00:00,611,10.000000002037268,8.329110310624648,0,0,0
2025-10-19 22:00:00+00:00,611,9.99999999839929,9.014684709167677,0,0,0
2025-10-19 22:15:00+00:00,611,11.000000002240997,9.456152175650791,0,0,0
2025-10-19 22:30:00+00:00,611,9.99999999839929,9.705496857313047,0,0,0
2025-10-19 22:45:00+00:00,611,9.99999999839929,9.658490198826527,0,0,0
2025-10-19 23:00:00+00:00,611,9.000000001833541,10.099031225409624,0,0,0
2025-10-19 23:15:00+00:00,611,9.99999999839929,10.122681690758316,0,0,0
2025-10-19 23:30:00+00:00,611,9.000000001833541,10.15481651193519,0,0,0
2025-10-19 23:45:00+00:00,611,8.999999998195563,9.799422927751207,0,0,0
2025-10-20 00:00:00+00:00,611,9.000000001833541,9.318799512165771,0,0,0
2025-10-20 00:15:00+00:00,611,8.999999998195563,9.578465902530557,0,0,0
2025-10-20 00:30:00+00:00,611,9.000000001833541,9.066226708713026,0,0,0
2025-10-20 00:45:00+00:00,611,8.999999998195563,9.2367788968514,0,0,0
2025-10-20 01:00:00+00:00,611,9.000000001833541,9.467185904803213,0,0,0
2025-10-20 01:15:00+00:00,611,8.999999998195563,9.269137010007372,0,0,0
2025-10-20 01:30:00+00:00,611,9.000000001833541,9.261920686444574,0,0,0
2025-10-20 01:45:00+00:00,611,6.999999997788109,9.338045506257949,0,0,0
2025-10-20 02:00:00+00:00,611,8.000000001629815,8.974008600101719,0,0,0
2025-10-20 02:15:00+00:00,611,7.000000001426088,8.955092368336286,0,0,0
2025-10-20 02:30:00+00:00,611,8.999999998195563,8.311032532846943,0,0,0
2025-10-20 02:45:00+00:00,611,7.000000001426088,8.521089656227147,0,0,0
2025-10-20 03:00:00+00:00,611,8.999999998195563,8.34359323541441,0,0,0
2025-10-20 03:15:00+00:00,611,9.000000001833541,8.550366044320645,0,0,0
2025-10-20 03:30:00+00:00,611,8.999999998195563,8.593530897762871,0,0,0
2025-10-20 03:45:00+00:00,611,7.000000001426088,8.67956781119129,0,0,0
2025-10-20 04:00:00+00:00,611,5.999999997584382,8.653328785515415,0,0,0
2025-10-20 04:15:00+00:00,611,6.000000001222361,8.626113781652766,0,0,0
2025-10-20 04:30:00+00:00,611,8.000000001629815,7.96238650694514,0,0,0
2025-10-20 04:45:00+00:00,611,6.999999997788109,7.81102412021546,0,0,0
2025-10-20 05:00:00+00:00,611,8.000000001629815,7.808276593744214,0,0,0
2025-10-20 05:15:00+00:00,611,20.00000000043656,8.652051141343641,0,0,0
2025-10-20 05:30:00+00:00,611,23.99999999761349,24.835452301015003,0,0,0
2025-10-20 05:45:00+00:00,611,31.000000002677552,14.218386720962254,0,0,0
2025-10-20 06:00:00+00:00,611,36.00000000005821,30.572526391880373,0,0,0
2025-10-20 06:15:00+00:00,611,111.99999999735157,42.105409976019416,0,0,0
2025-10-20 06:30:00+00:00,611,118.00000000221188,95.19051384492666,0,0,0
2025-10-20 06:45:00+00:00,611,80.99999999831198,56.67334838086883,0,0,0
2025-10-20 07:00:00+00:00,611,52.99999999988359,46.712952718104965,0,0,0
2025-10-20 07:15:00+00:00,611,33.999999999650754,41.120748540895,0,0,0
2025-10-20 07:30:00+00:00,611,22.00000000084401,33.89896467589336,0,0,0
2025-10-20 07:45:00+00:00,611,22.00000000084401,31.197309179426146,0,0,0
2025-10-20 08:00:00+00:00,611,32.99999999944703,29.14799750299721,0,0,0
2025-10-20 08:15:00+00:00,611,26.00000000165892,28.89565390654288,0,0,0
2025-10-20 08:30:00+00:00,611,30.999999999039574,26.61251116535687,0,0,0
2025-10-20 08:45:00+00:00,611,39.00000000066939,26.69667745392731,0,0,0
2025-10-20 09:00:00+00:00,611,24.999999997817213,28.01385909354937,0,0,0
2025-10-20 09:15:00+00:00,611,30.999999999039574,26.367366147407388,0,0,0
2025-10-20 09:30:00+00:00,611,35.00000000349246,26.120128691375665,0,0,0
2025-10-20 09:45:00+00:00,611,22.99999999740976,27.87613526260241,0,0,0
2025-10-20 10:00:00+00:00,611,27.000000001862645,26.7004098311143,0,0,0
2025-10-20 10:15:00+00:00,611,26.999999998224663,25.53957102448411,0,0,0
2025-10-20 10:30:00+00:00,611,22.00000000084401,24.9152126395741,0,0,0
2025-10-20 10:45:00+00:00,611,23.00000000104773,21.85127551893202,0,0,0
2025-10-20 11:00:00+00:00,611,23.99999999761349,17.169510375119895,0,0,0
2025-10-20 11:15:00+00:00,611,22.00000000084401,20.968813787510893,0,0,0
2025-10-20 11:30:00+00:00,611,22.00000000084401,19.69296630285345,0,0,0
2025-10-20 11:45:00+00:00,611,28.99999999863212,21.55158441100321,0,0,0
2025-10-20 12:00:00+00:00,611,24.000000001251465,28.16339521806593,0,0,0
2025-10-20 12:15:00+00:00,611,26.999999998224663,23.01715835828203,0,0,0
2025-10-20 12:30:00+00:00,611,27.000000001862645,23.18925436646129,0,0,0
2025-10-20 12:45:00+00:00,611,23.00000000104773,22.09717544122142,0,0,0
2025-10-20 13:00:00+00:00,611,18.000000000029104,19.74905103723177,0,0,0
2025-10-20 13:15:00+00:00,611,13.999999999214197,18.240781001791344,0,0,0
2025-10-20 13:30:00+00:00,611,11.999999998806745,16.176840743222044,0,0,0
2025-10-20 13:45:00+00:00,611,12.99999999901047,14.797022745954246,0,0,0
2025-10-20 14:00:00+00:00,611,15.000000003055902,14.753571014075302,0,0,0
2025-10-20 14:15:00+00:00,611,21.999999997206032,14.92870438467219,0,0,0
2025-10-20 14:30:00+00:00,611,18.000000000029104,15.78167235104004,0,0,0
2025-10-20 14:45:00+00:00,611,15.99999999962165,15.659445870695157,0,0,0
2025-10-20 15:00:00+00:00,611,15.000000003055902,15.19982816744774,0,0,0
2025-10-20 15:15:00+00:00,611,16.999999999825377,14.94014772891209,0,0,0
2025-10-20 15:30:00+00:00,611,20.999999997002305,15.326530099280903,0,0,0
2025-10-20 15:45:00+00:00,611,20.00000000043656,16.7636010472415,0,0,0
2025-10-20 16:00:00+00:00,611,20.00000000043656,16.701335487368993,0,0,0
2025-10-20 16:15:00+00:00,611,20.00000000043656,16.742969459875077,0,0,0
2025-10-20 16:30:00+00:00,611,23.00000000104773,16.345127478963246,0,0,0
2025-10-20 16:45:00+00:00,611,18.000000000029104,16.959632181073932,0,0,0
2025-10-20 17:00:00+00:00,611,20.00000000043656,16.60344006928259,0,0,0
2025-10-20 17:15:00+00:00,611,13.999999999214197,16.897738897729486,0,0,0
2025-10-20 17:30:00+00:00,611,11.999999998806745,15.55588645192711,0,0,0
2025-10-20 17:45:00+00:00,611,13.999999999214197,14.633252127459109,0,0,0
2025-10-20 18:00:00+00:00,611,23.00000000104773,15.64913414358772,0,0,0
2025-10-20 18:15:00+00:00,611,29.999999998835847,18.049960999974346,0,0,0
2025-10-20 18:30:00+00:00,611,33.000000003085006,21.053631467583266,0,0,0
2025-10-20 18:45:00+00:00,611,30.999999999039574,21.226772216048825,0,0,0
2025-10-20 19:00:00+00:00,611,32.99999999944703,23.361424312381985,0,0,0
2025-10-20 19:15:00+00:00,611,37.000000000261934,23.40354072865084,0,0,0
2025-10-20 19:30:00+00:00,611,21.000000000640284,24.647684449163904,0,0,0
2025-10-20 19:45:00+00:00,611,5.999999997584382,8.487510091582884,0,0,0
2025-10-20 20:00:00+00:00,611,4.000000000814907,3.4443320920576,0,0,0
2025-10-20 20:15:00+00:00,611,2.0000000004074536,1.2405940488944545,0,0,0
2025-10-20 20:30:00+00:00,611,2.0000000004074536,1.113684352007894,0,0,0
2025-10-20 20:45:00+00:00,611,2.0000000004074536,1.524804811901717,0,0,0
2025-10-20 21:00:00+00:00,611,1.0000000002037268,1.656369628988216,0,0,0
2025-10-20 21:15:00+00:00,611,2.0000000004074536,1.6127493190588282,0,0,0
2025-10-20 21:30:00+00:00,611,1.0000000002037268,1.5719800484386788,0,0,0
2025-10-20 21:45:00+00:00,611,2.0000000004074536,1.4396477575962194,0,0,0
2025-10-20 22:00:00+00:00,611,1.0000000002037268,1.5719016744327732,0,0,0
2025-10-20 22:15:00+00:00,611,0.999999996565748,1.3521335680941888,0,0,0
2025-10-20 22:30:00+00:00,611,2.0000000004074536,1.2804642365789114,0,0,0
2025-10-20 22:45:00+00:00,611,1.0000000002037268,1.30178492369539,0,0,0
2025-10-20 23:00:00+00:00,611,1.0000000002037268,1.0829262515762963,0,0,0
2025-10-20 23:15:00+00:00,611,2.0000000004074536,0.9838999557348416,0,0,0
2025-10-20 23:30:00+00:00,611,1.0000000002037268,1.162546847804105,0,0,0
2025-10-20 23:45:00+00:00,611,1.0000000002037268,1.454371719423019,0,0,0
2025-10-21 00:00:00+00:00,611,2.0000000004074536,1.5973643538237177,0,0,0
2025-10-21 00:15:00+00:00,611,1.0000000002037268,1.6713967355548434,0,0,0
2025-10-21 00:30:00+00:00,611,1.0000000002037268,1.6795476321692178,0,0,0
2025-10-21 00:45:00+00:00,611,1.0000000002037268,1.553732213855703,0,0,0
2025-10-21 01:00:00+00:00,611,1.0000000002037268,1.424107523104123,0,0,0
2025-10-21 01:15:00+00:00,611,2.0000000004074536,1.3694497871352451,0,0,0
2025-10-21 01:30:00+00:00,611,1.0000000002037268,1.3845567464626107,0,0,0
2025-10-21 01:45:00+00:00,611,0.999999996565748,1.4512426742060356,0,0,0
2025-10-21 02:00:00+00:00,611,1.0000000002037268,1.5507894917471037,0,0,0
2025-10-21 02:15:00+00:00,611,2.0000000004074536,1.3937871341017465,0,0,0
2025-10-21 02:30:00+00:00,611,1.0000000002037268,1.6101614981090542,0,0,0
2025-10-21 02:45:00+00:00,611,1.0000000002037268,1.482642554233177,0,0,0
2025-10-21 03:00:00+00:00,611,1.0000000002037268,1.386035501291051,0,0,0
2025-10-21 03:15:00+00:00,611,1.0000000002037268,1.435641810765972,0,0,0
2025-10-21 03:30:00+00:00,611,2.0000000004074536,1.2329488864314089,0,0,0
2025-10-21 03:45:00+00:00,611,1.0000000002037268,1.314309977092293,0,0,0
2025-10-21 04:45:00+00:00,611,1.9999999967694748,1.3361245683214733,0,0,0
2025-10-21 05:00:00+00:00,611,9.000000001833541,1.951978634213113,0,0,0
2025-10-21 05:15:00+00:00,611,13.999999999214197,6.3786637457608695,0,0,0
2025-10-21 05:30:00+00:00,611,11.000000002240997,10.38235251738758,0,0,0
2025-10-21 05:45:00+00:00,611,5.999999997584382,7.399486651460014,0,0,0
2025-10-21 06:00:00+00:00,611,13.000000002648449,16.920812648695083,0,0,0
2025-10-21 06:15:00+00:00,611,101.99999999895226,68.37380963780885,0,0,0
2025-10-21 06:30:00+00:00,611,110.00000000058208,99.4682617276634,0,0,0
2025-10-21 06:45:00+00:00,611,79.99999999810825,55.62100433724661,0,0,0
2025-10-21 07:00:00+00:00,611,54.00000000008731,39.9180506213361,0,0,0
2025-10-21 07:15:00+00:00,611,28.00000000206637,33.04471167157959,0,0,0
2025-10-21 07:30:00+00:00,611,19.99999999679858,27.512414809979475,0,0,0
2025-10-21 07:45:00+00:00,611,29.0000000022701,25.14699267138412,0,0,0
2025-10-21 08:00:00+00:00,611,32.99999999944703,26.016787388944813,0,0,0
2025-10-21 08:15:00+00:00,611,31.9999999992433,27.89525852004383,0,0,0
2025-10-21 08:30:00+00:00,611,34.99999999985448,25.86557583520764,0,0,0
2025-10-21 08:45:00+00:00,611,33.999999999650754,28.23450853776571,0,0,0
2025-10-21 09:00:00+00:00,611,32.99999999944703,28.972416069687306,0,0,0
2025-10-21 09:15:00+00:00,611,30.000000002473826,28.19152704992221,0,0,0
2025-10-21 09:30:00+00:00,611,29.999999998835847,27.68068380066273,0,0,0
2025-10-21 09:45:00+00:00,611,30.999999999039574,28.847230600930708,0,0,0
2025-10-21 10:00:00+00:00,611,40.00000000087312,28.215231489822138,0,0,0
2025-10-21 10:15:00+00:00,611,29.999999998835847,30.41730741255812,0,0,0
2025-10-21 10:30:00+00:00,611,26.00000000165892,28.186678212839748,0,0,0
2025-10-21 10:45:00+00:00,611,23.00000000104773,27.29181416467248,0,0,0
2025-10-21 11:00:00+00:00,611,22.99999999740976,24.82389213514365,0,0,0
2025-10-21 11:15:00+00:00,611,28.00000000206637,23.638270876343604,0,0,0
2025-10-21 11:30:00+00:00,611,28.99999999863212,25.283190427348128,0,0,0
2025-10-21 11:45:00+00:00,611,32.99999999944703,26.65088337440012,0,0,0
2025-10-21 12:00:00+00:00,611,28.00000000206637,27.90412661275,0,0,0
2025-10-21 12:15:00+00:00,611,24.999999997817213,26.50804009423709,0,0,0
2025-10-21 12:30:00+00:00,611,21.000000000640284,24.73179306629604,0,0,0
2025-10-21 12:45:00+00:00,611,24.000000001251465,22.646186091980404,0,0,0
2025-10-21 13:00:00+00:00,611,26.999999998224663,23.36626649506772,0,0,0
2025-10-21 13:15:00+00:00,611,27.000000001862645,24.460349133100127,0,0,0
2025-10-21 13:30:00+00:00,611,27.9999999984284,23.934256964049755,0,0,0
2025-10-21 13:45:00+00:00,611,24.000000001251465,25.13330827420172,0,0,0
2025-10-21 14:00:00+00:00,611,16.999999999825377,22.06231453551831,0,0,0
2025-10-21 14:15:00+00:00,611,12.99999999901047,17.77456435512201,0,0,0
2025-10-21 14:30:00+00:00,611,13.000000002648449,14.579907525777887,0,0,0
2025-10-21 14:45:00+00:00,611,10.999999998603016,15.219745516232027,0,0,0
2025-10-21 15:00:00+00:00,611,14.999999999417923,15.961320729816867,0,0,0
2025-10-21 15:15:00+00:00,611,18.000000000029104,16.30197667369189,0,0,0
2025-10-21 15:30:00+00:00,611,22.00000000084401,16.69302636398798,0,0,0
2025-10-21 15:45:00+00:00,611,20.00000000043656,18.34375557302474,0,0,0
2025-10-21 16:00:00+00:00,611,18.000000000029104,17.899378656416665,0,0,0
2025-10-21 16:15:00+00:00,611,19.00000000023283,17.723515520311942,0,0,0
2025-10-21 16:30:00+00:00,611,19.00000000023283,18.29441950599472,0,0,0
2025-10-21 16:45:00+00:00,611,18.000000000029104,19.04954011380809,0,0,0
2025-10-21 17:00:00+00:00,611,22.99999999740976,20.459225261723347,0,0,0
2025-10-21 17:15:00+00:00,611,25.00000000145519,21.404003200369857,0,0,0
2025-10-21 17:30:00+00:00,611,25.00000000145519,22.527130801365114,0,0,0
2025-10-21 17:45:00+00:00,611,26.999999998224663,22.430079382597043,0,0,0
2025-10-21 18:00:00+00:00,611,26.999999998224663,23.635958843169337,0,0,0
2025-10-21 18:15:00+00:00,611,27.000000001862645,24.266915432123856,0,0,0
2025-10-21 18:30:00+00:00,611,28.99999999863212,25.339529507556943,0,0,0
2025-10-21 18:45:00+00:00,611,24.000000001251465,25.7542389054194,0,0,0
2025-10-21 19:00:00+00:00,611,27.000000001862645,25.21923502039542,0,0,0
2025-10-21 19:15:00+00:00,611,27.9999999984284,24.52782397654453,0,0,0
2025-10-21 19:30:00+00:00,611,29.999999998835847,23.679637563914447,0,0,0
2025-10-21 19:45:00+00:00,611,8.000000001629815,11.494098881845732,0,0,0
2025-10-21 20:00:00+00:00,611,5.000000001018634,3.5925358584737275,0,0,0
2025-10-21 20:15:00+00:00,611,1.9999999967694748,1.3855504697073222,0,0,0
2025-10-21 20:30:00+00:00,611,2.0000000004074536,0.9133929255147208,0,0,0
2025-10-21 20:45:00+00:00,611,2.0000000004074536,1.8660186160357703,0,0,0
2025-10-21 21:00:00+00:00,611,2.0000000004074536,2.839651497649669,0,0,0
2025-10-21 21:15:00+00:00,611,1.0000000002037268,3.137123733958404,0,0,0
2025-10-21 21:30:00+00:00,611,2.0000000004074536,3.118263694876454,0,0,0
2025-10-21 21:45:00+00:00,611,2.0000000004074536,2.067365873476451,0,0,0
2025-10-21 22:00:00+00:00,611,2.0000000004074536,1.943042518784836,0,0,0
2025-10-21 22:15:00+00:00,611,2.0000000004074536,1.8487083120140253,0,0,0
2025-10-21 22:30:00+00:00,611,1.9999999967694748,2.331832302014355,0,0,0
2025-10-21 22:45:00+00:00,611,4.000000000814907,2.5469556394368063,0,0,0
2025-10-21 23:00:00+00:00,611,3.0000000006111804,2.8087869268704253,0,0,0
2025-10-21 23:15:00+00:00,611,4.000000000814907,2.898517769860294,0,0,0
2025-10-21 23:30:00+00:00,611,3.0000000006111804,3.438431860292116,0,0,0
2025-10-21 23:45:00+00:00,611,3.0000000006111804,3.347562376084348,0,0,0
2025-10-22 00:00:00+00:00,611,2.9999999969732016,3.4134852663362985,0,0,0
2025-10-22 00:15:00+00:00,611,4.000000000814907,3.485905805304423,0,0,0
2025-10-22 00:30:00+00:00,611,4.000000000814907,3.770095865744089,0,0,0
2025-10-22 00:45:00+00:00,611,7.000000001426088,4.232348710095788,0,0,0
2025-10-22 01:00:00+00:00,611,5.999999997584382,4.6723048891442325,0,0,0
2025-10-22 01:15:00+00:00,611,5.000000001018634,5.040165855286812,0,0,0
2025-10-22 01:30:00+00:00,611,3.0000000006111804,5.1441518948228655,0,0,0
2025-10-22 01:45:00+00:00,611,4.999999997380655,4.854054208843571,0,0,0
2025-10-22 02:00:00+00:00,611,5.000000001018634,5.06039817884956,0,0,0
2025-10-22 02:15:00+00:00,611,6.000000001222361,5.254524676462957,0,0,0
2025-10-22 02:30:00+00:00,611,4.000000000814907,5.431709080006893,0,0,0
2025-10-22 02:45:00+00:00,611,4.999999997380655,5.4154146805522885,0,0,0
2025-10-22 03:00:00+00:00,611,4.000000000814907,5.326991056830764,0,0,0
2025-10-22 03:15:00+00:00,611,6.000000001222361,5.234548177485532,0,0,0
2025-10-22 03:30:00+00:00,611,4.000000000814907,5.298139071373029,0,0,0
2025-10-22 03:45:00+00:00,611,4.999999997380655,5.174992805524852,0,0,0
2025-10-22 04:00:00+00:00,611,4.000000000814907,5.189601424475033,0,0,0
2025-10-22 04:15:00+00:00,611,6.000000001222361,5.324557026383147,0,0,0
2025-10-22 04:30:00+00:00,611,3.999999997176928,5.476182631472291,0,0,0
2025-10-22 04:45:00+00:00,611,6.000000001222361,5.371602132495205,0,0,0
2025-10-22 05:00:00+00:00,611,11.000000002240997,5.410558449695685,0,0,0
2025-10-22 05:15:00+00:00,611,18.000000000029104,16.47007265006022,0,0,0
2025-10-22 05:30:00+00:00,611,12.99999999901047,14.449969339002676,0,0,0
2025-10-22 05:45:00+00:00,611,6.999999997788109,8.767382187923499,0,0,0
2025-10-22 06:00:00+00:00,611,12.000000002444722,7.591979124987983,0,0,0
2025-10-22 06:15:00+00:00,611,121.99999999938882,92.275752032623,0,0,0
2025-10-22 06:30:00+00:00,611,129.0000000008149,106.64930811527368,0,0,0
2025-10-22 06:45:00+00:00,611,81.9999999985157,68.8656908139032,0,0,0
2025-10-22 07:00:00+00:00,611,50.99999999947613,41.88625555293464,0,0,0
2025-10-22 07:15:00+00:00,611,30.000000002473826,33.22011269680043,0,0,0
2025-10-22 07:30:00+00:00,611,19.99999999679858,28.438884285095043,0,0,0
2025-10-22 07:45:00+00:00,611,28.00000000206637,26.38598219194265,0,0,0
2025-10-22 08:00:00+00:00,611,30.999999999039574,29.347889665686704,0,0,0
2025-10-22 08:15:00+00:00,611,47.99999999886495,30.015739708856024,0,0,0
2025-10-22 08:30:00+00:00,611,38.00000000046566,29.079584389614165,0,0,0
2025-10-22 08:45:00+00:00,611,32.99999999944703,29.339462241919414,0,0,0
2025-10-22 09:00:00+00:00,611,30.000000002473826,30.1954424318728,0,0,0
2025-10-22 09:15:00+00:00,611,29.999999998835847,28.947260971300675,0,0,0
2025-10-22 09:30:00+00:00,611,31.9999999992433,28.5406610649174,0,0,0
2025-10-22 09:45:00+00:00,611,31.000000002677552,32.775044462310056,0,0,0
2025-10-22 10:00:00+00:00,611,28.99999999863212,31.42378639642137,0,0,0
2025-10-22 10:15:00+00:00,611,26.999999998224663,30.56011076634077,0,0,0
2025-10-22 10:30:00+00:00,611,30.000000002473826,24.4368369313279,0,0,0
2025-10-22 10:45:00+00:00,611,40.00000000087312,25.122672330098148,0,0,0
2025-10-22 11:00:00+00:00,611,26.999999998224663,27.04635565069937,0,0,0
2025-10-22 11:15:00+00:00,611,20.00000000043656,24.64503304175651,0,0,0
2025-10-22 11:30:00+00:00,611,23.00000000104773,23.157935078572304,0,0,0
2025-10-22 11:45:00+00:00,611,21.999999997206032,23.648951922469443,0,0,0
2025-10-22 12:00:00+00:00,611,21.000000000640284,23.079627616632152,0,0,0
2025-10-22 12:15:00+00:00,611,21.000000000640284,22.95914310947517,0,0,0
2025-10-22 12:30:00+00:00,611,19.00000000023283,20.574839489852856,0,0,0
2025-10-22 12:45:00+00:00,611,20.00000000043656,19.791797403057547,0,0,0
2025-10-22 13:00:00+00:00,611,20.00000000043656,17.350950635060087,0,0,0
2025-10-22 13:15:00+00:00,611,19.00000000023283,18.919513941120584,0,0,0
2025-10-22 13:30:00+00:00,611,15.99999999962165,19.524043702536016,0,0,0
2025-10-22 13:45:00+00:00,611,16.999999999825377,19.032267887723176,0,0,0
2025-10-22 14:00:00+00:00,611,15.99999999962165,19.26196694180087,0,0,0
2025-10-22 14:15:00+00:00,611,14.999999999417923,18.53054005291492,0,0,0
2025-10-22 14:30:00+00:00,611,15.99999999962165,16.633587074281333,0,0,0
2025-10-22 15:00:00+00:00,611,20.00000000043656,15.722538793894174,0,0,0
2025-10-22 15:15:00+00:00,611,20.00000000043656,15.485157608482725,0,0,0
2025-10-22 15:30:00+00:00,611,26.00000000165892,16.185844881372432,0,0,0
2025-10-22 15:45:00+00:00,611,20.999999997002305,18.509012340122464,0,0,0
2025-10-22 16:00:00+00:00,611,24.000000001251465,17.615588599158094,0,0,0
2025-10-22 16:15:00+00:00,611,22.00000000084401,18.754059020875854,0,0,0
2025-10-22 16:30:00+00:00,611,19.00000000023283,18.127282502132637,0,0,0
2025-10-22 16:45:00+00:00,611,21.000000000640284,17.051553799342138,0,0,0
2025-10-22 17:00:00+00:00,611,19.99999999679858,17.69866800292963,0,0,0
2025-10-22 17:15:00+00:00,611,13.000000002648449,16.651256715726387,0,0,0
2025-10-22 17:30:00+00:00,611,12.99999999901047,16.12671982706683,0,0,0
2025-10-22 17:45:00+00:00,611,18.000000000029104,15.5259335334996,0,0,0
2025-10-22 18:00:00+00:00,611,27.9999999984284,20.770730881354,0,0,0
2025-10-22 18:15:00+00:00,611,33.000000003085006,23.84528767979653,0,0,0
2025-10-22 18:30:00+00:00,611,34.99999999985448,25.65053530805558,0,0,0
2025-10-22 18:45:00+00:00,611,34.99999999985448,26.63597900448425,0,0,0
2025-10-22 19:00:00+00:00,611,30.999999999039574,27.439114411888426,0,0,0
2025-10-22 19:15:00+00:00,611,29.999999998835847,26.36063781293798,0,0,0
2025-10-22 19:30:00+00:00,611,31.9999999992433,27.697821090369548,0,0,0
2025-10-22 19:45:00+00:00,611,8.000000001629815,13.354197223578767,0,0,0
2025-10-22 20:00:00+00:00,611,6.000000001222361,5.4608716039786,0,0,0
2025-10-22 20:15:00+00:00,611,1.0000000002037268,2.6392565583185075,0,0,0
2025-10-22 20:30:00+00:00,611,1.0000000002037268,1.5584080366232378,0,0,0
2025-10-22 20:45:00+00:00,611,2.9999999969732016,2.146363913921487,0,0,0
2025-10-22 21:00:00+00:00,611,2.0000000004074536,2.280546127054325,0,0,0
2025-10-22 21:15:00+00:00,611,2.0000000004074536,2.5612640711568098,0,0,0
2025-10-22 21:30:00+00:00,611,2.0000000004074536,3.6627441802185032,0,0,0
2025-10-22 21:45:00+00:00,611,3.0000000006111804,3.2700223879001555,0,0,0
2025-10-22 22:00:00+00:00,611,3.0000000006111804,3.7680862379322377,0,0,0
2025-10-22 22:15:00+00:00,611,3.0000000006111804,3.780692622844704,0,0,0
2025-10-22 22:30:00+00:00,611,3.999999997176928,3.7580440138922846,0,0,0
2025-10-22 22:45:00+00:00,611,4.000000000814907,3.91894141175576,0,0,0
2025-10-22 23:00:00+00:00,611,5.000000001018634,3.839340039340719,0,0,0
2025-10-22 23:15:00+00:00,611,4.000000000814907,3.814952414710053,0,0,0
2025-10-22 23:30:00+00:00,611,4.999999997380655,4.487357022750977,0,0,0
2025-10-22 23:45:00+00:00,611,4.000000000814907,5.059839209524409,0,0,0
2025-10-23 00:00:00+00:00,611,8.000000001629815,5.540768727359328,0,0,0
2025-10-23 00:15:00+00:00,611,6.999999997788109,6.023688649193334,0,0,0
2025-10-23 00:30:00+00:00,611,5.000000001018634,6.396192905497221,0,0,0
2025-10-23 00:45:00+00:00,611,7.000000001426088,6.505617805292284,0,0,0
2025-10-23 01:00:00+00:00,611,5.999999997584382,6.588376319266047,0,0,0
2025-10-23 01:15:00+00:00,611,10.000000002037268,6.43191370713307,0,0,0
2025-10-23 01:30:00+00:00,611,10.999999998603016,7.368846851414693,0,0,0
2025-10-23 01:45:00+00:00,611,11.999999998806745,8.5855204828572,0,0,0
2025-10-23 02:00:00+00:00,611,8.000000001629815,9.514466132932991,0,0,0
2025-10-23 02:15:00+00:00,611,8.999999998195563,8.855555902079018,0,0,0
2025-10-23 02:30:00+00:00,611,8.000000001629815,8.506430759612801,0,0,0
2025-10-23 02:45:00+00:00,611,8.000000001629815,8.292663440368035,0,0,0
2025-10-23 03:00:00+00:00,611,9.99999999839929,7.945290622373522,0,0,0
2025-10-23 03:15:00+00:00,611,7.000000001426088,8.07042581346595,0,0,0
2025-10-23 03:30:00+00:00,611,7.999999997991836,7.985704991834844,0,0,0
2025-10-23 03:45:00+00:00,611,8.000000001629815,7.904750558751779,0,0,0
2025-10-23 04:00:00+00:00,611,3.0000000006111804,7.992332770975922,0,0,0
2025-10-23 04:15:00+00:00,611,6.999999997788109,7.841440628281687,0,0,0
2025-10-23 04:30:00+00:00,611,8.000000001629815,7.736823160433891,0,0,0
2025-10-23 04:45:00+00:00,611,7.999999997991836,7.78645904500538,0,0,0
2025-10-23 05:00:00+00:00,611,5.000000001018634,7.773570217920678,0,0,0
2025-10-23 05:15:00+00:00,611,6.000000001222361,7.813257040006407,0,0,0
2025-10-23 05:30:00+00:00,611,6.999999997788109,7.917816836415895,0,0,0
2025-10-23 05:45:00+00:00,611,7.000000001426088,7.656730841415808,0,0,0
2025-10-23 06:00:00+00:00,611,11.999999998806745,7.945741642596195,0,0,0
2025-10-23 06:15:00+00:00,611,127.00000000040744,73.81578119697807,0,0,0
2025-10-23 06:30:00+00:00,611,133.0000000016298,101.96016472424505,0,0,0
2025-10-23 06:45:00+00:00,611,79.99999999810825,75.17155094384832,0,0,0
2025-10-23 07:00:00+00:00,611,43.000000001484295,42.50981393148246,0,0,0
2025-10-23 07:15:00+00:00,611,38.00000000046566,32.704973664764324,0,0,0
2025-10-23 07:30:00+00:00,611,14.999999999417923,28.79291593608203,0,0,0
2025-10-23 07:45:00+00:00,611,14.999999999417923,26.2477910744699,0,0,0
2025-10-23 08:00:00+00:00,611,30.999999999039574,24.850045393039483,0,0,0
2025-10-23 08:15:00+00:00,611,27.000000001862645,25.849393821119996,0,0,0
2025-10-23 08:30:00+00:00,611,28.99999999863212,23.046405171278955,0,0,0
2025-10-23 08:45:00+00:00,611,27.9999999984284,23.57864896041565,0,0,0
2025-10-23 09:00:00+00:00,611,24.000000001251465,24.22045369479162,0,0,0
2025-10-23 09:15:00+00:00,611,21.000000000640284,24.06881773841868,0,0,0
2025-10-23 09:30:00+00:00,611,21.000000000640284,20.309894684127947,0,0,0
2025-10-23 09:45:00+00:00,611,21.000000000640284,25.93712686633664,0,0,0
2025-10-23 10:00:00+00:00,611,19.99999999679858,25.44357765479579,0,0,0
2025-10-23 10:15:00+00:00,611,20.00000000043656,22.58010645371664,0,0,0
2025-10-23 10:30:00+00:00,611,26.00000000165892,20.04269181978001,0,0,0
2025-10-23 10:45:00+00:00,611,23.00000000104773,19.95953108449291,0,0,0
2025-10-23 11:00:00+00:00,611,20.999999997002305,18.71826982682919,0,0,0
2025-10-23 11:15:00+00:00,611,18.000000000029104,19.793211092673538,0,0,0
2025-10-23 11:30:00+00:00,611,18.000000000029104,17.759809339443812,0,0,0
2025-10-23 11:45:00+00:00,611,20.00000000043656,19.78893453370968,0,0,0
2025-10-23 12:00:00+00:00,611,15.99999999962165,20.2383931912857,0,0,0
2025-10-23 12:15:00+00:00,611,14.000000002852175,17.38328434876139,0,0,0
2025-10-23 12:30:00+00:00,611,13.999999999214197,14.893973609393983,0,0,0
2025-10-23 12:45:00+00:00,611,16.999999999825377,11.33023584117382,0,0,0
2025-10-23 13:00:00+00:00,611,15.99999999962165,12.958290932737372,0,0,0
2025-10-23 13:15:00+00:00,611,18.000000000029104,13.908345807989177,0,0,0
2025-10-23 13:30:00+00:00,611,15.99999999962165,14.0418980715651,0,0,0
2025-10-23 13:45:00+00:00,611,14.999999999417923,15.290509110414884,0,0,0
2025-10-23 14:00:00+00:00,611,14.999999999417923,15.146720905916483,0,0,0
2025-10-23 14:15:00+00:00,611,13.000000002648449,14.602726191535575,0,0,0
2025-10-23 14:30:00+00:00,611,11.999999998806745,14.107516338322393,0,0,0
2025-10-23 14:45:00+00:00,611,13.999999999214197,13.542896690971784,0,0,0
2025-10-23 15:00:00+00:00,611,19.00000000023283,14.200115965679435,1,0,1
2025-10-23 15:15:00+00:00,611,22.00000000084401,16.69848296930493,1,0,1
2025-10-23 15:30:00+00:00,611,22.00000000084401,16.499284712318683,1,0,1
2025-10-23 15:45:00+00:00,611,25.99999999802094,18.9312959202162,1,0,1
2025-10-23 16:00:00+00:00,611,30.000000002473826,23.17913672592509,0,0,0
2025-10-23 16:15:00+00:00,611,47.99999999886495,28.16985737666622,0,0,0
2025-10-23 16:30:00+00:00,611,47.99999999886495,36.76032643320973,0,0,0
2025-10-23 16:45:00+00:00,611,38.00000000046566,31.9473025745606,0,0,0
2025-10-23 17:00:00+00:00,611,36.00000000005821,27.37525142711249,0,0,0
2025-10-23 17:15:00+00:00,611,37.000000000261934,27.5256481869392,0,0,0
2025-10-23 17:30:00+00:00,611,38.00000000046566,30.935658300081595,0,0,0
2025-10-23 17:45:00+00:00,611,34.99999999985448,34.95801117577549,0,0,0
2025-10-23 18:00:00+00:00,611,36.00000000005821,33.34035912443003,0,0,0
2025-10-23 18:15:00+00:00,611,32.99999999944703,33.125404365058024,0,0,0
2025-10-23 18:30:00+00:00,611,36.00000000005821,33.44084347253233,0,0,0
2025-10-23 18:45:00+00:00,611,34.99999999985448,33.74523036641886,0,0,0
2025-10-23 19:00:00+00:00,611,36.00000000005821,31.313971105351605,0,0,0
2025-10-23 19:15:00+00:00,611,30.999999999039574,20.112537846591817,0,0,0
2025-10-23 19:30:00+00:00,611,26.00000000165892,18.18152951394791,0,0,0
2025-10-23 19:45:00+00:00,611,8.999999998195563,12.150393934785608,0,0,0
2025-10-23 20:00:00+00:00,611,5.000000001018634,6.591852871867715,0,0,0
2025-10-23 20:15:00+00:00,611,2.0000000004074536,3.6001987659947154,0,0,0
2025-10-23 20:30:00+00:00,611,2.0000000004074536,3.6331853499527753,0,0,0
2025-10-23 20:45:00+00:00,611,2.0000000004074536,4.743351664876737,0,0,0
2025-10-23 21:00:00+00:00,611,2.0000000004074536,4.44973454240575,0,0,0
2025-10-23 21:15:00+00:00,611,1.9999999967694748,4.130279136817396,0,0,0
2025-10-23 21:30:00+00:00,611,2.0000000004074536,4.018358098871925,0,0,0
2025-10-23 21:45:00+00:00,611,2.0000000004074536,3.771394212483461,0,0,0
2025-10-23 22:00:00+00:00,611,1.0000000002037268,3.704101995260373,0,0,0
2025-10-23 22:15:00+00:00,611,3.0000000006111804,3.4890156267086354,0,0,0
2025-10-23 22:30:00+00:00,611,3.0000000006111804,3.6173257044177305,0,0,0
2025-10-23 22:45:00+00:00,611,6.000000001222361,3.748887563994572,0,0,0
2025-10-23 23:00:00+00:00,611,1.9999999967694748,4.109342925956312,0,0,0
2025-10-23 23:15:00+00:00,611,5.000000001018634,4.0152704587901376,0,0,0
2025-10-23 23:30:00+00:00,611,4.000000000814907,4.431436430158609,0,0,0
2025-10-23 23:45:00+00:00,611,7.000000001426088,4.763461251788723,0,0,0
2025-10-24 00:00:00+00:00,611,8.999999998195563,5.542183895730148,0,0,0
2025-10-24 00:15:00+00:00,611,8.000000001629815,6.214220293818789,0,0,0
2025-10-24 00:30:00+00:00,611,6.999999997788109,6.64448175621197,0,0,0
2025-10-24 00:45:00+00:00,611,9.000000001833541,6.936813840737038,0,0,0
2025-10-24 01:00:00+00:00,611,10.999999998603016,7.369433917081585,0,0,0
2025-10-24 01:15:00+00:00,611,9.000000001833541,8.232313977064482,0,0,0
2025-10-24 01:30:00+00:00,611,9.99999999839929,8.606588302898015,0,0,0
2025-10-24 01:45:00+00:00,611,9.99999999839929,9.229374771425393,0,0,0
2025-10-24 02:00:00+00:00,611,10.000000002037268,10.00652993524867,0,0,0
2025-10-24 02:15:00+00:00,611,11.999999998806745,10.3391536525843,0,0,0
2025-10-24 02:30:00+00:00,611,10.000000002037268,10.6723319029806,0,0,0
2025-10-24 02:45:00+00:00,611,46.99999999866122,10.951497154513218,0,0,0
2025-10-24 03:00:00+00:00,611,94.00000000096044,70.26548013450653,0,0,0
2025-10-24 03:15:00+00:00,611,64.99999999869033,65.49024363736599,0,0,0
2025-10-24 03:30:00+00:00,611,37.000000000261934,39.52501533299412,0,0,0
2025-10-24 03:45:00+00:00,611,25.00000000145519,28.885199109905788,0,0,0
2025-10-24 04:00:00+00:00,611,24.999999997817213,27.23995719034867,0,0,0
2025-10-24 04:15:00+00:00,611,28.00000000206637,28.31557091995125,0,0,0
2025-10-24 04:30:00+00:00,611,31.9999999992433,30.90829394198127,0,0,0
2025-10-24 04:45:00+00:00,611,31.9999999992433,31.499816575925728,0,0,0
2025-10-24 05:00:00+00:00,611,42.00000000128057,30.80803584336773,0,0,0
2025-10-24 05:15:00+00:00,611,45.9999999984575,51.18934765196563,0,0,0
2025-10-24 05:30:00+00:00,611,38.00000000046566,49.88599976376365,0,0,0
2025-10-24 05:45:00+00:00,611,33.999999999650754,40.76119226186896,0,0,0
2025-10-24 07:00:00+00:00,611,52.99999999988359,37.29222271496175,0,0,0
2025-10-24 07:15:00+00:00,611,33.999999999650754,66.57834101523028,0,0,0
2025-10-24 07:30:00+00:00,611,33.999999999650754,40.347628898998536,0,0,0
2025-10-24 07:45:00+00:00,611,42.00000000128057,40.236373300725866,0,0,0
2025-10-24 08:00:00+00:00,611,43.99999999805004,37.17190530710037,0,0,0
2025-10-24 08:15:00+00:00,611,41.00000000107684,37.25849527483464,0,0,0
2025-10-24 08:30:00+00:00,611,45.00000000189175,37.749722841294826,0,0,0
2025-10-24 08:45:00+00:00,611,42.99999999784632,39.5698570944118,0,0,0
2025-10-24 09:00:00+00:00,611,40.00000000087312,39.15285119030078,0,0,0
2025-10-24 09:15:00+00:00,611,42.00000000128057,37.97714054636094,0,0,0
2025-10-24 09:30:00+00:00,611,38.99999999703141,40.84653416052801,0,0,0
2025-10-24 09:45:00+00:00,611,42.00000000128057,40.47999520120205,0,0,0
2025-10-24 10:00:00+00:00,611,55.00000000029104,39.510887309363184,0,0,0
2025-10-24 10:15:00+00:00,611,36.00000000005821,40.71056856907207,0,0,0
2025-10-24 10:30:00+00:00,611,31.9999999992433,37.47220196513143,0,0,0
2025-10-24 10:45:00+00:00,611,36.00000000005821,35.01718502899043,0,0,0
2025-10-24 11:00:00+00:00,611,34.99999999985448,34.269139153965035,0,0,0
2025-10-24 11:15:00+00:00,611,39.00000000066939,34.47563839322801,0,0,0
2025-10-24 11:30:00+00:00,611,44.00000000168802,36.53135603557375,0,0,0
2025-10-24 11:45:00+00:00,611,44.99999999825377,39.03675414871978,0,0,0
2025-10-24 12:00:00+00:00,611,42.00000000128057,38.104993688828046,0,0,0
2025-10-24 12:15:00+00:00,611,38.00000000046566,35.80083636277506,0,0,0
2025-10-24 12:30:00+00:00,611,36.00000000005821,35.59639850774293,0,0,0
2025-10-24 12:45:00+00:00,611,41.99999999764259,34.93050929347612,0,0,0
2025-10-24 13:00:00+00:00,611,38.00000000046566,36.02641153932493,0,0,0
2025-10-24 13:15:00+00:00,611,32.99999999944703,34.72518418554694,0,0,0
2025-10-24 13:30:00+00:00,611,36.00000000005821,33.59931719123199,0,0,0
2025-10-24 13:45:00+00:00,611,36.00000000005821,33.21848163022466,0,0,0
2025-10-24 14:00:00+00:00,611,32.99999999944703,32.0370348963053,0,0,0
2025-10-24 14:15:00+00:00,611,36.00000000005821,29.05897941983465,0,0,0
2025-10-24 14:30:00+00:00,611,28.00000000206637,32.52732936846874,0,0,0
2025-10-24 14:45:00+00:00,611,27.9999999984284,30.934584724076142,0,0,0
2025-10-24 15:00:00+00:00,611,25.00000000145519,30.611555168067447,0,0,0
2025-10-24 15:15:00+00:00,611,29.999999998835847,28.938437241239363,0,0,0
2025-10-24 15:30:00+00:00,611,30.999999999039574,30.086838241007527,0,0,0
2025-10-24 15:45:00+00:00,611,31.000000002677552,29.59917743119353,0,0,0
2025-10-24 16:00:00+00:00,611,30.999999999039574,29.33621785382581,0,0,0
2025-10-24 16:15:00+00:00,611,31.9999999992433,28.61051152799369,0,0,0
2025-10-24 16:30:00+00:00,611,28.99999999863212,28.73454652549376,0,0,0
2025-10-24 16:45:00+00:00,611,28.00000000206637,29.29556688359194,0,0,0
2025-10-24 17:00:00+00:00,611,29.999999998835847,29.080285319402847,0,0,0
2025-10-24 17:15:00+00:00,611,33.999999999650754,29.933878799063127,0,0,0
2025-10-24 17:30:00+00:00,611,36.00000000005821,33.160372480486195,0,0,0
2025-10-24 17:45:00+00:00,611,33.999999999650754,34.48306174246679,0,0,0
2025-10-24 18:00:00+00:00,611,37.000000000261934,33.97692463044883,0,0,0
2025-10-24 18:15:00+00:00,611,31.000000002677552,34.106766698160186,0,0,0
2025-10-24 18:30:00+00:00,611,30.999999999039574,34.447962017858885,0,0,0
2025-10-24 18:45:00+00:00,611,34.99999999985448,35.62037799604094,0,0,0
2025-10-24 19:00:00+00:00,611,34.99999999985448,35.57326782471644,0,0,0
2025-10-24 19:15:00+00:00,611,29.999999998835847,34.10551123531084,0,0,0
2025-10-24 19:30:00+00:00,611,30.000000002473826,26.58284290723384,0,0,0
2025-10-24 19:45:00+00:00,611,11.999999998806745,20.108139290354615,0,0,0
2025-10-24 20:00:00+00:00,611,9.99999999839929,11.902449633945889,0,0,0
2025-10-24 20:15:00+00:00,611,12.000000002444722,7.755983386746015,0,0,0
2025-10-24 20:30:00+00:00,611,15.99999999962165,8.374203460363162,0,0,0
2025-10-24 20:45:00+00:00,611,20.00000000043656,16.316174198799764,0,0,0
2025-10-24 21:00:00+00:00,611,22.99999999740976,19.921907864770272,0,0,0
2025-10-24 21:15:00+00:00,611,29.0000000022701,24.063009189452558,0,0,0
2025-10-24 21:30:00+00:00,611,26.999999998224663,27.093873958356525,0,0,0
2025-10-24 21:45:00+00:00,611,30.999999999039574,25.23351313764144,0,0,0
2025-10-24 22:00:00+00:00,611,28.00000000206637,26.622053570264807,0,0,0
2025-10-24 22:15:00+00:00,611,25.00000000145519,26.38475482543504,0,0,0
2025-10-24 22:30:00+00:00,611,25.99999999802094,26.34364396244952,0,0,0
2025-10-24 22:45:00+00:00,611,26.00000000165892,26.79737326397008,0,0,0
2025-10-24 23:00:00+00:00,611,24.999999997817213,26.88477506810515,0,0,0
2025-10-24 23:15:00+00:00,611,27.000000001862645,26.9384952735128,0,0,0
2025-10-24 23:30:00+00:00,611,26.999999998224663,27.58267045187876,0,0,0
2025-10-24 23:45:00+00:00,611,28.00000000206637,27.7975749335866,0,0,0
2025-10-25 00:00:00+00:00,611,30.999999999039574,28.177409377575074,0,0,0
2025-10-25 00:15:00+00:00,611,29.999999998835847,28.147445368486352,0,0,0
2025-10-25 00:30:00+00:00,611,30.000000002473826,28.225328427790743,0,0,0
2025-10-25 00:45:00+00:00,611,29.999999998835847,28.25443032281448,0,0,0
2025-10-25 01:00:00+00:00,611,29.999999998835847,28.40296828782184,0,0,0
2025-10-25 01:15:00+00:00,611,29.0000000022701,28.998001485729013,0,0,0
2025-10-25 01:30:00+00:00,611,29.999999998835847,28.880848613200516,0,0,0
2025-10-25 01:45:00+00:00,611,30.999999999039574,28.936726321902853,0,0,0
2025-10-25 02:00:00+00:00,611,30.999999999039574,28.735185347579648,0,0,0
2025-10-25 11:30:00+00:00,611,141.99999999982538,28.468058639105376,0,0,0
2025-10-25 11:45:00+00:00,611,64.99999999869033,78.17042433079376,0,0,0
2025-10-25 12:00:00+00:00,611,26.999999998224663,57.31790507798053,0,0,0
2025-10-25 12:15:00+00:00,611,15.000000003055902,47.11903949656278,0,0,0
2025-10-25 12:30:00+00:00,611,18.000000000029104,39.761979879232655,0,0,0
2025-10-25 12:45:00+00:00,611,19.99999999679858,37.31425911941518,0,0,0
2025-10-25 13:00:00+00:00,611,22.00000000084401,35.38354358022731,0,0,0
2025-10-25 13:15:00+00:00,611,21.000000000640284,33.53486418327951,0,0,0
2025-10-25 13:30:00+00:00,611,23.00000000104773,29.36995564523672,0,0,0
2025-10-25 13:45:00+00:00,611,24.999999997817213,21.982025542108047,0,0,0
2025-10-25 14:00:00+00:00,611,25.00000000145519,23.000690944512492,0,0,0
2025-10-25 14:15:00+00:00,611,26.999999998224663,30.167520583202155,0,0,0
2025-10-25 14:30:00+00:00,611,25.00000000145519,25.142588200127605,0,0,0
2025-10-25 14:45:00+00:00,611,24.000000001251465,19.99156682909628,0,0,0
2025-10-25 15:00:00+00:00,611,22.99999999740976,23.285039971096214,0,0,0
2025-10-25 15:15:00+00:00,611,22.00000000084401,24.15589125898184,0,0,0
2025-10-25 15:30:00+00:00,611,22.00000000084401,23.0182385886842,0,0,0
2025-10-25 15:45:00+00:00,611,23.00000000104773,9.25547183663774,0,0,0
2025-10-25 16:00:00+00:00,611,20.00000000043656,12.46361491001725,0,0,0
2025-10-25 16:15:00+00:00,611,19.99999999679858,18.162240266277003,0,0,0
2025-10-25 16:30:00+00:00,611,20.00000000043656,18.2293406150611,0,0,0
2025-10-25 16:45:00+00:00,611,21.000000000640284,14.466455976584978,0,0,0
2025-10-25 17:00:00+00:00,611,22.00000000084401,16.52309747100979,0,0,0
2025-10-25 17:15:00+00:00,611,20.00000000043656,21.548473850221583,0,0,0
2025-10-25 17:30:00+00:00,611,21.000000000640284,19.946079591195986,0,0,0
2025-10-25 17:45:00+00:00,611,21.999999997206032,13.501654958183948,0,0,0
2025-10-25 18:00:00+00:00,611,20.00000000043656,14.787681451702976,0,0,0
2025-10-25 18:15:00+00:00,611,21.000000000640284,20.66990494088633,0,0,0
2025-10-25 18:30:00+00:00,611,22.00000000084401,23.395354341920587,0,0,0
2025-10-25 18:45:00+00:00,611,22.00000000084401,19.232465782973453,0,0,0
2025-10-25 19:00:00+00:00,611,22.99999999740976,20.97618538033068,0,0,0
2025-10-25 19:15:00+00:00,611,22.00000000084401,22.82497346575837,0,0,0
2025-10-25 19:30:00+00:00,611,22.00000000084401,23.496621690704547,0,0,0
2025-10-25 19:45:00+00:00,611,13.999999999214197,13.152580093381898,0,0,0
2025-10-25 20:00:00+00:00,611,45.00000000189175,10.964527942061451,0,0,0
2025-10-25 20:15:00+00:00,611,78.99999999790452,63.29332856898127,0,0,0
2025-10-25 20:30:00+00:00,611,62.000000001717126,63.83931442673868,0,0,0
2025-10-25 20:45:00+00:00,611,42.99999999784632,41.04507769881396,0,0,0
2025-10-25 21:00:00+00:00,611,33.999999999650754,31.629112983105397,0,0,0
2025-10-25 21:15:00+00:00,611,34.99999999985448,30.875884072406308,0,0,0
2025-10-25 21:30:00+00:00,611,38.00000000046566,34.09267120713548,0,0,0
2025-10-25 21:45:00+00:00,611,40.00000000087312,35.10696910715412,0,0,0
2025-10-25 22:00:00+00:00,611,41.00000000107684,35.30963837141143,0,0,0
2025-10-25 22:15:00+00:00,611,39.999999997235136,35.01554361113086,0,0,0
2025-10-25 22:30:00+00:00,611,41.00000000107684,36.19744728029221,0,0,0
2025-10-25 22:45:00+00:00,611,39.00000000066939,37.09947885311294,0,0,0
2025-10-25 23:00:00+00:00,611,41.00000000107684,38.71406618507645,0,0,0
2025-10-25 23:15:00+00:00,611,38.00000000046566,39.6791015861178,0,0,0
2025-10-25 23:30:00+00:00,611,41.99999999764259,39.5870609280859,0,0,0
2025-10-25 23:45:00+00:00,611,41.00000000107684,39.37522929891156,0,0,0
2025-10-26 00:00:00+00:00,611,38.00000000046566,39.508953098047584,0,0,0
2025-10-26 00:15:00+00:00,611,39.00000000066939,39.89744565155659,0,0,0
2025-10-26 00:30:00+00:00,611,40.99999999743886,40.16184701488204,0,0,0
2025-10-26 00:45:00+00:00,611,43.000000001484295,40.28573117938961,0,0,0
2025-10-26 01:00:00+00:00,611,39.00000000066939,40.405616790841066,0,0,0
2025-10-26 01:15:00+00:00,611,37.000000000261934,40.59199313439861,0,0,0
2025-10-26 01:30:00+00:00,611,38.00000000046566,40.41833112485601,0,0,0
2025-10-26 01:45:00+00:00,611,41.99999999764259,39.94323085855481,0,0,0
2025-10-26 02:00:00+00:00,611,205.00000000174623,39.774028773574805,0,0,0
2025-10-26 02:30:00+00:00,611,202.9999999977008,72.92823254894708,0,0,0
2025-10-26 02:45:00+00:00,611,42.00000000128057,76.25033216629342,0,0,0
2025-10-26 03:00:00+00:00,611,41.00000000107684,68.4299017659613,0,0,0
2025-10-26 03:15:00+00:00,611,43.99999999805004,61.55661383324638,0,0,0
2025-10-26 03:30:00+00:00,611,41.00000000107684,61.68248840175304,0,0,0
2025-10-26 03:45:00+00:00,611,38.00000000046566,58.63153031224019,0,0,0
2025-10-26 04:00:00+00:00,611,41.99999999764259,53.40138150971634,0,0,0
2025-10-26 04:15:00+00:00,611,41.00000000107684,52.03493219547507,0,0,0
2025-10-26 04:30:00+00:00,611,44.00000000168802,54.45430226772165,0,0,0
2025-10-26 04:45:00+00:00,611,39.00000000066939,57.974374623990165,0,0,0
2025-10-26 05:00:00+00:00,611,43.99999999805004,79.15949245530695,0,0,0
2025-10-26 05:15:00+00:00,611,44.00000000168802,45.42049438045963,0,0,0
2025-10-26 05:30:00+00:00,611,38.99999999703141,40.58148806009735,0,0,0
2025-10-26 05:45:00+00:00,611,45.00000000189175,44.731412375463535,0,0,0
2025-10-26 06:00:00+00:00,611,42.00000000128057,56.96793113024279,0,0,0
2025-10-26 06:15:00+00:00,611,60.99999999787542,53.64327030953359,0,0,0
2025-10-26 06:30:00+00:00,611,54.00000000008731,51.01507048041441,0,0,0
2025-10-26 06:45:00+00:00,611,48.99999999906868,54.31960544790852,0,0,0
2025-10-26 07:00:00+00:00,611,47.0000000022992,77.10174004631727,0,0,0
2025-10-26 07:15:00+00:00,611,42.99999999784632,47.177698743097416,0,0,0
2025-10-26 07:30:00+00:00,611,44.00000000168802,43.65473098487482,0,0,0
2025-10-26 07:45:00+00:00,611,47.99999999886495,44.00737852134238,0,0,0
2025-10-26 08:00:00+00:00,611,47.0000000022992,44.09338290216458,0,0,0
2025-10-26 08:15:00+00:00,611,39.999999997235136,46.31284306666372,0,0,0
2025-10-26 08:30:00+00:00,611,43.000000001484295,44.5851842254982,0,0,0
2025-10-26 08:45:00+00:00,611,42.99999999784632,47.21039992737359,0,0,0
2025-10-26 09:00:00+00:00,611,39.00000000066939,43.49571456315312,0,0,0
2025-10-26 09:15:00+00:00,611,38.00000000046566,37.682699757450514,0,0,0
2025-10-26 09:30:00+00:00,611,38.00000000046566,37.40396334481815,0,0,0
2025-10-26 09:45:00+00:00,611,43.000000001484295,39.941621973301466,0,0,0
2025-10-26 10:00:00+00:00,611,40.99999999743886,40.56457701987928,0,0,0
2025-10-26 10:15:00+00:00,611,37.000000000261934,39.64467913122132,0,0,0
2025-10-26 10:30:00+00:00,611,38.00000000046566,36.54062487083843,0,0,0
2025-10-26 10:45:00+00:00,611,34.99999999985448,34.68254281131398,0,0,0
2025-10-26 11:00:00+00:00,611,33.999999999650754,34.09255734301369,0,0,0
2025-10-26 11:15:00+00:00,611,38.00000000046566,35.33880237413797,0,0,0
2025-10-26 11:30:00+00:00,611,36.00000000005821,36.19266794468668,0,0,0
2025-10-26 11:45:00+00:00,611,33.999999999650754,37.020412789945794,0,0,0
2025-10-26 12:00:00+00:00,611,36.00000000005821,36.05616112896353,0,0,0
2025-10-26 12:15:00+00:00,611,46.00000000209548,35.215701949689475,0,0,0
2025-10-26 12:30:00+00:00,611,31.9999999992433,33.45550828416599,0,0,0
2025-10-26 12:45:00+00:00,611,32.99999999944703,29.56190393698782,0,0,0
2025-10-26 13:00:00+00:00,611,33.999999999650754,31.56889365022674,0,0,0
2025-10-26 13:15:00+00:00,611,36.00000000005821,34.07317973974178,0,0,0
2025-10-26 13:30:00+00:00,611,37.000000000261934,37.38947154749941,0,0,0
2025-10-26 13:45:00+00:00,611,39.00000000066939,39.16358399284561,0,0,0
2025-10-26 14:00:00+00:00,611,39.00000000066939,38.25593610918645,0,0,0
2025-10-26 14:15:00+00:00,611,38.99999999703141,36.767034065111545,0,0,0
2025-10-26 14:30:00+00:00,611,36.00000000005821,33.22458445140164,0,0,0
2025-10-26 14:45:00+00:00,611,34.00000000328873,33.969096102387056,0,0,0
2025-10-26 15:00:00+00:00,611,34.99999999985448,34.58451023871723,0,0,0
2025-10-26 15:15:00+00:00,611,36.00000000005821,35.865709337098814,0,0,0
2025-10-26 15:30:00+00:00,611,31.9999999992433,36.496469251661146,0,0,0
2025-10-26 15:45:00+00:00,611,37.000000000261934,35.81494368383839,0,0,0
2025-10-26 16:00:00+00:00,611,34.99999999985448,36.02422002466918,0,0,0
2025-10-26 16:15:00+00:00,611,38.00000000046566,34.93635924757744,0,0,0
2025-10-26 16:30:00+00:00,611,40.99999999743886,34.117503936969506,0,0,0
2025-10-26 16:45:00+00:00,611,41.00000000107684,37.02635146933682,0,0,0
2025-10-26 17:00:00+00:00,611,38.00000000046566,39.85388153431068,0,0,0
2025-10-26 17:15:00+00:00,611,41.00000000107684,38.9870768590131,0,0,0
2025-10-26 17:30:00+00:00,611,39.999999997235136,41.59596710758248,0,0,0
2025-10-26 17:45:00+00:00,611,39.00000000066939,41.6151790903136,0,0,0
2025-10-26 18:00:00+00:00,611,37.000000000261934,40.19380882174399,0,0,0
2025-10-26 18:15:00+00:00,611,38.00000000046566,37.93690658498869,0,0,0
2025-10-26 18:30:00+00:00,611,40.00000000087312,36.57352125075195,0,0,0
2025-10-26 18:45:00+00:00,611,40.99999999743886,36.72132871087406,0,0,0
2025-10-26 19:00:00+00:00,611,40.00000000087312,38.90726846092208,0,0,0
2025-10-26 19:15:00+00:00,611,39.00000000066939,39.53315144206021,0,0,0
2025-10-26 19:30:00+00:00,611,41.00000000107684,39.70088364474074,0,0,0
2025-10-26 19:45:00+00:00,611,42.99999999784632,39.41336934344674,0,0,0
2025-10-26 20:00:00+00:00,611,39.00000000066939,39.25124753658531,0,0,0
2025-10-26 20:15:00+00:00,611,39.00000000066939,36.24413157022612,0,0,0
2025-10-26 20:30:00+00:00,611,42.00000000128057,37.80494250409851,0,0,0
2025-10-26 20:45:00+00:00,611,42.99999999784632,39.17178516712415,0,0,0
2025-10-26 21:00:00+00:00,611,38.00000000046566,39.48518655044487,0,0,0
2025-10-26 21:15:00+00:00,611,36.00000000005821,39.01668153067851,0,0,0
2025-10-26 21:30:00+00:00,611,43.000000001484295,38.60347011145727,0,0,0
2025-10-26 21:45:00+00:00,611,40.99999999743886,40.019644035559736,0,0,0
2025-10-26 22:00:00+00:00,611,40.00000000087312,40.62909509304421,0,0,0
2025-10-26 22:15:00+00:00,611,40.00000000087312,41.24031769881317,0,0,0
2025-10-26 22:30:00+00:00,611,41.00000000107684,40.59450701760696,0,0,0
2025-10-26 22:45:00+00:00,611,44.99999999825377,40.639934365936696,0,0,0
2025-10-26 23:00:00+00:00,611,44.00000000168802,40.843913806972,0,0,0
2025-10-26 23:15:00+00:00,611,38.99999999703141,41.75899391239891,0,0,0
2025-10-26 23:30:00+00:00,611,41.00000000107684,41.87243806781768,0,0,0
2025-10-26 23:45:00+00:00,611,41.00000000107684,41.95463021869215,0,0,0
2025-10-27 00:00:00+00:00,611,40.00000000087312,41.722557393426094,0,0,0
2025-10-27 00:15:00+00:00,611,38.99999999703141,42.00630974243654,0,0,0
2025-10-27 00:30:00+00:00,611,41.00000000107684,41.56842677765757,0,0,0
2025-10-27 00:45:00+00:00,611,43.000000001484295,41.75571994920874,0,0,0
2025-10-27 01:00:00+00:00,611,38.99999999703141,41.21141395693644,0,0,0
2025-10-27 01:15:00+00:00,611,45.00000000189175,40.4020677792528,0,0,0
2025-10-27 01:30:00+00:00,611,43.000000001484295,40.737277838783385,0,0,0
2025-10-27 01:45:00+00:00,611,39.999999997235136,40.193737841512224,0,0,0
2025-10-27 02:00:00+00:00,611,34.99999999985448,39.972986363212726,0,0,0
2025-10-27 02:15:00+00:00,611,37.000000000261934,39.52236244683189,0,0,0
2025-10-27 02:30:00+00:00,611,42.00000000128057,39.45405580379649,0,0,0
2025-10-27 02:45:00+00:00,611,42.99999999784632,39.73093194285469,0,0,0
2025-10-27 03:00:00+00:00,611,41.00000000107684,39.6812960582832,0,0,0
2025-10-27 03:15:00+00:00,611,37.000000000261934,38.38341956294645,0,0,0
2025-10-27 03:30:00+00:00,611,37.000000000261934,36.82181305897636,0,0,0
2025-10-27 03:45:00+00:00,611,39.00000000066939,37.02639878949133,0,0,0
2025-10-27 04:00:00+00:00,611,41.00000000107684,37.1912060151212,0,0,0
2025-10-27 04:15:00+00:00,611,38.99999999703141,38.68762013372459,0,0,0
2025-10-27 04:30:00+00:00,611,39.00000000066939,37.95197805420017,0,0,0
2025-10-27 04:45:00+00:00,611,37.000000000261934,38.11290206965056,0,0,0
2025-10-27 05:00:00+00:00,611,36.00000000005821,37.63778997331073,0,0,0
2025-10-27 05:15:00+00:00,611,43.000000001484295,38.814275484780666,0,0,0
2025-10-27 05:30:00+00:00,611,40.99999999743886,41.82507355066268,0,0,0
2025-10-27 05:45:00+00:00,611,45.00000000189175,39.665050457737934,0,0,0
2025-10-27 06:00:00+00:00,611,42.99999999784632,48.54990632864064,0,0,0
2025-10-27 06:15:00+00:00,611,105.00000000320142,57.95446171147036,0,0,0
2025-10-27 06:30:00+00:00,611,96.99999999793364,78.51504518605256,0,0,0
2025-10-27 06:45:00+00:00,611,75.0000000007276,72.11008482252456,0,0,0
2025-10-27 07:00:00+00:00,611,52.99999999988359,64.81407411953185,0,0,0
2025-10-27 07:15:00+00:00,611,52.99999999988359,54.63202493802314,0,0,0
2025-10-27 07:30:00+00:00,611,52.99999999988359,53.591614445866455,0,0,0
2025-10-27 07:45:00+00:00,611,56.000000000494765,52.63481866672919,0,0,0
2025-10-27 08:00:00+00:00,611,60.00000000130967,52.12049886486805,0,0,0
2025-10-27 08:15:00+00:00,611,56.99999999706051,55.42865382418217,0,0,0
2025-10-27 08:30:00+00:00,611,58.00000000090222,54.47470316933484,0,0,0
2025-10-27 08:45:00+00:00,611,56.000000000494765,55.7314495778733,0,0,0
2025-10-27 09:00:00+00:00,611,60.00000000130967,55.33840837451201,0,0,0
2025-10-27 09:15:00+00:00,611,60.99999999787542,60.34945303161524,0,0,0
2025-10-27 09:30:00+00:00,611,63.00000000192085,61.5668882217944,0,0,0
2025-10-27 09:45:00+00:00,611,65.99999999889405,61.61904686210321,0,0,0
2025-10-27 10:00:00+00:00,611,72.00000000011642,59.47326122066671,0,0,0
2025-10-27 10:15:00+00:00,611,56.000000000494765,59.8105829420923,0,0,0
2025-10-27 10:30:00+00:00,611,58.00000000090222,55.221113541519976,0,0,0
2025-10-27 10:45:00+00:00,611,55.99999999685679,55.14925788689632,0,0,0
2025-10-27 11:00:00+00:00,611,52.00000000331784,54.13909976101989,0,0,0
2025-10-27 11:15:00+00:00,611,63.9999999984866,53.567886345889264,0,0,0
2025-10-27 11:30:00+00:00,611,48.99999999906868,55.48363392870365,0,0,0
2025-10-27 11:45:00+00:00,611,48.99999999906868,52.25726002642169,0,0,0
2025-10-27 12:00:00+00:00,611,69.00000000314321,51.55468290486124,0,0,0
2025-10-27 12:15:00+00:00,611,50.99999999947613,53.92525702527888,0,0,0
2025-10-27 12:30:00+00:00,611,43.99999999805004,50.21689481670483,0,0,0
2025-10-27 12:45:00+00:00,611,47.0000000022992,45.60685889397853,0,0,0
2025-10-27 13:00:00+00:00,611,44.99999999825377,43.21852197056164,0,0,0
2025-10-27 13:15:00+00:00,611,39.00000000066939,42.609026550432304,0,0,0
2025-10-27 13:30:00+00:00,611,44.99999999825377,40.2889696524639,0,0,0
2025-10-27 13:45:00+00:00,611,41.00000000107684,43.72565798146621,0,0,0
2025-10-27 14:00:00+00:00,611,44.00000000168802,41.41435826959184,0,0,0
2025-10-27 14:15:00+00:00,611,48.99999999906868,39.98004889627336,0,0,0
2025-10-27 14:30:00+00:00,611,44.99999999825377,42.67252132525595,0,0,0
2025-10-27 14:45:00+00:00,611,46.00000000209548,42.608952612690885,0,0,0
2025-10-27 15:00:00+00:00,611,41.00000000107684,43.41148173061539,0,0,0
2025-10-27 15:15:00+00:00,611,42.99999999784632,41.6334594575028,0,0,0
2025-10-27 15:30:00+00:00,611,36.00000000005821,41.8211755529349,0,0,0
2025-10-27 15:45:00+00:00,611,41.00000000107684,40.325627984660976,0,0,0
2025-10-27 16:00:00+00:00,611,41.99999999764259,42.9576932789017,0,0,0
2025-10-27 16:15:00+00:00,611,54.00000000008731,42.665266554067614,0,0,0
2025-10-27 16:30:00+00:00,611,52.99999999988359,47.641610750366624,0,0,0
2025-10-27 16:45:00+00:00,611,50.00000000291038,47.49072156518204,0,0,0
2025-10-27 17:00:00+00:00,611,56.99999999706051,47.6977709012412,0,0,0
2025-10-27 17:15:00+00:00,611,52.99999999988359,49.03073824865688,0,0,0
2025-10-27 17:30:00+00:00,611,50.00000000291038,49.06276216322163,0,0,0
2025-10-27 17:45:00+00:00,611,56.000000000494765,49.38381462402469,0,0,0
2025-10-27 18:00:00+00:00,611,48.99999999906868,51.27070874262652,0,0,0
2025-10-27 18:15:00+00:00,611,50.99999999947613,51.02379217639256,0,0,0
2025-10-27 18:30:00+00:00,611,51.99999999967986,50.44969223183682,0,0,0
2025-10-27 18:45:00+00:00,611,43.000000001484295,48.36024123434465,0,0,0
2025-10-27 19:00:00+00:00,611,47.99999999886495,40.28605354794221,0,0,0
2025-10-27 19:15:00+00:00,611,44.99999999825377,40.60580470449625,0,0,0
2025-10-27 19:30:00+00:00,611,44.00000000168802,39.71593145387497,0,0,0
2025-10-27 19:45:00+00:00,611,26.999999998224663,32.58619859818902,0,0,0
2025-10-27 20:00:00+00:00,611,17.000000003463356,21.68447197428375,0,0,0
2025-10-27 20:15:00+00:00,611,18.99999999659485,19.965547398512427,0,0,0
2025-10-27 20:30:00+00:00,611,28.00000000206637,21.569122443268533,0,0,0
2025-10-27 20:45:00+00:00,611,31.9999999992433,28.18019387291703,0,0,0
2025-10-27 21:00:00+00:00,611,33.999999999650754,32.84429750843566,0,0,0
2025-10-27 21:15:00+00:00,611,39.00000000066939,33.98651287675645,0,0,0
2025-10-27 21:30:00+00:00,611,38.00000000046566,34.750441318016726,0,0,0
2025-10-27 21:45:00+00:00,611,38.00000000046566,34.39749507307381,0,0,0
2025-10-27 22:00:00+00:00,611,38.00000000046566,34.70769938845543,0,0,0
2025-10-27 22:15:00+00:00,611,38.99999999703141,35.43487707534185,0,0,0
2025-10-27 22:30:00+00:00,611,38.00000000046566,36.14763690265096,0,0,0
2025-10-27 22:45:00+00:00,611,37.000000000261934,37.06239168201561,0,0,0
2025-10-27 23:00:00+00:00,611,37.000000000261934,37.91606205692697,0,0,0
2025-10-27 23:15:00+00:00,611,39.00000000066939,37.85535029869045,0,0,0
2025-10-27 23:30:00+00:00,611,41.00000000107684,37.79201227187862,0,0,0
2025-10-27 23:45:00+00:00,611,39.999999997235136,38.52448094354121,0,0,0
2025-10-28 00:00:00+00:00,611,37.000000000261934,39.02191040775188,0,0,0
2025-10-28 00:15:00+00:00,611,33.999999999650754,38.92540095262844,0,0,0
2025-10-28 00:30:00+00:00,611,37.000000000261934,38.125344312777074,0,0,0
2025-10-28 00:45:00+00:00,611,40.00000000087312,36.36187002966669,0,0,0
2025-10-28 01:00:00+00:00,611,39.00000000066939,36.31551698081434,0,0,0
2025-10-28 01:15:00+00:00,611,36.00000000005821,36.606589166225575,0,0,0
2025-10-28 01:30:00+00:00,611,40.00000000087312,37.02445570564676,0,0,0
2025-10-28 01:45:00+00:00,611,41.99999999764259,38.33704581152651,0,0,0
2025-10-28 02:00:00+00:00,611,43.000000001484295,39.59107131118063,0,0,0
2025-10-28 02:15:00+00:00,611,40.00000000087312,41.255052011923766,0,0,0
2025-10-28 02:30:00+00:00,611,39.00000000066939,41.03360847636456,0,0,0
2025-10-28 02:45:00+00:00,611,39.999999997235136,40.87539353975989,0,0,0
2025-10-28 03:00:00+00:00,611,39.00000000066939,41.098880714492,0,0,0
2025-10-28 03:15:00+00:00,611,43.000000001484295,40.939110127807794,0,0,0
2025-10-28 03:30:00+00:00,611,42.99999999784632,40.305800839921226,0,0,0
2025-10-28 03:45:00+00:00,611,39.00000000066939,39.131075046697134,0,0,0
2025-10-28 04:00:00+00:00,611,38.00000000046566,38.99879451227368,0,0,0
2025-10-28 04:15:00+00:00,611,37.000000000261934,39.37388067450802,0,0,0
2025-10-28 04:30:00+00:00,611,39.00000000066939,38.22451256908206,0,0,0
2025-10-28 04:45:00+00:00,611,48.99999999906868,37.55803185288387,0,0,0
2025-10-28 05:00:00+00:00,611,47.99999999886495,38.62118263679235,0,0,0
2025-10-28 05:15:00+00:00,611,47.0000000022992,44.125619757424616,0,0,0
2025-10-28 05:30:00+00:00,611,42.99999999784632,44.17561350066458,0,0,0
2025-10-28 05:45:00+00:00,611,49.9999999992724,42.717578984878585,0,0,0
2025-10-28 06:00:00+00:00,611,50.00000000291038,54.89196933429567,0,0,0
2025-10-28 06:15:00+00:00,611,108.00000000017462,88.89005412761502,0,0,0
2025-10-28 06:30:00+00:00,611,84.99999999912689,100.7649877517436,0,0,0
2025-10-28 06:45:00+00:00,611,63.9999999984866,83.58261376771816,0,0,0
2025-10-28 07:00:00+00:00,611,68.99999999950523,65.62061066304145,0,0,0
2025-10-28 07:15:00+00:00,611,50.00000000291038,58.93600297390677,0,0,0
2025-10-28 07:30:00+00:00,611,50.99999999947613,55.88523120750231,0,0,0
2025-10-28 07:45:00+00:00,611,60.99999999787542,55.03595569194108,0,0,0
2025-10-28 08:30:00+00:00,611,54.00000000008731,53.89928417547212,0,0,0
2025-10-28 08:45:00+00:00,611,66.99999999909778,51.64253572921898,0,0,0
2025-10-28 09:00:00+00:00,611,34.00000000328873,53.0140778750894,0,0,0
2025-10-28 09:15:00+00:00,611,50.99999999947613,47.5871689126027,0,0,0
2025-10-28 09:30:00+00:00,611,51.99999999967986,50.67372950336512,0,0,0
2025-10-28 09:45:00+00:00,611,49.9999999992724,45.78055935114666,0,0,0
2025-10-28 10:00:00+00:00,611,61.99999999807915,45.85870267130085,0,0,0
2025-10-28 10:15:00+00:00,611,58.00000000090222,47.99410153882238,0,0,0
2025-10-28 10:30:00+00:00,611,47.0000000022992,46.99649804143943,0,0,0
2025-10-28 10:45:00+00:00,611,45.9999999984575,47.19488778922323,0,0,0
2025-10-28 11:00:00+00:00,611,44.00000000168802,43.46760343386443,0,0,0
2025-10-28 11:15:00+00:00,611,45.9999999984575,47.21669350792344,0,0,0
2025-10-28 11:30:00+00:00,611,45.9999999984575,45.22229391329387,0,0,0
2025-10-28 11:45:00+00:00,611,46.00000000209548,45.86510567970801,0,0,0
2025-10-28 12:00:00+00:00,611,47.99999999886495,46.34026213869269,0,0,0
2025-10-28 12:15:00+00:00,611,56.000000000494765,45.70468444089929,0,0,0
2025-10-28 12:30:00+00:00,611,55.00000000029104,49.362878413163614,0,0,0
2025-10-28 12:45:00+00:00,611,60.00000000130967,50.44767816776048,0,0,0
2025-10-28 13:00:00+00:00,611,54.99999999665306,48.95151839498758,0,0,0
2025-10-28 13:15:00+00:00,611,62.000000001717126,48.70945805961023,0,0,0
2025-10-28 13:30:00+00:00,611,48.99999999906868,48.88937520207713,0,0,0
2025-10-28 13:45:00+00:00,611,44.00000000168802,47.48512891442088,0,0,0
2025-10-28 14:00:00+00:00,611,43.99999999805004,45.71118208961547,0,0,0
2025-10-28 14:15:00+00:00,611,42.00000000128057,43.47700239955401,0,0,0
2025-10-28 14:30:00+00:00,611,38.00000000046566,41.28733027231901,0,0,0
2025-10-28 14:45:00+00:00,611,38.00000000046566,40.10568982151712,0,0,0
2025-10-28 15:00:00+00:00,611,40.00000000087312,39.15089331890792,0,0,0
2025-10-28 15:15:00+00:00,611,51.99999999967986,41.26768057815867,0,0,0
2025-10-28 15:30:00+00:00,611,40.99999999743886,43.26255928935265,0,0,0
2025-10-28 15:45:00+00:00,611,40.00000000087312,41.4722958837702,0,0,0
2025-10-28 16:00:00+00:00,611,41.00000000107684,41.923333851503,0,0,0
2025-10-28 16:15:00+00:00,611,40.99999999743886,40.97568860724414,0,0,0
2025-10-28 16:30:00+00:00,611,43.000000001484295,40.910511009425726,0,0,0
2025-10-28 16:45:00+00:00,611,44.00000000168802,42.75137149021814,0,0,0
2025-10-28 17:00:00+00:00,611,42.99999999784632,43.85217137205875,0,0,0
2025-10-28 17:15:00+00:00,611,47.99999999886495,44.739385821498495,0,0,0
2025-10-28 17:30:00+00:00,611,44.00000000168802,44.42303875855953,0,0,0
2025-10-28 17:45:00+00:00,611,42.00000000128057,44.66690613233723,0,0,0
2025-10-28 18:00:00+00:00,611,50.99999999947613,44.95236792192936,0,0,0
2025-10-28 18:15:00+00:00,611,41.99999999764259,46.19155263812524,0,0,0
2025-10-28 18:30:00+00:00,611,47.0000000022992,45.542958940331886,0,0,0
2025-10-28 18:45:00+00:00,611,48.99999999906868,45.08248060177432,0,0,0
2025-10-28 19:00:00+00:00,611,45.00000000189175,45.11100578241498,0,0,0
2025-10-28 19:15:00+00:00,611,50.99999999947613,44.488251846493824,0,0,0
2025-10-28 19:30:00+00:00,611,43.99999999805004,41.60012536616006,0,0,0
2025-10-28 19:45:00+00:00,611,25.00000000145519,27.091206284646017,0,0,0
2025-10-28 20:00:00+00:00,611,20.00000000043656,19.265706712762004,0,0,0
2025-10-28 20:15:00+00:00,611,18.000000000029104,16.441946733223254,0,0,0
2025-10-28 20:30:00+00:00,611,24.999999997817213,17.985243294907573,0,0,0
2025-10-28 20:45:00+00:00,611,36.00000000005821,24.37795439281416,0,0,0
2025-10-28 21:00:00+00:00,611,40.00000000087312,30.305500238734435,0,0,0
2025-10-28 21:15:00+00:00,611,34.99999999985448,34.32508340663466,0,0,0
2025-10-28 21:30:00+00:00,611,33.999999999650754,32.96262599105277,0,0,0
2025-10-28 21:45:00+00:00,611,34.99999999985448,32.330353310300936,0,0,0
2025-10-28 22:00:00+00:00,611,49.000000002706656,32.49994726531048,0,0,0
2025-10-28 22:15:00+00:00,611,31.9999999992433,35.216201768821485,0,0,0
2025-10-28 22:30:00+00:00,611,31.9999999992433,34.55420167975348,0,0,0
2025-10-28 22:45:00+00:00,611,30.999999999039574,34.67182479631742,0,0,0
2025-10-28 23:00:00+00:00,611,34.99999999985448,35.06035579745197,0,0,0
2025-10-28 23:15:00+00:00,611,32.99999999944703,35.25175399240689,0,0,0
2025-10-28 23:30:00+00:00,611,36.00000000005821,33.28611839732277,0,0,0
2025-10-28 23:45:00+00:00,611,33.999999999650754,34.284305263485535,0,0,0
2025-10-29 00:00:00+00:00,611,36.00000000005821,33.36881628234857,0,0,0
2025-10-29 00:15:00+00:00,611,36.00000000005821,33.41354713715411,0,0,0
2025-10-29 00:30:00+00:00,611,36.00000000005821,33.84868701172633,0,0,0
2025-10-29 00:45:00+00:00,611,36.00000000005821,33.64955197150899,0,0,0
2025-10-29 01:00:00+00:00,611,33.999999999650754,33.15774916942054,0,0,0
2025-10-29 01:15:00+00:00,611,33.000000003085006,32.495295102620204,0,0,0
2025-10-29 01:30:00+00:00,611,32.99999999944703,31.70203481996036,0,0,0
2025-10-29 01:45:00+00:00,611,34.99999999985448,32.0447037188456,0,0,0
2025-10-29 02:00:00+00:00,611,37.000000000261934,32.862413733838906,0,0,0
2025-10-29 02:15:00+00:00,611,34.99999999985448,33.32468136573888,0,0,0
2025-10-29 02:30:00+00:00,611,34.99999999985448,33.44256474315263,0,0,0
2025-10-29 02:45:00+00:00,611,33.999999999650754,33.61722195469476,0,0,0
2025-10-29 03:00:00+00:00,611,33.999999999650754,33.58472335983009,0,0,0
2025-10-29 03:15:00+00:00,611,34.99999999985448,34.04219095355695,0,0,0
2025-10-29 03:30:00+00:00,611,34.99999999985448,33.826345983778225,0,0,0
2025-10-29 03:45:00+00:00,611,34.99999999985448,33.933691754284496,0,0,0
2025-10-29 04:00:00+00:00,611,34.99999999985448,34.20607543617388,0,0,0
2025-10-29 04:15:00+00:00,611,32.99999999944703,34.32665088675281,0,0,0
2025-10-29 04:30:00+00:00,611,33.999999999650754,33.31136369975393,0,0,0
2025-10-29 04:45:00+00:00,611,33.000000003085006,32.47704874679205,0,0,0
2025-10-29 05:00:00+00:00,611,48.99999999906868,32.40330767976213,0,0,0
2025-10-29 05:15:00+00:00,611,46.99999999866122,50.24281443133776,0,0,0
2025-10-29 05:30:00+00:00,611,32.99999999944703,43.11954890989401,0,0,0
2025-10-29 05:45:00+00:00,611,10.000000002037268,39.91566095353333,0,0,0
2025-10-29 06:00:00+00:00,611,20.00000000043656,25.94111063184446,0,0,0
2025-10-29 06:15:00+00:00,611,112.99999999755528,88.49516152320852,0,0,0
2025-10-29 06:30:00+00:00,611,114.00000000139698,108.62311457016236,0,0,0
2025-10-29 06:45:00+00:00,611,83.99999999892316,78.16512447348863,0,0,0
2025-10-29 07:00:00+00:00,611,62.000000001717126,63.07805735607598,0,0,0
2025-10-29 07:15:00+00:00,611,39.00000000066939,51.941155479274585,0,0,0
2025-10-29 07:30:00+00:00,611,46.99999999866122,48.11466146247561,0,0,0
2025-10-29 07:45:00+00:00,611,46.99999999866122,48.08114696304379,0,0,0
2025-10-29 08:00:00+00:00,611,48.00000000250293,47.870258779450005,0,0,0
2025-10-29 08:15:00+00:00,611,69.99999999970896,45.04131798236981,0,0,0
2025-10-29 08:30:00+00:00,611,51.99999999967986,47.54295710074194,0,0,0
2025-10-29 08:45:00+00:00,611,44.99999999825377,44.81175904031211,0,0,0
2025-10-29 09:00:00+00:00,611,45.00000000189175,44.22892556973958,0,0,0
2025-10-29 09:15:00+00:00,611,46.99999999866122,41.32212833094191,0,0,0
2025-10-29 09:30:00+00:00,611,41.00000000107684,41.71564569335796,0,0,0
2025-10-29 09:45:00+00:00,611,41.00000000107684,40.06849618007215,0,0,0
2025-10-29 10:00:00+00:00,611,56.99999999706051,40.960966124172174,0,0,0
2025-10-29 10:15:00+00:00,611,43.000000001484295,43.93389919391709,0,0,0
2025-10-29 10:30:00+00:00,611,46.99999999866122,37.34529818326419,0,0,0
2025-10-29 10:45:00+00:00,611,40.00000000087312,39.92647065132925,0,0,0
2025-10-29 11:00:00+00:00,611,39.00000000066939,37.21100654227404,0,0,0
2025-10-29 11:15:00+00:00,611,40.00000000087312,36.65379989287842,0,0,0
2025-10-29 11:30:00+00:00,611,39.999999997235136,36.25948400285501,0,0,0
2025-10-29 11:45:00+00:00,611,43.000000001484295,36.37488898717629,0,0,0
2025-10-29 12:00:00+00:00,611,41.00000000107684,37.02346789742136,0,0,0
2025-10-29 12:15:00+00:00,611,39.00000000066939,36.43083028233626,0,0,0
2025-10-29 12:30:00+00:00,611,38.99999999703141,35.585739642939515,0,0,0
2025-10-29 12:45:00+00:00,611,36.00000000005821,34.165601916519414,0,0,0
2025-10-29 13:00:00+00:00,611,37.000000000261934,33.31510790697955,0,0,0
2025-10-29 13:15:00+00:00,611,37.000000000261934,33.68760920577378,0,0,0
2025-10-29 13:30:00+00:00,611,33.999999999650754,33.30535847639563,0,0,0
2025-10-29 13:45:00+00:00,611,34.99999999985448,33.61161747389497,0,0,0
2025-10-29 14:00:00+00:00,611,43.000000001484295,34.23390708079999,0,0,0
2025-10-29 14:15:00+00:00,611,49.9999999992724,35.58359840594794,0,0,0
2025-10-29 14:30:00+00:00,611,40.00000000087312,37.919531215754496,0,0,0
2025-10-29 14:45:00+00:00,611,38.00000000046566,36.581148668157056,0,0,0
2025-10-29 15:00:00+00:00,611,39.00000000066939,37.13531499762541,0,0,0
2025-10-29 15:15:00+00:00,611,39.999999997235136,37.62537730528079,0,0,0
2025-10-29 15:30:00+00:00,611,38.00000000046566,38.11157414781462,0,0,0
2025-10-29 15:45:00+00:00,611,48.00000000250293,38.74916590968436,0,0,0
2025-10-29 16:00:00+00:00,611,43.99999999805004,40.69001091944706,0,0,0
2025-10-29 16:15:00+00:00,611,39.00000000066939,39.65162336389568,0,0,0
2025-10-29 16:30:00+00:00,611,39.00000000066939,38.723962012388384,0,0,0
2025-10-29 16:45:00+00:00,611,40.99999999743886,38.55397027232999,0,0,0
2025-10-29 17:00:00+00:00,611,41.00000000107684,39.42568737116766,0,0,0
2025-10-29 17:15:00+00:00,611,54.00000000008731,39.85017873222026,0,0,0
2025-10-29 17:30:00+00:00,611,51.99999999967986,42.32977257360997,0,0,0
2025-10-29 17:45:00+00:00,611,47.0000000022992,42.79476998692326,0,0,0
2025-10-29 18:00:00+00:00,611,52.99999999988359,42.13203347795069,0,0,0
2025-10-29 18:15:00+00:00,611,44.99999999825377,42.94943295443002,0,0,0
2025-10-29 18:30:00+00:00,611,45.00000000189175,42.89071160019259,0,0,0
2025-10-29 18:45:00+00:00,611,44.99999999825377,42.3388048081021,0,0,0
2025-10-29 19:00:00+00:00,611,44.00000000168802,41.503698721307,0,0,0
2025-10-29 19:15:00+00:00,611,42.99999999784632,39.47652400465985,0,0,0
2025-10-29 19:30:00+00:00,611,49.9999999992724,31.31123836642864,0,0,0
2025-10-29 19:45:00+00:00,611,14.999999999417923,31.10368181746333,0,0,0
2025-10-29 20:00:00+00:00,611,7.000000001426088,13.03858584116695,0,0,0
2025-10-29 20:15:00+00:00,611,2.0000000004074536,8.583259466724511,0,0,0
2025-10-29 20:30:00+00:00,611,2.0000000004074536,5.388585631699865,0,0,0
2025-10-29 22:00:00+00:00,611,9.000000001833541,4.580625047290479,0,0,0
2025-10-29 22:15:00+00:00,611,8.999999998195563,5.699189210885162,0,0,0
2025-10-29 22:30:00+00:00,611,8.000000001629815,7.084692281090909,0,0,0
2025-10-29 22:45:00+00:00,611,9.99999999839929,7.0526476639585685,0,0,0
2025-10-29 23:00:00+00:00,611,15.99999999962165,6.750141746213817,0,0,0
2025-10-29 23:15:00+00:00,611,11.000000002240997,7.278935600335755,0,0,0
2025-10-29 23:30:00+00:00,611,13.999999999214197,7.780700773703426,0,0,0
2025-10-29 23:45:00+00:00,611,8.000000001629815,9.380825883444778,0,0,0
2025-10-30 00:00:00+00:00,611,8.999999998195563,9.981781494439865,0,0,0
2025-10-30 00:15:00+00:00,611,9.99999999839929,9.383180061131656,0,0,0
2025-10-30 00:30:00+00:00,611,14.000000002852175,10.022740045678052,0,0,0
2025-10-30 00:45:00+00:00,611,15.99999999962165,11.464218422404818,0,0,0
2025-10-30 01:00:00+00:00,611,10.999999998603016,11.942083220857796,0,0,0
2025-10-30 01:15:00+00:00,611,12.000000002444722,11.593744036582894,0,0,0
2025-10-30 01:30:00+00:00,611,14.999999999417923,11.692288258350278,0,0,0
2025-10-30 01:45:00+00:00,611,10.999999998603016,12.52389191433421,0,0,0
2025-10-30 02:00:00+00:00,611,9.99999999839929,13.0793395848614,0,0,0
2025-10-30 02:15:00+00:00,611,15.000000003055902,13.033448646892944,0,0,0
2025-10-30 02:30:00+00:00,611,13.999999999214197,12.954913456709209,0,0,0
2025-10-30 02:45:00+00:00,611,10.999999998603016,13.216988738689524,0,0,0
2025-10-30 03:00:00+00:00,611,13.000000002648449,12.97873915450507,0,0,0
2025-10-30 03:15:00+00:00,611,14.999999999417923,12.674378138828038,0,0,0
2025-10-30 03:30:00+00:00,611,12.99999999901047,13.266046430123092,0,0,0
2025-10-30 03:45:00+00:00,611,14.999999999417923,13.213830118375972,0,0,0
2025-10-30 04:00:00+00:00,611,14.999999999417923,14.349682404669974,0,0,0
2025-10-30 04:15:00+00:00,611,13.000000002648449,14.992502304235668,0,0,0
2025-10-30 04:30:00+00:00,611,13.999999999214197,15.212543980217514,0,0,0
2025-10-30 04:45:00+00:00,611,13.999999999214197,14.784701021346253,0,0,0
2025-10-30 05:00:00+00:00,611,13.999999999214197,14.88363637376576,0,0,0
2025-10-30 05:15:00+00:00,611,16.999999999825377,18.001931412835248,0,0,0
2025-10-30 05:30:00+00:00,611,19.00000000023283,22.231016801366305,1,0,1
2025-10-30 05:45:00+00:00,611,40.00000000087312,19.366134868180826,1,0,1
2025-10-30 06:00:00+00:00,611,60.00000000130967,82.1969021930816,1,0,1
2025-10-30 06:15:00+00:00,611,150.99999999802094,89.50027118010064,1,0,1
2025-10-30 06:30:00+00:00,611,163.00000000046566,101.48810477787111,1,0,1
2025-10-30 06:45:00+00:00,611,112.00000000098952,87.02548624941302,0,0,0
2025-10-30 07:00:00+00:00,611,67.99999999930151,58.58054876077482,0,0,0
2025-10-30 07:15:00+00:00,611,52.99999999988359,48.16977761244131,0,0,0
2025-10-30 07:30:00+00:00,611,43.000000001484295,46.82425267902249,0,0,0
2025-10-30 07:45:00+00:00,611,54.99999999665306,46.940819964638926,0,0,0
2025-10-30 08:00:00+00:00,611,60.00000000130967,47.511595668340334,0,0,0
2025-10-30 08:15:00+00:00,611,49.9999999992724,47.85899066765728,0,0,0
2025-10-30 08:30:00+00:00,611,50.99999999947613,47.31158520526456,0,0,0
2025-10-30 08:45:00+00:00,611,49.000000002706656,47.15218134977782,0,0,0
2025-10-30 09:00:00+00:00,611,47.99999999886495,45.85990637773121,0,0,0
2025-10-30 09:15:00+00:00,611,47.99999999886495,44.56489570925198,0,0,0
2025-10-30 09:30:00+00:00,611,50.00000000291038,45.56452510074989,0,0,0
2025-10-30 09:45:00+00:00,611,46.99999999866122,51.99632782192376,0,0,0
2025-10-30 10:00:00+00:00,611,47.99999999886495,45.0537957156122,0,0,0
2025-10-30 10:15:00+00:00,611,57.00000000069849,43.5056074329554,0,0,0
2025-10-30 10:30:00+00:00,611,44.00000000168802,46.01802963153652,0,0,0
2025-10-30 10:45:00+00:00,611,39.999999997235136,42.94603477583426,0,0,0
2025-10-30 11:00:00+00:00,611,36.00000000005821,41.09020929617802,0,0,0
2025-10-30 11:15:00+00:00,611,43.000000001484295,38.41621243002199,0,0,0
2025-10-30 11:30:00+00:00,611,37.000000000261934,37.38387002420927,0,0,0
2025-10-30 11:45:00+00:00,611,42.99999999784632,37.15682792286958,0,0,0
2025-10-30 12:00:00+00:00,611,42.00000000128057,38.20687693899806,0,0,0
2025-10-30 12:15:00+00:00,611,37.000000000261934,36.44224035459251,0,0,0
2025-10-30 12:30:00+00:00,611,43.000000001484295,34.841869771549646,0,0,0
2025-10-30 12:45:00+00:00,611,38.99999999703141,37.19634616690487,0,0,0
2025-10-30 13:00:00+00:00,611,42.00000000128057,36.45601347706463,0,0,0
2025-10-30 13:15:00+00:00,611,45.00000000189175,38.9756490416989,0,0,0
2025-10-30 13:30:00+00:00,611,43.99999999805004,38.5267789285446,0,0,0
2025-10-30 13:45:00+00:00,611,55.00000000029104,40.94348132708067,0,0,0
2025-10-30 14:00:00+00:00,611,38.00000000046566,42.883912285491405,0,0,0
2025-10-30 14:15:00+00:00,611,37.000000000261934,37.28080672768617,0,0,0
2025-10-30 14:30:00+00:00,611,36.00000000005821,37.24841312441431,0,0,0
2025-10-30 14:45:00+00:00,611,39.00000000066939,36.97008780562425,0,0,0
2025-10-30 15:00:00+00:00,611,37.99999999682768,39.06516694399348,0,0,0
2025-10-30 15:15:00+00:00,611,40.00000000087312,37.97371870768793,0,0,0
2025-10-30 15:30:00+00:00,611,39.00000000066939,37.47871440139589,0,0,0
2025-10-30 15:45:00+00:00,611,38.00000000046566,38.03985749614483,0,0,0
2025-10-30 16:00:00+00:00,611,42.00000000128057,36.71952758749302,0,0,0
2025-10-30 16:15:00+00:00,611,48.99999999906868,37.86537625642728,0,0,0
2025-10-30 16:30:00+00:00,611,39.00000000066939,40.082863761985294,0,0,0
2025-10-30 16:45:00+00:00,611,43.99999999805004,38.857481743358086,0,0,0
2025-10-30 17:00:00+00:00,611,43.000000001484295,42.29612794375326,0,0,0
2025-10-30 17:15:00+00:00,611,45.9999999984575,43.58756002554766,0,0,0
2025-10-30 17:30:00+00:00,611,48.99999999906868,45.04892173969766,0,0,0
2025-10-30 17:45:00+00:00,611,45.00000000189175,44.74335775696769,0,0,0
2025-10-30 18:00:00+00:00,611,59.000000001105946,43.00966855361179,0,0,0
2025-10-30 18:15:00+00:00,611,41.99999999764259,45.75206670311224,0,0,0
2025-10-30 18:30:00+00:00,611,49.000000002706656,42.90215124754542,0,0,0
2025-10-30 18:45:00+00:00,611,49.9999999992724,44.52123990920671,0,0,0
2025-10-30 19:00:00+00:00,611,46.99999999866122,40.93968979970055,0,0,0
2025-10-30 19:15:00+00:00,611,45.00000000189175,41.31360774562042,0,0,0
2025-10-30 19:30:00+00:00,611,44.99999999825377,32.39885958523818,0,0,0
2025-10-30 19:45:00+00:00,611,19.00000000023283,23.480790880888662,0,0,0
2025-10-30 20:00:00+00:00,611,20.00000000043656,18.80269600656073,0,0,0
2025-10-30 20:15:00+00:00,611,19.00000000023283,15.994776079055544,0,0,0
2025-10-30 20:30:00+00:00,611,25.99999999802094,17.420480947716023,0,0,0
2025-10-30 20:45:00+00:00,611,29.0000000022701,24.202504568683988,0,0,0
2025-10-30 21:00:00+00:00,611,30.999999999039574,28.36347074635415,0,0,0
2025-10-30 21:15:00+00:00,611,33.999999999650754,30.66677187336148,0,0,0
2025-10-30 21:30:00+00:00,611,34.99999999985448,30.923177609329542,0,0,0
2025-10-30 21:45:00+00:00,611,33.999999999650754,30.94390087949533,0,0,0
2025-10-30 22:00:00+00:00,611,34.99999999985448,31.921783702486174,0,0,0
2025-10-30 22:15:00+00:00,611,33.999999999650754,32.74089705581167,0,0,0
2025-10-30 22:30:00+00:00,611,33.999999999650754,34.239078286435046,0,0,0
2025-10-30 22:45:00+00:00,611,34.00000000328873,34.634255551146026,0,0,0
2025-10-30 23:00:00+00:00,611,36.00000000005821,34.971932173730444,0,0,0
2025-10-30 23:15:00+00:00,611,34.99999999985448,35.092039598406174,0,0,0
2025-10-30 23:30:00+00:00,611,36.00000000005821,34.98390713033117,0,0,0
2025-10-30 23:45:00+00:00,611,37.99999999682768,35.49248344843865,0,0,0
2025-10-31 00:00:00+00:00,611,36.00000000005821,36.08272548070167,0,0,0
2025-10-31 00:15:00+00:00,611,37.000000000261934,35.37367141299264,0,0,0
2025-10-31 00:30:00+00:00,611,37.000000000261934,36.62751650455769,0,0,0
2025-10-31 00:45:00+00:00,611,38.00000000046566,35.76956661317282,0,0,0
2025-10-31 01:00:00+00:00,611,37.000000000261934,36.196699030349016,0,0,0
2025-10-31 01:15:00+00:00,611,39.00000000066939,36.09042387833853,0,0,0
2025-10-31 01:30:00+00:00,611,37.000000000261934,36.473660937187255,0,0,0
2025-10-31 01:45:00+00:00,611,38.00000000046566,36.25221148660873,0,0,0
2025-10-31 02:00:00+00:00,611,38.00000000046566,36.68147626824754,0,0,0
2025-10-31 04:45:00+00:00,611,54.00000000008731,36.63078159521889,0,0,0
2025-10-31 05:00:00+00:00,611,58.99999999746797,53.13651877488441,0,0,0
2025-10-31 05:15:00+00:00,611,45.00000000189175,49.6695041418604,0,0,0
2025-10-31 05:30:00+00:00,611,48.99999999906868,47.77938042271327,0,0,0
2025-10-31 05:45:00+00:00,611,47.0000000022992,48.3713851307318,0,0,0
2025-10-31 06:00:00+00:00,611,62.99999999828288,49.67904211050386,0,0,0
2025-10-31 06:15:00+00:00,611,83.99999999892316,69.18008592046863,0,0,0
2025-10-31 06:30:00+00:00,611,84.00000000256114,72.41747063120317,0,0,0
2025-10-31 06:45:00+00:00,611,81.9999999985157,68.18245876300843,0,0,0
2025-10-31 07:00:00+00:00,611,52.99999999988359,68.06686745557877,0,0,0
2025-10-31 07:15:00+00:00,611,49.9999999992724,57.81475487029846,0,0,0
2025-10-31 07:30:00+00:00,611,63.00000000192085,59.01907054763968,0,0,0
2025-10-31 07:45:00+00:00,611,57.00000000069849,56.59883392506363,0,0,0
2025-10-31 08:00:00+00:00,611,57.99999999726424,54.50321060491755,0,0,0
2025-10-31 08:15:00+00:00,611,55.00000000029104,53.99089599460377,0,0,0
2025-10-31 08:30:00+00:00,611,58.00000000090222,53.37553879033449,0,0,0
2025-10-31 08:45:00+00:00,611,55.00000000029104,53.28254285668342,0,0,0
2025-10-31 09:00:00+00:00,611,54.00000000008731,51.11732341929153,0,0,0
2025-10-31 09:15:00+00:00,611,50.99999999947613,52.96238060628707,0,0,0
2025-10-31 09:30:00+00:00,611,47.99999999886495,51.24792408822988,0,0,0
2025-10-31 09:45:00+00:00,611,46.00000000209548,45.90363315800824,0,0,0
2025-10-31 10:00:00+00:00,611,48.99999999906868,42.525858421371055,0,0,0
2025-10-31 10:15:00+00:00,611,55.00000000029104,41.16811897306931,0,0,0
2025-10-31 10:30:00+00:00,611,42.00000000128057,44.47263619550547,0,0,0
2025-10-31 10:45:00+00:00,611,40.99999999743886,40.80358520529073,0,0,0
2025-10-31 11:00:00+00:00,611,46.00000000209548,39.61422565428438,0,0,0
2025-10-31 11:15:00+00:00,611,41.99999999764259,39.2110727254062,0,0,0
2025-10-31 11:30:00+00:00,611,38.00000000046566,37.36861223188941,0,0,0
2025-10-31 11:45:00+00:00,611,38.00000000046566,35.71887489765382,0,0,0
2025-10-31 12:00:00+00:00,611,37.000000000261934,35.41814052819355,0,0,0
2025-10-31 12:15:00+00:00,611,39.00000000066939,34.26147328893439,0,0,0
2025-10-31 12:30:00+00:00,611,39.00000000066939,33.38901459455026,0,0,0
2025-10-31 12:45:00+00:00,611,37.000000000261934,34.970752127377345,0,0,0
2025-10-31 13:00:00+00:00,611,34.99999999985448,34.22943384744395,0,0,0
2025-10-31 13:15:00+00:00,611,34.99999999985448,32.902492425954165,0,0,0
2025-10-31 13:30:00+00:00,611,34.99999999985448,32.63995577246738,0,0,0
2025-10-31 13:45:00+00:00,611,31.9999999992433,32.69384011966098,0,0,0
2025-10-31 14:00:00+00:00,611,31.9999999992433,31.72995518987617,0,0,0
2025-10-31 14:15:00+00:00,611,31.9999999992433,30.64358647640633,0,0,0
2025-10-31 14:30:00+00:00,611,42.00000000128057,29.61672433598783,0,0,0
2025-10-31 14:45:00+00:00,611,43.000000001484295,34.709710495022115,0,0,0
2025-10-31 15:00:00+00:00,611,32.99999999944703,37.90468747478659,0,0,0
2025-10-31 15:15:00+00:00,611,38.00000000046566,34.80579406875497,0,0,0
2025-10-31 15:30:00+00:00,611,36.00000000005821,36.1509404409377,0,0,0
2025-10-31 15:45:00+00:00,611,37.000000000261934,36.144061273475785,0,0,0
2025-10-31 16:00:00+00:00,611,34.99999999985448,38.22267891309479,0,0,0
2025-10-31 16:15:00+00:00,611,38.99999999703141,36.312692559092014,0,0,0
2025-10-31 16:30:00+00:00,611,43.000000001484295,37.79393169564594,0,0,0
2025-10-31 16:45:00+00:00,611,45.9999999984575,40.46153146841412,0,0,0
2025-10-31 17:00:00+00:00,611,50.00000000291038,43.41042885717755,0,0,0
2025-10-31 17:15:00+00:00,611,46.99999999866122,45.30507756609972,0,0,0
2025-10-31 17:30:00+00:00,611,43.000000001484295,43.39997110303081,0,0,0
2025-10-31 17:45:00+00:00,611,42.99999999784632,42.1804745286208,0,0,0
2025-10-31 18:00:00+00:00,611,40.00000000087312,42.03962313121168,0,0,0
2025-10-31 18:15:00+00:00,611,34.99999999985448,41.30917443864475,0,0,0
2025-10-31 18:30:00+00:00,611,31.9999999992433,39.75781570563576,0,0,0
2025-10-31 18:45:00+00:00,611,33.999999999650754,22.995276483708157,0,0,0
2025-10-31 19:00:00+00:00,611,33.999999999650754,27.80693249414098,0,0,0
2025-10-31 19:15:00+00:00,611,32.99999999944703,30.368530684541952,0,0,0
2025-10-31 19:30:00+00:00,611,30.000000002473826,28.34881037098497,0,0,0
2025-10-31 19:45:00+00:00,611,2.0000000004074536,14.74104448192357,0,0,0
2025-10-31 20:00:00+00:00,611,1.0000000002037268,5.304125070918563,0,0,0
2025-10-31 20:15:00+00:00,611,2.0000000004074536,2.636778165226037,0,0,0
2025-10-31 20:30:00+00:00,611,1.9999999967694748,1.860210067069648,0,0,0
2025-10-31 20:45:00+00:00,611,5.000000001018634,2.635414753274212,0,0,0
2025-10-31 21:00:00+00:00,611,6.000000001222361,3.499622735093052,0,0,0
2025-10-31 21:15:00+00:00,611,5.999999997584382,5.49267074780942,0,0,0
2025-10-31 21:30:00+00:00,611,8.000000001629815,6.613078918675173,0,0,0
2025-10-31 21:45:00+00:00,611,20.00000000043656,6.251677153623229,0,0,0
2025-10-31 22:00:00+00:00,611,11.999999998806745,19.62818501132905,0,0,0
2025-10-31 22:15:00+00:00,611,16.999999999825377,11.695205841626793,0,0,0
2025-10-31 22:30:00+00:00,611,12.000000002444722,12.747520310152442,0,0,0
2025-10-31 22:45:00+00:00,611,10.999999998603016,14.90434633513809,0,0,0
2025-10-31 23:00:00+00:00,611,13.999999999214197,12.793129545326083,0,0,0
2025-10-31 23:15:00+00:00,611,13.999999999214197,12.388918567368153,0,0,0
2025-10-31 23:30:00+00:00,611,15.000000003055902,13.576315810717164,0,0,0
2025-10-31 23:45:00+00:00,611,12.99999999901047,13.630767260387474,0,0,0
2025-11-01 00:00:00+00:00,611,13.999999999214197,13.547840168363267,0,0,0
2025-11-01 00:15:00+00:00,611,14.999999999417923,13.573901743459732,0,0,0
2025-11-01 00:30:00+00:00,611,15.99999999962165,13.19851539399521,0,0,0
2025-11-01 00:45:00+00:00,611,50.99999999947613,13.1300157734547,0,0,0
2025-11-01 01:00:00+00:00,611,83.00000000235741,68.02489447852827,0,0,0
2025-11-01 01:15:00+00:00,611,73.00000000032014,56.81777244994346,0,0,0
2025-11-01 01:30:00+00:00,611,43.99999999805004,41.751135809240566,0,0,0
2025-11-01 01:45:00+00:00,611,32.99999999944703,31.43310846685987,0,0,0
2025-11-01 02:00:00+00:00,611,28.00000000206637,28.515390623654152,0,0,0
2025-11-01 02:15:00+00:00,611,30.999999999039574,29.82369086177659,0,0,0
2025-11-01 02:30:00+00:00,611,32.99999999944703,31.731522669994323,0,0,0
2025-11-01 02:45:00+00:00,611,32.99999999944703,31.81800912489059,0,0,0
2025-11-01 03:00:00+00:00,611,31.000000002677552,31.07557808194879,0,0,0
2025-11-01 03:15:00+00:00,611,32.99999999944703,30.680611539800864,0,0,0
2025-11-01 03:30:00+00:00,611,34.99999999985448,30.591376079678525,0,0,0
2025-11-01 03:45:00+00:00,611,34.99999999985448,30.458552842233026,0,0,0
2025-11-01 04:00:00+00:00,611,34.99999999985448,30.719665454820024,0,0,0
2025-11-01 04:15:00+00:00,611,31.9999999992433,31.67023271861988,0,0,0
2025-11-01 04:30:00+00:00,611,30.999999999039574,31.74208245822423,0,0,0
2025-11-01 04:45:00+00:00,611,32.00000000288128,31.841164946749167,0,0,0
2025-11-01 05:00:00+00:00,611,30.999999999039574,31.95797179064781,0,0,0
2025-11-01 05:15:00+00:00,611,31.9999999992433,32.16455384018118,0,0,0
2025-11-01 05:30:00+00:00,611,32.99999999944703,31.97753128076361,0,0,0
2025-11-01 05:45:00+00:00,611,32.99999999944703,32.04730041232434,0,0,0
2025-11-01 06:00:00+00:00,611,34.00000000328873,32.1892564395903,0,0,0
2025-11-01 06:15:00+00:00,611,54.99999999665306,40.685343969208496,0,0,0
2025-11-01 06:30:00+00:00,611,47.0000000022992,47.815293462476816,0,0,0
2025-11-01 06:45:00+00:00,611,41.00000000107684,44.00275889125832,0,0,0
2025-11-01 07:00:00+00:00,611,32.99999999944703,39.38936323756181,0,0,0
2025-11-01 07:15:00+00:00,611,32.99999999944703,33.23701338573469,0,0,0
2025-11-01 07:30:00+00:00,611,31.9999999992433,31.15577687131452,0,0,0
2025-11-01 07:45:00+00:00,611,24.000000001251465,30.048449765661168,0,0,0
2025-11-01 08:00:00+00:00,611,7.999999997991836,27.894692156944537,0,0,0
2025-11-01 08:15:00+00:00,611,7.000000001426088,20.957279499849044,0,0,0
2025-11-01 08:30:00+00:00,611,7.999999997991836,13.560563374907185,0,0,0
2025-11-01 08:45:00+00:00,611,12.000000002444722,9.49078683186515,0,0,0
2025-11-01 09:00:00+00:00,611,11.999999998806745,8.439650191560354,0,0,0
2025-11-01 09:15:00+00:00,611,9.99999999839929,8.740934657816812,0,0,0
2025-11-01 09:30:00+00:00,611,9.000000001833541,7.419899383111829,0,0,0
2025-11-01 09:45:00+00:00,611,12.99999999901047,6.914390002518543,0,0,0
2025-11-01 10:00:00+00:00,611,12.000000002444722,7.229929665321181,0,0,0
2025-11-01 10:15:00+00:00,611,7.999999997991836,10.334547331293704,0,0,0
2025-11-01 10:30:00+00:00,611,11.999999998806745,7.27298804841576,0,0,0
2025-11-01 10:45:00+00:00,611,9.000000001833541,7.91033137947432,0,0,0
2025-11-01 11:00:00+00:00,611,8.999999998195563,5.814110642377543,0,0,0
2025-11-01 11:15:00+00:00,611,9.000000001833541,5.412400978211924,0,0,0
2025-11-01 11:30:00+00:00,611,8.999999998195563,4.505885820751356,0,0,0
2025-11-01 11:45:00+00:00,611,8.000000001629815,4.86961218839361,0,0,0
2025-11-01 12:00:00+00:00,611,8.000000001629815,4.893792787348296,0,0,0
2025-11-01 12:15:00+00:00,611,8.999999998195563,6.543746019788834,0,0,0
2025-11-01 12:30:00+00:00,611,8.000000001629815,7.555733365388038,0,0,0
2025-11-01 12:45:00+00:00,611,7.999999997991836,6.960435470366573,0,0,0
2025-11-01 13:00:00+00:00,611,9.000000001833541,6.847119966617882,0,0,0
2025-11-01 13:15:00+00:00,611,6.999999997788109,7.199837004562385,0,0,0
2025-11-01 13:30:00+00:00,611,9.000000001833541,6.318620384706804,0,0,0
2025-11-01 13:45:00+00:00,611,7.999999997991836,6.629422117039116,0,0,0
2025-11-01 14:00:00+00:00,611,7.000000001426088,6.726369283591781,0,0,0
2025-11-01 14:15:00+00:00,611,7.999999997991836,7.253743533078413,0,0,0
2025-11-01 14:30:00+00:00,611,9.000000001833541,8.02157219019871,0,0,0
2025-11-01 14:45:00+00:00,611,8.999999998195563,8.541061718940087,0,0,0
2025-11-01 15:00:00+00:00,611,7.000000001426088,8.620738507851378,0,0,0
2025-11-01 15:15:00+00:00,611,9.000000001833541,9.09049603295742,0,0,0
2025-11-01 15:30:00+00:00,611,8.999999998195563,9.98692386435577,0,0,0
2025-11-01 15:45:00+00:00,611,12.99999999901047,9.64000206658393,0,0,0
2025-11-01 16:00:00+00:00,611,15.99999999962165,10.66316214428943,0,0,0
2025-11-01 16:15:00+00:00,611,14.000000002852175,20.42440428240061,0,0,0
2025-11-01 16:30:00+00:00,611,9.99999999839929,12.030591872981956,0,0,0
2025-11-01 16:45:00+00:00,611,8.000000001629815,10.56544011020666,0,0,0
2025-11-01 17:00:00+00:00,611,8.999999998195563,9.373288670084207,0,0,0
2025-11-01 17:15:00+00:00,611,9.000000001833541,8.888365035457664,0,0,0
2025-11-01 17:30:00+00:00,611,9.99999999839929,8.515579815736372,0,0,0
2025-11-01 17:45:00+00:00,611,10.000000002037268,8.321306921394958,0,0,0
2025-11-01 18:00:00+00:00,611,10.999999998603016,8.599641112713995,0,0,0
2025-11-01 18:15:00+00:00,611,16.999999999825377,9.160562394238664,0,0,0
2025-11-01 18:30:00+00:00,611,10.999999998603016,15.096471338091192,0,0,0
2025-11-01 18:45:00+00:00,611,9.000000001833541,10.655658942289914,0,0,0
2025-11-01 19:00:00+00:00,611,9.99999999839929,10.492416239268527,0,0,0
2025-11-01 19:15:00+00:00,611,10.000000002037268,10.166276122478202,0,0,0
2025-11-01 19:30:00+00:00,611,16.999999999825377,10.172363416729484,0,0,0
2025-11-01 19:45:00+00:00,611,11.999999998806745,12.095506252440908,0,0,0
2025-11-01 20:00:00+00:00,611,15.99999999962165,11.745501250851769,0,0,0
2025-11-01 20:15:00+00:00,611,16.999999999825377,12.538713473979683,0,0,0
2025-11-01 20:30:00+00:00,611,12.99999999901047,14.363598966360442,0,0,0
2025-11-01 20:45:00+00:00,611,12.000000002444722,14.493886878652578,0,0,0
2025-11-01 21:00:00+00:00,611,10.999999998603016,13.905820094742197,0,0,0
2025-11-01 21:15:00+00:00,611,13.999999999214197,12.4712186673451,0,0,0
2025-11-01 21:30:00+00:00,611,14.000000002852175,13.36716812155645,0,0,0
2025-11-01 21:45:00+00:00,611,14.999999999417923,13.39184706088832,0,0,0
2025-11-01 22:00:00+00:00,611,13.999999999214197,14.173981931596378,0,0,0
2025-11-01 22:15:00+00:00,611,14.999999999417923,14.459656661883802,0,0,0
2025-11-01 22:30:00+00:00,611,13.999999999214197,14.245850895013492,0,0,0
2025-11-01 22:45:00+00:00,611,9.000000001833541,14.507002694603448,0,0,0
2025-11-01 23:00:00+00:00,611,9.99999999839929,13.732283779360026,0,0,0
2025-11-01 23:15:00+00:00,611,10.000000002037268,12.516438250621446,0,0,0
2025-11-01 23:30:00+00:00,611,22.00000000084401,12.01458287320924,0,0,0
2025-11-01 23:45:00+00:00,611,25.99999999802094,26.814878763629174,0,0,0
2025-11-02 00:00:00+00:00,611,43.000000001484295,23.24107289315956,0,0,0
2025-11-02 00:15:00+00:00,611,26.999999998224663,39.94876435912285,0,0,0
2025-11-02 00:30:00+00:00,611,62.000000001717126,24.858868383723383,0,0,0
2025-11-02 00:45:00+00:00,611,111.99999999735157,48.60746538158292,0,0,0
2025-11-02 01:00:00+00:00,611,78.00000000133878,66.04798855351916,0,0,0
2025-11-02 01:15:00+00:00,611,45.9999999984575,47.90073295895454,0,0,0
2025-11-02 01:30:00+00:00,611,34.00000000328873,42.06729359156149,0,0,0
2025-11-02 01:45:00+00:00,611,34.99999999985448,37.16222833550305,0,0,0
2025-11-02 02:00:00+00:00,611,36.00000000005821,35.36842479086132,0,0,0
2025-11-02 02:15:00+00:00,611,38.99999999703141,35.14074978245505,0,0,0
2025-11-02 02:30:00+00:00,611,38.00000000046566,35.55010165157407,0,0,0
2025-11-02 02:45:00+00:00,611,38.00000000046566,35.21129526030072,0,0,0
2025-11-02 03:00:00+00:00,611,38.00000000046566,34.72573428234311,0,0,0
2025-11-02 03:15:00+00:00,611,37.000000000261934,35.65017490583406,0,0,0
2025-11-02 03:30:00+00:00,611,38.00000000046566,36.1991626358932,0,0,0
2025-11-02 03:45:00+00:00,611,36.00000000005821,36.15651534664093,0,0,0
2025-11-02 04:00:00+00:00,611,34.99999999985448,36.05166275677541,0,0,0
2025-11-02 04:15:00+00:00,611,36.00000000005821,35.669082265070514,0,0,0
2025-11-02 04:30:00+00:00,611,34.99999999985448,35.40744025825494,0,0,0
2025-11-02 04:45:00+00:00,611,38.00000000046566,35.39398063180646,0,0,0
2025-11-02 05:00:00+00:00,611,34.99999999985448,35.366795203040375,0,0,0
2025-11-02 05:15:00+00:00,611,33.999999999650754,35.318203319377766,0,0,0
2025-11-02 05:30:00+00:00,611,34.99999999985448,35.21493003966903,0,0,0
2025-11-02 05:45:00+00:00,611,33.999999999650754,34.900895749281744,0,0,0
2025-11-02 06:00:00+00:00,611,36.00000000005821,35.01496098172845,0,0,0
2025-11-02 06:15:00+00:00,611,56.000000000494765,43.73741703986198,0,0,0
2025-11-02 06:30:00+00:00,611,50.99999999947613,52.14277187009404,0,0,0
2025-11-02 06:45:00+00:00,611,48.99999999906868,46.63175429047521,0,0,0
2025-11-02 07:00:00+00:00,611,46.00000000209548,43.777319760152665,0,0,0
2025-11-02 07:15:00+00:00,611,33.999999999650754,38.79530601784141,0,0,0
2025-11-02 08:15:00+00:00,611,33.999999999650754,36.23925759431158,0,0,0
2025-11-02 08:30:00+00:00,611,33.999999999650754,35.301517049893626,0,0,0
2025-11-02 08:45:00+00:00,611,33.999999999650754,34.45197240095362,0,0,0
2025-11-02 09:00:00+00:00,611,36.00000000005821,34.39066026825675,0,0,0
2025-11-02 09:15:00+00:00,611,27.000000001862645,33.886451452535084,0,0,0
2025-11-02 09:30:00+00:00,611,7.999999997991836,31.87507131621052,0,0,0
2025-11-02 09:45:00+00:00,611,8.000000001629815,12.87121001840007,0,0,0
2025-11-02 10:00:00+00:00,611,9.99999999839929,9.611254333341602,0,0,0
2025-11-02 10:15:00+00:00,611,8.000000001629815,9.04132595615689,0,0,0
2025-11-02 10:30:00+00:00,611,9.99999999839929,8.427117744389307,0,0,0
2025-11-02 10:45:00+00:00,611,9.000000001833541,7.934257632598515,0,0,0
2025-11-02 11:00:00+00:00,611,7.999999997991836,7.807269561706045,0,0,0
2025-11-02 11:15:00+00:00,611,8.000000001629815,7.173220896405255,0,0,0
2025-11-02 11:30:00+00:00,611,9.99999999839929,6.455232192022773,0,0,0
2025-11-02 11:45:00+00:00,611,10.000000002037268,7.8577453790200895,0,0,0
2025-11-02 12:00:00+00:00,611,8.999999998195563,8.552443694854606,0,0,0
2025-11-02 12:15:00+00:00,611,16.00000000325963,8.290548820963362,0,0,0
2025-11-02 12:30:00+00:00,611,11.999999998806745,9.982755993871804,0,0,0
2025-11-02 12:45:00+00:00,611,7.999999997991836,9.104087268585632,0,0,0
2025-11-02 13:00:00+00:00,611,11.000000002240997,7.93013190662716,0,0,0
2025-11-02 13:15:00+00:00,611,9.99999999839929,8.228089174519623,0,0,0
2025-11-02 13:30:00+00:00,611,10.000000002037268,8.637597791650446,0,0,0
2025-11-02 13:45:00+00:00,611,9.99999999839929,8.88818906363308,0,0,0
2025-11-02 14:00:00+00:00,611,10.000000002037268,8.599978268814878,0,0,0
2025-11-02 14:15:00+00:00,611,8.999999998195563,8.467118062498667,0,0,0
2025-11-02 14:30:00+00:00,611,8.000000001629815,7.887953382655505,0,0,0
2025-11-02 14:45:00+00:00,611,8.999999998195563,7.2803285873841475,0,0,0
2025-11-02 15:00:00+00:00,611,8.000000001629815,7.454086715990583,0,0,0
2025-11-02 15:15:00+00:00,611,8.999999998195563,6.919031813925022,0,0,0
2025-11-02 15:30:00+00:00,611,9.000000001833541,6.863704202018861,0,0,0
2025-11-02 15:45:00+00:00,611,8.999999998195563,7.486884019330601,0,0,0
2025-11-02 16:00:00+00:00,611,9.000000001833541,8.542278734163895,0,0,0
2025-11-02 16:15:00+00:00,611,7.999999997991836,9.1835185841954,0,0,0
2025-11-02 16:30:00+00:00,611,9.000000001833541,9.211155033184156,0,0,0
2025-11-02 16:45:00+00:00,611,8.999999998195563,9.771805702575222,0,0,0
2025-11-02 17:00:00+00:00,611,10.000000002037268,10.547293570329431,0,0,0
2025-11-02 17:15:00+00:00,611,8.999999998195563,11.378441769826203,0,0,0
2025-11-02 17:30:00+00:00,611,23.00000000104773,11.781199131787774,0,0,0
2025-11-02 17:45:00+00:00,611,12.99999999901047,41.52279240365185,0,0,0
2025-11-02 18:00:00+00:00,611,15.99999999962165,14.90308643602426,0,0,0
2025-11-02 18:15:00+00:00,611,11.000000002240997,15.467666156994497,0,0,0
2025-11-02 18:30:00+00:00,611,7.999999997991836,15.444579097235442,0,0,0
2025-11-02 18:45:00+00:00,611,9.000000001833541,7.790036152935379,0,0,0
2025-11-02 19:00:00+00:00,611,11.999999998806745,9.085296730980616,0,0,0
2025-11-02 19:15:00+00:00,611,12.99999999901047,9.939749367196224,0,0,0
2025-11-02 19:30:00+00:00,611,18.000000000029104,11.904256672346245,0,0,0
2025-11-02 19:45:00+00:00,611,15.99999999962165,12.320884754598602,0,0,0
2025-11-02 20:00:00+00:00,611,13.000000002648449,13.530278476020689,0,0,0
2025-11-02 20:15:00+00:00,611,14.999999999417923,13.030812766411245,0,0,0
2025-11-02 20:30:00+00:00,611,13.999999999214197,13.356045667114325,0,0,0
2025-11-02 20:45:00+00:00,611,13.999999999214197,14.26754053145967,0,0,0
2025-11-02 21:00:00+00:00,611,14.999999999417923,14.161448005670504,0,0,0
2025-11-02 21:15:00+00:00,611,12.000000002444722,13.688392857297035,0,0,0
2025-11-02 21:30:00+00:00,611,14.999999999417923,13.464974444664442,0,0,0
2025-11-02 21:45:00+00:00,611,14.999999999417923,13.000008824579966,0,0,0
2025-11-02 22:00:00+00:00,611,12.99999999901047,13.199651817080868,0,0,0
2025-11-02 22:15:00+00:00,611,13.999999999214197,13.638194306513324,0,0,0
2025-11-02 22:30:00+00:00,611,14.000000002852175,13.832084203354173,0,0,0
2025-11-02 22:45:00+00:00,611,12.99999999901047,14.178770139730874,0,0,0
2025-11-02 23:00:00+00:00,611,14.999999999417923,14.245006526006454,0,0,0
2025-11-02 23:15:00+00:00,611,13.999999999214197,14.12390833559567,0,0,0
2025-11-02 23:30:00+00:00,611,13.000000002648449,14.7312041079177,0,0,0
2025-11-02 23:45:00+00:00,611,11.999999998806745,14.841076331048368,0,0,0
2025-11-03 00:00:00+00:00,611,8.999999998195563,14.088541695741236,0,0,0
2025-11-03 00:15:00+00:00,611,10.000000002037268,13.996715457159464,0,0,0
2025-11-03 00:30:00+00:00,611,21.000000000640284,13.492039354912004,1,0,1
2025-11-03 00:45:00+00:00,611,13.999999999214197,31.502219552521943,1,0,1
2025-11-03 01:00:00+00:00,611,31.9999999992433,16.166214780713567,1,0,1
2025-11-03 01:15:00+00:00,611,125.0,28.12244110309222,1,0,1
2025-11-03 01:30:00+00:00,611,114.00000000139698,85.21355021306493,0,0,0
2025-11-03 01:45:00+00:00,611,65.99999999889405,56.47145989916094,0,0,0
2025-11-03 02:00:00+00:00,611,42.00000000128057,44.20626808825819,0,0,0
2025-11-03 02:15:00+00:00,611,34.99999999985448,39.50561702715461,0,0,0
2025-11-03 02:30:00+00:00,611,33.999999999650754,37.21164832186959,0,0,0
2025-11-03 02:45:00+00:00,611,41.00000000107684,37.66205634004547,0,0,0
2025-11-03 03:00:00+00:00,611,42.99999999784632,40.521432869004656,0,0,0
2025-11-03 03:15:00+00:00,611,40.00000000087312,39.80930003374281,0,0,0
2025-11-03 03:30:00+00:00,611,40.00000000087312,39.13529541297751,0,0,0
2025-11-03 03:45:00+00:00,611,46.99999999866122,40.36946715030497,0,0,0
2025-11-03 04:00:00+00:00,611,46.99999999866122,42.70616891262232,0,0,0
2025-11-03 04:15:00+00:00,611,45.00000000189175,44.72044592965581,0,0,0
2025-11-03 04:30:00+00:00,611,43.99999999805004,45.68739483944515,0,0,0
2025-11-03 04:45:00+00:00,611,43.000000001484295,46.373829873298334,0,0,0
2025-11-03 05:00:00+00:00,611,43.000000001484295,47.08849433682647,0,0,0
2025-11-03 05:15:00+00:00,611,47.99999999886495,48.66739044225071,0,0,0
2025-11-03 05:30:00+00:00,611,55.00000000029104,48.35851404870503,0,0,0
2025-11-03 05:45:00+00:00,611,56.000000000494765,50.28967321434144,0,0,0
2025-11-03 06:00:00+00:00,611,52.99999999988359,56.66176973056213,0,0,0
2025-11-03 06:15:00+00:00,611,113.999999997759,82.21406757913016,0,0,0
2025-11-03 06:30:00+00:00,611,111.0000000007858,100.41766373265844,0,0,0
2025-11-03 06:45:00+00:00,611,82.99999999871943,89.84178665021969,0,0,0
2025-11-03 07:00:00+00:00,611,61.0000000015134,73.56740953599291,0,0,0
2025-11-03 07:15:00+00:00,611,62.000000001717126,66.05520487708196,0,0,0
2025-11-03 07:30:00+00:00,611,62.99999999828288,66.51427544104286,0,0,0
2025-11-03 07:45:00+00:00,611,58.00000000090222,64.45498512703159,0,0,0
2025-11-03 08:00:00+00:00,611,69.99999999970896,60.89087840948173,0,0,0
2025-11-03 08:15:00+00:00,611,61.99999999807915,65.63804813997844,0,0,0
2025-11-03 08:30:00+00:00,611,64.00000000212458,62.6582566053392,0,0,0
2025-11-03 08:45:00+00:00,611,63.9999999984866,63.48063357057107,0,0,0
2025-11-03 09:00:00+00:00,611,56.000000000494765,63.23326746286927,0,0,0
2025-11-03 09:15:00+00:00,611,56.000000000494765,61.00041569464376,0,0,0
2025-11-03 09:30:00+00:00,611,57.00000000069849,55.40422183690665,0,0,0
2025-11-03 09:45:00+00:00,611,58.00000000090222,52.45018725386922,0,0,0
2025-11-03 10:00:00+00:00,611,66.99999999909778,51.67852270672395,0,0,0
2025-11-03 10:15:00+00:00,611,52.99999999988359,53.35957711071628,0,0,0
2025-11-03 10:30:00+00:00,611,46.99999999866122,50.85274460538666,0,0,0
2025-11-03 10:45:00+00:00,611,45.00000000189175,47.92084402462135,0,0,0
2025-11-03 11:00:00+00:00,611,47.99999999886495,44.33602290943468,0,0,0
2025-11-03 11:15:00+00:00,611,42.00000000128057,45.080913121656174,0,0,0
2025-11-03 11:30:00+00:00,611,48.99999999906868,41.57199649181343,0,0,0
2025-11-03 11:45:00+00:00,611,40.00000000087312,41.80827489581157,0,0,0
2025-11-03 12:00:00+00:00,611,52.99999999988359,38.51272188514543,0,0,0
2025-11-03 12:15:00+00:00,611,41.99999999764259,40.27834923528603,0,0,0
2025-11-03 12:30:00+00:00,611,36.00000000005821,38.428184429113045,0,0,0
2025-11-03 12:45:00+00:00,611,43.000000001484295,36.20733127756552,0,0,0
2025-11-03 13:00:00+00:00,611,33.999999999650754,37.110675984673904,0,0,0
2025-11-03 13:15:00+00:00,611,38.00000000046566,36.69281536027204,0,0,0
2025-11-03 13:30:00+00:00,611,44.99999999825377,37.99072438821501,0,0,0
2025-11-03 13:45:00+00:00,611,42.00000000128057,38.89075668450769,0,0,0
2025-11-03 14:00:00+00:00,611,55.00000000029104,38.89802624324432,0,0,0
2025-11-03 14:15:00+00:00,611,43.99999999805004,39.61556540615895,0,0,0
2025-11-03 14:30:00+00:00,611,36.00000000005821,39.56298679947886,0,0,0
2025-11-03 14:45:00+00:00,611,36.00000000005821,39.27464143797127,0,0,0
2025-11-03 15:00:00+00:00,611,34.99999999985448,38.59907820961679,0,0,0
2025-11-03 15:15:00+00:00,611,43.000000001484295,38.824425657923086,0,0,0
2025-11-03 15:30:00+00:00,611,48.99999999906868,40.54865970290594,0,0,0
2025-11-03 15:45:00+00:00,611,40.00000000087312,41.454751936485565,0,0,0
2025-11-03 16:00:00+00:00,611,41.00000000107684,40.583729852417264,0,0,0
2025-11-03 16:15:00+00:00,611,40.00000000087312,38.502343983759424,0,0,0
2025-11-03 16:30:00+00:00,611,45.9999999984575,38.93977740707055,0,0,0
2025-11-03 16:45:00+00:00,611,41.00000000107684,41.94278835002598,0,0,0
2025-11-03 17:00:00+00:00,611,44.99999999825377,40.462980648146,0,0,0
2025-11-03 17:15:00+00:00,611,43.000000001484295,41.84449255906978,0,0,0
2025-11-03 17:30:00+00:00,611,43.99999999805004,41.73064913984733,0,0,0
2025-11-03 17:45:00+00:00,611,48.99999999906868,41.2493292307377,0,0,0
2025-11-03 18:00:00+00:00,611,40.00000000087312,42.86593358428721,0,0,0
2025-11-03 18:15:00+00:00,611,41.00000000107684,39.64095266905364,0,0,0
2025-11-03 18:30:00+00:00,611,52.99999999988359,40.61549942115152,0,0,0
2025-11-03 18:45:00+00:00,611,43.000000001484295,41.71697065768424,0,0,0
2025-11-03 19:00:00+00:00,611,42.99999999784632,40.80727026232321,0,0,0
2025-11-03 19:15:00+00:00,611,39.00000000066939,38.3141901768981,0,0,0
2025-11-03 19:30:00+00:00,611,39.00000000066939,30.603457506626896,0,0,0
2025-11-03 19:45:00+00:00,611,13.999999999214197,21.93483699677763,0,0,0
2025-11-03 20:00:00+00:00,611,9.99999999839929,12.119079083161104,0,0,0
2025-11-03 20:15:00+00:00,611,4.000000000814907,8.831551274948918,0,0,0
2025-11-03 20:30:00+00:00,611,2.0000000004074536,6.742805643509916,0,0,0
2025-11-03 20:45:00+00:00,611,4.000000000814907,6.545425885273945,0,0,0
2025-11-03 21:00:00+00:00,611,6.000000001222361,7.0107545396688025,0,0,0
2025-11-03 21:15:00+00:00,611,5.999999997584382,7.1698419416222645,0,0,0
2025-11-03 21:30:00+00:00,611,9.000000001833541,6.99536957443369,0,0,0
2025-11-03 21:45:00+00:00,611,6.999999997788109,6.770344494679994,0,0,0
2025-11-03 22:00:00+00:00,611,16.999999999825377,6.777022551485239,0,0,0
2025-11-03 22:15:00+00:00,611,18.000000000029104,7.26446450558462,0,0,0
2025-11-03 22:30:00+00:00,611,15.99999999962165,11.043026163374474,0,0,0
2025-11-03 22:45:00+00:00,611,11.000000002240997,12.477082669617287,0,0,0
2025-11-03 23:00:00+00:00,611,9.99999999839929,11.93165134492055,0,0,0
2025-11-03 23:15:00+00:00,611,12.000000002444722,11.242634405136906,0,0,0
2025-11-03 23:30:00+00:00,611,11.999999998806745,11.435243700296324,0,0,0
2025-11-03 23:45:00+00:00,611,14.999999999417923,11.061942395139903,0,0,0
2025-11-04 00:00:00+00:00,611,11.999999998806745,14.005466728234182,0,0,0
2025-11-04 00:15:00+00:00,611,10.000000002037268,11.594580272438376,0,0,0
2025-11-04 00:30:00+00:00,611,11.999999998806745,11.100061737107486,0,0,0
2025-11-04 00:45:00+00:00,611,13.999999999214197,11.09392638332428,0,0,0
2025-11-04 01:00:00+00:00,611,13.000000002648449,12.035198194272551,0,0,0
2025-11-04 01:15:00+00:00,611,9.99999999839929,11.869330701430684,0,0,0
2025-11-04 01:30:00+00:00,611,11.000000002240997,11.76412173165151,0,0,0
2025-11-04 01:45:00+00:00,611,12.99999999901047,11.32928648057396,0,0,0
2025-11-04 02:00:00+00:00,611,11.999999998806745,10.944556618725926,0,0,0
2025-11-04 05:15:00+00:00,611,26.999999998224663,10.67485096183085,0,0,0
2025-11-04 05:30:00+00:00,611,26.00000000165892,39.77151784787611,0,0,0
2025-11-04 05:45:00+00:00,611,12.99999999901047,23.52646813878441,0,0,0
2025-11-04 06:00:00+00:00,611,24.000000001251465,13.031898911832736,0,0,0
2025-11-04 06:15:00+00:00,611,126.00000000020373,17.235571528948306,0,0,0
2025-11-04 06:30:00+00:00,611,153.99999999863212,98.85535925640932,0,0,0
2025-11-04 06:45:00+00:00,611,109.00000000037836,86.5421759363043,0,0,0
2025-11-04 07:00:00+00:00,611,73.00000000032014,62.808285155213625,0,0,0
2025-11-04 07:15:00+00:00,611,46.99999999866122,49.75261016321885,0,0,0
2025-11-04 07:30:00+00:00,611,34.99999999985448,43.72645355156392,0,0,0
2025-11-04 07:45:00+00:00,611,40.00000000087312,41.89413731617024,0,0,0
2025-11-04 08:00:00+00:00,611,54.00000000008731,40.94358779742832,0,0,0
2025-11-04 08:15:00+00:00,611,44.99999999825377,41.15615584650722,0,0,0
2025-11-04 08:30:00+00:00,611,46.00000000209548,39.48724497716606,0,0,0
2025-11-04 08:45:00+00:00,611,40.99999999743886,38.87160089446005,0,0,0
2025-11-04 09:00:00+00:00,611,39.00000000066939,39.45335191649816,0,0,0
2025-11-04 09:15:00+00:00,611,38.00000000046566,38.03624341934412,0,0,0
2025-11-04 09:30:00+00:00,611,37.000000000261934,35.83316785834411,0,0,0
2025-11-04 09:45:00+00:00,611,39.00000000066939,37.053199742002015,0,0,0
2025-11-04 10:00:00+00:00,611,52.99999999988359,36.10432713123555,0,0,0
2025-11-04 10:15:00+00:00,611,40.00000000087312,36.93903986924628,0,0,0
2025-11-04 10:30:00+00:00,611,37.000000000261934,34.86409249911147,0,0,0
2025-11-04 10:45:00+00:00,611,31.9999999992433,32.751159614321054,0,0,0
2025-11-04 11:00:00+00:00,611,31.9999999992433,30.874538405512425,0,0,0
2025-11-04 11:15:00+00:00,611,27.9999999984284,29.65552390517649,0,0,0
2025-11-04 11:30:00+00:00,611,28.00000000206637,28.188741075825423,0,0,0
2025-11-04 11:45:00+00:00,611,26.999999998224663,28.371958799069407,0,0,0
2025-11-04 12:00:00+00:00,611,32.00000000288128,27.589481596618565,0,0,0
2025-11-04 12:15:00+00:00,611,28.99999999863212,26.798921520275456,0,0,0
2025-11-04 12:30:00+00:00,611,29.999999998835847,25.90249738576418,0,0,0
2025-11-04 12:45:00+00:00,611,37.000000000261934,26.4994618374773,0,0,0
2025-11-04 13:00:00+00:00,611,43.000000001484295,31.948788723163183,0,0,0
2025-11-04 13:15:00+00:00,611,37.000000000261934,34.611630602270864,0,0,0
2025-11-04 13:30:00+00:00,611,30.999999999039574,33.23761819645952,0,0,0
2025-11-04 13:45:00+00:00,611,27.9999999984284,31.7515435316166,0,0,0
2025-11-04 14:00:00+00:00,611,28.00000000206637,30.769203741572834,0,0,0
2025-11-04 14:15:00+00:00,611,31.9999999992433,28.86463850277113,0,0,0
2025-11-04 14:30:00+00:00,611,33.999999999650754,29.902529196700154,0,0,0
2025-11-04 14:45:00+00:00,611,33.999999999650754,30.42961508899524,0,0,0
2025-11-04 15:00:00+00:00,611,31.000000002677552,30.80407425918233,0,0,0
2025-11-04 15:15:00+00:00,611,27.9999999984284,30.24939036552403,0,0,0
2025-11-04 15:30:00+00:00,611,31.9999999992433,30.42090078679123,0,0,0
2025-11-04 15:45:00+00:00,611,29.999999998835847,32.5670694257283,0,0,0
2025-11-04 16:00:00+00:00,611,36.00000000005821,33.09528508671231,0,0,0
2025-11-04 16:15:00+00:00,611,35.00000000349246,33.35440433779057,0,0,0
2025-11-04 16:30:00+00:00,611,37.99999999682768,33.288018597277315,0,0,0
2025-11-04 16:45:00+00:00,611,43.000000001484295,34.13925937800555,0,0,0
2025-11-04 17:00:00+00:00,611,38.00000000046566,36.32244642594042,0,0,0
2025-11-04 17:15:00+00:00,611,38.00000000046566,35.48469041049275,0,0,0
2025-11-04 17:30:00+00:00,611,39.999999997235136,36.45268036368132,0,0,0
2025-11-04 17:45:00+00:00,611,38.00000000046566,36.82869518394793,0,0,0
2025-11-04 18:00:00+00:00,611,38.00000000046566,37.65730953704617,0,0,0
2025-11-04 18:15:00+00:00,611,45.00000000189175,37.05038715031832,0,0,0
2025-11-04 18:30:00+00:00,611,36.00000000005821,37.73574565065639,0,0,0
2025-11-04 18:45:00+00:00,611,41.99999999764259,36.12047513396214,0,0,0
2025-11-04 19:00:00+00:00,611,42.00000000128057,35.5825307449618,0,0,0
2025-11-04 19:15:00+00:00,611,37.000000000261934,34.661961501611714,0,0,0
2025-11-04 19:30:00+00:00,611,38.00000000046566,34.674664005588035,0,0,0
2025-11-04 19:45:00+00:00,611,13.999999999214197,18.4032111290345,0,0,0
2025-11-04 20:00:00+00:00,611,11.999999998806745,11.521161573961054,0,0,0
2025-11-04 20:15:00+00:00,611,5.000000001018634,5.985755630334136,0,0,0
2025-11-04 20:30:00+00:00,611,2.0000000004074536,3.1307828332540453,0,0,0
2025-11-04 20:45:00+00:00,611,5.000000001018634,4.029874641475832,0,0,0
2025-11-04 21:00:00+00:00,611,4.999999997380655,4.249775835748977,0,0,0
2025-11-04 21:15:00+00:00,611,10.000000002037268,4.921480992756049,0,0,0
2025-11-04 21:30:00+00:00,611,16.999999999825377,6.830621498996953,0,0,0
2025-11-04 21:45:00+00:00,611,8.999999998195563,7.4807368355087664,0,0,0
2025-11-04 22:00:00+00:00,611,9.000000001833541,8.14223562668993,0,0,0
2025-11-04 22:15:00+00:00,611,10.999999998603016,8.102260447412654,0,0,0
2025-11-04 22:30:00+00:00,611,7.000000001426088,8.919900960929022,0,0,0
2025-11-04 22:45:00+00:00,611,12.99999999901047,9.537979074082635,0,0,0
2025-11-04 23:00:00+00:00,611,23.00000000104773,10.192547680760306,0,0,0
2025-11-04 23:15:00+00:00,611,11.999999998806745,19.763561318985857,0,0,0
2025-11-04 23:30:00+00:00,611,13.999999999214197,12.82033345852752,0,0,0
2025-11-04 23:45:00+00:00,611,10.000000002037268,12.073296094295122,0,0,0
2025-11-05 00:00:00+00:00,611,8.999999998195563,12.527877897974276,0,0,0
2025-11-05 00:15:00+00:00,611,11.000000002240997,11.989038862302731,0,0,0
2025-11-05 00:30:00+00:00,611,14.999999999417923,11.885054301521508,0,0,0
2025-11-05 00:45:00+00:00,611,13.999999999214197,16.86537634830903,0,0,0
2025-11-05 01:00:00+00:00,611,10.999999998603016,13.98345694136765,0,0,0
2025-11-05 01:15:00+00:00,611,13.000000002648449,12.670700475569705,0,0,0
2025-11-05 01:30:00+00:00,611,12.99999999901047,12.874975667570698,0,0,0
2025-11-05 01:45:00+00:00,611,13.999999999214197,12.089555003633842,0,0,0
2025-11-05 02:00:00+00:00,611,15.99999999962165,13.110498427851503,0,0,0
2025-11-05 02:15:00+00:00,611,13.000000002648449,13.83858259144776,0,0,0
2025-11-05 02:30:00+00:00,611,13.999999999214197,13.38562519994765,0,0,0
2025-11-05 03:00:00+00:00,611,8.999999998195563,13.314886744596878,0,0,0
2025-11-05 03:15:00+00:00,611,13.000000002648449,13.284669868432491,0,0,0
2025-11-05 03:30:00+00:00,611,15.99999999962165,12.991911902516833,0,0,0
2025-11-05 03:45:00+00:00,611,10.999999998603016,13.67763343716529,0,0,0
2025-11-05 04:00:00+00:00,611,13.999999999214197,13.209152077476194,0,0,0
2025-11-05 04:15:00+00:00,611,43.000000001484295,14.446265797534842,0,0,0
2025-11-05 04:30:00+00:00,611,67.99999999930151,71.97363124197523,0,0,0
2025-11-05 04:45:00+00:00,611,100.0000000021828,56.01850842268014,0,0,0
2025-11-05 05:00:00+00:00,611,87.99999999973807,60.69235853127303,0,0,0
2025-11-05 05:15:00+00:00,611,63.9999999984866,57.44609241903887,0,0,0
2025-11-05 05:30:00+00:00,611,43.000000001484295,46.14682621958418,0,0,0
2025-11-05 05:45:00+00:00,611,32.99999999944703,41.11715516666189,0,0,0
2025-11-05 06:00:00+00:00,611,43.99999999805004,39.76939731345213,0,0,0
2025-11-05 06:15:00+00:00,611,109.00000000037836,52.4517251588908,0,0,0
2025-11-05 06:30:00+00:00,611,86.99999999953434,67.1964191283839,0,0,0
2025-11-05 06:45:00+00:00,611,60.00000000130967,58.83990461262563,0,0,0
2025-11-05 07:00:00+00:00,611,61.0000000015134,53.67425318069911,0,0,0
2025-11-05 07:15:00+00:00,611,44.99999999825377,54.79129866308499,0,0,0
2025-11-05 07:30:00+00:00,611,41.00000000107684,47.54365507302096,0,0,0
2025-11-05 07:45:00+00:00,611,50.99999999947613,45.60638273492377,0,0,0
2025-11-05 08:00:00+00:00,611,49.9999999992724,44.03267410143771,0,0,0
2025-11-05 08:15:00+00:00,611,76.00000000093132,43.75972553520386,0,0,0
2025-11-05 09:00:00+00:00,611,46.00000000209548,48.53114684488702,0,0,0
2025-11-05 09:15:00+00:00,611,40.99999999743886,42.4731881318916,0,0,0
2025-11-05 09:30:00+00:00,611,46.00000000209548,42.91977800510045,0,0,0
2025-11-05 09:45:00+00:00,611,42.99999999784632,41.22551536298047,0,0,0
2025-11-05 10:00:00+00:00,611,36.00000000005821,39.54810461088542,0,0,0
2025-11-05 10:15:00+00:00,611,40.00000000087312,37.58787312532184,0,0,0
2025-11-05 10:30:00+00:00,611,38.00000000046566,36.17065520031049,0,0,0
2025-11-05 10:45:00+00:00,611,28.99999999863212,34.791571404815016,0,0,0
2025-11-05 11:00:00+00:00,611,31.9999999992433,26.747466767264985,0,0,0
2025-11-05 11:15:00+00:00,611,25.00000000145519,28.569274970847754,0,0,0
2025-11-05 11:30:00+00:00,611,23.00000000104773,23.762824177411044,0,0,0
2025-11-05 11:45:00+00:00,611,25.99999999802094,22.212300201502718,0,0,0
2025-11-05 12:00:00+00:00,611,25.00000000145519,22.153525612091453,0,0,0
2025-11-05 12:15:00+00:00,611,23.00000000104773,22.36038123126808,0,0,0
2025-11-05 12:30:00+00:00,611,23.99999999761349,21.36571823786149,0,0,0
2025-11-05 12:45:00+00:00,611,20.00000000043656,20.400302057451828,0,0,0
2025-11-05 13:00:00+00:00,611,15.99999999962165,17.755760508723537,0,0,0
2025-11-05 13:15:00+00:00,611,19.00000000023283,16.753290429200188,0,0,0
2025-11-05 13:30:00+00:00,611,12.99999999901047,17.618024847737953,0,0,0
2025-11-05 13:45:00+00:00,611,9.000000001833541,16.894829447604526,0,0,0
2025-11-05 14:00:00+00:00,611,7.999999997991836,15.608340103824196,0,0,0
2025-11-05 14:15:00+00:00,611,7.000000001426088,13.686948113829647,0,0,0
2025-11-05 14:30:00+00:00,611,8.000000001629815,13.080242364684166,0,0,0
2025-11-05 14:45:00+00:00,611,39.999999997235136,12.961440680521951,0,0,0
2025-11-05 15:00:00+00:00,611,51.00000000311411,30.125898071045995,0,0,0
2025-11-05 15:15:00+00:00,611,21.999999997206032,33.838131659760904,0,0,0
2025-11-05 15:30:00+00:00,611,10.000000002037268,14.789200132911787,0,0,0
2025-11-05 15:45:00+00:00,611,26.999999998224663,12.191254888205124,0,0,0
2025-11-05 16:00:00+00:00,611,45.00000000189175,33.7926126286318,0,0,0
2025-11-05 16:15:00+00:00,611,38.00000000046566,31.302898189196227,0,0,0
2025-11-05 16:30:00+00:00,611,37.000000000261934,27.805057433018515,0,0,0
2025-11-05 16:45:00+00:00,611,36.99999999662396,28.62018554208136,0,0,0
2025-11-05 17:00:00+00:00,611,38.00000000046566,28.60538912126797,0,0,0
2025-11-05 17:15:00+00:00,611,38.00000000046566,31.007747597968148,0,0,0
2025-11-05 17:30:00+00:00,611,42.00000000128057,33.49361135983045,0,0,0
2025-11-05 17:45:00+00:00,611,41.00000000107684,34.233719278936775,0,0,0
2025-11-05 18:00:00+00:00,611,43.99999999805004,33.79711987334889,0,0,0
2025-11-05 18:15:00+00:00,611,41.00000000107684,34.12658940663545,0,0,0
2025-11-05 18:30:00+00:00,611,41.99999999764259,34.775884773594896,0,0,0
2025-11-05 18:45:00+00:00,611,42.00000000128057,34.15260809784189,0,0,0
2025-11-05 19:00:00+00:00,611,42.00000000128057,31.015372057863598,0,0,0
2025-11-05 19:15:00+00:00,611,39.999999997235136,30.01992458502052,0,0,0
2025-11-05 19:30:00+00:00,611,38.00000000046566,34.199132682254344,0,0,0
2025-11-05 19:45:00+00:00,611,14.000000002852175,20.918096933159813,0,0,0
2025-11-05 20:00:00+00:00,611,6.999999997788109,12.501641829808054,0,0,0
2025-11-05 20:15:00+00:00,611,4.000000000814907,6.9297720102439975,0,0,0
2025-11-05 20:30:00+00:00,611,1.0000000002037268,4.613627897551652,0,0,0
2025-11-05 20:45:00+00:00,611,5.000000001018634,5.339752711000219,0,0,0
2025-11-05 21:00:00+00:00,611,3.999999997176928,6.068690116132485,0,0,0
2025-11-05 21:15:00+00:00,611,7.000000001426088,5.956485157259953,0,0,0
2025-11-05 21:30:00+00:00,611,8.000000001629815,7.031912563754153,0,0,0
2025-11-05 21:45:00+00:00,611,7.999999997991836,7.278855747575019,0,0,0
2025-11-05 22:00:00+00:00,611,10.000000002037268,7.38855569576817,0,0,0
2025-11-05 22:15:00+00:00,611,8.999999998195563,7.62223444877791,0,0,0
2025-11-05 22:30:00+00:00,611,9.99999999839929,8.012835706672272,0,0,0
2025-11-05 22:45:00+00:00,611,9.000000001833541,9.38692722586693,0,0,0
2025-11-05 23:00:00+00:00,611,48.99999999906868,9.333644731888503,0,0,0
2025-11-05 23:15:00+00:00,611,81.00000000194996,64.53750556147799,0,0,0
2025-11-05 23:30:00+00:00,611,68.99999999950523,52.7491648625933,0,0,0
2025-11-05 23:45:00+00:00,611,41.00000000107684,37.343517762450745,0,0,0
2025-11-06 00:00:00+00:00,611,29.999999998835847,31.173532280539625,0,0,0
2025-11-06 00:15:00+00:00,611,30.999999999039574,28.94639442097121,0,0,0
2025-11-06 00:30:00+00:00,611,31.9999999992433,30.54287440006045,0,0,0
2025-11-06 00:45:00+00:00,611,31.000000002677552,33.510247351650435,0,0,0
2025-11-06 01:00:00+00:00,611,34.99999999985448,33.04186950479932,0,0,0
2025-11-06 01:15:00+00:00,611,36.00000000005821,32.32323310580199,0,0,0
2025-11-06 01:30:00+00:00,611,37.000000000261934,32.13973737665026,0,0,0
2025-11-06 01:45:00+00:00,611,36.99999999662396,32.801694581828244,0,0,0
2025-11-06 02:00:00+00:00,611,38.00000000046566,33.64389869179986,0,0,0
2025-11-06 02:15:00+00:00,611,37.000000000261934,34.62350796105291,0,0,0
2025-11-06 02:30:00+00:00,611,37.000000000261934,34.39383663362825,0,0,0
2025-11-06 02:45:00+00:00,611,36.00000000005821,32.89503802286399,0,0,0
2025-11-06 03:00:00+00:00,611,33.999999999650754,31.31102098946886,0,0,0
2025-11-06 03:15:00+00:00,611,36.00000000005821,29.964755199881,0,0,0
2025-11-06 03:30:00+00:00,611,24.000000001251465,29.3103825282181,0,0,0
2025-11-06 03:45:00+00:00,611,48.99999999906868,29.057710648191847,0,0,0
2025-11-06 04:00:00+00:00,611,40.00000000087312,42.70073005236331,0,0,0
2025-11-06 04:15:00+00:00,611,39.00000000066939,38.01671498307971,0,0,0
2025-11-06 04:30:00+00:00,611,33.999999999650754,41.30330082446618,0,0,0
2025-11-06 04:45:00+00:00,611,40.00000000087312,40.105917549760704,0,0,0
2025-11-06 05:00:00+00:00,611,38.99999999703141,41.90142166245514,0,0,0
2025-11-06 05:15:00+00:00,611,39.00000000066939,42.51121283355017,0,0,0
2025-11-06 05:30:00+00:00,611,43.000000001484295,44.35078088262253,0,0,0
2025-11-06 05:45:00+00:00,611,47.99999999886495,48.618325357043,0,0,0
2025-11-06 06:00:00+00:00,611,56.000000000494765,56.0592836083196,0,0,0
2025-11-06 06:15:00+00:00,611,116.00000000180444,102.48171563721728,0,0,0
2025-11-06 06:30:00+00:00,611,104.99999999956344,107.59787018752618,0,0,0
2025-11-06 06:45:00+00:00,611,74.99999999708962,94.27815169087444,0,0,0
2025-11-06 07:00:00+00:00,611,55.00000000029104,69.00866866075562,0,0,0
2025-11-06 07:15:00+00:00,611,62.000000001717126,62.52135644083169,0,0,0
2025-11-06 07:30:00+00:00,611,49.9999999992724,63.53984291390189,0,0,0
2025-11-06 07:45:00+00:00,611,50.99999999947613,59.74401531473515,0,0,0
2025-11-06 08:00:00+00:00,611,60.00000000130967,55.220501337021,0,0,0
2025-11-06 08:15:00+00:00,611,64.99999999869033,56.745183332924896,0,0,0
2025-11-06 08:30:00+00:00,611,49.9999999992724,56.5305568571248,0,0,0
2025-11-06 08:45:00+00:00,611,50.00000000291038,51.23342046087252,0,0,0
2025-11-06 09:00:00+00:00,611,51.99999999967986,51.15093255903236,0,0,0
2025-11-06 09:15:00+00:00,611,45.9999999984575,49.64503074944969,0,0,0
2025-11-06 09:30:00+00:00,611,44.00000000168802,42.26341788694812,0,0,0
2025-11-06 09:45:00+00:00,611,44.99999999825377,41.78692167608887,0,0,0
2025-11-06 10:00:00+00:00,611,41.00000000107684,40.59301643273989,0,0,0
2025-11-06 10:15:00+00:00,611,41.00000000107684,37.53434220053223,0,0,0
2025-11-06 10:30:00+00:00,611,37.99999999682768,34.76210869361313,0,0,0
2025-11-06 10:45:00+00:00,611,40.00000000087312,34.73718575973457,0,0,0
2025-11-06 11:00:00+00:00,611,38.00000000046566,34.40020119440986,0,0,0
2025-11-06 11:15:00+00:00,611,38.00000000046566,33.92919338209637,0,0,0
2025-11-06 11:30:00+00:00,611,26.999999998224663,31.564658496398085,0,0,0
2025-11-06 11:45:00+00:00,611,29.0000000022701,28.30467397562046,0,0,0
2025-11-06 12:00:00+00:00,611,36.00000000005821,27.325183746131103,0,0,0
2025-11-06 12:15:00+00:00,611,23.99999999761349,28.34886952117811,0,0,0
2025-11-06 12:30:00+00:00,611,23.00000000104773,24.982299309876037,0,0,0
2025-11-06 12:45:00+00:00,611,22.00000000084401,24.745210548231903,0,0,0
2025-11-06 13:00:00+00:00,611,23.00000000104773,21.724400572783928,0,0,0
2025-11-06 13:15:00+00:00,611,20.999999997002305,22.6341756452638,0,0,0
2025-11-06 13:30:00+00:00,611,27.000000001862645,21.03619399064627,0,0,0
2025-11-06 13:45:00+00:00,611,18.000000000029104,22.689546141059985,0,0,0
2025-11-06 14:00:00+00:00,611,15.99999999962165,19.05186028013392,0,0,0
2025-11-06 14:15:00+00:00,611,16.999999999825377,17.53097350849722,0,0,0
2025-11-06 14:30:00+00:00,611,11.999999998806745,18.81088609017805,0,0,0
2025-11-06 14:45:00+00:00,611,26.00000000165892,18.74760499542712,0,0,0
2025-11-06 15:00:00+00:00,611,37.000000000261934,24.10699475182457,0,0,0
2025-11-06 15:15:00+00:00,611,33.999999999650754,30.07568695084624,0,0,0
2025-11-06 15:30:00+00:00,611,27.9999999984284,30.6817413084898,0,0,0
2025-11-06 15:45:00+00:00,611,26.00000000165892,28.68862527305132,0,0,0
2025-11-06 16:00:00+00:00,611,24.000000001251465,28.797627248965448,0,0,0
2025-11-06 16:15:00+00:00,611,30.999999999039574,27.49299580157237,0,0,0
2025-11-06 16:30:00+00:00,611,40.00000000087312,29.65568804696245,0,0,0
2025-11-06 16:45:00+00:00,611,45.9999999984575,36.216431534779744,0,0,0
2025-11-06 17:00:00+00:00,611,47.99999999886495,38.28923471041331,0,0,0
2025-11-06 17:15:00+00:00,611,50.00000000291038,39.75569812872144,0,0,0
2025-11-06 17:30:00+00:00,611,51.99999999967986,40.81099080947157,0,0,0
2025-11-06 17:45:00+00:00,611,52.99999999988359,40.73442679947415,0,0,0
2025-11-06 18:00:00+00:00,611,43.99999999805004,42.0030683118526,0,0,0
2025-11-06 18:15:00+00:00,611,44.00000000168802,40.06445326437118,0,0,0
2025-11-06 18:30:00+00:00,611,40.00000000087312,40.92322534344067,0,0,0
2025-11-06 18:45:00+00:00,611,41.99999999764259,39.570167632925774,0,0,0
2025-11-06 19:00:00+00:00,611,43.000000001484295,37.75082303488719,0,0,0
2025-11-06 19:15:00+00:00,611,40.00000000087312,25.49342648006257,0,0,0
2025-11-06 19:30:00+00:00,611,38.99999999703141,26.75082058321589,0,0,0
2025-11-06 19:45:00+00:00,611,14.000000002852175,20.50187624786269,0,0,0
2025-11-06 20:00:00+00:00,611,10.999999998603016,11.99355276141655,0,0,0
2025-11-06 20:15:00+00:00,611,1.0000000002037268,9.482833349020371,0,0,0
2025-11-06 20:30:00+00:00,611,3.0000000006111804,6.969615580341543,0,0,0
2025-11-06 20:45:00+00:00,611,4.999999997380655,8.593264721893751,0,0,0
2025-11-06 21:00:00+00:00,611,13.000000002648449,9.55553263327366,0,0,0
2025-11-06 21:15:00+00:00,611,11.999999998806745,12.59606476186857,0,0,0
2025-11-06 21:30:00+00:00,611,12.99999999901047,13.85988923039337,0,0,0
2025-11-06 21:45:00+00:00,611,26.00000000165892,12.553526900473605,0,0,0
2025-11-06 22:00:00+00:00,611,55.00000000029104,26.78133912536528,0,0,0
2025-11-06 22:15:00+00:00,611,56.000000000494765,37.16449083039057,0,0,0
2025-11-06 22:30:00+00:00,611,40.99999999743886,35.196359836533446,0,0,0
2025-11-06 22:45:00+00:00,611,32.00000000288128,29.3866700110626,0,0,0
2025-11-06 23:00:00+00:00,611,26.999999998224663,27.198726548222044,0,0,0
2025-11-06 23:15:00+00:00,611,28.99999999863212,27.036374055607386,0,0,0
2025-11-06 23:30:00+00:00,611,31.000000002677552,30.7081636997644,0,0,0
2025-11-06 23:45:00+00:00,611,31.9999999992433,30.80485060546726,0,0,0
2025-11-07 00:00:00+00:00,611,34.99999999985448,30.79483647776905,0,0,0
2025-11-07 00:15:00+00:00,611,36.00000000005821,30.51900433961974,0,0,0
2025-11-07 00:30:00+00:00,611,36.00000000005821,31.51540117306268,0,0,0
2025-11-07 00:45:00+00:00,611,37.000000000261934,32.668721990145066,0,0,0
2025-11-07 01:00:00+00:00,611,32.99999999944703,33.195630431860735,0,0,0
2025-11-07 01:15:00+00:00,611,33.999999999650754,33.245962809956424,0,0,0
2025-11-07 01:30:00+00:00,611,32.99999999944703,33.76282754887732,0,0,0
2025-11-07 01:45:00+00:00,611,34.99999999985448,32.9457563559699,0,0,0
2025-11-07 02:00:00+00:00,611,36.00000000005821,33.72327381472615,0,0,0
2025-11-07 02:15:00+00:00,611,33.999999999650754,33.59864140027539,0,0,0
2025-11-07 02:30:00+00:00,611,33.999999999650754,33.93274830870395,0,0,0
2025-11-07 02:45:00+00:00,611,34.99999999985448,34.01299146071453,0,0,0
2025-11-07 03:00:00+00:00,611,32.00000000288128,34.3427367817766,0,0,0
2025-11-07 03:15:00+00:00,611,32.99999999944703,33.267975554332615,0,0,0
2025-11-07 03:30:00+00:00,611,30.999999999039574,32.23175141709524,0,0,0
2025-11-07 03:45:00+00:00,611,30.999999999039574,31.590431714303,0,0,0
2025-11-07 04:00:00+00:00,611,32.00000000288128,31.929720179650424,0,0,0
2025-11-07 04:15:00+00:00,611,33.999999999650754,31.967202178286943,0,0,0
2025-11-07 04:30:00+00:00,611,31.9999999992433,32.782244519569744,0,0,0
2025-11-07 04:45:00+00:00,611,46.99999999866122,32.292733787465366,0,0,0
2025-11-07 05:00:00+00:00,611,49.000000002706656,34.938547804723534,0,0,0
2025-11-07 05:15:00+00:00,611,48.99999999906868,41.61621421869351,0,0,0
2025-11-07 05:30:00+00:00,611,38.00000000046566,49.158656456336445,0,0,0
2025-11-07 05:45:00+00:00,611,34.99999999985448,41.44037843955312,0,0,0
2025-11-07 06:00:00+00:00,611,52.99999999988359,45.70077757064255,0,0,0
2025-11-07 06:15:00+00:00,611,77.9999999977008,88.44816669476063,0,0,0
2025-11-07 06:30:00+00:00,611,79.0000000015425,87.71132090880586,0,0,0
2025-11-07 06:45:00+00:00,611,70.99999999991269,79.74354737736778,0,0,0
2025-11-07 07:00:00+00:00,611,43.000000001484295,57.89356954514477,0,0,0
2025-11-07 07:15:00+00:00,611,41.99999999764259,46.749776670842834,0,0,0
2025-11-07 07:30:00+00:00,611,40.00000000087312,46.59847639181595,0,0,0
2025-11-07 07:45:00+00:00,611,50.99999999947613,45.200662687663424,0,0,0
2025-11-07 08:00:00+00:00,611,46.99999999866122,45.993151060302814,0,0,0
2025-11-07 08:15:00+00:00,611,48.00000000250293,42.236542996696016,0,0,0
2025-11-07 08:30:00+00:00,611,49.9999999992724,44.29314197691952,0,0,0
2025-11-07 08:45:00+00:00,611,60.00000000130967,43.89273953202223,0,0,0
2025-11-07 09:00:00+00:00,611,52.99999999988359,46.71385475855031,0,0,0
2025-11-07 09:15:00+00:00,611,47.99999999886495,46.676211575637495,0,0,0
2025-11-07 09:30:00+00:00,611,47.99999999886495,45.979747626537815,0,0,0
2025-11-07 09:45:00+00:00,611,40.00000000087312,46.254074392271775,0,0,0
2025-11-07 10:00:00+00:00,611,39.00000000066939,42.28786761928159,0,0,0
2025-11-07 10:15:00+00:00,611,52.99999999988359,40.86780456998032,0,0,0
2025-11-07 10:30:00+00:00,611,39.00000000066939,42.7081119964669,0,0,0
2025-11-07 10:45:00+00:00,611,37.000000000261934,38.82445227551,0,0,0
2025-11-07 11:00:00+00:00,611,33.999999999650754,35.35925355341532,0,0,0
2025-11-07 11:15:00+00:00,611,36.00000000005821,32.625406303710335,0,0,0
2025-11-07 11:30:00+00:00,611,31.9999999992433,32.26926742709282,0,0,0
2025-11-07 11:45:00+00:00,611,36.00000000005821,30.58630247186214,0,0,0
2025-11-07 12:00:00+00:00,611,29.999999998835847,31.26670122850562,0,0,0
2025-11-07 12:15:00+00:00,611,32.99999999944703,29.534317765663232,0,0,0
2025-11-07 12:30:00+00:00,611,31.000000002677552,28.609732224199103,0,0,0
2025-11-07 12:45:00+00:00,611,33.999999999650754,29.014306236467416,0,0,0
2025-11-07 13:00:00+00:00,611,30.999999999039574,29.32084028236484,0,0,0
2025-11-07 13:15:00+00:00,611,28.99999999863212,29.43628519306649,0,0,0
2025-11-07 13:30:00+00:00,611,28.00000000206637,28.36069955980565,0,0,0
2025-11-07 13:45:00+00:00,611,23.00000000104773,27.6420365432214,0,0,0
2025-11-07 14:00:00+00:00,611,24.999999997817213,26.59860643370503,0,0,0
2025-11-07 14:15:00+00:00,611,28.99999999863212,27.348598350084654,0,0,0
2025-11-07 14:30:00+00:00,611,31.000000002677552,27.77706312536128,0,0,0
2025-11-07 14:45:00+00:00,611,30.999999999039574,29.86937551344648,0,0,0
2025-11-07 15:00:00+00:00,611,30.999999999039574,29.398091913357487,0,0,0
2025-11-07 15:15:00+00:00,611,33.999999999650754,30.42369267590733,0,0,0
2025-11-07 15:30:00+00:00,611,30.000000002473826,32.247062444588934,0,0,0
2025-11-07 15:45:00+00:00,611,29.999999998835847,31.778953731116605,0,0,0
2025-11-07 16:00:00+00:00,611,34.99999999985448,32.42657884449732,0,0,0
2025-11-07 16:15:00+00:00,611,34.99999999985448,33.680446117384804,0,0,0
2025-11-07 16:30:00+00:00,611,36.00000000005821,33.33992437051047,0,0,0
2025-11-07 16:45:00+00:00,611,36.00000000005821,34.12814209920532,0,0,0
2025-11-07 17:00:00+00:00,611,34.99999999985448,34.213813760191115,0,0,0
2025-11-07 17:15:00+00:00,611,37.000000000261934,34.638594217812674,0,0,0
2025-11-07 17:30:00+00:00,611,36.00000000005821,35.897328072840565,0,0,0
2025-11-07 17:45:00+00:00,611,40.00000000087312,36.05132560067453,0,0,0
2025-11-07 18:00:00+00:00,611,40.99999999743886,37.45845250273658,0,0,0
2025-11-07 18:15:00+00:00,611,33.000000003085006,37.24571587560724,0,0,0
2025-11-07 18:30:00+00:00,611,31.9999999992433,35.39120353023864,0,0,0
2025-11-07 18:45:00+00:00,611,29.999999998835847,31.214829466633528,0,0,0
2025-11-07 19:00:00+00:00,611,30.999999999039574,28.703179178072848,0,0,0
2025-11-07 19:15:00+00:00,611,29.0000000022701,30.409233411194823,0,0,0
2025-11-07 19:30:00+00:00,611,31.9999999992433,28.740843063553267,0,0,0
2025-11-07 19:45:00+00:00,611,1.0000000002037268,20.767011073583053,0,0,0
2025-11-07 20:00:00+00:00,611,2.0000000004074536,5.304709179075797,0,0,0
2025-11-07 20:15:00+00:00,611,1.0000000002037268,3.169907728504967,0,0,0
2025-11-07 20:30:00+00:00,611,2.0000000004074536,1.604181413582836,0,0,0
2025-11-07 20:45:00+00:00,611,5.999999997584382,1.524979304971474,0,0,0
2025-11-07 21:00:00+00:00,611,6.000000001222361,3.1310785842197326,0,0,0
2025-11-07 21:15:00+00:00,611,8.000000001629815,5.375520832790578,0,0,0
2025-11-07 21:30:00+00:00,611,8.999999998195563,8.472833449910596,0,0,0
2025-11-07 21:45:00+00:00,611,8.000000001629815,7.401528811878093,0,0,0
2025-11-07 22:00:00+00:00,611,8.999999998195563,8.861661680765655,0,0,0
2025-11-07 22:15:00+00:00,611,9.000000001833541,8.63376929539961,0,0,0
2025-11-07 22:30:00+00:00,611,12.99999999901047,9.01975092320992,0,0,0
2025-11-07 22:45:00+00:00,611,18.000000000029104,10.14692513679321,0,0,0
2025-11-07 23:00:00+00:00,611,13.999999999214197,10.749482239267495,0,0,0
2025-11-07 23:15:00+00:00,611,10.999999998603016,11.293801540333249,0,0,0
2025-11-07 23:30:00+00:00,611,14.000000002852175,11.661166384230883,0,0,0
2025-11-07 23:45:00+00:00,611,13.999999999214197,11.778746616904805,0,0,0
2025-11-08 00:00:00+00:00,611,10.999999998603016,14.417470744138004,0,0,0
2025-11-08 00:15:00+00:00,611,13.999999999214197,12.669931523058912,0,0,0
2025-11-08 00:30:00+00:00,611,15.000000003055902,12.411496935466223,0,0,0
2025-11-08 00:45:00+00:00,611,14.999999999417923,12.752545858436903,0,0,0
2025-11-08 01:00:00+00:00,611,14.999999999417923,12.380035687113702,0,0,0
2025-11-08 01:15:00+00:00,611,8.000000001629815,12.746130280613707,0,0,0
2025-11-08 01:30:00+00:00,611,13.999999999214197,12.600430785499546,0,0,0
2025-11-08 01:45:00+00:00,611,9.99999999839929,11.8052621697336,0,0,0
2025-11-08 02:00:00+00:00,611,11.000000002240997,11.809675513519084,0,0,0
2025-11-08 02:15:00+00:00,611,9.99999999839929,11.69677997614167,0,0,0
2025-11-08 02:30:00+00:00,611,21.000000000640284,11.321641318110911,0,0,0
2025-11-08 02:45:00+00:00,611,12.99999999901047,14.187054124279808,0,0,0
2025-11-08 03:00:00+00:00,611,11.999999998806745,12.336882663710105,0,0,0
2025-11-08 03:15:00+00:00,611,9.000000001833541,11.912382430128533,0,0,0
2025-11-08 03:30:00+00:00,611,54.00000000008731,11.891846222448542,0,0,0
2025-11-08 03:45:00+00:00,611,102.999999999156,73.66524395544265,0,0,0
2025-11-08 04:00:00+00:00,611,77.00000000113505,66.98418232038657,0,0,0
2025-11-08 04:15:00+00:00,611,49.9999999992724,41.60029098670084,0,0,0
2025-11-08 04:30:00+00:00,611,29.999999998835847,34.627506514109015,0,0,0
2025-11-08 04:45:00+00:00,611,29.0000000022701,29.65390466863935,0,0,0
2025-11-08 05:00:00+00:00,611,30.999999999039574,29.649168216923847,0,0,0
2025-11-08 05:15:00+00:00,611,31.9999999992433,33.168864969465936,0,0,0
2025-11-08 05:30:00+00:00,611,32.99999999944703,33.95967051911057,0,0,0
2025-11-08 05:45:00+00:00,611,33.999999999650754,32.57523954615544,0,0,0
2025-11-08 06:00:00+00:00,611,33.000000003085006,33.24626743345108,0,0,0
2025-11-08 06:15:00+00:00,611,75.99999999729334,41.34021350249376,0,0,0
2025-11-08 06:30:00+00:00,611,67.00000000273576,56.24389431861198,0,0,0
2025-11-08 06:45:00+00:00,611,55.99999999685679,47.38221053587097,0,0,0
2025-11-08 07:00:00+00:00,611,43.000000001484295,42.50634773016459,0,0,0
2025-11-08 07:15:00+00:00,611,41.00000000107684,36.85420370473855,0,0,0
2025-11-08 07:30:00+00:00,611,37.000000000261934,36.00195589197216,0,0,0
2025-11-08 07:45:00+00:00,611,37.000000000261934,35.19457350070069,0,0,0
2025-11-08 08:00:00+00:00,611,38.99999999703141,34.83498468906842,0,0,0
2025-11-08 08:15:00+00:00,611,40.00000000087312,36.22533659635663,0,0,0
2025-11-08 08:30:00+00:00,611,39.00000000066939,34.685065567051296,0,0,0
2025-11-08 08:45:00+00:00,611,39.00000000066939,33.99707710125084,0,0,0
2025-11-08 09:00:00+00:00,611,37.000000000261934,34.35609585289674,0,0,0
2025-11-08 09:15:00+00:00,611,36.00000000005821,34.60473368975101,0,0,0
2025-11-08 09:30:00+00:00,611,37.000000000261934,34.14461099172968,0,0,0
2025-11-08 09:45:00+00:00,611,33.999999999650754,33.762576160556485,0,0,0
2025-11-08 10:00:00+00:00,611,36.00000000005821,32.887688611366634,0,0,0
2025-11-08 10:15:00+00:00,611,33.999999999650754,32.660168872217355,0,0,0
2025-11-08 10:30:00+00:00,611,34.99999999985448,31.09973502082622,0,0,0
2025-11-08 10:45:00+00:00,611,33.999999999650754,30.15551161524038,0,0,0
2025-11-08 11:00:00+00:00,611,27.9999999984284,28.768219251692216,0,0,0
2025-11-08 11:15:00+00:00,611,23.00000000104773,27.898946534585964,0,0,0
2025-11-08 11:30:00+00:00,611,23.00000000104773,25.206741760227324,0,0,0
2025-11-08 11:45:00+00:00,611,23.00000000104773,23.358150349191813,0,0,0
2025-11-08 12:00:00+00:00,611,23.99999999761349,22.72336082772197,0,0,0
2025-11-08 12:15:00+00:00,611,23.00000000104773,22.391622884528577,0,0,0
2025-11-08 12:30:00+00:00,611,23.00000000104773,18.732617815240857,0,0,0
2025-11-08 12:45:00+00:00,611,19.00000000023283,17.278757824335543,0,0,0
2025-11-08 13:00:00+00:00,611,19.99999999679858,15.796227734816396,0,0,0
2025-11-08 13:15:00+00:00,611,18.000000000029104,15.53185224970044,0,0,0
2025-11-08 13:30:00+00:00,611,16.999999999825377,15.242113901144458,0,0,0
2025-11-08 13:45:00+00:00,611,15.000000003055902,15.333846978172035,0,0,0
2025-11-08 14:00:00+00:00,611,16.999999999825377,15.715577555539284,0,0,0
2025-11-08 14:15:00+00:00,611,14.999999999417923,15.976516044745232,0,0,0
2025-11-08 14:30:00+00:00,611,16.999999999825377,15.575730602347388,0,0,0
2025-11-08 14:45:00+00:00,611,16.999999999825377,15.10221630059969,0,0,0
2025-11-08 15:00:00+00:00,611,19.00000000023283,15.51838744761006,0,0,0
2025-11-08 15:15:00+00:00,611,16.999999999825377,17.191822567348844,0,0,0
2025-11-08 15:30:00+00:00,611,16.999999999825377,16.894518169713137,0,0,0
2025-11-08 15:45:00+00:00,611,18.000000000029104,17.09788060029628,0,0,0
2025-11-08 16:00:00+00:00,611,16.999999999825377,17.76276389159104,0,0,0
2025-11-08 16:15:00+00:00,611,19.00000000023283,17.407660882730845,0,0,0
2025-11-08 16:30:00+00:00,611,20.00000000043656,17.736740394431408,0,0,0
2025-11-08 16:45:00+00:00,611,20.00000000043656,17.684661237194625,0,0,0
2025-11-08 17:00:00+00:00,611,20.00000000043656,19.149226673680445,0,0,0
2025-11-08 17:15:00+00:00,611,19.99999999679858,20.08507441191799,0,0,0
2025-11-08 17:30:00+00:00,611,19.00000000023283,21.504213978828894,0,0,0
2025-11-08 17:45:00+00:00,611,20.00000000043656,20.856848386920568,0,0,0
2025-11-08 18:00:00+00:00,611,19.00000000023283,20.761411029047743,0,0,0
2025-11-08 18:15:00+00:00,611,21.000000000640284,20.16135154347869,0,0,0
2025-11-08 18:30:00+00:00,611,19.00000000023283,20.67659113084313,0,0,0
2025-11-08 18:45:00+00:00,611,19.00000000023283,14.951630999532355,0,0,0
2025-11-08 19:00:00+00:00,611,19.00000000023283,16.037017450107406,0,0,0
2025-11-08 19:15:00+00:00,611,19.00000000023283,16.41752177003317,0,0,0
2025-11-08 19:30:00+00:00,611,19.00000000023283,17.51797340511168,0,0,0
2025-11-08 19:45:00+00:00,611,2.0000000004074536,14.415179413531332,0,0,0
2025-11-08 20:00:00+00:00,611,1.0000000002037268,3.670460322913314,0,0,0
2025-11-08 20:15:00+00:00,611,1.9999999967694748,2.7022012363459744,0,0,0
2025-11-08 20:30:00+00:00,611,3.0000000006111804,1.9890436239880136,0,0,0
2025-11-08 20:45:00+00:00,611,5.000000001018634,2.071340766455304,0,0,0
2025-11-08 21:00:00+00:00,611,6.000000001222361,2.8035994549322503,0,0,0
2025-11-08 21:15:00+00:00,611,6.999999997788109,4.467973504459756,0,0,0
2025-11-08 21:30:00+00:00,611,9.000000001833541,6.15849193935412,0,0,0
2025-11-08 21:45:00+00:00,611,10.999999998603016,6.048676648284349,0,0,0
2025-11-08 22:00:00+00:00,611,11.999999998806745,8.046594200650778,0,0,0
2025-11-08 22:15:00+00:00,611,11.000000002240997,9.328591826639716,0,0,0
2025-11-08 22:30:00+00:00,611,12.99999999901047,9.713005234954462,0,0,0
2025-11-08 22:45:00+00:00,611,16.999999999825377,10.189124363332462,0,0,0
2025-11-08 23:00:00+00:00,611,15.99999999962165,11.216291127245624,0,0,0
2025-11-08 23:15:00+00:00,611,14.999999999417923,11.78141724812497,0,0,0
2025-11-08 23:30:00+00:00,611,14.000000002852175,12.091851509882414,0,0,0
2025-11-08 23:45:00+00:00,611,11.999999998806745,11.751608508293234,0,0,0
2025-11-09 00:00:00+00:00,611,13.999999999214197,11.84252679141034,0,0,0
2025-11-09 00:15:00+00:00,611,12.99999999901047,12.51325966711771,0,0,0
2025-11-09 00:30:00+00:00,611,13.000000002648449,12.815707913424152,0,0,0
2025-11-09 00:45:00+00:00,611,12.99999999901047,12.805036479204698,0,0,0
2025-11-09 01:00:00+00:00,611,13.999999999214197,12.606105507153693,0,0,0
2025-11-09 01:15:00+00:00,611,12.99999999901047,12.558573890703077,0,0,0
2025-11-09 01:30:00+00:00,611,14.000000002852175,12.384385444441564,0,0,0
2025-11-09 01:45:00+00:00,611,12.99999999901047,11.958748048396922,0,0,0
2025-11-09 02:00:00+00:00,611,13.999999999214197,12.368147977047856,0,0,0
2025-11-09 02:15:00+00:00,611,13.999999999214197,12.831713216309796,0,0,0
2025-11-09 02:30:00+00:00,611,14.000000002852175,13.033177295381924,0,0,0
2025-11-09 02:45:00+00:00,611,13.999999999214197,13.090472390587328,0,0,0
2025-11-09 03:00:00+00:00,611,13.999999999214197,13.085192496472375,0,0,0
2025-11-09 03:15:00+00:00,611,13.999999999214197,13.138418797767322,0,0,0
2025-11-09 03:30:00+00:00,611,13.999999999214197,13.157459244938345,0,0,0
2025-11-09 03:45:00+00:00,611,12.000000002444722,13.093470566001995,0,0,0
2025-11-09 04:00:00+00:00,611,13.999999999214197,12.982580220171949,0,0,0
2025-11-09 04:15:00+00:00,611,12.99999999901047,12.77053638967973,0,0,0
2025-11-09 04:30:00+00:00,611,14.000000002852175,11.9978810767994,0,0,0
2025-11-09 04:45:00+00:00,611,13.999999999214197,11.459365888435284,0,0,0
2025-11-09 05:00:00+00:00,611,9.99999999839929,11.43214275142108,0,0,0
2025-11-09 05:15:00+00:00,611,12.000000002444722,11.401829756192845,0,0,0
2025-11-09 05:30:00+00:00,611,12.99999999901047,11.164124353785256,1,0,1
2025-11-09 05:45:00+00:00,611,18.000000000029104,10.931126567374012,1,0,1
2025-11-09 06:00:00+00:00,611,13.999999999214197,25.16965754663965,1,0,1
2025-11-09 06:15:00+00:00,611,26.999999998224663,14.460111378993544,1,0,1
2025-11-09 06:30:00+00:00,611,27.000000001862645,28.483128629562028,0,0,0
2025-11-09 06:45:00+00:00,611,25.00000000145519,15.862176133589138,0,0,0
2025-11-09 07:00:00+00:00,611,23.99999999761349,15.87753041466156,0,0,0
2025-11-09 07:15:00+00:00,611,16.999999999825377,17.65507246214362,0,0,0
2025-11-09 07:30:00+00:00,611,12.000000002444722,14.398033251295546,0,0,0
2025-11-09 07:45:00+00:00,611,9.99999999839929,13.35796509088164,0,0,0
2025-11-09 08:00:00+00:00,611,12.99999999901047,12.526962548735469,0,0,0
2025-11-09 08:15:00+00:00,611,14.000000002852175,14.164032129733204,0,0,0
2025-11-09 08:30:00+00:00,611,14.999999999417923,14.24486382616551,0,0,0
2025-11-09 08:45:00+00:00,611,13.999999999214197,14.000294783221708,0,0,0
2025-11-09 09:00:00+00:00,611,12.99999999901047,13.951884786402998,0,0,0
2025-11-09 09:15:00+00:00,611,13.999999999214197,13.440888486018777,0,0,0
2025-11-09 09:30:00+00:00,611,14.000000002852175,12.86314341081092,0,0,0
2025-11-09 09:45:00+00:00,611,8.999999998195563,13.467528993630577,0,0,0
2025-11-09 10:00:00+00:00,611,13.999999999214197,12.874084717786562,0,0,0
2025-11-09 10:15:00+00:00,611,14.000000002852175,13.116134701880114,0,0,0
2025-11-09 10:30:00+00:00,611,12.99999999901047,12.826533877523175,0,0,0
2025-11-09 10:45:00+00:00,611,12.99999999901047,11.76078640013596,0,0,0
2025-11-09 11:00:00+00:00,611,10.999999998603016,10.860435432177752,0,0,0
2025-11-09 11:15:00+00:00,611,12.000000002444722,10.214576691439609,0,0,0
2025-11-09 11:30:00+00:00,611,12.99999999901047,9.811282541475313,0,0,0
2025-11-09 11:45:00+00:00,611,9.000000001833541,9.953669625773763,0,0,0
2025-11-09 12:00:00+00:00,611,11.999999998806745,10.109793603051028,0,0,0
2025-11-09 12:15:00+00:00,611,18.000000000029104,10.220661028181231,0,0,0
2025-11-09 12:30:00+00:00,611,10.999999998603016,11.540000910475406,0,0,0
2025-11-09 12:45:00+00:00,611,9.000000001833541,10.839792754150114,0,0,0
2025-11-09 13:00:00+00:00,611,11.999999998806745,9.552930764153016,0,0,0
2025-11-09 13:15:00+00:00,611,10.000000002037268,9.74274225517702,0,0,0
2025-11-09 13:30:00+00:00,611,8.999999998195563,9.705947138158308,0,0,0
2025-11-09 13:45:00+00:00,611,10.999999998603016,9.288307587603295,0,0,0
2025-11-09 14:00:00+00:00,611,9.000000001833541,9.97167420518746,0,0,0
2025-11-09 14:15:00+00:00,611,10.999999998603016,10.04246515633464,0,0,0
2025-11-09 14:30:00+00:00,611,9.000000001833541,9.307445632592994,0,0,0
2025-11-09 14:45:00+00:00,611,9.99999999839929,8.928307682128715,0,0,0
2025-11-09 15:00:00+00:00,611,9.000000001833541,8.89466157351717,0,0,0
2025-11-09 15:15:00+00:00,611,10.999999998603016,8.5564466841752,0,0,0
2025-11-09 15:30:00+00:00,611,9.000000001833541,8.8113307814248,0,0,0
2025-11-09 15:45:00+00:00,611,9.99999999839929,9.230785503531726,0,0,0
2025-11-09 16:00:00+00:00,611,9.99999999839929,9.695312672809566,0,0,0
2025-11-09 16:15:00+00:00,611,10.000000002037268,10.1352681124806,0,0,0
2025-11-09 16:30:00+00:00,611,9.99999999839929,10.464730991370436,0,0,0
2025-11-09 16:45:00+00:00,611,8.000000001629815,11.029985024542444,0,0,0
2025-11-09 17:00:00+00:00,611,11.999999998806745,11.474665825267762,0,0,0
2025-11-09 17:15:00+00:00,611,10.000000002037268,12.014054218358073,0,0,0
2025-11-09 17:30:00+00:00,611,10.999999998603016,12.600717663936264,0,0,0
2025-11-09 17:45:00+00:00,611,14.999999999417923,12.655237136328685,0,0,0
2025-11-09 18:00:00+00:00,611,13.999999999214197,14.502118367405105,0,0,0
2025-11-09 18:15:00+00:00,611,18.000000000029104,14.3037855516822,0,0,0
2025-11-09 18:30:00+00:00,611,16.999999999825377,14.713282338774397,0,0,0
2025-11-09 18:45:00+00:00,611,13.000000002648449,15.087069414891957,0,0,0
2025-11-09 19:00:00+00:00,611,11.999999998806745,14.88089180480417,0,0,0
2025-11-09 19:15:00+00:00,611,9.000000001833541,13.902481066339574,0,0,0
2025-11-09 19:30:00+00:00,611,10.999999998603016,11.98852055873536,0,0,0
2025-11-09 19:45:00+00:00,611,21.000000000640284,11.679572445580504,0,0,0
2025-11-09 20:00:00+00:00,611,13.999999999214197,16.547125018839736,0,0,0
2025-11-09 20:15:00+00:00,611,11.999999998806745,14.039347219486036,0,0,0
2025-11-09 20:30:00+00:00,611,10.000000002037268,13.390693632122137,0,0,0
2025-11-09 20:45:00+00:00,611,15.99999999962165,13.075162841848469,0,0,0
2025-11-09 21:00:00+00:00,611,15.99999999962165,13.27500250874155,0,0,0
2025-11-09 21:15:00+00:00,611,19.00000000023283,14.003286304239646,0,0,0
2025-11-09 21:30:00+00:00,611,15.99999999962165,15.255021952041927,0,0,0
2025-11-09 21:45:00+00:00,611,13.999999999214197,16.246885662558277,0,0,0
2025-11-09 22:00:00+00:00,611,13.999999999214197,16.024883527362626,0,0,0
2025-11-09 22:15:00+00:00,611,69.00000000314321,15.64231893227214,0,0,0
2025-11-09 22:30:00+00:00,611,126.99999999676947,63.0557695633017,0,0,0
2025-11-09 22:45:00+00:00,611,95.00000000116415,70.44815367597364,0,0,0
2025-11-09 23:00:00+00:00,611,56.000000000494765,47.07992643135048,0,0,0
2025-11-09 23:15:00+00:00,611,42.00000000128057,38.3879090626056,0,0,0
2025-11-09 23:30:00+00:00,611,38.99999999703141,34.8727402573482,0,0,0
2025-11-09 23:45:00+00:00,611,41.00000000107684,36.88906387106425,0,0,0
2025-11-10 00:00:00+00:00,611,41.00000000107684,39.38479980016123,0,0,0
2025-11-10 00:15:00+00:00,611,39.00000000066939,39.98027366700729,0,0,0
2025-11-10 00:30:00+00:00,611,40.99999999743886,39.38154358202901,0,0,0
2025-11-10 00:45:00+00:00,611,41.00000000107684,39.101325457058536,0,0,0
2025-11-10 01:00:00+00:00,611,41.00000000107684,40.64677508577307,0,0,0
2025-11-10 01:15:00+00:00,611,40.00000000087312,39.89476023278814,0,0,0
2025-11-10 01:30:00+00:00,611,39.999999997235136,39.53541097943807,0,0,0
2025-11-10 01:45:00+00:00,611,43.000000001484295,39.67209524574064,0,0,0
2025-11-10 02:00:00+00:00,611,47.99999999886495,40.91779239820097,0,0,0
2025-11-10 02:15:00+00:00,611,46.00000000209548,44.744984387278976,0,0,0
2025-11-10 02:30:00+00:00,611,43.99999999805004,44.508008011001806,0,0,0
2025-11-10 02:45:00+00:00,611,42.00000000128057,44.6629844745322,0,0,0
2025-11-10 03:00:00+00:00,611,40.00000000087312,44.6698370244072,0,0,0
2025-11-10 03:15:00+00:00,611,41.99999999764259,44.203434794006895,0,0,0
2025-11-10 03:30:00+00:00,611,47.0000000022992,43.02694928253696,0,0,0
2025-11-10 03:45:00+00:00,611,45.9999999984575,43.338298154155794,0,0,0
2025-11-10 04:00:00+00:00,611,45.00000000189175,43.73533791057319,0,0,0
2025-11-10 04:15:00+00:00,611,40.99999999743886,47.49979224729971,0,0,0
2025-11-10 04:30:00+00:00,611,42.00000000128057,46.897587088474594,0,0,0
2025-11-10 04:45:00+00:00,611,46.99999999866122,47.78213090669416,0,0,0
2025-11-10 05:00:00+00:00,611,47.0000000022992,48.89213751609665,0,0,0
2025-11-10 05:15:00+00:00,611,50.99999999947613,53.386259762840695,0,0,0
2025-11-10 05:30:00+00:00,611,57.00000000069849,52.12081236089168,0,0,0
2025-11-10 05:45:00+00:00,611,52.99999999988359,54.51706949516971,0,0,0
2025-11-10 06:00:00+00:00,611,49.9999999992724,59.36344297208728,0,0,0
2025-11-10 06:15:00+00:00,611,109.00000000037836,89.08099686608278,0,0,0
2025-11-10 06:30:00+00:00,611,113.999999997759,100.65456025617486,0,0,0
2025-11-10 06:45:00+00:00,611,85.99999999933061,90.31228503149478,0,0,0
2025-11-10 07:00:00+00:00,611,60.00000000130967,73.29188202133827,0,0,0
2025-11-10 07:15:00+00:00,611,56.000000000494765,66.48521495115432,0,0,0
2025-11-10 07:30:00+00:00,611,60.00000000130967,66.67249037764753,0,0,0
2025-11-10 07:45:00+00:00,611,61.99999999807915,65.46877803227633,0,0,0
2025-11-10 08:00:00+00:00,611,64.00000000212458,63.75872228858859,0,0,0
2025-11-10 08:15:00+00:00,611,68.99999999950523,67.62697338423311,0,0,0
2025-11-10 08:30:00+00:00,611,66.99999999909778,68.10540380640796,0,0,0
2025-11-10 08:45:00+00:00,611,64.99999999869033,66.88708136333175,0,0,0
2025-11-10 09:00:00+00:00,611,62.000000001717126,64.89801415861353,0,0,0
2025-11-10 09:15:00+00:00,611,66.99999999909778,64.91571189640034,0,0,0
2025-11-10 09:30:00+00:00,611,64.99999999869033,63.642480329034406,0,0,0
2025-11-10 09:45:00+00:00,611,65.0000000023283,61.59903339425507,0,0,0
2025-11-10 10:00:00+00:00,611,70.99999999991269,60.13344835631504,0,0,0
2025-11-10 10:15:00+00:00,611,56.000000000494765,61.95176669850269,0,0,0
2025-11-10 10:30:00+00:00,611,52.99999999988359,57.42611148379696,0,0,0
2025-11-10 10:45:00+00:00,611,54.00000000008731,55.02135150925538,0,0,0
2025-11-10 11:00:00+00:00,611,51.99999999967986,52.53928223228286,0,0,0
2025-11-10 11:15:00+00:00,611,57.00000000069849,51.92279525932464,0,0,0
2025-11-10 11:30:00+00:00,611,55.00000000029104,51.407419626516,0,0,0
2025-11-10 11:45:00+00:00,611,54.99999999665306,50.89492756562281,0,0,0
2025-11-10 12:00:00+00:00,611,55.00000000029104,50.34076123615446,0,0,0
2025-11-10 12:15:00+00:00,611,49.000000002706656,49.464412677194105,0,0,0
2025-11-10 12:30:00+00:00,611,50.99999999947613,48.944562332274586,0,0,0
2025-11-10 12:45:00+00:00,611,46.99999999866122,49.06368490623457,0,0,0
2025-11-10 13:00:00+00:00,611,43.000000001484295,47.38969007779322,0,0,0
2025-11-10 13:15:00+00:00,611,47.99999999886495,46.01525844498802,0,0,0
2025-11-10 13:30:00+00:00,611,43.000000001484295,45.20464349566159,0,0,0
2025-11-10 13:45:00+00:00,611,49.9999999992724,43.39179654633918,0,0,0
2025-11-10 14:00:00+00:00,611,46.99999999866122,43.763020200961634,0,0,0
2025-11-10 14:15:00+00:00,611,39.00000000066939,42.321710402285305,0,0,0
2025-11-10 14:30:00+00:00,611,43.000000001484295,40.98954453998664,0,0,0
2025-11-10 14:45:00+00:00,611,31.9999999992433,40.612819917402376,0,0,0
2025-11-10 15:00:00+00:00,611,29.999999998835847,38.313172793576136,0,0,0
2025-11-10 15:15:00+00:00,611,46.00000000209548,38.00501803238673,0,0,0
2025-11-10 15:30:00+00:00,611,45.9999999984575,40.88849530753988,0,0,0
2025-11-10 15:45:00+00:00,611,47.99999999886495,43.68055004417941,0,0,0
2025-11-10 16:00:00+00:00,611,46.00000000209548,44.47407354519872,0,0,0
2025-11-10 16:15:00+00:00,611,57.99999999726424,45.8510515938185,0,0,0
2025-11-10 16:30:00+00:00,611,47.0000000022992,50.79033523660709,0,0,0
2025-11-10 16:45:00+00:00,611,49.9999999992724,46.136040181865525,0,0,0
2025-11-10 17:00:00+00:00,611,56.000000000494765,48.02342820458004,0,0,0
2025-11-10 17:15:00+00:00,611,62.99999999828288,49.24747342884233,0,0,0
2025-11-10 17:30:00+00:00,611,55.00000000029104,50.27166198053101,0,0,0
2025-11-10 17:45:00+00:00,611,46.00000000209548,50.25684485715002,0,0,0
2025-11-10 18:00:00+00:00,611,52.99999999988359,48.21405448951452,0,0,0
2025-11-10 18:15:00+00:00,611,47.99999999886495,48.88365537840072,0,0,0
2025-11-10 18:30:00+00:00,611,49.9999999992724,48.92481208278592,0,0,0
2025-11-10 18:45:00+00:00,611,45.00000000189175,47.94994000462578,0,0,0
2025-11-10 19:00:00+00:00,611,47.99999999886495,44.40713622913446,0,0,0
2025-11-10 19:15:00+00:00,611,48.99999999906868,44.50418690852512,0,0,0
2025-11-10 19:30:00+00:00,611,45.00000000189175,36.06858266952244,0,0,0
2025-11-10 19:45:00+00:00,611,19.00000000023283,28.543133542990557,0,0,0
2025-11-10 20:00:00+00:00,611,21.999999997206032,20.100369173108568,0,0,0
2025-11-10 20:15:00+00:00,611,23.00000000104773,19.206102541891987,0,0,0
2025-11-10 20:30:00+00:00,611,39.00000000066939,22.27723676228409,0,0,0
2025-11-10 20:45:00+00:00,611,27.9999999984284,33.69396933029091,0,0,0
2025-11-10 21:00:00+00:00,611,28.00000000206637,30.60524827872414,0,0,0
2025-11-10 21:15:00+00:00,611,29.999999998835847,32.220385707483835,0,0,0
2025-11-10 21:30:00+00:00,611,31.9999999992433,31.86974336256364,0,0,0
2025-11-10 22:00:00+00:00,611,29.999999998835847,30.935341846548308,0,0,0
2025-11-10 22:15:00+00:00,611,31.9999999992433,30.7710581001277,0,0,0
2025-11-10 22:30:00+00:00,611,31.9999999992433,30.89655854366276,0,0,0
2025-11-10 22:45:00+00:00,611,31.000000002677552,31.775197693852363,0,0,0
2025-11-10 23:00:00+00:00,611,33.999999999650754,32.51864759887096,0,0,0
2025-11-10 23:15:00+00:00,611,32.99999999944703,33.035577403004304,0,0,0
2025-11-10 23:30:00+00:00,611,32.99999999944703,32.55495102990921,0,0,0
2025-11-10 23:45:00+00:00,611,33.999999999650754,31.93547401468789,0,0,0
2025-11-11 00:00:00+00:00,611,34.99999999985448,32.088343252587755,0,0,0
2025-11-11 00:15:00+00:00,611,34.99999999985448,33.52697650502459,0,0,0
2025-11-11 00:30:00+00:00,611,34.99999999985448,33.058907717932634,0,0,0
2025-11-11 00:45:00+00:00,611,32.99999999944703,33.51162407239571,0,0,0
2025-11-11 01:00:00+00:00,611,33.999999999650754,33.25500243822269,0,0,0
2025-11-11 01:15:00+00:00,611,34.00000000328873,33.35316070497985,0,0,0
2025-11-11 01:30:00+00:00,611,34.99999999985448,32.588959433453724,0,0,0
2025-11-11 01:45:00+00:00,611,33.999999999650754,32.53052200014335,0,0,0
2025-11-11 02:00:00+00:00,611,34.99999999985448,32.32526491493627,0,0,0
2025-11-11 02:15:00+00:00,611,31.9999999992433,33.22427539164249,0,0,0
2025-11-11 02:30:00+00:00,611,33.999999999650754,32.14783208058115,0,0,0
2025-11-11 02:45:00+00:00,611,32.99999999944703,32.55523347208145,0,0,0
2025-11-11 03:00:00+00:00,611,34.99999999985448,32.12061264045402,0,0,0
2025-11-11 03:15:00+00:00,611,31.9999999992433,33.2701064400404,0,0,0
2025-11-11 03:30:00+00:00,611,33.000000003085006,32.32659875179152,0,0,0
2025-11-11 03:45:00+00:00,611,33.999999999650754,32.24353857183276,0,0,0
2025-11-11 04:00:00+00:00,611,31.9999999992433,32.002087483444726,0,0,0
2025-11-11 04:15:00+00:00,611,33.999999999650754,32.75169788107861,0,0,0
2025-11-11 04:30:00+00:00,611,32.99999999944703,32.73195206785442,0,0,0
2025-11-11 04:45:00+00:00,611,55.00000000029104,32.68917169066759,0,0,0
2025-11-11 05:00:00+00:00,611,46.99999999866122,39.40295595194485,0,0,0
2025-11-11 05:15:00+00:00,611,46.00000000209548,44.39724335933218,0,0,0
2025-11-11 05:30:00+00:00,611,37.000000000261934,47.34847126570523,0,0,0
2025-11-11 05:45:00+00:00,611,36.00000000005821,39.78191349432006,0,0,0
2025-11-11 06:00:00+00:00,611,52.99999999988359,46.03853996100702,0,0,0
2025-11-11 06:15:00+00:00,611,88.99999999994179,88.67291376860658,0,0,0
2025-11-11 06:30:00+00:00,611,76.00000000093132,90.33945863022224,0,0,0
2025-11-11 06:45:00+00:00,611,68.99999999950523,78.1885656950291,0,0,0
2025-11-11 07:00:00+00:00,611,56.000000000494765,57.78612617681982,0,0,0
2025-11-11 07:15:00+00:00,611,39.999999997235136,51.58783658811491,0,0,0
2025-11-11 07:30:00+00:00,611,54.00000000008731,48.42935232000672,0,0,0
2025-11-11 07:45:00+00:00,611,52.99999999988359,49.323561279785,0,0,0
2025-11-11 08:00:00+00:00,611,51.99999999967986,46.47815306893527,0,0,0
2025-11-11 08:15:00+00:00,611,44.00000000168802,49.54163621184502,0,0,0
2025-11-11 08:30:00+00:00,611,50.99999999947613,46.17286709211304,0,0,0
2025-11-11 08:45:00+00:00,611,48.99999999906868,49.74804081079897,0,0,0
2025-11-11 09:00:00+00:00,611,46.00000000209548,46.02061449497664,0,0,0
2025-11-11 09:15:00+00:00,611,46.99999999866122,46.80912797463719,0,0,0
2025-11-11 09:30:00+00:00,611,45.00000000189175,46.15847585012264,0,0,0
2025-11-11 09:45:00+00:00,611,45.9999999984575,44.156836271853024,0,0,0
2025-11-11 10:00:00+00:00,611,45.9999999984575,43.07971716983509,0,0,0
2025-11-11 10:15:00+00:00,611,48.00000000250293,42.85296786195143,0,0,0
2025-11-11 10:30:00+00:00,611,43.99999999805004,43.15035137297046,0,0,0
2025-11-11 10:45:00+00:00,611,44.00000000168802,41.95464796375009,0,0,0
2025-11-11 11:00:00+00:00,611,43.99999999805004,40.83764388649941,0,0,0
2025-11-11 11:15:00+00:00,611,47.0000000022992,41.017132190066064,0,0,0
2025-11-11 11:30:00+00:00,611,42.99999999784632,41.72956669131291,0,0,0
2025-11-11 11:45:00+00:00,611,49.000000002706656,41.18983300897016,0,0,0
2025-11-11 12:00:00+00:00,611,44.99999999825377,40.7133308830916,0,0,0
2025-11-11 12:15:00+00:00,611,36.00000000005821,39.68354968064175,0,0,0
2025-11-11 12:30:00+00:00,611,37.000000000261934,38.18378766110676,0,0,0
2025-11-11 12:45:00+00:00,611,37.000000000261934,37.5946872275713,0,0,0
2025-11-11 13:00:00+00:00,611,37.000000000261934,34.17253727666481,0,0,0
2025-11-11 13:15:00+00:00,611,32.99999999944703,33.17457296310372,0,0,0
2025-11-11 13:30:00+00:00,611,27.9999999984284,31.597194060133468,0,0,0
2025-11-11 13:45:00+00:00,611,29.0000000022701,30.06142140301626,0,0,0
2025-11-11 14:00:00+00:00,611,31.9999999992433,27.93206029145927,0,0,0
2025-11-11 14:15:00+00:00,611,31.9999999992433,27.962726709091505,0,0,0
2025-11-11 14:30:00+00:00,611,28.00000000206637,28.672540856782355,0,0,0
2025-11-11 14:45:00+00:00,611,26.999999998224663,27.351632754992615,0,0,0
2025-11-11 15:00:00+00:00,611,29.999999998835847,28.23959545437555,0,0,0
2025-11-11 15:15:00+00:00,611,38.00000000046566,32.08061380109949,0,0,0
2025-11-11 15:30:00+00:00,611,43.000000001484295,37.40092302489087,0,0,0
2025-11-11 15:45:00+00:00,611,40.00000000087312,42.4471088117372,0,0,0
2025-11-11 16:00:00+00:00,611,34.99999999985448,37.863507110324136,0,0,0
2025-11-11 16:15:00+00:00,611,40.00000000087312,35.79617532755581,0,0,0
2025-11-11 16:30:00+00:00,611,45.9999999984575,38.35855282175137,0,0,0
2025-11-11 16:45:00+00:00,611,43.99999999805004,42.975166245954576,0,0,0
2025-11-11 17:00:00+00:00,611,48.00000000250293,44.258098444995085,0,0,0
2025-11-11 17:15:00+00:00,611,45.9999999984575,44.51504096896588,0,0,0
2025-11-11 17:30:00+00:00,611,41.00000000107684,43.95110302759119,0,0,0
2025-11-11 17:45:00+00:00,611,49.9999999992724,43.312204046453104,0,0,0
2025-11-11 18:00:00+00:00,611,43.000000001484295,45.22697565108072,0,0,0
2025-11-11 18:15:00+00:00,611,45.9999999984575,44.45672479355144,0,0,0
2025-11-11 18:30:00+00:00,611,47.0000000022992,45.035630691299616,0,0,0
2025-11-11 18:45:00+00:00,611,48.99999999906868,44.26715138205481,0,0,0
2025-11-11 19:00:00+00:00,611,42.99999999784632,44.23000210325469,0,0,0
2025-11-11 19:15:00+00:00,611,39.00000000066939,31.00457271135149,0,0,0
2025-11-11 19:30:00+00:00,611,38.00000000046566,29.945682220103752,0,0,0
2025-11-11 19:45:00+00:00,611,16.999999999825377,25.439224200580856,0,0,0
2025-11-11 20:00:00+00:00,611,20.00000000043656,15.598813965219373,0,0,0
2025-11-11 20:15:00+00:00,611,18.000000000029104,15.056937567130204,0,0,0
2025-11-11 20:30:00+00:00,611,20.00000000043656,15.657468775489528,0,0,0
2025-11-11 20:45:00+00:00,611,24.999999997817213,22.336240558693763,0,0,0
2025-11-11 21:00:00+00:00,611,26.00000000165892,25.8258209903998,0,0,0
2025-11-11 21:15:00+00:00,611,30.999999999039574,28.309664773166453,0,0,0
2025-11-11 21:30:00+00:00,611,31.9999999992433,28.868172726811107,0,0,0
2025-11-11 21:45:00+00:00,611,31.000000002677552,28.49787033644677,0,0,0
2025-11-11 22:00:00+00:00,611,30.999999999039574,28.976556583206943,0,0,0
2025-11-11 22:15:00+00:00,611,29.999999998835847,29.21562983383084,0,0,0
2025-11-11 22:30:00+00:00,611,31.000000002677552,29.75281414284936,0,0,0
2025-11-11 22:45:00+00:00,611,29.999999998835847,30.45106738529145,0,0,0
2025-11-11 23:00:00+00:00,611,28.99999999863212,30.529734184654917,0,0,0
2025-11-11 23:15:00+00:00,611,30.000000002473826,30.95848583836825,0,0,0
2025-11-11 23:30:00+00:00,611,30.999999999039574,30.9667180664982,0,0,0
2025-11-11 23:45:00+00:00,611,29.999999998835847,30.80499256593079,0,0,0
2025-11-12 00:00:00+00:00,611,31.9999999992433,30.95179003650507,0,0,0
2025-11-12 00:15:00+00:00,611,31.000000002677552,30.91430212284924,0,0,0
2025-11-12 00:30:00+00:00,611,30.999999999039574,31.09363072089441,0,0,0
2025-11-12 00:45:00+00:00,611,32.99999999944703,31.08082766158976,0,0,0
2025-11-12 01:00:00+00:00,611,30.999999999039574,31.1712328167814,0,0,0
2025-11-12 01:15:00+00:00,611,33.999999999650754,31.35318472589223,0,0,0
2025-11-12 01:30:00+00:00,611,34.00000000328873,31.79206141391592,0,0,0
2025-11-12 01:45:00+00:00,611,31.9999999992433,31.949292978559683,0,0,0
2025-11-12 02:00:00+00:00,611,33.999999999650754,32.2705923914191,0,0,0
2025-11-12 02:15:00+00:00,611,33.999999999650754,32.25773018192132,0,0,0
2025-11-12 02:30:00+00:00,611,32.99999999944703,32.46373255956193,0,0,0
2025-11-12 02:45:00+00:00,611,32.99999999944703,32.443917244860806,0,0,0
2025-11-12 03:00:00+00:00,611,33.999999999650754,32.5797349608339,0,0,0
2025-11-12 03:15:00+00:00,611,33.999999999650754,33.45510754160748,0,0,0
2025-11-12 03:30:00+00:00,611,33.000000003085006,33.00943153888262,0,0,0
2025-11-12 03:45:00+00:00,611,32.99999999944703,32.963473317569466,0,0,0
2025-11-12 04:00:00+00:00,611,32.99999999944703,33.254541066716214,0,0,0
2025-11-12 04:15:00+00:00,611,32.99999999944703,33.719854933562786,0,0,0
2025-11-12 04:30:00+00:00,611,31.9999999992433,33.91218474405963,0,0,0
2025-11-12 04:45:00+00:00,611,56.000000000494765,33.81106748889076,0,0,0
2025-11-12 05:00:00+00:00,611,47.99999999886495,42.49971699351386,0,0,0
2025-11-12 05:15:00+00:00,611,41.00000000107684,44.271495963740776,0,0,0
2025-11-12 05:30:00+00:00,611,42.00000000128057,45.2996120882538,0,0,0
2025-11-12 05:45:00+00:00,611,42.99999999784632,42.82991998919533,0,0,0
2025-11-12 06:00:00+00:00,611,56.000000000494765,57.71773672351403,0,0,0
2025-11-12 06:15:00+00:00,611,78.00000000133878,93.08539987629165,0,0,0
2025-11-12 06:30:00+00:00,611,83.99999999892316,89.90302484517514,0,0,0
2025-11-12 06:45:00+00:00,611,73.00000000032014,82.11715590269338,0,0,0
2025-11-12 07:00:00+00:00,611,49.9999999992724,58.38699749878968,0,0,0
2025-11-12 07:15:00+00:00,611,50.99999999947613,50.460179561080125,0,0,0
2025-11-12 07:30:00+00:00,611,50.00000000291038,50.50009411140944,0,0,0
2025-11-12 07:45:00+00:00,611,54.00000000008731,48.80367840225925,0,0,0
2025-11-12 08:00:00+00:00,611,48.99999999906868,48.86563231455166,0,0,0
2025-11-12 08:15:00+00:00,611,69.99999999970896,46.51295408506782,0,0,0
2025-11-12 08:30:00+00:00,611,54.00000000008731,56.70680964512682,0,0,0
2025-11-12 08:45:00+00:00,611,44.99999999825377,47.50892799462983,0,0,0
2025-11-12 09:00:00+00:00,611,48.00000000250293,44.109078405913664,0,0,0
2025-11-12 09:15:00+00:00,611,49.9999999992724,44.54187741159245,0,0,0
2025-11-12 09:30:00+00:00,611,49.9999999992724,42.77608444091106,0,0,0
2025-11-12 09:45:00+00:00,611,46.99999999866122,43.08861927390231,0,0,0
2025-11-12 10:00:00+00:00,611,42.00000000128057,41.80506895534351,0,0,0
2025-11-12 10:15:00+00:00,611,46.99999999866122,41.42210990240254,0,0,0
2025-11-12 10:30:00+00:00,611,45.00000000189175,39.84772991422436,0,0,0
2025-11-12 10:45:00+00:00,611,42.00000000128057,38.88600100897942,0,0,0
2025-11-12 11:00:00+00:00,611,37.000000000261934,36.50113620189971,0,0,0
2025-11-12 11:15:00+00:00,611,33.999999999650754,34.38231121849537,0,0,0
2025-11-12 11:30:00+00:00,611,31.9999999992433,32.5134660419521,0,0,0
2025-11-12 11:45:00+00:00,611,31.9999999992433,31.002338312805705,0,0,0
2025-11-12 12:00:00+00:00,611,28.99999999863212,29.89148289813169,0,0,0
2025-11-12 12:15:00+00:00,611,28.00000000206637,29.373688022423707,0,0,0
2025-11-12 12:30:00+00:00,611,27.9999999984284,26.552512166947658,0,0,0
2025-11-12 12:45:00+00:00,611,29.0000000022701,26.214272138773605,0,0,0
2025-11-12 13:00:00+00:00,611,27.9999999984284,25.86717436917718,0,0,0
2025-11-12 13:15:00+00:00,611,26.00000000165892,26.825784580488936,0,0,0
2025-11-12 13:30:00+00:00,611,24.999999997817213,25.93451242779995,0,0,0
2025-11-12 13:45:00+00:00,611,24.000000001251465,25.344177233982737,0,0,0
2025-11-12 14:00:00+00:00,611,26.999999998224663,24.328864168774366,0,0,0
2025-11-12 14:15:00+00:00,611,27.000000001862645,24.91203627420261,0,0,0
2025-11-12 14:30:00+00:00,611,39.00000000066939,23.874251311243817,0,0,0
2025-11-12 14:45:00+00:00,611,29.999999998835847,29.596971128989495,0,0,0
2025-11-12 15:00:00+00:00,611,26.00000000165892,27.12916296358247,0,0,0
2025-11-12 15:15:00+00:00,611,30.999999999039574,29.646722356437607,0,0,0
2025-11-12 15:30:00+00:00,611,37.000000000261934,33.3565736711239,0,0,0
2025-11-12 15:45:00+00:00,611,36.00000000005821,38.14848386833253,0,0,0
2025-11-12 16:00:00+00:00,611,36.00000000005821,38.9438144077522,0,0,0
2025-11-12 16:15:00+00:00,611,37.000000000261934,37.12692750023848,0,0,0
2025-11-12 16:30:00+00:00,611,41.99999999764259,37.02339100217028,0,0,0
2025-11-12 16:45:00+00:00,611,43.000000001484295,37.81112961430072,0,0,0
2025-11-12 17:00:00+00:00,611,42.99999999784632,40.84190565791498,0,0,0
2025-11-12 17:15:00+00:00,611,46.00000000209548,40.80938192421822,0,0,0
2025-11-12 17:30:00+00:00,611,52.99999999988359,40.609664254598485,0,0,0
2025-11-12 17:45:00+00:00,611,49.9999999992724,41.83308840183283,0,0,0
2025-11-12 18:00:00+00:00,611,43.000000001484295,42.38451903486856,0,0,0
2025-11-12 18:15:00+00:00,611,40.99999999743886,41.56198532162488,0,0,0
2025-11-12 18:30:00+00:00,611,41.00000000107684,41.364530146892655,0,0,0
2025-11-12 18:45:00+00:00,611,41.00000000107684,38.84986319848196,0,0,0
2025-11-12 19:00:00+00:00,611,41.00000000107684,38.4039742550618,0,0,0
2025-11-12 19:15:00+00:00,611,36.99999999662396,35.76229409692654,0,0,0
2025-11-12 19:30:00+00:00,611,38.00000000046566,27.611500256014068,0,0,0
2025-11-12 19:45:00+00:00,611,12.000000002444722,17.535794618926648,0,0,0
2025-11-12 20:00:00+00:00,611,6.999999997788109,11.646694550102335,0,0,0
2025-11-12 20:15:00+00:00,611,3.0000000006111804,7.778763604878167,0,0,0
2025-11-12 20:30:00+00:00,611,3.0000000006111804,5.654925642605406,0,0,0
2025-11-12 20:45:00+00:00,611,3.0000000006111804,6.207281976163738,0,0,0
2025-11-12 21:00:00+00:00,611,4.999999997380655,6.654034512403706,0,0,0
2025-11-12 21:15:00+00:00,611,6.000000001222361,7.207695107720726,0,0,0
2025-11-12 21:30:00+00:00,611,7.000000001426088,7.484098045233816,0,0,0
2025-11-12 21:45:00+00:00,611,8.999999998195563,7.48167288731517,0,0,0
2025-11-12 22:00:00+00:00,611,9.000000001833541,7.379437693495996,0,0,0
2025-11-12 22:15:00+00:00,611,7.999999997991836,7.656736756435121,0,0,0
2025-11-12 22:30:00+00:00,611,9.000000001833541,7.948020403786826,0,0,0
2025-11-12 22:45:00+00:00,611,18.000000000029104,8.360085788016026,0,0,0
2025-11-12 23:00:00+00:00,611,13.999999999214197,10.713795448992702,0,0,0
2025-11-12 23:15:00+00:00,611,16.999999999825377,10.809385857990272,0,0,0
2025-11-12 23:30:00+00:00,611,9.99999999839929,13.224109682565889,0,0,0
2025-11-12 23:45:00+00:00,611,13.000000002648449,12.972653339008616,0,0,0
2025-11-13 00:00:00+00:00,611,16.999999999825377,12.601545766640193,0,0,0
2025-11-13 00:15:00+00:00,611,28.99999999863212,13.512562993175951,0,0,0
2025-11-13 00:30:00+00:00,611,31.9999999992433,42.534509137117446,0,0,0
2025-11-13 00:45:00+00:00,611,19.00000000023283,24.25193268820208,0,0,0
2025-11-13 01:00:00+00:00,611,14.999999999417923,14.00272141989518,0,0,0
2025-11-13 01:15:00+00:00,611,14.000000002852175,13.592072682791628,0,0,0
2025-11-13 01:30:00+00:00,611,13.999999999214197,13.608313847072408,0,0,0
2025-11-13 01:45:00+00:00,611,12.99999999901047,13.912092233347034,0,0,0
2025-11-13 02:00:00+00:00,611,12.99999999901047,14.547992299693036,0,0,0
2025-11-13 02:15:00+00:00,611,10.000000002037268,14.780860695056788,0,0,0
2025-11-13 02:30:00+00:00,611,14.999999999417923,14.18703711859928,0,0,0
2025-11-13 02:45:00+00:00,611,13.999999999214197,13.310797987496237,0,0,0
2025-11-13 03:00:00+00:00,611,14.999999999417923,13.162220835485927,0,0,0
2025-11-13 03:15:00+00:00,611,13.000000002648449,13.453256052026452,0,0,0
2025-11-13 03:30:00+00:00,611,14.999999999417923,13.382210015671363,0,0,0
2025-11-13 03:45:00+00:00,611,13.999999999214197,13.335493932508632,0,0,0
2025-11-13 04:00:00+00:00,611,13.999999999214197,13.303462624169748,0,0,0
2025-11-13 04:15:00+00:00,611,12.000000002444722,13.483533557138804,0,0,0
2025-11-13 04:30:00+00:00,611,11.999999998806745,13.344618589177536,0,0,0
2025-11-13 04:45:00+00:00,611,13.999999999214197,13.106448857753817,0,0,0
2025-11-13 05:00:00+00:00,611,13.999999999214197,12.796260069297896,0,0,0
2025-11-13 05:15:00+00:00,611,13.000000002648449,13.860065202217951,0,0,0
2025-11-13 05:30:00+00:00,611,13.999999999214197,13.13934671642217,0,0,0
2025-11-13 05:45:00+00:00,611,12.99999999901047,12.70196504953004,0,0,0
2025-11-13 06:00:00+00:00,611,26.00000000165892,34.5108002255387,0,0,0
2025-11-13 06:15:00+00:00,611,139.99999999941792,99.29297604531916,0,0,0
2025-11-13 06:30:00+00:00,611,153.99999999863212,112.95907215796588,0,0,0
2025-11-13 06:45:00+00:00,611,99.00000000197906,94.0453779358197,0,0,0
2025-11-13 07:00:00+00:00,611,54.00000000008731,55.3018890452688,0,0,0
2025-11-13 07:15:00+00:00,611,38.00000000046566,41.48544497170471,0,0,0
2025-11-13 07:30:00+00:00,611,24.999999997817213,38.80243065860484,0,0,0
2025-11-13 07:45:00+00:00,611,33.999999999650754,36.86473539662672,0,0,0
2025-11-13 08:00:00+00:00,611,52.99999999988359,35.84581712714661,0,0,0
2025-11-13 08:15:00+00:00,611,55.00000000029104,36.24177739253925,0,0,0
2025-11-13 08:30:00+00:00,611,47.99999999886495,35.18864960885795,0,0,0
2025-11-13 08:45:00+00:00,611,40.00000000087312,35.410640283703685,0,0,0
2025-11-13 09:00:00+00:00,611,33.999999999650754,35.877323477521394,0,0,0
2025-11-13 09:15:00+00:00,611,37.000000000261934,34.92059276359659,0,0,0
2025-11-13 09:30:00+00:00,611,32.99999999944703,34.30965407875469,0,0,0
2025-11-13 09:45:00+00:00,611,33.000000003085006,36.12840125984259,0,0,0
2025-11-13 10:00:00+00:00,611,36.00000000005821,34.79189377336761,0,0,0
2025-11-13 10:15:00+00:00,611,37.99999999682768,32.24719553252349,0,0,0
2025-11-13 10:30:00+00:00,611,30.000000002473826,28.97713625509969,0,0,0
2025-11-13 10:45:00+00:00,611,27.9999999984284,25.8488274580207,0,0,0
2025-11-13 11:00:00+00:00,611,27.000000001862645,25.150160164226644,0,0,0
2025-11-13 11:15:00+00:00,611,28.99999999863212,25.37263291314645,0,0,0
2025-11-13 11:30:00+00:00,611,30.999999999039574,25.42711911355523,0,0,0
2025-11-13 11:45:00+00:00,611,31.000000002677552,30.546025626599864,0,0,0
2025-11-13 12:00:00+00:00,611,25.99999999802094,30.758917522986188,0,0,0
2025-11-13 12:15:00+00:00,611,28.00000000206637,25.087508279655207,0,0,0
2025-11-13 12:30:00+00:00,611,18.000000000029104,22.666664628222087,0,0,0
2025-11-13 12:45:00+00:00,611,20.999999997002305,19.710003037231928,0,0,0
2025-11-13 13:00:00+00:00,611,24.000000001251465,23.055810051987848,0,0,0
2025-11-13 13:15:00+00:00,611,27.000000001862645,24.582730143324586,0,0,0
2025-11-13 13:30:00+00:00,611,29.999999998835847,24.744139929736114,0,0,0
2025-11-13 13:45:00+00:00,611,33.999999999650754,31.55290978928611,0,0,0
2025-11-13 14:00:00+00:00,611,28.99999999863212,32.432443586146924,0,0,0
2025-11-13 14:30:00+00:00,611,21.000000000640284,28.12274720534171,0,0,0
2025-11-13 14:45:00+00:00,611,24.999999997817213,18.99580364209733,0,0,0
2025-11-13 15:00:00+00:00,611,30.000000002473826,25.09027429056181,0,0,0
2025-11-13 15:15:00+00:00,611,30.999999999039574,26.99336595017697,0,0,0
2025-11-13 15:30:00+00:00,611,30.999999999039574,27.18764032327321,0,0,0
2025-11-13 15:45:00+00:00,611,29.0000000022701,27.55060217466917,0,0,0
2025-11-13 16:00:00+00:00,611,28.99999999863212,28.63411984882977,0,0,0
2025-11-13 16:15:00+00:00,611,32.99999999944703,28.57692900583977,0,0,0
2025-11-13 16:30:00+00:00,611,39.00000000066939,29.108289978343883,0,0,0
2025-11-13 16:45:00+00:00,611,36.00000000005821,30.323675614330817,0,0,0
2025-11-13 17:00:00+00:00,611,34.99999999985448,31.311752973108938,0,0,0
2025-11-13 17:15:00+00:00,611,31.9999999992433,31.72159726758582,0,0,0
2025-11-13 17:30:00+00:00,611,30.999999999039574,31.683605098533484,0,0,0
2025-11-13 17:45:00+00:00,611,32.00000000288128,31.21689380837403,0,0,0
2025-11-13 18:00:00+00:00,611,29.999999998835847,31.618578333707568,0,0,0
2025-11-13 18:15:00+00:00,611,32.99999999944703,30.86116602559882,0,0,0
2025-11-13 18:30:00+00:00,611,34.99999999985448,30.78050734348145,0,0,0
2025-11-13 18:45:00+00:00,611,34.99999999985448,29.514506887226595,0,0,0
2025-11-13 19:00:00+00:00,611,36.00000000005821,29.49393149254365,0,0,0
2025-11-13 19:15:00+00:00,611,33.999999999650754,28.643644508679767,0,0,0
2025-11-13 19:30:00+00:00,611,30.000000002473826,27.348771364399585,0,0,0
2025-11-13 19:45:00+00:00,611,13.999999999214197,11.94327731538176,0,0,0
2025-11-13 20:00:00+00:00,611,7.999999997991836,5.683035293139263,0,0,0
2025-11-13 20:15:00+00:00,611,4.000000000814907,1.896829951641191,0,0,0
2025-11-13 20:30:00+00:00,611,8.000000001629815,1.444283653983387,0,0,0
2025-11-13 20:45:00+00:00,611,8.999999998195563,2.868147103193749,0,0,0
2025-11-13 21:00:00+00:00,611,7.000000001426088,3.8138536998725208,0,0,0
2025-11-13 21:15:00+00:00,611,7.999999997991836,4.4161032213424924,0,0,0
2025-11-13 21:30:00+00:00,611,8.000000001629815,5.012385967079698,0,0,0
2025-11-13 21:45:00+00:00,611,7.999999997991836,5.332696092958894,0,0,0
2025-11-13 22:00:00+00:00,611,9.000000001833541,5.896671003204297,0,0,0
2025-11-13 22:15:00+00:00,611,8.999999998195563,6.329847091364337,0,0,0
2025-11-13 22:30:00+00:00,611,9.000000001833541,6.937851926626605,0,0,0
2025-11-13 22:45:00+00:00,611,8.999999998195563,7.225443123171688,0,0,0
2025-11-13 23:00:00+00:00,611,9.000000001833541,7.140435423103863,0,0,0
2025-11-13 23:15:00+00:00,611,8.999999998195563,7.382541599880895,0,0,0
2025-11-13 23:30:00+00:00,611,9.000000001833541,7.848223676679751,0,0,0
2025-11-13 23:45:00+00:00,611,8.999999998195563,8.140487738482712,0,0,0
2025-11-14 00:00:00+00:00,611,9.000000001833541,8.741447785742281,0,0,0
2025-11-14 00:15:00+00:00,611,8.999999998195563,8.60114500637452,0,0,0
2025-11-14 00:30:00+00:00,611,9.000000001833541,9.088535204054905,0,0,0
2025-11-14 00:45:00+00:00,611,9.99999999839929,9.177846080673495,0,0,0
2025-11-14 01:00:00+00:00,611,8.000000001629815,9.272127052270482,0,0,0
2025-11-14 01:15:00+00:00,611,9.99999999839929,8.351923061363024,0,0,0
2025-11-14 01:30:00+00:00,611,9.000000001833541,8.903146668722771,0,0,0
2025-11-14 01:45:00+00:00,611,11.999999998806745,9.04985985027183,0,0,0
2025-11-14 02:00:00+00:00,611,11.999999998806745,10.167158199733368,0,0,0
2025-11-14 02:15:00+00:00,611,10.000000002037268,10.629968534655388,0,0,0
2025-11-14 02:30:00+00:00,611,8.999999998195563,10.43101094501747,0,0,0
2025-11-14 02:45:00+00:00,611,10.000000002037268,10.024115287668504,0,0,0
2025-11-14 03:00:00+00:00,611,9.99999999839929,9.918829422638252,0,0,0
2025-11-14 03:15:00+00:00,611,10.000000002037268,10.110821337656796,0,0,0
2025-11-14 03:30:00+00:00,611,8.999999998195563,10.21559333538416,0,0,0
2025-11-14 03:45:00+00:00,611,11.000000002240997,10.234133963423169,0,0,0
2025-11-14 04:00:00+00:00,611,9.99999999839929,10.466146159741257,0,0,0
2025-11-14 04:15:00+00:00,611,10.999999998603016,10.926217840721,0,0,0
2025-11-14 04:30:00+00:00,611,11.000000002240997,11.109196005682774,0,0,0
2025-11-14 04:45:00+00:00,611,14.999999999417923,10.970579006819436,0,0,0
2025-11-14 05:00:00+00:00,611,23.00000000104773,11.435999344013656,0,0,0
2025-11-14 05:15:00+00:00,611,21.000000000640284,39.85437839593304,0,0,0
2025-11-14 05:30:00+00:00,611,20.999999997002305,13.70576970528606,0,0,0
2025-11-14 05:45:00+00:00,611,15.99999999962165,14.077630703239574,0,0,0
2025-11-14 06:00:00+00:00,611,33.000000003085006,21.571221535747508,0,0,0
2025-11-14 06:15:00+00:00,611,120.99999999918508,95.25792732004568,0,0,0
2025-11-14 06:30:00+00:00,611,140.99999999962165,100.00061938092186,0,0,0
2025-11-14 06:45:00+00:00,611,108.00000000017462,85.52599336325682,0,0,0
2025-11-14 07:00:00+00:00,611,67.99999999930151,56.791432868939246,0,0,0
2025-11-14 07:15:00+00:00,611,34.99999999985448,46.250395250258606,0,0,0
2025-11-14 07:30:00+00:00,611,32.99999999944703,40.45187815689405,0,0,0
2025-11-14 07:45:00+00:00,611,38.00000000046566,37.733533433433045,0,0,0
2025-11-14 08:00:00+00:00,611,40.00000000087312,36.76862520530696,0,0,0
2025-11-14 08:15:00+00:00,611,43.99999999805004,36.56735484311735,0,0,0
2025-11-14 08:30:00+00:00,611,47.0000000022992,35.51024920894755,0,0,0
2025-11-14 08:45:00+00:00,611,43.99999999805004,37.40305834686314,0,0,0
2025-11-14 09:00:00+00:00,611,40.00000000087312,38.47632972881747,0,0,0
2025-11-14 09:15:00+00:00,611,40.00000000087312,37.44070152977597,0,0,0
2025-11-14 09:30:00+00:00,611,42.99999999784632,36.84712046911032,0,0,0
2025-11-14 09:45:00+00:00,611,45.00000000189175,38.3926972707401,0,0,0
2025-11-14 10:00:00+00:00,611,45.9999999984575,39.41372424460556,0,0,0
2025-11-14 10:15:00+00:00,611,54.00000000008731,39.930096558168586,0,0,0
2025-11-14 10:30:00+00:00,611,58.00000000090222,40.06941300806578,0,0,0
2025-11-14 10:45:00+00:00,611,49.9999999992724,40.62509949749776,0,0,0
2025-11-14 11:00:00+00:00,611,44.00000000168802,40.16744853817218,0,0,0
2025-11-14 11:15:00+00:00,611,34.99999999985448,39.42661602919992,0,0,0
2025-11-14 11:30:00+00:00,611,34.99999999985448,36.716082088742745,0,0,0
2025-11-14 11:45:00+00:00,611,38.00000000046566,35.74218894627904,0,0,0
2025-11-14 12:00:00+00:00,611,32.99999999944703,35.61396907261448,0,0,0
2025-11-14 12:15:00+00:00,611,28.99999999863212,34.14945539254766,0,0,0
2025-11-14 12:30:00+00:00,611,30.000000002473826,31.98782341436957,0,0,0
2025-11-14 12:45:00+00:00,611,33.999999999650754,29.06717467909388,0,0,0
2025-11-14 13:00:00+00:00,611,33.999999999650754,30.091919242598053,0,0,0
2025-11-14 13:15:00+00:00,611,33.999999999650754,31.33021522714204,0,0,0
2025-11-14 13:30:00+00:00,611,36.00000000005821,33.550734180098345,0,0,0
2025-11-14 13:45:00+00:00,611,36.00000000005821,34.2246116279484,0,0,0
2025-11-14 14:00:00+00:00,611,39.00000000066939,35.07639732983091,0,0,0
2025-11-14 14:15:00+00:00,611,39.00000000066939,35.918533417080425,0,0,0
2025-11-14 14:30:00+00:00,611,37.99999999682768,35.18480780381366,0,0,0
2025-11-14 14:45:00+00:00,611,37.000000000261934,34.97426564884972,0,0,0
2025-11-14 15:00:00+00:00,611,37.000000000261934,34.680508044670034,0,0,0
2025-11-14 15:15:00+00:00,611,34.99999999985448,34.94050863362605,0,0,0
2025-11-14 15:30:00+00:00,611,37.000000000261934,35.5021929526422,0,0,0
2025-11-14 15:45:00+00:00,611,37.000000000261934,36.17465966838592,0,0,0
2025-11-14 16:30:00+00:00,611,40.00000000087312,36.26498497081681,0,0,0
2025-11-14 16:45:00+00:00,611,39.999999997235136,37.000396364588,0,0,0
2025-11-14 17:00:00+00:00,611,42.00000000128057,37.70153909396487,0,0,0
2025-11-14 17:15:00+00:00,611,41.00000000107684,37.49592119257965,0,0,0
2025-11-14 17:30:00+00:00,611,40.00000000087312,37.767047932864855,0,0,0
2025-11-14 17:45:00+00:00,611,38.99999999703141,38.234508951722326,0,0,0
2025-11-14 18:00:00+00:00,611,38.00000000046566,39.25904353204086,0,0,0
2025-11-14 18:15:00+00:00,611,33.999999999650754,38.90432573881348,0,0,0
2025-11-14 18:30:00+00:00,611,32.99999999944703,37.97068134527031,0,0,0
2025-11-14 18:45:00+00:00,611,32.00000000288128,34.73205743798953,0,0,0
2025-11-14 19:00:00+00:00,611,32.99999999944703,33.48082752433857,0,0,0
2025-11-14 19:15:00+00:00,611,29.999999998835847,30.76399408831223,0,0,0
2025-11-14 19:30:00+00:00,611,29.999999998835847,23.6254648595293,0,0,0
2025-11-14 19:45:00+00:00,611,2.0000000004074536,18.55704525445992,0,0,0
2025-11-14 20:00:00+00:00,611,1.0000000002037268,6.482608380161723,0,0,0
2025-11-14 20:15:00+00:00,611,2.0000000004074536,3.9975875085516286,0,0,0
2025-11-14 20:30:00+00:00,611,3.0000000006111804,3.15972798026597,0,0,0
2025-11-14 22:00:00+00:00,611,8.000000001629815,3.803332359268154,0,0,0
2025-11-14 22:15:00+00:00,611,8.999999998195563,5.507558851422175,0,0,0
2025-11-14 22:30:00+00:00,611,9.000000001833541,6.670392498315934,0,0,0
2025-11-14 22:45:00+00:00,611,15.99999999962165,7.500333294495283,0,0,0
2025-11-14 23:00:00+00:00,611,15.99999999962165,7.772614942301503,0,0,0
2025-11-14 23:15:00+00:00,611,16.999999999825377,12.770290916378208,0,0,0
2025-11-14 23:30:00+00:00,611,11.999999998806745,14.32458941398614,0,0,0
2025-11-14 23:45:00+00:00,611,12.000000002444722,14.79071585661094,0,0,0
2025-11-15 00:00:00+00:00,611,14.999999999417923,14.905652075651606,0,0,0
2025-11-15 00:15:00+00:00,611,13.999999999214197,13.687182496469957,0,0,0
2025-11-15 00:30:00+00:00,611,14.999999999417923,12.50307030697233,0,0,0
2025-11-15 00:45:00+00:00,611,15.99999999962165,13.529485863432644,0,0,0
2025-11-15 01:00:00+00:00,611,13.999999999214197,13.925224315601014,0,0,0
2025-11-15 01:15:00+00:00,611,15.000000003055902,14.789835258110603,0,0,0
2025-11-15 01:30:00+00:00,611,50.99999999947613,15.389089561675563,0,0,0
2025-11-15 01:45:00+00:00,611,85.99999999933061,66.63704166690013,0,0,0
2025-11-15 02:00:00+00:00,611,72.00000000011642,56.382341260670046,0,0,0
2025-11-15 02:15:00+00:00,611,42.99999999784632,40.17138498352549,0,0,0
2025-11-15 02:30:00+00:00,611,33.000000003085006,31.632660515938824,0,0,0
2025-11-15 02:45:00+00:00,611,29.999999998835847,29.1242989781166,0,0,0
2025-11-15 03:00:00+00:00,611,32.99999999944703,28.458213089457608,0,0,0
2025-11-15 03:15:00+00:00,611,33.999999999650754,30.28684574657364,0,0,0
2025-11-15 03:30:00+00:00,611,33.999999999650754,29.75560011694614,0,0,0
2025-11-15 03:45:00+00:00,611,33.999999999650754,29.180074652735776,0,0,0
2025-11-15 04:00:00+00:00,611,15.000000003055902,28.793545885638945,0,0,0
2025-11-15 04:15:00+00:00,611,13.999999999214197,28.108864655012297,0,0,0
2025-11-15 04:30:00+00:00,611,16.999999999825377,29.65749952162729,0,0,0
2025-11-15 04:45:00+00:00,611,54.00000000008731,33.99475545617018,0,0,0
2025-11-15 05:00:00+00:00,611,46.99999999866122,65.33803244536477,0,0,0
2025-11-15 05:15:00+00:00,611,40.00000000087312,36.156536049208526,0,0,0
2025-11-15 05:30:00+00:00,611,37.000000000261934,36.71438447819969,0,0,0
2025-11-15 05:45:00+00:00,611,31.9999999992433,34.08073469816029,0,0,0
2025-11-15 06:00:00+00:00,611,31.9999999992433,32.07583446549396,0,0,0
2025-11-15 06:15:00+00:00,611,78.00000000133878,44.70130196964679,0,0,0
2025-11-15 06:30:00+00:00,611,70.99999999991269,64.79116524972963,0,0,0
2025-11-15 08:15:00+00:00,611,43.000000001484295,42.91478868630928,0,0,0
2025-11-15 08:30:00+00:00,611,38.00000000046566,33.128060208729906,0,0,0
2025-11-15 08:45:00+00:00,611,40.99999999743886,34.525874652259844,0,0,0
2025-11-15 09:00:00+00:00,611,43.000000001484295,36.29983330710388,0,0,0
2025-11-15 09:15:00+00:00,611,41.00000000107684,37.4502749885353,0,0,0
2025-11-15 09:30:00+00:00,611,39.00000000066939,35.84982159522203,0,0,0
2025-11-15 09:45:00+00:00,611,40.99999999743886,41.40566023369095,0,0,0
2025-11-15 10:00:00+00:00,611,41.00000000107684,39.200058959443965,0,0,0
2025-11-15 10:15:00+00:00,611,39.00000000066939,39.29129813235885,0,0,0
2025-11-15 10:30:00+00:00,611,39.00000000066939,37.14254019371717,0,0,0
2025-11-15 10:45:00+00:00,611,37.99999999682768,35.94904308670084,0,0,0
2025-11-15 11:00:00+00:00,611,37.000000000261934,34.80069236459684,0,0,0
2025-11-15 11:15:00+00:00,611,37.000000000261934,34.211898772688286,0,0,0
2025-11-15 11:30:00+00:00,611,37.000000000261934,33.94792624826307,0,0,0
2025-11-15 11:45:00+00:00,611,37.000000000261934,36.07493540026543,0,0,0
2025-11-15 12:00:00+00:00,611,37.000000000261934,34.77283262362899,0,0,0
2025-11-15 12:15:00+00:00,611,36.00000000005821,34.34933794333077,0,0,0
2025-11-15 12:30:00+00:00,611,36.00000000005821,33.849515114430254,0,0,0
2025-11-15 12:45:00+00:00,611,37.000000000261934,33.8515661473773,0,0,0
2025-11-15 13:00:00+00:00,611,34.99999999985448,34.179012744058554,0,0,0
2025-11-15 13:15:00+00:00,611,34.99999999985448,34.008537451171264,0,0,0
2025-11-15 13:30:00+00:00,611,37.000000000261934,33.662792742242864,0,0,0
2025-11-15 13:45:00+00:00,611,34.99999999985448,34.91237384426011,0,0,0
2025-11-15 14:00:00+00:00,611,36.00000000005821,34.56278437277776,0,0,0
2025-11-15 14:15:00+00:00,611,33.999999999650754,34.54083965112368,0,0,0
2025-11-15 14:30:00+00:00,611,34.99999999985448,34.0385073752793,0,0,0
2025-11-15 14:45:00+00:00,611,32.99999999944703,34.031554270075965,0,0,0
2025-11-15 15:00:00+00:00,611,32.99999999944703,33.67646087312215,0,0,0
2025-11-15 15:15:00+00:00,611,34.00000000328873,33.64548539573077,0,0,0
2025-11-15 15:30:00+00:00,611,33.999999999650754,33.79952432869994,0,0,0
2025-11-15 17:00:00+00:00,611,37.000000000261934,33.97550798332318,0,0,0
2025-11-15 17:15:00+00:00,611,36.00000000005821,34.37467197105164,0,0,0
2025-11-15 17:30:00+00:00,611,36.00000000005821,34.77757351160898,0,0,0
2025-11-15 17:45:00+00:00,611,38.00000000046566,34.41904940345319,0,0,0
2025-11-15 18:00:00+00:00,611,37.99999999682768,34.66166279313637,0,0,0
2025-11-15 18:15:00+00:00,611,36.00000000005821,35.231947550234736,0,0,0
2025-11-15 18:30:00+00:00,611,37.000000000261934,35.27645807057085,0,0,0
2025-11-15 18:45:00+00:00,611,37.000000000261934,34.759467637489536,0,0,0
2025-11-15 19:00:00+00:00,611,39.00000000066939,35.07796480994906,0,0,0
2025-11-15 19:15:00+00:00,611,38.00000000046566,34.95326141526653,0,0,0
2025-11-15 19:30:00+00:00,611,38.00000000046566,35.36978228779383,0,0,0
2025-11-15 19:45:00+00:00,611,21.000000000640284,29.888055144439363,0,0,0
2025-11-15 20:00:00+00:00,611,20.999999997002305,17.576486624607014,0,0,0
2025-11-15 20:15:00+00:00,611,23.00000000104773,17.422213308997545,0,0,0
2025-11-15 20:30:00+00:00,611,30.999999999039574,25.203686652751763,0,0,0
2025-11-15 20:45:00+00:00,611,33.000000003085006,30.038267059912517,0,0,0
2025-11-15 21:00:00+00:00,611,33.999999999650754,31.56408178201499,0,0,0
2025-11-15 21:15:00+00:00,611,33.999999999650754,32.292282767242696,0,0,0
2025-11-15 21:30:00+00:00,611,33.999999999650754,32.46883722122971,0,0,0
2025-11-15 22:00:00+00:00,611,30.999999999039574,32.27019608512508,0,0,0
2025-11-15 22:15:00+00:00,611,32.99999999944703,32.118810038318145,0,0,0
2025-11-15 22:30:00+00:00,611,33.000000003085006,32.62220775701642,0,0,0
2025-11-15 22:45:00+00:00,611,32.99999999944703,33.36194302990597,0,0,0
2025-11-15 23:00:00+00:00,611,34.99999999985448,33.560590081029915,0,0,0
2025-11-15 23:15:00+00:00,611,32.99999999944703,33.50172380881929,0,0,0
2025-11-15 23:30:00+00:00,611,33.999999999650754,33.39559948980131,0,0,0
2025-11-15 23:45:00+00:00,611,33.999999999650754,33.276423680667506,0,0,0
2025-11-16 00:00:00+00:00,611,33.999999999650754,33.12907759205187,0,0,0
2025-11-16 00:15:00+00:00,611,34.99999999985448,33.19094573656423,0,0,0
2025-11-16 00:30:00+00:00,611,33.999999999650754,33.19568070952491,0,0,0
2025-11-16 00:45:00+00:00,611,33.999999999650754,33.87915379745672,0,0,0
2025-11-16 01:00:00+00:00,611,33.000000003085006,34.055609174870234,0,0,0
2025-11-16 01:15:00+00:00,611,33.999999999650754,34.12990625371565,0,0,0
2025-11-16 01:30:00+00:00,611,36.00000000005821,34.096910797228624,0,0,0
2025-11-16 01:45:00+00:00,611,33.999999999650754,34.052465342104966,0,0,0
2025-11-16 02:00:00+00:00,611,34.99999999985448,33.89801235778384,0,0,0
2025-11-16 04:00:00+00:00,611,37.000000000261934,34.185378783595,0,0,0
2025-11-16 04:15:00+00:00,611,33.999999999650754,35.50647838413502,0,0,0
2025-11-16 04:30:00+00:00,611,34.99999999985448,36.256990822214256,0,0,0
2025-11-16 04:45:00+00:00,611,34.99999999985448,36.11454532710008,0,0,0
2025-11-16 05:00:00+00:00,611,36.00000000005821,36.19448089810635,0,0,0
2025-11-16 05:15:00+00:00,611,34.99999999985448,36.85349094491124,0,0,0
2025-11-16 05:30:00+00:00,611,34.99999999985448,36.36773772882594,0,0,0
2025-11-16 05:45:00+00:00,611,34.99999999985448,36.07145736890894,0,0,0
2025-11-16 06:00:00+00:00,611,36.00000000005821,36.46952042366762,0,0,0
2025-11-16 06:15:00+00:00,611,58.00000000090222,50.916026439515015,0,0,0
2025-11-16 06:30:00+00:00,611,49.9999999992724,59.49621445311379,0,0,0
2025-11-16 06:45:00+00:00,611,51.00000000311411,51.18694023910493,0,0,0
2025-11-16 07:00:00+00:00,611,47.99999999886495,52.12106374921251,0,0,0
2025-11-16 07:15:00+00:00,611,38.00000000046566,39.69964149068485,0,0,0
2025-11-16 07:30:00+00:00,611,36.00000000005821,36.43709133027989,0,0,0
2025-11-16 07:45:00+00:00,611,36.00000000005821,35.914981447982505,0,0,0
2025-11-16 08:00:00+00:00,611,34.99999999985448,36.55985459862749,0,0,0
2025-11-16 08:15:00+00:00,611,36.00000000005821,38.11429505669895,0,0,0
2025-11-16 08:30:00+00:00,611,34.99999999985448,36.87673105579504,0,0,0
2025-11-16 08:45:00+00:00,611,37.000000000261934,36.80235560294372,0,0,0
2025-11-16 09:00:00+00:00,611,38.99999999703141,36.65330303125607,0,0,0
2025-11-16 09:15:00+00:00,611,39.00000000066939,36.09136140889977,0,0,0
2025-11-16 09:30:00+00:00,611,38.00000000046566,35.79597717440879,0,0,0
2025-11-16 09:45:00+00:00,611,39.00000000066939,36.23140244866289,0,0,0
2025-11-16 10:00:00+00:00,611,38.00000000046566,37.42209879403416,0,0,0
2025-11-16 10:15:00+00:00,611,36.00000000005821,38.2728205318176,0,0,0
2025-11-16 10:30:00+00:00,611,36.00000000005821,37.11519801693928,0,0,0
2025-11-16 10:45:00+00:00,611,38.00000000046566,37.21538957158555,0,0,0
2025-11-16 11:00:00+00:00,611,34.99999999985448,37.392535527503945,0,0,0
2025-11-16 11:15:00+00:00,611,37.000000000261934,36.41369447138427,0,0,0
2025-11-16 11:30:00+00:00,611,38.00000000046566,36.64408743116521,0,0,0
2025-11-16 11:45:00+00:00,611,37.99999999682768,36.48829469496952,0,0,0
2025-11-16 12:00:00+00:00,611,38.00000000046566,36.59004189969531,0,0,0
2025-11-16 12:15:00+00:00,611,47.0000000022992,37.061939183038106,0,0,0
2025-11-16 12:30:00+00:00,611,33.999999999650754,41.516889214376704,0,0,0
2025-11-16 12:45:00+00:00,611,34.99999999985448,37.75562307306031,0,0,0
2025-11-16 13:00:00+00:00,611,37.000000000261934,37.39411779517037,0,0,0
2025-11-16 13:15:00+00:00,611,40.99999999743886,37.05778092446053,0,0,0
2025-11-16 13:30:00+00:00,611,39.00000000066939,38.41830930436871,0,0,0
2025-11-16 13:45:00+00:00,611,38.00000000046566,38.03610145888059,0,0,0
2025-11-16 14:00:00+00:00,611,44.00000000168802,38.20448431368564,0,0,0
2025-11-16 18:00:00+00:00,611,40.00000000087312,41.30177474948323,0,0,0
2025-11-16 18:15:00+00:00,611,38.00000000046566,38.38046501079923,0,0,0
2025-11-16 18:30:00+00:00,611,40.00000000087312,40.976114488634735,0,0,0
2025-11-16 18:45:00+00:00,611,38.00000000046566,39.1198897451748,0,0,0
2025-11-16 19:00:00+00:00,611,39.999999997235136,38.94744622961085,0,0,0
2025-11-16 19:15:00+00:00,611,42.00000000128057,38.95016713849518,0,0,0
2025-11-16 19:30:00+00:00,611,41.00000000107684,39.56593543660677,0,0,0
2025-11-16 19:45:00+00:00,611,38.00000000046566,39.27206840456978,0,0,0
2025-11-16 20:00:00+00:00,611,39.999999997235136,38.58135089673343,0,0,0
2025-11-16 20:15:00+00:00,611,39.00000000066939,38.005786984897526,0,0,0
2025-11-16 20:30:00+00:00,611,47.0000000022992,42.96266485263493,0,0,0
2025-11-16 20:45:00+00:00,611,45.9999999984575,42.87774883536646,0,0,0
2025-11-16 21:00:00+00:00,611,45.00000000189175,43.95886353293085,0,0,0
2025-11-16 21:15:00+00:00,611,43.99999999805004,44.87665567471312,0,0,0
2025-11-16 21:30:00+00:00,611,45.00000000189175,45.44193632547204,0,0,0
2025-11-16 21:45:00+00:00,611,49.9999999992724,47.04228620594731,0,0,0
2025-11-16 22:00:00+00:00,611,43.99999999805004,48.82866640135026,0,0,0
2025-11-16 22:15:00+00:00,611,40.00000000087312,47.642435895560894,0,0,0
2025-11-16 22:30:00+00:00,611,51.99999999967986,47.806598384085575,0,0,0
2025-11-16 22:45:00+00:00,611,48.99999999906868,47.37023557927024,0,0,0
2025-11-16 23:00:00+00:00,611,45.00000000189175,47.484345174361806,0,0,0
2025-11-16 23:15:00+00:00,611,42.99999999784632,47.78526586693047,0,0,0
2025-11-16 23:30:00+00:00,611,50.00000000291038,47.97760454995628,0,0,0
2025-11-16 23:45:00+00:00,611,43.99999999805004,48.43077783966134,0,0,0
2025-11-17 00:00:00+00:00,611,50.99999999947613,47.44466130978573,0,0,0
2025-11-17 00:15:00+00:00,611,45.00000000189175,52.2260346394643,0,0,0
2025-11-17 00:30:00+00:00,611,43.99999999805004,49.88208106346828,0,0,0
2025-11-17 00:45:00+00:00,611,51.00000000311411,49.79559756608167,0,0,0
2025-11-17 01:00:00+00:00,611,42.99999999784632,49.80267784420025,0,0,0
2025-11-17 01:15:00+00:00,611,49.9999999992724,49.24896401370941,0,0,0
2025-11-17 01:30:00+00:00,611,50.00000000291038,51.22527547927746,0,0,0
2025-11-17 01:45:00+00:00,611,44.99999999825377,47.65683896758992,0,0,0
2025-11-17 02:00:00+00:00,611,52.99999999988359,48.143633227074446,0,0,0
2025-11-17 02:15:00+00:00,611,44.00000000168802,46.51424651678788,0,0,0
2025-11-17 02:30:00+00:00,611,46.99999999866122,45.75163786421199,0,0,0
2025-11-17 02:45:00+00:00,611,46.99999999866122,45.354257994184046,0,0,0
2025-11-17 03:00:00+00:00,611,40.00000000087312,45.29087856223701,0,0,0
2025-11-17 03:15:00+00:00,611,47.99999999886495,45.34287749702436,0,0,0
2025-11-17 03:30:00+00:00,611,42.00000000128057,44.42552602418097,0,0,0
2025-11-17 03:45:00+00:00,611,45.00000000189175,42.93306313847917,0,0,0
2025-11-17 04:00:00+00:00,611,47.99999999886495,44.96376320663733,0,0,0
2025-11-17 04:15:00+00:00,611,42.99999999784632,44.33302695215225,0,0,0
2025-11-17 04:30:00+00:00,611,51.00000000311411,45.52755918754849,0,0,0
2025-11-17 04:45:00+00:00,611,44.99999999825377,45.04839530297873,0,0,0
2025-11-17 05:00:00+00:00,611,43.000000001484295,45.45981742885756,0,0,0
2025-11-17 05:15:00+00:00,611,55.99999999685679,49.70546450177847,0,0,0
2025-11-17 05:30:00+00:00,611,55.00000000029104,49.78954058630437,0,0,0
2025-11-17 05:45:00+00:00,611,56.000000000494765,50.17425935749118,0,0,0
2025-11-17 06:00:00+00:00,611,57.00000000069849,56.84499336882542,0,0,0
2025-11-17 06:15:00+00:00,611,111.0000000007858,90.8923473155188,0,0,0
2025-11-17 06:30:00+00:00,611,110.00000000058208,97.45004530776691,0,0,0
2025-11-17 06:45:00+00:00,611,93.99999999732243,81.59411440485408,0,0,0
2025-11-17 07:00:00+00:00,611,69.00000000314321,70.95484014541037,0,0,0
2025-11-17 07:15:00+00:00,611,54.00000000008731,64.377965660547,0,0,0
2025-11-17 07:30:00+00:00,611,62.99999999828288,63.7221674692295,0,0,0
2025-11-17 07:45:00+00:00,611,50.99999999947613,64.27374302023841,0,0,0
2025-11-17 08:00:00+00:00,611,57.00000000069849,59.237535870974405,0,0,0
2025-11-17 08:15:00+00:00,611,74.00000000052387,62.27592158693583,0,0,0
2025-11-17 08:30:00+00:00,611,67.99999999930151,66.13857115929022,0,0,0
2025-11-17 08:45:00+00:00,611,63.9999999984866,62.69713011226929,0,0,0
2025-11-17 09:00:00+00:00,611,60.00000000130967,62.78229456034893,0,0,0
2025-11-17 09:15:00+00:00,611,68.99999999950523,61.73058046628363,0,0,0
2025-11-17 09:30:00+00:00,611,63.00000000192085,62.98422148968236,0,0,0
2025-11-17 09:45:00+00:00,611,68.99999999950523,59.41509292073511,0,0,0
2025-11-17 10:00:00+00:00,611,76.00000000093132,62.50083428132257,0,0,0
2025-11-17 10:15:00+00:00,611,58.99999999746797,63.427776957983234,0,0,0
2025-11-17 10:30:00+00:00,611,57.00000000069849,59.52360099253654,0,0,0
2025-11-17 10:45:00+00:00,611,62.000000001717126,60.31839918021796,0,0,0
2025-11-17 11:00:00+00:00,611,60.99999999787542,60.47181703615917,0,0,0
2025-11-17 11:15:00+00:00,611,70.99999999991269,61.51923091118336,0,0,0
2025-11-17 11:30:00+00:00,611,66.00000000253203,62.36721991004385,0,0,0
2025-11-17 11:45:00+00:00,611,59.999999997671694,61.89751118384714,0,0,0
2025-11-17 12:00:00+00:00,611,69.99999999970896,61.38709233722343,0,0,0
2025-11-17 12:15:00+00:00,611,65.0000000023283,62.02612144878641,0,0,0
2025-11-17 12:30:00+00:00,611,52.99999999988359,62.06052024360564,0,0,0
2025-11-17 12:45:00+00:00,611,59.999999997671694,56.18473525294532,0,0,0
2025-11-17 13:00:00+00:00,611,60.00000000130967,55.7710831647852,0,0,0
2025-11-17 13:15:00+00:00,611,54.00000000008731,56.9701256024082,0,0,0
2025-11-17 13:30:00+00:00,611,63.9999999984866,56.08701913388187,0,0,0
2025-11-17 13:45:00+00:00,611,52.99999999988359,58.40171406684234,0,0,0
2025-11-17 14:00:00+00:00,611,57.00000000069849,55.83791105299216,0,0,0
2025-11-17 14:15:00+00:00,611,59.000000001105946,54.55636888349039,0,0,0
2025-11-17 14:30:00+00:00,611,43.99999999805004,52.04348235589312,0,0,0
2025-11-17 14:45:00+00:00,611,48.00000000250293,50.71225698166535,0,0,0
2025-11-17 15:00:00+00:00,611,59.999999997671694,56.29524851629412,0,0,0
2025-11-17 15:15:00+00:00,611,67.00000000273576,62.86157947923069,0,0,0
2025-11-17 15:30:00+00:00,611,61.99999999807915,65.12256012180282,0,0,0
2025-11-17 15:45:00+00:00,611,64.00000000212458,63.48497519474738,0,0,0
2025-11-17 16:00:00+00:00,611,67.99999999930151,65.46067445581646,0,0,0
2025-11-17 16:15:00+00:00,611,64.99999999869033,62.71288180870185,0,0,0
2025-11-17 16:30:00+00:00,611,57.00000000069849,61.762941536949256,0,0,0
2025-11-17 16:45:00+00:00,611,63.9999999984866,61.50430140243541,0,0,0
2025-11-17 17:00:00+00:00,611,60.00000000130967,62.9710073365354,0,0,0
2025-11-17 17:15:00+00:00,611,63.9999999984866,61.49829174281263,0,0,0
2025-11-17 17:30:00+00:00,611,60.00000000130967,61.46753068487137,0,0,0
2025-11-17 17:45:00+00:00,611,57.00000000069849,60.48630883347791,0,0,0
2025-11-17 19:30:00+00:00,611,58.99999999746797,59.77270315840693,0,0,0
2025-11-17 19:45:00+00:00,611,36.00000000005821,57.016812849851775,0,0,0
2025-11-17 20:00:00+00:00,611,36.00000000005821,39.04451761156911,0,0,0
2025-11-17 20:15:00+00:00,611,32.99999999944703,38.57571092581775,0,0,0
2025-11-17 20:30:00+00:00,611,36.00000000005821,38.00857295899431,0,0,0
2025-11-17 20:45:00+00:00,611,40.00000000087312,39.97327324164944,0,0,0
2025-11-17 21:00:00+00:00,611,48.99999999906868,42.00916078174578,0,0,0
2025-11-17 21:15:00+00:00,611,47.0000000022992,46.386541249803614,0,0,0
2025-11-17 21:30:00+00:00,611,44.99999999825377,44.00000249225811,0,0,0
2025-11-17 21:45:00+00:00,611,46.00000000209548,44.448514746743925,0,0,0
2025-11-17 22:00:00+00:00,611,48.99999999906868,46.1849219014745,0,0,0
2025-11-17 22:15:00+00:00,611,42.00000000128057,45.93309882671978,0,0,0
2025-11-17 22:30:00+00:00,611,47.99999999886495,46.22926975877948,0,0,0
2025-11-17 22:45:00+00:00,611,43.99999999805004,47.64782447815574,0,0,0
2025-11-17 23:00:00+00:00,611,51.00000000311411,46.44906596145981,0,0,0
2025-11-17 23:15:00+00:00,611,45.9999999984575,49.50779638635095,0,0,0
2025-11-17 23:30:00+00:00,611,44.00000000168802,46.23550123162654,0,0,0
2025-11-17 23:45:00+00:00,611,52.99999999988359,49.80416547155766,0,0,0
2025-11-18 00:00:00+00:00,611,43.99999999805004,50.10733091395589,0,0,0
2025-11-18 00:15:00+00:00,611,54.00000000008731,46.00349051406328,0,0,0
2025-11-18 00:30:00+00:00,611,46.99999999866122,52.34371690622139,0,0,0
2025-11-18 00:45:00+00:00,611,45.00000000189175,46.3351722645732,0,0,0
2025-11-18 01:00:00+00:00,611,56.000000000494765,49.35112526978716,0,0,0
2025-11-18 01:15:00+00:00,611,52.99999999988359,49.02004685124725,0,0,0
2025-11-18 01:30:00+00:00,611,45.9999999984575,49.64480006369645,0,0,0
2025-11-18 01:45:00+00:00,611,44.00000000168802,50.454122581302826,0,0,0
2025-11-18 02:00:00+00:00,611,54.00000000008731,51.099764684458606,0,0,0
2025-11-18 02:15:00+00:00,611,55.00000000029104,53.292746264999664,0,0,0
2025-11-18 02:30:00+00:00,611,54.00000000008731,49.35168128160265,0,0,0
2025-11-18 02:45:00+00:00,611,44.99999999825377,51.659390576753566,0,0,0
2025-11-18 03:00:00+00:00,611,58.00000000090222,50.92971970922639,0,0,0
2025-11-18 03:15:00+00:00,611,46.99999999866122,53.8118276574084,0,0,0
2025-11-18 03:30:00+00:00,611,49.9999999992724,50.656877613340185,0,0,0
2025-11-18 03:45:00+00:00,611,52.99999999988359,53.893431263861146,0,0,0
2025-11-18 04:00:00+00:00,611,47.0000000022992,50.26936695303727,0,0,0
2025-11-18 04:15:00+00:00,611,59.000000001105946,53.01159060946796,0,0,0
2025-11-18 04:30:00+00:00,611,48.99999999906868,51.75830744473771,0,0,0
2025-11-18 04:45:00+00:00,611,67.99999999930151,50.28410718116719,0,0,0
2025-11-18 05:00:00+00:00,611,72.00000000011642,55.10617880123414,0,0,0
2025-11-18 05:15:00+00:00,611,56.000000000494765,60.94657423134018,0,0,0
2025-11-18 05:30:00+00:00,611,73.00000000032014,60.04837263352511,0,0,0
2025-11-18 05:45:00+00:00,611,59.999999997671694,63.01416923246797,0,0,0
2025-11-18 06:00:00+00:00,611,68.00000000293949,62.59680546968846,0,0,0
2025-11-18 06:15:00+00:00,611,117.99999999857393,108.8749169423495,0,0,0
2025-11-18 06:30:00+00:00,611,98.99999999834108,95.6404102139319,0,0,0
2025-11-18 06:45:00+00:00,611,76.00000000093132,78.92018851892982,0,0,0
2025-11-18 07:00:00+00:00,611,79.0000000015425,68.50785580549746,0,0,0
2025-11-18 07:15:00+00:00,611,62.99999999828288,67.33832635674051,0,0,0
2025-11-18 07:30:00+00:00,611,68.99999999950523,69.11248907975087,0,0,0
2025-11-18 07:45:00+00:00,611,73.00000000032014,69.6055059395535,0,0,0
2025-11-18 08:00:00+00:00,611,72.00000000011642,67.06002469802772,0,0,0
2025-11-18 08:15:00+00:00,611,67.99999999930151,75.02358082069509,0,0,0
2025-11-18 08:30:00+00:00,611,77.00000000113505,70.09937456213729,0,0,0
2025-11-18 08:45:00+00:00,611,70.99999999991269,73.8594044644171,0,0,0
2025-11-18 09:00:00+00:00,611,67.99999999930151,68.36809572915175,0,0,0
2025-11-18 09:15:00+00:00,611,69.99999999970896,67.45301858123449,0,0,0
2025-11-18 09:30:00+00:00,611,68.00000000293949,68.65817419131827,0,0,0
2025-11-18 09:45:00+00:00,611,65.99999999889405,67.37159242536114,0,0,0
2025-11-18 10:00:00+00:00,611,79.99999999810825,65.63714314202343,0,0,0
2025-11-18 10:15:00+00:00,611,67.00000000273576,71.22177313700212,0,0,0
2025-11-18 10:30:00+00:00,611,61.99999999807915,65.76978153511538,0,0,0
2025-11-18 10:45:00+00:00,611,57.00000000069849,63.122147910040816,0,0,0
2025-11-18 11:00:00+00:00,611,62.000000001717126,59.17643372146318,0,0,0
2025-11-18 11:15:00+00:00,611,68.99999999950523,58.33362923703121,0,0,0
2025-11-18 11:30:00+00:00,611,69.99999999970896,61.567893775077735,0,0,0
2025-11-18 11:45:00+00:00,611,63.9999999984866,63.66512302296752,0,0,0
2025-11-18 12:00:00+00:00,611,72.00000000011642,63.38146235675643,0,0,0
2025-11-18 12:15:00+00:00,611,79.0000000015425,64.86318652489408,0,0,0
2025-11-18 12:30:00+00:00,611,64.99999999869033,66.90761239536984,0,0,0
2025-11-18 12:45:00+00:00,611,66.99999999909778,62.850719503770605,0,0,0
2025-11-18 13:00:00+00:00,611,72.00000000011642,63.99392711658128,0,0,0
2025-11-18 13:15:00+00:00,611,74.00000000052387,63.99106424723341,0,0,0
2025-11-18 13:30:00+00:00,611,61.0000000015134,65.18056280119364,0,0,0
2025-11-18 13:45:00+00:00,611,75.99999999729334,62.90050030631528,0,0,0
2025-11-18 14:00:00+00:00,611,70.99999999991269,66.58411407408052,0,0,0
2025-11-18 14:15:00+00:00,611,74.00000000052387,63.68955796775269,0,0,0
2025-11-18 14:30:00+00:00,611,75.0000000007276,65.35502038083393,0,0,0
2025-11-18 14:45:00+00:00,611,69.99999999970896,66.70166325290305,0,0,0
2025-11-18 15:00:00+00:00,611,72.00000000011642,66.68844909975608,0,0,0
2025-11-18 15:15:00+00:00,611,63.00000000192085,65.68458751193917,0,0,0
2025-11-18 15:30:00+00:00,611,52.99999999988359,63.91958715384583,0,0,0
2025-11-18 15:45:00+00:00,611,52.99999999988359,60.64686611773084,0,0,0
2025-11-18 16:00:00+00:00,611,60.99999999787542,58.91484199231176,0,0,0
2025-11-18 16:15:00+00:00,611,64.00000000212458,60.45124459898589,0,0,0
2025-11-18 16:30:00+00:00,611,57.00000000069849,61.31394425087972,0,0,0
2025-11-18 16:45:00+00:00,611,61.99999999807915,60.01881823952387,0,0,0
2025-11-18 17:00:00+00:00,611,66.99999999909778,61.203398454924695,0,0,0
2025-11-18 17:15:00+00:00,611,59.000000001105946,61.24381282438602,0,0,0
2025-11-18 17:30:00+00:00,611,57.00000000069849,60.934016645337046,0,0,0
2025-11-18 17:45:00+00:00,611,62.99999999828288,60.76866228042065,0,0,0
2025-11-18 18:00:00+00:00,611,70.99999999991269,61.86372755103656,0,0,0
2025-11-18 18:15:00+00:00,611,72.00000000011642,62.94884967418602,0,0,0
2025-11-18 18:30:00+00:00,611,67.00000000273576,63.20906320383733,0,0,0
2025-11-18 18:45:00+00:00,611,63.9999999984866,62.43650253126602,0,0,0
2025-11-18 19:00:00+00:00,611,67.99999999930151,61.69261787232786,0,0,0
2025-11-18 19:15:00+00:00,611,61.0000000015134,61.10397881029887,0,0,0
2025-11-18 19:30:00+00:00,611,64.99999999869033,56.01373204458427,0,0,0
2025-11-18 19:45:00+00:00,611,40.00000000087312,50.74268679852503,0,0,0
2025-11-18 20:00:00+00:00,611,44.99999999825377,37.52221641093901,0,0,0
2025-11-18 20:15:00+00:00,611,36.00000000005821,38.54061120120985,0,0,0
2025-11-18 20:30:00+00:00,611,43.000000001484295,40.2897652225616,0,0,0
2025-11-18 20:45:00+00:00,611,47.99999999886495,46.05803290715554,0,0,0
2025-11-18 21:00:00+00:00,611,46.00000000209548,47.86378183330143,0,0,0
2025-11-18 21:15:00+00:00,611,56.99999999706051,48.70890204779474,0,0,0
2025-11-18 21:30:00+00:00,611,57.00000000069849,48.46552266311042,0,0,0
2025-11-18 21:45:00+00:00,611,45.00000000189175,46.68628485352884,0,0,0
2025-11-18 22:00:00+00:00,611,48.99999999906868,46.59137836863943,0,0,0
2025-11-18 22:15:00+00:00,611,44.99999999825377,47.21900628047512,0,0,0
2025-11-18 22:30:00+00:00,611,49.000000002706656,47.83087362334928,0,0,0
2025-11-18 22:45:00+00:00,611,44.99999999825377,48.70440071809696,0,0,0
2025-11-18 23:00:00+00:00,611,43.000000001484295,46.98531273991709,0,0,0
2025-11-18 23:15:00+00:00,611,49.9999999992724,48.08442979876294,0,0,0
2025-11-18 23:30:00+00:00,611,45.9999999984575,47.24737175559429,0,0,0
2025-11-18 23:45:00+00:00,611,50.00000000291038,46.38416341203949,0,0,0
2025-11-19 00:00:00+00:00,611,49.9999999992724,49.82940781647916,0,0,0
2025-11-19 00:15:00+00:00,611,41.99999999764259,45.176118315020936,0,0,0
2025-11-19 00:30:00+00:00,611,48.00000000250293,46.53530102803524,0,0,0
2025-11-19 00:45:00+00:00,611,42.99999999784632,47.1045713593213,0,0,0
2025-11-19 01:00:00+00:00,611,50.00000000291038,46.20865887398065,0,0,0
2025-11-19 01:15:00+00:00,611,45.9999999984575,47.94537952473486,0,0,0
2025-11-19 01:30:00+00:00,611,50.99999999947613,46.42161139931496,0,0,0
2025-11-19 01:45:00+00:00,611,45.00000000189175,48.998909529729495,0,0,0
2025-11-19 02:00:00+00:00,611,48.99999999906868,44.61022545976304,0,0,0
2025-11-19 02:15:00+00:00,611,42.99999999784632,46.7763528526196,0,0,0
2025-11-19 02:30:00+00:00,611,47.0000000022992,46.13048597872989,0,0,0
2025-11-19 02:45:00+00:00,611,47.99999999886495,46.8583231902698,0,0,0
2025-11-19 03:00:00+00:00,611,48.99999999906868,46.229890835807424,0,0,0
2025-11-19 03:15:00+00:00,611,44.00000000168802,47.243633463388,0,0,0
2025-11-19 03:30:00+00:00,611,48.99999999906868,47.17949986647846,0,0,0
2025-11-19 03:45:00+00:00,611,45.00000000189175,47.89396321934993,0,0,0
2025-11-19 04:00:00+00:00,611,47.99999999886495,46.52005210824434,0,0,0
2025-11-19 04:15:00+00:00,611,44.00000000168802,49.49673825774386,0,0,0
2025-11-19 04:30:00+00:00,611,46.99999999866122,46.68291920753931,0,0,0
2025-11-19 04:45:00+00:00,611,60.99999999787542,46.47605323707888,0,0,0
2025-11-19 05:00:00+00:00,611,68.00000000293949,47.15106341112752,0,0,0
2025-11-19 05:15:00+00:00,611,43.99999999805004,57.75695330156432,0,0,0
2025-11-19 05:30:00+00:00,611,59.000000001105946,50.72506891349897,0,0,0
2025-11-19 05:45:00+00:00,611,55.00000000029104,61.317528752583854,0,0,0
2025-11-19 06:00:00+00:00,611,63.9999999984866,51.868403699224885,0,0,0
2025-11-19 06:15:00+00:00,611,116.00000000180444,98.38367195625216,0,0,0
2025-11-19 06:30:00+00:00,611,92.00000000055296,99.6224958562699,0,0,0
2025-11-19 06:45:00+00:00,611,70.99999999991269,81.51407827851948,0,0,0
2025-11-19 07:00:00+00:00,611,75.99999999729334,67.91395237627921,0,0,0
2025-11-19 07:15:00+00:00,611,51.99999999967986,65.57991533016272,0,0,0
2025-11-19 07:30:00+00:00,611,52.00000000331784,68.15193134833007,0,0,0
2025-11-19 07:45:00+00:00,611,70.99999999991269,69.00817771415257,0,0,0
2025-11-19 08:00:00+00:00,611,76.99999999749707,65.05185198092605,0,0,0
2025-11-19 08:15:00+00:00,611,76.00000000093132,69.41169441671855,0,0,0
2025-11-19 08:30:00+00:00,611,61.0000000015134,67.50103079300436,0,0,0
2025-11-19 08:45:00+00:00,611,70.99999999991269,68.87076590047442,0,0,0
2025-11-19 09:00:00+00:00,611,75.99999999729334,70.13634343284834,0,0,0
2025-11-19 09:15:00+00:00,611,68.99999999950523,68.9021628229919,0,0,0
2025-11-19 09:30:00+00:00,611,74.00000000052387,71.28477992273238,0,0,0
2025-11-19 09:45:00+00:00,611,65.0000000023283,71.17095129105822,0,0,0
2025-11-19 10:00:00+00:00,611,64.99999999869033,66.30311516656063,0,0,0
2025-11-19 10:15:00+00:00,611,75.0000000007276,65.73246959328412,0,0,0
2025-11-19 10:30:00+00:00,611,73.00000000032014,65.23621130289757,0,0,0
2025-11-19 10:45:00+00:00,611,65.99999999889405,67.5932873492412,0,0,0
2025-11-19 11:00:00+00:00,611,64.99999999869033,64.06194983868961,0,0,0
2025-11-19 11:15:00+00:00,611,66.00000000253203,62.95578207682176,0,0,0
2025-11-19 11:30:00+00:00,611,63.9999999984866,63.76464913794098,0,0,0
2025-11-19 11:45:00+00:00,611,59.000000001105946,61.49608544060859,0,0,0
2025-11-19 12:00:00+00:00,611,65.99999999889405,60.06980570600855,0,0,0
2025-11-19 12:15:00+00:00,611,63.00000000192085,61.4522935951191,0,0,0
2025-11-19 12:30:00+00:00,611,59.999999997671694,61.268818568534975,0,0,0
2025-11-19 12:45:00+00:00,611,67.99999999930151,61.33722280938905,0,0,0
2025-11-19 13:00:00+00:00,611,69.00000000314321,63.11085022315152,0,0,0
2025-11-19 13:15:00+00:00,611,57.99999999726424,62.63910377280122,0,0,0
2025-11-19 13:30:00+00:00,611,59.000000001105946,61.33351704978897,0,0,0
2025-11-19 13:45:00+00:00,611,61.0000000015134,60.50168492618405,0,0,0
2025-11-19 14:00:00+00:00,611,60.99999999787542,60.95474583052215,0,0,0
2025-11-19 14:15:00+00:00,611,54.00000000008731,60.34124889982704,0,0,0
2025-11-19 14:30:00+00:00,611,60.00000000130967,58.6392878600702,0,0,0
2025-11-19 14:45:00+00:00,611,63.9999999984866,59.715274235889545,0,0,0
2025-11-19 15:00:00+00:00,611,60.00000000130967,60.035324100918935,0,0,0
2025-11-19 15:15:00+00:00,611,65.99999999889405,59.315549060703695,0,0,0
2025-11-19 15:30:00+00:00,611,59.000000001105946,63.02368649854383,0,0,0
2025-11-19 15:45:00+00:00,611,59.000000001105946,61.04047516294625,0,0,0
2025-11-19 16:00:00+00:00,611,58.99999999746797,61.28853332790776,0,0,0
2025-11-19 16:15:00+00:00,611,62.000000001717126,60.36293927565063,0,0,0
2025-11-19 16:30:00+00:00,611,59.999999997671694,61.23769669441558,0,0,0
2025-11-19 16:45:00+00:00,611,58.00000000090222,60.94852618771372,0,0,0
2025-11-19 17:00:00+00:00,611,60.00000000130967,59.79907822952702,0,0,0
2025-11-19 17:15:00+00:00,611,62.99999999828288,59.01234221317026,0,0,0
2025-11-19 17:30:00+00:00,611,61.0000000015134,59.86046429996531,0,0,0
2025-11-19 17:45:00+00:00,611,60.00000000130967,60.00121218453644,0,0,0
2025-11-19 18:00:00+00:00,611,58.99999999746797,59.80639510841815,0,0,0
2025-11-19 18:15:00+00:00,611,63.00000000192085,59.378425716009055,0,0,0
2025-11-19 18:30:00+00:00,611,60.99999999787542,60.175468653520056,0,0,0
2025-11-19 18:45:00+00:00,611,61.0000000015134,59.351506463112095,0,0,0
2025-11-19 19:00:00+00:00,611,62.99999999828288,58.023436751688216,0,0,0
2025-11-19 19:15:00+00:00,611,62.000000001717126,57.143518478572005,0,0,0
2025-11-19 19:30:00+00:00,611,60.99999999787542,57.49852315023611,0,0,0
2025-11-19 19:45:00+00:00,611,36.00000000005821,44.30582673583788,0,0,0
2025-11-19 20:00:00+00:00,611,36.00000000005821,34.419197278936025,0,0,0
2025-11-19 20:15:00+00:00,611,31.000000002677552,34.65693669270467,0,0,0
2025-11-19 20:30:00+00:00,611,38.99999999703141,37.38852810191887,0,0,0
2025-11-19 20:45:00+00:00,611,44.00000000168802,41.44059138024841,0,0,0
2025-11-19 21:00:00+00:00,611,41.00000000107684,43.5595228340004,0,0,0
2025-11-19 21:15:00+00:00,611,49.9999999992724,46.797534536782194,0,0,0
2025-11-19 21:30:00+00:00,611,45.9999999984575,47.62488603325694,0,0,0
2025-11-19 21:45:00+00:00,611,47.0000000022992,46.53147401053923,0,0,0
2025-11-19 22:00:00+00:00,611,47.99999999886495,47.51397350610447,0,0,0
2025-11-19 22:15:00+00:00,611,42.00000000128057,46.99301409506362,0,0,0
2025-11-19 22:30:00+00:00,611,47.99999999886495,47.853046073246944,0,0,0
2025-11-19 22:45:00+00:00,611,55.00000000029104,49.18431581011957,0,0,0
2025-11-19 23:00:00+00:00,611,49.9999999992724,49.13263924388483,0,0,0
2025-11-19 23:15:00+00:00,611,51.99999999967986,49.040157916914055,0,0,0
2025-11-19 23:30:00+00:00,611,47.0000000022992,49.58197368605526,0,0,0
2025-11-19 23:45:00+00:00,611,50.99999999947613,50.36365236089874,0,0,0
2025-11-20 00:00:00+00:00,611,50.99999999947613,51.74130176421063,0,0,0
2025-11-20 00:15:00+00:00,611,45.9999999984575,48.10809579103733,1,0,1
2025-11-20 00:30:00+00:00,611,55.00000000029104,50.49838762833742,1,0,1
2025-11-20 00:45:00+00:00,611,46.00000000209548,51.27917313526452,1,0,1
2025-11-20 01:00:00+00:00,611,43.99999999805004,49.96036338657635,1,0,1
2025-11-20 01:15:00+00:00,611,48.99999999906868,52.57731284896073,0,0,0
2025-11-20 01:30:00+00:00,611,50.00000000291038,52.37212674398542,0,0,0
2025-11-20 01:45:00+00:00,611,61.99999999807915,53.0116704622287,0,0,0
2025-11-20 02:00:00+00:00,611,48.99999999906868,53.14825417320293,0,0,0
2025-11-20 02:15:00+00:00,611,54.00000000008731,48.88515779330641,0,0,0
2025-11-20 02:30:00+00:00,611,52.99999999988359,52.93508279215402,0,0,0
2025-11-20 02:45:00+00:00,611,46.00000000209548,48.4527580514313,0,0,0
2025-11-20 03:00:00+00:00,611,54.00000000008731,51.69422412549235,0,0,0
2025-11-20 03:15:00+00:00,611,50.99999999947613,52.357309620604426,0,0,0
2025-11-20 03:30:00+00:00,611,54.00000000008731,51.30519626273545,0,0,0
2025-11-20 03:45:00+00:00,611,49.9999999992724,52.333259152074646,0,0,0
2025-11-20 04:00:00+00:00,611,45.00000000189175,50.883422853057525,0,0,0
2025-11-20 04:15:00+00:00,611,55.00000000029104,55.33564901800214,0,0,0
2025-11-20 04:30:00+00:00,611,47.99999999886495,52.29058524523546,0,0,0
2025-11-20 04:45:00+00:00,611,56.000000000494765,51.66694109890759,0,0,0
2025-11-20 05:00:00+00:00,611,46.99999999866122,53.9640802545448,0,0,0
2025-11-20 05:15:00+00:00,611,54.00000000008731,54.25948519160337,0,0,0
2025-11-20 05:30:00+00:00,611,67.99999999930151,62.17349415498896,0,0,0
2025-11-20 05:45:00+00:00,611,62.000000001717126,62.51867693708255,0,0,0
2025-11-20 06:00:00+00:00,611,74.00000000052387,69.51244494068996,0,0,0
2025-11-20 06:15:00+00:00,611,125.0,121.68748759805804,0,0,0
2025-11-20 06:30:00+00:00,611,120.99999999918508,110.71643990530504,0,0,0
2025-11-20 06:45:00+00:00,611,94.00000000096044,87.67285553820842,0,0,0
2025-11-20 07:00:00+00:00,611,69.99999999970896,73.86046325287427,0,0,0
2025-11-20 07:15:00+00:00,611,73.00000000032014,73.3572370697361,0,0,0
2025-11-20 07:30:00+00:00,611,65.99999999889405,77.47966837533187,0,0,0
2025-11-20 07:45:00+00:00,611,78.00000000133878,75.88255992544055,0,0,0
2025-11-20 08:00:00+00:00,611,83.99999999892316,77.50165450212116,0,0,0
2025-11-20 08:15:00+00:00,611,67.99999999930151,83.34125731963914,0,0,0
2025-11-20 08:30:00+00:00,611,86.99999999953434,76.50994236397472,0,0,0
2025-11-20 08:45:00+00:00,611,77.00000000113505,81.68235466297688,0,0,0
2025-11-20 09:00:00+00:00,611,77.9999999977008,77.58150134783772,0,0,0
2025-11-20 09:15:00+00:00,611,81.00000000194996,78.26807538464477,0,0,0
2025-11-20 09:30:00+00:00,611,75.0000000007276,75.15774528876997,0,0,0
2025-11-20 09:45:00+00:00,611,76.99999999749707,74.51718418720472,0,0,0
2025-11-20 10:00:00+00:00,611,80.00000000174623,73.09657399861695,0,0,0
2025-11-20 10:15:00+00:00,611,69.99999999970896,73.74519135648754,0,0,0
2025-11-20 10:30:00+00:00,611,70.99999999991269,72.28289802679562,0,0,0
2025-11-20 10:45:00+00:00,611,77.00000000113505,66.91574554692627,0,0,0
2025-11-20 11:00:00+00:00,611,70.99999999991269,66.86565716337728,0,0,0
2025-11-20 11:15:00+00:00,611,67.99999999930151,65.67690390185058,0,0,0
2025-11-20 11:30:00+00:00,611,62.99999999828288,63.73177346059506,0,0,0
2025-11-20 11:45:00+00:00,611,67.00000000273576,63.21359410863168,0,0,0
2025-11-20 12:00:00+00:00,611,70.99999999991269,63.63224734562159,0,0,0
2025-11-20 12:15:00+00:00,611,61.99999999807915,63.9348656487333,0,0,0
2025-11-20 12:30:00+00:00,611,51.99999999967986,62.7791004499195,0,0,0
2025-11-20 12:45:00+00:00,611,58.00000000090222,55.824560854400985,0,0,0
2025-11-20 13:00:00+00:00,611,58.00000000090222,55.067719345656016,0,0,0
2025-11-20 13:15:00+00:00,611,57.00000000069849,54.1093087662461,0,0,0
2025-11-20 13:30:00+00:00,611,62.99999999828288,53.42916435543312,0,0,0
2025-11-20 13:45:00+00:00,611,55.00000000029104,56.32483248539193,0,0,0
2025-11-20 14:00:00+00:00,611,61.0000000015134,51.37470956971086,0,0,0
2025-11-20 14:15:00+00:00,611,51.99999999967986,52.25299825500612,0,0,0
2025-11-20 14:30:00+00:00,611,54.00000000008731,54.94260189962153,0,0,0
2025-11-20 14:45:00+00:00,611,64.99999999869033,60.96181132109244,0,0,0
2025-11-20 15:00:00+00:00,611,54.00000000008731,62.07532849445766,0,0,0
2025-11-20 15:15:00+00:00,611,62.99999999828288,56.84671463944573,0,0,0
2025-11-20 15:30:00+00:00,611,56.000000000494765,58.448904090927584,0,0,0
2025-11-20 15:45:00+00:00,611,60.00000000130967,57.06406793914947,0,0,0
2025-11-20 16:00:00+00:00,611,66.99999999909778,60.61176935063259,0,0,0
2025-11-20 16:15:00+00:00,611,64.00000000212458,61.98991561556684,0,0,0
2025-11-20 16:30:00+00:00,611,73.99999999688589,67.2597394101378,0,0,0
2025-11-20 16:45:00+00:00,611,74.00000000052387,69.63970658122571,0,0,0
2025-11-20 17:00:00+00:00,611,73.00000000032014,69.26674686843465,0,0,0
2025-11-20 17:15:00+00:00,611,69.99999999970896,70.58671300339867,0,0,0
2025-11-20 17:30:00+00:00,611,68.00000000293949,69.1889702794779,0,0,0
2025-11-20 17:45:00+00:00,611,69.99999999970896,68.6970240381711,0,0,0
2025-11-20 18:00:00+00:00,611,66.99999999909778,68.22878519427385,0,0,0
2025-11-20 18:15:00+00:00,611,68.99999999950523,66.57745967735252,0,0,0
2025-11-20 18:30:00+00:00,611,67.99999999930151,67.33528603681324,0,0,0
2025-11-20 18:45:00+00:00,611,68.99999999950523,63.14119427223115,0,0,0
2025-11-20 19:00:00+00:00,611,66.00000000253203,61.78165961556768,0,0,0
2025-11-20 19:15:00+00:00,611,65.99999999889405,57.53971238722754,0,0,0
2025-11-20 19:30:00+00:00,611,64.99999999869033,55.975878878485815,0,0,0
2025-11-20 19:45:00+00:00,611,43.000000001484295,47.85482057904108,0,0,0
2025-11-20 20:00:00+00:00,611,47.99999999886495,41.52486857543098,0,0,0
2025-11-20 20:15:00+00:00,611,31.9999999992433,42.47661884309359,0,0,0
2025-11-20 20:30:00+00:00,611,42.00000000128057,43.41054715756383,0,0,0
2025-11-20 20:45:00+00:00,611,40.00000000087312,48.67959608460467,0,0,0
2025-11-20 21:00:00+00:00,611,52.99999999988359,49.98748670763963,0,0,0
2025-11-20 21:15:00+00:00,611,48.99999999906868,52.73443942201168,0,0,0
2025-11-20 21:30:00+00:00,611,54.00000000008731,48.56791164743175,0,0,0
2025-11-20 21:45:00+00:00,611,51.99999999967986,48.518119014848445,0,0,0
2025-11-20 22:00:00+00:00,611,43.000000001484295,48.32782988601485,0,0,0
2025-11-20 22:15:00+00:00,611,54.00000000008731,49.55635869491698,0,0,0
2025-11-20 22:30:00+00:00,611,44.99999999825377,52.77408779647188,0,0,0
2025-11-20 22:45:00+00:00,611,50.99999999947613,46.68537689806418,0,0,0
2025-11-20 23:00:00+00:00,611,46.00000000209548,52.29277675989121,0,0,0
2025-11-20 23:15:00+00:00,611,46.99999999866122,48.9597757619496,0,0,0
2025-11-20 23:30:00+00:00,611,55.00000000029104,52.38644109072474,0,0,0
2025-11-20 23:45:00+00:00,611,50.99999999947613,49.73464329205328,0,0,0
2025-11-21 00:00:00+00:00,611,54.00000000008731,49.37321195190477,0,0,0
2025-11-21 00:15:00+00:00,611,43.000000001484295,48.73705162470896,0,0,0
2025-11-21 00:30:00+00:00,611,52.99999999988359,48.98319332341281,0,0,0
2025-11-21 00:45:00+00:00,611,45.9999999984575,51.45985923024221,0,0,0
2025-11-21 01:00:00+00:00,611,49.9999999992724,48.359466366814544,0,0,0
2025-11-21 01:15:00+00:00,611,55.00000000029104,51.53440326114398,0,0,0
2025-11-21 01:30:00+00:00,611,46.00000000209548,50.00207610277704,0,0,0
2025-11-21 01:45:00+00:00,611,57.00000000069849,50.67543598643714,0,0,0
2025-11-21 02:00:00+00:00,611,45.9999999984575,53.170885037097406,0,0,0
2025-11-21 02:15:00+00:00,611,52.99999999988359,48.09390270219394,0,0,0
2025-11-21 02:30:00+00:00,611,49.9999999992724,54.03604533702576,0,0,0
2025-11-21 02:45:00+00:00,611,46.00000000209548,46.32508715664322,0,0,0
2025-11-21 03:00:00+00:00,611,56.000000000494765,50.38331388509771,0,0,0
2025-11-21 03:15:00+00:00,611,46.99999999866122,49.52384087623954,0,0,0
2025-11-21 03:30:00+00:00,611,55.00000000029104,50.72075390690958,0,0,0
2025-11-21 03:45:00+00:00,611,45.9999999984575,52.09133486214151,0,0,0
2025-11-21 04:00:00+00:00,611,51.99999999967986,51.57496254857848,0,0,0
2025-11-21 04:15:00+00:00,611,57.00000000069849,56.81705081758718,0,0,0
2025-11-21 04:30:00+00:00,611,46.99999999866122,51.03540335930549,0,0,0
2025-11-21 04:45:00+00:00,611,83.00000000235741,51.753989480638666,0,0,0
2025-11-21 05:00:00+00:00,611,59.000000001105946,63.856249127034,0,0,0
2025-11-21 05:15:00+00:00,611,66.99999999909778,56.81145520931636,0,0,0
2025-11-21 05:30:00+00:00,611,63.9999999984866,69.81623441762581,0,0,0
2025-11-21 05:45:00+00:00,611,60.00000000130967,63.42834479983736,0,0,0
2025-11-21 06:00:00+00:00,611,74.00000000052387,91.94465291151548,0,0,0
2025-11-21 06:15:00+00:00,611,125.0,116.12799643516288,0,0,0
2025-11-21 06:30:00+00:00,611,116.9999999983702,111.36479700232584,0,0,0
2025-11-21 06:45:00+00:00,611,93.0000000007567,84.78303144733161,0,0,0
2025-11-21 07:00:00+00:00,611,77.00000000113505,74.87660442078656,0,0,0
2025-11-21 07:15:00+00:00,611,62.99999999828288,74.2683038345586,0,0,0
2025-11-21 07:30:00+00:00,611,67.99999999930151,78.34510076614868,0,0,0
2025-11-21 07:45:00+00:00,611,72.00000000011642,78.69479670797867,0,0,0
2025-11-21 08:00:00+00:00,611,72.00000000011642,74.1830743212665,0,0,0
2025-11-21 08:15:00+00:00,611,78.00000000133878,76.14607403586893,0,0,0
2025-11-21 08:30:00+00:00,611,78.99999999790452,78.56577830670675,0,0,0
2025-11-21 08:45:00+00:00,611,76.00000000093132,79.9823781121998,0,0,0
2025-11-21 09:00:00+00:00,611,76.00000000093132,77.37000983227392,0,0,0
2025-11-21 09:15:00+00:00,611,75.0000000007276,78.0182722889857,0,0,0
2025-11-21 09:30:00+00:00,611,75.99999999729334,75.97084750371786,0,0,0
2025-11-21 09:45:00+00:00,611,77.00000000113505,74.5441507602562,0,0,0
2025-11-21 10:00:00+00:00,611,88.99999999994179,73.10855191272732,0,0,0
2025-11-21 10:15:00+00:00,611,76.00000000093132,76.91978813720644,0,0,0
2025-11-21 10:30:00+00:00,611,61.99999999807915,73.32039241443063,0,0,0
2025-11-21 10:45:00+00:00,611,65.0000000023283,70.31033372596283,0,0,0
2025-11-21 11:00:00+00:00,611,70.99999999991269,67.49695534469717,0,0,0
2025-11-21 11:15:00+00:00,611,59.000000001105946,66.50988058169273,0,0,0
2025-11-21 11:30:00+00:00,611,72.99999999668216,63.83800720747034,0,0,0
2025-11-21 11:45:00+00:00,611,61.0000000015134,64.78178402909799,0,0,0
2025-11-21 12:00:00+00:00,611,62.99999999828288,61.81291162011197,0,0,0
2025-11-21 12:15:00+00:00,611,68.00000000293949,61.55709590732045,0,0,0
2025-11-21 12:30:00+00:00,611,57.99999999726424,62.01370286573716,0,0,0
2025-11-21 12:45:00+00:00,611,63.00000000192085,58.4520863713184,0,0,0
2025-11-21 13:00:00+00:00,611,60.99999999787542,55.75482277669165,0,0,0
2025-11-21 13:15:00+00:00,611,58.00000000090222,54.63687525386043,0,0,0
2025-11-21 13:30:00+00:00,611,54.00000000008731,56.00287502663385,0,0,0
2025-11-21 13:45:00+00:00,611,57.00000000069849,54.58693474579428,0,0,0
2025-11-21 14:00:00+00:00,611,62.000000001717126,55.75432295755965,0,0,0
2025-11-21 14:15:00+00:00,611,63.9999999984866,65.63924888889913,0,0,0
2025-11-21 14:30:00+00:00,611,61.0000000015134,65.97062010089508,0,0,0
2025-11-21 14:45:00+00:00,611,60.99999999787542,63.39368870167799,0,0,0
2025-11-21 15:00:00+00:00,611,60.00000000130967,58.79907323430268,0,0,0
2025-11-21 15:15:00+00:00,611,56.000000000494765,56.75117228998008,0,0,0
2025-11-21 15:30:00+00:00,611,56.99999999706051,56.96722132792514,0,0,0
2025-11-21 15:45:00+00:00,611,62.000000001717126,57.115138215904544,0,0,0
2025-11-21 16:00:00+00:00,611,60.00000000130967,57.42110441994785,0,0,0
2025-11-21 16:15:00+00:00,611,63.9999999984866,58.58992406638714,0,0,0
2025-11-21 16:30:00+00:00,611,66.99999999909778,63.50219973098907,0,0,0
2025-11-21 16:45:00+00:00,611,65.0000000023283,66.38732138151144,0,0,0
2025-11-21 17:00:00+00:00,611,67.99999999930151,66.33688992684225,0,0,0
2025-11-21 17:15:00+00:00,611,68.99999999950523,66.97678263122503,0,0,0
2025-11-21 17:30:00+00:00,611,68.99999999950523,68.3992678809353,0,0,0
2025-11-21 17:45:00+00:00,611,67.99999999930151,68.17429012133611,0,0,0
2025-11-21 18:00:00+00:00,611,70.99999999991269,67.59902491797556,0,0,0
2025-11-21 18:15:00+00:00,611,61.0000000015134,67.65008927971132,0,0,0
2025-11-21 18:30:00+00:00,611,60.99999999787542,66.55786913338534,0,0,0
2025-11-21 18:45:00+00:00,611,61.0000000015134,62.89444332653798,0,0,0
2025-11-21 19:00:00+00:00,611,63.9999999984866,60.2129935360466,0,0,0
2025-11-21 19:15:00+00:00,611,62.000000001717126,58.82651892391857,0,0,0
2025-11-21 19:30:00+00:00,611,61.0000000015134,58.59533630905924,0,0,0
2025-11-21 19:45:00+00:00,611,37.99999999682768,53.42288260492189,0,0,0
2025-11-21 20:00:00+00:00,611,35.00000000349246,38.23069967928426,0,0,0
2025-11-21 20:15:00+00:00,611,41.99999999764259,39.23513206646496,0,0,0
2025-11-21 20:30:00+00:00,611,49.9999999992724,42.751803286628046,0,0,0
2025-11-21 20:45:00+00:00,611,46.00000000209548,50.325698639471945,0,0,0
2025-11-21 21:00:00+00:00,611,58.00000000090222,51.89557729795234,0,0,0
2025-11-21 21:15:00+00:00,611,51.99999999967986,55.771423278395744,0,0,0
2025-11-21 21:30:00+00:00,611,59.999999997671694,52.47180664946104,0,0,0
2025-11-21 21:45:00+00:00,611,55.00000000029104,53.67728167058776,0,0,0
2025-11-21 22:00:00+00:00,611,60.00000000130967,53.53798888076783,0,0,0
2025-11-21 22:15:00+00:00,611,49.9999999992724,54.67579016592571,0,0,0
2025-11-21 22:30:00+00:00,611,50.99999999947613,54.24456159787473,0,0,0
2025-11-21 22:45:00+00:00,611,62.000000001717126,56.210932873486,0,0,0
2025-11-21 23:00:00+00:00,611,58.99999999746797,55.974388293618745,0,0,0
2025-11-21 23:15:00+00:00,611,45.00000000189175,55.14238167694406,0,0,0
2025-11-21 23:30:00+00:00,611,59.000000001105946,57.56494585962008,0,0,0
2025-11-21 23:45:00+00:00,611,52.99999999988359,56.82349227361988,0,0,0
2025-11-22 00:00:00+00:00,611,56.99999999706051,53.64264331748633,0,0,0
2025-11-22 00:15:00+00:00,611,46.00000000209548,54.77758173329636,0,0,0
2025-11-22 00:30:00+00:00,611,51.99999999967986,56.06500047448636,0,0,0
2025-11-22 00:45:00+00:00,611,63.9999999984866,56.58233989370719,0,0,0
2025-11-22 01:00:00+00:00,611,62.000000001717126,54.265971010280914,0,0,0
2025-11-22 01:15:00+00:00,611,45.9999999984575,56.363948508113886,0,0,0
2025-11-22 01:30:00+00:00,611,59.000000001105946,58.13004314478027,0,0,0
2025-11-22 01:45:00+00:00,611,46.99999999866122,57.37460645312232,0,0,0
2025-11-22 02:00:00+00:00,611,65.0000000023283,56.8136674265397,0,0,0
2025-11-22 02:15:00+00:00,611,57.00000000069849,61.58272272849735,0,0,0
2025-11-22 02:30:00+00:00,611,62.99999999828288,55.31197711070843,0,0,0
2025-11-22 02:45:00+00:00,611,56.000000000494765,56.53306482531384,0,0,0
2025-11-22 03:00:00+00:00,611,45.9999999984575,55.802997651492646,0,0,0
2025-11-22 03:15:00+00:00,611,49.9999999992724,63.29512081983335,0,0,0
2025-11-22 03:30:00+00:00,611,54.00000000008731,59.25593453854988,0,0,0
2025-11-22 03:45:00+00:00,611,69.00000000314321,58.80639011319381,0,0,0
2025-11-22 04:00:00+00:00,611,56.99999999706051,56.64054072624501,0,0,0
2025-11-22 04:15:00+00:00,611,51.00000000311411,55.169354165014845,0,0,0
2025-11-22 04:30:00+00:00,611,48.99999999906868,56.05118890438872,0,0,0
2025-11-22 04:45:00+00:00,611,64.99999999869033,54.72324636588008,0,0,0
2025-11-22 05:00:00+00:00,611,51.99999999967986,56.943720956191534,0,0,0
2025-11-22 05:15:00+00:00,611,67.99999999930151,56.57128768011941,0,0,0
2025-11-22 05:30:00+00:00,611,64.00000000212458,68.34444748193529,0,0,0
2025-11-22 05:45:00+00:00,611,59.000000001105946,59.28914441448703,0,0,0
2025-11-22 06:00:00+00:00,611,50.99999999947613,61.53843402138551,0,0,0
2025-11-22 06:15:00+00:00,611,100.99999999874854,61.97622826087478,0,0,0
2025-11-22 06:30:00+00:00,611,91.00000000034925,87.17080644391369,0,0,0
2025-11-22 06:45:00+00:00,611,79.0000000015425,68.60454271120032,0,0,0
2025-11-22 07:00:00+00:00,611,64.99999999869033,63.77553277347832,0,0,0
2025-11-22 07:15:00+00:00,611,65.99999999889405,57.06928202867456,0,0,0
2025-11-22 07:30:00+00:00,611,60.00000000130967,57.10171407957195,0,0,0
2025-11-22 07:45:00+00:00,611,60.99999999787542,57.91432239040713,0,0,0
2025-11-22 08:00:00+00:00,611,62.000000001717126,57.95826506888911,0,0,0
2025-11-22 08:15:00+00:00,611,61.0000000015134,59.08600490619428,0,0,0
2025-11-22 08:30:00+00:00,611,63.9999999984866,57.14746379645429,0,0,0
2025-11-22 08:45:00+00:00,611,61.99999999807915,59.27657795595493,0,0,0
2025-11-22 09:00:00+00:00,611,61.0000000015134,57.54648212683215,0,0,0
2025-11-22 09:15:00+00:00,611,62.000000001717126,61.23184674031426,0,0,0
2025-11-22 09:30:00+00:00,611,60.99999999787542,57.30640923794422,0,0,0
2025-11-22 09:45:00+00:00,611,63.00000000192085,57.73958384734944,0,0,0
2025-11-22 10:00:00+00:00,611,59.999999997671694,56.929223243853485,0,0,0
2025-11-22 10:15:00+00:00,611,60.00000000130967,58.04264281940002,0,0,0
2025-11-22 10:30:00+00:00,611,59.000000001105946,57.48561953560312,0,0,0
2025-11-22 10:45:00+00:00,611,57.99999999726424,56.43766443631172,0,0,0
2025-11-22 11:00:00+00:00,611,56.000000000494765,54.04530825727112,0,0,0
2025-11-22 11:15:00+00:00,611,55.00000000029104,53.30843585372944,0,0,0
2025-11-22 11:30:00+00:00,611,56.000000000494765,52.16129179556545,0,0,0
2025-11-22 11:45:00+00:00,611,50.99999999947613,51.72662068627386,0,0,0
2025-11-22 12:00:00+00:00,611,51.99999999967986,49.96811797689669,0,0,0
2025-11-22 12:15:00+00:00,611,51.99999999967986,50.01742262038661,0,0,0
2025-11-22 12:30:00+00:00,611,49.000000002706656,49.5712970761939,0,0,0
2025-11-22 12:45:00+00:00,611,54.00000000008731,47.78049836136357,0,0,0
2025-11-22 13:00:00+00:00,611,52.99999999988359,48.02573210460275,0,0,0
2025-11-22 13:15:00+00:00,611,49.9999999992724,51.13393575103424,0,0,0
2025-11-22 13:30:00+00:00,611,54.00000000008731,49.867657288871655,0,0,0
2025-11-22 13:45:00+00:00,611,52.99999999988359,50.43410615594504,0,0,0
2025-11-22 14:00:00+00:00,611,50.99999999947613,50.95265815412519,0,0,0
2025-11-22 14:15:00+00:00,611,51.99999999967986,50.27330635590024,0,0,0
2025-11-22 14:30:00+00:00,611,52.99999999988359,49.89076431182089,0,0,0
2025-11-22 14:45:00+00:00,611,52.99999999988359,50.25156865992214,0,0,0
2025-11-22 15:00:00+00:00,611,51.99999999967986,50.05874790282226,0,0,0
2025-11-22 15:15:00+00:00,611,54.00000000008731,50.58425300620574,0,0,0
2025-11-22 15:30:00+00:00,611,54.00000000008731,53.3419888007868,0,0,0
2025-11-22 15:45:00+00:00,611,57.00000000069849,54.77276690757495,0,0,0
2025-11-22 16:00:00+00:00,611,57.00000000069849,56.97230528702532,0,0,0
2025-11-22 16:15:00+00:00,611,57.99999999726424,55.539684651720926,0,0,0
2025-11-22 16:30:00+00:00,611,55.00000000029104,55.69257902845287,0,0,0
2025-11-22 16:45:00+00:00,611,60.00000000130967,54.80298674124899,0,0,0
2025-11-22 17:00:00+00:00,611,59.000000001105946,56.74236186871222,0,0,0
2025-11-22 17:15:00+00:00,611,57.00000000069849,57.28478392733309,0,0,0
2025-11-22 17:30:00+00:00,611,59.999999997671694,57.49889579645288,0,0,0
2025-11-22 17:45:00+00:00,611,58.00000000090222,57.5563217614606,0,0,0
2025-11-22 18:00:00+00:00,611,60.00000000130967,57.81233562739913,0,0,0
2025-11-22 18:15:00+00:00,611,62.99999999828288,58.37092047629486,0,0,0
2025-11-22 18:30:00+00:00,611,58.00000000090222,59.21607026588474,0,0,0
2025-11-22 18:45:00+00:00,611,60.99999999787542,58.23967211274165,0,0,0
2025-11-22 19:00:00+00:00,611,60.00000000130967,58.793282430394505,0,0,0
2025-11-22 19:15:00+00:00,611,61.0000000015134,58.97445355695592,0,0,0
2025-11-22 19:30:00+00:00,611,59.999999997671694,59.63589763420843,0,0,0
2025-11-22 19:45:00+00:00,611,42.00000000128057,57.71065644539545,0,0,0
2025-11-22 20:00:00+00:00,611,47.99999999886495,53.08095308345087,0,0,0
2025-11-22 20:15:00+00:00,611,59.000000001105946,55.17573942836406,0,0,0
2025-11-22 20:30:00+00:00,611,50.99999999947613,58.87956481712445,0,0,0
2025-11-22 20:45:00+00:00,611,62.000000001717126,57.189623096613175,0,0,0
2025-11-22 21:00:00+00:00,611,62.99999999828288,58.21193658717939,0,0,0
2025-11-22 21:15:00+00:00,611,62.000000001717126,56.50002944244644,0,0,0
2025-11-22 21:30:00+00:00,611,45.9999999984575,56.88230235314702,0,0,0
2025-11-22 21:45:00+00:00,611,50.99999999947613,58.25532325384588,0,0,0
2025-11-22 22:00:00+00:00,611,67.99999999930151,59.663993975948834,0,0,0
2025-11-22 22:15:00+00:00,611,60.00000000130967,58.531007516512354,0,0,0
2025-11-22 22:30:00+00:00,611,73.00000000032014,59.00450481257952,0,0,0
2025-11-22 22:45:00+00:00,611,61.99999999807915,62.343962054102114,0,0,0
2025-11-22 23:00:00+00:00,611,52.99999999988359,59.960833305191,0,0,0
2025-11-22 23:15:00+00:00,611,65.0000000023283,61.92063890936398,0,0,0
2025-11-22 23:30:00+00:00,611,51.99999999967986,59.64323817317682,0,0,0
2025-11-22 23:45:00+00:00,611,63.9999999984866,61.38676405365152,0,0,0
2025-11-23 00:00:00+00:00,611,61.0000000015134,60.2519557682664,0,0,0
2025-11-23 00:15:00+00:00,611,61.99999999807915,59.92447663897892,0,0,0
2025-11-23 00:30:00+00:00,611,49.000000002706656,61.220129087053685,0,0,0
2025-11-23 00:45:00+00:00,611,50.99999999947613,61.90776782733722,0,0,0
2025-11-23 01:00:00+00:00,611,73.00000000032014,65.8075548484531,0,0,0
2025-11-23 01:15:00+00:00,611,56.000000000494765,61.95435747696212,0,0,0
2025-11-23 01:30:00+00:00,611,67.99999999930151,59.25452972146286,0,0,0
2025-11-23 01:45:00+00:00,611,69.99999999970896,60.494995039340175,0,0,0
2025-11-23 02:00:00+00:00,611,66.99999999909778,58.28619965466376,0,0,0
2025-11-23 03:15:00+00:00,611,70.99999999991269,60.09014449991894,0,0,0
2025-11-23 03:30:00+00:00,611,57.00000000069849,61.6586331288606,0,0,0
2025-11-23 03:45:00+00:00,611,67.99999999930151,62.74006132244863,0,0,0
2025-11-23 04:00:00+00:00,611,52.99999999988359,61.577047267465794,0,0,0
2025-11-23 04:15:00+00:00,611,69.99999999970896,65.48626282936783,0,0,0
2025-11-23 04:30:00+00:00,611,59.000000001105946,64.60675860760358,0,0,0
2025-11-23 04:45:00+00:00,611,62.99999999828288,60.36377033586422,0,0,0
2025-11-23 05:00:00+00:00,611,67.00000000273576,61.53475783688201,0,0,0
2025-11-23 05:15:00+00:00,611,52.99999999988359,60.43828183415976,0,0,0
2025-11-23 05:30:00+00:00,611,68.99999999950523,62.573719149306825,0,0,0
2025-11-23 05:45:00+00:00,611,63.9999999984866,65.70287083663803,0,0,0
2025-11-23 06:00:00+00:00,611,66.00000000253203,61.97251658625539,0,0,0
2025-11-23 06:15:00+00:00,611,84.99999999912689,79.56705503108354,0,0,0
2025-11-23 06:30:00+00:00,611,87.99999999973807,75.94876082160025,0,0,0
2025-11-23 06:45:00+00:00,611,78.99999999790452,76.33716464981954,0,0,0
2025-11-23 07:00:00+00:00,611,65.0000000023283,69.71844140331127,0,0,0
2025-11-23 07:15:00+00:00,611,72.00000000011642,62.67842682119915,0,0,0
2025-11-23 07:30:00+00:00,611,59.999999997671694,62.823392114540994,0,0,0
2025-11-23 07:45:00+00:00,611,54.00000000008731,62.03100133972028,0,0,0
2025-11-23 08:00:00+00:00,611,66.00000000253203,62.06679607909754,0,0,0
2025-11-23 08:15:00+00:00,611,62.99999999828288,61.019547824614136,0,0,0
2025-11-23 08:30:00+00:00,611,60.00000000130967,58.1974211297834,0,0,0
2025-11-23 08:45:00+00:00,611,62.99999999828288,57.48807131110868,0,0,0
2025-11-23 09:00:00+00:00,611,56.000000000494765,55.94894188053091,0,0,0
2025-11-23 09:15:00+00:00,611,50.99999999947613,55.582893867808,0,0,0
2025-11-23 09:30:00+00:00,611,51.99999999967986,53.82297451130519,0,0,0
2025-11-23 09:45:00+00:00,611,51.99999999967986,52.93882404186998,0,0,0
2025-11-23 10:00:00+00:00,611,58.00000000090222,50.84366209323037,0,0,0
2025-11-23 10:15:00+00:00,611,56.000000000494765,51.83311469399895,0,0,0
2025-11-23 10:30:00+00:00,611,60.00000000130967,51.13277049222944,0,0,0
2025-11-23 10:45:00+00:00,611,62.99999999828288,52.36401429499658,0,0,0
2025-11-23 11:00:00+00:00,611,59.000000001105946,52.92514851721655,0,0,0
2025-11-23 11:15:00+00:00,611,51.99999999967986,55.116284611731714,0,0,0
2025-11-23 11:30:00+00:00,611,55.00000000029104,52.5645157046754,0,0,0
2025-11-23 11:45:00+00:00,611,52.99999999988359,53.94708640405634,0,0,0
2025-11-23 12:00:00+00:00,611,46.99999999866122,52.39074722478516,0,0,0
2025-11-23 12:15:00+00:00,611,61.0000000015134,50.48855390872828,0,0,0
2025-11-23 12:30:00+00:00,611,46.99999999866122,52.458488983476094,0,0,0
2025-11-23 12:45:00+00:00,611,58.00000000090222,47.2061322409387,0,0,0
2025-11-23 13:00:00+00:00,611,52.99999999988359,50.25525371695462,0,0,0
2025-11-23 13:15:00+00:00,611,52.99999999988359,48.07579387056484,0,0,0
2025-11-23 13:30:00+00:00,611,54.00000000008731,49.44660551155,0,0,0
2025-11-23 13:45:00+00:00,611,49.9999999992724,49.1468678228441,0,0,0
2025-11-23 14:00:00+00:00,611,80.00000000174623,51.31740190508941,0,0,0
2025-11-23 14:15:00+00:00,611,64.99999999869033,69.73371398317943,0,0,0
2025-11-23 14:30:00+00:00,611,59.000000001105946,54.56359703709181,0,0,0
2025-11-23 14:45:00+00:00,611,46.99999999866122,55.47477914479094,0,0,0
2025-11-23 15:00:00+00:00,611,45.00000000189175,46.96207558654295,0,0,0
2025-11-23 15:15:00+00:00,611,56.99999999706051,49.10679356699332,0,0,0
2025-11-23 15:30:00+00:00,611,50.00000000291038,51.46065184283026,0,0,0
2025-11-23 15:45:00+00:00,611,58.99999999746797,51.86104541519856,0,0,0
2025-11-23 16:00:00+00:00,611,56.000000000494765,58.18163985825427,0,0,0
2025-11-23 16:15:00+00:00,611,62.000000001717126,53.73360152698381,0,0,0
2025-11-23 16:30:00+00:00,611,54.00000000008731,57.987520754415016,0,0,0
2025-11-23 16:45:00+00:00,611,57.99999999726424,53.892366560384666,0,0,0
2025-11-23 17:00:00+00:00,611,51.00000000311411,56.26185527475824,0,0,0
2025-11-23 17:15:00+00:00,611,47.99999999886495,53.96893944291106,0,0,0
2025-11-23 17:30:00+00:00,611,62.99999999828288,53.48830863355148,0,0,0
2025-11-23 17:45:00+00:00,611,57.00000000069849,56.2939324244968,0,0,0
2025-11-23 18:00:00+00:00,611,62.000000001717126,57.50869106843648,0,0,0
2025-11-23 18:15:00+00:00,611,61.99999999807915,62.68822209318275,0,0,0
2025-11-23 18:30:00+00:00,611,64.00000000212458,59.88548483166255,0,0,0
2025-11-23 18:45:00+00:00,611,57.99999999726424,58.15167437041072,0,0,0
2025-11-23 19:00:00+00:00,611,61.0000000015134,55.534852080941576,0,0,0
2025-11-23 19:15:00+00:00,611,93.0000000007567,57.50953395868869,0,0,0
2025-11-23 19:30:00+00:00,611,58.00000000090222,70.47615537740502,0,0,0
2025-11-23 19:45:00+00:00,611,60.99999999787542,57.71578476714048,0,0,0
2025-11-23 20:00:00+00:00,611,59.000000001105946,60.09369646901686,0,0,0
2025-11-23 20:15:00+00:00,611,60.99999999787542,59.37657431496385,0,0,0
2025-11-23 20:30:00+00:00,611,62.000000001717126,59.5064001163721,0,0,0
2025-11-23 20:45:00+00:00,611,50.99999999947613,58.16762421999029,0,0,0
2025-11-23 21:00:00+00:00,611,56.000000000494765,61.04777429677944,0,0,0
2025-11-23 21:15:00+00:00,611,59.000000001105946,56.564248807136025,0,0,0
2025-11-23 21:30:00+00:00,611,57.99999999726424,55.42078684849486,0,0,0
2025-11-23 21:45:00+00:00,611,61.0000000015134,54.233879072994064,0,0,0
2025-11-23 22:00:00+00:00,611,48.99999999906868,53.894383581970665,0,0,0
2025-11-23 22:15:00+00:00,611,58.00000000090222,55.881312507206935,0,0,0
2025-11-23 22:30:00+00:00,611,59.000000001105946,54.52585034134099,0,0,0
2025-11-23 22:45:00+00:00,611,49.9999999992724,54.50779770239537,0,0,0
2025-11-23 23:00:00+00:00,611,52.99999999988359,55.33833739428024,0,0,0
2025-11-23 23:15:00+00:00,611,61.99999999807915,54.977024354518,0,0,0
2025-11-23 23:30:00+00:00,611,60.00000000130967,54.98679596642435,0,0,0
2025-11-23 23:45:00+00:00,611,59.000000001105946,53.86558335293192,0,0,0
2025-11-24 00:00:00+00:00,611,74.00000000052387,54.02871071307669,0,0,0
2025-11-24 00:15:00+00:00,611,70.99999999991269,60.09224433177533,0,0,0
2025-11-24 00:30:00+00:00,611,52.99999999988359,59.57900697844861,0,0,0
2025-11-24 00:45:00+00:00,611,51.99999999967986,58.87004755104859,0,0,0
2025-11-24 01:00:00+00:00,611,45.9999999984575,57.30985473669449,0,0,0
2025-11-24 01:15:00+00:00,611,58.00000000090222,57.73382853355714,0,0,0
2025-11-24 01:30:00+00:00,611,47.99999999886495,56.863279651033935,0,0,0
2025-11-24 01:45:00+00:00,611,50.99999999947613,53.28555064400447,0,0,0
2025-11-24 02:00:00+00:00,611,55.00000000029104,54.70434492166293,0,0,0
2025-11-24 02:15:00+00:00,611,52.99999999988359,51.83318567423071,0,0,0
2025-11-24 02:30:00+00:00,611,56.000000000494765,51.8357794101998,0,0,0
2025-11-24 02:45:00+00:00,611,48.00000000250293,52.38225325705059,0,0,0
2025-11-24 03:00:00+00:00,611,54.99999999665306,51.25008011276975,0,0,0
2025-11-24 03:15:00+00:00,611,51.00000000311411,53.939621649682366,0,0,0
2025-11-24 03:30:00+00:00,611,47.99999999886495,50.34692764378906,0,0,0
2025-11-24 03:45:00+00:00,611,56.000000000494765,52.59926644314379,0,0,0
2025-11-24 04:00:00+00:00,611,48.99999999906868,50.61836492258824,0,0,0
2025-11-24 04:15:00+00:00,611,52.99999999988359,51.48747054039888,0,0,0
2025-11-24 04:30:00+00:00,611,50.99999999947613,51.356568205475526,0,0,0
2025-11-24 04:45:00+00:00,611,48.99999999906868,50.13606903529184,0,0,0
2025-11-24 05:00:00+00:00,611,54.00000000008731,52.12919098574963,0,0,0
2025-11-24 05:15:00+00:00,611,56.000000000494765,64.24030541605768,0,0,0
2025-11-24 05:30:00+00:00,611,60.00000000130967,61.039360181805606,0,0,0
2025-11-24 05:45:00+00:00,611,70.99999999991269,63.91810248399808,0,0,0
2025-11-24 06:00:00+00:00,611,75.0000000007276,69.79459727697605,0,0,0
2025-11-24 06:15:00+00:00,611,112.99999999755528,106.6269730023449,0,0,0
2025-11-24 06:30:00+00:00,611,115.00000000160072,107.14321814299268,0,0,0
2025-11-24 06:45:00+00:00,611,82.99999999871943,94.37133099012424,0,0,0
2025-11-24 07:00:00+00:00,611,68.00000000293949,76.58695591543999,0,0,0
2025-11-24 07:15:00+00:00,611,74.99999999708962,70.18550907338438,0,0,0
2025-11-24 07:30:00+00:00,611,59.000000001105946,71.55261199725982,0,0,0
2025-11-24 07:45:00+00:00,611,80.99999999831198,69.75247050942338,0,0,0
2025-11-24 08:00:00+00:00,611,71.00000000355067,70.95749598908225,0,0,0
2025-11-24 08:15:00+00:00,611,74.99999999708962,71.98993895022329,0,0,0
2025-11-24 08:30:00+00:00,611,64.00000000212458,72.178279080193,0,0,0
2025-11-24 08:45:00+00:00,611,72.00000000011642,69.7471529070603,0,0,0
2025-11-24 09:00:00+00:00,611,76.99999999749707,71.30910248215059,0,0,0
2025-11-24 09:15:00+00:00,611,76.00000000093132,71.79551818039903,0,0,0
2025-11-24 09:30:00+00:00,611,78.00000000133878,70.42329876481719,0,0,0
2025-11-24 09:45:00+00:00,611,72.00000000011642,72.90701537466859,0,0,0
2025-11-24 10:00:00+00:00,611,79.99999999810825,69.24539364871194,0,0,0
2025-11-24 10:15:00+00:00,611,70.99999999991269,70.82494632128001,0,0,0
2025-11-24 10:30:00+00:00,611,63.00000000192085,68.06754768279984,0,0,0
2025-11-24 10:45:00+00:00,611,73.00000000032014,66.25573586185735,0,0,0
2025-11-24 11:00:00+00:00,611,69.99999999970896,64.47851507386176,0,0,0
2025-11-24 11:15:00+00:00,611,73.00000000032014,64.3132612642737,0,0,0
2025-11-24 11:30:00+00:00,611,67.99999999930151,63.61124902705771,0,0,0
2025-11-24 11:45:00+00:00,611,64.99999999869033,63.63222368554433,0,0,0
2025-11-24 12:00:00+00:00,611,68.99999999950523,62.88454158420673,0,0,0
2025-11-24 12:15:00+00:00,611,70.99999999991269,61.93101681074999,0,0,0
2025-11-24 12:30:00+00:00,611,58.00000000090222,63.17775500660955,0,0,0
2025-11-24 12:45:00+00:00,611,66.99999999909778,62.92197774144357,0,0,0
2025-11-24 13:00:00+00:00,611,67.00000000273576,62.90184893071882,0,0,0
2025-11-24 13:15:00+00:00,611,69.99999999970896,62.89197084846482,0,0,0
2025-11-24 13:30:00+00:00,611,66.99999999909778,62.55569608545777,0,0,0
2025-11-24 13:45:00+00:00,611,59.000000001105946,63.2032960600064,0,0,0
2025-11-24 14:00:00+00:00,611,66.99999999909778,62.2284358118849,0,0,0
2025-11-24 14:15:00+00:00,611,60.00000000130967,61.55957430041292,0,0,0
2025-11-24 14:30:00+00:00,611,58.99999999746797,61.07082808455485,0,0,0
2025-11-24 14:45:00+00:00,611,66.00000000253203,61.63769987550918,0,0,0
2025-11-24 15:00:00+00:00,611,60.99999999787542,62.48428997230196,0,0,0
2025-11-24 15:15:00+00:00,611,64.00000000212458,61.55343155285557,0,0,0
2025-11-24 15:30:00+00:00,611,67.99999999930151,61.19956256489972,0,0,0
2025-11-24 15:45:00+00:00,611,58.99999999746797,62.44109554376316,0,0,0
2025-11-24 16:00:00+00:00,611,76.00000000093132,62.62702530336251,0,0,0
2025-11-24 16:15:00+00:00,611,64.00000000212458,64.25336577870249,0,0,0
2025-11-24 16:30:00+00:00,611,66.99999999909778,64.050344570796,0,0,0
2025-11-24 16:45:00+00:00,611,69.99999999970896,65.30463624631925,0,0,0
2025-11-24 17:00:00+00:00,611,58.00000000090222,65.55084892525485,0,0,0
2025-11-24 17:15:00+00:00,611,73.00000000032014,63.94502173689504,0,0,0
2025-11-24 17:30:00+00:00,611,69.99999999970896,65.09514992230282,0,0,0
2025-11-24 17:45:00+00:00,611,73.99999999688589,64.93665106477107,0,0,0
2025-11-24 18:00:00+00:00,611,59.000000001105946,66.62237241900198,0,0,0
2025-11-24 18:15:00+00:00,611,72.00000000011642,60.29862231314237,0,0,0
2025-11-24 18:30:00+00:00,611,65.99999999889405,62.2721714646909,0,0,0
2025-11-24 18:45:00+00:00,611,59.000000001105946,60.63420206138006,0,0,0
2025-11-24 19:00:00+00:00,611,67.99999999930151,50.55963765333149,0,0,0
2025-11-24 19:15:00+00:00,611,61.0000000015134,55.64405516751237,0,0,0
2025-11-24 19:45:00+00:00,611,33.999999999650754,47.07685357881698,0,0,0
2025-11-24 20:00:00+00:00,611,30.999999999039574,36.98786539617178,0,0,0
2025-11-24 20:15:00+00:00,611,40.00000000087312,34.80539184744163,0,0,0
2025-11-24 20:30:00+00:00,611,40.00000000087312,37.07701952477856,0,0,0
2025-11-24 20:45:00+00:00,611,42.99999999784632,40.60274663951103,0,0,0
2025-11-24 21:00:00+00:00,611,44.00000000168802,43.75323971652632,0,0,0
2025-11-24 21:15:00+00:00,611,63.9999999984866,46.68298427275175,0,0,0
2025-11-24 21:30:00+00:00,611,56.000000000494765,47.427353963273646,0,0,0
2025-11-24 21:45:00+00:00,611,47.99999999886495,46.03342051179095,0,0,0
2025-11-24 22:00:00+00:00,611,45.00000000189175,47.57687677899674,0,0,0
2025-11-24 22:15:00+00:00,611,44.99999999825377,48.180143683788685,0,0,0
2025-11-24 22:30:00+00:00,611,51.99999999967986,48.41032666038399,0,0,0
2025-11-24 22:45:00+00:00,611,49.9999999992724,49.71524202870412,0,0,0
2025-11-24 23:00:00+00:00,611,46.00000000209548,49.16345057949025,0,0,0
2025-11-24 23:15:00+00:00,611,54.00000000008731,49.87535864401818,0,0,0
2025-11-24 23:30:00+00:00,611,49.9999999992724,50.478661038926,0,0,0
2025-11-24 23:45:00+00:00,611,47.99999999886495,52.208360561754766,0,0,0
2025-11-25 00:00:00+00:00,611,51.99999999967986,53.15273184282346,0,0,0
2025-11-25 00:15:00+00:00,611,51.00000000311411,52.83882176784175,0,0,0
2025-11-25 00:30:00+00:00,611,45.9999999984575,51.56663715889436,0,0,0
2025-11-25 00:45:00+00:00,611,55.00000000029104,50.958904414520525,0,0,0
2025-11-25 01:00:00+00:00,611,50.99999999947613,51.9898774933621,0,0,0
2025-11-25 01:15:00+00:00,611,49.9999999992724,49.864673161627856,0,0,0
2025-11-25 01:30:00+00:00,611,48.00000000250293,50.11907814231304,0,0,0
2025-11-25 01:45:00+00:00,611,52.99999999988359,50.60798997871189,0,0,0
2025-11-25 02:00:00+00:00,611,46.99999999866122,50.71017785237656,0,0,0
2025-11-25 02:15:00+00:00,611,49.9999999992724,49.31895347973957,0,0,0
2025-11-25 02:30:00+00:00,611,51.99999999967986,50.146636217295885,0,0,0
2025-11-25 02:45:00+00:00,611,46.00000000209548,50.14164394099507,0,0,0
2025-11-25 03:00:00+00:00,611,51.99999999967986,49.72800664038323,0,0,0
2025-11-25 03:15:00+00:00,611,48.99999999906868,52.914992429054806,0,0,0
2025-11-25 03:30:00+00:00,611,50.99999999947613,49.61272291395788,0,0,0
2025-11-25 05:45:00+00:00,611,63.00000000192085,51.91248242315109,0,0,0
2025-11-25 06:00:00+00:00,611,62.99999999828288,52.84872942519232,0,0,0
2025-11-25 06:15:00+00:00,611,121.00000000282309,69.63948181049179,0,0,0
2025-11-25 06:30:00+00:00,611,112.99999999755528,96.37762273108412,0,0,0
2025-11-25 06:45:00+00:00,611,79.0000000015425,83.4042995954853,0,0,0
2025-11-25 07:00:00+00:00,611,74.00000000052387,72.9297408788721,0,0,0
2025-11-25 07:15:00+00:00,611,63.9999999984866,70.11194989319836,0,0,0
2025-11-25 07:30:00+00:00,611,66.99999999909778,70.4807395173732,0,0,0
2025-11-25 07:45:00+00:00,611,78.00000000133878,71.19433927742486,0,0,0
2025-11-25 08:00:00+00:00,611,76.00000000093132,69.32067409951827,0,0,0
2025-11-25 08:15:00+00:00,611,78.99999999790452,78.67748344644727,0,0,0
2025-11-25 08:30:00+00:00,611,80.00000000174623,75.24984213948535,0,0,0
2025-11-25 08:45:00+00:00,611,73.00000000032014,77.02288692384542,0,0,0
2025-11-25 09:00:00+00:00,611,69.99999999970896,76.10788075615994,0,0,0
2025-11-25 09:15:00+00:00,611,70.99999999991269,74.0298339159047,0,0,0
2025-11-25 09:30:00+00:00,611,70.99999999991269,72.91062353645,0,0,0
2025-11-25 09:45:00+00:00,611,86.99999999953434,72.25083270709568,0,0,0
2025-11-25 10:00:00+00:00,611,73.00000000032014,75.20915272162594,0,0,0
2025-11-25 10:15:00+00:00,611,72.00000000011642,74.35081243896636,0,0,0
2025-11-25 10:30:00+00:00,611,95.9999999977299,72.5549179349972,0,0,0
2025-11-25 10:45:00+00:00,611,76.00000000093132,77.23020243577369,0,0,0
2025-11-25 11:00:00+00:00,611,70.99999999991269,73.3399652133399,0,0,0
2025-11-25 11:15:00+00:00,611,82.00000000215368,72.84935576639799,0,0,0
2025-11-25 11:30:00+00:00,611,72.00000000011642,73.05098102974641,0,0,0
2025-11-25 11:45:00+00:00,611,74.99999999708962,72.95340095612717,0,0,0
2025-11-25 12:00:00+00:00,611,78.00000000133878,71.19481839398927,0,0,0
2025-11-25 12:15:00+00:00,611,73.00000000032014,72.92591386137609,0,0,0
2025-11-25 12:30:00+00:00,611,56.000000000494765,72.71520312836171,0,0,0
2025-11-25 12:45:00+00:00,611,67.99999999930151,67.1999385648756,0,0,0
2025-11-25 13:00:00+00:00,611,77.00000000113505,68.97015005498436,0,0,0
2025-11-25 13:15:00+00:00,611,75.99999999729334,69.02647286889007,0,0,0
2025-11-25 13:30:00+00:00,611,80.00000000174623,69.99437113927925,0,0,0
2025-11-25 13:45:00+00:00,611,67.99999999930151,73.95218154235356,0,0,0
2025-11-25 14:00:00+00:00,611,74.00000000052387,70.5501226939237,0,0,0
2025-11-25 14:15:00+00:00,611,68.99999999950523,71.32500796908532,0,0,0
2025-11-25 14:30:00+00:00,611,65.99999999889405,70.07994372369154,0,0,0
2025-11-25 14:45:00+00:00,611,65.0000000023283,70.08960886525026,0,0,0
2025-11-25 15:00:00+00:00,611,66.99999999909778,68.8647030056778,0,0,0
2025-11-25 15:15:00+00:00,611,65.99999999889405,67.87629144830845,0,0,0
2025-11-25 15:30:00+00:00,611,68.00000000293949,66.8805748420866,0,0,0
2025-11-25 15:45:00+00:00,611,64.99999999869033,66.41747023495373,0,0,0
2025-11-25 16:00:00+00:00,611,76.00000000093132,66.38827961464027,0,0,0
2025-11-25 16:15:00+00:00,611,67.99999999930151,67.71015630084264,0,0,0
2025-11-25 16:30:00+00:00,611,68.99999999950523,67.81026208770885,0,0,0
2025-11-25 16:45:00+00:00,611,73.00000000032014,67.96368585866938,0,0,0
2025-11-25 17:00:00+00:00,611,74.00000000052387,70.24027032219125,0,0,0
2025-11-25 17:45:00+00:00,611,73.00000000032014,70.24500825266158,0,0,0
2025-11-25 18:00:00+00:00,611,67.99999999930151,70.70326254395717,0,0,0
2025-11-25 18:15:00+00:00,611,70.99999999991269,67.92783492660863,0,0,0
2025-11-25 18:30:00+00:00,611,67.00000000273576,68.59668165053233,0,0,0
2025-11-25 18:45:00+00:00,611,67.99999999930151,63.00243383414945,0,0,0
2025-11-25 19:00:00+00:00,611,76.99999999749707,65.72500483891015,0,0,0
2025-11-25 19:15:00+00:00,611,61.0000000015134,66.11476320655231,0,0,0
2025-11-25 19:30:00+00:00,611,62.99999999828288,50.74423653358524,0,0,0
2025-11-25 19:45:00+00:00,611,45.00000000189175,43.89218943522606,0,0,0
2025-11-25 20:00:00+00:00,611,43.000000001484295,39.86197919575123,0,0,0
2025-11-25 20:15:00+00:00,611,36.99999999662396,39.72262725573816,0,0,0
2025-11-25 20:30:00+00:00,611,41.00000000107684,41.5317743604798,0,0,0
2025-11-25 20:45:00+00:00,611,61.0000000015134,45.08871503213104,0,0,0
2025-11-25 21:00:00+00:00,611,40.00000000087312,54.459170328616885,0,0,0
2025-11-25 21:15:00+00:00,611,57.99999999726424,49.50013347882995,0,0,0
2025-11-25 21:30:00+00:00,611,62.000000001717126,52.18336073262512,0,0,0
2025-11-25 21:45:00+00:00,611,50.99999999947613,49.06877182284441,0,0,0
2025-11-25 22:00:00+00:00,611,48.99999999906868,48.76240635499743,0,0,0
2025-11-25 22:15:00+00:00,611,48.99999999906868,49.11777184283967,0,0,0
2025-11-25 22:30:00+00:00,611,48.00000000250293,49.76916925978775,0,0,0
2025-11-25 22:45:00+00:00,611,50.99999999947613,49.92700563515635,0,0,0
2025-11-25 23:00:00+00:00,611,51.99999999967986,50.51848982147526,0,0,0
2025-11-25 23:15:00+00:00,611,46.99999999866122,51.85334406005204,0,0,0
2025-11-25 23:30:00+00:00,611,54.00000000008731,51.71140134157953,0,0,0
2025-11-25 23:45:00+00:00,611,56.000000000494765,52.41805686895683,0,0,0
2025-11-26 00:00:00+00:00,611,48.00000000250293,51.82836789099965,0,0,0
2025-11-26 00:15:00+00:00,611,49.9999999992724,50.44409070854668,0,0,0
2025-11-26 00:30:00+00:00,611,48.99999999906868,51.01371889850122,0,0,0
2025-11-26 00:45:00+00:00,611,52.99999999988359,49.5089586876461,0,0,0
2025-11-26 01:00:00+00:00,611,50.99999999947613,49.83922379103036,0,0,0
2025-11-26 01:15:00+00:00,611,47.99999999886495,49.29732225410912,0,0,0
2025-11-26 01:30:00+00:00,611,50.00000000291038,49.54611092395588,0,0,0
2025-11-26 01:45:00+00:00,611,56.000000000494765,49.1959269930325,0,0,0
2025-11-26 02:00:00+00:00,611,52.99999999988359,50.16024076171755,0,0,0
2025-11-26 04:45:00+00:00,611,66.99999999909778,49.021936699918,0,0,0
2025-11-26 05:00:00+00:00,611,68.99999999950523,50.58762456721459,0,0,0
2025-11-26 05:15:00+00:00,611,52.99999999988359,57.22927738609268,0,0,0
2025-11-26 05:30:00+00:00,611,52.99999999988359,55.43848458628165,0,0,0
2025-11-26 05:45:00+00:00,611,56.000000000494765,56.58163896391851,0,0,0
2025-11-26 06:00:00+00:00,611,70.99999999991269,59.70746049537606,0,0,0
2025-11-26 06:15:00+00:00,611,111.0000000007858,72.0184670883736,0,0,0
2025-11-26 06:30:00+00:00,611,112.99999999755528,99.8922858021902,0,0,0
2025-11-26 06:45:00+00:00,611,87.00000000317232,89.93168311375035,0,0,0
2025-11-26 07:00:00+00:00,611,71.99999999647844,74.8313840981328,0,0,0
2025-11-26 07:15:00+00:00,611,70.00000000334694,67.36548812542935,0,0,0
2025-11-26 07:30:00+00:00,611,60.99999999787542,70.59837742148542,0,0,0
2025-11-26 07:45:00+00:00,611,75.0000000007276,69.49329802317129,0,0,0
2025-11-26 08:00:00+00:00,611,70.99999999991269,73.49613355326201,0,0,0
2025-11-26 08:15:00+00:00,611,92.00000000055296,72.53139981820567,0,0,0
2025-11-26 08:30:00+00:00,611,69.99999999970896,81.27335473750705,0,0,0
2025-11-26 08:45:00+00:00,611,72.00000000011642,76.20711112016772,0,0,0
2025-11-26 09:00:00+00:00,611,99.9999999985448,76.01164339192492,0,0,0
2025-11-26 09:15:00+00:00,611,105.99999999976716,81.7472365098296,0,0,0
2025-11-26 09:30:00+00:00,611,85.00000000276486,84.03223804583496,0,0,0
2025-11-26 09:45:00+00:00,611,80.99999999831198,82.70770551596071,0,0,0
2025-11-26 10:00:00+00:00,611,84.99999999912689,82.62543942734482,0,0,0
2025-11-26 10:15:00+00:00,611,82.00000000215368,82.79436646392674,0,0,0
2025-11-26 10:30:00+00:00,611,85.99999999933061,80.23092130874504,0,0,0
2025-11-26 10:45:00+00:00,611,60.99999999787542,80.06224861799362,0,0,0
2025-11-26 11:00:00+00:00,611,52.00000000331784,76.75763971275809,0,0,0
2025-11-26 11:15:00+00:00,611,64.99999999869033,70.74707509201426,0,0,0
2025-11-26 11:30:00+00:00,611,72.00000000011642,68.84398269302167,0,0,0
2025-11-26 11:45:00+00:00,611,76.00000000093132,69.34919632264928,0,0,0
2025-11-26 12:00:00+00:00,611,72.00000000011642,69.58834055350493,0,0,0
2025-11-26 12:15:00+00:00,611,68.99999999950523,67.59682453079083,0,0,0
2025-11-26 12:30:00+00:00,611,70.99999999991269,67.08319974369905,0,0,0
2025-11-26 12:45:00+00:00,611,69.99999999970896,66.35080205226824,0,0,0
2025-11-26 13:00:00+00:00,611,65.99999999889405,69.77314941694432,0,0,0
2025-11-26 13:15:00+00:00,611,66.99999999909778,68.76328408452393,0,0,0
2025-11-26 13:30:00+00:00,611,68.00000000293949,67.77632170688645,0,0,0
2025-11-26 13:45:00+00:00,611,65.99999999889405,66.88615270529948,0,0,0
2025-11-26 14:00:00+00:00,611,65.99999999889405,66.07206268212622,0,0,0
2025-11-26 14:15:00+00:00,611,64.00000000212458,65.4139931233922,0,0,0
2025-11-26 14:30:00+00:00,611,58.99999999746797,64.78601918292665,0,0,0
2025-11-26 14:45:00+00:00,611,63.00000000192085,62.86523496116659,0,0,0
2025-11-26 15:00:00+00:00,611,63.9999999984866,63.72478190776618,0,0,0
2025-11-26 15:15:00+00:00,611,62.000000001717126,64.19987034402875,0,0,0
2025-11-26 15:30:00+00:00,611,60.99999999787542,63.57639773326098,0,0,0
2025-11-26 15:45:00+00:00,611,66.00000000253203,62.61629545832733,0,0,0
2025-11-26 16:00:00+00:00,611,64.99999999869033,63.62109753421513,0,0,0
2025-11-26 16:15:00+00:00,611,64.99999999869033,63.81811499751814,0,0,0
2025-11-26 16:30:00+00:00,611,68.99999999950523,65.78505411498352,0,0,0
2025-11-26 16:45:00+00:00,611,65.0000000023283,69.52037106657042,0,0,0
2025-11-26 17:00:00+00:00,611,64.99999999869033,68.09544291388357,0,0,0
2025-11-26 17:15:00+00:00,611,65.0000000023283,67.10442283299685,0,0,0
2025-11-26 17:30:00+00:00,611,65.99999999889405,66.80318272938524,0,0,0
2025-11-26 17:45:00+00:00,611,66.99999999909778,66.83712311020766,0,0,0
2025-11-26 18:00:00+00:00,611,66.99999999909778,66.69373121200329,0,0,0
2025-11-26 18:15:00+00:00,611,65.0000000023283,66.41396262850066,0,0,0
2025-11-26 18:30:00+00:00,611,66.99999999909778,66.73686353283928,0,0,0
2025-11-26 18:45:00+00:00,611,66.99999999909778,66.1573336005535,0,0,0
2025-11-26 19:00:00+00:00,611,65.0000000023283,66.91984465531071,1,0,1
2025-11-26 19:15:00+00:00,611,60.99999999787542,65.24801176642853,1,0,1
2025-11-26 19:30:00+00:00,611,66.99999999909778,55.73410837905484,1,0,1
2025-11-26 19:45:00+00:00,611,39.00000000066939,49.27090577785383,1,0,1
2025-11-26 20:00:00+00:00,611,39.00000000066939,39.86981363883231,0,0,0
2025-11-26 20:15:00+00:00,611,39.00000000066939,40.37185681810773,0,0,0
2025-11-26 20:30:00+00:00,611,41.99999999764259,43.30739809326067,0,0,0
2025-11-26 20:45:00+00:00,611,48.00000000250293,47.90987757881363,0,0,0
2025-11-26 21:00:00+00:00,611,44.99999999825377,52.66935054948297,0,0,0
2025-11-26 21:15:00+00:00,611,56.000000000494765,53.1442911102627,0,0,0
2025-11-26 21:30:00+00:00,611,47.99999999886495,53.9679693797436,0,0,0
2025-11-26 21:45:00+00:00,611,48.00000000250293,51.33284602051766,0,0,0
2025-11-26 22:00:00+00:00,611,55.00000000029104,53.698507717395216,0,0,0
2025-11-26 22:15:00+00:00,611,48.99999999906868,51.56689150472485,0,0,0
2025-11-26 22:30:00+00:00,611,56.000000000494765,51.24001274989772,0,0,0
2025-11-26 22:45:00+00:00,611,47.99999999886495,51.38742981874512,0,0,0
2025-11-26 23:00:00+00:00,611,50.99999999947613,49.97256902893031,0,0,0
2025-11-26 23:15:00+00:00,611,54.00000000008731,52.52519561378712,0,0,0
2025-11-26 23:30:00+00:00,611,46.00000000209548,50.33100736930605,0,0,0
2025-11-26 23:45:00+00:00,611,55.00000000029104,53.49481515479663,0,0,0
2025-11-27 00:00:00+00:00,611,49.9999999992724,54.21348704390985,0,0,0
2025-11-27 00:15:00+00:00,611,57.00000000069849,49.1381431693563,0,0,0
2025-11-27 00:30:00+00:00,611,55.00000000029104,57.10823538836538,0,0,0
2025-11-27 00:45:00+00:00,611,43.99999999805004,50.72705931749805,0,0,0
2025-11-27 01:00:00+00:00,611,56.000000000494765,53.706368778063215,0,0,0
2025-11-27 01:15:00+00:00,611,50.99999999947613,54.32328163241202,0,0,0
2025-11-27 01:30:00+00:00,611,50.99999999947613,54.71490618864767,0,0,0
2025-11-27 01:45:00+00:00,611,55.00000000029104,56.76534763376553,0,0,0
2025-11-27 02:00:00+00:00,611,49.9999999992724,53.87560043813979,0,0,0
2025-11-27 02:15:00+00:00,611,63.00000000192085,55.73635312888441,0,0,0
2025-11-27 02:30:00+00:00,611,54.00000000008731,56.2001911984122,0,0,0
2025-11-27 02:45:00+00:00,611,59.999999997671694,53.87741930657877,0,0,0
2025-11-27 03:00:00+00:00,611,51.00000000311411,58.75246288211019,0,0,0
2025-11-27 03:15:00+00:00,611,63.9999999984866,55.03168504799654,0,0,0
2025-11-27 03:30:00+00:00,611,52.99999999988359,61.07660114340509,0,0,0
2025-11-27 03:45:00+00:00,611,54.00000000008731,55.01197028862375,0,0,0
2025-11-27 04:00:00+00:00,611,58.00000000090222,58.43096975236824,0,0,0
2025-11-27 04:15:00+00:00,611,52.99999999988359,57.74031139472503,0,0,0
2025-11-27 04:30:00+00:00,611,64.99999999869033,58.40730376009385,0,0,0
2025-11-27 04:45:00+00:00,611,52.99999999988359,58.36161023589499,0,0,0
2025-11-27 05:00:00+00:00,611,61.0000000015134,57.78696019454306,0,0,0
2025-11-27 05:15:00+00:00,611,62.99999999828288,70.8448326162129,0,0,0
2025-11-27 05:30:00+00:00,611,57.00000000069849,65.96026881709598,0,0,0
2025-11-27 05:45:00+00:00,611,67.99999999930151,65.42910599773887,0,0,0
2025-11-27 06:00:00+00:00,611,61.0000000015134,76.71372069435336,0,0,0
2025-11-27 06:15:00+00:00,611,133.99999999819556,121.93746814429652,0,0,0
2025-11-27 06:30:00+00:00,611,123.99999999979627,121.63556555852178,0,0,0
2025-11-27 06:45:00+00:00,611,92.00000000055296,93.46545169723989,0,0,0
2025-11-27 07:00:00+00:00,611,75.0000000007276,76.2558213042166,0,0,0
2025-11-27 07:15:00+00:00,611,69.99999999970896,74.39103457029998,0,0,0
2025-11-27 07:30:00+00:00,611,70.99999999991269,77.0866744921251,0,0,0
2025-11-27 07:45:00+00:00,611,80.00000000174623,75.94842958051868,0,0,0
2025-11-27 08:00:00+00:00,611,83.99999999892316,72.40668163597485,0,0,0
2025-11-27 08:15:00+00:00,611,74.00000000052387,77.10366834261356,0,0,0
2025-11-27 08:30:00+00:00,611,76.99999999749707,75.19017142464806,0,0,0
2025-11-27 08:45:00+00:00,611,80.00000000174623,76.37551763505002,0,0,0
2025-11-27 09:00:00+00:00,611,74.00000000052387,77.11659265981413,0,0,0
2025-11-27 09:15:00+00:00,611,75.0000000007276,74.62593181728836,0,0,0
2025-11-27 09:30:00+00:00,611,79.99999999810825,73.53394235671561,0,0,0
2025-11-27 09:45:00+00:00,611,82.99999999871943,74.88558342010487,0,0,0
2025-11-27 10:00:00+00:00,611,80.00000000174623,74.41565879570321,0,0,0
2025-11-27 10:15:00+00:00,611,66.99999999909778,72.54917445124354,0,0,0
2025-11-27 10:30:00+00:00,611,68.99999999950523,68.95455806407327,0,0,0
2025-11-27 10:45:00+00:00,611,76.00000000093132,66.90570184413149,0,0,0
2025-11-27 11:00:00+00:00,611,70.99999999991269,67.94810569779692,0,0,0
2025-11-27 11:15:00+00:00,611,75.0000000007276,68.28536235401006,0,0,0
2025-11-27 11:30:00+00:00,611,73.00000000032014,68.18195007134744,0,0,0
2025-11-27 11:45:00+00:00,611,74.00000000052387,68.52916170506566,0,0,0
2025-11-27 12:00:00+00:00,611,72.00000000011642,68.36229309520493,0,0,0
2025-11-27 12:15:00+00:00,611,79.99999999810825,67.85292712201907,0,0,0
2025-11-27 12:30:00+00:00,611,68.99999999950523,69.22010694114559,0,0,0
2025-11-27 12:45:00+00:00,611,67.00000000273576,66.48066630130202,0,0,0
2025-11-27 13:00:00+00:00,611,73.99999999688589,65.78304300841685,0,0,0
2025-11-27 13:15:00+00:00,611,64.00000000212458,68.4757313356044,0,0,0
2025-11-27 13:30:00+00:00,611,74.00000000052387,67.4481682653972,0,0,0
2025-11-27 13:45:00+00:00,611,82.99999999871943,70.57218571596405,0,0,0
2025-11-27 14:00:00+00:00,611,72.00000000011642,73.35360524787744,0,0,0
2025-11-27 14:15:00+00:00,611,63.9999999984866,71.01694784820495,0,0,0
2025-11-27 14:30:00+00:00,611,69.00000000314321,68.51627879300027,0,0,0
2025-11-27 14:45:00+00:00,611,64.99999999869033,67.58853167371294,0,0,0
2025-11-27 15:00:00+00:00,611,63.9999999984866,67.28051295796774,0,0,0
2025-11-27 15:15:00+00:00,611,76.00000000093132,66.17753339151001,0,0,0
2025-11-27 15:30:00+00:00,611,68.99999999950523,68.74722480708705,0,0,0
2025-11-27 15:45:00+00:00,611,67.99999999930151,67.34751829675412,0,0,0
2025-11-27 16:00:00+00:00,611,65.0000000023283,66.26047379232767,0,0,0
2025-11-27 16:15:00+00:00,611,72.00000000011642,65.23346673393598,0,0,0
2025-11-27 16:30:00+00:00,611,64.99999999869033,66.29698720655156,0,0,0
2025-11-27 16:45:00+00:00,611,65.99999999889405,65.06394228040338,0,0,0
2025-11-27 17:00:00+00:00,611,67.00000000273576,64.81548780914784,0,0,0
2025-11-27 17:15:00+00:00,611,64.99999999869033,64.94827999274194,0,0,0
2025-11-27 17:30:00+00:00,611,63.00000000192085,64.01194426541102,0,0,0
2025-11-27 21:15:00+00:00,611,44.00000000168802,62.51922999138839,0,0,0
2025-11-27 21:30:00+00:00,611,45.00000000189175,35.94301272451045,0,0,0
2025-11-27 21:45:00+00:00,611,43.99999999805004,39.82204098534466,0,0,0
2025-11-27 22:00:00+00:00,611,42.00000000128057,41.5182614988575,0,0,0
2025-11-27 22:15:00+00:00,611,41.99999999764259,41.82541662178288,0,0,0
2025-11-27 22:30:00+00:00,611,42.00000000128057,41.97531504123239,0,0,0
2025-11-27 22:45:00+00:00,611,44.00000000168802,42.25609805054734,0,0,0
2025-11-27 23:00:00+00:00,611,43.99999999805004,42.324904512714745,0,0,0
2025-11-27 23:15:00+00:00,611,42.00000000128057,42.10903292534911,0,0,0
2025-11-27 23:30:00+00:00,611,40.99999999743886,42.491033745161246,0,0,0
2025-11-27 23:45:00+00:00,611,46.00000000209548,43.46507772061746,0,0,0
2025-11-28 00:00:00+00:00,611,46.99999999866122,43.58822546522046,0,0,0
2025-11-28 00:15:00+00:00,611,46.00000000209548,43.47627485217842,0,0,0
2025-11-28 00:30:00+00:00,611,40.99999999743886,44.26286595056199,0,0,0
2025-11-28 00:45:00+00:00,611,41.00000000107684,45.29963279082139,0,0,0
2025-11-28 01:00:00+00:00,611,44.00000000168802,45.4090754356744,0,0,0
2025-11-28 01:15:00+00:00,611,44.99999999825377,44.54027148384876,0,0,0
2025-11-28 01:30:00+00:00,611,45.00000000189175,43.752704407278415,0,0,0
2025-11-28 01:45:00+00:00,611,40.99999999743886,43.30989423141108,0,0,0
2025-11-28 02:00:00+00:00,611,44.00000000168802,42.98387019687479,0,0,0
2025-11-28 07:30:00+00:00,611,59.000000001105946,43.37301636001796,0,0,0
2025-11-28 07:45:00+00:00,611,65.99999999889405,55.48336183781522,0,0,0
2025-11-28 08:00:00+00:00,611,65.0000000023283,58.72156873623437,0,0,0
2025-11-28 08:15:00+00:00,611,62.99999999828288,61.06045018316885,0,0,0
2025-11-28 08:30:00+00:00,611,65.99999999889405,60.12220686210922,0,0,0
2025-11-28 08:45:00+00:00,611,63.00000000192085,60.22511341062052,0,0,0
2025-11-28 09:00:00+00:00,611,59.999999997671694,57.58224433360319,0,0,0
2025-11-28 09:15:00+00:00,611,65.0000000023283,59.403165284288896,0,0,0
2025-11-28 09:30:00+00:00,611,61.99999999807915,59.70724163966145,0,0,0
2025-11-28 09:45:00+00:00,611,59.000000001105946,58.11306112433044,0,0,0
2025-11-28 10:00:00+00:00,611,79.0000000015425,55.893420551742224,0,0,0
2025-11-28 10:15:00+00:00,611,62.99999999828288,63.39689464214605,0,0,0
2025-11-28 10:30:00+00:00,611,50.99999999947613,58.49502941153635,0,0,0
2025-11-28 10:45:00+00:00,611,60.00000000130967,56.61337600004653,0,0,0
2025-11-28 11:00:00+00:00,611,60.00000000130967,55.071073161606925,0,0,0
2025-11-28 11:15:00+00:00,611,56.99999999706051,56.04391934565209,0,0,0
2025-11-28 11:30:00+00:00,611,63.00000000192085,54.92685611820828,0,0,0
2025-11-28 11:45:00+00:00,611,59.999999997671694,56.11573655265021,0,0,0
2025-11-28 12:00:00+00:00,611,56.000000000494765,55.26627767149026,0,0,0
2025-11-28 12:15:00+00:00,611,57.00000000069849,52.94037673443985,0,0,0
2025-11-28 12:30:00+00:00,611,54.00000000008731,53.33849893939167,0,0,0
2025-11-28 12:45:00+00:00,611,54.00000000008731,54.78151522114001,0,0,0
2025-11-28 13:00:00+00:00,611,54.00000000008731,52.98269869762986,0,0,0
2025-11-28 13:15:00+00:00,611,51.99999999967986,52.8225347621613,0,0,0
2025-11-28 13:30:00+00:00,611,56.000000000494765,52.60452193780407,0,0,0
2025-11-28 13:45:00+00:00,611,52.99999999988359,52.29796127431973,0,0,0
2025-11-28 14:00:00+00:00,611,52.99999999988359,51.80441206277888,0,0,0
2025-11-28 16:45:00+00:00,611,49.9999999992724,50.78271669173096,0,0,0
2025-11-28 17:00:00+00:00,611,50.99999999947613,48.95821419685077,0,0,0
2025-11-28 17:15:00+00:00,611,46.99999999866122,48.216104043706736,0,0,0
2025-11-28 17:30:00+00:00,611,50.00000000291038,48.49229404052453,0,0,0
2025-11-28 17:45:00+00:00,611,48.99999999906868,49.53495815503977,0,0,0
2025-11-28 18:00:00+00:00,611,49.9999999992724,51.31526066809782,0,0,0
2025-11-28 18:15:00+00:00,611,42.00000000128057,49.72401991736575,0,0,0
2025-11-28 18:30:00+00:00,611,41.99999999764259,47.19564491169539,0,0,0
2025-11-28 18:45:00+00:00,611,40.00000000087312,41.36768580969655,0,0,0
2025-11-28 19:00:00+00:00,611,44.00000000168802,41.08518744478062,0,0,0
2025-11-28 19:15:00+00:00,611,40.99999999743886,43.88730362927288,0,0,0
2025-11-28 19:30:00+00:00,611,41.00000000107684,43.26744805281548,0,0,0
2025-11-28 19:45:00+00:00,611,18.000000000029104,38.32351520484626,0,0,0
2025-11-28 20:00:00+00:00,611,15.99999999962165,16.55196313494969,0,0,0
2025-11-28 20:15:00+00:00,611,19.00000000023283,14.363479926596751,0,0,0
2025-11-28 20:30:00+00:00,611,26.00000000165892,18.290557368071536,0,0,0
2025-11-28 20:45:00+00:00,611,27.9999999984284,24.79000942575956,0,0,0
2025-11-28 21:00:00+00:00,611,36.00000000005821,29.125600282365625,0,0,0
2025-11-28 21:15:00+00:00,611,36.00000000005821,35.27969062862582,0,0,0
2025-11-28 21:30:00+00:00,611,34.99999999985448,35.46607288720267,0,0,0
2025-11-28 21:45:00+00:00,611,33.999999999650754,33.59983475542194,0,0,0
2025-11-28 22:00:00+00:00,611,31.9999999992433,33.723392115112425,0,0,0
2025-11-28 22:15:00+00:00,611,32.00000000288128,32.94130974020078,0,0,0
2025-11-28 22:30:00+00:00,611,32.99999999944703,33.65531615783026,0,0,0
2025-11-28 22:45:00+00:00,611,32.99999999944703,33.61564116578316,0,0,0
2025-11-28 23:00:00+00:00,611,34.99999999985448,33.2838529449256,0,0,0
2025-11-28 23:15:00+00:00,611,37.000000000261934,33.6107819774169,0,0,0
2025-11-28 23:30:00+00:00,611,36.00000000005821,35.00313390061057,0,0,0
2025-11-28 23:45:00+00:00,611,36.00000000005821,34.453318067847505,0,0,0
2025-11-29 00:00:00+00:00,611,34.99999999985448,34.473686436854464,0,0,0
2025-11-29 00:15:00+00:00,611,34.99999999985448,33.382790515477346,0,0,0
2025-11-29 00:30:00+00:00,611,32.99999999944703,33.21401431188793,0,0,0
2025-11-29 00:45:00+00:00,611,33.999999999650754,33.49569936164822,0,0,0
2025-11-29 01:00:00+00:00,611,32.99999999944703,33.831563030812966,0,0,0
2025-11-29 01:15:00+00:00,611,34.99999999985448,34.04270260272759,0,0,0
2025-11-29 01:30:00+00:00,611,34.99999999985448,34.42198621054247,0,0,0
2025-11-29 01:45:00+00:00,611,34.99999999985448,34.60788048002593,0,0,0
2025-11-29 02:00:00+00:00,611,35.00000000349246,34.275364711792776,0,0,0
2025-11-29 04:15:00+00:00,611,36.00000000005821,34.52438406739277,0,0,0
2025-11-29 04:30:00+00:00,611,34.99999999985448,35.732296076476764,0,0,0
2025-11-29 04:45:00+00:00,611,34.99999999985448,35.96533304989096,0,0,0
2025-11-29 05:00:00+00:00,611,36.00000000005821,35.828089814263244,0,0,0
2025-11-29 05:15:00+00:00,611,34.99999999985448,36.44937682539458,0,0,0
2025-11-29 05:30:00+00:00,611,34.99999999985448,37.0501209744492,0,0,0
2025-11-29 05:45:00+00:00,611,37.000000000261934,36.48989470769389,0,0,0
2025-11-29 06:00:00+00:00,611,37.000000000261934,36.74692004193508,0,0,0
2025-11-29 06:15:00+00:00,611,81.00000000194996,41.495695700175474,0,0,0
2025-11-29 06:30:00+00:00,611,68.99999999950523,69.9438687043783,0,0,0
2025-11-29 06:45:00+00:00,611,54.00000000008731,53.67743841859958,0,0,0
2025-11-29 07:00:00+00:00,611,46.99999999866122,50.97509382238231,0,0,0
2025-11-29 07:15:00+00:00,611,39.00000000066939,40.98356741297008,0,0,0
2025-11-29 07:30:00+00:00,611,37.000000000261934,39.85540760929364,0,0,0
2025-11-29 07:45:00+00:00,611,40.99999999743886,39.11952005646769,0,0,0
2025-11-29 08:00:00+00:00,611,39.00000000066939,38.64663792240915,0,0,0
2025-11-29 08:15:00+00:00,611,40.00000000087312,37.115665303465065,0,0,0
2025-11-29 08:30:00+00:00,611,39.00000000066939,36.05782029188104,0,0,0
2025-11-29 08:45:00+00:00,611,37.000000000261934,36.14262983880185,0,0,0
2025-11-29 09:00:00+00:00,611,37.000000000261934,36.45721126847567,0,0,0
2025-11-29 09:15:00+00:00,611,36.00000000005821,35.67866755386848,0,0,0
2025-11-29 09:30:00+00:00,611,36.00000000005821,34.72069468588778,0,0,0
2025-11-29 09:45:00+00:00,611,38.00000000046566,34.31641790333999,0,0,0
2025-11-29 10:00:00+00:00,611,36.99999999662396,34.24649276314486,0,0,0
2025-11-29 10:15:00+00:00,611,36.00000000005821,34.61296148161646,0,0,0
2025-11-29 10:30:00+00:00,611,36.00000000005821,34.04179908352741,0,0,0
2025-11-29 10:45:00+00:00,611,34.99999999985448,33.3186820573999,0,0,0
2025-11-29 11:00:00+00:00,611,36.00000000005821,33.09943003649644,0,0,0
2025-11-29 11:15:00+00:00,611,37.000000000261934,33.441995422543684,0,0,0
2025-11-29 11:30:00+00:00,611,34.99999999985448,33.68960996105666,0,0,0
2025-11-29 11:45:00+00:00,611,34.00000000328873,33.58648012056628,0,0,0
2025-11-29 12:00:00+00:00,611,19.99999999679858,33.121698605457944,0,0,0
2025-11-29 12:15:00+00:00,611,20.00000000043656,27.12775518898579,0,0,0
2025-11-29 12:30:00+00:00,611,19.00000000023283,22.114572252400627,0,0,0
2025-11-29 12:45:00+00:00,611,20.00000000043656,17.290285457600664,0,0,0
2025-11-29 13:00:00+00:00,611,21.000000000640284,20.867909473037315,0,0,0
2025-11-29 13:15:00+00:00,611,20.00000000043656,21.035411729342027,0,0,0
2025-11-29 13:30:00+00:00,611,18.000000000029104,19.9101332794488,0,0,0
2025-11-29 13:45:00+00:00,611,18.000000000029104,19.03885537079518,0,0,0
2025-11-29 14:00:00+00:00,611,16.999999999825377,17.53006629240997,0,0,0
2025-11-29 14:15:00+00:00,611,15.99999999962165,18.49795199338313,0,0,0
2025-11-29 14:30:00+00:00,611,12.99999999901047,16.90450272231478,0,0,0
2025-11-29 14:45:00+00:00,611,13.999999999214197,15.817451193802905,0,0,0
2025-11-29 15:00:00+00:00,611,14.000000002852175,15.753789319683642,0,0,0
2025-11-29 15:15:00+00:00,611,15.99999999962165,14.932542492829413,0,0,0
2025-11-29 15:30:00+00:00,611,15.99999999962165,14.617159578038589,0,0,0
2025-11-29 15:45:00+00:00,611,15.99999999962165,14.6848015207786,0,0,0
2025-11-29 16:00:00+00:00,611,13.999999999214197,15.106245168129782,0,0,0
2025-11-29 16:15:00+00:00,611,16.999999999825377,15.939300961355244,0,0,0
2025-11-29 16:30:00+00:00,611,23.00000000104773,16.891786909545008,0,0,0
2025-11-29 16:45:00+00:00,611,68.99999999950523,26.24630196835766,0,0,0
2025-11-29 17:00:00+00:00,611,79.0000000015425,84.88108472249594,0,0,0
2025-11-29 17:15:00+00:00,611,55.00000000029104,54.57128360469005,0,0,0
2025-11-29 17:30:00+00:00,611,36.00000000005821,37.8587218596993,0,0,0
2025-11-29 17:45:00+00:00,611,30.999999999039574,28.32973147618841,0,0,0
2025-11-29 18:00:00+00:00,611,34.99999999985448,28.702744424153284,0,0,0
2025-11-29 18:15:00+00:00,611,33.999999999650754,33.54016847684913,0,0,0
2025-11-29 18:30:00+00:00,611,37.000000000261934,34.39588027280115,0,0,0
2025-11-29 18:45:00+00:00,611,33.999999999650754,32.5549761687413,0,0,0
2025-11-29 19:00:00+00:00,611,34.99999999985448,32.6585230180933,0,0,0
2025-11-29 19:15:00+00:00,611,34.99999999985448,32.84824134756311,0,0,0
2025-11-29 19:30:00+00:00,611,32.99999999944703,31.586289722028532,0,0,0
2025-11-29 19:45:00+00:00,611,24.000000001251465,25.131372584131288,0,0,0
2025-11-29 20:00:00+00:00,611,23.00000000104773,18.96901193180432,0,0,0
2025-11-29 20:15:00+00:00,611,25.99999999802094,21.215118888623287,0,0,0
2025-11-29 20:30:00+00:00,611,26.00000000165892,26.580970803621028,0,0,0
2025-11-29 20:45:00+00:00,611,30.999999999039574,27.50027719034762,0,0,0
2025-11-29 21:00:00+00:00,611,28.99999999863212,28.29815414558186,0,0,0
2025-11-29 21:15:00+00:00,611,29.0000000022701,28.376687857010765,0,0,0
2025-11-29 21:30:00+00:00,611,4.999999997380655,27.73936079225532,0,0,0
2025-11-29 21:45:00+00:00,611,7.000000001426088,6.558190496953058,0,0,0
2025-11-29 22:00:00+00:00,611,6.000000001222361,5.738028706454195,0,0,0
2025-11-29 22:15:00+00:00,611,6.999999997788109,5.912749504453949,0,0,0
2025-11-29 22:30:00+00:00,611,9.000000001833541,10.056618318797662,0,0,0
2025-11-29 22:45:00+00:00,611,7.999999997991836,10.199403927522376,0,0,0
2025-11-29 23:00:00+00:00,611,9.000000001833541,9.096382955929448,0,0,0
2025-11-29 23:15:00+00:00,611,9.99999999839929,9.014964193830252,0,0,0
2025-11-29 23:30:00+00:00,611,9.000000001833541,8.087055890266612,0,0,0
2025-11-29 23:45:00+00:00,611,7.999999997991836,8.342070117941114,0,0,0
2025-11-30 00:00:00+00:00,611,8.000000001629815,8.389653490810726,0,0,0
2025-11-30 00:15:00+00:00,611,7.999999997991836,8.594166762339102,0,0,0
2025-11-30 00:30:00+00:00,611,10.000000002037268,9.056138643273394,0,0,0
2025-11-30 00:45:00+00:00,611,7.999999997991836,9.284031028639442,0,0,0
2025-11-30 01:00:00+00:00,611,10.000000002037268,9.129798378787754,0,0,0
2025-11-30 01:15:00+00:00,611,8.999999998195563,9.022517673493937,0,0,0
2025-11-30 01:30:00+00:00,611,10.000000002037268,8.279123961158819,0,0,0
2025-11-30 01:45:00+00:00,611,7.999999997991836,9.323608422867864,0,0,0
2025-11-30 02:00:00+00:00,611,7.000000001426088,9.48863598296718,0,0,0
2025-11-30 02:15:00+00:00,611,9.99999999839929,9.630138032500808,0,0,0
2025-11-30 02:30:00+00:00,611,9.000000001833541,9.942164173831069,0,0,0
2025-11-30 02:45:00+00:00,611,9.99999999839929,10.085197473989547,0,0,0
2025-11-30 03:00:00+00:00,611,12.000000002444722,10.256000311071343,0,0,0
2025-11-30 03:15:00+00:00,611,59.999999997671694,10.909339333109164,0,0,0
2025-11-30 03:30:00+00:00,611,109.00000000037836,83.45161974999544,0,0,0
2025-11-30 03:45:00+00:00,611,83.99999999892316,74.3740288897729,0,0,0
2025-11-30 04:00:00+00:00,611,52.99999999988359,46.95445999917648,0,0,0
2025-11-30 04:15:00+00:00,611,37.000000000261934,39.76830599238873,0,0,0
2025-11-30 04:30:00+00:00,611,32.00000000288128,34.715554534104115,0,0,0
2025-11-30 04:45:00+00:00,611,31.9999999992433,34.80154412737803,0,0,0
2025-11-30 05:00:00+00:00,611,39.00000000066939,36.36978136799885,0,0,0
2025-11-30 05:15:00+00:00,611,38.99999999703141,38.13181238639668,0,0,0
2025-11-30 05:30:00+00:00,611,46.00000000209548,36.539149073519646,0,0,0
2025-11-30 05:45:00+00:00,611,42.99999999784632,45.746169428856405,0,0,0
2025-11-30 06:00:00+00:00,611,42.00000000128057,44.50777732524857,0,0,0
2025-11-30 06:15:00+00:00,611,64.00000000212458,48.13830970969205,0,0,0
2025-11-30 06:30:00+00:00,611,58.99999999746797,53.846714441321,0,0,0
2025-11-30 06:45:00+00:00,611,56.000000000494765,49.29883058403413,0,0,0
2025-11-30 07:00:00+00:00,611,57.00000000069849,47.97924301030619,0,0,0
2025-11-30 07:15:00+00:00,611,39.00000000066939,43.03511200918996,0,0,0
2025-11-30 07:30:00+00:00,611,40.99999999743886,39.99316545160164,0,0,0
2025-11-30 07:45:00+00:00,611,41.00000000107684,38.800792198254925,0,0,0
2025-11-30 08:00:00+00:00,611,41.00000000107684,39.27069020506967,0,0,0
2025-11-30 08:15:00+00:00,611,42.99999999784632,41.88278935161677,0,0,0
2025-11-30 08:30:00+00:00,611,41.00000000107684,40.33725691263184,0,0,0
2025-11-30 08:45:00+00:00,611,42.00000000128057,40.87702608509048,0,0,0
2025-11-30 09:00:00+00:00,611,42.99999999784632,41.22078926254876,0,0,0
2025-11-30 09:15:00+00:00,611,40.00000000087312,40.99314974425839,0,0,0
2025-11-30 09:30:00+00:00,611,41.00000000107684,40.94209721256125,0,0,0
2025-11-30 09:45:00+00:00,611,38.00000000046566,39.55084622233735,0,0,0
2025-11-30 10:00:00+00:00,611,38.00000000046566,36.1305336243052,0,0,0
2025-11-30 10:15:00+00:00,611,37.000000000261934,36.63717868860673,0,0,0
2025-11-30 10:30:00+00:00,611,37.99999999682768,35.89156684402895,0,0,0
2025-11-30 10:45:00+00:00,611,36.00000000005821,37.65361264997506,0,0,0
2025-11-30 11:00:00+00:00,611,38.00000000046566,36.79067343979902,0,0,0
2025-11-30 11:15:00+00:00,611,39.00000000066939,36.81172203602707,0,0,0
2025-11-30 11:30:00+00:00,611,40.00000000087312,36.93400618781026,0,0,0
2025-11-30 11:45:00+00:00,611,38.00000000046566,36.75013781244176,0,0,0
2025-11-30 12:00:00+00:00,611,39.00000000066939,36.53804000739832,0,0,0
2025-11-30 12:15:00+00:00,611,45.9999999984575,37.16138544525084,0,0,0
2025-11-30 12:30:00+00:00,611,32.99999999944703,39.671178417747,0,0,0
2025-11-30 12:45:00+00:00,611,34.99999999985448,35.82089123575839,0,0,0
2025-11-30 13:00:00+00:00,611,33.999999999650754,34.34749245730487,0,0,0
2025-11-30 13:15:00+00:00,611,32.99999999944703,32.31426297901265,0,0,0
2025-11-30 13:30:00+00:00,611,33.000000003085006,31.15063671953085,0,0,0
2025-11-30 13:45:00+00:00,611,36.00000000005821,32.14152962750233,0,0,0
2025-11-30 14:00:00+00:00,611,53.99999999644933,35.06421830506386,0,0,0
2025-11-30 14:15:00+00:00,611,48.00000000250293,44.57334235683204,0,0,0
2025-11-30 14:30:00+00:00,611,49.9999999992724,38.83540393376944,0,0,0
2025-11-30 14:45:00+00:00,611,39.00000000066939,44.60544612415752,0,0,0
2025-11-30 15:00:00+00:00,611,37.000000000261934,38.68063153840538,0,0,0
2025-11-30 15:15:00+00:00,611,40.00000000087312,40.11346215689541,0,0,0
2025-11-30 15:30:00+00:00,611,38.99999999703141,40.453924753576615,0,0,0
2025-11-30 15:45:00+00:00,611,41.00000000107684,40.542667788341085,0,0,0
2025-11-30 16:00:00+00:00,611,38.00000000046566,41.863908609967226,0,0,0
2025-11-30 16:15:00+00:00,611,41.00000000107684,40.23213518938755,0,0,0
2025-11-30 16:30:00+00:00,611,39.999999997235136,41.77560032912231,0,0,0
2025-11-30 16:45:00+00:00,611,40.00000000087312,41.22469909031517,0,0,0
2025-11-30 17:00:00+00:00,611,43.000000001484295,42.32306494170816,0,0,0
2025-11-30 17:15:00+00:00,611,40.99999999743886,43.05872772380018,0,0,0
2025-11-30 17:30:00+00:00,611,42.00000000128057,42.10580036729413,0,0,0
2025-11-30 17:45:00+00:00,611,44.00000000168802,41.9389731625686,0,0,0
2025-11-30 18:00:00+00:00,611,46.99999999866122,43.229500246408,0,0,0
2025-11-30 18:15:00+00:00,611,46.99999999866122,45.87327432138032,0,0,0
2025-11-30 18:30:00+00:00,611,49.000000002706656,45.98366632683319,0,0,0
2025-11-30 18:45:00+00:00,611,45.9999999984575,45.108897078029614,0,0,0
2025-11-30 19:00:00+00:00,611,46.99999999866122,44.61151197646379,0,0,0
2025-11-30 19:15:00+00:00,611,47.0000000022992,44.43104177969106,0,0,0
2025-11-30 19:30:00+00:00,611,45.9999999984575,44.86293874492449,0,0,0
2025-11-30 19:45:00+00:00,611,42.00000000128057,43.3934823268436,0,0,0
2025-11-30 20:00:00+00:00,611,41.00000000107684,41.01365120119991,0,0,0
2025-11-30 20:15:00+00:00,611,45.9999999984575,37.37497975018068,0,0,0
2025-11-30 20:30:00+00:00,611,47.99999999886495,44.90233868857351,0,0,0
2025-11-30 20:45:00+00:00,611,50.99999999947613,42.78792630957723,0,0,0
2025-11-30 21:00:00+00:00,611,44.00000000168802,44.49750885171987,0,0,0
2025-11-30 21:15:00+00:00,611,43.99999999805004,43.163411735615256,0,0,0
2025-11-30 21:30:00+00:00,611,46.00000000209548,43.46188065267836,0,0,0
2025-11-30 21:45:00+00:00,611,48.99999999906868,43.98755433411229,0,0,0
2025-11-30 22:00:00+00:00,611,46.00000000209548,45.55341669447864,0,0,0
2025-11-30 22:15:00+00:00,611,41.99999999764259,45.53854042090451,0,0,0
2025-11-30 22:30:00+00:00,611,42.00000000128057,46.26345265539375,0,0,0
2025-11-30 22:45:00+00:00,611,47.99999999886495,46.68213546748023,0,0,0
2025-11-30 23:00:00+00:00,611,51.99999999967986,47.11746018640599,0,0,0
2025-11-30 23:15:00+00:00,611,49.9999999992724,47.85943429410581,0,0,0
2025-11-30 23:30:00+00:00,611,48.00000000250293,48.19027315436351,0,0,0
2025-11-30 23:45:00+00:00,611,43.99999999805004,48.6230100523395,0,0,0
2025-12-01 00:00:00+00:00,611,44.00000000168802,48.33997637817568,0,0,0
2025-12-01 00:15:00+00:00,611,48.99999999906868,49.219516090055805,0,0,0
2025-12-01 00:30:00+00:00,611,48.99999999906868,49.76371561198045,0,0,0
2025-12-01 00:45:00+00:00,611,47.0000000022992,50.29627733340526,0,0,0
2025-12-01 01:00:00+00:00,611,43.99999999805004,49.6399467903495,0,0,0
2025-12-01 01:15:00+00:00,611,42.00000000128057,48.200955679244174,0,0,0
2025-12-01 01:30:00+00:00,611,46.99999999866122,49.20254885715426,0,0,0
2025-12-01 01:45:00+00:00,611,47.0000000022992,47.368984552685376,0,0,0
2025-12-01 02:00:00+00:00,611,47.99999999886495,48.6857743222779,0,0,0
2025-12-01 03:00:00+00:00,611,46.00000000209548,47.78549951019336,0,0,0
2025-12-01 03:15:00+00:00,611,43.99999999805004,48.16118013186874,0,0,0
2025-12-01 03:30:00+00:00,611,48.00000000250293,48.40917027410814,0,0,0
2025-12-01 03:45:00+00:00,611,47.99999999886495,48.68919320344126,0,0,0
2025-12-01 04:00:00+00:00,611,46.99999999866122,49.08801338067211,0,0,0
2025-12-01 04:15:00+00:00,611,41.00000000107684,50.15860230136764,0,0,0
2025-12-01 04:30:00+00:00,611,49.9999999992724,47.94409005052447,0,0,0
2025-12-01 04:45:00+00:00,611,47.99999999886495,54.69986429453275,0,0,0
2025-12-01 05:00:00+00:00,611,49.000000002706656,50.05720999780068,0,0,0
2025-12-01 05:15:00+00:00,611,58.99999999746797,62.88852830722421,0,0,0
2025-12-01 05:30:00+00:00,611,63.00000000192085,65.8893477355239,0,0,0
2025-12-01 05:45:00+00:00,611,62.99999999828288,67.42073440581994,0,0,0
2025-12-01 06:00:00+00:00,611,64.00000000212458,79.05788425353504,0,0,0
2025-12-01 06:15:00+00:00,611,116.9999999983702,103.63510299826694,0,0,0
2025-12-01 06:30:00+00:00,611,128.00000000061118,112.25647433383784,0,0,0
2025-12-01 06:45:00+00:00,611,98.00000000177532,98.25948021074028,0,0,0
2025-12-01 07:00:00+00:00,611,72.99999999668216,76.60792465890731,0,0,0
2025-12-01 07:15:00+00:00,611,59.000000001105946,71.83096097612713,0,0,0
2025-12-01 07:30:00+00:00,611,69.99999999970896,73.18567784955954,0,0,0
2025-12-01 07:45:00+00:00,611,69.99999999970896,73.80832827264271,0,0,0
2025-12-01 08:00:00+00:00,611,73.00000000032014,70.83484806361126,0,0,0
2025-12-01 08:15:00+00:00,611,75.0000000007276,75.44059559733508,0,0,0
2025-12-01 08:30:00+00:00,611,72.00000000011642,74.57373177184436,0,0,0
2025-12-01 08:45:00+00:00,611,75.0000000007276,72.74004620947954,0,0,0
2025-12-01 09:00:00+00:00,611,73.00000000032014,72.92670647396413,0,0,0
2025-12-01 09:15:00+00:00,611,75.0000000007276,72.82623395590046,0,0,0
2025-12-01 09:30:00+00:00,611,67.99999999930151,73.63007325060298,0,0,0
2025-12-01 09:45:00+00:00,611,67.99999999930151,68.51417896114388,0,0,0
2025-12-01 10:00:00+00:00,611,81.9999999985157,66.49283941104976,0,0,0
2025-12-01 10:15:00+00:00,611,67.00000000273576,69.79179355782131,0,0,0
2025-12-01 10:30:00+00:00,611,64.99999999869033,65.31808700023876,0,0,0
2025-12-01 10:45:00+00:00,611,63.9999999984866,64.6178965889714,0,0,0
2025-12-01 11:00:00+00:00,611,61.0000000015134,61.05001017408004,0,0,0
2025-12-01 11:15:00+00:00,611,64.99999999869033,60.090425463336345,0,0,0
2025-12-01 11:30:00+00:00,611,64.00000000212458,59.28857657263291,0,0,0
2025-12-01 11:45:00+00:00,611,60.99999999787542,59.635397815076416,0,0,0
2025-12-01 12:00:00+00:00,611,60.00000000130967,58.39921792869193,0,0,0
2025-12-01 12:15:00+00:00,611,59.000000001105946,55.9151050125465,0,0,0
2025-12-01 12:30:00+00:00,611,55.00000000029104,55.57730417455649,0,0,0
2025-12-01 12:45:00+00:00,611,50.99999999947613,55.42764235587952,0,0,0
2025-12-01 13:00:00+00:00,611,55.00000000029104,55.59091463399747,0,0,0
2025-12-01 13:15:00+00:00,611,48.99999999906868,56.37981554742306,0,0,0
2025-12-01 13:30:00+00:00,611,55.00000000029104,54.41985615274792,0,0,0
2025-12-01 13:45:00+00:00,611,54.00000000008731,55.2470686462688,0,0,0
2025-12-01 14:00:00+00:00,611,54.00000000008731,54.47483921477905,0,0,0
2025-12-01 14:15:00+00:00,611,55.00000000029104,53.51421641814579,0,0,0
2025-12-01 14:45:00+00:00,611,52.99999999988359,53.3012224876763,0,0,0
2025-12-01 15:00:00+00:00,611,51.99999999967986,53.2141622759066,0,0,0
2025-12-01 15:15:00+00:00,611,57.00000000069849,52.85228139429024,0,0,0
2025-12-01 15:30:00+00:00,611,57.00000000069849,54.12061236815471,0,0,0
2025-12-01 15:45:00+00:00,611,63.9999999984866,54.95956321750376,0,0,0
2025-12-01 16:00:00+00:00,611,54.00000000008731,56.95160863444645,0,0,0
2025-12-01 16:15:00+00:00,611,52.99999999988359,54.05128242677803,0,0,0
2025-12-01 16:30:00+00:00,611,56.000000000494765,54.011554199557104,0,0,0
2025-12-01 16:45:00+00:00,611,55.00000000029104,54.1398539259824,0,0,0
2025-12-01 17:00:00+00:00,611,58.00000000090222,54.76250434906556,0,0,0
2025-12-01 17:15:00+00:00,611,55.99999999685679,55.473329965059065,0,0,0
2025-12-01 17:30:00+00:00,611,59.000000001105946,55.01406420546082,0,0,0
2025-12-01 17:45:00+00:00,611,60.00000000130967,55.56807674442701,0,0,0
2025-12-01 18:00:00+00:00,611,58.99999999746797,55.31518009366684,0,0,0
2025-12-01 18:15:00+00:00,611,56.000000000494765,55.69034315115226,0,0,0
2025-12-01 18:30:00+00:00,611,50.99999999947613,55.35766176237832,0,0,0
2025-12-01 18:45:00+00:00,611,58.00000000090222,52.25362820456304,0,0,0
2025-12-01 19:00:00+00:00,611,58.00000000090222,55.2641275619697,0,0,0
2025-12-01 19:15:00+00:00,611,57.00000000069849,54.09835119296734,0,0,0
2025-12-01 19:30:00+00:00,611,54.00000000008731,54.57192538428559,0,0,0
2025-12-01 19:45:00+00:00,611,31.9999999992433,40.82311659906479,0,0,0
2025-12-01 20:00:00+00:00,611,32.99999999944703,29.35688493130812,0,0,0
2025-12-01 20:15:00+00:00,611,43.000000001484295,31.467837024005835,0,0,0
2025-12-01 20:30:00+00:00,611,33.999999999650754,35.050510247804205,0,0,0
2025-12-01 20:45:00+00:00,611,37.000000000261934,36.55191960021807,0,0,0
2025-12-01 21:00:00+00:00,611,41.99999999764259,39.46015123119933,0,0,0
2025-12-01 21:15:00+00:00,611,43.000000001484295,40.93231081310662,0,0,0
2025-12-01 21:30:00+00:00,611,42.00000000128057,40.276030547715024,0,0,0
2025-12-01 22:00:00+00:00,611,40.00000000087312,40.016946786752655,0,0,0
2025-12-01 22:15:00+00:00,611,40.00000000087312,40.13647749704529,0,0,0
2025-12-01 22:30:00+00:00,611,39.999999997235136,40.17460866905149,0,0,0
2025-12-01 22:45:00+00:00,611,42.00000000128057,40.359668920811714,0,0,0
2025-12-01 23:00:00+00:00,611,42.00000000128057,42.03539389240234,0,0,0
2025-12-01 23:15:00+00:00,611,43.99999999805004,40.35580937070948,0,0,0
2025-12-01 23:30:00+00:00,611,43.000000001484295,41.77354190240112,0,0,0
2025-12-01 23:45:00+00:00,611,40.00000000087312,41.26541512576149,0,0,0
2025-12-02 00:00:00+00:00,611,40.99999999743886,41.704531372067386,0,0,0
2025-12-02 00:15:00+00:00,611,41.00000000107684,41.95228195602458,0,0,0
2025-12-02 00:30:00+00:00,611,41.00000000107684,41.74566441637533,0,0,0
2025-12-02 00:45:00+00:00,611,41.99999999764259,41.70543341251273,0,0,0
2025-12-02 01:00:00+00:00,611,41.00000000107684,42.49452656406603,0,0,0
2025-12-02 01:15:00+00:00,611,41.00000000107684,41.33500237047832,0,0,0
2025-12-02 01:30:00+00:00,611,41.99999999764259,41.92025212644052,0,0,0
2025-12-02 01:45:00+00:00,611,43.000000001484295,41.70161231003604,0,0,0
2025-12-02 02:00:00+00:00,611,42.00000000128057,42.49628036729256,0,0,0
2025-12-02 02:15:00+00:00,611,42.99999999784632,42.24188130162669,0,0,0
2025-12-02 02:30:00+00:00,611,42.00000000128057,42.6901332952627,0,0,0
2025-12-02 02:45:00+00:00,611,43.000000001484295,42.27450263314212,0,0,0
2025-12-02 03:00:00+00:00,611,40.99999999743886,43.1536342086896,0,0,0
2025-12-02 03:15:00+00:00,611,41.00000000107684,43.021143691080496,0,0,0
2025-12-02 03:30:00+00:00,611,41.00000000107684,43.55417565654075,0,0,0
2025-12-02 03:45:00+00:00,611,42.99999999784632,42.8062983595658,0,0,0
2025-12-02 04:15:00+00:00,611,44.99999999825377,43.6260727162996,0,0,0
2025-12-02 04:30:00+00:00,611,45.00000000189175,44.5843206326784,0,0,0
2025-12-02 04:45:00+00:00,611,52.99999999988359,44.12783197464796,0,0,0
2025-12-02 05:00:00+00:00,611,61.99999999807915,45.262276486345286,0,0,0
2025-12-02 05:15:00+00:00,611,61.0000000015134,51.34344573512793,0,0,0
2025-12-02 05:30:00+00:00,611,54.00000000008731,60.43027585551857,0,0,0
2025-12-02 05:45:00+00:00,611,49.9999999992724,56.693166653079615,0,0,0
2025-12-02 06:00:00+00:00,611,70.99999999991269,55.64636794006405,0,0,0
2025-12-02 06:15:00+00:00,611,93.0000000007567,94.12316635481508,0,0,0
2025-12-02 06:30:00+00:00,611,103.99999999935972,101.37250164040285,0,0,0
2025-12-02 06:45:00+00:00,611,74.00000000052387,100.35493495283592,0,0,0
2025-12-02 07:00:00+00:00,611,57.00000000069849,69.1911115164695,0,0,0
2025-12-02 07:15:00+00:00,611,58.00000000090222,60.79926067533077,0,0,0
2025-12-02 07:30:00+00:00,611,55.00000000029104,60.91434329109945,0,0,0
2025-12-02 07:45:00+00:00,611,64.99999999869033,59.72850021907514,0,0,0
2025-12-02 08:00:00+00:00,611,63.9999999984866,59.76492490800932,0,0,0
2025-12-02 08:15:00+00:00,611,63.00000000192085,59.46806487619956,0,0,0
2025-12-02 08:30:00+00:00,611,69.99999999970896,63.43315371053945,0,0,0
2025-12-02 08:45:00+00:00,611,63.9999999984866,64.65485954466314,0,0,0
2025-12-02 09:00:00+00:00,611,62.000000001717126,63.98841431858085,0,0,0
2025-12-02 09:15:00+00:00,611,64.99999999869033,63.215853646009535,0,0,0
2025-12-02 09:30:00+00:00,611,65.0000000023283,63.1598620731854,0,0,0
2025-12-02 09:45:00+00:00,611,66.99999999909778,63.53481514748519,0,0,0
2025-12-02 10:00:00+00:00,611,61.99999999807915,61.89579878575581,0,0,0
2025-12-02 10:15:00+00:00,611,79.0000000015425,60.74167796231124,0,0,0
2025-12-02 10:30:00+00:00,611,66.99999999909778,66.40376513520371,0,0,0
2025-12-02 10:45:00+00:00,611,55.00000000029104,60.713427830068674,0,0,0
2025-12-02 11:00:00+00:00,611,63.00000000192085,59.75270447810708,0,0,0
2025-12-02 11:15:00+00:00,611,60.99999999787542,59.397268010033066,0,0,0
2025-12-02 11:30:00+00:00,611,60.00000000130967,59.04847706615808,0,0,0
2025-12-02 11:45:00+00:00,611,64.99999999869033,57.84231294528131,0,0,0
2025-12-02 12:00:00+00:00,611,64.99999999869033,57.380852713517655,0,0,0
2025-12-02 12:15:00+00:00,611,61.0000000015134,58.25746449083747,0,0,0
2025-12-02 12:30:00+00:00,611,49.9999999992724,55.716644284530936,0,0,0
2025-12-02 12:45:00+00:00,611,63.00000000192085,51.20603392144977,0,0,0
2025-12-02 13:00:00+00:00,611,62.99999999828288,56.92678921340587,0,0,0
2025-12-02 13:15:00+00:00,611,62.000000001717126,54.04897852675532,0,0,0
2025-12-02 13:30:00+00:00,611,50.99999999947613,56.82033069579666,0,0,0
2025-12-02 13:45:00+00:00,611,49.9999999992724,53.54737305890912,0,0,0
2025-12-02 14:00:00+00:00,611,65.99999999889405,51.49042805005577,0,0,0
2025-12-02 14:15:00+00:00,611,54.00000000008731,54.57108545154304,0,0,0
2025-12-02 14:30:00+00:00,611,49.000000002706656,50.85472317934712,0,0,0
2025-12-02 14:45:00+00:00,611,55.00000000029104,51.743744667187215,0,0,0
2025-12-02 15:00:00+00:00,611,50.99999999947613,50.88495484305979,0,0,0
2025-12-02 15:15:00+00:00,611,48.99999999906868,49.35400588419296,0,0,0
2025-12-02 15:30:00+00:00,611,57.00000000069849,48.33045319708052,0,0,0
2025-12-02 15:45:00+00:00,611,51.99999999967986,53.79958060991924,0,0,0
2025-12-02 16:00:00+00:00,611,61.99999999807915,52.43537013048823,0,0,0
2025-12-02 16:15:00+00:00,611,51.99999999967986,55.826480278168304,0,0,0
2025-12-02 16:30:00+00:00,611,52.00000000331784,53.14883384509568,0,0,0
2025-12-02 16:45:00+00:00,611,61.99999999807915,53.47586343291532,0,0,0
2025-12-02 17:00:00+00:00,611,55.00000000029104,54.80005289166936,0,0,0
2025-12-02 17:15:00+00:00,611,63.9999999984866,53.33994220410423,0,0,0
2025-12-02 17:30:00+00:00,611,51.99999999967986,56.5495233665544,0,0,0
2025-12-02 17:45:00+00:00,611,50.00000000291038,52.71616201233213,0,0,0
2025-12-02 18:00:00+00:00,611,57.99999999726424,53.20943913298455,0,0,0
2025-12-02 18:15:00+00:00,611,51.00000000311411,51.75113252631012,0,0,0
2025-12-02 18:30:00+00:00,611,51.99999999967986,51.91125505664348,0,0,0
2025-12-02 18:45:00+00:00,611,55.00000000029104,51.50266030999664,0,0,0
2025-12-02 19:00:00+00:00,611,51.99999999967986,50.495483353854354,0,0,0
2025-12-02 19:15:00+00:00,611,54.00000000008731,49.68632054176945,0,0,0
2025-12-02 19:30:00+00:00,611,45.9999999984575,48.83469676354065,0,0,0
2025-12-02 19:45:00+00:00,611,22.00000000084401,33.846075530699295,0,0,0
2025-12-02 20:00:00+00:00,611,33.999999999650754,25.222650204671705,0,0,0
2025-12-02 20:15:00+00:00,611,25.99999999802094,26.9848719824424,0,0,0
2025-12-02 20:30:00+00:00,611,30.000000002473826,28.907557882911835,0,0,0
2025-12-02 20:45:00+00:00,611,33.999999999650754,33.26705872633898,0,0,0
2025-12-02 21:00:00+00:00,611,39.00000000066939,34.69040091447232,0,0,0
2025-12-02 21:15:00+00:00,611,39.00000000066939,37.34886789742005,0,0,0
2025-12-02 21:30:00+00:00,611,48.99999999906868,36.29787247820137,0,0,0
2025-12-02 21:45:00+00:00,611,33.999999999650754,39.76331371608792,0,0,0
2025-12-02 22:00:00+00:00,611,42.00000000128057,37.691634394123966,0,0,0
2025-12-02 22:15:00+00:00,611,39.999999997235136,37.77768313759101,0,0,0
2025-12-02 22:30:00+00:00,611,37.000000000261934,39.08805215371844,0,0,0
2025-12-02 22:45:00+00:00,611,39.00000000066939,39.65939569927397,0,0,0
2025-12-02 23:00:00+00:00,611,38.00000000046566,40.15211089309157,0,0,0
2025-12-02 23:15:00+00:00,611,41.00000000107684,40.23236587514079,0,0,0
2025-12-02 23:30:00+00:00,611,41.99999999764259,40.26281639456807,0,0,0
2025-12-02 23:45:00+00:00,611,41.00000000107684,40.42814709940721,0,0,0
2025-12-03 00:00:00+00:00,611,40.00000000087312,42.40282897715433,0,0,0
2025-12-03 00:15:00+00:00,611,39.00000000066939,39.07568089082369,0,0,0
2025-12-03 00:30:00+00:00,611,39.999999997235136,40.68360495353025,0,0,0
2025-12-03 00:45:00+00:00,611,39.00000000066939,39.95408491899558,0,0,0
2025-12-03 01:00:00+00:00,611,41.00000000107684,40.12512953249183,0,0,0
2025-12-03 01:15:00+00:00,611,40.99999999743886,40.52877340797305,0,0,0
2025-12-03 01:30:00+00:00,611,41.00000000107684,40.323140719039536,0,0,0
2025-12-03 01:45:00+00:00,611,39.00000000066939,40.3147266040657,0,0,0
2025-12-03 02:00:00+00:00,611,40.00000000087312,39.91645652363104,0,0,0
2025-12-03 02:15:00+00:00,611,39.00000000066939,39.50799190740909,0,0,0
2025-12-03 02:30:00+00:00,611,38.99999999703141,39.51587367064469,0,0,0
2025-12-03 02:45:00+00:00,611,41.00000000107684,39.37193463315379,0,0,0
2025-12-03 03:00:00+00:00,611,40.00000000087312,40.21492248318448,0,0,0
2025-12-03 03:15:00+00:00,611,38.00000000046566,40.82673954839448,0,0,0
2025-12-03 03:30:00+00:00,611,40.00000000087312,40.91991293262496,0,0,0
2025-12-03 03:45:00+00:00,611,39.999999997235136,40.68786672494582,0,0,0
2025-12-03 04:00:00+00:00,611,42.00000000128057,40.60821803237627,0,0,0
2025-12-03 04:15:00+00:00,611,41.00000000107684,41.29425675993543,0,0,0
2025-12-03 04:30:00+00:00,611,39.999999997235136,41.16619954930199,0,0,0
2025-12-03 04:45:00+00:00,611,51.99999999967986,40.9599901459854,0,0,0
2025-12-03 05:00:00+00:00,611,58.00000000090222,43.67260617324102,0,0,0
2025-12-03 05:15:00+00:00,611,45.00000000189175,53.04191395597999,0,0,0
2025-12-03 05:30:00+00:00,611,46.99999999866122,48.50872596417818,0,0,0
2025-12-03 06:45:00+00:00,611,63.00000000192085,50.07645155562837,0,0,0
2025-12-03 07:00:00+00:00,611,56.99999999706051,85.39456163410487,0,0,0
2025-12-03 07:15:00+00:00,611,48.00000000250293,84.04915500107234,0,0,0
2025-12-03 07:30:00+00:00,611,54.00000000008731,62.15662747741575,0,0,0
2025-12-03 07:45:00+00:00,611,63.9999999984866,59.258513486970685,0,0,0
2025-12-03 08:00:00+00:00,611,62.000000001717126,57.33416546607408,0,0,0
2025-12-03 08:15:00+00:00,611,72.99999999668216,57.67375263989685,0,0,0
2025-12-03 08:30:00+00:00,611,59.000000001105946,69.65127635900343,0,0,0
2025-12-03 08:45:00+00:00,611,56.000000000494765,60.95144524974506,0,0,0
2025-12-03 09:00:00+00:00,611,59.000000001105946,59.94752155422536,0,0,0
2025-12-03 09:15:00+00:00,611,61.99999999807915,58.01274535427858,0,0,0
2025-12-03 09:30:00+00:00,611,66.99999999909778,61.0433942249776,0,0,0
2025-12-03 09:45:00+00:00,611,51.00000000311411,62.22061911386175,0,0,0
2025-12-03 10:00:00+00:00,611,51.99999999967986,53.0228853388476,0,0,0
2025-12-03 10:15:00+00:00,611,47.99999999886495,52.27289933748729,0,0,0
2025-12-03 10:30:00+00:00,611,47.99999999886495,48.29448692214314,0,0,0
2025-12-03 10:45:00+00:00,611,56.000000000494765,49.56634916253794,0,0,0
2025-12-03 11:00:00+00:00,611,48.99999999906868,50.17600428818875,0,0,0
2025-12-03 11:15:00+00:00,611,54.00000000008731,46.96598837181901,0,0,0
2025-12-03 11:30:00+00:00,611,55.00000000029104,49.36162738657875,0,0,0
2025-12-03 11:45:00+00:00,611,57.00000000069849,48.06909511119199,0,0,0
2025-12-03 12:00:00+00:00,611,47.99999999886495,51.23790404551236,0,0,0
2025-12-03 12:15:00+00:00,611,51.00000000311411,48.02523228547074,0,0,0
2025-12-03 12:30:00+00:00,611,52.99999999988359,48.21437981557678,0,0,0
2025-12-03 12:45:00+00:00,611,51.99999999967986,49.104350664016735,0,0,0
2025-12-03 13:00:00+00:00,611,48.99999999906868,49.02678110073597,0,0,0
2025-12-03 13:15:00+00:00,611,50.99999999947613,49.44347942384268,0,0,0
2025-12-03 13:30:00+00:00,611,47.0000000022992,49.267025525184,0,0,0
2025-12-03 13:45:00+00:00,611,46.99999999866122,47.73699043680114,0,0,0
2025-12-03 14:00:00+00:00,611,45.9999999984575,46.61037445316559,0,0,0
2025-12-03 14:15:00+00:00,611,45.00000000189175,46.565062447712464,0,0,0
2025-12-03 14:30:00+00:00,611,46.99999999866122,46.29935386511868,0,0,0
2025-12-03 14:45:00+00:00,611,51.99999999967986,46.39824115800626,0,0,0
2025-12-03 15:00:00+00:00,611,48.00000000250293,47.03892647497709,0,0,0
2025-12-03 15:15:00+00:00,611,49.9999999992724,46.75359185830021,0,0,0
2025-12-03 15:30:00+00:00,611,48.99999999906868,47.1828448099004,0,0,0
2025-12-03 15:45:00+00:00,611,49.9999999992724,47.430438645845776,0,0,0
2025-12-03 16:00:00+00:00,611,48.00000000250293,47.55650249497047,0,0,0
2025-12-03 16:15:00+00:00,611,48.99999999906868,47.51296795282113,0,0,0
2025-12-03 16:30:00+00:00,611,46.99999999866122,47.89746195327403,0,0,0
2025-12-03 16:45:00+00:00,611,45.00000000189175,47.84387187829128,0,0,0
2025-12-03 17:00:00+00:00,611,43.99999999805004,46.74628976695736,0,0,0
2025-12-03 17:15:00+00:00,611,48.99999999906868,45.91468832910567,0,0,0
2025-12-03 17:30:00+00:00,611,50.00000000291038,46.79116406098128,0,0,0
2025-12-03 17:45:00+00:00,611,48.99999999906868,46.92132997600006,0,0,0
2025-12-03 18:00:00+00:00,611,45.9999999984575,46.92451225639087,0,0,0
2025-12-03 18:15:00+00:00,611,45.00000000189175,46.72775209642801,0,0,0
2025-12-03 18:30:00+00:00,611,44.99999999825377,46.59088446452672,0,0,0
2025-12-03 18:45:00+00:00,611,49.000000002706656,46.11198971333574,0,0,0
2025-12-03 19:00:00+00:00,611,48.99999999906868,46.003212508155535,0,0,0
2025-12-03 19:15:00+00:00,611,45.9999999984575,46.32578217141258,0,0,0
2025-12-03 19:30:00+00:00,611,45.00000000189175,46.0167076247199,0,0,0
2025-12-03 19:45:00+00:00,611,21.000000000640284,35.19128474996224,0,0,0
2025-12-03 20:00:00+00:00,611,19.99999999679858,23.62256058504624,0,0,0
2025-12-03 20:15:00+00:00,611,22.00000000084401,23.59351857959305,0,0,0
2025-12-03 20:30:00+00:00,611,22.00000000084401,25.881229933821523,0,0,0
2025-12-03 20:45:00+00:00,611,27.9999999984284,28.65039946073609,0,0,0
2025-12-03 21:00:00+00:00,611,36.00000000005821,30.007613951073736,0,0,0
2025-12-03 21:15:00+00:00,611,38.00000000046566,35.65980159976721,0,0,0
2025-12-03 21:30:00+00:00,611,39.00000000066939,35.463813349824804,0,0,0
2025-12-03 21:45:00+00:00,611,37.000000000261934,34.8432036084049,0,0,0
2025-12-03 22:00:00+00:00,611,33.999999999650754,35.28116938345426,0,0,0
2025-12-03 22:15:00+00:00,611,34.99999999985448,34.859570466846094,0,0,0
2025-12-03 22:30:00+00:00,611,36.00000000005821,35.13734864634964,0,0,0
2025-12-03 22:45:00+00:00,611,34.99999999985448,36.02022147161307,0,0,0
2025-12-03 23:00:00+00:00,611,37.000000000261934,35.794119858344274,0,0,0
2025-12-03 23:15:00+00:00,611,38.00000000046566,36.34501222462245,0,0,0
2025-12-03 23:30:00+00:00,611,39.00000000066939,36.516479761999626,0,0,0
2025-12-03 23:45:00+00:00,611,37.000000000261934,36.7010697697244,0,0,0
2025-12-04 00:00:00+00:00,611,38.99999999703141,37.16734186969981,0,0,0
2025-12-04 00:15:00+00:00,611,38.00000000046566,37.41474346751749,0,0,0
2025-12-04 00:30:00+00:00,611,36.00000000005821,37.79598124983816,0,0,0
2025-12-04 00:45:00+00:00,611,37.000000000261934,38.6908024141154,0,0,0
2025-12-04 01:00:00+00:00,611,39.00000000066939,39.03315781697701,0,0,0
2025-12-04 01:15:00+00:00,611,37.000000000261934,39.10580904169838,0,0,0
2025-12-04 01:30:00+00:00,611,40.00000000087312,38.84135740070875,0,0,0
2025-12-04 01:45:00+00:00,611,39.00000000066939,38.782639003980975,0,0,0
2025-12-04 02:00:00+00:00,611,39.999999997235136,38.89671606646631,0,0,0
2025-12-04 02:15:00+00:00,611,40.00000000087312,39.540208060101534,0,0,0
2025-12-04 02:30:00+00:00,611,40.00000000087312,39.89842162974335,0,0,0
2025-12-04 02:45:00+00:00,611,39.00000000066939,40.41709192830978,0,0,0
2025-12-04 03:00:00+00:00,611,41.99999999764259,40.66500221778845,0,0,0
2025-12-04 03:15:00+00:00,611,41.00000000107684,41.447568145529,0,0,0
2025-12-04 03:30:00+00:00,611,40.00000000087312,40.96001972108196,0,0,0
2025-12-04 03:45:00+00:00,611,40.00000000087312,40.62993206827712,0,0,0
2025-12-04 04:00:00+00:00,611,40.99999999743886,40.52868468268333,0,0,0
2025-12-04 04:15:00+00:00,611,39.00000000066939,41.48451927118211,0,0,0
2025-12-04 04:30:00+00:00,611,40.00000000087312,40.96120568245438,0,0,0
2025-12-04 04:45:00+00:00,611,40.00000000087312,41.05970849908657,0,0,0
2025-12-04 05:00:00+00:00,611,39.999999997235136,40.7676780805465,0,0,0
2025-12-04 05:15:00+00:00,611,48.00000000250293,43.89033803418084,0,0,0
2025-12-04 05:30:00+00:00,611,48.99999999906868,44.60878219505048,0,0,0
2025-12-04 05:45:00+00:00,611,48.99999999906868,42.24799151657781,0,0,0
2025-12-04 06:00:00+00:00,611,54.00000000008731,48.9454673302296,0,0,0
2025-12-04 06:15:00+00:00,611,111.0000000007858,82.42392063434404,0,0,0
2025-12-04 06:30:00+00:00,611,101.99999999895226,92.18784301558176,0,0,0
2025-12-04 06:45:00+00:00,611,66.00000000253203,80.43643865480192,0,0,0
2025-12-04 07:00:00+00:00,611,53.99999999644933,60.27443284165872,0,0,0
2025-12-04 07:15:00+00:00,611,58.00000000090222,53.163866866681616,0,0,0
2025-12-04 07:30:00+00:00,611,51.99999999967986,51.75675179465819,0,0,0
2025-12-04 07:45:00+00:00,611,68.99999999950523,50.69230266401035,0,0,0
2025-12-04 08:00:00+00:00,611,67.00000000273576,54.28949208458212,0,0,0
2025-12-04 08:15:00+00:00,611,57.00000000069849,57.47790043539866,0,0,0
2025-12-04 08:30:00+00:00,611,68.99999999950523,59.3027696614763,0,0,0
2025-12-04 08:45:00+00:00,611,59.999999997671694,63.74714068077223,0,0,0
2025-12-04 09:00:00+00:00,611,58.00000000090222,62.36133742333631,0,0,0
2025-12-04 09:15:00+00:00,611,70.99999999991269,63.53458446173195,0,0,0
2025-12-04 09:30:00+00:00,611,58.00000000090222,65.7504157618821,0,0,0
2025-12-04 09:45:00+00:00,611,62.99999999828288,63.47410338924867,0,0,0
2025-12-04 10:00:00+00:00,611,56.000000000494765,61.18541383870118,0,0,0
2025-12-04 10:15:00+00:00,611,51.99999999967986,57.4503157428289,0,0,0
2025-12-04 10:30:00+00:00,611,63.00000000192085,55.840765049811054,0,0,0
2025-12-04 10:45:00+00:00,611,50.99999999947613,54.952811222957095,0,0,0
2025-12-04 11:00:00+00:00,611,60.99999999787542,53.297377725122345,0,0,0
2025-12-04 11:15:00+00:00,611,54.00000000008731,57.52688566784563,0,0,0
2025-12-04 11:30:00+00:00,611,58.00000000090222,52.64498066991025,0,0,0
2025-12-04 11:45:00+00:00,611,57.00000000069849,55.97312543699525,0,0,0
2025-12-04 12:00:00+00:00,611,51.99999999967986,51.45585476216679,0,0,0
2025-12-04 12:15:00+00:00,611,52.99999999988359,51.6596419650744,0,0,0
2025-12-04 12:30:00+00:00,611,65.99999999889405,51.42914253494581,0,0,0
2025-12-04 12:45:00+00:00,611,50.00000000291038,52.23317702528568,0,0,0
2025-12-04 13:00:00+00:00,611,50.99999999947613,51.059785068916845,0,0,0
2025-12-04 13:15:00+00:00,611,49.9999999992724,49.96702665583331,0,0,0
2025-12-04 13:30:00+00:00,611,51.99999999967986,49.28378277489991,0,0,0
2025-12-04 13:45:00+00:00,611,56.000000000494765,49.42500977603544,0,0,0
2025-12-04 14:00:00+00:00,611,55.00000000029104,50.0994698532879,0,0,0
2025-12-04 14:15:00+00:00,611,43.99999999805004,51.348183665598256,0,0,0
2025-12-04 14:30:00+00:00,611,47.0000000022992,50.2446776624216,0,0,0
2025-12-04 14:45:00+00:00,611,50.99999999947613,49.043505817845656,0,0,0
2025-12-04 15:00:00+00:00,611,45.9999999984575,50.35703345428664,0,0,0
2025-12-04 15:15:00+00:00,611,50.99999999947613,49.00859241634613,0,0,0
2025-12-04 15:30:00+00:00,611,49.000000002706656,52.54782056266228,0,0,0
2025-12-04 15:45:00+00:00,611,49.9999999992724,52.380177085271455,0,0,0
2025-12-04 16:00:00+00:00,611,63.9999999984866,52.36702799733695,0,0,0
2025-12-04 16:15:00+00:00,611,51.99999999967986,58.07247226179936,0,0,0
2025-12-04 16:30:00+00:00,611,63.00000000192085,55.998151883711806,0,0,0
2025-12-04 16:45:00+00:00,611,59.000000001105946,60.20336388460379,0,0,0
2025-12-04 17:00:00+00:00,611,58.99999999746797,58.47268246856893,0,0,0
2025-12-04 17:15:00+00:00,611,68.99999999950523,58.50783838586032,0,0,0
2025-12-04 17:30:00+00:00,611,62.000000001717126,61.75762097707652,0,0,0
2025-12-04 17:45:00+00:00,611,61.99999999807915,60.661630005938,0,0,0
2025-12-04 18:00:00+00:00,611,62.000000001717126,60.52744779280516,0,0,0
2025-12-04 18:15:00+00:00,611,54.00000000008731,58.74927172919041,0,0,0
2025-12-04 18:30:00+00:00,611,54.00000000008731,58.87017768147349,0,0,0
2025-12-04 18:45:00+00:00,611,61.0000000015134,49.74769773967877,0,0,0
2025-12-04 19:00:00+00:00,611,61.99999999807915,57.01285570193086,0,0,0
2025-12-04 19:15:00+00:00,611,55.00000000029104,56.10943705708105,0,0,0
2025-12-04 19:30:00+00:00,611,62.000000001717126,49.06173886488034,0,0,0
2025-12-04 19:45:00+00:00,611,32.99999999944703,49.44002209505378,0,0,0
2025-12-04 20:00:00+00:00,611,37.000000000261934,32.336466482761715,0,0,0
2025-12-04 20:15:00+00:00,611,36.00000000005821,34.78219018418338,0,0,0
2025-12-04 20:30:00+00:00,611,37.99999999682768,39.36999746432853,0,0,0
2025-12-04 20:45:00+00:00,611,43.000000001484295,42.88940142341458,0,0,0
2025-12-04 21:00:00+00:00,611,45.9999999984575,48.614264696284096,0,0,0
2025-12-04 21:15:00+00:00,611,51.00000000311411,50.01440596053659,0,0,0
2025-12-04 21:30:00+00:00,611,45.9999999984575,49.0534075601769,0,0,0
2025-12-04 21:45:00+00:00,611,44.00000000168802,48.02743563016512,0,0,0
2025-12-04 22:00:00+00:00,611,45.9999999984575,49.93830923706496,0,0,0
2025-12-04 22:15:00+00:00,611,44.99999999825377,48.33780852359718,0,0,0
2025-12-04 22:30:00+00:00,611,46.00000000209548,50.15822965515088,0,0,0
2025-12-04 22:45:00+00:00,611,47.99999999886495,48.11136088169852,0,0,0
2025-12-04 23:00:00+00:00,611,48.99999999906868,48.99333462402627,0,0,0
2025-12-04 23:15:00+00:00,611,50.00000000291038,48.353438962133815,0,0,0
2025-12-04 23:30:00+00:00,611,41.99999999764259,48.43203182375586,0,0,0
2025-12-04 23:45:00+00:00,611,46.00000000209548,49.7413982441096,0,0,0
2025-12-05 00:00:00+00:00,611,47.99999999886495,53.93764307572191,0,0,0
2025-12-05 00:15:00+00:00,611,44.00000000168802,45.58830347839124,0,0,0
2025-12-05 00:30:00+00:00,611,51.99999999967986,50.702514944855565,0,0,0
2025-12-05 00:45:00+00:00,611,44.99999999825377,49.41265330068897,0,0,0
2025-12-05 01:00:00+00:00,611,50.99999999947613,49.21965509300968,0,0,0
2025-12-05 01:15:00+00:00,611,50.99999999947613,52.03692851449347,0,0,0
2025-12-05 01:30:00+00:00,611,44.00000000168802,50.88390196962194,0,0,0
2025-12-05 01:45:00+00:00,611,55.00000000029104,52.9126678264645,0,0,0
2025-12-05 02:00:00+00:00,611,44.99999999825377,53.77847286349805,0,0,0
2025-12-05 02:15:00+00:00,611,54.00000000008731,48.83212077262951,0,0,0
2025-12-05 02:30:00+00:00,611,48.00000000250293,55.29933671443491,0,0,0
2025-12-05 02:45:00+00:00,611,43.99999999805004,45.22521593283487,0,0,0
2025-12-05 03:00:00+00:00,611,49.9999999992724,50.79951830409172,0,0,0
2025-12-05 03:15:00+00:00,611,45.00000000189175,47.17312939067753,0,0,0
2025-12-05 03:30:00+00:00,611,50.99999999947613,49.469283695599,0,0,0
2025-12-05 03:45:00+00:00,611,44.00000000168802,48.55072851632525,0,0,0
2025-12-05 04:00:00+00:00,611,45.9999999984575,48.38535936386057,0,0,0
2025-12-05 04:15:00+00:00,611,48.99999999906868,51.952012497225006,0,0,0
2025-12-05 04:30:00+00:00,611,45.00000000189175,47.39061282080617,0,0,0
2025-12-05 04:45:00+00:00,611,77.9999999977008,48.71969104302305,0,0,0
2025-12-05 05:00:00+00:00,611,55.00000000029104,60.8820117955304,0,0,0
2025-12-05 05:15:00+00:00,611,50.99999999947613,51.81055481033623,0,0,0
2025-12-05 05:30:00+00:00,611,64.00000000212458,65.88455065486042,0,0,0
2025-12-05 05:45:00+00:00,611,64.99999999869033,58.78095257263495,0,0,0
2025-12-05 06:00:00+00:00,611,64.00000000212458,93.64513815395355,0,0,0
2025-12-05 06:15:00+00:00,611,106.9999999999709,111.47317198619272,0,0,0
2025-12-05 06:30:00+00:00,611,95.9999999977299,112.8104750427654,0,0,0
2025-12-05 06:45:00+00:00,611,79.0000000015425,85.11696977770973,0,0,0
2025-12-05 07:00:00+00:00,611,74.00000000052387,70.3040933805868,0,0,0
2025-12-05 07:15:00+00:00,611,60.99999999787542,67.3334642108646,0,0,0
2025-12-05 07:30:00+00:00,611,65.0000000023283,68.28897643081078,0,0,0
2025-12-05 07:45:00+00:00,611,73.00000000032014,67.8521640845276,0,0,0
2025-12-05 08:00:00+00:00,611,62.99999999828288,65.35716753284483,0,0,0
2025-12-05 08:15:00+00:00,611,61.0000000015134,66.50925950466478,0,0,0
2025-12-05 08:30:00+00:00,611,61.99999999807915,65.98299432129949,0,0,0
2025-12-05 08:45:00+00:00,611,69.99999999970896,65.53638670303269,0,0,0
2025-12-05 09:00:00+00:00,611,66.99999999909778,64.83575266531682,0,0,0
2025-12-05 09:15:00+00:00,611,69.00000000314321,64.35516326109243,0,0,0
2025-12-05 09:30:00+00:00,611,66.99999999909778,66.9603507075714,0,0,0
2025-12-05 09:45:00+00:00,611,62.99999999828288,64.32714381460312,0,0,0
2025-12-05 10:00:00+00:00,611,62.000000001717126,62.66938867168771,0,0,0
2025-12-05 10:15:00+00:00,611,75.0000000007276,62.29803784415001,0,0,0
2025-12-05 10:30:00+00:00,611,54.00000000008731,65.2955507766533,0,0,0
2025-12-05 10:45:00+00:00,611,50.99999999947613,58.1773987894063,0,0,0
2025-12-05 11:00:00+00:00,611,57.99999999726424,56.77477617455168,0,0,0
2025-12-05 11:15:00+00:00,611,51.00000000311411,56.23127462490606,0,0,0
2025-12-05 11:30:00+00:00,611,58.99999999746797,53.39644246858934,0,0,0
2025-12-05 11:45:00+00:00,611,61.0000000015134,53.57472410821599,0,0,0
2025-12-05 12:00:00+00:00,611,55.00000000029104,53.06639917842934,0,0,0
2025-12-05 12:15:00+00:00,611,55.00000000029104,53.31840561878279,0,0,0
2025-12-05 12:30:00+00:00,611,54.00000000008731,52.57607069490484,0,0,0
2025-12-05 12:45:00+00:00,611,51.99999999967986,53.82210204595641,0,0,0
2025-12-05 13:00:00+00:00,611,54.00000000008731,52.79652346472899,0,0,0
2025-12-05 13:15:00+00:00,611,55.00000000029104,52.398167616514286,0,0,0
2025-12-05 13:30:00+00:00,611,57.99999999726424,52.63794475443652,0,0,0
2025-12-05 13:45:00+00:00,611,54.00000000008731,52.68378911162788,0,0,0
2025-12-05 14:00:00+00:00,611,52.99999999988359,51.43570229136478,0,0,0
2025-12-05 14:15:00+00:00,611,52.00000000331784,51.803237931445096,0,0,0
2025-12-05 14:30:00+00:00,611,55.99999999685679,51.56732330113476,0,0,0
2025-12-05 14:45:00+00:00,611,51.00000000311411,53.470652300899886,0,0,0
2025-12-05 15:00:00+00:00,611,47.99999999886495,52.048101985977176,0,0,0
2025-12-05 15:15:00+00:00,611,49.9999999992724,50.96604975785156,0,0,0
2025-12-05 15:30:00+00:00,611,52.99999999988359,50.55622172967779,0,0,0
2025-12-05 15:45:00+00:00,611,55.00000000029104,50.51679221093221,0,0,0
2025-12-05 16:00:00+00:00,611,52.99999999988359,50.95933029591112,0,0,0
2025-12-05 16:15:00+00:00,611,51.99999999967986,50.87443202370059,0,0,0
2025-12-05 16:30:00+00:00,611,49.9999999992724,50.67510770286522,0,0,0
2025-12-05 16:45:00+00:00,611,52.99999999988359,50.107310211388295,0,0,0
2025-12-05 17:00:00+00:00,611,52.99999999988359,51.32519198552564,0,0,0
2025-12-05 17:15:00+00:00,611,52.99999999988359,51.39529087941311,0,0,0
2025-12-05 17:30:00+00:00,611,52.00000000331784,51.98120903255777,0,0,0
2025-12-05 17:45:00+00:00,611,54.00000000008731,50.8352509357662,0,0,0
2025-12-05 18:00:00+00:00,611,53.99999999644933,50.92744242679059,0,0,0
2025-12-05 18:15:00+00:00,611,48.00000000250293,51.27645222638019,0,0,0
2025-12-05 18:30:00+00:00,611,44.99999999825377,50.36213220093511,0,0,0
2025-12-05 18:45:00+00:00,611,46.00000000209548,46.830534429533714,0,0,0
2025-12-05 19:00:00+00:00,611,46.99999999866122,47.49097591101254,0,0,0
2025-12-05 19:15:00+00:00,611,45.00000000189175,47.37044556245588,0,0,0
2025-12-05 19:30:00+00:00,611,50.99999999947613,48.07252877990364,0,0,0
2025-12-05 19:45:00+00:00,611,23.99999999761349,38.79614595058396,0,0,0
2025-12-05 20:00:00+00:00,611,22.00000000084401,19.95898098769673,0,0,0
2025-12-05 20:15:00+00:00,611,29.999999998835847,21.50180656596819,0,0,0
2025-12-05 20:30:00+00:00,611,34.99999999985448,27.53715142074965,0,0,0
2025-12-05 20:45:00+00:00,611,40.00000000087312,33.90468745707943,0,0,0
2025-12-05 21:00:00+00:00,611,43.000000001484295,38.35995763883839,0,0,0
2025-12-05 21:15:00+00:00,611,44.99999999825377,43.60501524754259,0,0,0
2025-12-05 21:30:00+00:00,611,44.00000000168802,45.79199604098983,0,0,0
2025-12-05 21:45:00+00:00,611,46.99999999866122,43.771333760607135,0,0,0
2025-12-05 22:00:00+00:00,611,48.00000000250293,48.47139036226967,0,0,0
2025-12-05 22:15:00+00:00,611,40.99999999743886,44.30281007598786,0,0,0
2025-12-05 22:30:00+00:00,611,48.99999999906868,45.74077788875191,0,0,0
2025-12-05 22:45:00+00:00,611,46.00000000209548,47.96725326615719,0,0,0
2025-12-05 23:00:00+00:00,611,46.99999999866122,44.97401689261776,0,0,0
2025-12-05 23:15:00+00:00,611,48.00000000250293,48.49524563516211,0,0,0
2025-12-05 23:30:00+00:00,611,42.99999999784632,46.51417553655612,0,0,0
2025-12-05 23:45:00+00:00,611,43.000000001484295,48.9825426712883,0,0,0
2025-12-06 00:00:00+00:00,611,50.99999999947613,49.76819032409132,0,0,0
2025-12-06 00:15:00+00:00,611,43.99999999805004,47.45324696031967,0,0,0
2025-12-06 00:30:00+00:00,611,51.00000000311411,47.51949221912422,0,0,0
2025-12-06 00:45:00+00:00,611,45.9999999984575,47.72119437772372,0,0,0
2025-12-06 01:00:00+00:00,611,42.00000000128057,45.6658050189499,0,0,0
2025-12-06 01:15:00+00:00,611,47.99999999886495,47.29453516209263,0,0,0
2025-12-06 01:30:00+00:00,611,42.00000000128057,46.27034069538463,0,0,0
2025-12-06 01:45:00+00:00,611,45.9999999984575,46.85905073764539,0,0,0
2025-12-06 02:00:00+00:00,611,47.99999999886495,47.444421751503526,0,0,0
2025-12-06 02:15:00+00:00,611,43.000000001484295,47.27660378104294,0,0,0
2025-12-06 02:30:00+00:00,611,49.9999999992724,47.17748580240212,0,0,0
2025-12-06 02:45:00+00:00,611,43.000000001484295,46.02491175650809,0,0,0
2025-12-06 03:00:00+00:00,611,45.9999999984575,45.374312867167376,0,0,0
2025-12-06 03:15:00+00:00,611,45.00000000189175,47.2729364690684,0,0,0
2025-12-06 03:30:00+00:00,611,41.99999999764259,43.74311320346115,0,0,0
2025-12-06 03:45:00+00:00,611,48.00000000250293,44.98366724662816,0,0,0
2025-12-06 04:00:00+00:00,611,42.99999999784632,43.080311629276125,0,0,0
2025-12-06 04:15:00+00:00,611,42.00000000128057,44.07451694806331,0,0,0
2025-12-06 04:30:00+00:00,611,48.99999999906868,43.8095566154127,0,0,0
2025-12-06 04:45:00+00:00,611,42.00000000128057,43.24744641500597,0,0,0
2025-12-06 05:00:00+00:00,611,46.99999999866122,43.695310974876925,0,0,0
2025-12-06 05:15:00+00:00,611,40.00000000087312,46.98690092260284,0,0,0
2025-12-06 05:30:00+00:00,611,40.00000000087312,43.16059027140259,0,0,0
2025-12-06 05:45:00+00:00,611,46.99999999866122,46.13271889852084,0,0,0
2025-12-06 06:00:00+00:00,611,46.99999999866122,44.563248376373096,0,0,0
2025-12-06 06:15:00+00:00,611,91.00000000034925,66.0873116019171,0,0,0
2025-12-06 06:30:00+00:00,611,78.00000000133878,73.1978154691914,0,0,0
2025-12-06 06:45:00+00:00,611,62.99999999828288,63.58407542833025,0,0,0
2025-12-06 07:00:00+00:00,611,51.99999999967986,59.38663280530691,0,0,0
2025-12-06 07:15:00+00:00,611,49.000000002706656,48.09560918526596,0,0,0
2025-12-06 07:30:00+00:00,611,46.99999999866122,47.59006727206645,0,0,0
2025-12-06 07:45:00+00:00,611,46.99999999866122,46.96912333205531,0,0,0
2025-12-06 08:00:00+00:00,611,50.00000000291038,46.33172380831327,0,0,0
2025-12-06 08:15:00+00:00,611,48.99999999906868,50.33635750427536,0,0,0
2025-12-06 08:30:00+00:00,611,48.99999999906868,45.20029891397562,0,0,0
2025-12-06 08:45:00+00:00,611,48.99999999906868,45.7516644817989,0,0,0
2025-12-06 09:00:00+00:00,611,49.000000002706656,46.30160452996756,0,0,0
2025-12-06 09:15:00+00:00,611,46.99999999866122,46.409237178910544,0,0,0
2025-12-06 09:30:00+00:00,611,47.99999999886495,45.28938797736995,0,0,0
2025-12-06 09:45:00+00:00,611,45.00000000189175,45.98739870402018,0,0,0
2025-12-06 10:00:00+00:00,611,46.99999999866122,44.174681885122666,0,0,0
2025-12-06 10:15:00+00:00,611,47.0000000022992,44.74202096260278,0,0,0
2025-12-06 10:30:00+00:00,611,43.99999999805004,42.69566383832107,0,0,0
2025-12-06 10:45:00+00:00,611,45.00000000189175,41.31047278538412,0,0,0
2025-12-06 11:00:00+00:00,611,43.99999999805004,40.97098025187038,0,0,0
2025-12-06 11:15:00+00:00,611,44.00000000168802,40.80877859224822,0,0,0
2025-12-06 11:30:00+00:00,611,43.99999999805004,40.549901856961824,0,0,0
2025-12-06 11:45:00+00:00,611,40.00000000087312,40.588343567482006,0,0,0
2025-12-06 12:00:00+00:00,611,43.000000001484295,40.10628723846781,0,0,0
2025-12-06 12:15:00+00:00,611,39.999999997235136,40.83192406282299,0,0,0
2025-12-06 12:30:00+00:00,611,43.000000001484295,37.61007810782572,0,0,0
2025-12-06 12:45:00+00:00,611,42.00000000128057,38.87277502579384,0,0,0
2025-12-06 13:00:00+00:00,611,40.99999999743886,37.74035936572113,0,0,0
2025-12-06 13:15:00+00:00,611,38.00000000046566,37.9437857524506,0,0,0
2025-12-06 13:30:00+00:00,611,38.00000000046566,35.42604890901605,0,0,0
2025-12-06 13:45:00+00:00,611,38.00000000046566,35.903246049663984,0,0,0
2025-12-06 14:00:00+00:00,611,37.000000000261934,36.997249574313074,0,0,0
2025-12-06 14:15:00+00:00,611,34.99999999985448,35.54074704852934,0,0,0
2025-12-06 14:30:00+00:00,611,33.999999999650754,34.55101052683371,0,0,0
2025-12-06 14:45:00+00:00,611,33.999999999650754,33.56287032097537,0,0,0
2025-12-06 15:00:00+00:00,611,32.99999999944703,34.01311419736529,0,0,0
2025-12-06 15:15:00+00:00,611,34.99999999985448,33.351440913114374,1,0,1
2025-12-06 15:30:00+00:00,611,36.00000000005821,33.99084858591344,1,0,1
2025-12-06 15:45:00+00:00,611,37.000000000261934,34.29292048911604,1,0,1
2025-12-06 16:00:00+00:00,611,39.00000000066939,35.58800509533669,1,0,1
2025-12-06 16:15:00+00:00,611,40.00000000087312,36.27955957840594,1,0,1
2025-12-06 16:30:00+00:00,611,39.999999997235136,37.28499751886997,0,0,0
2025-12-06 16:45:00+00:00,611,39.00000000066939,37.45577004147778,0,0,0
2025-12-06 17:00:00+00:00,611,39.00000000066939,37.3394393566339,0,0,0
2025-12-06 17:15:00+00:00,611,38.00000000046566,37.29284083448003,0,0,0
2025-12-06 17:30:00+00:00,611,38.00000000046566,37.118164399125135,0,0,0
2025-12-06 17:45:00+00:00,611,38.00000000046566,36.58995021689594,0,0,0
2025-12-06 18:00:00+00:00,611,39.00000000066939,36.889457219848616,0,0,0
2025-12-06 18:15:00+00:00,611,36.99999999662396,36.89149198649256,0,0,0
2025-12-06 18:30:00+00:00,611,40.00000000087312,36.2913127217824,0,0,0
2025-12-06 18:45:00+00:00,611,38.00000000046566,35.64299111487749,0,0,0
2025-12-06 19:00:00+00:00,611,41.00000000107684,35.537218739508674,0,0,0
2025-12-06 19:15:00+00:00,611,38.00000000046566,36.92718912805115,0,0,0
2025-12-06 19:30:00+00:00,611,39.999999997235136,36.84473080130756,0,0,0
2025-12-06 19:45:00+00:00,611,24.000000001251465,35.78514085902597,0,0,0
2025-12-06 20:00:00+00:00,611,25.00000000145519,18.72242254007616,0,0,0
2025-12-06 20:15:00+00:00,611,27.9999999984284,18.558715508038645,0,0,0
2025-12-06 20:30:00+00:00,611,29.999999998835847,30.46574402696374,0,0,0
2025-12-06 20:45:00+00:00,611,34.00000000328873,30.94593268862961,0,0,0
2025-12-06 21:00:00+00:00,611,33.999999999650754,32.45921644231587,0,0,0
2025-12-06 21:15:00+00:00,611,34.99999999985448,32.74958769793842,0,0,0
2025-12-06 21:30:00+00:00,611,36.00000000005821,33.20013915533266,0,0,0
2025-12-06 21:45:00+00:00,611,34.99999999985448,33.01521494901665,0,0,0
2025-12-06 22:00:00+00:00,611,32.99999999944703,33.816133702933,0,0,0
2025-12-06 22:15:00+00:00,611,32.99999999944703,33.6834509471962,0,0,0
2025-12-06 22:30:00+00:00,611,31.9999999992433,34.461575434809525,0,0,0
2025-12-06 22:45:00+00:00,611,34.99999999985448,33.93039560977189,0,0,0
2025-12-06 23:00:00+00:00,611,34.99999999985448,34.03747076814456,0,0,0
2025-12-06 23:15:00+00:00,611,36.00000000005821,33.79353389288992,0,0,0
2025-12-06 23:30:00+00:00,611,32.99999999944703,34.2477999824132,0,0,0
2025-12-06 23:45:00+00:00,611,34.99999999985448,33.34528337800874,0,0,0
2025-12-07 00:00:00+00:00,611,34.00000000328873,34.45014465998567,0,0,0
2025-12-07 00:15:00+00:00,611,34.99999999985448,34.32535549752309,0,0,0
2025-12-07 00:30:00+00:00,611,33.999999999650754,35.141459584772704,0,0,0
2025-12-07 00:45:00+00:00,611,34.99999999985448,34.51532521531374,0,0,0
2025-12-07 01:00:00+00:00,611,34.99999999985448,34.36239239095625,0,0,0
2025-12-07 01:15:00+00:00,611,32.99999999944703,33.92261883812912,0,0,0
2025-12-07 01:30:00+00:00,611,32.99999999944703,33.55121921168208,0,0,0
2025-12-07 01:45:00+00:00,611,33.999999999650754,33.12559216692124,0,0,0
2025-12-07 02:00:00+00:00,611,31.9999999992433,33.23928623190601,0,0,0
2025-12-07 02:15:00+00:00,611,32.00000000288128,33.195906959013655,0,0,0
2025-12-07 02:30:00+00:00,611,33.999999999650754,33.2759918842576,0,0,0
2025-12-07 02:45:00+00:00,611,33.999999999650754,33.329780112387354,0,0,0
2025-12-07 03:00:00+00:00,611,31.9999999992433,33.374156066034075,0,0,0
2025-12-07 03:15:00+00:00,611,33.999999999650754,33.19216718805253,0,0,0
2025-12-07 03:30:00+00:00,611,33.999999999650754,33.41340961295507,0,0,0
2025-12-07 06:30:00+00:00,611,48.00000000250293,33.178664677714025,0,0,0
2025-12-07 06:45:00+00:00,611,47.99999999886495,46.64781356791209,0,0,0
2025-12-07 07:00:00+00:00,611,46.99999999866122,45.36300926525877,0,0,0
2025-12-07 07:15:00+00:00,611,32.00000000288128,43.34178801555092,0,0,0
2025-12-07 07:30:00+00:00,611,35.99999999642023,34.3983054307198,0,0,0
2025-12-07 07:45:00+00:00,611,33.000000003085006,37.14865632368761,0,0,0
2025-12-07 08:00:00+00:00,611,31.9999999992433,35.15850667043499,0,0,0
2025-12-07 08:15:00+00:00,611,32.99999999944703,36.37119210010519,0,0,0
2025-12-07 08:30:00+00:00,611,24.000000001251465,34.508079316654374,0,0,0
2025-12-07 08:45:00+00:00,611,23.99999999761349,31.605244401419505,0,0,0
2025-12-07 09:00:00+00:00,611,25.00000000145519,31.23497010739691,0,0,0
2025-12-07 09:15:00+00:00,611,25.00000000145519,26.8421026400208,0,0,0
2025-12-07 09:30:00+00:00,611,27.9999999984284,25.98798420239642,0,0,0
2025-12-07 09:45:00+00:00,611,26.999999998224663,25.664216747728325,0,0,0
2025-12-07 10:00:00+00:00,611,28.00000000206637,25.100809679337043,0,0,0
2025-12-07 10:15:00+00:00,611,28.99999999863212,26.079436316006596,0,0,0
2025-12-07 10:30:00+00:00,611,28.00000000206637,25.043818468248887,0,0,0
2025-12-07 10:45:00+00:00,611,21.999999997206032,25.869389543910188,0,0,0
2025-12-07 11:00:00+00:00,611,12.000000002444722,24.878527689790108,0,0,0
2025-12-07 11:15:00+00:00,611,11.999999998806745,16.148424251061286,0,0,0
2025-12-07 11:30:00+00:00,611,10.000000002037268,14.09643898590253,0,0,0
2025-12-07 11:45:00+00:00,611,10.999999998603016,11.149946052490153,0,0,0
2025-12-07 12:00:00+00:00,611,9.99999999839929,10.848779147242556,0,0,0
2025-12-07 12:15:00+00:00,611,18.000000000029104,10.481803955242215,0,0,0
2025-12-07 12:30:00+00:00,611,11.000000002240997,13.031470812309902,0,0,0
2025-12-07 12:45:00+00:00,611,11.999999998806745,12.205603246305497,0,0,0
2025-12-07 13:00:00+00:00,611,9.000000001833541,12.023388858212613,0,0,0
2025-12-07 13:15:00+00:00,611,9.99999999839929,11.70292494183126,0,0,0
2025-12-07 13:30:00+00:00,611,9.99999999839929,11.000316766419408,0,0,0
2025-12-07 13:45:00+00:00,611,12.000000002444722,10.59838528902952,0,0,0
2025-12-07 14:00:00+00:00,611,9.99999999839929,10.572888598277522,0,0,0
2025-12-07 14:15:00+00:00,611,11.000000002240997,10.331802762332115,0,0,0
2025-12-07 14:30:00+00:00,611,8.999999998195563,9.246924633729344,0,0,0
2025-12-07 14:45:00+00:00,611,10.000000002037268,9.042764784604964,0,0,0
2025-12-07 15:00:00+00:00,611,9.99999999839929,9.044342616006912,0,0,0
2025-12-07 15:15:00+00:00,611,9.99999999839929,9.724166137022127,0,0,0
2025-12-07 15:30:00+00:00,611,9.000000001833541,10.16256222972657,0,0,0
2025-12-07 15:45:00+00:00,611,9.99999999839929,10.26979561486588,0,0,0
2025-12-07 16:00:00+00:00,611,8.000000001629815,10.366674019319024,0,0,0
2025-12-07 16:15:00+00:00,611,9.99999999839929,10.0040722447238,0,0,0
2025-12-07 16:30:00+00:00,611,9.000000001833541,9.132789899805694,0,0,0
2025-12-07 16:45:00+00:00,611,8.999999998195563,9.26514289321575,0,0,0
2025-12-07 17:00:00+00:00,611,8.000000001629815,9.437395649406833,0,0,0
2025-12-07 17:15:00+00:00,611,8.999999998195563,9.587040462403277,0,0,0
2025-12-07 17:30:00+00:00,611,8.000000001629815,9.885069449904918,0,0,0
2025-12-07 17:45:00+00:00,611,9.99999999839929,9.816523987964723,0,0,0
2025-12-07 18:00:00+00:00,611,11.000000002240997,10.2259416616736,0,0,0
2025-12-07 18:15:00+00:00,611,10.999999998603016,10.968576033404313,0,0,0
2025-12-07 18:30:00+00:00,611,11.000000002240997,10.773777441721386,0,0,0
2025-12-07 18:45:00+00:00,611,10.999999998603016,10.54333790116335,0,0,0
2025-12-07 19:00:00+00:00,611,12.99999999901047,10.846564711886964,0,0,0
2025-12-07 19:15:00+00:00,611,12.000000002444722,12.079823318107865,0,0,0
2025-12-07 19:30:00+00:00,611,10.999999998603016,12.565791693020705,0,0,0
2025-12-07 19:45:00+00:00,611,10.999999998603016,11.867300371051233,0,0,0
2025-12-07 20:00:00+00:00,611,10.000000002037268,11.48204333310686,0,0,0
2025-12-07 20:15:00+00:00,611,9.99999999839929,10.975318416044594,0,0,0
2025-12-07 20:30:00+00:00,611,11.000000002240997,10.927795672122947,0,0,0
2025-12-07 20:45:00+00:00,611,9.99999999839929,11.106497278120866,0,0,0
2025-12-07 21:00:00+00:00,611,10.999999998603016,10.83196940173024,0,0,0
2025-12-07 21:15:00+00:00,611,10.000000002037268,10.551994531929047,0,0,0
2025-12-07 21:30:00+00:00,611,9.99999999839929,10.540604422862971,0,0,0
2025-12-07 21:45:00+00:00,611,10.000000002037268,10.518590199731957,0,0,0
2025-12-07 22:00:00+00:00,611,9.99999999839929,10.4774098352695,0,0,0
2025-12-07 22:15:00+00:00,611,8.000000001629815,10.510857051356616,0,0,0
2025-12-07 22:30:00+00:00,611,7.999999997991836,10.21791571984223,0,0,0
2025-12-07 22:45:00+00:00,611,8.000000001629815,9.380408874583155,0,0,0
2025-12-07 23:00:00+00:00,611,6.999999997788109,8.466446707806554,0,0,0
2025-12-07 23:15:00+00:00,611,8.000000001629815,7.814490321533329,0,0,0
2025-12-07 23:30:00+00:00,611,6.000000001222361,7.593715183156574,0,0,0
2025-12-07 23:45:00+00:00,611,5.999999997584382,7.343039622148721,0,0,0
2025-12-08 00:00:00+00:00,611,3.0000000006111804,7.051165951620469,0,0,0
2025-12-08 00:15:00+00:00,611,6.000000001222361,6.713835357665905,0,0,0
2025-12-08 00:30:00+00:00,611,6.999999997788109,6.678357071821923,0,0,0
2025-12-08 00:45:00+00:00,611,6.000000001222361,6.958554494224796,0,0,0
2025-12-08 01:00:00+00:00,611,4.000000000814907,6.676097534444063,0,0,0
2025-12-08 01:15:00+00:00,611,5.999999997584382,5.939831420382038,0,0,0
2025-12-08 01:30:00+00:00,611,6.000000001222361,6.322610065233942,0,0,0
2025-12-08 01:45:00+00:00,611,4.000000000814907,6.769463156802242,0,0,0
2025-12-08 02:00:00+00:00,611,6.000000001222361,6.530398778707315,0,0,0
2025-12-08 02:15:00+00:00,611,5.999999997584382,7.430182644188816,0,0,0
2025-12-08 02:30:00+00:00,611,6.000000001222361,7.280606593291894,0,0,0
2025-12-08 02:45:00+00:00,611,6.000000001222361,7.175808717355029,0,0,0
2025-12-08 03:00:00+00:00,611,4.999999997380655,7.172678193383216,0,0,0
2025-12-08 03:15:00+00:00,611,7.000000001426088,7.363730359708283,0,0,0
2025-12-08 03:30:00+00:00,611,7.000000001426088,7.454312965479335,0,0,0
2025-12-08 03:45:00+00:00,611,4.999999997380655,7.851241815284601,0,0,0
2025-12-08 04:00:00+00:00,611,7.000000001426088,8.150263786653541,0,0,0
2025-12-08 04:15:00+00:00,611,7.999999997991836,9.224613180877808,0,0,0
2025-12-08 04:30:00+00:00,611,10.000000002037268,9.59822724268044,0,0,0
2025-12-08 04:45:00+00:00,611,7.999999997991836,9.990874357879951,0,0,0
2025-12-08 05:00:00+00:00,611,9.000000001833541,10.349603273579488,0,0,0
2025-12-08 05:15:00+00:00,611,26.999999998224663,28.34125837007612,0,0,0
2025-12-08 05:30:00+00:00,611,31.000000002677552,43.571536238226656,1,0,1
2025-12-08 05:45:00+00:00,611,41.99999999764259,18.890390604151836,1,0,1
2025-12-08 06:00:00+00:00,611,37.000000000261934,63.37816177597934,1,0,1
2025-12-08 06:15:00+00:00,611,125.0,43.08041809962377,1,0,1
2025-12-08 06:30:00+00:00,611,157.99999999944703,106.5958245106386,0,0,0
2025-12-08 06:45:00+00:00,611,137.00000000244472,81.27255620989968,0,0,0
2025-12-08 07:00:00+00:00,611,102.999999999156,67.55992664031155,0,0,0
2025-12-08 07:15:00+00:00,611,58.00000000090222,61.40106657035221,0,0,0
2025-12-08 07:30:00+00:00,611,39.999999997235136,53.31623480669464,0,0,0
2025-12-08 07:45:00+00:00,611,56.000000000494765,51.070825452466,0,0,0
2025-12-08 08:00:00+00:00,611,46.00000000209548,52.71988847449981,0,0,0
2025-12-08 08:15:00+00:00,611,54.00000000008731,52.60724876170772,0,0,0
2025-12-08 08:30:00+00:00,611,51.99999999967986,52.332537519718365,0,0,0
2025-12-08 08:45:00+00:00,611,48.99999999906868,51.99236475898354,0,0,0
2025-12-08 09:00:00+00:00,611,60.00000000130967,51.83207956561904,0,0,0
2025-12-08 09:15:00+00:00,611,50.99999999947613,51.28008996325816,0,0,0
2025-12-08 09:30:00+00:00,611,57.00000000069849,49.41438640134791,0,0,0
2025-12-08 09:45:00+00:00,611,56.99999999706051,55.050707750109616,0,0,0
2025-12-08 10:00:00+00:00,611,50.00000000291038,50.64472816366971,0,0,0
2025-12-08 10:15:00+00:00,611,50.99999999947613,51.10933518570829,0,0,0
2025-12-08 10:30:00+00:00,611,43.99999999805004,48.40154285670304,0,0,0
2025-12-08 10:45:00+00:00,611,45.00000000189175,43.82830722663735,0,0,0
2025-12-08 11:00:00+00:00,611,42.99999999784632,42.36752814188976,0,0,0
2025-12-08 11:15:00+00:00,611,44.00000000168802,40.41442425459927,0,0,0
2025-12-08 11:30:00+00:00,611,47.99999999886495,40.96232953612399,0,0,0
2025-12-08 11:45:00+00:00,611,44.00000000168802,42.52734604872848,0,0,0
2025-12-08 12:00:00+00:00,611,46.99999999866122,39.60592096716785,0,0,0
2025-12-08 12:15:00+00:00,611,55.00000000029104,42.60271818233417,0,0,0
2025-12-08 12:30:00+00:00,611,39.00000000066939,42.44458014098056,0,0,0
2025-12-08 12:45:00+00:00,611,42.99999999784632,41.65731473039523,0,0,0
2025-12-08 13:00:00+00:00,611,52.99999999988359,41.350928559980645,0,0,0
2025-12-08 13:15:00+00:00,611,42.00000000128057,42.35400936524815,0,0,0
2025-12-08 13:30:00+00:00,611,47.0000000022992,41.66914772653242,0,0,0
2025-12-08 13:45:00+00:00,611,42.99999999784632,42.72057789967066,0,0,0
2025-12-08 14:00:00+00:00,611,36.00000000005821,41.77888316484146,0,0,0
2025-12-08 14:15:00+00:00,611,43.000000001484295,40.54948780560986,0,0,0
2025-12-08 14:30:00+00:00,611,33.999999999650754,39.649159758351495,0,0,0
2025-12-08 14:45:00+00:00,611,32.99999999944703,39.94246486355368,0,0,0
2025-12-08 15:00:00+00:00,611,36.00000000005821,39.00518864815186,0,0,0
2025-12-08 15:15:00+00:00,611,36.00000000005821,36.57217558385807,0,0,0
2025-12-08 15:30:00+00:00,611,33.999999999650754,37.75605486947022,0,0,0
2025-12-08 15:45:00+00:00,611,36.00000000005821,36.225555452071234,0,0,0
2025-12-08 16:00:00+00:00,611,33.999999999650754,36.15633493855186,0,0,0
2025-12-08 19:15:00+00:00,611,37.000000000261934,35.64667912941962,0,0,0
2025-12-08 19:30:00+00:00,611,29.0000000022701,32.8985219692398,0,0,0
2025-12-08 19:45:00+00:00,611,8.999999998195563,33.04323291675115,0,0,0
2025-12-08 20:00:00+00:00,611,7.000000001426088,10.30414339264352,0,0,0
2025-12-08 20:15:00+00:00,611,3.0000000006111804,7.002139314038299,0,0,0
2025-12-08 20:30:00+00:00,611,3.999999997176928,5.748406607840202,0,0,0
2025-12-08 20:45:00+00:00,611,3.0000000006111804,7.4878230286466625,0,0,0
2025-12-08 21:00:00+00:00,611,2.0000000004074536,6.793679245872811,0,0,0
2025-12-08 21:15:00+00:00,611,3.0000000006111804,7.527657726215237,0,0,0
2025-12-08 21:30:00+00:00,611,2.0000000004074536,6.6535199057234085,0,0,0
2025-12-08 21:45:00+00:00,611,3.0000000006111804,6.2359609473065465,0,0,0
2025-12-08 22:00:00+00:00,611,3.0000000006111804,6.046038549670408,0,0,0
2025-12-08 22:15:00+00:00,611,1.9999999967694748,5.403614217021321,0,0,0
2025-12-08 22:30:00+00:00,611,4.000000000814907,5.173295194981801,0,0,0
2025-12-08 22:45:00+00:00,611,5.000000001018634,5.805785252693415,0,0,0
2025-12-08 23:00:00+00:00,611,4.000000000814907,5.732730327903887,0,0,0
2025-12-08 23:15:00+00:00,611,6.999999997788109,5.853398200659594,0,0,0
2025-12-08 23:30:00+00:00,611,4.000000000814907,6.055055996614248,0,0,0
2025-12-08 23:45:00+00:00,611,6.000000001222361,6.350002519676004,0,0,0
2025-12-09 00:00:00+00:00,611,8.999999998195563,6.848567667594926,0,0,0
2025-12-09 00:15:00+00:00,611,4.000000000814907,7.399229348119865,0,0,0
2025-12-09 00:30:00+00:00,611,6.000000001222361,7.204471422194722,0,0,0
2025-12-09 00:45:00+00:00,611,7.999999997991836,7.26345895230128,0,0,0
2025-12-09 01:00:00+00:00,611,7.000000001426088,7.435506161571208,0,0,0
2025-12-09 01:15:00+00:00,611,4.000000000814907,7.47209647104618,0,0,0
2025-12-09 01:30:00+00:00,611,6.999999997788109,6.74610474553217,0,0,0
2025-12-09 01:45:00+00:00,611,7.000000001426088,7.039770666912494,0,0,0
2025-12-09 02:00:00+00:00,611,5.000000001018634,7.196379675773487,0,0,0
2025-12-09 02:15:00+00:00,611,6.999999997788109,6.815622488772064,0,0,0
2025-12-09 02:30:00+00:00,611,8.000000001629815,6.939311457642278,0,0,0
2025-12-09 02:45:00+00:00,611,4.000000000814907,8.767822856862376,0,0,0
2025-12-09 03:00:00+00:00,611,6.999999997788109,8.622833903443281,0,0,0
2025-12-09 03:15:00+00:00,611,7.000000001426088,9.133539628503714,0,0,0
2025-12-09 03:30:00+00:00,611,4.999999997380655,9.15809878869448,0,0,0
2025-12-09 03:45:00+00:00,611,7.000000001426088,7.868387977520388,0,0,0
2025-12-09 04:00:00+00:00,611,8.000000001629815,8.095601614420179,0,0,0
2025-12-09 04:15:00+00:00,611,5.999999997584382,9.494766161108489,0,0,0
2025-12-09 04:30:00+00:00,611,7.000000001426088,8.813930432413201,0,0,0
2025-12-09 05:15:00+00:00,611,19.00000000023283,8.604698454227266,0,0,0
2025-12-09 05:30:00+00:00,611,16.999999999825377,39.40126129891146,0,0,0
2025-12-09 05:45:00+00:00,611,10.000000002037268,17.07452588591328,0,0,0
2025-12-09 06:00:00+00:00,611,13.999999999214197,10.368177173602136,0,0,0
2025-12-09 06:15:00+00:00,611,134.9999999983993,29.531250828149044,0,0,0
2025-12-09 06:30:00+00:00,611,156.9999999992433,133.0968027318454,0,0,0
2025-12-09 06:45:00+00:00,611,110.00000000058208,102.79412329729328,0,0,0
2025-12-09 07:00:00+00:00,611,65.0000000023283,66.94846743377003,0,0,0
2025-12-09 07:15:00+00:00,611,42.99999999784632,46.492704016447135,0,0,0
2025-12-09 07:30:00+00:00,611,34.99999999985448,41.1100275683888,0,0,0
2025-12-09 07:45:00+00:00,611,40.00000000087312,40.76649803419341,0,0,0
2025-12-09 08:00:00+00:00,611,42.00000000128057,42.84691679719344,0,0,0
2025-12-09 08:15:00+00:00,611,43.99999999805004,42.962561339796935,0,0,0
2025-12-09 08:30:00+00:00,611,49.9999999992724,40.71859525028084,0,0,0
2025-12-09 08:45:00+00:00,611,45.00000000189175,41.41955165654933,0,0,0
2025-12-09 09:00:00+00:00,611,43.99999999805004,42.05334301850998,0,0,0
2025-12-09 09:15:00+00:00,611,43.000000001484295,42.87939616824535,0,0,0
2025-12-09 09:30:00+00:00,611,63.9999999984866,41.96495192739467,0,0,0
2025-12-09 09:45:00+00:00,611,43.000000001484295,55.35863182554578,0,0,0
2025-12-09 10:00:00+00:00,611,39.00000000066939,45.21170011370291,0,0,0
2025-12-09 10:15:00+00:00,611,51.99999999967986,43.33912921436938,0,0,0
2025-12-09 10:30:00+00:00,611,40.00000000087312,42.31928524436667,0,0,0
2025-12-09 10:45:00+00:00,611,36.00000000005821,40.28473449863524,0,0,0
2025-12-09 11:00:00+00:00,611,38.00000000046566,37.22314711941556,0,0,0
2025-12-09 11:15:00+00:00,611,31.9999999992433,35.618186481385194,0,0,0
2025-12-09 11:30:00+00:00,611,34.99999999985448,34.00006418600429,0,0,0
2025-12-09 11:45:00+00:00,611,32.99999999944703,32.68052393243086,0,0,0
2025-12-09 12:00:00+00:00,611,28.99999999863212,33.42068656546583,0,0,0
2025-12-09 12:15:00+00:00,611,28.00000000206637,32.77929883995148,0,0,0
2025-12-09 12:30:00+00:00,611,26.999999998224663,29.032315991523014,0,0,0
2025-12-09 12:45:00+00:00,611,31.9999999992433,28.56429304583073,0,0,0
2025-12-09 13:00:00+00:00,611,33.000000003085006,29.42326475680206,0,0,0
2025-12-09 13:15:00+00:00,611,30.999999999039574,28.763788902226203,0,0,0
2025-12-09 13:30:00+00:00,611,30.999999999039574,29.543460906767493,0,0,0
2025-12-09 13:45:00+00:00,611,29.0000000022701,29.21739398834117,0,0,0
2025-12-09 14:00:00+00:00,611,43.99999999805004,29.787159702494755,0,0,0
2025-12-09 14:15:00+00:00,611,26.00000000165892,34.9758035538713,0,0,0
2025-12-09 14:30:00+00:00,611,27.9999999984284,27.53239278771173,0,0,0
2025-12-09 14:45:00+00:00,611,27.000000001862645,30.1266315334409,0,0,0
2025-12-09 15:00:00+00:00,611,26.999999998224663,28.92262639461366,0,0,0
2025-12-09 15:15:00+00:00,611,28.99999999863212,29.16304531213144,0,0,0
2025-12-09 15:30:00+00:00,611,31.000000002677552,30.057011756117845,0,0,0
2025-12-09 15:45:00+00:00,611,31.9999999992433,30.25160701901186,0,0,0
2025-12-09 16:00:00+00:00,611,34.99999999985448,32.87099642686318,0,0,0
2025-12-09 16:15:00+00:00,611,36.00000000005821,32.11154491584601,0,0,0
2025-12-09 16:30:00+00:00,611,36.00000000005821,34.56089452410701,0,0,0
2025-12-09 16:45:00+00:00,611,38.00000000046566,33.77172373792523,0,0,0
2025-12-09 17:00:00+00:00,611,45.9999999984575,34.9441611580523,0,0,0
2025-12-09 17:15:00+00:00,611,36.00000000005821,37.73085984470322,0,0,0
2025-12-09 17:30:00+00:00,611,34.99999999985448,35.25650079540619,0,0,0
2025-12-09 17:45:00+00:00,611,36.00000000005821,34.13581092174562,0,0,0
2025-12-09 18:00:00+00:00,611,33.999999999650754,34.46274365112399,0,0,0
2025-12-09 18:15:00+00:00,611,36.00000000005821,34.119009309384865,0,0,0
2025-12-09 18:30:00+00:00,611,39.00000000066939,35.627748110105905,0,0,0
2025-12-09 18:45:00+00:00,611,39.00000000066939,34.676695814722315,0,0,0
2025-12-09 19:00:00+00:00,611,43.000000001484295,35.34433291719634,0,0,0
2025-12-09 19:15:00+00:00,611,33.999999999650754,35.3121167645039,0,0,0
2025-12-09 19:30:00+00:00,611,36.00000000005821,32.52657372475141,0,0,0
2025-12-09 19:45:00+00:00,611,9.99999999839929,19.68396216470306,0,0,0
2025-12-09 20:00:00+00:00,611,8.000000001629815,9.355199062267875,0,0,0
2025-12-09 20:15:00+00:00,611,2.9999999969732016,7.047256123854067,0,0,0
2025-12-09 20:30:00+00:00,611,2.0000000004074536,4.697372740995984,0,0,0
2025-12-09 20:45:00+00:00,611,2.0000000004074536,4.794006411525022,0,0,0
2025-12-09 21:00:00+00:00,611,4.000000000814907,4.359648798257055,0,0,0
2025-12-09 21:15:00+00:00,611,2.0000000004074536,4.027890152496063,0,0,0
2025-12-09 21:30:00+00:00,611,4.000000000814907,4.824595933906174,0,0,0
2025-12-09 21:45:00+00:00,611,15.99999999962165,4.163808423797494,0,0,0
2025-12-09 22:00:00+00:00,611,11.999999998806745,7.550458646914985,0,0,0
2025-12-09 22:15:00+00:00,611,7.000000001426088,7.547328122943174,0,0,0
2025-12-09 22:30:00+00:00,611,4.999999997380655,7.787881607150341,0,0,0
2025-12-09 22:45:00+00:00,611,7.000000001426088,8.173906118850676,0,0,0
2025-12-09 23:00:00+00:00,611,8.000000001629815,7.944283590335353,0,0,0
2025-12-09 23:15:00+00:00,611,7.999999997991836,7.56129496229781,0,0,0
2025-12-09 23:30:00+00:00,611,8.000000001629815,8.282678887766393,0,0,0
2025-12-09 23:45:00+00:00,611,6.999999997788109,8.402960805511876,0,0,0
2025-12-10 00:00:00+00:00,611,8.000000001629815,8.155225009102965,0,0,0
2025-12-10 00:15:00+00:00,611,5.999999997584382,7.914001648958514,0,0,0
2025-12-10 00:30:00+00:00,611,5.000000001018634,7.839444309263289,0,0,0
2025-12-10 00:45:00+00:00,611,8.000000001629815,7.785086760524585,0,0,0
2025-12-10 01:00:00+00:00,611,6.999999997788109,7.895088374702739,0,0,0
2025-12-10 01:15:00+00:00,611,7.000000001426088,7.817826392426294,0,0,0
2025-12-10 01:30:00+00:00,611,7.000000001426088,7.906946509672016,0,0,0
2025-12-10 01:45:00+00:00,611,4.999999997380655,7.854393041824011,0,0,0
2025-12-10 02:00:00+00:00,611,7.000000001426088,7.584128415603784,0,0,0
2025-12-10 02:15:00+00:00,611,6.000000001222361,7.433864743711636,0,0,0
2025-12-10 02:30:00+00:00,611,6.999999997788109,7.494601640780241,0,0,0
2025-12-10 02:45:00+00:00,611,4.000000000814907,7.60741732539692,0,0,0
2025-12-10 03:00:00+00:00,611,5.000000001018634,7.288767841190067,0,0,0
2025-12-10 03:15:00+00:00,611,6.999999997788109,7.1071870995411714,0,0,0
2025-12-10 03:30:00+00:00,611,5.000000001018634,7.242519783930538,0,0,0
2025-12-10 03:45:00+00:00,611,5.000000001018634,7.015031098632656,0,0,0
2025-12-10 04:00:00+00:00,611,4.999999997380655,6.960531589430422,0,0,0
2025-12-10 04:15:00+00:00,611,6.000000001222361,7.066704707357738,0,0,0
2025-12-10 04:30:00+00:00,611,4.000000000814907,7.268754373341931,0,0,0
2025-12-10 04:45:00+00:00,611,9.99999999839929,7.044374030693435,0,0,0
2025-12-10 05:00:00+00:00,611,19.00000000023283,7.68466452012508,0,0,0
2025-12-10 05:15:00+00:00,611,21.000000000640284,23.167002063802897,0,0,0
2025-12-10 05:30:00+00:00,611,11.999999998806745,14.135513603489285,0,0,0
2025-12-10 05:45:00+00:00,611,8.000000001629815,9.556905657131868,0,0,0
2025-12-10 06:00:00+00:00,611,12.99999999901047,14.291911889787224,0,0,0
2025-12-10 06:15:00+00:00,611,127.00000000040744,110.23958287826764,0,0,0
2025-12-10 06:30:00+00:00,611,155.99999999903957,128.6397173785345,0,0,0
2025-12-10 06:45:00+00:00,611,99.00000000197906,99.44028960132856,0,0,0
2025-12-10 07:00:00+00:00,611,66.99999999909778,57.930216047303226,0,0,0
2025-12-10 07:15:00+00:00,611,41.00000000107684,43.74348880718757,0,0,0
2025-12-10 07:30:00+00:00,611,31.9999999992433,38.121750938543954,0,0,0
2025-12-10 07:45:00+00:00,611,36.00000000005821,36.30112573882394,0,0,0
2025-12-10 08:00:00+00:00,611,38.00000000046566,37.71820466088141,0,0,0
2025-12-10 08:15:00+00:00,611,49.9999999992724,38.04045491309552,0,0,0
2025-12-10 08:30:00+00:00,611,47.99999999886495,36.37258508715358,0,0,0
2025-12-10 08:45:00+00:00,611,45.00000000189175,37.2747408753799,0,0,0
2025-12-10 09:00:00+00:00,611,41.00000000107684,41.04425551112935,0,0,0
2025-12-10 09:15:00+00:00,611,43.99999999805004,39.32691246364704,0,0,0
2025-12-10 09:30:00+00:00,611,39.00000000066939,41.3251952684561,0,0,0
2025-12-10 09:45:00+00:00,611,41.00000000107684,41.26443619006507,0,0,0
2025-12-10 10:00:00+00:00,611,46.99999999866122,41.1392418487795,0,0,0
2025-12-10 10:15:00+00:00,611,37.000000000261934,41.52673180651482,0,0,0
2025-12-10 10:30:00+00:00,611,36.00000000005821,37.78969654181728,0,0,0
2025-12-10 10:45:00+00:00,611,37.000000000261934,36.59413213555078,0,0,0
2025-12-10 11:00:00+00:00,611,36.00000000005821,35.79468178517908,0,0,0
2025-12-10 11:15:00+00:00,611,37.000000000261934,35.44820657136543,0,0,0
2025-12-10 11:30:00+00:00,611,36.00000000005821,35.11424753841972,0,0,0
2025-12-10 11:45:00+00:00,611,34.99999999985448,35.60644221053771,0,0,0
2025-12-10 12:00:00+00:00,611,30.999999999039574,34.92967231824322,0,0,0
2025-12-10 12:15:00+00:00,611,31.9999999992433,33.44941433551798,0,0,0
2025-12-10 12:30:00+00:00,611,31.9999999992433,32.08361863091088,0,0,0
2025-12-10 12:45:00+00:00,611,33.000000003085006,31.94918059319272,0,0,0
2025-12-10 13:00:00+00:00,611,32.99999999944703,32.90153419282534,0,0,0
2025-12-10 13:15:00+00:00,611,32.99999999944703,33.4897089258382,0,0,0
2025-12-10 13:30:00+00:00,611,32.99999999944703,33.377725780189934,0,0,0
2025-12-10 13:45:00+00:00,611,31.9999999992433,34.141409487526104,0,0,0
2025-12-10 14:00:00+00:00,611,32.99999999944703,33.97464439050337,0,0,0
2025-12-10 14:15:00+00:00,611,31.000000002677552,33.97522554115095,0,0,0
2025-12-10 17:00:00+00:00,611,36.99999999662396,33.34115173701807,0,0,0
2025-12-10 17:15:00+00:00,611,38.00000000046566,34.364690375959654,0,0,0
2025-12-10 17:30:00+00:00,611,37.000000000261934,35.51054495991323,0,0,0
2025-12-10 17:45:00+00:00,611,36.00000000005821,35.120067917424464,0,0,0
2025-12-10 18:00:00+00:00,611,34.99999999985448,35.10378386925366,0,0,0
2025-12-10 18:15:00+00:00,611,34.99999999985448,35.418572324603446,0,0,0
2025-12-10 18:30:00+00:00,611,33.999999999650754,36.05001838140618,0,0,0
2025-12-10 18:45:00+00:00,611,34.99999999985448,35.22483178200027,0,0,0
2025-12-10 19:00:00+00:00,611,36.00000000005821,35.37485145934573,0,0,0
2025-12-10 19:15:00+00:00,611,32.00000000288128,34.60995960931472,0,0,0
2025-12-10 19:30:00+00:00,611,32.99999999944703,34.7352219733224,0,0,0
2025-12-10 19:45:00+00:00,611,7.999999997991836,29.48329333030784,0,0,0
2025-12-10 20:00:00+00:00,611,5.000000001018634,7.533325793472654,0,0,0
2025-12-10 20:15:00+00:00,611,1.0000000002037268,5.876011319496133,0,0,0
2025-12-10 20:30:00+00:00,611,2.0000000004074536,3.5556675430910083,0,0,0
2025-12-10 20:45:00+00:00,611,2.0000000004074536,3.5980900616093585,0,0,0
2025-12-10 21:00:00+00:00,611,1.0000000002037268,2.747007507647769,0,0,0
2025-12-10 21:15:00+00:00,611,2.0000000004074536,2.4887902970148623,0,0,0
2025-12-10 21:30:00+00:00,611,2.0000000004074536,3.668313170902419,0,0,0
2025-12-10 21:45:00+00:00,611,6.999999997788109,2.4203402147611044,0,0,0
2025-12-10 22:00:00+00:00,611,3.0000000006111804,3.955608616481811,0,0,0
2025-12-10 22:15:00+00:00,611,6.000000001222361,3.955589392669044,0,0,0
2025-12-10 22:30:00+00:00,611,6.999999997788109,4.83268768032741,0,0,0
2025-12-10 22:45:00+00:00,611,6.000000001222361,5.64208709318487,0,0,0
2025-12-10 23:00:00+00:00,611,7.000000001426088,5.752008854602288,0,0,0
2025-12-10 23:15:00+00:00,611,8.999999998195563,6.306861326311033,0,0,0
2025-12-10 23:30:00+00:00,611,9.000000001833541,7.444285528987669,0,0,0
2025-12-10 23:45:00+00:00,611,10.999999998603016,8.192767636687455,0,0,0
2025-12-11 00:00:00+00:00,611,9.99999999839929,9.537038586011748,0,0,0
2025-12-11 00:15:00+00:00,611,10.000000002037268,10.166794426045572,0,0,0
2025-12-11 00:30:00+00:00,611,9.99999999839929,10.524116306525844,0,0,0
2025-12-11 00:45:00+00:00,611,10.000000002037268,10.836748737335766,0,0,0
2025-12-11 01:00:00+00:00,611,11.999999998806745,10.984303330382208,0,0,0
2025-12-11 01:15:00+00:00,611,10.999999998603016,11.159566831403998,0,0,0
2025-12-11 01:30:00+00:00,611,11.000000002240997,11.379981153602612,0,0,0
2025-12-11 01:45:00+00:00,611,11.999999998806745,11.51810794524032,0,0,0
2025-12-11 02:00:00+00:00,611,10.000000002037268,11.797340480117636,0,0,0
2025-12-11 02:15:00+00:00,611,11.999999998806745,11.864624564189166,0,0,0
2025-12-11 02:30:00+00:00,611,9.99999999839929,12.178840002042936,0,0,0
2025-12-11 02:45:00+00:00,611,26.00000000165892,12.10869970302027,0,0,0
2025-12-11 03:00:00+00:00,611,106.9999999999709,58.71117900480974,0,0,0
2025-12-11 03:15:00+00:00,611,93.0000000007567,92.54797896650057,0,0,0
2025-12-11 03:30:00+00:00,611,54.00000000008731,49.722807338406426,0,0,0
2025-12-11 03:45:00+00:00,611,37.000000000261934,35.581217610674145,0,0,0
2025-12-11 04:00:00+00:00,611,26.999999998224663,30.047198739076304,0,0,0
2025-12-11 04:15:00+00:00,611,27.9999999984284,30.28728345800285,0,0,0
2025-12-11 04:30:00+00:00,611,31.000000002677552,32.38866504945089,0,0,0
2025-12-11 04:45:00+00:00,611,33.999999999650754,34.11235491265687,0,0,0
2025-12-11 05:00:00+00:00,611,33.999999999650754,33.28563188698421,0,0,0
2025-12-11 05:15:00+00:00,611,32.99999999944703,35.69625586379797,0,0,0
2025-12-11 05:30:00+00:00,611,39.00000000066939,48.21757688351587,0,0,0
2025-12-11 05:45:00+00:00,611,41.00000000107684,43.36986956974303,0,0,0
2025-12-11 06:00:00+00:00,611,48.99999999906868,42.73313844318345,0,0,0
2025-12-11 06:15:00+00:00,611,111.0000000007858,75.3289496077877,0,0,0
2025-12-11 06:30:00+00:00,611,104.99999999956344,90.65716614760338,0,0,0
2025-12-11 06:45:00+00:00,611,62.99999999828288,81.92781613445965,0,0,0
2025-12-11 07:00:00+00:00,611,45.00000000189175,60.40765682166273,0,0,0
2025-12-11 07:15:00+00:00,611,48.99999999906868,51.05438169877372,0,0,0
2025-12-11 07:30:00+00:00,611,43.99999999805004,51.12366136248623,0,0,0
2025-12-11 07:45:00+00:00,611,51.00000000311411,48.38586805552156,0,0,0
2025-12-11 08:00:00+00:00,611,61.99999999807915,45.91781737432266,0,0,0
2025-12-11 08:15:00+00:00,611,58.00000000090222,49.02947243452374,0,0,0
2025-12-11 08:30:00+00:00,611,48.99999999906868,49.14164486079004,0,0,0
2025-12-11 08:45:00+00:00,611,52.99999999988359,48.41676515890703,0,0,0
2025-12-11 09:00:00+00:00,611,48.99999999906868,51.84317022683236,0,0,0
2025-12-11 09:15:00+00:00,611,43.000000001484295,50.38043622820156,0,0,0
2025-12-11 09:30:00+00:00,611,43.000000001484295,48.483995268427314,0,0,0
2025-12-11 09:45:00+00:00,611,51.99999999967986,47.45365805416198,0,0,0
2025-12-11 10:00:00+00:00,611,41.99999999764259,45.94450889897604,0,0,0
2025-12-11 10:15:00+00:00,611,41.00000000107684,41.31975936570674,0,0,0
2025-12-11 10:30:00+00:00,611,54.00000000008731,41.79185775970621,0,0,0
2025-12-11 10:45:00+00:00,611,39.00000000066939,47.31424992146542,0,0,0
2025-12-11 11:00:00+00:00,611,37.000000000261934,40.43117558929586,0,0,0
2025-12-11 11:15:00+00:00,611,41.00000000107684,40.78452997057143,0,0,0
2025-12-11 11:30:00+00:00,611,47.99999999886495,41.08294565246071,0,0,0
2025-12-11 11:45:00+00:00,611,45.9999999984575,43.379824547248106,0,0,0
2025-12-11 12:00:00+00:00,611,43.000000001484295,41.614259304810304,0,0,0
2025-12-11 12:15:00+00:00,611,41.99999999764259,41.97963892035076,0,0,0
2025-12-11 12:30:00+00:00,611,39.00000000066939,41.57617249544895,0,0,0
2025-12-11 12:45:00+00:00,611,38.00000000046566,40.07814949159221,0,0,0
2025-12-11 13:00:00+00:00,611,36.00000000005821,40.3446891343996,0,0,0
2025-12-11 13:15:00+00:00,611,34.99999999985448,39.02609824142603,0,0,0
2025-12-11 13:30:00+00:00,611,39.00000000066939,36.91055609374083,0,0,0
2025-12-11 13:45:00+00:00,611,33.999999999650754,35.86869050683295,0,0,0
2025-12-11 14:00:00+00:00,611,32.99999999944703,33.84483929166272,0,0,0
2025-12-11 14:15:00+00:00,611,37.000000000261934,33.117232765876054,0,0,0
2025-12-11 14:30:00+00:00,611,40.00000000087312,34.73405375700793,0,0,0
2025-12-11 14:45:00+00:00,611,36.00000000005821,37.227172290058576,0,0,0
2025-12-11 15:00:00+00:00,611,36.00000000005821,37.731687947407146,0,0,0
2025-12-11 15:15:00+00:00,611,37.000000000261934,37.91884211600444,0,0,0
2025-12-11 15:30:00+00:00,611,43.99999999805004,38.52798854999426,0,0,0
2025-12-11 15:45:00+00:00,611,40.00000000087312,41.445707871954816,0,0,0
2025-12-11 16:00:00+00:00,611,38.00000000046566,41.932697327076696,0,0,0
2025-12-11 16:15:00+00:00,611,52.99999999988359,41.8211755529349,0,0,0
2025-12-11 16:30:00+00:00,611,47.99999999886495,48.30809442407447,0,0,0
2025-12-11 16:45:00+00:00,611,47.0000000022992,45.374768323654536,0,0,0
2025-12-11 17:00:00+00:00,611,43.99999999805004,48.2050074674741,0,0,0
2025-12-11 17:15:00+00:00,611,60.00000000130967,45.787961997817845,0,0,0
2025-12-11 17:30:00+00:00,611,42.00000000128057,51.48671341792672,0,0,0
2025-12-11 17:45:00+00:00,611,42.99999999784632,42.27465642364428,0,0,0
2025-12-11 18:00:00+00:00,611,46.00000000209548,46.06934833910278,0,0,0
2025-12-11 18:15:00+00:00,611,40.99999999743886,44.98641477309941,0,0,0
2025-12-11 18:30:00+00:00,611,46.00000000209548,43.51805854861088,0,0,0
2025-12-11 18:45:00+00:00,611,43.99999999805004,43.21599625731466,0,0,0
2025-12-11 19:00:00+00:00,611,48.99999999906868,41.34380983423653,0,0,0
2025-12-11 19:15:00+00:00,611,45.00000000189175,44.225181362513965,0,0,0
2025-12-11 19:30:00+00:00,611,45.9999999984575,39.39349192104282,0,0,0
2025-12-11 19:45:00+00:00,611,26.00000000165892,34.616223614768,0,0,0
2025-12-11 20:00:00+00:00,611,25.99999999802094,21.03285865913072,0,0,0
2025-12-11 20:15:00+00:00,611,24.000000001251465,23.105269964734752,0,0,0
2025-12-11 20:30:00+00:00,611,32.99999999944703,26.742436043338625,0,0,0
2025-12-11 20:45:00+00:00,611,34.99999999985448,32.94657854365451,0,0,0
2025-12-11 21:00:00+00:00,611,39.00000000066939,35.89063522848703,0,0,0
2025-12-11 21:15:00+00:00,611,41.00000000107684,38.618426237792136,0,0,0
2025-12-11 21:30:00+00:00,611,41.99999999764259,38.881857537950125,0,0,0
2025-12-11 21:45:00+00:00,611,41.00000000107684,39.52209035594346,0,0,0
2025-12-11 22:00:00+00:00,611,43.000000001484295,40.56933861042687,0,0,0
2025-12-11 22:15:00+00:00,611,40.99999999743886,40.55838990967708,0,0,0
2025-12-11 22:30:00+00:00,611,41.00000000107684,41.58749384241551,0,0,0
2025-12-11 22:45:00+00:00,611,42.00000000128057,42.64215657360872,0,0,0
2025-12-11 23:00:00+00:00,611,45.9999999984575,44.31664234865311,0,0,0
2025-12-11 23:15:00+00:00,611,45.00000000189175,44.10670056814953,0,0,0
2025-12-11 23:30:00+00:00,611,44.99999999825377,43.60919125117811,0,0,0
2025-12-11 23:45:00+00:00,611,43.000000001484295,45.09835651361248,0,0,0
2025-12-12 00:00:00+00:00,611,44.99999999825377,45.38312033092558,0,0,0
2025-12-12 00:15:00+00:00,611,44.00000000168802,44.78873187012361,0,0,0
2025-12-12 00:30:00+00:00,611,46.99999999866122,45.67039211642772,0,0,0
2025-12-12 00:45:00+00:00,611,47.0000000022992,46.62760194691694,0,0,0
2025-12-12 01:00:00+00:00,611,43.99999999805004,47.45191312346441,0,0,0
2025-12-12 01:15:00+00:00,611,45.00000000189175,47.379945083473785,0,0,0
2025-12-12 01:30:00+00:00,611,48.99999999906868,48.49129440226051,0,0,0
2025-12-12 01:45:00+00:00,611,43.99999999805004,48.77505266629026,0,0,0
2025-12-12 02:00:00+00:00,611,47.0000000022992,48.00203949474145,0,0,0
2025-12-12 02:15:00+00:00,611,45.9999999984575,48.76226143702424,0,0,0
2025-12-12 02:30:00+00:00,611,47.99999999886495,47.68412199417468,0,0,0
2025-12-12 02:45:00+00:00,611,46.00000000209548,47.72476704938924,0,0,0
2025-12-12 03:00:00+00:00,611,45.9999999984575,47.53734966243248,0,0,0
2025-12-12 03:15:00+00:00,611,44.00000000168802,49.21410976240303,0,0,0
2025-12-12 03:30:00+00:00,611,46.99999999866122,48.13352150155756,0,0,0
2025-12-12 06:45:00+00:00,611,83.99999999892316,48.95806632136792,0,0,0
2025-12-12 07:00:00+00:00,611,69.99999999970896,74.23488397543582,0,0,0
2025-12-12 07:15:00+00:00,611,62.000000001717126,57.42243529929345,0,0,0
2025-12-12 07:30:00+00:00,611,59.000000001105946,63.29426905705216,0,0,0
2025-12-12 07:45:00+00:00,611,63.9999999984866,63.83300310113089,0,0,0
2025-12-12 08:00:00+00:00,611,60.00000000130967,71.33087566824457,0,0,0
2025-12-12 08:15:00+00:00,611,69.99999999970896,63.50916762374069,0,0,0
2025-12-12 08:30:00+00:00,611,68.99999999950523,68.69384767279959,0,0,0
2025-12-12 08:45:00+00:00,611,73.00000000032014,61.59342891345528,0,0,0
2025-12-12 09:00:00+00:00,611,73.00000000032014,62.4884778059761,0,0,0
2025-12-12 09:15:00+00:00,611,59.000000001105946,68.23045322972035,0,0,0
2025-12-12 09:30:00+00:00,611,63.9999999984866,65.13179938197092,0,0,0
2025-12-12 09:45:00+00:00,611,63.9999999984866,64.1126770443245,0,0,0
2025-12-12 10:00:00+00:00,611,62.000000001717126,63.07207135653045,0,0,0
2025-12-12 10:15:00+00:00,611,69.99999999970896,61.72416267032819,0,0,0
2025-12-12 10:30:00+00:00,611,54.00000000008731,62.09522366191952,0,0,0
2025-12-12 10:45:00+00:00,611,49.9999999992724,56.68272664399081,0,0,0
2025-12-12 11:00:00+00:00,611,51.99999999967986,52.50345200278971,0,0,0
2025-12-12 11:15:00+00:00,611,50.99999999947613,49.799253048017576,0,0,0
2025-12-12 11:30:00+00:00,611,50.00000000291038,49.936644159128136,0,0,0
2025-12-12 11:45:00+00:00,611,50.99999999947613,47.05442974059848,0,0,0
2025-12-12 12:00:00+00:00,611,57.00000000069849,45.94190924798764,0,0,0
2025-12-12 12:15:00+00:00,611,43.99999999805004,45.99101278082089,0,0,0
2025-12-12 12:30:00+00:00,611,42.00000000128057,41.82267501033094,0,0,0
2025-12-12 12:45:00+00:00,611,40.99999999743886,42.24816896715723,0,0,0
2025-12-12 13:00:00+00:00,611,45.00000000189175,40.34344402283405,0,0,0
2025-12-12 13:15:00+00:00,611,41.00000000107684,40.48050685037269,0,0,0
2025-12-12 13:30:00+00:00,611,41.99999999764259,39.52904050363714,0,0,0
2025-12-12 13:45:00+00:00,611,43.000000001484295,39.32218044819602,0,0,0
2025-12-12 14:00:00+00:00,611,38.00000000046566,40.29370166791492,0,0,0
2025-12-12 14:15:00+00:00,611,42.99999999784632,38.58969994649482,0,0,0
2025-12-12 14:30:00+00:00,611,48.00000000250293,41.44029562928272,0,0,0
2025-12-12 14:45:00+00:00,611,39.999999997235136,43.60445332070778,0,0,0
2025-12-12 15:00:00+00:00,611,41.00000000107684,40.55598841183569,0,0,0
2025-12-12 15:15:00+00:00,611,42.00000000128057,40.46440321029095,0,0,0
2025-12-12 15:30:00+00:00,611,42.99999999784632,40.86105849045296,0,0,0
2025-12-12 18:00:00+00:00,611,38.00000000046566,41.01511516848007,0,0,0
2025-12-12 18:15:00+00:00,611,34.99999999985448,37.27487396331446,0,0,0
2025-12-12 18:30:00+00:00,611,31.9999999992433,36.642561356182256,0,0,0
2025-12-12 18:45:00+00:00,611,35.00000000349246,33.304623535245895,0,0,0
2025-12-12 19:00:00+00:00,611,36.00000000005821,35.26022134255455,0,0,0
2025-12-12 19:15:00+00:00,611,32.99999999944703,36.31491364884434,0,0,0
2025-12-12 19:30:00+00:00,611,32.99999999944703,34.34314787561891,0,0,0
2025-12-12 19:45:00+00:00,611,14.999999999417923,33.29635138073559,0,0,0
2025-12-12 20:00:00+00:00,611,3.0000000006111804,12.770094241986026,0,0,0
2025-12-12 20:15:00+00:00,611,2.0000000004074536,8.96917602932237,0,0,0
2025-12-12 20:30:00+00:00,611,4.999999997380655,6.131980822789808,0,0,0
2025-12-12 20:45:00+00:00,611,5.000000001018634,6.809099701223806,0,0,0
2025-12-12 21:00:00+00:00,611,11.000000002240997,6.930231902995644,0,0,0
2025-12-12 21:15:00+00:00,611,15.99999999962165,10.809394730519244,0,0,0
2025-12-12 21:30:00+00:00,611,19.00000000023283,15.207199020890112,0,0,0
2025-12-12 21:45:00+00:00,611,21.999999997206032,13.446173555775628,0,0,0
2025-12-12 22:00:00+00:00,611,22.00000000084401,15.900178653925272,0,0,0
2025-12-12 22:15:00+00:00,611,14.999999999417923,18.500929835918907,0,0,0
2025-12-12 22:30:00+00:00,611,15.99999999962165,17.590799122902798,0,0,0
2025-12-12 22:45:00+00:00,611,25.00000000145519,18.158235058824168,0,0,0
2025-12-12 23:00:00+00:00,611,25.00000000145519,23.471439235353596,0,0,0
2025-12-12 23:15:00+00:00,611,19.99999999679858,21.742543415774087,0,0,0
2025-12-12 23:30:00+00:00,611,16.999999999825377,21.247406760924907,0,0,0
2025-12-12 23:45:00+00:00,611,15.000000003055902,20.4094821674268,0,0,0
2025-12-13 00:00:00+00:00,611,16.999999999825377,18.571862747529615,0,0,0
2025-12-13 00:15:00+00:00,611,56.000000000494765,16.997134882278054,0,0,0
2025-12-13 00:30:00+00:00,611,32.99999999944703,73.57574379820602,0,0,0
2025-12-13 00:45:00+00:00,611,29.999999998835847,27.56051574703904,0,0,0
2025-12-13 01:00:00+00:00,611,57.00000000069849,28.354101355761134,0,0,0
2025-12-13 01:15:00+00:00,611,52.99999999988359,45.07893159018606,0,0,0
2025-12-13 01:30:00+00:00,611,39.00000000066939,34.784254525923885,0,0,0
2025-12-13 01:45:00+00:00,611,32.99999999944703,32.54975468544207,0,0,0
2025-12-13 02:00:00+00:00,611,32.99999999944703,32.71454120850434,0,0,0
2025-12-13 02:15:00+00:00,611,30.999999999039574,32.41966566567436,0,0,0
2025-12-13 02:30:00+00:00,611,32.99999999944703,31.94351548344496,0,0,0
2025-12-13 02:45:00+00:00,611,37.000000000261934,32.89663507807871,0,0,0
2025-12-13 03:00:00+00:00,611,34.99999999985448,32.35762598560189,0,0,0
2025-12-13 03:15:00+00:00,611,36.00000000005821,31.87843844095488,0,0,0
2025-12-13 03:30:00+00:00,611,33.999999999650754,32.13076429235127,0,0,0
2025-12-13 03:45:00+00:00,611,34.00000000328873,32.52495892447875,0,0,0
2025-12-13 05:30:00+00:00,611,33.000000003085006,32.80335374474575,0,0,0
2025-12-13 05:45:00+00:00,611,32.99999999944703,34.06562034505879,0,0,0
2025-12-13 06:00:00+00:00,611,32.99999999944703,34.27869486766643,0,0,0
2025-12-13 06:15:00+00:00,611,78.99999999790452,34.912036688159226,0,0,0
2025-12-13 06:30:00+00:00,611,64.00000000212458,61.55800977780443,0,0,0
2025-12-13 06:45:00+00:00,611,55.00000000029104,44.95931511211337,0,0,0
2025-12-13 07:00:00+00:00,611,43.99999999805004,46.476103514743045,0,0,0
2025-12-13 07:15:00+00:00,611,39.00000000066939,38.70808018553092,0,0,0
2025-12-13 07:30:00+00:00,611,34.99999999985448,37.04667843320858,0,0,0
2025-12-13 07:45:00+00:00,611,34.99999999985448,36.39017043957341,0,0,0
2025-12-13 08:00:00+00:00,611,36.00000000005821,35.916164451845255,0,0,0
2025-12-13 08:15:00+00:00,611,39.00000000066939,35.840579377544266,0,0,0
2025-12-13 08:30:00+00:00,611,36.00000000005821,34.19063427825529,0,0,0
2025-12-13 08:45:00+00:00,611,36.00000000005821,33.938108794957046,0,0,0
2025-12-13 09:00:00+00:00,611,34.99999999985448,33.82329974883163,0,0,0
2025-12-13 09:15:00+00:00,611,36.00000000005821,33.868842440037994,0,0,0
2025-12-13 09:30:00+00:00,611,36.00000000005821,33.55247615328625,0,0,0
2025-12-13 10:00:00+00:00,611,34.99999999985448,33.979821511157745,0,0,0
2025-12-13 10:15:00+00:00,611,33.999999999650754,34.09891894628565,0,0,0
2025-12-13 10:30:00+00:00,611,32.99999999944703,34.00203092992612,0,0,0
2025-12-13 10:45:00+00:00,611,33.999999999650754,31.744720556838168,0,0,0
2025-12-13 11:00:00+00:00,611,31.9999999992433,32.4813977647425,0,0,0
2025-12-13 11:15:00+00:00,611,33.000000003085006,32.02663037733238,0,0,0
2025-12-13 11:30:00+00:00,611,34.99999999985448,32.37421761477702,0,0,0
2025-12-13 11:45:00+00:00,611,33.999999999650754,32.37480320168908,0,0,0
2025-12-13 12:00:00+00:00,611,33.999999999650754,32.84089489357541,0,0,0
2025-12-13 12:15:00+00:00,611,37.000000000261934,33.46830986471581,0,0,0
2025-12-13 12:30:00+00:00,611,34.99999999985448,34.48900929438678,0,0,0
2025-12-13 12:45:00+00:00,611,33.999999999650754,33.55444437596291,0,0,0
2025-12-13 13:00:00+00:00,611,32.99999999944703,33.426941698390145,0,0,0
2025-12-13 13:15:00+00:00,611,31.9999999992433,33.52274874497008,0,0,0
2025-12-13 13:30:00+00:00,611,33.999999999650754,33.341959137154404,0,0,0
2025-12-13 13:45:00+00:00,611,20.00000000043656,31.53562462409645,0,0,0
2025-12-13 14:00:00+00:00,611,16.999999999825377,24.573288293744984,0,0,0
2025-12-13 14:15:00+00:00,611,13.999999999214197,20.320342826368307,0,0,0
2025-12-13 14:30:00+00:00,611,16.00000000325963,13.356489293562856,0,0,0
2025-12-13 14:45:00+00:00,611,15.99999999962165,12.480624287431407,0,0,0
2025-12-13 15:00:00+00:00,611,16.999999999825377,11.739101939331684,0,0,0
2025-12-13 15:15:00+00:00,611,14.999999999417923,14.773916462382424,0,0,0
2025-12-13 15:30:00+00:00,611,14.999999999417923,15.713034836611776,0,0,0
2025-12-13 15:45:00+00:00,611,36.00000000005821,15.439631183579476,0,0,0
2025-12-13 16:00:00+00:00,611,64.99999999869033,62.769778379481,0,0,0
2025-12-13 16:15:00+00:00,611,66.00000000253203,62.3279323517618,0,0,0
2025-12-13 16:30:00+00:00,611,45.9999999984575,48.118730995763485,0,0,0
2025-12-13 16:45:00+00:00,611,36.00000000005821,35.74377417145513,0,0,0
2025-12-13 17:00:00+00:00,611,39.00000000066939,34.13872998377697,0,0,0
2025-12-13 17:15:00+00:00,611,38.00000000046566,36.63690659771829,0,0,0
2025-12-13 17:30:00+00:00,611,40.00000000087312,40.2875086426934,0,0,0
2025-12-13 17:45:00+00:00,611,41.99999999764259,38.75566355840053,0,0,0
2025-12-13 18:00:00+00:00,611,41.00000000107684,40.54609258452376,0,0,0
2025-12-13 18:15:00+00:00,611,42.00000000128057,41.36238890990107,0,0,0
2025-12-13 18:30:00+00:00,611,40.99999999743886,41.12656596239009,0,0,0
2025-12-13 18:45:00+00:00,611,40.00000000087312,39.8793013298116,0,0,0
2025-12-13 19:00:00+00:00,611,44.00000000168802,40.78338541433421,0,0,0
2025-12-13 19:15:00+00:00,611,41.99999999764259,41.55667067677146,0,0,0
2025-12-13 19:30:00+00:00,611,42.00000000128057,42.34919749703639,0,0,0
2025-12-13 19:45:00+00:00,611,27.9999999984284,40.852925338896526,0,0,0
2025-12-13 20:00:00+00:00,611,29.0000000022701,34.26335130756651,0,0,0
2025-12-13 20:15:00+00:00,611,33.999999999650754,33.336316208729066,0,0,0
2025-12-13 20:30:00+00:00,611,37.000000000261934,38.92937584560728,0,0,0
2025-12-13 20:45:00+00:00,611,42.99999999784632,38.47918964065568,0,0,0
2025-12-13 21:00:00+00:00,611,43.000000001484295,38.83739729527818,0,0,0
2025-12-13 21:15:00+00:00,611,40.00000000087312,38.377486798574736,0,0,0
2025-12-13 21:30:00+00:00,611,38.00000000046566,38.55989120666308,0,0,0
2025-12-13 21:45:00+00:00,611,34.99999999985448,37.15114654681871,0,0,0
2025-12-13 22:00:00+00:00,611,37.99999999682768,35.41073492401271,0,0,0
2025-12-13 22:15:00+00:00,611,39.00000000066939,34.87179681176765,0,0,0
2025-12-13 22:30:00+00:00,611,38.00000000046566,34.72352502262942,0,0,0
2025-12-13 22:45:00+00:00,611,38.00000000046566,34.12267810011423,0,0,0
2025-12-13 23:00:00+00:00,611,43.000000001484295,36.53503813509658,0,0,0
2025-12-13 23:15:00+00:00,611,42.99999999784632,42.90622965336226,0,0,0
2025-12-13 23:30:00+00:00,611,42.00000000128057,46.43510355836966,0,0,0
2025-12-13 23:45:00+00:00,611,42.99999999784632,45.712542544057634,0,0,0
2025-12-14 00:00:00+00:00,611,44.00000000168802,46.62734760108645,0,0,0
2025-12-14 00:15:00+00:00,611,43.000000001484295,45.26043100031939,0,0,0
2025-12-14 00:30:00+00:00,611,41.99999999764259,44.69796589875383,0,0,0
2025-12-14 00:45:00+00:00,611,43.000000001484295,43.97066399646182,0,0,0
2025-12-14 01:00:00+00:00,611,42.99999999784632,44.32041908848496,0,0,0
2025-12-14 01:15:00+00:00,611,44.00000000168802,43.51414280582516,0,0,0
2025-12-14 01:30:00+00:00,611,44.99999999825377,44.20422149157562,0,0,0
2025-12-14 01:45:00+00:00,611,43.000000001484295,43.47219348885192,0,0,0
2025-12-14 02:00:00+00:00,611,42.00000000128057,44.172463752880006,0,0,0
2025-12-14 02:15:00+00:00,611,40.99999999743886,44.66587691897664,0,0,0
2025-12-14 02:30:00+00:00,611,43.000000001484295,44.82794549066424,0,0,0
2025-12-14 02:45:00+00:00,611,43.000000001484295,44.41863206917077,0,0,0
2025-12-14 03:00:00+00:00,611,42.99999999784632,43.82307243454467,0,0,0
2025-12-14 03:15:00+00:00,611,42.00000000128057,44.29250019732397,0,0,0
2025-12-14 03:30:00+00:00,611,41.99999999764259,43.56398275856298,0,0,0
2025-12-14 03:45:00+00:00,611,43.000000001484295,42.86680013461668,0,0,0
2025-12-14 04:00:00+00:00,611,43.000000001484295,42.81578013552577,0,0,0
2025-12-14 04:15:00+00:00,611,43.99999999805004,43.34476918528506,0,0,0
2025-12-14 04:30:00+00:00,611,41.00000000107684,43.10395987649257,0,0,0
2025-12-14 04:45:00+00:00,611,38.00000000046566,41.82089754702716,0,0,0
2025-12-14 05:00:00+00:00,611,39.999999997235136,41.6055139487549,0,0,0
2025-12-14 05:15:00+00:00,611,38.00000000046566,44.00425539114471,0,0,0
2025-12-14 05:30:00+00:00,611,41.00000000107684,42.33253193011985,0,0,0
2025-12-14 05:45:00+00:00,611,45.9999999984575,42.44968776015801,0,0,0
2025-12-14 06:00:00+00:00,611,44.00000000168802,44.1690685317939,0,0,0
2025-12-14 06:15:00+00:00,611,61.0000000015134,61.4418328834627,0,0,0
2025-12-14 06:30:00+00:00,611,54.00000000008731,61.83503674985512,0,0,0
2025-12-14 06:45:00+00:00,611,54.00000000008731,55.96312313933567,0,0,0
2025-12-14 07:00:00+00:00,611,41.99999999764259,55.25202543245373,0,0,0
2025-12-14 07:15:00+00:00,611,38.00000000046566,42.77031729708014,0,0,0
2025-12-14 07:30:00+00:00,611,40.00000000087312,41.37317494761973,0,0,0
2025-12-14 07:45:00+00:00,611,41.00000000107684,40.92138872994374,0,0,0
2025-12-14 08:00:00+00:00,611,40.99999999743886,40.98165094671242,0,0,0
2025-12-14 08:15:00+00:00,611,44.00000000168802,42.67141817415393,0,0,0
2025-12-14 08:30:00+00:00,611,41.99999999764259,41.6712002382343,0,0,0
2025-12-14 08:45:00+00:00,611,41.00000000107684,41.32414239501824,0,0,0
2025-12-14 09:00:00+00:00,611,39.00000000066939,40.63199049499831,0,0,0
2025-12-14 09:15:00+00:00,611,40.00000000087312,40.38978819915742,0,0,0
2025-12-14 09:30:00+00:00,611,39.999999997235136,39.21423134571975,0,0,0
2025-12-14 09:45:00+00:00,611,42.00000000128057,38.07024590786932,0,0,0
2025-12-14 10:00:00+00:00,611,41.00000000107684,37.80204414463476,0,0,0
2025-12-14 10:15:00+00:00,611,38.00000000046566,38.134737363447336,0,0,0
2025-12-14 10:30:00+00:00,611,36.00000000005821,34.978497845168725,0,0,0
2025-12-14 10:45:00+00:00,611,32.99999999944703,34.28723911306517,0,0,0
2025-12-14 11:00:00+00:00,611,36.00000000005821,32.37436105399537,0,0,0
2025-12-14 11:15:00+00:00,611,36.00000000005821,34.346271005816575,0,0,0
2025-12-14 11:30:00+00:00,611,36.00000000005821,33.79886036778197,0,0,0
2025-12-14 11:45:00+00:00,611,38.00000000046566,34.950993005359706,0,0,0
2025-12-14 12:00:00+00:00,611,34.99999999985448,35.230909464345174,0,0,0
2025-12-14 12:15:00+00:00,611,42.99999999784632,35.00791027870644,0,0,0
2025-12-14 12:30:00+00:00,611,32.99999999944703,36.63358235686396,0,0,0
2025-12-14 12:45:00+00:00,611,34.99999999985448,34.26105036505346,0,0,0
2025-12-14 13:00:00+00:00,611,36.00000000005821,35.68892419735855,0,0,0
2025-12-14 13:15:00+00:00,611,37.000000000261934,35.69873129938078,0,0,0
2025-12-14 13:30:00+00:00,611,34.99999999985448,36.18076396831772,0,0,0
2025-12-14 13:45:00+00:00,611,37.000000000261934,36.032149108059286,0,0,0
2025-12-14 14:00:00+00:00,611,37.000000000261934,36.10070713941552,0,0,0
2025-12-14 14:15:00+00:00,611,36.00000000005821,36.63162152796144,0,0,0
2025-12-14 14:30:00+00:00,611,36.00000000005821,34.869374611358666,0,0,0
2025-12-14 14:45:00+00:00,611,36.00000000005821,35.99685714532369,0,0,0
2025-12-14 15:00:00+00:00,611,37.000000000261934,36.26734802103267,0,0,0
2025-12-14 15:15:00+00:00,611,38.00000000046566,36.64452810010409,0,0,0
2025-12-14 15:30:00+00:00,611,37.000000000261934,36.822023042162,0,0,0
2025-12-14 15:45:00+00:00,611,39.00000000066939,36.843991423893335,0,0,0
2025-12-14 16:00:00+00:00,611,38.00000000046566,37.44876961611994,0,0,0
2025-12-14 16:15:00+00:00,611,40.99999999743886,37.952463085783904,0,0,0
2025-12-14 16:30:00+00:00,611,38.00000000046566,38.58630768291837,0,0,0
2025-12-14 16:45:00+00:00,611,40.00000000087312,38.179026070559175,0,0,0
2025-12-14 17:00:00+00:00,611,40.00000000087312,39.05613470950135,0,0,0
2025-12-14 17:15:00+00:00,611,39.999999997235136,39.2761142777804,0,0,0
2025-12-14 17:30:00+00:00,611,41.00000000107684,39.95684723301511,0,0,0
2025-12-14 17:45:00+00:00,611,43.000000001484295,40.63115647727506,0,0,0
2025-12-14 18:00:00+00:00,611,42.99999999784632,41.42208328481563,0,0,0
2025-12-14 18:15:00+00:00,611,47.0000000022992,43.29981799601008,0,0,0
2025-12-14 18:30:00+00:00,611,45.9999999984575,45.4386120846177,0,0,0
2025-12-14 18:45:00+00:00,611,42.00000000128057,44.42889462768015,0,0,0
2025-12-14 19:00:00+00:00,611,40.00000000087312,42.08907565018445,0,0,0
2025-12-14 19:15:00+00:00,611,39.999999997235136,40.85097042501333,0,0,0
2025-12-14 19:30:00+00:00,611,41.00000000107684,41.08165026323099,0,0,0
2025-12-14 19:45:00+00:00,611,40.00000000087312,40.40021342069794,0,0,0
2025-12-14 20:00:00+00:00,611,42.99999999784632,39.01643901488664,0,0,0
2025-12-14 20:15:00+00:00,611,41.00000000107684,40.03921387695934,0,0,0
2025-12-14 20:30:00+00:00,611,41.00000000107684,40.382205144397176,0,0,0
2025-12-14 20:45:00+00:00,611,40.00000000087312,40.68476429731575,0,0,0
2025-12-14 21:00:00+00:00,611,40.99999999743886,40.030861869688295,0,0,0
2025-12-14 21:15:00+00:00,611,44.00000000168802,40.64275583014937,0,0,0
2025-12-14 21:30:00+00:00,611,44.99999999825377,42.57030683400437,0,0,0
2025-12-14 21:45:00+00:00,611,42.00000000128057,44.82053397146409,0,0,0
2025-12-14 22:00:00+00:00,611,47.99999999886495,44.96479537750759,0,0,0
2025-12-14 22:15:00+00:00,611,50.99999999947613,47.8193275056488,0,0,0
2025-12-14 22:30:00+00:00,611,51.00000000311411,49.19495101484573,0,0,0
2025-12-14 22:45:00+00:00,611,50.99999999947613,50.86046074808148,0,0,0
2025-12-14 23:00:00+00:00,611,44.99999999825377,50.32482617412316,0,0,0
2025-12-14 23:15:00+00:00,611,47.99999999886495,49.88010544701748,0,0,0
2025-12-14 23:30:00+00:00,611,48.00000000250293,50.10734274399452,0,0,0
2025-12-14 23:45:00+00:00,611,48.99999999906868,49.85891784783556,0,0,0
2025-12-15 00:00:00+00:00,611,46.99999999866122,50.39950329295949,0,0,0
2025-12-15 00:15:00+00:00,611,49.000000002706656,49.99942617412447,0,0,0
2025-12-15 00:30:00+00:00,611,44.99999999825377,50.888110505863686,0,0,0
2025-12-15 00:45:00+00:00,611,49.9999999992724,49.79825932477286,0,0,0
2025-12-15 01:00:00+00:00,611,50.99999999947613,50.110335743767294,0,0,0
2025-12-15 01:15:00+00:00,611,44.00000000168802,49.479374718548286,0,0,0
2025-12-15 01:30:00+00:00,611,50.99999999947613,48.71003773150298,0,0,0
2025-12-15 01:45:00+00:00,611,47.0000000022992,49.488897899643455,0,0,0
2025-12-15 02:00:00+00:00,611,45.9999999984575,48.695120052793655,0,0,0
2025-12-15 04:00:00+00:00,611,51.99999999967986,49.62950382375104,0,0,0
2025-12-15 04:15:00+00:00,611,43.99999999805004,52.12506525977828,0,0,0
2025-12-15 04:30:00+00:00,611,54.00000000008731,51.04095460493146,0,0,0
2025-12-15 04:45:00+00:00,611,45.00000000189175,52.0127331279905,0,0,0
2025-12-15 05:00:00+00:00,611,44.99999999825377,50.38896864356167,0,0,0
2025-12-15 05:15:00+00:00,611,61.0000000015134,56.11890700300239,0,0,0
2025-12-15 05:30:00+00:00,611,56.000000000494765,54.38803334883985,0,0,0
2025-12-15 05:45:00+00:00,611,68.99999999950523,55.70867971102495,0,0,0
2025-12-15 06:00:00+00:00,611,60.00000000130967,71.40701971187072,0,0,0
2025-12-15 06:15:00+00:00,611,120.99999999918508,83.49041044665513,0,0,0
2025-12-15 06:30:00+00:00,611,121.99999999938882,104.4521032109426,0,0,0
2025-12-15 06:45:00+00:00,611,94.00000000096044,84.95880216125954,0,0,0
2025-12-15 07:00:00+00:00,611,72.00000000011642,73.20784734194756,0,0,0
2025-12-15 07:15:00+00:00,611,58.99999999746797,70.09096931969242,0,0,0
2025-12-15 07:30:00+00:00,611,68.00000000293949,70.73215741330492,0,0,0
2025-12-15 07:45:00+00:00,611,58.99999999746797,71.62919966733449,0,0,0
2025-12-15 08:00:00+00:00,611,69.99999999970896,66.03650750103114,0,0,0
2025-12-15 08:15:00+00:00,611,69.99999999970896,71.29542695749717,0,0,0
2025-12-15 08:30:00+00:00,611,70.99999999991269,71.66445318244456,0,0,0
2025-12-15 08:45:00+00:00,611,77.00000000113505,70.47697165007033,0,0,0
2025-12-15 09:00:00+00:00,611,68.99999999950523,70.46719412314467,0,0,0
2025-12-15 09:15:00+00:00,611,66.99999999909778,69.69242123335,0,0,0
2025-12-15 09:30:00+00:00,611,72.00000000011642,67.35338008089406,0,0,0
2025-12-15 09:45:00+00:00,611,66.00000000253203,66.45653893752116,0,0,0
2025-12-15 10:00:00+00:00,611,69.99999999970896,65.6658664758111,0,0,0
2025-12-15 10:15:00+00:00,611,64.99999999869033,64.90421901387369,0,0,0
2025-12-15 10:30:00+00:00,611,62.000000001717126,63.64206627768244,0,0,0
2025-12-15 10:45:00+00:00,611,56.000000000494765,60.139274650339104,0,0,0
2025-12-15 11:00:00+00:00,611,62.99999999828288,54.35686119705628,0,0,0
2025-12-15 11:15:00+00:00,611,63.9999999984866,59.01825131746472,0,0,0
2025-12-15 11:30:00+00:00,611,62.000000001717126,57.12063326884704,0,0,0
2025-12-15 11:45:00+00:00,611,58.00000000090222,56.84569134110445,0,0,0
2025-12-15 12:00:00+00:00,611,65.99999999889405,55.89499394687969,0,0,0
2025-12-15 12:15:00+00:00,611,58.00000000090222,56.18832862717844,0,0,0
2025-12-15 12:30:00+00:00,611,46.99999999866122,54.98945181009624,0,0,0
2025-12-15 12:45:00+00:00,611,48.99999999906868,49.11675445951771,0,0,0
2025-12-15 13:00:00+00:00,611,54.00000000008731,48.757511676515286,0,0,0
2025-12-15 13:15:00+00:00,611,43.000000001484295,48.93973567651456,0,0,0
2025-12-15 13:30:00+00:00,611,48.99999999906868,43.69751136206165,0,0,0
2025-12-15 13:45:00+00:00,611,41.00000000107684,45.2836090035004,0,0,0
2025-12-15 14:00:00+00:00,611,42.00000000128057,44.47033525299241,0,0,0
2025-12-15 14:15:00+00:00,611,45.9999999984575,42.88349231912014,0,0,0
2025-12-15 14:30:00+00:00,611,42.00000000128057,45.38518763017574,0,0,0
2025-12-15 14:45:00+00:00,611,44.99999999825377,45.587289052578924,0,0,0
2025-12-15 15:00:00+00:00,611,54.00000000008731,47.18663633728052,0,0,0
2025-12-15 15:15:00+00:00,611,42.00000000128057,48.71071795872406,0,0,0
2025-12-15 15:30:00+00:00,611,40.00000000087312,46.77136057631877,0,0,0
2025-12-15 15:45:00+00:00,611,52.99999999988359,44.54274691943157,0,0,0
2025-12-15 16:00:00+00:00,611,48.99999999906868,51.17145767605114,0,0,0
2025-12-15 16:15:00+00:00,611,43.99999999805004,46.620243662890616,0,0,0
2025-12-15 16:30:00+00:00,611,50.99999999947613,47.89269444770713,0,0,0
2025-12-15 16:45:00+00:00,611,52.00000000331784,49.30127940203003,0,0,0
2025-12-15 17:00:00+00:00,611,55.99999999685679,50.168279272964966,0,0,0
2025-12-15 17:15:00+00:00,611,51.00000000311411,49.6516969762163,0,0,0
2025-12-15 17:30:00+00:00,611,46.99999999866122,49.95705393327029,0,0,0
2025-12-15 17:45:00+00:00,611,50.99999999947613,49.19186041725428,0,0,0
2025-12-15 18:00:00+00:00,611,50.99999999947613,49.73778120979924,0,0,0
2025-12-15 18:15:00+00:00,611,64.00000000212458,49.30386426547015,0,0,0
2025-12-15 18:30:00+00:00,611,43.99999999805004,56.42573975737516,0,0,0
2025-12-15 18:45:00+00:00,611,48.00000000250293,45.97309322980983,0,0,0
2025-12-15 19:00:00+00:00,611,57.99999999726424,50.33053712527061,0,0,0
2025-12-15 19:15:00+00:00,611,44.00000000168802,48.94977937930933,0,0,0
2025-12-15 19:30:00+00:00,611,44.99999999825377,44.22449226276392,0,0,0
2025-12-15 19:45:00+00:00,611,34.99999999985448,35.79994023734902,0,0,0
2025-12-15 20:00:00+00:00,611,31.000000002677552,30.59438386699958,0,0,0
2025-12-15 20:15:00+00:00,611,25.99999999802094,30.507370975384383,0,0,0
2025-12-15 20:30:00+00:00,611,29.999999998835847,30.876978350979357,0,0,0
2025-12-15 20:45:00+00:00,611,44.00000000168802,34.497305108974345,0,0,0
2025-12-15 21:00:00+00:00,611,50.99999999947613,36.91321193741271,0,0,0
2025-12-15 21:15:00+00:00,611,40.00000000087312,37.95825684720174,0,0,0
2025-12-15 21:30:00+00:00,611,38.00000000046566,38.78921354794822,0,0,0
2025-12-15 21:45:00+00:00,611,38.00000000046566,39.53092147977892,0,0,0
2025-12-15 22:00:00+00:00,611,38.99999999703141,39.953046833106015,0,0,0
2025-12-15 22:15:00+00:00,611,40.00000000087312,40.14703876403002,0,0,0
2025-12-15 22:30:00+00:00,611,41.00000000107684,40.62128431004038,0,0,0
2025-12-15 22:45:00+00:00,611,43.000000001484295,41.584977001697496,0,0,0
2025-12-15 23:00:00+00:00,611,41.99999999764259,40.84550494716741,0,0,0
2025-12-15 23:15:00+00:00,611,39.00000000066939,40.91018864087312,0,0,0
2025-12-15 23:30:00+00:00,611,38.00000000046566,41.35925690717443,0,0,0
2025-12-15 23:45:00+00:00,611,40.00000000087312,40.72402819552055,0,0,0
2025-12-16 00:00:00+00:00,611,38.99999999703141,42.32696293943594,0,0,0
2025-12-16 00:15:00+00:00,611,41.00000000107684,40.6118587267639,0,0,0
2025-12-16 00:30:00+00:00,611,40.00000000087312,41.08619891308328,0,0,0
2025-12-16 00:45:00+00:00,611,39.00000000066939,40.72949071585681,0,0,0
2025-12-16 01:00:00+00:00,611,37.000000000261934,39.85726492535815,0,0,0
2025-12-16 01:15:00+00:00,611,39.999999997235136,39.062256754491095,0,0,0
2025-12-16 01:30:00+00:00,611,41.00000000107684,40.43779745341763,0,0,0
2025-12-16 01:45:00+00:00,611,41.00000000107684,39.15150848091655,0,0,0
2025-12-16 02:00:00+00:00,611,40.99999999743886,39.94300904533054,0,0,0
2025-12-16 02:15:00+00:00,611,41.00000000107684,40.14608348841085,0,0,0
2025-12-16 02:30:00+00:00,611,40.00000000087312,40.26136425732653,0,0,0
2025-12-16 02:45:00+00:00,611,41.00000000107684,40.49382155884798,0,0,0
2025-12-16 03:00:00+00:00,611,38.99999999703141,40.75255041865154,0,0,0
2025-12-16 03:15:00+00:00,611,39.00000000066939,41.07906539979088,0,0,0
2025-12-16 03:30:00+00:00,611,42.00000000128057,41.08810650681197,0,0,0
2025-12-16 03:45:00+00:00,611,41.00000000107684,41.18751136388951,0,0,0
2025-12-16 04:00:00+00:00,611,38.00000000046566,41.35994009190517,0,0,0
2025-12-16 04:15:00+00:00,611,37.99999999682768,42.02747368154121,0,0,0
2025-12-16 04:30:00+00:00,611,41.00000000107684,41.9119947594785,0,0,0
2025-12-16 04:45:00+00:00,611,46.99999999866122,42.115512829007336,0,0,0
2025-12-16 05:00:00+00:00,611,62.000000001717126,42.81010763200386,0,0,0
2025-12-16 05:15:00+00:00,611,61.0000000015134,56.19360482440632,0,0,0
2025-12-16 05:30:00+00:00,611,54.99999999665306,52.754219246596925,0,0,0
2025-12-16 05:45:00+00:00,611,52.00000000331784,54.10531908571896,0,0,0
2025-12-16 06:00:00+00:00,611,55.99999999685679,58.76714100253731,0,0,0
2025-12-16 06:15:00+00:00,611,109.00000000037836,101.2387571386992,0,0,0
2025-12-16 06:30:00+00:00,611,91.00000000034925,107.78348940861154,0,0,0
2025-12-16 06:45:00+00:00,611,66.99999999909778,84.48138912240665,0,0,0
2025-12-16 07:00:00+00:00,611,64.00000000212458,67.97107371779228,0,0,0
2025-12-16 07:15:00+00:00,611,54.00000000008731,60.83935267623949,0,0,0
2025-12-16 07:30:00+00:00,611,58.00000000090222,59.86614863352584,0,0,0
2025-12-16 07:45:00+00:00,611,63.9999999984866,60.31430007183352,0,0,0
2025-12-16 08:00:00+00:00,611,63.9999999984866,60.174803213847255,0,0,0
2025-12-16 08:15:00+00:00,611,62.000000001717126,64.14179076938686,0,0,0
2025-12-16 08:30:00+00:00,611,63.9999999984866,60.91626271486677,0,0,0
2025-12-16 08:45:00+00:00,611,66.00000000253203,63.942762199517176,0,0,0
2025-12-16 09:00:00+00:00,611,64.99999999869033,63.43160397547924,0,0,0
2025-12-16 09:15:00+00:00,611,63.9999999984866,62.71403523746804,0,0,0
2025-12-16 09:30:00+00:00,611,62.000000001717126,62.87160543696752,0,0,0
2025-12-16 09:45:00+00:00,611,60.00000000130967,61.45916093254239,0,0,0
2025-12-16 10:00:00+00:00,611,56.000000000494765,58.1099084190362,0,0,0
2025-12-16 10:15:00+00:00,611,70.99999999991269,54.74375373784091,0,0,0
2025-12-16 10:30:00+00:00,611,49.9999999992724,56.83849867761891,0,0,0
2025-12-16 10:45:00+00:00,611,47.99999999886495,49.62916666765016,0,0,0
2025-12-16 11:00:00+00:00,611,56.000000000494765,49.73481187010373,0,0,0
2025-12-16 11:15:00+00:00,611,58.00000000090222,50.45289225728557,0,0,0
2025-12-16 11:30:00+00:00,611,52.99999999988359,51.054568021882105,0,0,0
2025-12-16 11:45:00+00:00,611,47.99999999886495,49.40344953063675,0,0,0
2025-12-16 12:00:00+00:00,611,47.99999999886495,47.2938578923812,0,0,0
2025-12-16 12:15:00+00:00,611,42.00000000128057,46.34026805371201,0,0,0
2025-12-16 12:30:00+00:00,611,44.00000000168802,39.83758565610125,0,0,0
2025-12-16 12:45:00+00:00,611,42.99999999784632,42.70741106667822,0,0,0
2025-12-16 13:00:00+00:00,611,40.00000000087312,39.92464291036129,0,0,0
2025-12-16 13:15:00+00:00,611,39.00000000066939,36.8519027622255,0,0,0
2025-12-16 13:30:00+00:00,611,42.99999999784632,34.86807330710964,0,0,0
2025-12-16 13:45:00+00:00,611,33.999999999650754,36.58914281675962,0,0,0
2025-12-16 14:00:00+00:00,611,30.000000002473826,34.31456945980443,0,0,0
2025-12-16 14:15:00+00:00,611,32.99999999944703,33.84642451683881,0,0,0
2025-12-16 14:30:00+00:00,611,29.999999998835847,33.69876197468989,0,0,0
2025-12-16 14:45:00+00:00,611,30.999999999039574,33.08340920668509,0,0,0
2025-12-16 15:00:00+00:00,611,32.00000000288128,32.65085271679817,0,0,0
2025-12-16 15:15:00+00:00,611,32.99999999944703,31.799750939023816,0,0,0
2025-12-16 15:30:00+00:00,611,39.00000000066939,33.537666423679404,0,0,0
2025-12-16 15:45:00+00:00,611,44.99999999825377,38.75678741207015,0,0,0
2025-12-16 16:00:00+00:00,611,46.99999999866122,46.39079119118056,0,0,0
2025-12-16 16:15:00+00:00,611,43.000000001484295,47.36879231455768,0,0,0
2025-12-16 16:30:00+00:00,611,45.9999999984575,44.7078114484016,0,0,0
2025-12-16 16:45:00+00:00,611,45.00000000189175,47.7280143949925,0,0,0
2025-12-16 17:00:00+00:00,611,51.99999999967986,48.26891629364973,0,0,0
2025-12-16 17:15:00+00:00,611,45.00000000189175,51.634748606292405,0,0,0
2025-12-16 17:30:00+00:00,611,41.99999999764259,46.959552830805634,0,0,0
2025-12-16 17:45:00+00:00,611,41.00000000107684,41.913257616102,0,0,0
2025-12-16 18:00:00+00:00,611,55.00000000029104,41.80285673812016,0,0,0
2025-12-16 18:15:00+00:00,611,43.99999999805004,48.21366114073015,0,0,0
2025-12-16 18:30:00+00:00,611,40.00000000087312,43.31928432457168,0,0,0
2025-12-16 18:45:00+00:00,611,45.00000000189175,41.28941235911745,0,0,0
2025-12-16 19:00:00+00:00,611,41.99999999764259,43.052398653134446,0,0,0
2025-12-16 19:45:00+00:00,611,16.999999999825377,40.88759030958487,0,0,0
2025-12-16 20:00:00+00:00,611,15.99999999962165,20.867618158336118,0,0,0
2025-12-16 20:15:00+00:00,611,15.99999999962165,18.22963008131877,0,0,0
2025-12-16 20:30:00+00:00,611,23.00000000104773,17.980123106314092,0,0,0
2025-12-16 20:45:00+00:00,611,32.99999999944703,21.342459642542337,0,0,0
2025-12-16 21:00:00+00:00,611,33.999999999650754,32.42990160659683,0,0,0
2025-12-16 21:15:00+00:00,611,38.00000000046566,34.082290348239816,0,0,0
2025-12-16 21:30:00+00:00,611,40.00000000087312,33.74573462181536,0,0,0
2025-12-16 21:45:00+00:00,611,36.00000000005821,33.766450498207,0,0,0
2025-12-16 22:00:00+00:00,611,32.99999999944703,35.16001500036,0,0,0
2025-12-16 22:15:00+00:00,611,34.99999999985448,34.13028925121622,0,0,0
2025-12-16 22:30:00+00:00,611,36.00000000005821,35.53965572746595,0,0,0
2025-12-16 22:45:00+00:00,611,33.999999999650754,36.46444829460606,0,0,0
2025-12-16 23:00:00+00:00,611,34.99999999985448,37.15387928574167,0,0,0
2025-12-16 23:15:00+00:00,611,33.999999999650754,36.8646200537501,0,0,0
2025-12-16 23:30:00+00:00,611,32.99999999944703,36.01561662907731,0,0,0
2025-12-16 23:45:00+00:00,611,36.00000000005821,35.25544496445868,0,0,0
2025-12-17 00:00:00+00:00,611,36.00000000005821,39.11951709895803,0,0,0
2025-12-17 00:15:00+00:00,611,36.00000000005821,34.84035552660532,0,0,0
2025-12-17 00:30:00+00:00,611,33.999999999650754,34.368171364825805,0,0,0
2025-12-17 00:45:00+00:00,611,32.99999999944703,32.76876566930849,0,0,0
2025-12-17 01:00:00+00:00,611,33.000000003085006,33.05057493447436,0,0,0
2025-12-17 01:15:00+00:00,611,32.99999999944703,33.01597946526296,0,0,0
2025-12-17 01:30:00+00:00,611,34.99999999985448,33.629520758602915,0,0,0
2025-12-17 01:45:00+00:00,611,33.999999999650754,33.89504745435281,0,0,0
2025-12-17 02:00:00+00:00,611,34.99999999985448,34.06261995151188,0,0,0
2025-12-17 02:15:00+00:00,611,34.99999999985448,34.43015780972444,0,0,0
2025-12-17 02:30:00+00:00,611,33.999999999650754,34.784455636580546,0,0,0
2025-12-17 02:45:00+00:00,611,36.00000000005821,34.95922079722516,0,0,0
2025-12-17 03:00:00+00:00,611,36.00000000005821,35.59391715714081,0,0,0
2025-12-17 03:15:00+00:00,611,37.000000000261934,35.922972639075404,0,0,0
2025-12-17 03:30:00+00:00,611,40.00000000087312,36.34697896854428,0,0,0
2025-12-17 03:45:00+00:00,611,38.00000000046566,36.50629114123166,0,0,0
2025-12-17 04:00:00+00:00,611,38.99999999703141,37.08886730846404,0,0,0
2025-12-17 04:15:00+00:00,611,40.00000000087312,39.41698933526676,0,0,0
2025-12-17 04:30:00+00:00,611,38.00000000046566,39.77161544569479,0,0,0
2025-12-17 04:45:00+00:00,611,39.00000000066939,39.72373927936914,0,0,0
2025-12-17 05:00:00+00:00,611,52.99999999988359,40.65907536843605,0,0,0
2025-12-17 05:15:00+00:00,611,61.0000000015134,50.02840089623297,0,0,0
2025-12-17 05:30:00+00:00,611,48.99999999906868,49.55162076444665,0,0,0
2025-12-17 05:45:00+00:00,611,46.99999999866122,46.67979607734164,0,0,0
2025-12-17 06:00:00+00:00,611,54.00000000008731,53.84280165604494,0,0,0
2025-12-17 06:15:00+00:00,611,112.00000000098952,97.95126038433844,0,0,0
2025-12-17 06:30:00+00:00,611,93.0000000007567,105.33823816935758,0,0,0
2025-12-17 06:45:00+00:00,611,62.99999999828288,82.1554852278466,0,0,0
2025-12-17 07:00:00+00:00,611,59.000000001105946,65.18979614634243,0,0,0
2025-12-17 07:15:00+00:00,611,51.99999999967986,59.19820690755716,0,0,0
2025-12-17 07:30:00+00:00,611,49.9999999992724,57.776638485840536,0,0,0
2025-12-17 07:45:00+00:00,611,59.000000001105946,56.871306332242725,0,0,0
2025-12-17 08:00:00+00:00,611,59.999999997671694,57.34261211365414,0,0,0
2025-12-17 08:15:00+00:00,611,70.00000000334694,57.035022236809205,0,0,0
2025-12-17 08:30:00+00:00,611,59.999999997671694,62.165621264282336,0,0,0
2025-12-17 08:45:00+00:00,611,57.00000000069849,60.314583992760575,0,0,0
2025-12-17 09:00:00+00:00,611,58.00000000090222,59.91236267942431,0,0,0
2025-12-17 09:15:00+00:00,611,56.000000000494765,56.33804663853889,0,0,0
2025-12-17 09:30:00+00:00,611,55.99999999685679,55.08645516933238,0,0,0
2025-12-17 09:45:00+00:00,611,55.00000000029104,54.568536078218806,0,0,0
2025-12-17 10:00:00+00:00,611,58.00000000090222,53.52093588008623,0,0,0
2025-12-17 10:15:00+00:00,611,65.99999999889405,54.15722338019728,0,0,0
2025-12-17 10:30:00+00:00,611,56.000000000494765,53.81083393416368,0,0,0
2025-12-17 10:45:00+00:00,611,51.99999999967986,50.89932242497294,0,0,0
2025-12-17 11:00:00+00:00,611,51.99999999967986,49.73341888305533,0,0,0
2025-12-17 11:15:00+00:00,611,52.00000000331784,49.421005307960016,0,0,0
2025-12-17 11:30:00+00:00,611,51.99999999967986,49.90386016458157,0,0,0
2025-12-17 11:45:00+00:00,611,47.99999999886495,49.77598336203721,0,0,0
2025-12-17 12:00:00+00:00,611,48.99999999906868,48.66335048405941,0,0,0
2025-12-17 12:15:00+00:00,611,48.99999999906868,47.73682777377002,0,0,0
2025-12-17 12:30:00+00:00,611,47.0000000022992,42.43552720392084,0,0,0
2025-12-17 12:45:00+00:00,611,42.99999999784632,42.99494607053982,0,0,0
2025-12-17 13:00:00+00:00,611,39.00000000066939,41.17231272176278,0,0,0
2025-12-17 13:15:00+00:00,611,38.00000000046566,38.663596282781725,0,0,0
2025-12-17 13:30:00+00:00,611,34.99999999985448,36.59816617872277,0,0,0
2025-12-17 13:45:00+00:00,611,38.00000000046566,34.41519281086061,0,0,0
2025-12-17 14:00:00+00:00,611,58.00000000090222,39.42937242820014,0,0,0
2025-12-17 14:15:00+00:00,611,40.99999999743886,49.33613661084607,0,0,0
2025-12-17 14:30:00+00:00,611,40.00000000087312,35.40374337118384,0,0,0
2025-12-17 14:45:00+00:00,611,36.00000000005821,41.21131635911777,0,0,0
2025-12-17 15:00:00+00:00,611,32.99999999944703,39.00610547614549,0,0,0
2025-12-17 15:15:00+00:00,611,32.00000000288128,39.74890768654923,0,0,0
2025-12-17 15:30:00+00:00,611,37.99999999682768,38.55544606964878,0,0,0
2025-12-17 15:45:00+00:00,611,41.00000000107684,40.31220089081872,0,0,0
2025-12-17 16:00:00+00:00,611,43.000000001484295,40.56288532435555,0,0,0
2025-12-17 16:15:00+00:00,611,40.99999999743886,37.52179052954841,0,0,0
2025-12-17 16:30:00+00:00,611,43.000000001484295,39.11169448591558,0,0,0
2025-12-17 16:45:00+00:00,611,43.000000001484295,40.10211123483229,0,0,0
2025-12-17 17:00:00+00:00,611,39.999999997235136,42.012189271634426,0,0,0
2025-12-17 17:15:00+00:00,611,38.00000000046566,41.11416216688912,0,0,0
2025-12-17 17:30:00+00:00,611,40.00000000087312,41.04452760201778,0,0,0
2025-12-17 17:45:00+00:00,611,39.00000000066939,41.67424351567124,0,0,0
2025-12-17 18:00:00+00:00,611,43.99999999805004,43.843928792645016,0,0,0
2025-12-17 18:15:00+00:00,611,42.00000000128057,42.53070873720835,0,0,0
2025-12-17 18:30:00+00:00,611,45.00000000189175,41.80293954839056,0,0,0
2025-12-17 18:45:00+00:00,611,42.99999999784632,40.916624181886505,0,0,0
2025-12-17 19:00:00+00:00,611,42.00000000128057,41.44583800237972,0,0,0
2025-12-17 19:15:00+00:00,611,38.00000000046566,41.22017705804979,0,0,0
2025-12-17 19:30:00+00:00,611,38.99999999703141,39.43727785151299,0,0,0
2025-12-17 19:45:00+00:00,611,19.00000000023283,28.197901961987625,0,0,0
2025-12-17 20:00:00+00:00,611,18.000000000029104,18.248541137442302,0,0,0
2025-12-17 20:15:00+00:00,611,19.00000000023283,16.028797421704805,0,0,0
2025-12-17 20:30:00+00:00,611,21.000000000640284,19.733762930437923,0,0,0
2025-12-17 20:45:00+00:00,611,30.999999999039574,23.203082202862056,0,0,0
2025-12-17 21:00:00+00:00,611,34.99999999985448,31.350296717712283,0,0,0
2025-12-17 21:15:00+00:00,611,38.00000000046566,33.31153819282369,0,0,0
2025-12-17 21:30:00+00:00,611,34.99999999985448,34.29558224780724,0,0,0
2025-12-17 21:45:00+00:00,611,36.00000000005821,33.141030367330174,0,0,0
2025-12-17 22:00:00+00:00,611,31.000000002677552,34.155011074438114,0,0,0
2025-12-17 22:15:00+00:00,611,30.999999999039574,32.77082261727485,0,0,0
2025-12-17 22:30:00+00:00,611,29.999999998835847,34.42108121258747,0,0,0
2025-12-17 22:45:00+00:00,611,29.999999998835847,32.939921189416864,0,0,0
2025-12-17 23:00:00+00:00,611,32.00000000288128,32.63463225508499,0,0,0
2025-12-17 23:15:00+00:00,611,33.999999999650754,32.296494260994095,0,0,0
2025-12-17 23:30:00+00:00,611,33.999999999650754,32.01140659637357,0,0,0
2025-12-17 23:45:00+00:00,611,31.9999999992433,31.744611128980864,0,0,0
2025-12-18 00:00:00+00:00,611,33.999999999650754,32.772922449131244,0,0,0
2025-12-18 00:15:00+00:00,611,31.9999999992433,33.63700030052517,0,0,0
2025-12-18 00:30:00+00:00,611,33.999999999650754,34.569861693386684,0,0,0
2025-12-18 00:45:00+00:00,611,34.00000000328873,34.6218902032706,0,0,0
2025-12-18 01:00:00+00:00,611,32.99999999944703,34.249636595910125,0,0,0
2025-12-18 01:15:00+00:00,611,31.9999999992433,33.93687255592047,0,0,0
2025-12-18 01:30:00+00:00,611,30.999999999039574,33.69942445685303,0,0,0
2025-12-18 01:45:00+00:00,611,32.99999999944703,33.14709474088161,0,0,0
2025-12-18 02:00:00+00:00,611,33.000000003085006,34.21327992969805,0,0,0
2025-12-18 02:15:00+00:00,611,36.00000000005821,33.20273880632106,0,0,0
2025-12-18 02:30:00+00:00,611,38.99999999703141,35.378350193269824,0,0,0
2025-12-18 02:45:00+00:00,611,41.00000000107684,35.80932145798066,0,0,0
2025-12-18 03:00:00+00:00,611,39.00000000066939,37.60077378244517,0,0,0
2025-12-18 03:15:00+00:00,611,36.00000000005821,38.18649082493315,0,0,0
2025-12-18 03:30:00+00:00,611,38.00000000046566,38.20387802420598,0,0,0
2025-12-18 03:45:00+00:00,611,37.000000000261934,38.03224486628801,0,0,0
2025-12-18 04:00:00+00:00,611,37.000000000261934,38.26362859180401,0,0,0
2025-12-18 04:15:00+00:00,611,39.999999997235136,39.51957943024477,0,0,0
2025-12-18 04:30:00+00:00,611,39.00000000066939,39.84636354476288,0,0,0
2025-12-18 04:45:00+00:00,611,40.00000000087312,39.74154940252291,0,0,0
2025-12-18 05:00:00+00:00,611,41.00000000107684,40.98408201965037,0,0,0
2025-12-18 05:15:00+00:00,611,41.99999999764259,43.53701027049219,0,0,0
2025-12-18 05:30:00+00:00,611,44.00000000168802,44.08519651543432,0,0,0
2025-12-18 05:45:00+00:00,611,41.99999999764259,42.84720959064948,0,0,0
2025-12-18 06:00:00+00:00,611,49.000000002706656,48.435983056657456,0,0,0
2025-12-18 06:15:00+00:00,611,103.99999999935972,94.51103783129612,0,0,0
2025-12-18 06:30:00+00:00,611,90.00000000014552,100.14006596124396,0,0,0
2025-12-18 06:45:00+00:00,611,59.999999997671694,84.66974699743432,0,0,0
2025-12-18 07:00:00+00:00,611,49.000000002706656,62.53322788459442,0,0,0
2025-12-18 07:15:00+00:00,611,54.00000000008731,53.25803693166648,0,0,0
2025-12-18 07:30:00+00:00,611,45.9999999984575,52.94998272580541,0,0,0
2025-12-18 07:45:00+00:00,611,58.00000000090222,51.21241622728933,0,0,0
2025-12-18 08:00:00+00:00,611,62.99999999828288,52.80798085713977,0,0,0
2025-12-18 08:15:00+00:00,611,50.99999999947613,52.04090932249164,0,0,0
2025-12-18 08:30:00+00:00,611,54.00000000008731,47.50543813323471,0,0,0
2025-12-18 08:45:00+00:00,611,56.000000000494765,48.047744848978944,0,0,0
2025-12-18 09:00:00+00:00,611,57.00000000069849,50.681578733994485,0,0,0
2025-12-18 09:15:00+00:00,611,52.99999999988359,51.26230350018166,0,0,0
2025-12-18 09:30:00+00:00,611,47.99999999886495,49.25259879307771,0,0,0
2025-12-18 09:45:00+00:00,611,53.00000000352156,48.68955993463871,0,0,0
2025-12-18 10:00:00+00:00,611,47.99999999886495,47.92672355381925,0,0,0
2025-12-18 10:15:00+00:00,611,40.00000000087312,43.62981988103488,0,0,0
2025-12-18 10:30:00+00:00,611,46.99999999866122,40.52116077811623,0,0,0
2025-12-18 10:45:00+00:00,611,43.99999999805004,41.11633593648693,0,0,0
2025-12-18 11:00:00+00:00,611,35.00000000349246,40.60041316439175,0,0,0
2025-12-18 11:15:00+00:00,611,44.99999999825377,38.111302056926185,0,0,0
2025-12-18 11:30:00+00:00,611,39.00000000066939,39.05094723756317,0,0,0
2025-12-18 11:45:00+00:00,611,41.00000000107684,36.85773792877853,0,0,0
2025-12-18 12:00:00+00:00,611,36.00000000005821,36.5650539006043,0,0,0
2025-12-18 12:15:00+00:00,611,38.99999999703141,35.39666013555559,0,0,0
2025-12-18 12:30:00+00:00,611,36.00000000005821,37.32382370564555,0,0,0
2025-12-18 12:45:00+00:00,611,37.000000000261934,34.38419810965646,0,0,0
2025-12-18 13:00:00+00:00,611,34.99999999985448,35.09672429370268,0,0,0
2025-12-18 13:15:00+00:00,611,34.99999999985448,34.45102599786342,0,0,0
2025-12-18 13:30:00+00:00,611,32.00000000288128,33.59208312261124,0,0,0
2025-12-18 13:45:00+00:00,611,31.9999999992433,33.71693735028627,0,0,0
2025-12-18 14:00:00+00:00,611,30.999999999039574,32.36857320759685,0,0,0
2025-12-18 14:15:00+00:00,611,49.9999999992724,31.92341033279746,0,0,0
2025-12-18 14:30:00+00:00,611,40.00000000087312,38.007750771309695,0,0,0
2025-12-18 14:45:00+00:00,611,33.999999999650754,32.84832711534316,0,0,0
2025-12-18 15:00:00+00:00,611,30.999999999039574,32.924213855629155,0,0,0
2025-12-18 15:15:00+00:00,611,31.000000002677552,32.51651375565352,0,0,0
2025-12-18 15:30:00+00:00,611,37.000000000261934,33.05892546299058,0,0,0
2025-12-18 15:45:00+00:00,611,37.99999999682768,38.60464128528139,0,0,0
2025-12-18 16:00:00+00:00,611,41.00000000107684,37.64526655772333,0,0,0
2025-12-18 16:15:00+00:00,611,40.00000000087312,41.49375557384056,0,0,0
2025-12-18 16:30:00+00:00,611,41.99999999764259,38.28838590514179,0,0,0
2025-12-18 16:45:00+00:00,611,41.00000000107684,40.75231677538864,0,0,0
2025-12-18 17:00:00+00:00,611,41.00000000107684,40.96601459315647,0,0,0
2025-12-18 17:15:00+00:00,611,39.00000000066939,40.97977884309961,0,0,0
2025-12-18 17:30:00+00:00,611,39.999999997235136,40.48926995148604,0,0,0
2025-12-18 17:45:00+00:00,611,41.00000000107684,40.21673543660416,0,0,0
2025-12-18 18:00:00+00:00,611,40.00000000087312,39.89810517621007,0,0,0
2025-12-18 18:15:00+00:00,611,41.00000000107684,39.31245615644419,0,0,0
2025-12-18 18:30:00+00:00,611,38.99999999703141,38.95280819461878,0,0,0
2025-12-18 18:45:00+00:00,611,37.000000000261934,35.98289769974319,0,0,0
2025-12-18 19:00:00+00:00,611,37.000000000261934,35.38718131710528,0,0,0
2025-12-18 19:15:00+00:00,611,36.00000000005821,34.80568168338801,0,0,0
2025-12-18 19:30:00+00:00,611,38.00000000046566,34.449384580003844,0,0,0
2025-12-18 19:45:00+00:00,611,19.00000000023283,25.347482251024307,0,0,0
2025-12-18 20:00:00+00:00,611,16.999999999825377,15.053585229934129,0,0,0
2025-12-18 20:15:00+00:00,611,14.999999999417923,13.208660391495735,0,0,0
2025-12-18 20:30:00+00:00,611,16.999999999825377,11.188794420588156,0,0,0
2025-12-18 20:45:00+00:00,611,23.00000000104773,14.749194639160528,0,0,0
2025-12-18 21:00:00+00:00,611,24.000000001251465,19.6875828959005,0,0,0
2025-12-18 21:15:00+00:00,611,26.999999998224663,23.70344921353944,0,0,0
2025-12-18 21:30:00+00:00,611,29.0000000022701,26.36475614513519,0,0,0
2025-12-18 21:45:00+00:00,611,28.99999999863212,26.377662717277836,0,0,0
2025-12-18 22:00:00+00:00,611,25.00000000145519,26.533616637749827,0,0,0
2025-12-18 22:15:00+00:00,611,22.99999999740976,26.478734131047023,0,0,0
2025-12-18 22:30:00+00:00,611,9.000000001833541,25.364419169451867,0,0,0
2025-12-18 22:45:00+00:00,611,4.999999997380655,15.930863925681567,0,0,0
2025-12-18 23:00:00+00:00,611,5.000000001018634,7.011613696224128,0,0,0
2025-12-18 23:15:00+00:00,611,7.000000001426088,6.164741157259115,0,0,0
2025-12-18 23:30:00+00:00,611,5.999999997584382,7.944395975702314,0,0,0
2025-12-18 23:45:00+00:00,611,6.000000001222361,7.843337870726577,0,0,0
2025-12-19 00:00:00+00:00,611,6.000000001222361,8.331820868225183,0,0,0
2025-12-19 00:15:00+00:00,611,6.999999997788109,8.13744150353612,0,0,0
2025-12-19 00:30:00+00:00,611,8.000000001629815,7.721728031145153,0,0,0
2025-12-19 00:45:00+00:00,611,8.000000001629815,8.300092704626127,0,0,0
2025-12-19 01:00:00+00:00,611,6.999999997788109,8.854068274721605,0,0,0
2025-12-19 01:15:00+00:00,611,5.000000001018634,8.890503314939592,0,0,0
2025-12-19 01:30:00+00:00,611,7.999999997991836,8.495798512396302,0,0,0
2025-12-19 01:45:00+00:00,611,7.000000001426088,8.533889758022143,0,0,0
2025-12-19 02:00:00+00:00,611,8.000000001629815,8.523724797331433,0,0,0
2025-12-19 02:15:00+00:00,611,6.999999997788109,8.473254895036701,0,0,0
2025-12-19 02:30:00+00:00,611,5.000000001018634,8.249319657591567,0,0,0
2025-12-19 02:45:00+00:00,611,6.000000001222361,8.028754502400451,0,0,0
2025-12-19 03:00:00+00:00,611,5.999999997584382,8.20725795525136,0,0,0
2025-12-19 03:15:00+00:00,611,8.000000001629815,8.262227708489037,0,0,0
2025-12-19 03:30:00+00:00,611,5.999999997584382,8.445411420371965,0,0,0
2025-12-19 03:45:00+00:00,611,5.000000001018634,8.020102307899236,0,0,0
2025-12-19 04:00:00+00:00,611,8.000000001629815,7.844306455139208,0,0,0
2025-12-19 04:15:00+00:00,611,6.999999997788109,8.359665821644747,0,0,0
2025-12-19 04:30:00+00:00,611,7.000000001426088,8.131496909125783,0,0,0
2025-12-19 04:45:00+00:00,611,5.000000001018634,8.170932342890678,0,0,0
2025-12-19 05:00:00+00:00,611,5.999999997584382,8.119535261318514,0,0,0
2025-12-19 05:15:00+00:00,611,8.000000001629815,9.552101922071676,0,0,0
2025-12-19 05:30:00+00:00,611,8.999999998195563,9.38892058737567,0,0,0
2025-12-19 05:45:00+00:00,611,10.000000002037268,9.04240840469131,0,0,0
2025-12-19 07:00:00+00:00,611,59.000000001105946,21.24353981704853,0,0,0
2025-12-19 07:15:00+00:00,611,42.99999999784632,109.52490658470089,0,0,0
2025-12-19 07:30:00+00:00,611,33.000000003085006,38.33427758248766,0,0,0
2025-12-19 07:45:00+00:00,611,37.000000000261934,38.12410511623084,0,0,0
2025-12-19 08:00:00+00:00,611,38.99999999703141,40.99551279447424,0,0,0
2025-12-19 08:15:00+00:00,611,39.00000000066939,41.13236563882724,0,0,0
2025-12-19 08:30:00+00:00,611,39.00000000066939,40.561909346168775,0,0,0
2025-12-19 08:45:00+00:00,611,39.00000000066939,38.14738071723052,0,0,0
2025-12-19 09:00:00+00:00,611,41.99999999764259,37.83740708760213,0,0,0
2025-12-19 09:15:00+00:00,611,44.00000000168802,39.63561140661331,0,0,0
2025-12-19 09:30:00+00:00,611,45.9999999984575,49.22687141657248,0,0,0
2025-12-19 09:45:00+00:00,611,43.000000001484295,50.75770799007235,0,0,0
2025-12-19 10:00:00+00:00,611,45.9999999984575,45.58551750429446,0,0,0
2025-12-19 10:15:00+00:00,611,59.000000001105946,44.78458544158465,0,0,0
2025-12-19 10:30:00+00:00,611,40.00000000087312,49.79056388464565,0,0,0
2025-12-19 10:45:00+00:00,611,34.99999999985448,43.27296676583522,0,0,0
2025-12-19 11:00:00+00:00,611,39.00000000066939,41.6053217106272,0,0,0
2025-12-19 11:15:00+00:00,611,37.000000000261934,38.309777572490034,0,0,0
2025-12-19 11:30:00+00:00,611,38.99999999703141,37.27647989105815,0,0,0
2025-12-19 11:45:00+00:00,611,45.00000000189175,39.08488466087592,0,0,0
2025-12-19 12:00:00+00:00,611,41.00000000107684,41.21367645182396,0,0,0
2025-12-19 12:15:00+00:00,611,39.999999997235136,38.16020743661242,0,0,0
2025-12-19 12:30:00+00:00,611,39.00000000066939,36.71670020826103,0,0,0
2025-12-19 12:45:00+00:00,611,34.99999999985448,38.48170056635437,0,0,0
2025-12-19 13:00:00+00:00,611,36.00000000005821,37.250681534321146,0,0,0
2025-12-19 13:15:00+00:00,611,38.00000000046566,35.71888968520211,0,0,0
2025-12-19 13:30:00+00:00,611,36.00000000005821,36.07429953568921,0,0,0
2025-12-19 13:45:00+00:00,611,36.00000000005821,35.7542437556405,0,0,0
2025-12-19 14:00:00+00:00,611,32.99999999944703,33.98567442276872,0,0,0
2025-12-19 14:15:00+00:00,611,31.9999999992433,32.64562088221514,0,0,0
2025-12-19 14:30:00+00:00,611,33.000000003085006,32.109167078081875,0,0,0
2025-12-19 14:45:00+00:00,611,34.99999999985448,34.42029747252839,0,0,0
2025-12-19 15:00:00+00:00,611,38.00000000046566,36.815906912191565,0,0,0
2025-12-19 15:15:00+00:00,611,36.00000000005821,35.954198026032785,0,0,0
2025-12-19 15:30:00+00:00,611,37.99999999682768,35.56412911987667,0,0,0
2025-12-19 15:45:00+00:00,611,37.000000000261934,36.86534168610638,0,0,0
2025-12-19 16:00:00+00:00,611,38.00000000046566,36.53117266997503,0,0,0
2025-12-19 16:15:00+00:00,611,38.00000000046566,36.9129930816981,0,0,0
2025-12-19 16:30:00+00:00,611,37.000000000261934,36.501955432074666,0,0,0
2025-12-19 16:45:00+00:00,611,37.000000000261934,36.698428713600805,0,0,0
2025-12-19 17:00:00+00:00,611,36.00000000005821,38.09954595604008,0,0,0
2025-12-19 17:15:00+00:00,611,36.00000000005821,36.78004710760184,0,0,0
2025-12-19 17:30:00+00:00,611,36.00000000005821,36.74181833777696,0,0,0
2025-12-19 17:45:00+00:00,611,36.00000000005821,36.11731947115824,0,0,0
2025-12-19 18:00:00+00:00,611,37.000000000261934,36.07900197604365,0,0,0
2025-12-19 18:15:00+00:00,611,28.99999999863212,35.979165322556206,0,0,0
2025-12-19 18:30:00+00:00,611,29.999999998835847,32.845314891757624,0,0,0
2025-12-19 18:45:00+00:00,611,30.000000002473826,31.636895669767483,0,0,0
2025-12-19 19:00:00+00:00,611,31.9999999992433,34.807751940147824,0,0,0
2025-12-19 19:15:00+00:00,611,34.99999999985448,34.80146427461729,0,0,0
2025-12-19 19:30:00+00:00,611,37.000000000261934,35.89433507306779,0,0,0
2025-12-19 19:45:00+00:00,611,13.999999999214197,31.537473067632003,0,0,0
2025-12-19 20:00:00+00:00,611,14.999999999417923,13.380644753685456,0,0,0
2025-12-19 20:15:00+00:00,611,14.000000002852175,13.8281706787007,0,0,0
2025-12-19 20:30:00+00:00,611,19.99999999679858,16.21541295385584,0,0,0
2025-12-19 20:45:00+00:00,611,30.000000002473826,23.911693383499973,0,0,0
2025-12-19 21:00:00+00:00,611,30.999999999039574,31.06713291312356,0,0,0
2025-12-19 21:15:00+00:00,611,33.999999999650754,33.079762597278155,0,0,0
2025-12-19 21:30:00+00:00,611,37.000000000261934,34.74350595787133,0,0,0
2025-12-19 21:45:00+00:00,611,33.999999999650754,33.932350523655096,0,0,0
2025-12-19 22:00:00+00:00,611,37.000000000261934,35.03108828188744,0,0,0
2025-12-19 22:15:00+00:00,611,34.99999999985448,34.83429854682802,0,0,0
2025-12-19 22:30:00+00:00,611,36.00000000005821,36.393500595447065,0,0,0
2025-12-19 22:45:00+00:00,611,34.99999999985448,37.23324997240347,0,0,0
2025-12-19 23:00:00+00:00,611,37.000000000261934,37.1946219387749,0,0,0
2025-12-19 23:15:00+00:00,611,37.000000000261934,38.68900129073436,0,0,0
2025-12-19 23:30:00+00:00,611,38.00000000046566,38.57875420325469,0,0,0
2025-12-19 23:45:00+00:00,611,36.00000000005821,39.01536248137154,0,0,0
2025-12-20 00:00:00+00:00,611,33.999999999650754,39.36522995876163,0,0,0
2025-12-20 00:15:00+00:00,611,37.000000000261934,36.94007204011653,0,0,0
2025-12-20 00:30:00+00:00,611,42.00000000128057,38.856402252333325,0,0,0
2025-12-20 00:45:00+00:00,611,39.999999997235136,37.49320619871463,0,0,0
2025-12-20 01:00:00+00:00,611,41.00000000107684,37.699640372765145,0,0,0
2025-12-20 01:15:00+00:00,611,38.00000000046566,38.89314930982011,0,0,0
2025-12-20 01:30:00+00:00,611,38.00000000046566,39.415019633835286,0,0,0
2025-12-20 01:45:00+00:00,611,37.000000000261934,40.03246779743198,0,0,0
2025-12-20 02:00:00+00:00,611,39.999999997235136,40.08981095216931,0,0,0
2025-12-20 02:15:00+00:00,611,43.000000001484295,40.83682761383411,0,0,0
2025-12-20 02:30:00+00:00,611,43.000000001484295,40.82381752885348,0,0,0
2025-12-20 02:45:00+00:00,611,41.99999999764259,40.82041935025772,0,0,0
2025-12-20 03:00:00+00:00,611,39.00000000066939,41.48145233366792,0,0,0
2025-12-20 03:15:00+00:00,611,41.00000000107684,41.8978164581834,0,0,0
2025-12-20 03:30:00+00:00,611,40.99999999743886,42.42005942841534,0,0,0
2025-12-20 03:45:00+00:00,611,45.00000000189175,42.03897247908717,0,0,0
2025-12-20 04:00:00+00:00,611,43.000000001484295,43.08842999328427,0,0,0
2025-12-20 04:15:00+00:00,611,41.99999999764259,42.83223571925667,0,0,0
2025-12-20 04:30:00+00:00,611,37.000000000261934,43.26250013915951,0,0,0
2025-12-20 04:45:00+00:00,611,42.00000000128057,43.05945527117578,0,0,0
2025-12-20 05:00:00+00:00,611,46.99999999866122,45.05952736932724,0,0,0
2025-12-20 05:15:00+00:00,611,45.00000000189175,45.92772503167322,0,0,0
2025-12-20 05:30:00+00:00,611,39.999999997235136,43.93335205463057,0,0,0
2025-12-20 05:45:00+00:00,611,46.00000000209548,43.4444757083476,0,0,0
2025-12-20 06:00:00+00:00,611,44.99999999825377,47.09630216232065,0,0,0
2025-12-20 06:15:00+00:00,611,84.00000000256114,61.78094094072105,0,0,0
2025-12-20 06:30:00+00:00,611,72.00000000011642,68.63281650352013,0,0,0
2025-12-20 06:45:00+00:00,611,59.999999997671694,60.85728405728919,0,0,0
2025-12-20 07:00:00+00:00,611,48.99999999906868,57.95433158104546,0,0,0
2025-12-20 07:15:00+00:00,611,49.000000002706656,46.34229099031732,0,0,0
2025-12-20 07:30:00+00:00,611,46.99999999866122,46.24046393283079,0,0,0
2025-12-20 07:45:00+00:00,611,50.99999999947613,45.85709970106683,0,0,0
2025-12-20 08:00:00+00:00,611,49.9999999992724,47.10135950383392,0,0,0
2025-12-20 08:15:00+00:00,611,48.00000000250293,48.85912579330652,0,0,0
2025-12-20 08:30:00+00:00,611,51.99999999967986,45.91564360472485,0,0,0
2025-12-20 08:45:00+00:00,611,47.99999999886495,48.71703224184151,0,0,0
2025-12-20 09:00:00+00:00,611,46.99999999866122,47.86416039453751,0,0,0
2025-12-20 09:15:00+00:00,611,49.000000002706656,48.259011593808815,0,0,0
2025-12-20 09:30:00+00:00,611,47.99999999886495,47.17237522571503,0,0,0
2025-12-20 09:45:00+00:00,611,50.99999999947613,47.23770365652594,0,0,0
2025-12-20 10:00:00+00:00,611,56.000000000494765,47.31680816731863,0,0,0
2025-12-20 10:15:00+00:00,611,57.00000000069849,53.553367930983626,0,0,0
2025-12-20 10:30:00+00:00,611,49.9999999992724,51.29300836543943,0,0,0
2025-12-20 10:45:00+00:00,611,49.9999999992724,48.47917157017694,0,0,0
2025-12-20 11:00:00+00:00,611,46.00000000209548,47.23341231001381,0,0,0
2025-12-20 11:15:00+00:00,611,45.9999999984575,45.689556779004334,0,0,0
2025-12-20 11:30:00+00:00,611,43.000000001484295,42.9577553866045,0,0,0
2025-12-20 11:45:00+00:00,611,41.99999999764259,41.53218545432211,0,0,0
2025-12-20 12:00:00+00:00,611,39.00000000066939,40.762889872412,0,0,0
2025-12-20 12:15:00+00:00,611,39.00000000066939,39.27661113940275,0,0,0
2025-12-20 12:30:00+00:00,611,38.00000000046566,36.35622118622204,0,0,0
2025-12-20 12:45:00+00:00,611,40.00000000087312,36.23826091355721,0,0,0
2025-12-20 13:00:00+00:00,611,40.99999999743886,37.33707039139874,0,0,0
2025-12-20 13:15:00+00:00,611,40.00000000087312,38.09387936753748,0,0,0
2025-12-20 13:30:00+00:00,611,41.00000000107684,37.22368538617311,0,0,0
2025-12-20 13:45:00+00:00,611,38.00000000046566,39.27312423551729,0,0,0
2025-12-20 14:00:00+00:00,611,37.000000000261934,38.57898193149826,0,0,0
2025-12-20 14:15:00+00:00,611,37.000000000261934,38.29491017144487,0,0,0
2025-12-20 14:30:00+00:00,611,32.99999999944703,36.64744124711612,0,0,0
2025-12-20 14:45:00+00:00,611,37.000000000261934,35.10741273360266,0,0,0
2025-12-20 15:00:00+00:00,611,39.999999997235136,35.80312843275914,0,0,0
2025-12-20 15:15:00+00:00,611,37.000000000261934,36.2786841555475,0,0,0
2025-12-20 15:30:00+00:00,611,37.000000000261934,34.888817279843025,0,0,0
2025-12-20 15:45:00+00:00,611,36.00000000005821,34.91989479131757,0,0,0
2025-12-20 16:00:00+00:00,611,37.000000000261934,35.36069386061823,0,0,0
2025-12-20 16:15:00+00:00,611,37.000000000261934,35.966220302788024,0,0,0
2025-12-20 16:30:00+00:00,611,38.00000000046566,35.4052339560509,0,0,0
2025-12-20 16:45:00+00:00,611,36.00000000005821,36.31990001012584,0,0,0
2025-12-20 17:00:00+00:00,611,37.000000000261934,35.492912287338896,0,0,0
2025-12-20 17:15:00+00:00,611,37.000000000261934,35.27841298445405,0,0,0
2025-12-20 17:30:00+00:00,611,37.000000000261934,35.07834928620446,0,0,0
2025-12-20 17:45:00+00:00,611,37.000000000261934,34.07655573701511,0,0,0
2025-12-20 18:00:00+00:00,611,37.000000000261934,35.03367610283722,0,0,0
2025-12-20 18:15:00+00:00,611,36.99999999662396,35.73797745252764,0,0,0
2025-12-20 18:30:00+00:00,611,37.000000000261934,36.254089505240856,0,0,0
2025-12-20 18:45:00+00:00,611,38.00000000046566,35.70824560794698,0,0,0
2025-12-20 19:00:00+00:00,611,38.00000000046566,36.21210765566138,0,0,0
2025-12-20 19:15:00+00:00,611,39.00000000066939,36.09585978108789,0,0,0
2025-12-20 19:30:00+00:00,611,40.00000000087312,37.03593380062512,0,0,0
2025-12-20 19:45:00+00:00,611,22.99999999740976,36.39989177381559,0,0,0
2025-12-20 20:00:00+00:00,611,25.00000000145519,23.89538197836484,0,0,0
2025-12-20 20:15:00+00:00,611,28.99999999863212,27.043998515502828,0,0,0
2025-12-20 20:30:00+00:00,611,37.000000000261934,34.34074933528717,0,0,0
2025-12-20 20:45:00+00:00,611,40.00000000087312,36.10725210828621,0,0,0
2025-12-20 21:00:00+00:00,611,40.00000000087312,35.381393470706755,0,0,0
2025-12-20 21:15:00+00:00,611,37.000000000261934,35.76853444230257,0,0,0
2025-12-20 21:30:00+00:00,611,39.00000000066939,35.39373220099528,0,0,0
2025-12-20 21:45:00+00:00,611,36.00000000005821,35.49017954841593,0,0,0
2025-12-20 22:00:00+00:00,611,37.000000000261934,36.24967098581347,0,0,0
2025-12-20 22:15:00+00:00,611,36.00000000005821,36.57799004784351,0,0,0
2025-12-20 22:30:00+00:00,611,34.99999999985448,37.09140485174965,0,0,0
2025-12-20 22:45:00+00:00,611,34.99999999985448,36.61654710124031,0,0,0
2025-12-20 23:00:00+00:00,611,34.99999999985448,35.6702978015395,0,0,0
2025-12-20 23:15:00+00:00,611,34.99999999985448,34.72734316759646,0,0,0
2025-12-20 23:30:00+00:00,611,34.99999999985448,34.3193458379003,0,0,0
2025-12-20 23:45:00+00:00,611,34.99999999985448,33.8274210385385,0,0,0
2025-12-21 00:00:00+00:00,611,33.999999999650754,34.46858473269634,0,0,0
2025-12-21 00:15:00+00:00,611,32.99999999944703,33.67341315942073,0,0,0
2025-12-21 00:30:00+00:00,611,33.999999999650754,33.74170205739819,0,0,0
2025-12-21 00:45:00+00:00,611,33.999999999650754,33.656642600911375,0,0,0
2025-12-21 01:00:00+00:00,611,32.99999999944703,33.4257956633981,0,0,0
2025-12-21 01:15:00+00:00,611,32.00000000288128,32.89788610466357,0,0,0
2025-12-21 01:30:00+00:00,611,31.9999999992433,32.225883717935986,0,0,0
2025-12-21 01:45:00+00:00,611,32.99999999944703,31.543074590922146,0,0,0
2025-12-21 02:00:00+00:00,611,30.999999999039574,31.633265326663658,0,0,0
2025-12-21 02:15:00+00:00,611,29.999999998835847,31.37501558342452,0,0,0
2025-12-21 02:30:00+00:00,611,30.000000002473826,31.30297212693765,0,0,0
2025-12-21 02:45:00+00:00,611,31.9999999992433,31.24634173202763,0,0,0
2025-12-21 03:00:00+00:00,611,31.9999999992433,30.835706303717533,0,0,0
2025-12-21 03:15:00+00:00,611,31.9999999992433,30.9550152007859,0,0,0
2025-12-21 03:30:00+00:00,611,33.000000003085006,30.927155459818053,0,0,0
2025-12-21 03:45:00+00:00,611,31.9999999992433,31.26814745072784,0,0,0
2025-12-21 04:00:00+00:00,611,30.999999999039574,31.41235857910717,0,0,0
2025-12-21 04:15:00+00:00,611,30.999999999039574,32.01420883677346,0,0,0
2025-12-21 04:30:00+00:00,611,31.000000002677552,32.40056015329088,0,0,0
2025-12-21 04:45:00+00:00,611,29.999999998835847,32.45718167567193,0,0,0
2025-12-21 05:00:00+00:00,611,31.9999999992433,32.47341544617857,0,0,0
2025-12-21 05:15:00+00:00,611,30.999999999039574,34.39599265816811,0,0,0
2025-12-21 05:30:00+00:00,611,30.000000002473826,33.663397552967695,0,0,0
2025-12-21 05:45:00+00:00,611,32.99999999944703,33.19888664999297,0,0,0
2025-12-21 06:00:00+00:00,611,31.9999999992433,35.991288154639776,0,0,0
2025-12-21 06:15:00+00:00,611,56.000000000494765,50.31209113754062,0,0,0
2025-12-21 06:30:00+00:00,611,46.99999999866122,54.56034081895958,0,0,0
2025-12-21 06:45:00+00:00,611,49.000000002706656,47.28215798417857,0,0,0
2025-12-21 07:00:00+00:00,611,47.99999999886495,47.17166542339737,0,0,0
2025-12-21 07:15:00+00:00,611,33.999999999650754,35.90491408511047,0,0,0
2025-12-21 07:30:00+00:00,611,33.999999999650754,34.31554839550086,0,0,0
2025-12-21 07:45:00+00:00,611,34.99999999985448,34.00555628143712,0,0,0
2025-12-21 08:00:00+00:00,611,33.999999999650754,34.55793405694047,0,0,0
2025-12-21 08:15:00+00:00,611,34.99999999985448,36.49041522939351,0,0,0
2025-12-21 08:30:00+00:00,611,33.999999999650754,34.65523020963265,0,0,0
2025-12-21 08:45:00+00:00,611,36.00000000005821,34.420377325289124,0,0,0
2025-12-21 09:00:00+00:00,611,37.000000000261934,34.11763406739441,0,0,0
2025-12-21 09:15:00+00:00,611,38.00000000046566,33.33443819009695,0,0,0
2025-12-21 09:30:00+00:00,611,36.00000000005821,33.93478307534788,0,0,0
2025-12-21 09:45:00+00:00,611,36.00000000005821,33.8381937674637,0,0,0
2025-12-21 10:00:00+00:00,611,36.00000000005821,33.83302847684795,0,0,0
2025-12-21 10:15:00+00:00,611,34.99999999985448,34.9895707613241,0,0,0
2025-12-21 10:30:00+00:00,611,36.00000000005821,34.08763013192532,0,0,0
2025-12-21 10:45:00+00:00,611,31.9999999992433,34.56172854183025,0,0,0
2025-12-21 11:00:00+00:00,611,32.00000000288128,31.54544947117662,0,0,0
2025-12-21 11:15:00+00:00,611,27.9999999984284,29.4634513980198,0,0,0
2025-12-21 11:30:00+00:00,611,26.999999998224663,26.420954743635303,0,0,0
2025-12-21 11:45:00+00:00,611,27.000000001862645,26.660341490282832,0,0,0
2025-12-21 12:00:00+00:00,611,29.999999998835847,26.67782628737433,0,0,0
2025-12-21 12:15:00+00:00,611,40.00000000087312,28.06452567023629,0,0,0
2025-12-21 12:30:00+00:00,611,14.999999999417923,30.732155018101047,0,0,0
2025-12-21 12:45:00+00:00,611,8.000000001629815,17.843941616653197,0,0,0
2025-12-21 13:00:00+00:00,611,6.999999997788109,11.901620052487132,0,0,0
2025-12-21 13:15:00+00:00,611,6.000000001222361,7.670737607150812,0,0,0
2025-12-21 13:30:00+00:00,611,7.000000001426088,5.77193951218003,0,0,0
2025-12-21 13:45:00+00:00,611,6.999999997788109,5.593669702592017,0,0,0
2025-12-21 14:00:00+00:00,611,8.000000001629815,6.330329165438409,0,0,0
2025-12-21 14:15:00+00:00,611,5.999999997584382,10.453116850947852,0,0,0
2025-12-21 14:30:00+00:00,611,8.000000001629815,7.6462021070373,0,0,0
2025-12-21 14:45:00+00:00,611,7.000000001426088,7.691037953435666,0,0,0
2025-12-21 15:00:00+00:00,611,7.999999997991836,7.348315819376602,0,0,0
2025-12-21 15:15:00+00:00,611,9.000000001833541,6.899228329262526,0,0,0
2025-12-21 15:30:00+00:00,611,8.999999998195563,7.906375710308238,0,0,0
2025-12-21 15:45:00+00:00,611,9.000000001833541,9.22844611339313,0,0,0
2025-12-21 16:00:00+00:00,611,8.999999998195563,9.810792334249683,0,0,0
2025-12-21 16:15:00+00:00,611,9.000000001833541,9.848601877080707,0,0,0
2025-12-21 16:30:00+00:00,611,9.99999999839929,9.577399720299248,0,0,0
2025-12-21 16:45:00+00:00,611,9.99999999839929,10.950744468305542,0,0,0
2025-12-21 17:00:00+00:00,611,11.000000002240997,13.308056376044304,0,0,0
2025-12-21 17:15:00+00:00,611,13.999999999214197,13.47741594841354,0,0,0
2025-12-21 17:30:00+00:00,611,38.00000000046566,15.43898053145496,0,0,0
2025-12-21 17:45:00+00:00,611,91.00000000034925,70.57101454213992,0,0,0
2025-12-21 18:00:00+00:00,611,87.99999999973807,76.3035436800401,0,0,0
2025-12-21 18:15:00+00:00,611,59.000000001105946,49.01073956835703,0,0,0
2025-12-21 18:30:00+00:00,611,38.99999999703141,33.85120089493468,0,0,0
2025-12-21 18:45:00+00:00,611,33.000000003085006,28.707606570029203,0,0,0
2025-12-21 19:00:00+00:00,611,32.99999999944703,30.58356973293918,0,0,0
2025-12-21 19:15:00+00:00,611,31.9999999992433,35.72604094355245,0,0,0
2025-12-21 19:30:00+00:00,611,33.999999999650754,35.525066332328535,0,0,0
2025-12-21 19:45:00+00:00,611,37.000000000261934,34.4003697724603,0,0,0
2025-12-21 20:00:00+00:00,611,40.00000000087312,35.07887868043304,0,0,0
2025-12-21 20:15:00+00:00,611,37.000000000261934,35.43151734437163,0,0,0
2025-12-21 20:30:00+00:00,611,38.99999999703141,34.73013801422221,0,0,0
2025-12-21 20:45:00+00:00,611,41.00000000107684,35.92607506670548,0,0,0
2025-12-21 21:00:00+00:00,611,39.00000000066939,36.45040308124552,0,0,0
2025-12-21 21:15:00+00:00,611,40.00000000087312,37.38376059635197,0,0,0
2025-12-21 21:30:00+00:00,611,39.00000000066939,37.72688790923402,0,0,0
2025-12-21 21:45:00+00:00,611,39.999999997235136,38.40473137753396,0,0,0
2025-12-21 22:00:00+00:00,611,39.00000000066939,39.20682869904857,0,0,0
2025-12-21 22:15:00+00:00,611,40.00000000087312,39.375528007386905,0,0,0
2025-12-21 22:30:00+00:00,611,40.00000000087312,39.90052737661906,0,0,0
2025-12-21 22:45:00+00:00,611,39.999999997235136,40.10651792422105,0,0,0
2025-12-21 23:00:00+00:00,611,38.00000000046566,40.29169351885788,0,0,0
2025-12-21 23:15:00+00:00,611,39.00000000066939,40.27895256725603,0,0,0
2025-12-21 23:30:00+00:00,611,39.00000000066939,40.33110529254553,0,0,0
2025-12-21 23:45:00+00:00,611,41.00000000107684,40.59836952521884,0,0,0
2025-12-22 00:00:00+00:00,611,38.99999999703141,40.7695708867269,1,0,1
2025-12-22 00:15:00+00:00,611,27.000000001862645,41.11757217552351,1,0,1
2025-12-22 00:30:00+00:00,611,25.00000000145519,38.32416585697077,1,0,1
2025-12-22 00:45:00+00:00,611,24.999999997817213,39.38803827323552,1,0,1
2025-12-22 01:00:00+00:00,611,28.00000000206637,34.808686513199405,0,0,0
2025-12-22 01:15:00+00:00,611,28.99999999863212,36.191103422078186,0,0,0
2025-12-22 01:30:00+00:00,611,26.999999998224663,33.45300770975109,0,0,0
2025-12-22 01:45:00+00:00,611,28.00000000206637,31.81095398560409,0,0,0
2025-12-22 02:00:00+00:00,611,28.99999999863212,31.56833763841125,0,0,0
2025-12-22 02:15:00+00:00,611,25.00000000145519,31.07927201151024,0,0,0
2025-12-22 02:30:00+00:00,611,26.999999998224663,30.29590755616233,0,0,0
2025-12-22 02:45:00+00:00,611,26.00000000165892,31.92298888767135,0,0,0
2025-12-22 03:00:00+00:00,611,26.999999998224663,31.19844782064405,0,0,0
2025-12-22 03:15:00+00:00,611,26.00000000165892,32.169044818595154,0,0,0
2025-12-22 03:30:00+00:00,611,27.9999999984284,30.29705063364472,0,0,0
2025-12-22 03:45:00+00:00,611,27.000000001862645,31.646149717483876,0,0,0
2025-12-22 04:00:00+00:00,611,25.99999999802094,30.94999630689817,0,0,0
2025-12-22 04:15:00+00:00,611,27.000000001862645,32.97049148798526,0,0,0
2025-12-22 04:30:00+00:00,611,26.999999998224663,32.72962007148997,0,0,0
2025-12-22 04:45:00+00:00,611,26.00000000165892,31.97724883859138,0,0,0
2025-12-22 05:00:00+00:00,611,28.99999999863212,32.86229839096228,0,0,0
2025-12-22 05:15:00+00:00,611,31.9999999992433,42.88089858315104,0,0,0
2025-12-22 05:30:00+00:00,611,35.00000000349246,37.95271743161439,0,0,0
2025-12-22 05:45:00+00:00,611,33.999999999650754,39.20995774426555,0,0,0
2025-12-22 06:00:00+00:00,611,36.00000000005821,44.72628996873781,0,0,0
2025-12-22 06:15:00+00:00,611,58.99999999746797,92.63852016713642,0,0,0
2025-12-22 06:30:00+00:00,611,54.00000000008731,80.78428911060603,0,0,0
2025-12-22 06:45:00+00:00,611,67.00000000273576,59.06605354604894,0,0,0
2025-12-22 07:00:00+00:00,611,55.99999999685679,66.46325839946161,0,0,0
2025-12-22 07:15:00+00:00,611,45.00000000189175,53.19621906481828,0,0,0
2025-12-22 07:30:00+00:00,611,38.00000000046566,50.12115135658252,0,0,0
2025-12-22 07:45:00+00:00,611,57.00000000069849,43.91398923890695,0,0,0
2025-12-22 08:00:00+00:00,611,44.99999999825377,47.85264976695292,0,0,0
2025-12-22 08:15:00+00:00,611,46.99999999866122,46.13623241999322,0,0,0
2025-12-22 08:30:00+00:00,611,67.00000000273576,48.34725185193162,0,0,0
2025-12-22 08:45:00+00:00,611,55.00000000029104,54.15758123886577,0,0,0
2025-12-22 09:00:00+00:00,611,61.99999999807915,50.0163194692846,0,0,0
2025-12-22 09:15:00+00:00,611,49.9999999992724,54.98105839768999,0,0,0
2025-12-22 09:30:00+00:00,611,49.9999999992724,52.50981952108098,0,0,0
2025-12-22 09:45:00+00:00,611,46.00000000209548,53.52739803868652,0,0,0
2025-12-22 10:00:00+00:00,611,40.00000000087312,48.22747862584711,0,0,0
2025-12-22 10:15:00+00:00,611,38.99999999703141,47.18167067856661,0,0,0
2025-12-22 10:30:00+00:00,611,38.00000000046566,43.1287408499076,0,0,0
2025-12-22 10:45:00+00:00,611,36.00000000005821,40.14705355157831,0,0,0
2025-12-22 11:00:00+00:00,611,34.99999999985448,39.090820382757286,0,0,0
2025-12-22 11:15:00+00:00,611,36.00000000005821,36.02162924620975,0,0,0
2025-12-22 11:30:00+00:00,611,37.000000000261934,36.14822544707268,0,0,0
2025-12-22 11:45:00+00:00,611,32.00000000288128,36.19348421735198,0,0,0
2025-12-22 12:00:00+00:00,611,32.99999999944703,33.49435369475434,0,0,0
2025-12-22 12:15:00+00:00,611,36.00000000005821,35.17746726484528,0,0,0
2025-12-22 12:30:00+00:00,611,32.99999999944703,34.96252137800224,0,0,0
2025-12-22 12:45:00+00:00,611,32.99999999944703,33.68096811783924,0,0,0
2025-12-22 13:00:00+00:00,611,31.9999999992433,33.55466471043235,0,0,0
2025-12-22 13:15:00+00:00,611,33.999999999650754,32.7902179656047,0,0,0
2025-12-22 13:30:00+00:00,611,44.00000000168802,34.09062017418843,0,0,0
2025-12-22 13:45:00+00:00,611,49.9999999992724,36.87164118167554,0,0,0
2025-12-22 14:00:00+00:00,611,46.99999999866122,40.539467762892336,0,0,0
2025-12-22 14:15:00+00:00,611,47.0000000022992,43.77924214142964,0,0,0
2025-12-22 14:30:00+00:00,611,43.99999999805004,44.02111615369861,0,0,0
2025-12-22 14:45:00+00:00,611,41.00000000107684,42.76955130207901,0,0,0
2025-12-22 15:00:00+00:00,611,42.00000000128057,42.59606378560618,0,0,0
2025-12-22 15:15:00+00:00,611,41.99999999764259,43.38332032366255,0,0,0
2025-12-22 15:30:00+00:00,611,43.000000001484295,44.103394072353126,0,0,0
2025-12-22 15:45:00+00:00,611,44.99999999825377,43.72830199509947,0,0,0
2025-12-22 16:00:00+00:00,611,45.00000000189175,43.75238203872582,0,0,0
2025-12-22 16:15:00+00:00,611,46.99999999866122,44.09420213233953,0,0,0
2025-12-22 16:30:00+00:00,611,41.00000000107684,44.65433671629548,0,0,0
2025-12-22 16:45:00+00:00,611,45.9999999984575,42.94762000101035,0,0,0
2025-12-22 17:00:00+00:00,611,41.00000000107684,44.54368740750246,0,0,0
2025-12-22 17:15:00+00:00,611,40.00000000087312,42.740319276630366,0,0,0
2025-12-22 17:30:00+00:00,611,45.9999999984575,43.34934445272426,0,0,0
2025-12-22 17:45:00+00:00,611,40.00000000087312,43.5046876474521,0,0,0
2025-12-22 18:00:00+00:00,611,43.99999999805004,41.975380106444845,0,0,0
2025-12-22 18:15:00+00:00,611,43.000000001484295,42.95607847862904,0,0,0
2025-12-22 18:30:00+00:00,611,43.000000001484295,42.54360052180271,0,0,0
2025-12-22 18:45:00+00:00,611,47.99999999886495,42.179883026689424,0,0,0
2025-12-22 19:00:00+00:00,611,40.00000000087312,42.67357124118415,0,0,0
2025-12-22 19:15:00+00:00,611,40.99999999743886,41.48351076038911,0,0,0
2025-12-22 19:30:00+00:00,611,44.00000000168802,42.61829242818732,0,0,0
2025-12-22 19:45:00+00:00,611,26.00000000165892,41.04824223414683,0,0,0
2025-12-22 20:00:00+00:00,611,26.999999998224663,31.47655576247433,0,0,0
2025-12-22 20:15:00+00:00,611,27.000000001862645,30.79747457638299,0,0,0
2025-12-22 20:30:00+00:00,611,26.999999998224663,29.67908934212255,0,0,0
2025-12-22 20:45:00+00:00,611,27.9999999984284,30.29342916306986,0,0,0
2025-12-22 21:00:00+00:00,611,27.000000001862645,30.181274481861497,0,0,0
2025-12-22 21:15:00+00:00,611,27.9999999984284,30.35810102673695,0,0,0
2025-12-22 21:30:00+00:00,611,26.00000000165892,29.96274409331432,0,0,0
2025-12-22 21:45:00+00:00,611,24.999999997817213,28.977350674549815,0,0,0
2025-12-22 22:00:00+00:00,611,25.00000000145519,29.074277138534885,0,0,0
2025-12-22 22:15:00+00:00,611,27.000000001862645,28.03124185655771,0,0,0
2025-12-22 22:30:00+00:00,611,24.999999997817213,28.054436126041825,0,0,0
2025-12-22 22:45:00+00:00,611,28.00000000206637,27.709649650242252,0,0,0
2025-12-22 23:00:00+00:00,611,26.999999998224663,27.541127792483334,0,0,0
2025-12-22 23:15:00+00:00,611,26.00000000165892,27.76172252277102,0,0,0
2025-12-22 23:30:00+00:00,611,26.999999998224663,27.67845235962661,0,0,0
2025-12-22 23:45:00+00:00,611,28.00000000206637,27.75447958162131,0,0,0
2025-12-23 00:00:00+00:00,611,27.9999999984284,28.62832756616676,0,0,0
2025-12-23 00:15:00+00:00,611,24.000000001251465,28.64433656593948,0,0,0
2025-12-23 00:30:00+00:00,611,26.999999998224663,26.437502010165574,0,0,0
2025-12-23 00:45:00+00:00,611,26.00000000165892,25.110533231711464,0,0,0
2025-12-23 01:00:00+00:00,611,26.999999998224663,22.51984349757055,0,0,0
2025-12-23 01:15:00+00:00,611,27.000000001862645,22.40487548530108,0,0,0
2025-12-23 01:30:00+00:00,611,26.999999998224663,34.74540467907105,0,0,0
2025-12-23 01:45:00+00:00,611,28.00000000206637,30.215515049914075,0,0,0
2025-12-23 02:00:00+00:00,611,25.99999999802094,30.97462792607553,0,0,0
2025-12-23 02:15:00+00:00,611,27.000000001862645,29.52954434507702,0,0,0
2025-12-23 02:30:00+00:00,611,26.999999998224663,28.23089741847465,0,0,0
2025-12-23 02:45:00+00:00,611,27.000000001862645,28.087440455057827,0,0,0
2025-12-23 03:00:00+00:00,611,25.99999999802094,28.17080673726608,0,0,0
2025-12-23 03:15:00+00:00,611,26.00000000165892,28.00423979339036,0,0,0
2025-12-23 03:30:00+00:00,611,26.999999998224663,27.760197926542894,0,0,0
2025-12-23 03:45:00+00:00,611,29.0000000022701,27.712793483007523,0,0,0
2025-12-23 04:00:00+00:00,611,26.999999998224663,28.14010335076313,0,0,0
2025-12-23 04:15:00+00:00,611,27.9999999984284,29.09729099992993,0,0,0
2025-12-23 04:30:00+00:00,611,26.00000000165892,29.05843671681261,0,0,0
2025-12-23 04:45:00+00:00,611,26.999999998224663,28.80030971022424,0,0,0
2025-12-23 05:00:00+00:00,611,26.00000000165892,29.956586558208684,0,0,0
2025-12-23 05:15:00+00:00,611,33.999999999650754,34.33832417736853,0,0,0
2025-12-23 05:30:00+00:00,611,33.999999999650754,38.04936884720137,0,0,0
2025-12-23 05:45:00+00:00,611,37.000000000261934,33.85552181654339,0,0,0
2025-12-23 06:00:00+00:00,611,32.99999999944703,46.48230541249353,0,0,0
2025-12-23 06:15:00+00:00,611,63.00000000192085,59.25467168192639,0,0,0
2025-12-23 06:30:00+00:00,611,48.99999999906868,62.07392071986098,0,0,0
2025-12-23 06:45:00+00:00,611,70.99999999991269,47.004388677204,0,0,0
2025-12-23 07:00:00+00:00,611,56.000000000494765,57.56341386961781,0,0,0
2025-12-23 07:15:00+00:00,611,45.9999999984575,35.876241028986975,0,0,0
2025-12-23 07:30:00+00:00,611,43.000000001484295,40.13449005055586,0,0,0
2025-12-23 07:45:00+00:00,611,43.000000001484295,37.004096209168765,0,0,0
2025-12-23 08:00:00+00:00,611,36.00000000005821,37.8591950612444,0,0,0
2025-12-23 08:15:00+00:00,611,57.99999999726424,40.6416083164025,0,0,0
2025-12-23 08:30:00+00:00,611,104.99999999956344,51.31398893894536,0,0,0
2025-12-23 08:45:00+00:00,611,115.00000000160072,68.24418790456691,0,0,0
2025-12-23 09:00:00+00:00,611,84.99999999912689,72.4463950756475,0,0,0
2025-12-23 09:15:00+00:00,611,62.000000001717126,67.28903058577957,0,0,0
2025-12-23 09:30:00+00:00,611,54.00000000008731,61.28174584324521,0,0,0
2025-12-23 09:45:00+00:00,611,59.999999997671694,59.94389860489567,0,0,0
2025-12-23 10:00:00+00:00,611,63.00000000192085,62.19658934789957,0,0,0
2025-12-23 10:15:00+00:00,611,60.99999999787542,64.21583498115662,0,0,0
2025-12-23 10:30:00+00:00,611,58.00000000090222,57.99149564739386,0,0,0
2025-12-23 10:45:00+00:00,611,60.00000000130967,54.82052477351432,0,0,0
2025-12-23 11:00:00+00:00,611,58.99999999746797,54.136121548795415,0,0,0
2025-12-23 11:15:00+00:00,611,59.000000001105946,57.01837441495061,0,0,0
2025-12-23 11:30:00+00:00,611,57.00000000069849,58.24830804093976,0,0,0
2025-12-23 11:45:00+00:00,611,59.000000001105946,58.19577083939486,0,0,0
2025-12-23 12:00:00+00:00,611,80.99999999831198,57.97383339972295,0,0,0
2025-12-23 12:15:00+00:00,611,73.00000000032014,69.10703543194359,0,0,0
2025-12-23 12:30:00+00:00,611,74.00000000052387,63.59643781869603,0,0,0
2025-12-23 12:45:00+00:00,611,69.99999999970896,64.79939304159508,0,0,0
2025-12-23 13:00:00+00:00,611,69.99999999970896,60.47846256035819,0,0,0
2025-12-23 13:15:00+00:00,611,62.000000001717126,62.670548015473216,0,0,0
2025-12-23 13:30:00+00:00,611,63.9999999984866,61.33374773554221,0,0,0
2025-12-23 13:45:00+00:00,611,64.99999999869033,63.62885212453549,0,0,0
2025-12-23 14:00:00+00:00,611,68.00000000293949,63.32880093980594,0,0,0
2025-12-23 14:15:00+00:00,611,62.99999999828288,62.585673403339946,0,0,0
2025-12-23 14:30:00+00:00,611,70.99999999991269,61.19448452081885,0,0,0
2025-12-23 14:45:00+00:00,611,61.0000000015134,61.83009179370881,0,0,0
2025-12-23 15:00:00+00:00,611,62.99999999828288,59.52277584734227,0,0,0
2025-12-23 15:15:00+00:00,611,66.99999999909778,60.32441771236972,0,0,0
2025-12-23 15:30:00+00:00,611,62.000000001717126,62.315226890275824,0,0,0
2025-12-23 15:45:00+00:00,611,67.99999999930151,61.93719800593288,0,0,0
2025-12-23 16:00:00+00:00,611,64.99999999869033,64.315491226555,0,0,0
2025-12-23 16:15:00+00:00,611,70.99999999991269,61.95410904615094,0,0,0
2025-12-23 16:30:00+00:00,611,63.00000000192085,64.53853477483858,0,0,0
2025-12-23 16:45:00+00:00,611,67.99999999930151,60.08109452036888,0,0,0
2025-12-23 17:00:00+00:00,611,63.00000000192085,63.376156584431975,0,0,0
2025-12-23 17:15:00+00:00,611,64.99999999869033,60.51964883983996,0,0,0
2025-12-23 17:30:00+00:00,611,63.9999999984866,62.17689233358472,0,0,0
2025-12-23 17:45:00+00:00,611,67.00000000273576,61.40510948605317,0,0,0
2025-12-23 18:00:00+00:00,611,65.99999999889405,61.92015092027059,0,0,0
2025-12-23 18:15:00+00:00,611,63.9999999984866,60.884543423796686,0,0,0
2025-12-23 18:30:00+00:00,611,70.99999999991269,59.220666235891535,0,0,0
2025-12-23 18:45:00+00:00,611,58.00000000090222,59.63923074759174,0,0,0
2025-12-23 19:00:00+00:00,611,65.99999999889405,50.93023431590669,0,0,0
2025-12-23 19:15:00+00:00,611,61.0000000015134,57.8907273783645,0,0,0
2025-12-23 19:30:00+00:00,611,63.9999999984866,54.40171774602225,0,0,0
2025-12-23 19:45:00+00:00,611,48.00000000250293,53.53720514070875,0,0,0
2025-12-23 20:00:00+00:00,611,49.9999999992724,33.38838908125783,0,0,0
2025-12-23 20:15:00+00:00,611,39.00000000066939,36.5818318528878,0,0,0
2025-12-23 20:30:00+00:00,611,47.99999999886495,39.58434001920156,0,0,0
2025-12-23 20:45:00+00:00,611,44.00000000168802,44.730684828087945,0,0,0
2025-12-23 21:00:00+00:00,611,50.99999999947613,46.40994993873785,0,0,0
2025-12-23 21:15:00+00:00,611,50.99999999947613,48.64373628001495,0,0,0
2025-12-23 21:30:00+00:00,611,43.99999999805004,47.526732202764265,0,0,0
2025-12-23 21:45:00+00:00,611,51.00000000311411,47.31869505847972,0,0,0
2025-12-23 22:00:00+00:00,611,42.99999999784632,47.883603063021866,0,0,0
2025-12-23 22:15:00+00:00,611,50.99999999947613,48.07096129978549,0,0,0
2025-12-23 22:30:00+00:00,611,45.00000000189175,50.949736134584185,0,0,0
2025-12-23 22:45:00+00:00,611,54.00000000008731,48.240491668337405,0,0,0
2025-12-23 23:00:00+00:00,611,47.99999999886495,54.56596895983663,0,0,0
2025-12-23 23:15:00+00:00,611,44.00000000168802,45.53790159881862,0,0,0
2025-12-23 23:30:00+00:00,611,57.99999999726424,50.22340429545963,0,0,0
2025-12-23 23:45:00+00:00,611,48.00000000250293,49.2243250007579,0,0,0
2025-12-24 00:00:00+00:00,611,54.00000000008731,47.142454100516325,0,0,0
2025-12-24 00:15:00+00:00,611,43.99999999805004,50.5112912429704,0,0,0
2025-12-24 00:30:00+00:00,611,49.9999999992724,49.52081238635089,0,0,0
2025-12-24 00:45:00+00:00,611,48.00000000250293,53.41827480487646,0,0,0
2025-12-24 01:00:00+00:00,611,48.99999999906868,49.6948707021875,0,0,0
2025-12-24 01:15:00+00:00,611,56.000000000494765,53.500543851002014,0,0,0
2025-12-24 01:30:00+00:00,611,52.99999999988359,50.96588117980112,0,0,0
2025-12-24 01:45:00+00:00,611,57.00000000069849,50.58857392781445,0,0,0
2025-12-24 02:00:00+00:00,611,46.99999999866122,52.48754651585499,0,0,0
2025-12-24 02:15:00+00:00,611,55.00000000029104,52.00213932839954,0,0,0
2025-12-24 02:30:00+00:00,611,54.00000000008731,55.88754398005399,0,0,0
2025-12-24 02:45:00+00:00,611,46.99999999866122,51.54554420002146,0,0,0
2025-12-24 03:00:00+00:00,611,59.000000001105946,54.897242574013895,0,0,0
2025-12-24 03:15:00+00:00,611,51.99999999967986,54.3156482999876,0,0,0
2025-12-24 03:30:00+00:00,611,57.00000000069849,53.26450204777642,0,0,0
2025-12-24 03:45:00+00:00,611,51.99999999967986,55.170120160015976,0,0,0
2025-12-24 04:00:00+00:00,611,47.99999999886495,53.88961903391342,0,0,0
2025-12-24 04:15:00+00:00,611,56.000000000494765,58.49332588597399,0,0,0
2025-12-24 04:30:00+00:00,611,59.000000001105946,55.50263297073948,0,0,0
2025-12-24 04:45:00+00:00,611,54.00000000008731,55.81602548153122,0,0,0
2025-12-24 05:00:00+00:00,611,60.99999999787542,56.21772627316787,0,0,0
2025-12-24 05:15:00+00:00,611,58.00000000090222,60.46685137744527,0,0,0
2025-12-24 05:30:00+00:00,611,67.99999999930151,59.851541493330494,0,0,0
2025-12-24 05:45:00+00:00,611,57.00000000069849,63.54511911112977,0,0,0
2025-12-24 06:00:00+00:00,611,73.00000000032014,71.27556432264153,0,0,0
2025-12-24 06:15:00+00:00,611,81.9999999985157,116.79304571668712,0,0,0
2025-12-24 06:30:00+00:00,611,79.0000000015425,86.71773370953696,0,0,0
2025-12-24 06:45:00+00:00,611,70.99999999991269,78.19602453438375,0,0,0
2025-12-24 07:00:00+00:00,611,67.99999999930151,74.41944440806401,0,0,0
2025-12-24 07:15:00+00:00,611,74.00000000052387,71.67203032218549,0,0,0
2025-12-24 07:30:00+00:00,611,59.000000001105946,73.64366596498601,0,0,0
2025-12-24 07:45:00+00:00,611,52.99999999988359,69.83536359008653,0,0,0
2025-12-24 08:00:00+00:00,611,59.000000001105946,66.55069421495773,0,0,0
2025-12-24 08:15:00+00:00,611,81.9999999985157,63.79938804637074,0,0,0
2025-12-24 08:30:00+00:00,611,79.0000000015425,75.66179957461208,0,0,0
2025-12-24 08:45:00+00:00,611,75.99999999729334,71.1883414478407,0,0,0
2025-12-24 09:00:00+00:00,611,58.00000000090222,74.19454945873522,0,0,0
2025-12-24 09:15:00+00:00,611,54.00000000008731,70.43495726788463,0,0,0
2025-12-24 09:30:00+00:00,611,75.0000000007276,67.31809699068742,0,0,0
2025-12-24 09:45:00+00:00,611,74.00000000052387,65.33015363963884,0,0,0
2025-12-24 10:00:00+00:00,611,66.99999999909778,65.38254888072021,0,0,0
2025-12-24 10:15:00+00:00,611,60.99999999787542,68.6276467766399,0,0,0
2025-12-24 10:30:00+00:00,611,63.00000000192085,66.73453301522966,0,0,0
2025-12-24 10:45:00+00:00,611,65.99999999889405,64.61653021950993,0,0,0
2025-12-24 11:00:00+00:00,611,65.0000000023283,61.67635748423431,0,0,0
2025-12-24 11:15:00+00:00,611,60.99999999787542,63.12930508341047,0,0,0
2025-12-24 11:30:00+00:00,611,65.0000000023283,62.95218574507899,0,0,0
2025-12-24 11:45:00+00:00,611,58.99999999746797,62.20494135517061,0,0,0
2025-12-24 12:00:00+00:00,611,58.00000000090222,61.11862439811976,0,0,0
2025-12-24 12:15:00+00:00,611,77.00000000113505,61.635842559444654,0,0,0
2025-12-24 12:30:00+00:00,611,78.99999999790452,65.17674169871694,0,0,0
2025-12-24 12:45:00+00:00,611,74.00000000052387,65.43643470666863,0,0,0
2025-12-24 13:00:00+00:00,611,75.0000000007276,65.19248156511088,0,0,0
2025-12-24 13:15:00+00:00,611,73.00000000032014,66.39362087708061,0,0,0
2025-12-24 13:30:00+00:00,611,59.999999997671694,67.22546778823381,0,0,0
2025-12-24 13:45:00+00:00,611,73.00000000032014,65.81441035583777,0,0,0
2025-12-24 14:00:00+00:00,611,69.00000000314321,66.78665616542258,0,0,0
2025-12-24 14:15:00+00:00,611,63.9999999984866,65.76440478255915,0,0,0
2025-12-24 14:30:00+00:00,611,68.99999999950523,63.9278622658658,0,0,0
2025-12-24 14:45:00+00:00,611,68.99999999950523,61.22252762738542,0,0,0
2025-12-24 15:00:00+00:00,611,68.99999999950523,60.95371070214224,0,0,0
2025-12-24 15:15:00+00:00,611,73.00000000032014,62.77468784551142,0,0,0
2025-12-24 15:30:00+00:00,611,72.00000000011642,66.96935928198627,0,0,0
2025-12-24 15:45:00+00:00,611,76.00000000093132,70.78674712655169,0,0,0
2025-12-24 16:00:00+00:00,611,80.00000000174623,70.48773107020207,0,0,0
2025-12-24 16:15:00+00:00,611,72.99999999668216,71.45697204997549,0,0,0
2025-12-24 16:30:00+00:00,611,79.0000000015425,70.70277159735411,0,0,0
2025-12-24 16:45:00+00:00,611,67.99999999930151,70.48960613132454,0,0,0
2025-12-24 17:00:00+00:00,611,78.00000000133878,70.07490412723622,0,0,0
2025-12-24 17:15:00+00:00,611,73.00000000032014,69.43247387956782,0,0,0
2025-12-24 17:30:00+00:00,611,76.99999999749707,69.10199583548825,0,0,0
2025-12-24 17:45:00+00:00,611,75.0000000007276,68.20905268984313,0,0,0
2025-12-24 18:00:00+00:00,611,64.00000000212458,68.61283556827823,0,0,0
2025-12-24 18:15:00+00:00,611,73.00000000032014,68.63260947784416,0,0,0
2025-12-24 18:30:00+00:00,611,84.99999999912689,67.34416448080322,0,0,0
2025-12-24 18:45:00+00:00,611,80.99999999831198,66.87410381095734,0,0,0
2025-12-24 19:00:00+00:00,611,66.00000000253203,67.09171737151088,0,0,0
2025-12-24 19:15:00+00:00,611,78.99999999790452,66.02481942286714,0,0,0
2025-12-24 19:30:00+00:00,611,66.99999999909778,65.38059692434666,0,0,0
2025-12-24 19:45:00+00:00,611,59.000000001105946,63.04688520429242,0,0,0
2025-12-24 20:00:00+00:00,611,64.99999999869033,59.677447687378,0,0,0
2025-12-24 20:15:00+00:00,611,74.00000000052387,59.430040174541,0,0,0
2025-12-24 20:30:00+00:00,611,61.0000000015134,60.50291525020131,0,0,0
2025-12-24 20:45:00+00:00,611,60.00000000130967,61.23929079212064,0,0,0
2025-12-24 21:00:00+00:00,611,54.99999999665306,62.235208508999165,0,0,0
2025-12-24 21:15:00+00:00,611,70.99999999991269,61.152789549676086,0,0,0
2025-12-24 21:30:00+00:00,611,56.000000000494765,59.09555174736671,0,0,0
2025-12-24 21:45:00+00:00,611,63.00000000192085,59.69418719203596,0,0,0
2025-12-24 22:00:00+00:00,611,70.99999999991269,58.78083427224868,0,0,0
2025-12-24 22:15:00+00:00,611,63.9999999984866,57.01008747289202,0,0,0
2025-12-24 22:30:00+00:00,611,63.00000000192085,60.738341891418266,0,0,0
2025-12-24 22:45:00+00:00,611,54.00000000008731,62.48919056580341,0,0,0
2025-12-24 23:00:00+00:00,611,74.00000000052387,64.63380799092545,0,0,0
2025-12-24 23:15:00+00:00,611,65.99999999889405,61.18636911432035,0,0,0
2025-12-24 23:30:00+00:00,611,68.99999999950523,63.19616846173332,0,0,0
2025-12-24 23:45:00+00:00,611,66.99999999909778,61.88114136789629,0,0,0
2025-12-25 00:00:00+00:00,611,65.0000000023283,60.68783058398834,0,0,0
2025-12-25 00:15:00+00:00,611,68.99999999950523,64.31110819724348,0,0,0
2025-12-25 00:30:00+00:00,611,62.99999999828288,64.33873133743879,0,0,0
2025-12-25 00:45:00+00:00,611,66.99999999909778,65.87129509657828,0,0,0
2025-12-25 01:00:00+00:00,611,66.00000000253203,63.881902565797816,0,0,0
2025-12-25 01:15:00+00:00,611,68.99999999950523,66.08937594365761,0,0,0
2025-12-25 01:30:00+00:00,611,55.00000000029104,68.36390789547758,0,0,0
2025-12-25 01:45:00+00:00,611,76.00000000093132,67.63785110475112,0,0,0
2025-12-25 02:00:00+00:00,611,67.99999999930151,61.65269149195992,0,0,0
2025-12-25 02:15:00+00:00,611,56.000000000494765,64.62986267304316,0,0,0
2025-12-25 02:30:00+00:00,611,79.99999999810825,71.80511825674529,0,0,0
2025-12-25 02:45:00+00:00,611,68.99999999950523,62.34466594140045,0,0,0
2025-12-25 03:00:00+00:00,611,54.00000000008731,64.18048682573755,0,0,0
2025-12-25 03:15:00+00:00,611,59.000000001105946,70.59292377367814,0,0,0
2025-12-25 03:30:00+00:00,611,63.9999999984866,71.39891022039154,0,0,0
2025-12-25 03:45:00+00:00,611,67.00000000273576,66.73805245172134,0,0,0
2025-12-25 04:00:00+00:00,611,83.99999999892316,67.70912708748205,0,0,0
2025-12-25 04:15:00+00:00,611,78.99999999790452,65.73564004363631,0,0,0
2025-12-25 04:30:00+00:00,611,61.0000000015134,68.13944474255871,0,0,0
2025-12-25 04:45:00+00:00,611,82.99999999871943,72.06234470164313,0,0,0
2025-12-25 05:00:00+00:00,611,77.00000000113505,70.0258804471637,0,0,0
2025-12-25 05:15:00+00:00,611,64.00000000212458,76.57342235125009,0,0,0
2025-12-25 05:30:00+00:00,611,89.99999999650754,78.35488420809364,0,0,0
2025-12-25 05:45:00+00:00,611,93.0000000007567,80.05447628261533,0,0,0
2025-12-25 06:00:00+00:00,611,74.00000000052387,81.0569892460287,0,0,0
2025-12-25 06:15:00+00:00,611,115.00000000160072,88.98573548003455,0,0,0
2025-12-25 06:30:00+00:00,611,95.9999999977299,87.04783319238044,0,0,0
2025-12-25 06:45:00+00:00,611,94.00000000096044,85.18091113649156,0,0,0
2025-12-25 07:00:00+00:00,611,84.99999999912689,82.00042891155547,0,0,0
2025-12-25 07:15:00+00:00,611,85.99999999933061,78.58688309561828,0,0,0
2025-12-25 07:30:00+00:00,611,95.00000000116415,85.47473380588369,0,0,0
2025-12-25 07:45:00+00:00,611,79.0000000015425,84.26705248255294,0,0,0
2025-12-25 08:00:00+00:00,611,82.99999999871943,83.68451772045577,0,0,0
2025-12-25 08:15:00+00:00,611,86.99999999953434,83.03640313922682,0,0,0
2025-12-25 08:30:00+00:00,611,86.99999999953434,82.62675847665179,0,0,0
2025-12-25 08:45:00+00:00,611,88.99999999994179,84.48383794040257,0,0,0
2025-12-25 09:00:00+00:00,611,110.00000000058208,82.06083308878767,0,0,0
2025-12-25 09:15:00+00:00,611,101.00000000238651,82.1597795318684,0,0,0
2025-12-25 09:30:00+00:00,611,101.99999999895226,83.42076700925483,0,0,0
2025-12-25 09:45:00+00:00,611,99.9999999985448,85.71165398947738,0,0,0
2025-12-25 10:00:00+00:00,611,94.00000000096044,88.67946761000623,0,0,0
2025-12-25 10:15:00+00:00,611,88.99999999994179,90.0181843561949,0,0,0
2025-12-25 10:30:00+00:00,611,91.00000000034925,89.62420266476272,0,0,0
2025-12-25 10:45:00+00:00,611,88.99999999994179,87.45728265931812,0,0,0
2025-12-25 11:00:00+00:00,611,94.00000000096044,84.80578061161236,0,0,0
2025-12-25 11:15:00+00:00,611,82.99999999871943,81.96376762184873,0,0,0
2025-12-25 11:30:00+00:00,611,86.99999999953434,81.23984023807523,0,0,0
2025-12-25 11:45:00+00:00,611,84.99999999912689,78.71878802631531,0,0,0
2025-12-25 12:00:00+00:00,611,80.00000000174623,78.06694106789939,0,0,0
2025-12-25 12:15:00+00:00,611,86.99999999953434,78.47836615128787,0,0,0
2025-12-25 12:30:00+00:00,611,77.00000000113505,78.38596171956817,0,0,0
2025-12-25 12:45:00+00:00,611,86.99999999953434,77.5371564480424,0,0,0
2025-12-25 13:00:00+00:00,611,75.0000000007276,75.78285044486836,0,0,0
2025-12-25 13:15:00+00:00,611,78.99999999790452,73.40998721197627,0,0,0
2025-12-25 13:30:00+00:00,611,78.00000000133878,72.09705403497634,0,0,0
2025-12-25 13:45:00+00:00,611,75.0000000007276,71.00055732968649,0,0,0
2025-12-25 14:00:00+00:00,611,73.99999999688589,70.38710476163624,0,0,0
2025-12-25 14:15:00+00:00,611,77.00000000113505,70.11196172323699,0,0,0
2025-12-25 14:30:00+00:00,611,79.0000000015425,71.04194471982493,0,0,0
2025-12-25 14:45:00+00:00,611,77.9999999977008,71.9264471329093,0,0,0
2025-12-25 15:00:00+00:00,611,79.0000000015425,72.75254464528953,0,0,0
2025-12-25 15:15:00+00:00,611,80.99999999831198,74.42039081115422,0,0,0
2025-12-25 15:30:00+00:00,611,87.99999999973807,75.58832320469645,0,0,0
2025-12-25 15:45:00+00:00,611,88.00000000337604,78.97975276341947,0,0,0
2025-12-25 16:00:00+00:00,611,91.999999996915,80.9750189083785,0,0,0
2025-12-25 16:15:00+00:00,611,93.0000000007567,82.27758305652141,0,0,0
2025-12-25 16:30:00+00:00,611,85.99999999933061,82.99622241302839,0,0,0
2025-12-25 16:45:00+00:00,611,88.99999999994179,83.17178018626106,0,0,0
2025-12-25 17:00:00+00:00,611,88.99999999994179,83.10392308469349,0,0,0
2025-12-25 17:15:00+00:00,611,87.00000000317232,83.3204837718092,0,0,0
2025-12-25 17:30:00+00:00,611,94.99999999752616,83.22892518785136,0,0,0
2025-12-25 17:45:00+00:00,611,84.99999999912689,82.46040447347136,0,0,0
2025-12-25 18:00:00+00:00,611,94.00000000096044,82.36669873750265,0,0,0
2025-12-25 18:15:00+00:00,611,86.99999999953434,81.35833581998796,0,0,0
2025-12-25 18:30:00+00:00,611,93.0000000007567,81.52842220035537,0,0,0
2025-12-25 18:45:00+00:00,611,83.99999999892316,80.73444915786821,0,0,0
2025-12-25 19:00:00+00:00,611,92.00000000055296,79.92167226898259,0,0,0
2025-12-25 19:15:00+00:00,611,80.00000000174623,78.94881129738914,0,0,0
2025-12-25 19:30:00+00:00,611,63.9999999984866,78.249868955197,0,0,0
2025-12-25 19:45:00+00:00,611,94.00000000096044,66.15387922927425,0,0,0
2025-12-25 20:00:00+00:00,611,79.99999999810825,74.41950947327646,0,0,0
2025-12-25 20:15:00+00:00,611,70.99999999991269,70.89551841671258,0,0,0
2025-12-25 20:30:00+00:00,611,69.00000000314321,71.46037318608091,0,0,0
2025-12-25 20:45:00+00:00,611,69.99999999970896,69.75393151919388,0,0,0
2025-12-25 21:00:00+00:00,611,77.9999999977008,70.70819567006484,0,0,0
2025-12-25 21:15:00+00:00,611,69.99999999970896,69.27674325107492,0,0,0
2025-12-25 21:30:00+00:00,611,69.99999999970896,69.9514695041965,0,0,0
2025-12-25 21:45:00+00:00,611,70.99999999991269,66.91909936287718,0,0,0
2025-12-25 22:00:00+00:00,611,77.00000000113505,66.71202045172146,0,0,0
2025-12-25 22:15:00+00:00,611,79.0000000015425,66.83476893252077,0,0,0
2025-12-25 22:30:00+00:00,611,69.99999999970896,66.9736240109115,0,0,0
2025-12-25 22:45:00+00:00,611,69.99999999970896,68.97600000908568,0,0,0
2025-12-25 23:00:00+00:00,611,74.00000000052387,69.96095128015648,0,0,0
2025-12-25 23:15:00+00:00,611,73.00000000032014,70.82398217313187,0,0,0
2025-12-25 23:30:00+00:00,611,77.9999999977008,70.51938825356936,0,0,0
2025-12-25 23:45:00+00:00,611,73.00000000032014,66.50672196137917,0,0,0
2025-12-26 00:00:00+00:00,611,69.99999999970896,70.49036325379669,0,0,0
2025-12-26 00:15:00+00:00,611,77.00000000113505,74.75944563323876,0,0,0
2025-12-26 00:30:00+00:00,611,61.0000000015134,70.48348408633478,0,0,0
2025-12-26 00:45:00+00:00,611,72.00000000011642,75.39303292703306,0,0,0
2025-12-26 01:00:00+00:00,611,93.99999999732243,71.44420743829639,0,0,0
2025-12-26 01:15:00+00:00,611,69.99999999970896,67.0031458723065,0,0,0
2025-12-26 01:30:00+00:00,611,75.0000000007276,72.11818839898442,0,0,0
2025-12-26 01:45:00+00:00,611,75.0000000007276,68.01776688025518,0,0,0
2025-12-26 02:00:00+00:00,611,64.99999999869033,69.30721151556014,0,0,0
2025-12-26 02:15:00+00:00,611,73.00000000032014,76.4909433219389,0,0,0
2025-12-26 02:30:00+00:00,611,84.00000000256114,69.6873106566629,0,0,0
2025-12-26 02:45:00+00:00,611,66.99999999909778,63.56039760601724,0,0,0
2025-12-26 03:00:00+00:00,611,85.99999999933061,69.25775012405842,0,0,0
2025-12-26 03:15:00+00:00,611,70.99999999991269,63.19157840674583,0,0,0
2025-12-26 03:30:00+00:00,611,69.99999999970896,64.8935305739737,0,0,0
2025-12-26 03:45:00+00:00,611,65.99999999889405,64.11861572371552,0,0,0
2025-12-26 04:00:00+00:00,611,74.00000000052387,66.87016440809437,0,0,0
2025-12-26 04:15:00+00:00,611,76.00000000093132,64.26216732744138,0,0,0
2025-12-26 04:30:00+00:00,611,74.00000000052387,63.90915897479566,0,0,0
2025-12-26 04:45:00+00:00,611,91.00000000034925,65.87218234947534,0,0,0
2025-12-26 05:00:00+00:00,611,73.00000000032014,71.0032664085322,0,0,0
2025-12-26 05:15:00+00:00,611,75.99999999729334,77.30218822082225,0,0,0
2025-12-26 05:30:00+00:00,611,75.0000000007276,81.21287366502375,0,0,0
2025-12-26 05:45:00+00:00,611,75.0000000007276,79.6426489779135,0,0,0
2025-12-26 06:00:00+00:00,611,94.00000000096044,83.72656167773803,0,0,0
2025-12-26 06:15:00+00:00,611,93.0000000007567,90.03953166089829,0,0,0
2025-12-26 06:30:00+00:00,611,112.99999999755528,88.83531653888541,0,0,0
2025-12-26 06:45:00+00:00,611,91.00000000034925,86.53090190949226,0,0,0
2025-12-26 07:00:00+00:00,611,90.00000000014552,86.6428673100826,0,0,0
2025-12-26 07:15:00+00:00,611,104.99999999956344,87.08942169317554,0,0,0
2025-12-26 07:30:00+00:00,611,85.99999999933061,86.46586627213738,0,0,0
2025-12-26 07:45:00+00:00,611,99.00000000197906,92.09522564316678,0,0,0
2025-12-26 08:00:00+00:00,611,100.99999999874854,87.7898664502734,0,0,0
2025-12-26 08:15:00+00:00,611,97.0000000015716,89.03976918146581,0,0,0
2025-12-26 08:30:00+00:00,611,100.99999999874854,92.52292294468744,0,0,0
2025-12-26 08:45:00+00:00,611,99.00000000197906,92.78106621757892,0,0,0
2025-12-26 09:00:00+00:00,611,94.99999999752616,91.73013882108236,0,0,0
2025-12-26 09:15:00+00:00,611,101.99999999895226,90.91514379995408,0,0,0
2025-12-26 09:30:00+00:00,611,96.00000000136788,90.78308507875488,0,0,0
2025-12-26 09:45:00+00:00,611,96.00000000136788,90.44582250752242,0,0,0
2025-12-26 10:00:00+00:00,611,93.0000000007567,88.92957828666962,0,0,0
2025-12-26 10:15:00+00:00,611,87.99999999973807,87.88970606127049,0,0,0
2025-12-26 10:30:00+00:00,611,92.99999999711872,86.67190413989388,0,0,0
2025-12-26 10:45:00+00:00,611,80.00000000174623,83.61503990359624,0,0,0
2025-12-26 11:00:00+00:00,611,87.99999999973807,79.1755339876859,0,0,0
2025-12-26 11:15:00+00:00,611,79.0000000015425,75.9619749747472,0,0,0
2025-12-26 11:30:00+00:00,611,83.99999999892316,73.98563097657292,0,0,0
2025-12-26 11:45:00+00:00,611,74.00000000052387,72.79607918743886,0,0,0
2025-12-26 12:00:00+00:00,611,77.9999999977008,72.55848469164341,0,0,0
2025-12-26 12:15:00+00:00,611,72.00000000011642,71.71788946692513,0,0,0
2025-12-26 12:30:00+00:00,611,72.00000000011642,69.53202956963786,0,0,0
2025-12-26 12:45:00+00:00,611,74.00000000052387,67.1184059386546,0,0,0
2025-12-26 13:00:00+00:00,611,70.99999999991269,65.02180368281209,0,0,0
2025-12-26 13:15:00+00:00,611,67.99999999930151,64.29441009772071,0,0,0
2025-12-26 13:30:00+00:00,611,67.00000000273576,63.39174266032376,0,0,0
2025-12-26 13:45:00+00:00,611,64.99999999869033,61.3339606762375,0,0,0
2025-12-26 14:00:00+00:00,611,64.99999999869033,60.40274735563229,0,0,0
2025-12-26 14:15:00+00:00,611,64.00000000212458,58.93258705025307,0,0,0
2025-12-26 14:30:00+00:00,611,62.99999999828288,59.01699437586054,0,0,0
2025-12-26 14:45:00+00:00,611,63.00000000192085,58.44112288302033,0,0,0
2025-12-26 15:00:00+00:00,611,52.99999999988359,58.71201598004264,0,0,0
2025-12-26 15:15:00+00:00,611,48.99999999906868,56.16802236587427,0,0,0
2025-12-26 15:30:00+00:00,611,64.99999999869033,57.63573976827691,0,0,0
2025-12-26 15:45:00+00:00,611,88.99999999994179,65.3908003326629,0,0,0
2025-12-26 16:00:00+00:00,611,91.00000000034925,72.0372472746948,0,0,0
2025-12-26 16:15:00+00:00,611,79.0000000015425,72.58148228673534,0,0,0
2025-12-26 16:30:00+00:00,611,67.99999999930151,72.59511640625358,0,0,0
2025-12-26 16:45:00+00:00,611,76.00000000093132,70.42041223539206,0,0,0
2025-12-26 17:00:00+00:00,611,78.99999999790452,72.51132424265474,0,0,0
2025-12-26 17:15:00+00:00,611,82.00000000215368,73.00993079570885,0,0,0
2025-12-26 17:30:00+00:00,611,78.99999999790452,76.4709268965811,0,0,0
2025-12-26 17:45:00+00:00,611,80.00000000174623,75.1766970106513,0,0,0
2025-12-26 18:00:00+00:00,611,78.99999999790452,74.79105549645152,0,0,0
2025-12-26 18:15:00+00:00,611,78.00000000133878,73.62929838307286,0,0,0
2025-12-26 18:30:00+00:00,611,82.99999999871943,73.897633234242,0,0,0
2025-12-26 18:45:00+00:00,611,77.00000000113505,74.22726543055967,0,0,0
2025-12-26 19:00:00+00:00,611,75.0000000007276,73.94812383910431,0,0,0
2025-12-26 19:15:00+00:00,611,80.99999999831198,72.81347525924066,0,0,0
2025-12-26 19:30:00+00:00,611,66.00000000253203,72.79144181229688,0,0,0
2025-12-26 19:45:00+00:00,611,77.9999999977008,68.75567736968642,0,0,0
2025-12-26 20:00:00+00:00,611,80.00000000174623,68.37771355055592,0,0,0
2025-12-26 20:15:00+00:00,611,60.99999999787542,67.39571387412269,0,0,0
2025-12-26 20:30:00+00:00,611,69.00000000314321,67.02292569689175,0,0,0
2025-12-26 20:45:00+00:00,611,54.00000000008731,65.34434968599189,0,0,0
2025-12-26 21:00:00+00:00,611,74.99999999708962,67.73040932697299,0,0,0
2025-12-26 21:15:00+00:00,611,63.00000000192085,62.58450518702548,0,0,0
2025-12-26 21:30:00+00:00,611,63.9999999984866,62.28306693026686,0,0,0
2025-12-26 21:45:00+00:00,611,75.0000000007276,60.99711215635701,0,0,0
2025-12-26 22:00:00+00:00,611,64.99999999869033,60.21740318294501,0,0,0
2025-12-26 22:15:00+00:00,611,57.00000000069849,64.23471572280616,0,0,0
2025-12-26 22:30:00+00:00,611,68.99999999950523,64.92134299478704,0,0,0
2025-12-26 22:45:00+00:00,611,69.99999999970896,62.43787481574682,0,0,0
2025-12-26 23:00:00+00:00,611,57.00000000069849,61.13920866533168,0,0,0
2025-12-26 23:15:00+00:00,611,56.000000000494765,66.19636089798573,0,0,0
2025-12-26 23:30:00+00:00,611,64.99999999869033,67.22853176823835,0,0,0
2025-12-26 23:45:00+00:00,611,85.00000000276486,61.1082228366565,0,0,0
2025-12-27 00:00:00+00:00,611,70.99999999991269,60.46539332518442,0,0,0
2025-12-27 00:15:00+00:00,611,58.99999999746797,64.30211736788655,0,0,0
2025-12-27 00:30:00+00:00,611,74.00000000052387,65.30284991048649,0,0,0
2025-12-27 00:45:00+00:00,611,52.99999999988359,60.47168099071496,0,0,0
2025-12-27 01:00:00+00:00,611,73.00000000032014,66.47724150511935,0,0,0
2025-12-27 01:15:00+00:00,611,59.000000001105946,61.86450241856666,0,0,0
2025-12-27 01:30:00+00:00,611,66.99999999909778,63.438731573752335,0,0,0
2025-12-27 01:45:00+00:00,611,74.00000000052387,60.475508008210966,0,0,0
2025-12-27 02:00:00+00:00,611,62.99999999828288,64.1576548511864,0,0,0
2025-12-27 02:15:00+00:00,611,74.00000000052387,69.30245584003188,0,0,0
2025-12-27 02:30:00+00:00,611,68.99999999950523,61.37889707796421,0,0,0
2025-12-27 02:45:00+00:00,611,70.99999999991269,64.18043950558302,0,0,0
2025-12-27 03:00:00+00:00,611,62.000000001717126,61.92315279257233,0,0,0
2025-12-27 03:15:00+00:00,611,60.00000000130967,62.72088482983338,0,0,0
2025-12-27 03:30:00+00:00,611,56.99999999706051,62.43302449990952,0,0,0
2025-12-27 03:45:00+00:00,611,60.00000000130967,63.58550686300418,0,0,0
2025-12-27 04:00:00+00:00,611,85.99999999933061,74.3617433946582,0,0,0
2025-12-27 04:15:00+00:00,611,74.00000000052387,61.98767086573727,0,0,0
2025-12-27 04:30:00+00:00,611,64.99999999869033,60.54135696072149,0,0,0
2025-12-27 04:45:00+00:00,611,56.000000000494765,65.76812532970752,0,0,0
2025-12-27 05:00:00+00:00,611,79.0000000015425,67.39505139195956,0,0,0
2025-12-27 05:15:00+00:00,611,69.99999999970896,62.378032565349415,0,0,0
2025-12-27 05:30:00+00:00,611,84.99999999912689,63.25890315657514,0,0,0
2025-12-27 05:45:00+00:00,611,94.00000000096044,67.11757783595067,0,0,0
2025-12-27 06:00:00+00:00,611,68.99999999950523,68.8834713619604,0,0,0
2025-12-27 06:15:00+00:00,611,88.99999999994179,71.3463552737887,0,0,0
2025-12-27 07:45:00+00:00,611,68.99999999950523,68.90675287797939,0,0,0
2025-12-27 08:00:00+00:00,611,70.99999999991269,66.32055264349762,0,0,0
2025-12-27 08:15:00+00:00,611,75.0000000007276,69.09845273891932,0,0,0
2025-12-27 08:30:00+00:00,611,73.00000000032014,59.681600030936266,0,0,0
2025-12-27 08:45:00+00:00,611,74.00000000052387,62.0107098659644,0,0,0
2025-12-27 09:00:00+00:00,611,68.99999999950523,63.44535639538376,0,0,0
2025-12-27 09:15:00+00:00,611,69.99999999970896,66.68474038264635,0,0,0
2025-12-27 09:30:00+00:00,611,73.00000000032014,65.1176092506372,0,0,0
2025-12-27 09:45:00+00:00,611,67.99999999930151,61.52859734426672,0,0,0
2025-12-27 10:00:00+00:00,611,68.99999999950523,63.60978210226789,0,0,0
2025-12-27 10:15:00+00:00,611,68.99999999950523,61.58357153376888,0,0,0
2025-12-27 10:30:00+00:00,611,67.00000000273576,60.90721569282636,0,0,0
2025-12-27 10:45:00+00:00,611,63.9999999984866,60.94745261170827,0,0,0
2025-12-27 11:00:00+00:00,611,61.99999999807915,60.08742063352495,0,0,0
2025-12-27 11:15:00+00:00,611,65.0000000023283,59.52716479167308,0,0,0
2025-12-27 11:30:00+00:00,611,79.99999999810825,58.89695793141658,0,0,0
2025-12-27 11:45:00+00:00,611,78.00000000133878,60.25179606274492,0,0,0
2025-12-27 12:00:00+00:00,611,79.0000000015425,60.55153670896049,0,0,0
2025-12-27 12:15:00+00:00,611,75.99999999729334,64.10656091435405,0,0,0
2025-12-27 12:30:00+00:00,611,73.00000000032014,66.39853034311103,0,0,0
2025-12-27 12:45:00+00:00,611,70.99999999991269,64.61100559147087,0,0,0
2025-12-27 13:00:00+00:00,611,65.0000000023283,62.78775412317554,0,0,0
2025-12-27 13:15:00+00:00,611,66.99999999909778,61.51105339698208,0,0,0
2025-12-27 13:30:00+00:00,611,70.99999999991269,61.308857334269874,0,0,0
2025-12-27 13:45:00+00:00,611,74.00000000052387,61.41222821179729,0,0,0
2025-12-27 14:00:00+00:00,611,68.99999999950523,63.86619818951976,0,0,0
2025-12-27 14:15:00+00:00,611,70.99999999991269,63.91400337561364,0,0,0
2025-12-27 14:30:00+00:00,611,66.99999999909778,65.91802374915704,0,0,0
2025-12-27 14:45:00+00:00,611,72.00000000011642,63.85309050672045,0,0,0
2025-12-27 15:00:00+00:00,611,72.00000000011642,64.86484273030193,0,0,0
2025-12-27 15:15:00+00:00,611,68.99999999950523,64.0994037409844,0,0,0
2025-12-27 15:30:00+00:00,611,69.99999999970896,64.69557262259981,0,0,0
2025-12-27 15:45:00+00:00,611,67.99999999930151,63.95734863714493,0,0,0
2025-12-27 16:00:00+00:00,611,73.00000000032014,63.915700986156686,0,0,0
2025-12-27 16:15:00+00:00,611,67.00000000273576,65.08832990503404,0,0,0
2025-12-27 16:30:00+00:00,611,72.00000000011642,65.20343026586067,0,0,0
2025-12-27 16:45:00+00:00,611,66.99999999909778,65.73594762464063,0,0,0
2025-12-27 17:00:00+00:00,611,72.00000000011642,64.52828996138712,0,0,0
2025-12-27 17:15:00+00:00,611,65.99999999889405,65.72668470439527,0,0,0
2025-12-27 17:30:00+00:00,611,73.00000000032014,64.92962993684563,0,0,0
2025-12-27 17:45:00+00:00,611,68.99999999950523,65.44375158555977,0,0,0
2025-12-27 18:00:00+00:00,611,73.00000000032014,64.34777540196953,0,0,0
2025-12-27 18:15:00+00:00,611,68.99999999950523,64.9737323208491,0,0,0
2025-12-27 18:30:00+00:00,611,70.99999999991269,65.2518151238473,0,0,0
2025-12-27 18:45:00+00:00,611,67.99999999930151,64.50394965691098,0,0,0
2025-12-27 19:00:00+00:00,611,67.00000000273576,63.90334451081023,0,0,0
2025-12-27 19:15:00+00:00,611,59.999999997671694,63.27521677984252,0,0,0
2025-12-27 19:30:00+00:00,611,61.0000000015134,62.36933748695818,0,0,0
2025-12-27 19:45:00+00:00,611,40.00000000087312,59.82672798730923,0,0,0
2025-12-27 20:00:00+00:00,611,47.99999999886495,54.00020623500364,0,0,0
2025-12-27 20:15:00+00:00,611,54.00000000008731,54.76074167331006,0,0,0
2025-12-27 20:30:00+00:00,611,47.99999999886495,58.34300158513388,0,0,0
2025-12-27 20:45:00+00:00,611,49.9999999992724,55.82558119523261,0,0,0
2025-12-27 21:00:00+00:00,611,58.00000000090222,56.691676068212544,0,0,0
2025-12-27 21:15:00+00:00,611,62.000000001717126,54.430446994829225,0,0,0
2025-12-27 21:30:00+00:00,611,55.00000000029104,53.9480771697914,0,0,0
2025-12-27 21:45:00+00:00,611,57.99999999726424,53.37859094030039,0,0,0
2025-12-27 22:00:00+00:00,611,57.00000000069849,55.13130580327903,0,0,0
2025-12-27 22:15:00+00:00,611,48.99999999906868,53.558215289311256,0,0,0
2025-12-27 22:30:00+00:00,611,56.000000000494765,54.06910142246076,0,0,0
2025-12-27 22:45:00+00:00,611,58.00000000090222,54.38737973920567,0,0,0
2025-12-27 23:00:00+00:00,611,46.00000000209548,54.90608848539763,0,0,0
2025-12-27 23:15:00+00:00,611,58.99999999746797,54.80610395642735,0,0,0
2025-12-27 23:30:00+00:00,611,59.000000001105946,56.82416362831199,0,0,0
2025-12-27 23:45:00+00:00,611,48.99999999906868,53.96700523159546,0,0,0
2025-12-28 00:00:00+00:00,611,50.99999999947613,54.60530383827319,0,0,0
2025-12-28 00:15:00+00:00,611,50.99999999947613,53.95672788553778,0,0,0
2025-12-28 00:30:00+00:00,611,52.99999999988359,54.48893174829411,0,0,0
2025-12-28 00:45:00+00:00,611,53.00000000352156,53.00674620864999,0,0,0
2025-12-28 01:00:00+00:00,611,51.99999999967986,52.94965148472384,0,0,0
2025-12-28 01:15:00+00:00,611,63.9999999984866,53.49388353925471,0,0,0
2025-12-28 01:30:00+00:00,611,54.00000000008731,54.84008869989461,0,0,0
2025-12-28 01:45:00+00:00,611,55.00000000029104,53.24716808367742,0,0,0
2025-12-28 02:00:00+00:00,611,48.99999999906868,55.13331395233605,0,0,0
2025-12-28 02:15:00+00:00,611,47.99999999886495,53.57231373784562,0,0,0
2025-12-28 02:30:00+00:00,611,57.00000000069849,55.40712611138972,0,0,0
2025-12-28 02:45:00+00:00,611,51.99999999967986,53.60707039133332,0,0,0
2025-12-28 03:00:00+00:00,611,49.000000002706656,54.2936089380245,0,0,0
2025-12-28 03:15:00+00:00,611,56.99999999706051,54.26415509935159,0,0,0
2025-12-28 03:30:00+00:00,611,59.000000001105946,54.31899028589988,0,0,0
2025-12-28 03:45:00+00:00,611,51.99999999967986,54.0276193920133,0,0,0
2025-12-28 04:00:00+00:00,611,48.99999999906868,53.72112379374141,0,0,0
2025-12-28 04:15:00+00:00,611,52.00000000331784,54.44843456856239,0,0,0
2025-12-28 04:30:00+00:00,611,61.99999999807915,54.416508251816325,0,0,0
2025-12-28 04:45:00+00:00,611,55.00000000029104,54.945793052541305,0,0,0
2025-12-28 05:00:00+00:00,611,54.00000000008731,54.64488714752093,0,0,0
2025-12-28 05:15:00+00:00,611,52.99999999988359,61.83385966101168,0,0,0
2025-12-28 05:30:00+00:00,611,95.00000000116415,60.8702675246829,0,0,0
2025-12-28 05:45:00+00:00,611,75.0000000007276,68.10315018404941,0,0,0
2025-12-28 06:00:00+00:00,611,87.99999999973807,63.751659755527946,0,0,0
2025-12-28 06:15:00+00:00,611,72.99999999668216,69.52911938013548,0,0,0
2025-12-28 06:30:00+00:00,611,64.00000000212458,64.7726394092389,0,0,0
2025-12-28 06:45:00+00:00,611,66.99999999909778,66.89571137651053,0,0,0
2025-12-28 07:00:00+00:00,611,75.0000000007276,65.8218100449993,0,0,0
2025-12-28 07:15:00+00:00,611,62.99999999828288,65.31835909112719,0,0,0
2025-12-28 07:30:00+00:00,611,70.00000000334694,64.09762332017095,0,0,0
2025-12-28 07:45:00+00:00,611,62.99999999828288,64.46002472348692,0,0,0
2025-12-28 08:00:00+00:00,611,68.99999999950523,60.64316923065973,0,0,0
2025-12-28 08:15:00+00:00,611,59.000000001105946,69.50259051851323,0,0,0
2025-12-28 08:30:00+00:00,611,73.00000000032014,65.72311203272974,0,0,0
2025-12-28 08:45:00+00:00,611,65.99999999889405,72.95499801134189,0,0,0
2025-12-28 09:00:00+00:00,611,69.99999999970896,66.42394126608298,0,0,0
2025-12-28 09:15:00+00:00,611,64.99999999869033,67.94644357736975,0,0,0
2025-12-28 09:30:00+00:00,611,68.00000000293949,63.689883293814944,0,0,0
2025-12-28 09:45:00+00:00,611,60.99999999787542,64.76968189958203,0,0,0
2025-12-28 10:00:00+00:00,611,50.99999999947613,61.75873004319785,0,0,0
2025-12-28 10:15:00+00:00,611,61.0000000015134,60.809245227932415,0,0,0
2025-12-28 10:30:00+00:00,611,64.99999999869033,60.13854414545386,0,0,0
2025-12-28 10:45:00+00:00,611,65.0000000023283,58.21822721021958,0,0,0
2025-12-28 11:00:00+00:00,611,57.99999999726424,62.258232721678006,0,0,0
2025-12-28 11:15:00+00:00,611,67.00000000273576,60.84852095617583,0,0,0
2025-12-28 11:30:00+00:00,611,60.99999999787542,64.55131121655631,0,0,0
2025-12-28 11:45:00+00:00,611,68.99999999950523,60.63399207819442,0,0,0
2025-12-28 12:00:00+00:00,611,60.00000000130967,65.08142707749488,0,0,0
2025-12-28 12:15:00+00:00,611,78.00000000133878,62.12657326428249,0,0,0
2025-12-28 12:30:00+00:00,611,46.99999999866122,68.38714209134207,0,0,0
2025-12-28 12:45:00+00:00,611,51.99999999967986,59.84838878803625,0,0,0
2025-12-28 13:00:00+00:00,611,57.00000000069849,61.0375087807604,0,0,0
2025-12-28 13:15:00+00:00,611,88.99999999994179,58.244424830760266,0,0,0
2025-12-28 13:30:00+00:00,611,61.99999999807915,68.98858717018538,0,0,0
2025-12-28 13:45:00+00:00,611,69.00000000314321,60.90928890709584,0,0,0
2025-12-28 14:00:00+00:00,611,73.00000000032014,63.35250833721553,0,0,0
2025-12-28 14:15:00+00:00,611,72.00000000011642,62.03391152922265,0,0,0
2025-12-28 14:30:00+00:00,611,66.99999999909778,63.75910084982466,0,0,0
2025-12-28 14:45:00+00:00,611,84.99999999912689,63.38031484300956,0,0,0
2025-12-28 15:00:00+00:00,611,73.00000000032014,66.16518283118286,0,0,0
2025-12-28 15:15:00+00:00,611,60.99999999787542,67.04421976642132,0,0,0
2025-12-28 15:30:00+00:00,611,69.00000000314321,64.26902283482602,0,0,0
2025-12-28 15:45:00+00:00,611,67.99999999930151,64.48515764055114,0,0,0
2025-12-28 16:00:00+00:00,611,61.99999999807915,62.62966340197645,0,0,0
2025-12-28 16:15:00+00:00,611,84.00000000256114,64.79845255352419,0,0,0
2025-12-28 16:30:00+00:00,611,66.99999999909778,66.32515452852374,0,0,0
2025-12-28 16:45:00+00:00,611,83.99999999892316,66.39103009862117,0,0,0
2025-12-28 17:00:00+00:00,611,66.99999999909778,69.13533288434066,0,0,0
2025-12-28 17:15:00+00:00,611,60.00000000130967,68.07915886571277,0,0,0
2025-12-28 17:30:00+00:00,611,76.00000000093132,66.77703242899908,0,0,0
2025-12-28 17:45:00+00:00,611,72.00000000011642,64.97868319201473,0,0,0
2025-12-28 18:00:00+00:00,611,72.00000000011642,65.0267013188039,0,0,0
2025-12-28 18:15:00+00:00,611,68.99999999950523,66.82607976914885,0,0,0
2025-12-28 18:30:00+00:00,611,62.99999999828288,66.47286439082717,0,0,0
2025-12-28 18:45:00+00:00,611,82.00000000215368,65.49087654443257,0,0,0
2025-12-28 19:00:00+00:00,611,70.99999999991269,64.98985666349843,0,0,0
2025-12-28 19:15:00+00:00,611,75.0000000007276,65.93000757828673,0,0,0
2025-12-28 19:30:00+00:00,611,73.99999999688589,67.01327238537169,0,0,0
2025-12-28 19:45:00+00:00,611,61.0000000015134,67.11285765053829,0,0,0
2025-12-28 20:00:00+00:00,611,63.00000000192085,65.72401111566543,0,0,0
2025-12-28 20:15:00+00:00,611,64.99999999869033,65.05769602000804,0,0,0
2025-12-28 20:30:00+00:00,611,65.99999999889405,65.23899727699435,0,0,0
2025-12-28 20:45:00+00:00,611,52.99999999988359,64.85505928835695,0,0,0
2025-12-28 21:00:00+00:00,611,70.99999999991269,67.83338389820638,0,0,0
2025-12-28 21:15:00+00:00,611,65.0000000023283,65.0096897232575,0,0,0
2025-12-28 21:30:00+00:00,611,65.99999999889405,62.987853311541016,0,0,0
2025-12-28 21:45:00+00:00,611,51.99999999967986,63.689966104085336,0,0,0
2025-12-28 22:00:00+00:00,611,55.00000000029104,64.96805981732719,0,0,0
2025-12-28 22:15:00+00:00,611,75.0000000007276,66.80304076892172,0,0,0
2025-12-28 22:30:00+00:00,611,59.999999997671694,63.26078413271692,0,0,0
2025-12-28 22:45:00+00:00,611,72.00000000011642,63.66326570690299,0,0,0
2025-12-28 23:00:00+00:00,611,65.0000000023283,64.44023898388237,0,0,0
2025-12-28 23:15:00+00:00,611,67.99999999930151,64.43560752375969,0,0,0
2025-12-28 23:30:00+00:00,611,64.99999999869033,64.44460426813592,0,0,0
2025-12-28 23:45:00+00:00,611,48.99999999906868,64.54918772462267,0,0,0
2025-12-29 00:00:00+00:00,611,70.00000000334694,67.5516160381757,0,0,0
2025-12-29 00:15:00+00:00,611,62.99999999828288,64.97627577915401,0,0,0
2025-12-29 00:30:00+00:00,611,52.99999999988359,64.854645237005,0,0,0
2025-12-29 00:45:00+00:00,611,54.00000000008731,65.77353165736031,0,0,0
2025-12-29 01:00:00+00:00,611,67.99999999930151,67.05457105022042,0,0,0
2025-12-29 01:15:00+00:00,611,72.00000000011642,66.43371879300864,0,0,0
2025-12-29 01:30:00+00:00,611,55.00000000029104,62.22513523110781,0,0,0
2025-12-29 01:45:00+00:00,611,76.00000000093132,65.98889751057462,0,0,0
2025-12-29 02:00:00+00:00,611,56.000000000494765,66.15135351602727,0,0,0
2025-12-29 02:15:00+00:00,611,59.999999997671694,61.23441977371575,0,0,0
2025-12-29 03:00:00+00:00,611,59.999999997671694,64.44677508022409,0,0,0
2025-12-29 03:15:00+00:00,611,66.99999999909778,62.108260364487066,0,0,0
2025-12-29 03:30:00+00:00,611,61.0000000015134,63.24596109431662,0,0,0
2025-12-29 03:45:00+00:00,611,60.00000000130967,63.521133707812446,0,0,0
2025-12-29 04:00:00+00:00,611,50.99999999947613,66.21838842991022,0,0,0
2025-12-29 04:15:00+00:00,611,70.99999999991269,68.72659321972063,0,0,0
2025-12-29 04:30:00+00:00,611,64.99999999869033,69.06030677936482,0,0,0
2025-12-29 04:45:00+00:00,611,63.00000000192085,64.78383654079987,0,0,0
2025-12-29 05:00:00+00:00,611,63.9999999984866,66.53264157601211,0,0,0
2025-12-29 05:15:00+00:00,611,77.00000000113505,74.0926809961135,0,0,0
2025-12-29 05:30:00+00:00,611,93.0000000007567,82.02554999858104,0,0,0
2025-12-29 05:45:00+00:00,611,89.99999999650754,83.13157579998537,0,0,0
2025-12-29 06:00:00+00:00,611,84.00000000256114,80.78090571955855,0,0,0
2025-12-29 06:15:00+00:00,611,83.99999999892316,107.81967749677318,0,0,0
2025-12-29 06:30:00+00:00,611,87.99999999973807,97.11839017484392,0,0,0
2025-12-29 06:45:00+00:00,611,85.99999999933061,88.18335128008322,0,0,0
2025-12-29 07:00:00+00:00,611,97.0000000015716,80.74545109379181,0,0,0
2025-12-29 07:15:00+00:00,611,81.9999999985157,84.50792981406754,0,0,0
2025-12-29 07:30:00+00:00,611,88.99999999994179,79.97390780454248,0,0,0
2025-12-29 07:45:00+00:00,611,79.0000000015425,82.42945709242173,0,0,0
2025-12-29 08:00:00+00:00,611,85.99999999933061,77.26550327103826,0,0,0
2025-12-29 08:15:00+00:00,611,81.9999999985157,84.40998300925085,0,0,0
2025-12-29 08:30:00+00:00,611,94.00000000096044,83.98864435349249,0,0,0
2025-12-29 08:45:00+00:00,611,83.00000000235741,86.01465676884449,0,0,0
2025-12-29 09:00:00+00:00,611,92.99999999711872,82.93158899698685,0,0,0
2025-12-29 09:15:00+00:00,611,85.00000000276486,84.6222789674413,0,0,0
2025-12-29 09:30:00+00:00,611,84.99999999912689,82.12469163729912,0,0,0
2025-12-29 09:45:00+00:00,611,78.99999999790452,80.96168645484525,0,0,0
2025-12-29 10:00:00+00:00,611,78.00000000133878,79.27899950552234,0,0,0
2025-12-29 10:15:00+00:00,611,75.0000000007276,78.67129042122575,0,0,0
2025-12-29 10:30:00+00:00,611,76.00000000093132,77.6297383303415,0,0,0
2025-12-29 10:45:00+00:00,611,73.99999999688589,75.25426657393206,0,0,0
2025-12-29 11:00:00+00:00,611,70.99999999991269,72.94144078707473,0,0,0
2025-12-29 11:15:00+00:00,611,71.00000000355067,71.13641349328512,0,0,0
2025-12-29 11:30:00+00:00,611,73.99999999688589,69.95999304702764,0,0,0
2025-12-29 11:45:00+00:00,611,75.0000000007276,68.27791534469402,0,0,0
2025-12-29 12:00:00+00:00,611,94.00000000096044,69.02435529197572,0,0,0
2025-12-29 12:15:00+00:00,611,86.99999999953434,74.14110725923533,0,0,0
2025-12-29 12:30:00+00:00,611,82.99999999871943,75.6697138704539,0,0,0
2025-12-29 12:45:00+00:00,611,83.00000000235741,76.45965878478837,0,0,0
2025-12-29 13:00:00+00:00,611,78.99999999790452,76.41213160460225,0,0,0
2025-12-29 13:15:00+00:00,611,78.00000000133878,74.70445369867863,0,0,0
2025-12-29 13:30:00+00:00,611,75.0000000007276,74.42999680251978,0,0,0
2025-12-29 13:45:00+00:00,611,78.99999999790452,72.76953258075868,0,0,0
2025-12-29 14:00:00+00:00,611,74.00000000052387,73.56828495885135,0,0,0
2025-12-29 14:15:00+00:00,611,78.00000000133878,70.60112790546633,0,0,0
2025-12-29 14:30:00+00:00,611,74.00000000052387,71.77884965597283,0,0,0
2025-12-29 14:45:00+00:00,611,78.99999999790452,70.73424541512269,0,0,0
2025-12-29 15:00:00+00:00,611,77.00000000113505,72.51476086887604,0,0,0
2025-12-29 15:15:00+00:00,611,76.00000000093132,71.88478765188243,0,0,0
2025-12-29 15:30:00+00:00,611,77.9999999977008,72.58716662029587,0,0,0
2025-12-29 15:45:00+00:00,611,76.00000000093132,72.63396033808709,0,0,0
2025-12-29 16:00:00+00:00,611,80.00000000174623,73.17691770595586,0,0,0
2025-12-29 16:15:00+00:00,611,76.99999999749707,72.91476404996963,0,0,0
2025-12-29 16:30:00+00:00,611,78.00000000133878,72.73219697885017,0,0,0
2025-12-29 16:45:00+00:00,611,73.00000000032014,72.25414511791139,0,0,0
2025-12-29 17:00:00+00:00,611,74.00000000052387,71.42504277571977,0,0,0
2025-12-29 17:15:00+00:00,611,74.00000000052387,70.7722316691557,0,0,0
2025-12-29 17:30:00+00:00,611,71.99999999647844,70.61735280344399,0,0,0
2025-12-29 17:45:00+00:00,611,75.0000000007276,69.44988178140824,0,0,0
2025-12-29 18:00:00+00:00,611,67.00000000273576,69.36532066529861,0,0,0
2025-12-29 18:15:00+00:00,611,71.99999999647844,66.17681767417304,0,0,0
2025-12-29 18:30:00+00:00,611,67.00000000273576,66.94321489661941,0,0,0
2025-12-29 18:45:00+00:00,611,70.99999999991269,62.60262289118355,0,0,0
2025-12-29 19:00:00+00:00,611,66.99999999909778,64.0072536550952,0,0,0
2025-12-29 19:15:00+00:00,611,65.99999999889405,61.28355288164557,0,0,0
2025-12-29 19:30:00+00:00,611,67.00000000273576,60.78169602547854,0,0,0
2025-12-29 19:45:00+00:00,611,47.99999999886495,56.12004268671063,0,0,0
2025-12-29 20:00:00+00:00,611,48.99999999906868,42.56417591648565,0,0,0
2025-12-29 20:15:00+00:00,611,40.00000000087312,41.58556554611921,0,0,0
2025-12-29 20:30:00+00:00,611,48.99999999906868,43.24136281764176,0,0,0
2025-12-29 20:45:00+00:00,611,45.00000000189175,50.052605155264914,0,0,0
2025-12-29 21:00:00+00:00,611,49.9999999992724,48.8800413016,0,0,0
2025-12-29 21:15:00+00:00,611,54.00000000008731,50.94576124160533,0,0,0
2025-12-29 21:30:00+00:00,611,46.99999999866122,49.114713777854455,0,0,0
2025-12-29 21:45:00+00:00,611,46.00000000209548,48.08144271400948,0,0,0
2025-12-29 22:00:00+00:00,611,50.99999999947613,47.84729667447395,0,0,0
2025-12-29 22:15:00+00:00,611,43.99999999805004,47.7268757537746,0,0,0
2025-12-29 22:30:00+00:00,611,45.00000000189175,48.081368776268064,0,0,0
2025-12-29 22:45:00+00:00,611,49.9999999992724,48.19863403416352,0,0,0
2025-12-29 23:00:00+00:00,611,48.99999999906868,48.68132327024429,0,0,0
2025-12-29 23:15:00+00:00,611,48.00000000250293,49.37418793009154,0,0,0
2025-12-29 23:30:00+00:00,611,54.99999999665306,50.21472991963599,0,0,0
2025-12-29 23:45:00+00:00,611,48.00000000250293,51.51754249859008,0,0,0
2025-12-30 00:00:00+00:00,611,55.00000000029104,49.528392483601486,0,0,0
2025-12-30 00:15:00+00:00,611,49.9999999992724,53.28660943246163,0,0,0
2025-12-30 00:30:00+00:00,611,56.000000000494765,52.71459157470433,0,0,0
2025-12-30 00:45:00+00:00,611,55.00000000029104,55.2053352275005,0,0,0
2025-12-30 01:00:00+00:00,611,50.99999999947613,52.77349333703084,0,0,0
2025-12-30 01:15:00+00:00,611,59.999999997671694,53.85120098347049,0,0,0
2025-12-30 01:30:00+00:00,611,52.00000000331784,53.36273868853949,0,0,0
2025-12-30 01:45:00+00:00,611,55.99999999685679,53.26292865263896,0,0,0
2025-12-30 02:00:00+00:00,611,57.00000000069849,55.317392310890185,0,0,0
2025-12-30 02:15:00+00:00,611,48.00000000250293,53.411232974383424,0,0,0
2025-12-30 02:30:00+00:00,611,55.99999999685679,54.40065600005543,0,0,0
2025-12-30 02:45:00+00:00,611,58.00000000090222,53.75658433452745,0,0,0
2025-12-30 03:00:00+00:00,611,49.9999999992724,54.15319229453495,0,0,0
2025-12-30 03:15:00+00:00,611,61.0000000015134,54.546067877355455,0,0,0
2025-12-30 03:30:00+00:00,611,51.99999999967986,55.2884856115038,0,0,0
2025-12-30 03:45:00+00:00,611,54.00000000008731,54.26908231043996,0,0,0
2025-12-30 04:00:00+00:00,611,50.99999999947613,56.21307706798724,0,0,0
2025-12-30 04:15:00+00:00,611,63.00000000192085,55.39186831906984,0,0,0
2025-12-30 04:30:00+00:00,611,59.999999997671694,66.06518942968361,0,0,0
2025-12-30 04:45:00+00:00,611,54.00000000008731,55.63640704753966,0,0,0
2025-12-30 05:00:00+00:00,611,48.99999999906868,58.47871283075932,0,0,0
2025-12-30 05:15:00+00:00,611,63.00000000192085,61.28058945696937,0,0,0
2025-12-30 05:30:00+00:00,611,61.0000000015134,65.8130913065308,0,0,0
2025-12-30 05:45:00+00:00,611,69.99999999970896,63.74847156011782,0,0,0
2025-12-30 06:00:00+00:00,611,63.9999999984866,77.48851132920596,0,0,0
2025-12-30 06:15:00+00:00,611,93.0000000007567,121.44248749808176,0,0,0
2025-12-30 06:30:00+00:00,611,94.00000000096044,120.30527771485524,0,0,0
2025-12-30 06:45:00+00:00,611,98.99999999834108,99.12950857156386,0,0,0
2025-12-30 07:00:00+00:00,611,92.00000000055296,84.13916976498928,0,0,0
2025-12-30 07:15:00+00:00,611,79.99999999810825,78.56652359914028,0,0,0
2025-12-30 07:30:00+00:00,611,78.00000000133878,75.16826219310985,0,0,0
2025-12-30 07:45:00+00:00,611,73.00000000032014,77.10185834670354,0,0,0
2025-12-30 08:00:00+00:00,611,72.00000000011642,71.59947078026349,0,0,0
2025-12-30 08:15:00+00:00,611,72.00000000011642,80.21705650347357,0,0,0
2025-12-30 08:30:00+00:00,611,81.9999999985157,77.06835567731036,0,0,0
2025-12-30 08:45:00+00:00,611,81.00000000194996,79.6422645016581,0,0,0
2025-12-30 09:00:00+00:00,611,75.99999999729334,75.94626468344984,0,0,0
2025-12-30 09:15:00+00:00,611,76.00000000093132,78.19332728557669,0,0,0
2025-12-30 09:30:00+00:00,611,90.00000000014552,74.23352943601296,0,0,0
2025-12-30 09:45:00+00:00,611,97.0000000015716,79.90834573046868,0,0,0
2025-12-30 10:00:00+00:00,611,91.00000000034925,80.17052896155147,0,0,0
2025-12-30 10:15:00+00:00,611,85.99999999933061,82.16170782816468,0,0,0
2025-12-30 10:30:00+00:00,611,81.9999999985157,81.236989198766,0,0,0
2025-12-30 10:45:00+00:00,611,79.0000000015425,78.07961103926948,0,0,0
2025-12-30 11:00:00+00:00,611,77.00000000113505,75.64093730149241,0,0,0
2025-12-30 11:15:00+00:00,611,78.99999999790452,75.15377039579113,0,0,0
2025-12-30 11:30:00+00:00,611,75.0000000007276,73.95172017084708,0,0,0
2025-12-30 11:45:00+00:00,611,76.00000000093132,72.14963855667574,0,0,0
2025-12-30 12:00:00+00:00,611,73.99999999688589,71.1091689143259,0,0,0
2025-12-30 12:15:00+00:00,611,71.00000000355067,71.46477396045036,0,0,0
2025-12-30 12:30:00+00:00,611,75.99999999729334,70.53378541057907,0,0,0
2025-12-30 12:45:00+00:00,611,68.99999999950523,69.98126345647995,0,0,0
2025-12-30 13:00:00+00:00,611,73.00000000032014,67.23183234901543,0,0,0
2025-12-30 13:15:00+00:00,611,67.99999999930151,67.65832298659609,0,0,0
2025-12-30 13:30:00+00:00,611,70.00000000334694,64.32111640992238,0,0,0
2025-12-30 13:45:00+00:00,611,69.99999999970896,64.55603731698801,0,0,0
2025-12-30 14:00:00+00:00,611,67.99999999930151,63.9056099632074,0,0,0
2025-12-30 14:15:00+00:00,611,64.99999999869033,64.59956002909873,0,0,0
2025-12-30 14:30:00+00:00,611,54.00000000008731,63.578184069093744,0,0,0
2025-12-30 14:45:00+00:00,611,56.000000000494765,58.426805578771344,0,0,0
2025-12-30 15:00:00+00:00,611,55.00000000029104,60.32209606728906,0,0,0
2025-12-30 15:15:00+00:00,611,54.00000000008731,59.07830355104775,0,0,0
2025-12-30 15:30:00+00:00,611,54.00000000008731,58.86133472759941,0,0,0
2025-12-30 15:45:00+00:00,611,87.99999999973807,60.66013646356128,0,0,0
2025-12-30 16:00:00+00:00,611,91.00000000034925,77.78588301018635,0,0,0
2025-12-30 16:15:00+00:00,611,86.99999999953434,73.16497528196136,0,0,0
2025-12-30 16:30:00+00:00,611,65.99999999889405,76.55814977138193,0,0,0
2025-12-30 16:45:00+00:00,611,78.00000000133878,73.19882102247473,0,0,0
2025-12-30 17:00:00+00:00,611,78.00000000133878,75.854404433507,0,0,0
2025-12-30 17:15:00+00:00,611,81.9999999985157,75.95192535693312,0,0,0
2025-12-30 17:30:00+00:00,611,81.9999999985157,79.90327064389746,0,0,0
2025-12-30 17:45:00+00:00,611,78.00000000133878,79.02151871479398,0,0,0
2025-12-30 18:00:00+00:00,611,83.99999999892316,76.00792284477656,0,0,0
2025-12-30 18:15:00+00:00,611,77.00000000113505,74.95746273480577,0,0,0
2025-12-30 18:30:00+00:00,611,83.99999999892316,73.6503144466947,0,0,0
2025-12-30 18:45:00+00:00,611,74.00000000052387,75.7848083162612,0,0,0
2025-12-30 19:00:00+00:00,611,80.00000000174623,70.55017001407822,0,0,0
2025-12-30 19:15:00+00:00,611,75.99999999729334,72.77117104110859,0,0,0
2025-12-30 19:30:00+00:00,611,80.00000000174623,71.03824783275383,0,0,0
2025-12-30 19:45:00+00:00,611,54.00000000008731,69.08024039445222,0,0,0
2025-12-30 20:00:00+00:00,611,72.00000000011642,50.13203499211985,0,0,0
2025-12-30 20:15:00+00:00,611,49.9999999992724,57.8462168580284,0,0,0
2025-12-30 20:30:00+00:00,611,57.00000000069849,57.066158898476885,0,0,0
2025-12-30 20:45:00+00:00,611,48.99999999906868,61.92242228768709,0,0,0
2025-12-30 21:00:00+00:00,611,58.00000000090222,60.98149650536867,0,0,0
2025-12-30 21:15:00+00:00,611,51.99999999967986,60.67810924974616,0,0,0
2025-12-30 21:30:00+00:00,611,65.99999999889405,58.83788167602032,0,0,0
2025-12-30 21:45:00+00:00,611,54.00000000008731,57.10155141654082,0,0,0
2025-12-30 22:00:00+00:00,611,60.00000000130967,56.97444948152656,0,0,0
2025-12-30 22:15:00+00:00,611,61.0000000015134,58.99816982689448,0,0,0
2025-12-30 22:30:00+00:00,611,58.99999999746797,57.693860748054,0,0,0
2025-12-30 22:45:00+00:00,611,56.000000000494765,56.96602649402375,0,0,0
2025-12-30 23:00:00+00:00,611,60.00000000130967,57.92050358559001,0,0,0
2025-12-30 23:15:00+00:00,611,60.99999999787542,57.6066082981566,0,0,0
2025-12-30 23:30:00+00:00,611,50.99999999947613,57.9085966517114,0,0,0
2025-12-30 23:45:00+00:00,611,51.00000000311411,59.59867146015723,0,0,0
2025-12-31 00:00:00+00:00,611,55.99999999685679,62.41247868032315,0,0,0
2025-12-31 00:15:00+00:00,611,67.00000000273576,62.215496707136026,0,0,0
2025-12-31 00:30:00+00:00,611,56.000000000494765,63.51460944150936,0,0,0
2025-12-31 00:45:00+00:00,611,67.99999999930151,56.160829702388725,0,0,0
2025-12-31 01:00:00+00:00,611,57.99999999726424,61.993798825746325,0,0,0
2025-12-31 01:15:00+00:00,611,60.00000000130967,56.27876335746664,0,0,0
2025-12-31 01:30:00+00:00,611,51.99999999967986,59.54433017772164,0,0,0
2025-12-31 01:45:00+00:00,611,58.00000000090222,59.261722384948406,0,0,0
2025-12-31 02:00:00+00:00,611,50.99999999947613,61.71908758375697,0,0,0
2025-12-31 02:15:00+00:00,611,63.00000000192085,61.84271740243405,0,0,0
2025-12-31 02:30:00+00:00,611,62.99999999828288,63.804954079545,0,0,0
2025-12-31 02:45:00+00:00,611,55.00000000029104,56.4055636264959,0,0,0
2025-12-31 03:00:00+00:00,611,66.99999999909778,58.119614965730094,0,0,0
2025-12-31 04:15:00+00:00,611,68.99999999950523,57.06437552015378,0,0,0
2025-12-31 04:30:00+00:00,611,57.00000000069849,58.42884034541528,0,0,0
2025-12-31 04:45:00+00:00,611,62.99999999828288,58.95546634495872,0,0,0
2025-12-31 05:00:00+00:00,611,59.000000001105946,59.91530835904257,0,0,0
2025-12-31 05:15:00+00:00,611,61.0000000015134,60.6580632492918,0,0,0
2025-12-31 05:30:00+00:00,611,65.99999999889405,65.2742448770851,0,0,0
2025-12-31 05:45:00+00:00,611,58.00000000090222,62.28280075439775,0,0,0
2025-12-31 06:00:00+00:00,611,63.9999999984866,67.21981302976985,0,0,0
2025-12-31 06:15:00+00:00,611,91.00000000034925,102.90145723776092,0,0,0
2025-12-31 06:30:00+00:00,611,95.00000000116415,111.74298559219028,0,0,0
2025-12-31 06:45:00+00:00,611,73.00000000032014,97.11533210985873,0,0,0
2025-12-31 07:00:00+00:00,611,82.99999999871943,82.42671252346014,0,0,0
2025-12-31 07:15:00+00:00,611,75.0000000007276,80.03614563776196,0,0,0
2025-12-31 07:30:00+00:00,611,67.99999999930151,80.01538391997062,0,0,0
2025-12-31 07:45:00+00:00,611,59.000000001105946,79.74127600995128,0,0,0
2025-12-31 08:00:00+00:00,611,62.99999999828288,73.50294765551146,0,0,0
2025-12-31 08:15:00+00:00,611,82.99999999871943,71.19560509155801,0,0,0
2025-12-31 08:30:00+00:00,611,79.0000000015425,74.52163228172869,0,0,0
2025-12-31 08:45:00+00:00,611,79.0000000015425,72.92819114381189,0,0,0
2025-12-31 09:00:00+00:00,611,73.99999999688589,76.18766845168335,0,0,0
2025-12-31 09:15:00+00:00,611,94.00000000096044,73.21602781365849,0,0,0
2025-12-31 09:30:00+00:00,611,83.99999999892316,82.86151376317665,0,0,0
2025-12-31 09:45:00+00:00,611,83.00000000235741,78.08167538100999,0,0,0
2025-12-31 10:00:00+00:00,611,79.99999999810825,79.46390892429005,0,0,0
2025-12-31 10:15:00+00:00,611,82.00000000215368,79.4831386520791,0,0,0
2025-12-31 10:30:00+00:00,611,79.99999999810825,77.514904145384,0,0,0
2025-12-31 10:45:00+00:00,611,74.00000000052387,75.72690619219873,0,0,0
2025-12-31 11:00:00+00:00,611,66.99999999909778,72.25985311154918,0,0,0
2025-12-31 11:15:00+00:00,611,57.00000000069849,69.18918913519252,0,0,0
2025-12-31 11:30:00+00:00,611,77.00000000113505,65.15608053625395,0,0,0
2025-12-31 11:45:00+00:00,611,78.00000000133878,67.73522415269439,0,0,0
2025-12-31 12:00:00+00:00,611,70.99999999991269,66.60049867757965,0,0,0
2025-12-31 12:15:00+00:00,611,68.99999999950523,65.71507943650164,0,0,0
2025-12-31 12:30:00+00:00,611,60.99999999787542,64.80974432539418,0,0,0
2025-12-31 12:45:00+00:00,611,69.99999999970896,63.17712209954298,0,0,0
2025-12-31 13:00:00+00:00,611,68.99999999950523,64.57925968281387,0,0,0
2025-12-31 13:15:00+00:00,611,62.000000001717126,64.70364662396311,0,0,0
2025-12-31 13:30:00+00:00,611,67.99999999930151,64.87687387958613,0,0,0
2025-12-31 13:45:00+00:00,611,60.00000000130967,63.40738197138936,0,0,0
2025-12-31 14:00:00+00:00,611,66.99999999909778,61.9908649761667,0,0,0
2025-12-31 14:15:00+00:00,611,63.9999999984866,64.10071687527206,0,0,0
2025-12-31 14:30:00+00:00,611,68.00000000293949,63.285834239510734,0,0,0
2025-12-31 14:45:00+00:00,611,62.99999999828288,64.96049450762487,0,0,0
2025-12-31 15:00:00+00:00,611,68.99999999950523,62.551549656918816,0,0,0
2025-12-31 15:15:00+00:00,611,67.99999999930151,64.15390472894146,0,0,0
2025-12-31 15:30:00+00:00,611,67.00000000273576,65.01818369099206,0,0,0
2025-12-31 15:45:00+00:00,611,65.99999999889405,64.60073711794217,0,0,0
2025-12-31 16:00:00+00:00,611,69.99999999970896,65.00117209544567,0,0,0
2025-12-31 16:15:00+00:00,611,62.000000001717126,64.95402347649562,0,0,0
2025-12-31 16:30:00+00:00,611,56.000000000494765,63.98394256397964,0,0,0
2025-12-31 16:45:00+00:00,611,69.99999999970896,61.42500465351503,0,0,0
2025-12-31 17:00:00+00:00,611,75.99999999729334,63.42387304523615,0,0,0
2025-12-31 17:15:00+00:00,611,64.00000000212458,63.70743907113821,0,0,0
2025-12-31 17:30:00+00:00,611,72.00000000011642,63.30050348740888,0,0,0
2025-12-31 17:45:00+00:00,611,64.99999999869033,63.399775256551855,0,0,0
2025-12-31 18:00:00+00:00,611,64.99999999869033,62.63257359147882,0,0,0
2025-12-31 18:15:00+00:00,611,75.0000000007276,61.14002198048732,0,0,0
2025-12-31 18:30:00+00:00,611,58.00000000090222,63.58928064532637,0,0,0
2025-12-31 18:45:00+00:00,611,65.99999999889405,58.6841828566617,0,0,0
2025-12-31 19:00:00+00:00,611,67.99999999930151,59.9383680618373,0,0,0
2025-12-31 19:15:00+00:00,611,60.00000000130967,58.0554991138785,0,0,0
2025-12-31 19:30:00+00:00,611,64.99999999869033,57.90162284394047,0,0,0
2025-12-31 19:45:00+00:00,611,65.0000000023283,50.912844159124205,0,0,0
2025-12-31 20:00:00+00:00,611,60.99999999787542,55.588690586735495,0,0,0
2025-12-31 20:15:00+00:00,611,51.00000000311411,46.55869492942119,0,0,0
2025-12-31 20:30:00+00:00,611,54.00000000008731,47.65105999372037,0,0,0
2025-12-31 20:45:00+00:00,611,48.99999999906868,54.45231482123222,0,0,0
2025-12-31 21:00:00+00:00,611,56.000000000494765,54.29583890030579,0,0,0
2025-12-31 21:15:00+00:00,611,54.00000000008731,56.3307268021381,0,0,0
2025-12-31 21:30:00+00:00,611,50.99999999947613,54.46685393870547,0,0,0
2025-12-31 21:45:00+00:00,611,48.99999999906868,55.22018784099737,0,0,0
2025-12-31 22:00:00+00:00,611,59.000000001105946,54.090528579924886,0,0,0
2025-12-31 22:15:00+00:00,611,50.99999999947613,52.77136393007788,0,0,0
2025-12-31 22:30:00+00:00,611,49.9999999992724,52.39427849131548,0,0,0
2025-12-31 22:45:00+00:00,611,59.000000001105946,53.93478020637404,0,0,0
2025-12-31 23:00:00+00:00,611,52.99999999988359,52.56817414412096,0,0,0
2025-12-31 23:15:00+00:00,611,55.00000000029104,54.70167429044277,0,0,0
2025-12-31 23:30:00+00:00,611,64.99999999869033,54.44909409321588,0,0,0
2025-12-31 23:45:00+00:00,611,62.000000001717126,53.38873815593316,0,0,0
