timestamp,building_id,y_true,y_pred,over_flag,under_flag,anomaly_point
2025-10-02 08:15:00+00:00,321,7.000000000061846,7.382740708658039,0,0,0
2025-10-02 08:30:00+00:00,321,4.999999999881766,6.654470401087897,0,0,0
2025-10-02 08:45:00+00:00,321,5.000000000109139,4.82369952905036,0,0,0
2025-10-02 09:00:00+00:00,321,3.999999999905413,4.364774100844704,0,0,0
2025-10-02 09:15:00+00:00,321,4.000000000132786,4.096291085635343,0,0,0
2025-10-02 09:30:00+00:00,321,4.999999999881766,3.7295802906276494,0,0,0
2025-10-02 09:45:00+00:00,321,4.000000000132786,3.320151767001544,0,0,0
2025-10-02 10:00:00+00:00,321,4.999999999881766,3.3013153624545843,0,0,0
2025-10-02 10:15:00+00:00,321,4.000000000132786,3.869292457881644,0,0,0
2025-10-02 10:30:00+00:00,321,3.999999999905413,3.582932251394356,0,0,0
2025-10-02 10:45:00+00:00,321,4.000000000132786,3.36089756312447,0,0,0
2025-10-02 11:00:00+00:00,321,2.9999999999290594,3.153679301825586,0,0,0
2025-10-02 11:15:00+00:00,321,1.9999999999527065,2.9529985743539844,0,0,0
2025-10-02 11:30:00+00:00,321,1.9999999999527065,2.7125774868299817,0,0,0
2025-10-02 11:45:00+00:00,321,1.9999999999527065,2.535117984327087,0,0,0
2025-10-02 12:00:00+00:00,321,2.00000000018008,2.292647734010564,0,0,0
2025-10-02 12:15:00+00:00,321,1.9999999999527065,2.187363008779414,0,0,0
2025-10-02 12:30:00+00:00,321,1.9999999999527065,2.154385744056741,0,0,0
2025-10-02 12:45:00+00:00,321,1.9999999999527065,1.9863484820127923,0,0,0
2025-10-02 13:00:00+00:00,321,0.9999999999763532,1.697574666494697,0,0,0
2025-10-02 13:15:00+00:00,321,2.00000000018008,1.5075985196987909,0,0,0
2025-10-02 13:30:00+00:00,321,0.9999999999763532,1.5016675790168326,0,0,0
2025-10-02 13:45:00+00:00,321,1.9999999999527065,1.2816029123153836,0,0,0
2025-10-02 14:00:00+00:00,321,0.9999999999763532,1.4190073647413657,0,0,0
2025-10-02 14:15:00+00:00,321,1.9999999999527065,1.3355389364891035,0,0,0
2025-10-02 14:30:00+00:00,321,1.9999999999527065,1.4148269774588238,0,0,0
2025-10-02 14:45:00+00:00,321,1.0000000002037268,1.4023383120222546,0,0,0
2025-10-02 15:00:00+00:00,321,1.9999999999527065,1.0008071090685786,0,0,0
2025-10-02 15:15:00+00:00,321,0.0,1.2326277989863763,0,0,0
2025-10-02 15:30:00+00:00,321,0.9999999999763532,0.674941983163635,0,0,0
2025-10-02 15:45:00+00:00,321,2.9999999999290594,0.6925614516762999,0,0,0
2025-10-02 16:00:00+00:00,321,1.9999999999527065,1.3591314581892986,0,0,0
2025-10-02 16:15:00+00:00,321,3.000000000156433,1.6512203355329826,0,0,0
2025-10-02 16:30:00+00:00,321,1.9999999999527065,1.7993239603505544,0,0,0
2025-10-02 16:45:00+00:00,321,1.9999999999527065,1.792399914485833,0,0,0
2025-10-02 17:00:00+00:00,321,1.9999999999527065,1.8445496184745824,0,0,0
2025-10-02 17:15:00+00:00,321,2.00000000018008,1.8746107364073223,0,0,0
2025-10-02 17:30:00+00:00,321,1.9999999999527065,2.0341349266057644,0,0,0
2025-10-02 17:45:00+00:00,321,1.9999999999527065,2.160175925131035,0,0,0
2025-10-02 18:00:00+00:00,321,1.9999999999527065,2.1613781506325624,0,0,0
2025-10-02 18:15:00+00:00,321,1.9999999999527065,2.20914036611274,0,0,0
2025-10-02 18:30:00+00:00,321,2.00000000018008,1.9870710287693485,0,0,0
2025-10-02 18:45:00+00:00,321,2.9999999999290594,2.026096918436125,0,0,0
2025-10-02 19:00:00+00:00,321,2.9999999999290594,2.329777984042974,0,0,0
2025-10-02 19:15:00+00:00,321,4.000000000132786,2.69474976332401,0,0,0
2025-10-02 19:30:00+00:00,321,2.9999999999290594,3.312370183608982,0,0,0
2025-10-02 19:45:00+00:00,321,2.9999999999290594,3.2445696265221367,0,0,0
2025-10-02 20:00:00+00:00,321,3.000000000156433,3.1486821915325898,0,0,0
2025-10-02 20:15:00+00:00,321,2.9999999999290594,3.066483051504769,0,0,0
2025-10-02 20:30:00+00:00,321,2.9999999999290594,2.9520749115391416,0,0,0
2025-10-02 20:45:00+00:00,321,2.9999999999290594,3.014710124642068,0,0,0
2025-10-02 21:00:00+00:00,321,3.000000000156433,2.7491325838753373,0,0,0
2025-10-02 21:15:00+00:00,321,0.9999999999763532,1.7720258266018667,0,0,0
2025-10-02 21:30:00+00:00,321,0.9999999999763532,0.7306141386458229,0,0,0
2025-10-02 21:45:00+00:00,321,0.9999999999763532,0.4496481547258169,0,0,0
2025-10-02 22:00:00+00:00,321,0.0,0.4556887032989891,0,0,0
2025-10-02 22:15:00+00:00,321,0.0,0.3910370655499968,0,0,0
2025-10-02 22:30:00+00:00,321,0.0,0.3402713054087347,0,0,0
2025-10-02 22:45:00+00:00,321,0.0,0.3459564936609181,0,0,0
2025-10-02 23:00:00+00:00,321,1.9999999999527065,0.3477027204330496,0,0,0
2025-10-02 23:15:00+00:00,321,0.9999999999763532,0.4317491860905562,0,0,0
2025-10-02 23:30:00+00:00,321,2.00000000018008,0.6444793542188689,0,0,0
2025-10-02 23:45:00+00:00,321,0.9999999999763532,1.7887268963628848,0,0,0
2025-10-03 00:00:00+00:00,321,0.9999999999763532,1.4372657318830808,0,0,0
2025-10-03 00:15:00+00:00,321,0.9999999999763532,1.2415663225148856,0,0,0
2025-10-03 00:30:00+00:00,321,0.9999999999763532,1.149826536661426,0,0,0
2025-10-03 00:45:00+00:00,321,0.9999999999763532,1.0886849474076552,0,0,0
2025-10-03 01:00:00+00:00,321,1.9999999999527065,1.248495560332349,0,0,0
2025-10-03 01:15:00+00:00,321,0.9999999999763532,1.161678611003497,0,0,0
2025-10-03 01:30:00+00:00,321,1.0000000002037268,0.9837400066392692,0,0,0
2025-10-03 01:45:00+00:00,321,0.9999999999763532,0.8049297310980701,0,0,0
2025-10-03 02:00:00+00:00,321,1.9999999999527065,0.999796408934857,0,0,0
2025-10-03 02:15:00+00:00,321,0.9999999999763532,1.7489562499194906,0,0,0
2025-10-03 02:30:00+00:00,321,0.9999999999763532,1.575035640093716,0,0,0
2025-10-03 02:45:00+00:00,321,0.9999999999763532,1.402592140822961,0,0,0
2025-10-03 03:00:00+00:00,321,1.9999999999527065,1.2004068287130814,0,0,0
2025-10-03 03:15:00+00:00,321,0.9999999999763532,1.1308678327832165,0,0,0
2025-10-03 03:30:00+00:00,321,2.00000000018008,1.0457221153535603,0,0,0
2025-10-03 03:45:00+00:00,321,0.9999999999763532,1.2395818428002725,0,0,0
2025-10-03 04:00:00+00:00,321,0.9999999999763532,1.3073754772834625,0,0,0
2025-10-03 04:15:00+00:00,321,0.9999999999763532,1.3027286795796231,0,0,0
2025-10-03 04:30:00+00:00,321,1.9999999999527065,1.3498612265689576,0,0,0
2025-10-03 04:45:00+00:00,321,0.9999999999763532,1.5479748939620523,0,0,0
2025-10-03 05:00:00+00:00,321,0.9999999999763532,1.5097794282921324,0,0,0
2025-10-03 05:15:00+00:00,321,1.0000000002037268,1.2784568773957203,0,0,0
2025-10-03 05:30:00+00:00,321,0.9999999999763532,1.377461647343941,0,0,0
2025-10-03 05:45:00+00:00,321,1.9999999999527065,1.1714106379760325,0,0,0
2025-10-03 06:00:00+00:00,321,0.9999999999763532,1.3479341467763222,0,0,0
2025-10-03 06:15:00+00:00,321,0.9999999999763532,1.587123948285535,0,0,0
2025-10-03 06:30:00+00:00,321,2.9999999999290594,1.6541506159720454,0,0,0
2025-10-03 06:45:00+00:00,321,3.000000000156433,1.8249944169147128,0,0,0
2025-10-03 07:00:00+00:00,321,2.9999999999290594,2.0698613303051774,0,0,0
2025-10-03 07:15:00+00:00,321,2.9999999999290594,2.1601144870235918,0,0,0
2025-10-03 07:30:00+00:00,321,5.000000000109139,2.25568881841863,0,0,0
2025-10-03 07:45:00+00:00,321,2.9999999999290594,3.179812346956941,0,0,0
2025-10-03 08:00:00+00:00,321,2.9999999999290594,2.889751648263446,0,0,0
2025-10-03 08:15:00+00:00,321,3.000000000156433,2.697538418829952,0,0,0
2025-10-03 08:30:00+00:00,321,1.9999999999527065,2.5621002742839867,0,0,0
2025-10-03 08:45:00+00:00,321,2.9999999999290594,2.1735059753535824,0,0,0
2025-10-03 09:00:00+00:00,321,1.9999999999527065,1.9765783807201516,0,0,0
2025-10-03 09:15:00+00:00,321,2.00000000018008,1.8809893387923444,0,0,0
2025-10-03 09:30:00+00:00,321,0.9999999999763532,1.827681540900372,0,0,0
2025-10-03 09:45:00+00:00,321,0.0,1.6215030402484722,0,0,0
2025-10-03 10:00:00+00:00,321,0.0,1.297094257087581,0,0,0
2025-10-03 10:15:00+00:00,321,0.0,0.981645919033442,0,0,0
2025-10-03 10:30:00+00:00,321,0.0,0.5958143158452702,0,0,0
2025-10-03 10:45:00+00:00,321,0.9999999999763532,0.3646821365493879,0,0,0
2025-10-03 11:00:00+00:00,321,0.0,0.2226542502069044,0,0,0
2025-10-03 11:15:00+00:00,321,0.0,0.1565073300682966,0,0,0
2025-10-03 11:30:00+00:00,321,0.0,0.122065934672459,0,0,0
2025-10-03 11:45:00+00:00,321,0.9999999999763532,0.0958284014921768,0,0,0
2025-10-03 12:00:00+00:00,321,0.0,0.1128453150449835,0,0,0
2025-10-03 12:15:00+00:00,321,0.0,0.1316690281519084,0,0,0
2025-10-03 12:30:00+00:00,321,0.0,0.1291745833013307,0,0,0
2025-10-03 12:45:00+00:00,321,0.0,0.11854665603903,0,0,0
2025-10-03 13:00:00+00:00,321,0.0,0.0913829361779887,0,0,0
2025-10-03 13:15:00+00:00,321,0.0,0.0725101879618366,0,0,0
2025-10-03 13:30:00+00:00,321,0.0,0.0699459401910647,0,0,0
2025-10-03 13:45:00+00:00,321,0.0,0.0778472269385059,0,0,0
2025-10-03 14:00:00+00:00,321,0.0,0.085352483068481,0,0,0
2025-10-03 14:15:00+00:00,321,0.0,0.0885818776738309,0,0,0
2025-10-03 14:30:00+00:00,321,0.0,0.0927971664164695,0,0,0
2025-10-03 14:45:00+00:00,321,0.0,0.0961050171965833,0,0,0
2025-10-03 15:00:00+00:00,321,0.0,0.0956847574663228,0,0,0
2025-10-03 15:15:00+00:00,321,0.0,0.0876170397893281,0,0,0
2025-10-03 15:30:00+00:00,321,0.0,0.077731561769093,0,0,0
2025-10-03 15:45:00+00:00,321,0.0,0.0718216773399205,0,0,0
2025-10-03 16:00:00+00:00,321,0.0,0.0735231956301101,0,0,0
2025-10-03 16:15:00+00:00,321,0.0,0.0806096342389199,0,0,0
2025-10-03 16:30:00+00:00,321,0.0,0.088317376525822,0,0,0
2025-10-03 16:45:00+00:00,321,0.0,0.0978451866905163,0,0,0
2025-10-03 17:00:00+00:00,321,0.0,0.1137865007003298,0,0,0
2025-10-03 17:15:00+00:00,321,0.0,0.1339007025053908,0,0,0
2025-10-03 17:30:00+00:00,321,0.0,0.1515103639962101,0,0,0
2025-10-03 17:45:00+00:00,321,0.0,0.1637627955830316,0,0,0
2025-10-03 18:00:00+00:00,321,0.0,0.174601862256829,0,0,0
2025-10-03 18:15:00+00:00,321,0.0,0.1848383739707677,0,0,0
2025-10-03 18:30:00+00:00,321,0.0,0.2034815224990085,0,0,0
2025-10-03 18:45:00+00:00,321,0.0,0.2124956177840915,0,0,0
2025-10-03 19:00:00+00:00,321,0.0,0.2225783900085116,0,0,0
2025-10-03 19:15:00+00:00,321,0.9999999999763532,0.2377954266108548,0,0,0
2025-10-03 19:30:00+00:00,321,0.0,0.3198294336973069,0,0,0
2025-10-03 19:45:00+00:00,321,0.9999999999763532,0.279736886183926,0,0,0
2025-10-03 20:00:00+00:00,321,0.0,0.3098992471951294,0,0,0
2025-10-03 20:15:00+00:00,321,0.0,0.2837609380005781,0,0,0
2025-10-03 20:30:00+00:00,321,0.0,0.237721585505195,0,0,0
2025-10-03 20:45:00+00:00,321,0.0,0.2177960246497496,0,0,0
2025-10-03 21:00:00+00:00,321,0.0,0.2062675820285791,0,0,0
2025-10-03 21:15:00+00:00,321,0.0,0.1717318661579336,0,0,0
2025-10-03 21:30:00+00:00,321,0.0,0.1347028592039865,0,0,0
2025-10-03 21:45:00+00:00,321,0.0,0.1311711775723409,0,0,0
2025-10-03 22:00:00+00:00,321,0.0,0.1361831426190147,0,0,0
2025-10-03 22:15:00+00:00,321,0.9999999999763532,0.1519326428192036,0,0,0
2025-10-03 22:30:00+00:00,321,0.0,0.2061423982791401,0,0,0
2025-10-03 22:45:00+00:00,321,0.0,0.2477561879458449,0,0,0
2025-10-03 23:00:00+00:00,321,0.0,0.2595848985005777,0,0,0
2025-10-03 23:15:00+00:00,321,0.0,0.2583720006517485,0,0,0
2025-10-03 23:30:00+00:00,321,0.0,0.2604164762647101,0,0,0
2025-10-03 23:45:00+00:00,321,0.0,0.2680558578405132,0,0,0
2025-10-04 00:00:00+00:00,321,0.0,0.2854884160544757,0,0,0
2025-10-04 00:15:00+00:00,321,0.0,0.2791571181277672,0,0,0
2025-10-04 00:30:00+00:00,321,0.0,0.2816928101584595,0,0,0
2025-10-04 00:45:00+00:00,321,0.0,0.2658083191869864,0,0,0
2025-10-04 01:00:00+00:00,321,0.0,0.2473220830082731,0,0,0
2025-10-04 01:15:00+00:00,321,0.0,0.2479557896845818,0,0,0
2025-10-04 01:30:00+00:00,321,0.0,0.2237419643062947,0,0,0
2025-10-04 01:45:00+00:00,321,0.0,0.1936355610079743,0,0,0
2025-10-04 02:00:00+00:00,321,0.0,0.1758854283513096,0,0,0
2025-10-04 02:15:00+00:00,321,0.0,0.1653973953712162,0,0,0
2025-10-04 02:30:00+00:00,321,0.0,0.1508429096270802,0,0,0
2025-10-04 02:45:00+00:00,321,0.0,0.139833085396444,0,0,0
2025-10-04 03:00:00+00:00,321,0.0,0.1396455982141042,0,0,0
2025-10-04 03:15:00+00:00,321,0.0,0.1511601956279631,0,0,0
2025-10-04 03:30:00+00:00,321,0.0,0.1487182471884409,0,0,0
2025-10-04 03:45:00+00:00,321,0.0,0.1374009439787671,0,0,0
2025-10-04 04:00:00+00:00,321,0.0,0.1270698233482012,0,0,0
2025-10-04 04:15:00+00:00,321,0.0,0.1200280932213337,0,0,0
2025-10-04 04:30:00+00:00,321,0.0,0.1073972259680053,0,0,0
2025-10-04 04:45:00+00:00,321,0.0,0.0908718172747482,0,0,0
2025-10-04 05:00:00+00:00,321,0.0,0.0777927114347178,0,0,0
2025-10-04 05:15:00+00:00,321,8.000000000038199,0.0859556149119775,0,0,0
2025-10-04 05:30:00+00:00,321,10.999999999967258,7.913405294878318,0,0,0
2025-10-04 05:45:00+00:00,321,8.000000000038199,6.112570429134536,0,0,0
2025-10-04 06:00:00+00:00,321,2.9999999999290594,4.505985841060372,0,0,0
2025-10-04 06:15:00+00:00,321,2.00000000018008,1.7154644049917498,0,0,0
2025-10-04 06:30:00+00:00,321,1.9999999999527065,1.2973535662828484,0,0,0
2025-10-04 06:45:00+00:00,321,0.9999999999763532,1.296218836166963,0,0,0
2025-10-04 07:00:00+00:00,321,0.9999999999763532,1.316415243890435,0,0,0
2025-10-04 07:15:00+00:00,321,0.9999999999763532,1.422573659391289,0,0,0
2025-10-04 07:30:00+00:00,321,0.9999999999763532,1.1741205488653912,0,0,0
2025-10-04 07:45:00+00:00,321,9.999999999990903,1.2661205092395744,0,0,0
2025-10-04 08:00:00+00:00,321,9.999999999990903,6.048438563543353,0,0,0
2025-10-04 08:15:00+00:00,321,5.000000000109139,6.712618541144247,0,0,0
2025-10-04 08:30:00+00:00,321,4.999999999881766,4.30080022925987,0,0,0
2025-10-04 08:45:00+00:00,321,3.000000000156433,2.8031744661966247,0,0,0
2025-10-04 09:00:00+00:00,321,2.9999999999290594,2.988554869490652,0,0,0
2025-10-04 09:15:00+00:00,321,1.9999999999527065,3.745858522709651,0,0,0
2025-10-04 09:30:00+00:00,321,3.000000000156433,3.4152999977194884,0,0,0
2025-10-04 09:45:00+00:00,321,2.9999999999290594,3.337830366087101,0,0,0
2025-10-04 10:00:00+00:00,321,2.9999999999290594,2.959189545335757,0,0,0
2025-10-04 10:15:00+00:00,321,2.9999999999290594,2.6433572191100945,0,0,0
2025-10-04 10:30:00+00:00,321,2.00000000018008,3.0928984090664557,0,0,0
2025-10-04 10:45:00+00:00,321,2.9999999999290594,2.740260690407013,0,0,0
2025-10-04 11:00:00+00:00,321,2.9999999999290594,2.666601303092956,0,0,0
2025-10-04 11:15:00+00:00,321,2.00000000018008,2.644054094544761,0,0,0
2025-10-04 11:30:00+00:00,321,2.9999999999290594,2.6580706362964914,0,0,0
2025-10-04 11:45:00+00:00,321,2.9999999999290594,2.669218335716602,0,0,0
2025-10-04 12:00:00+00:00,321,2.9999999999290594,2.6429066729888406,0,0,0
2025-10-04 12:15:00+00:00,321,3.000000000156433,2.602922579599398,0,0,0
2025-10-04 12:30:00+00:00,321,2.9999999999290594,2.590878979889521,0,0,0
2025-10-04 12:45:00+00:00,321,2.9999999999290594,2.625200095046843,0,0,0
2025-10-04 13:00:00+00:00,321,3.000000000156433,2.6364793239364106,0,0,0
2025-10-04 13:15:00+00:00,321,2.9999999999290594,2.6230765863754795,0,0,0
2025-10-04 13:30:00+00:00,321,2.9999999999290594,2.6551363176719622,0,0,0
2025-10-04 13:45:00+00:00,321,2.00000000018008,2.687606069014132,0,0,0
2025-10-04 14:00:00+00:00,321,2.9999999999290594,2.3120953467719523,0,0,0
2025-10-04 14:15:00+00:00,321,2.9999999999290594,2.2099402152767835,0,0,0
2025-10-04 14:30:00+00:00,321,1.9999999999527065,2.3891208501135583,0,0,0
2025-10-04 14:45:00+00:00,321,3.000000000156433,2.160979812480545,0,0,0
2025-10-04 15:00:00+00:00,321,1.9999999999527065,2.003137238086782,0,0,0
2025-10-04 15:15:00+00:00,321,2.9999999999290594,2.089291348115608,0,0,0
2025-10-04 15:30:00+00:00,321,1.9999999999527065,2.3017917723351,0,0,0
2025-10-04 15:45:00+00:00,321,3.000000000156433,2.264685607194574,0,0,0
2025-10-04 16:00:00+00:00,321,2.9999999999290594,2.3872840526102657,0,0,0
2025-10-04 16:15:00+00:00,321,2.9999999999290594,2.3775156819685384,0,0,0
2025-10-04 16:30:00+00:00,321,3.000000000156433,2.2322627276479894,0,0,0
2025-10-04 16:45:00+00:00,321,1.9999999999527065,2.4949116465161167,0,0,0
2025-10-04 17:00:00+00:00,321,2.9999999999290594,2.5296338400227354,0,0,0
2025-10-04 17:15:00+00:00,321,2.9999999999290594,2.740410391711067,0,0,0
2025-10-04 17:30:00+00:00,321,3.000000000156433,2.8486848885064453,0,0,0
2025-10-04 17:45:00+00:00,321,3.999999999905413,3.398108072093013,0,0,0
2025-10-04 18:00:00+00:00,321,3.000000000156433,3.258675224685478,0,0,0
2025-10-04 18:15:00+00:00,321,1.9999999999527065,3.228341168681524,0,0,0
2025-10-04 18:30:00+00:00,321,0.9999999999763532,2.9659906428751364,0,0,0
2025-10-04 18:45:00+00:00,321,1.9999999999527065,1.201802887116966,0,0,0
2025-10-04 19:00:00+00:00,321,0.9999999999763532,2.2380396403986103,0,0,0
2025-10-04 19:15:00+00:00,321,1.9999999999527065,1.7991096480790492,0,0,0
2025-10-04 19:30:00+00:00,321,0.9999999999763532,1.7868869259995832,0,0,0
2025-10-04 19:45:00+00:00,321,3.000000000156433,1.5193796373533917,0,0,0
2025-10-04 20:00:00+00:00,321,1.9999999999527065,1.868223480767731,0,0,0
2025-10-04 20:15:00+00:00,321,0.9999999999763532,2.241381238871545,0,0,0
2025-10-04 20:30:00+00:00,321,1.9999999999527065,1.4461915639715546,0,0,0
2025-10-04 20:45:00+00:00,321,3.000000000156433,1.275143546221046,0,0,0
2025-10-04 21:00:00+00:00,321,1.9999999999527065,1.7313113985267554,0,0,0
2025-10-04 21:15:00+00:00,321,0.0,1.569842245142901,0,0,0
2025-10-04 21:30:00+00:00,321,0.0,0.6040741357737089,0,0,0
2025-10-04 21:45:00+00:00,321,0.0,0.4593943153474824,0,0,0
2025-10-04 22:00:00+00:00,321,0.9999999999763532,0.2235787062367498,0,0,0
2025-10-04 22:15:00+00:00,321,0.0,0.2266425352380023,0,0,0
2025-10-04 22:30:00+00:00,321,0.0,0.2679491343674889,0,0,0
2025-10-04 22:45:00+00:00,321,0.0,0.2596633546753417,0,0,0
2025-10-04 23:00:00+00:00,321,0.0,0.20955351123045,0,0,0
2025-10-04 23:15:00+00:00,321,0.0,0.1698269963853604,0,0,0
2025-10-04 23:30:00+00:00,321,0.0,0.1918593362866683,0,0,0
2025-10-04 23:45:00+00:00,321,0.0,0.2031852927509114,0,0,0
2025-10-05 00:00:00+00:00,321,0.0,0.1947235635491839,0,0,0
2025-10-05 00:15:00+00:00,321,0.0,0.1792573132152379,0,0,0
2025-10-05 00:30:00+00:00,321,0.0,0.1844729181861146,0,0,0
2025-10-05 00:45:00+00:00,321,0.0,0.1876377018240118,0,0,0
2025-10-05 01:00:00+00:00,321,0.0,0.1899345640285852,0,0,0
2025-10-05 01:15:00+00:00,321,0.0,0.1933456769798951,0,0,0
2025-10-05 01:30:00+00:00,321,0.0,0.2002097269462677,0,0,0
2025-10-05 01:45:00+00:00,321,0.0,0.2122510191215925,0,0,0
2025-10-05 02:00:00+00:00,321,0.0,0.2208177411454306,0,0,0
2025-10-05 02:15:00+00:00,321,0.0,0.2119954596699722,0,0,0
2025-10-05 02:30:00+00:00,321,0.0,0.1923900692335998,0,0,0
2025-10-05 02:45:00+00:00,321,0.0,0.1848144332997923,0,0,0
2025-10-05 03:00:00+00:00,321,0.0,0.1916559848042842,0,0,0
2025-10-05 03:15:00+00:00,321,0.0,0.2095794709941585,0,0,0
2025-10-05 03:30:00+00:00,321,0.0,0.2249571696896763,0,0,0
2025-10-05 03:45:00+00:00,321,0.0,0.2361155414570896,0,0,0
2025-10-05 04:00:00+00:00,321,0.0,0.247363618630207,0,0,0
2025-10-05 04:15:00+00:00,321,0.0,0.2653508504620769,0,0,0
2025-10-05 04:30:00+00:00,321,0.0,0.2733853973298887,0,0,0
2025-10-05 04:45:00+00:00,321,0.9999999999763532,0.2743063920579058,0,0,0
2025-10-05 05:00:00+00:00,321,0.0,0.4910173457300231,0,0,0
2025-10-05 05:15:00+00:00,321,8.000000000038199,1.9173745436063183,0,0,0
2025-10-05 05:30:00+00:00,321,9.999999999990903,10.3983283925693,0,0,0
2025-10-05 05:45:00+00:00,321,6.0000000000854925,5.910270317180701,0,0,0
2025-10-05 06:00:00+00:00,321,3.999999999905413,4.314364782681252,0,0,0
2025-10-05 06:15:00+00:00,321,0.9999999999763532,2.5657649275941843,0,0,0
2025-10-05 06:30:00+00:00,321,1.9999999999527065,1.5807620755260143,0,0,0
2025-10-05 06:45:00+00:00,321,0.9999999999763532,1.480448356603242,0,0,0
2025-10-05 07:00:00+00:00,321,0.9999999999763532,1.3680898842033176,0,0,0
2025-10-05 07:15:00+00:00,321,1.0000000002037268,1.4974520018323751,0,0,0
2025-10-05 07:30:00+00:00,321,0.0,1.4943417336982656,0,0,0
2025-10-05 07:45:00+00:00,321,1.9999999999527065,1.491869787309569,0,0,0
2025-10-05 08:00:00+00:00,321,0.9999999999763532,1.6600867486067452,0,0,0
2025-10-05 08:15:00+00:00,321,1.9999999999527065,1.720377146052693,0,0,0
2025-10-05 08:30:00+00:00,321,1.9999999999527065,1.711657261422974,0,0,0
2025-10-05 08:45:00+00:00,321,0.9999999999763532,1.6325223830591349,0,0,0
2025-10-05 09:00:00+00:00,321,0.9999999999763532,1.564487899657093,0,0,0
2025-10-05 09:15:00+00:00,321,1.0000000002037268,1.512917675282683,0,0,0
2025-10-05 09:30:00+00:00,321,0.9999999999763532,1.4306030143063593,0,0,0
2025-10-05 09:45:00+00:00,321,1.9999999999527065,1.3970543463402785,0,0,0
2025-10-05 10:00:00+00:00,321,0.9999999999763532,1.423376104531704,0,0,0
2025-10-05 10:15:00+00:00,321,0.9999999999763532,1.463095696773138,0,0,0
2025-10-05 10:30:00+00:00,321,1.9999999999527065,1.458329484156239,0,0,0
2025-10-05 10:45:00+00:00,321,0.9999999999763532,1.4248506191103525,0,0,0
2025-10-05 11:00:00+00:00,321,1.0000000002037268,1.3999788579429615,0,0,0
2025-10-05 11:15:00+00:00,321,0.9999999999763532,1.3617972374803529,0,0,0
2025-10-05 11:30:00+00:00,321,0.9999999999763532,1.3184738531525273,0,0,0
2025-10-05 11:45:00+00:00,321,0.9999999999763532,1.2538210616362586,0,0,0
2025-10-05 12:00:00+00:00,321,0.9999999999763532,1.0692139708589297,0,0,0
2025-10-05 12:15:00+00:00,321,0.9999999999763532,1.1078213314463592,0,0,0
2025-10-05 12:30:00+00:00,321,0.9999999999763532,1.1791904907176805,0,0,0
2025-10-05 12:45:00+00:00,321,0.9999999999763532,1.0602267006630122,0,0,0
2025-10-05 13:00:00+00:00,321,1.9999999999527065,1.0050024953257073,0,0,0
2025-10-05 13:15:00+00:00,321,1.0000000002037268,1.1519852352347058,0,0,0
2025-10-05 13:30:00+00:00,321,0.9999999999763532,1.222203800090098,0,0,0
2025-10-05 13:45:00+00:00,321,0.9999999999763532,1.2289077648469342,0,0,0
2025-10-05 14:00:00+00:00,321,0.9999999999763532,1.166388289023875,0,0,0
2025-10-05 14:15:00+00:00,321,0.9999999999763532,1.1339832928700675,0,0,0
2025-10-05 14:30:00+00:00,321,0.9999999999763532,1.0963967278800235,0,0,0
2025-10-05 14:45:00+00:00,321,0.9999999999763532,1.0683198012200776,0,0,0
2025-10-05 15:00:00+00:00,321,0.9999999999763532,1.051177992359651,0,0,0
2025-10-05 15:15:00+00:00,321,0.9999999999763532,1.1277117023998886,0,0,0
2025-10-05 15:30:00+00:00,321,1.0000000002037268,1.2242081822902209,0,0,0
2025-10-05 15:45:00+00:00,321,1.9999999999527065,1.2998953155917392,0,0,0
2025-10-05 16:00:00+00:00,321,0.9999999999763532,1.5296028807436572,0,0,0
2025-10-05 16:15:00+00:00,321,1.9999999999527065,1.6230470693054957,0,0,0
2025-10-05 16:30:00+00:00,321,0.9999999999763532,1.6337185512824632,0,0,0
2025-10-05 16:45:00+00:00,321,1.9999999999527065,1.522283669586927,0,0,0
2025-10-05 17:00:00+00:00,321,0.9999999999763532,1.3552005730801784,0,0,0
2025-10-05 17:15:00+00:00,321,1.0000000002037268,1.3283353905017865,0,0,0
2025-10-05 17:30:00+00:00,321,0.9999999999763532,1.347960106540031,0,0,0
2025-10-05 17:45:00+00:00,321,0.9999999999763532,1.3330981418168577,0,0,0
2025-10-05 18:00:00+00:00,321,1.9999999999527065,1.2115052045821455,0,0,0
2025-10-05 18:15:00+00:00,321,0.9999999999763532,1.3864016130815449,0,0,0
2025-10-05 18:30:00+00:00,321,2.9999999999290594,1.3769176460733363,0,0,0
2025-10-05 18:45:00+00:00,321,2.00000000018008,1.565969625281216,0,0,0
2025-10-05 19:00:00+00:00,321,0.9999999999763532,1.5953702114484811,0,0,0
2025-10-05 19:15:00+00:00,321,0.9999999999763532,1.4980681135577258,0,0,0
2025-10-05 19:30:00+00:00,321,1.9999999999527065,1.3898222446128816,0,0,0
2025-10-05 19:45:00+00:00,321,2.9999999999290594,1.3617308958619865,0,0,0
2025-10-05 20:00:00+00:00,321,0.9999999999763532,1.5973604599994742,0,0,0
2025-10-05 20:15:00+00:00,321,0.0,1.426059190331897,0,0,0
2025-10-05 20:30:00+00:00,321,0.0,0.8135074139110294,0,0,0
2025-10-05 20:45:00+00:00,321,0.0,0.2313807689984597,0,0,0
2025-10-05 21:00:00+00:00,321,0.0,0.1155260933106245,0,0,0
2025-10-05 21:15:00+00:00,321,1.0000000002037268,0.1096741856870684,0,0,0
2025-10-05 21:30:00+00:00,321,0.0,0.1066905435114931,0,0,0
2025-10-05 21:45:00+00:00,321,0.0,0.1348038138406311,0,0,0
2025-10-05 22:00:00+00:00,321,0.0,0.1213886732814835,0,0,0
2025-10-05 22:15:00+00:00,321,0.0,0.1263807358426474,0,0,0
2025-10-05 22:30:00+00:00,321,0.9999999999763532,0.1446093934770074,0,0,0
2025-10-05 22:45:00+00:00,321,0.0,0.1729150544994078,0,0,0
2025-10-05 23:00:00+00:00,321,0.0,0.1803989659347782,0,0,0
2025-10-05 23:15:00+00:00,321,0.0,0.181609556249056,0,0,0
2025-10-05 23:30:00+00:00,321,0.0,0.1716727355850418,0,0,0
2025-10-05 23:45:00+00:00,321,0.0,0.1644752468759232,0,0,0
2025-10-06 00:00:00+00:00,321,0.0,0.1620716611983255,0,0,0
2025-10-06 00:15:00+00:00,321,0.0,0.1960322240819163,0,0,0
2025-10-06 00:30:00+00:00,321,0.0,0.2084874302674833,0,0,0
2025-10-06 00:45:00+00:00,321,0.0,0.1904696236028011,0,0,0
2025-10-06 01:00:00+00:00,321,0.0,0.1789227207052159,0,0,0
2025-10-06 01:15:00+00:00,321,0.0,0.1795451781505841,0,0,0
2025-10-06 01:30:00+00:00,321,0.0,0.1923831466299441,0,0,0
2025-10-06 01:45:00+00:00,321,0.0,0.2198330007754174,0,0,0
2025-10-06 02:00:00+00:00,321,0.0,0.2566771165233956,0,0,0
2025-10-06 02:15:00+00:00,321,0.0,0.2901366559674101,0,0,0
2025-10-06 02:30:00+00:00,321,0.0,0.2855634109274119,0,0,0
2025-10-06 02:45:00+00:00,321,0.0,0.2560341797088794,0,0,0
2025-10-06 03:00:00+00:00,321,0.0,0.2332755433073687,0,0,0
2025-10-06 03:15:00+00:00,321,0.0,0.2295304147296746,0,0,0
2025-10-06 03:30:00+00:00,321,0.0,0.2234875586219504,0,0,0
2025-10-06 03:45:00+00:00,321,0.0,0.2194649490143936,0,0,0
2025-10-06 04:00:00+00:00,321,0.0,0.2222599502403528,0,0,0
2025-10-06 04:15:00+00:00,321,0.0,0.2468501921924146,0,0,0
2025-10-06 04:30:00+00:00,321,0.0,0.2553797052216038,0,0,0
2025-10-06 04:45:00+00:00,321,0.0,0.2361801524245419,0,0,0
2025-10-06 05:00:00+00:00,321,0.0,0.2237967682519017,0,0,0
2025-10-06 05:15:00+00:00,321,9.999999999990903,0.2339574197674481,0,0,0
2025-10-06 05:30:00+00:00,321,21.99999999993452,12.030996774334229,0,0,0
2025-10-06 05:45:00+00:00,321,17.00000000005275,11.138174158777106,0,0,0
2025-10-06 06:00:00+00:00,321,6.999999999834472,8.550584810687717,0,0,0
2025-10-06 06:15:00+00:00,321,5.000000000109139,5.635739758684057,0,0,0
2025-10-06 06:30:00+00:00,321,6.0000000000854925,3.7166653081826215,0,0,0
2025-10-06 06:45:00+00:00,321,9.000000000014552,3.766364789057167,0,0,0
2025-10-06 07:00:00+00:00,321,4.999999999881766,5.490900429931932,0,0,0
2025-10-06 07:15:00+00:00,321,3.999999999905413,5.332556543656774,0,0,0
2025-10-06 07:30:00+00:00,321,4.000000000132786,4.717921568308746,0,0,0
2025-10-06 07:45:00+00:00,321,2.9999999999290594,4.84872171262635,0,0,0
2025-10-06 08:00:00+00:00,321,4.000000000132786,4.4547541752709945,0,0,0
2025-10-06 08:15:00+00:00,321,3.999999999905413,4.820338172312824,0,0,0
2025-10-06 08:30:00+00:00,321,5.000000000109139,4.240981001525234,0,0,0
2025-10-06 08:45:00+00:00,321,3.999999999905413,3.920495928483216,0,0,0
2025-10-06 09:00:00+00:00,321,4.999999999881766,3.454029441306804,0,0,0
2025-10-06 09:15:00+00:00,321,4.000000000132786,3.6595719998582976,0,0,0
2025-10-06 09:30:00+00:00,321,4.999999999881766,3.893325033631928,0,0,0
2025-10-06 09:45:00+00:00,321,3.000000000156433,3.898931621488437,0,0,0
2025-10-06 10:00:00+00:00,321,3.999999999905413,3.83827490293238,0,0,0
2025-10-06 10:15:00+00:00,321,5.000000000109139,3.9394654128744095,0,0,0
2025-10-06 10:30:00+00:00,321,3.999999999905413,4.207361593203047,0,0,0
2025-10-06 10:45:00+00:00,321,5.000000000109139,4.097094972984852,0,0,0
2025-10-06 11:00:00+00:00,321,3.999999999905413,3.968142586959662,0,0,0
2025-10-06 11:15:00+00:00,321,3.999999999905413,3.817559227824281,0,0,0
2025-10-06 11:30:00+00:00,321,4.000000000132786,3.929488606963239,0,0,0
2025-10-06 11:45:00+00:00,321,2.9999999999290594,3.939753025423165,0,0,0
2025-10-06 12:00:00+00:00,321,4.000000000132786,3.980619570502563,0,0,0
2025-10-06 12:15:00+00:00,321,3.999999999905413,4.072358418920111,0,0,0
2025-10-06 12:30:00+00:00,321,3.999999999905413,4.016103755184484,0,0,0
2025-10-06 12:45:00+00:00,321,5.000000000109139,4.00218470676757,0,0,0
2025-10-06 13:00:00+00:00,321,4.999999999881766,3.95433264166078,0,0,0
2025-10-06 13:15:00+00:00,321,4.000000000132786,4.00420711658138,0,0,0
2025-10-06 13:30:00+00:00,321,3.999999999905413,3.9904162805530055,0,0,0
2025-10-06 13:45:00+00:00,321,4.000000000132786,3.9703532771708137,0,0,0
2025-10-06 14:00:00+00:00,321,3.999999999905413,4.05478665147326,0,0,0
2025-10-06 14:15:00+00:00,321,4.000000000132786,4.069557360415953,0,0,0
2025-10-06 14:30:00+00:00,321,3.999999999905413,4.038458392763279,0,0,0
2025-10-06 14:45:00+00:00,321,2.9999999999290594,4.004737344755128,0,0,0
2025-10-06 15:00:00+00:00,321,4.000000000132786,3.884088693925317,0,0,0
2025-10-06 15:15:00+00:00,321,3.999999999905413,3.75632183983138,0,0,0
2025-10-06 15:30:00+00:00,321,4.000000000132786,3.752241091169684,0,0,0
2025-10-06 15:45:00+00:00,321,2.9999999999290594,3.758963642396232,0,0,0
2025-10-06 16:00:00+00:00,321,3.999999999905413,3.678945338851298,0,0,0
2025-10-06 16:15:00+00:00,321,5.000000000109139,3.6238462090977497,0,0,0
2025-10-06 16:30:00+00:00,321,3.999999999905413,3.723932058983524,0,0,0
2025-10-06 16:45:00+00:00,321,5.000000000109139,3.802759638644463,0,0,0
2025-10-06 17:00:00+00:00,321,4.999999999881766,4.0679866865459005,0,0,0
2025-10-06 17:15:00+00:00,321,4.000000000132786,4.120117100988005,0,0,0
2025-10-06 17:30:00+00:00,321,3.999999999905413,4.070319928474893,0,0,0
2025-10-06 17:45:00+00:00,321,3.999999999905413,3.948477633287669,0,0,0
2025-10-06 18:00:00+00:00,321,4.000000000132786,4.015290060813129,0,0,0
2025-10-06 18:15:00+00:00,321,3.999999999905413,4.056359416546501,0,0,0
2025-10-06 18:30:00+00:00,321,5.000000000109139,3.960119000880972,0,0,0
2025-10-06 18:45:00+00:00,321,2.9999999999290594,3.9514487642993457,0,0,0
2025-10-06 22:00:00+00:00,321,1.0000000002037268,3.7832595114444056,0,0,0
2025-10-06 22:15:00+00:00,321,1.9999999999527065,1.1774113815781844,0,0,0
2025-10-06 22:30:00+00:00,321,1.9999999999527065,0.7483959999025758,0,0,0
2025-10-06 22:45:00+00:00,321,1.9999999999527065,0.5143139261239398,0,0,0
2025-10-06 23:00:00+00:00,321,3.000000000156433,0.4335453132973725,0,0,0
2025-10-06 23:15:00+00:00,321,1.9999999999527065,1.2210820498560673,0,0,0
2025-10-06 23:30:00+00:00,321,1.9999999999527065,1.215807602754118,0,0,0
2025-10-06 23:45:00+00:00,321,2.9999999999290594,0.3571408251920398,0,0,0
2025-10-07 00:00:00+00:00,321,1.9999999999527065,1.0367579205031618,0,0,0
2025-10-07 00:15:00+00:00,321,3.000000000156433,1.879881722207444,0,0,0
2025-10-07 00:30:00+00:00,321,1.9999999999527065,2.179933035964193,0,0,0
2025-10-07 00:45:00+00:00,321,2.9999999999290594,2.186741128217683,0,0,0
2025-10-07 01:00:00+00:00,321,2.00000000018008,2.3925619610140427,0,0,0
2025-10-07 01:15:00+00:00,321,2.9999999999290594,2.355079379299742,0,0,0
2025-10-07 01:30:00+00:00,321,1.9999999999527065,2.475475138764759,0,0,0
2025-10-07 01:45:00+00:00,321,1.9999999999527065,2.231545372844175,0,0,0
2025-10-07 02:00:00+00:00,321,3.000000000156433,1.7865419495840775,0,0,0
2025-10-07 06:30:00+00:00,321,11.999999999943611,2.3153913714374874,0,0,0
2025-10-07 06:45:00+00:00,321,10.999999999967258,7.833829965856889,0,0,0
2025-10-07 07:00:00+00:00,321,5.000000000109139,7.102111336340788,0,0,0
2025-10-07 07:15:00+00:00,321,4.999999999881766,4.571803865414882,0,0,0
2025-10-07 07:30:00+00:00,321,3.000000000156433,3.741932829553273,0,0,0
2025-10-07 07:45:00+00:00,321,3.999999999905413,3.709609841014125,0,0,0
2025-10-07 08:00:00+00:00,321,2.9999999999290594,3.7928344998741177,0,0,0
2025-10-07 08:15:00+00:00,321,3.000000000156433,3.8190682833107528,0,0,0
2025-10-07 08:30:00+00:00,321,2.9999999999290594,3.6200834134586426,0,0,0
2025-10-07 08:45:00+00:00,321,3.999999999905413,2.9407014342852205,0,0,0
2025-10-07 09:00:00+00:00,321,2.00000000018008,2.835555233237637,0,0,0
2025-10-07 09:15:00+00:00,321,2.9999999999290594,3.074109453198718,0,0,0
2025-10-07 09:30:00+00:00,321,2.9999999999290594,3.017054291304955,0,0,0
2025-10-07 09:45:00+00:00,321,4.000000000132786,2.975735289177252,0,0,0
2025-10-07 10:00:00+00:00,321,3.999999999905413,2.9948417473772366,0,0,0
2025-10-07 10:15:00+00:00,321,3.999999999905413,3.180593158960932,0,0,0
2025-10-07 10:30:00+00:00,321,3.000000000156433,3.334693056532462,0,0,0
2025-10-07 10:45:00+00:00,321,2.9999999999290594,3.241744843678367,0,0,0
2025-10-07 11:00:00+00:00,321,1.9999999999527065,2.8536064991533223,0,0,0
2025-10-07 11:15:00+00:00,321,3.000000000156433,2.926555670598585,0,0,0
2025-10-07 11:30:00+00:00,321,2.9999999999290594,3.008860740884428,0,0,0
2025-10-07 11:45:00+00:00,321,2.9999999999290594,3.0489297803895616,0,0,0
2025-10-07 12:00:00+00:00,321,3.000000000156433,2.974668703441102,0,0,0
2025-10-07 12:15:00+00:00,321,3.999999999905413,2.917570635826765,0,0,0
2025-10-07 12:30:00+00:00,321,2.9999999999290594,2.937736324496515,0,0,0
2025-10-07 12:45:00+00:00,321,3.000000000156433,2.96679626087556,0,0,0
2025-10-07 13:00:00+00:00,321,2.9999999999290594,2.9275838935728102,0,0,0
2025-10-07 13:15:00+00:00,321,2.9999999999290594,2.9089322360109096,0,0,0
2025-10-07 13:30:00+00:00,321,1.9999999999527065,2.85527715416888,0,0,0
2025-10-07 13:45:00+00:00,321,4.000000000132786,2.6693250591896263,0,0,0
2025-10-07 14:00:00+00:00,321,2.9999999999290594,2.58675527142441,0,0,0
2025-10-07 14:15:00+00:00,321,2.9999999999290594,2.545752257309405,0,0,0
2025-10-07 14:30:00+00:00,321,3.000000000156433,2.6319259813819222,0,0,0
2025-10-07 14:45:00+00:00,321,1.9999999999527065,2.639088568630944,0,0,0
2025-10-07 15:00:00+00:00,321,1.9999999999527065,2.641371585628206,0,0,0
2025-10-07 15:15:00+00:00,321,3.000000000156433,2.583141528095264,0,0,0
2025-10-07 15:30:00+00:00,321,2.9999999999290594,2.504782558224493,0,0,0
2025-10-07 15:45:00+00:00,321,2.9999999999290594,2.4678373436189607,0,0,0
2025-10-07 16:00:00+00:00,321,1.9999999999527065,2.581536349372616,0,0,0
2025-10-07 16:15:00+00:00,321,4.000000000132786,2.5980637771586053,0,0,0
2025-10-07 16:30:00+00:00,321,3.999999999905413,2.562120032548587,0,0,0
2025-10-07 16:45:00+00:00,321,2.9999999999290594,2.7162121421910044,0,0,0
2025-10-07 17:00:00+00:00,321,4.000000000132786,2.9222628631170946,0,0,0
2025-10-07 17:15:00+00:00,321,3.999999999905413,3.1767490227288717,0,0,0
2025-10-07 17:30:00+00:00,321,4.000000000132786,3.3912534685962124,0,0,0
2025-10-07 17:45:00+00:00,321,2.9999999999290594,3.485129887223799,0,0,0
2025-10-07 18:00:00+00:00,321,3.999999999905413,3.479051011943929,0,0,0
2025-10-07 18:15:00+00:00,321,4.000000000132786,3.585198502710889,0,0,0
2025-10-07 18:30:00+00:00,321,2.9999999999290594,3.614804964226455,0,0,0
2025-10-07 18:45:00+00:00,321,5.000000000109139,3.52118010292025,0,0,0
2025-10-07 19:00:00+00:00,321,3.999999999905413,3.6551402715857386,0,0,0
2025-10-07 19:15:00+00:00,321,4.000000000132786,3.699491193838469,0,0,0
2025-10-07 19:30:00+00:00,321,3.999999999905413,3.727883189102814,0,0,0
2025-10-07 19:45:00+00:00,321,3.999999999905413,3.63479037675934,0,0,0
2025-10-07 20:00:00+00:00,321,5.000000000109139,3.673427771351171,0,0,0
2025-10-07 20:15:00+00:00,321,3.999999999905413,3.658968399296845,0,0,0
2025-10-07 20:30:00+00:00,321,7.000000000061846,3.5370867678565574,0,0,0
2025-10-07 20:45:00+00:00,321,5.000000000109139,3.965093901153906,0,0,0
2025-10-07 21:00:00+00:00,321,3.999999999905413,3.8386766663309975,0,0,0
2025-10-07 21:15:00+00:00,321,3.999999999905413,3.1360634388356585,0,0,0
2025-10-07 21:30:00+00:00,321,3.000000000156433,2.7362126979193864,0,0,0
2025-10-07 21:45:00+00:00,321,1.9999999999527065,2.5156079239118885,0,0,0
2025-10-07 22:00:00+00:00,321,2.9999999999290594,2.3705792331056004,0,0,0
2025-10-07 22:15:00+00:00,321,1.9999999999527065,2.31385974537868,0,0,0
2025-10-07 22:30:00+00:00,321,3.000000000156433,2.314374902467386,0,0,0
2025-10-07 22:45:00+00:00,321,2.9999999999290594,2.350544641242579,0,0,0
2025-10-07 23:00:00+00:00,321,2.9999999999290594,2.4370881477270334,0,0,0
2025-10-07 23:15:00+00:00,321,3.000000000156433,2.5383116121468827,0,0,0
2025-10-07 23:30:00+00:00,321,2.9999999999290594,2.584141267439864,0,0,0
2025-10-07 23:45:00+00:00,321,1.9999999999527065,2.5780597601283963,0,0,0
2025-10-08 00:00:00+00:00,321,3.000000000156433,2.571652890445113,0,0,0
2025-10-08 00:15:00+00:00,321,2.9999999999290594,2.5362221396101594,0,0,0
2025-10-08 00:30:00+00:00,321,2.9999999999290594,2.5357309231924288,0,0,0
2025-10-08 00:45:00+00:00,321,2.9999999999290594,2.531699948772121,0,0,0
2025-10-08 01:00:00+00:00,321,2.00000000018008,2.527307556752626,0,0,0
2025-10-08 01:15:00+00:00,321,2.9999999999290594,2.513027956061982,0,0,0
2025-10-08 01:30:00+00:00,321,2.9999999999290594,2.5188879400564703,0,0,0
2025-10-08 01:45:00+00:00,321,3.000000000156433,2.522744407176292,0,0,0
2025-10-08 02:00:00+00:00,321,1.9999999999527065,2.562518803363333,0,0,0
2025-10-08 06:45:00+00:00,321,9.999999999990903,2.553355583657836,0,0,0
2025-10-08 07:00:00+00:00,321,7.000000000061846,6.42640118546781,0,0,0
2025-10-08 07:15:00+00:00,321,4.999999999881766,5.610429277509991,0,0,0
2025-10-08 07:30:00+00:00,321,5.000000000109139,3.999086589245086,0,0,0
2025-10-08 07:45:00+00:00,321,3.999999999905413,4.016586354402873,0,0,0
2025-10-08 08:00:00+00:00,321,3.999999999905413,4.200149682402979,0,0,0
2025-10-08 08:15:00+00:00,321,5.000000000109139,4.361366665526586,0,0,0
2025-10-08 08:30:00+00:00,321,3.999999999905413,4.328423436938554,0,0,0
2025-10-08 08:45:00+00:00,321,5.000000000109139,4.25125515489655,0,0,0
2025-10-08 09:00:00+00:00,321,3.999999999905413,4.024079099368949,0,0,0
2025-10-08 09:15:00+00:00,321,4.000000000132786,3.75540376557678,0,0,0
2025-10-08 09:30:00+00:00,321,3.999999999905413,3.775364083671413,0,0,0
2025-10-08 09:45:00+00:00,321,5.000000000109139,3.7832409610299225,0,0,0
2025-10-08 10:00:00+00:00,321,3.999999999905413,3.8407285332655703,0,0,0
2025-10-08 10:15:00+00:00,321,4.000000000132786,3.90270270982984,0,0,0
2025-10-08 10:30:00+00:00,321,3.999999999905413,3.883179236870059,0,0,0
2025-10-08 10:45:00+00:00,321,4.999999999881766,3.936552727386305,0,0,0
2025-10-08 11:00:00+00:00,321,5.000000000109139,3.92396119638604,0,0,0
2025-10-08 11:15:00+00:00,321,3.999999999905413,4.1380721715570585,0,0,0
2025-10-08 11:30:00+00:00,321,5.000000000109139,4.079274099972082,0,0,0
2025-10-08 11:45:00+00:00,321,2.9999999999290594,3.899324587411576,0,0,0
2025-10-08 12:00:00+00:00,321,4.000000000132786,3.391187415419665,0,0,0
2025-10-08 12:15:00+00:00,321,2.9999999999290594,2.9639256878930267,0,0,0
2025-10-08 12:30:00+00:00,321,3.999999999905413,3.134917243157469,0,0,0
2025-10-08 12:45:00+00:00,321,4.000000000132786,3.2652494627342263,0,0,0
2025-10-08 13:00:00+00:00,321,4.999999999881766,3.1199750194981632,0,0,0
2025-10-08 13:15:00+00:00,321,5.000000000109139,3.0647018511620856,0,0,0
2025-10-08 13:30:00+00:00,321,3.999999999905413,3.2681976265660664,0,0,0
2025-10-08 13:45:00+00:00,321,4.000000000132786,3.3568265674017788,0,0,0
2025-10-08 14:00:00+00:00,321,3.999999999905413,3.4544964286117392,0,0,0
2025-10-08 14:15:00+00:00,321,3.999999999905413,3.4444964031341403,0,0,0
2025-10-08 14:30:00+00:00,321,4.000000000132786,3.57942692613392,0,0,0
2025-10-08 14:45:00+00:00,321,2.9999999999290594,3.642379641569094,0,0,0
2025-10-08 15:00:00+00:00,321,4.000000000132786,3.560455134208174,0,0,0
2025-10-08 15:15:00+00:00,321,2.9999999999290594,3.428924222542173,0,0,0
2025-10-08 15:30:00+00:00,321,3.999999999905413,3.300194910208739,0,0,0
2025-10-08 15:45:00+00:00,321,3.000000000156433,3.306918056346538,0,0,0
2025-10-08 16:00:00+00:00,321,2.9999999999290594,3.310571244094431,0,0,0
2025-10-08 16:15:00+00:00,321,3.999999999905413,3.295595128521394,0,0,0
2025-10-08 16:30:00+00:00,321,4.000000000132786,3.3753813085125004,0,0,0
2025-10-08 16:45:00+00:00,321,3.999999999905413,3.458224539122113,0,0,0
2025-10-08 17:00:00+00:00,321,4.000000000132786,3.5427112030506174,0,0,0
2025-10-08 17:15:00+00:00,321,3.999999999905413,3.561813731230818,0,0,0
2025-10-08 17:30:00+00:00,321,3.999999999905413,3.6271499856371694,0,0,0
2025-10-08 17:45:00+00:00,321,5.000000000109139,3.643115672980688,0,0,0
2025-10-08 18:00:00+00:00,321,3.999999999905413,3.7305174380975306,0,0,0
2025-10-08 18:15:00+00:00,321,4.000000000132786,3.817640856859053,0,0,0
2025-10-08 18:30:00+00:00,321,3.999999999905413,3.885724519591232,0,0,0
2025-10-08 18:45:00+00:00,321,5.000000000109139,3.853260320754079,0,0,0
2025-10-08 19:00:00+00:00,321,3.999999999905413,3.862837238138455,0,0,0
2025-10-08 19:15:00+00:00,321,4.000000000132786,3.863362166193779,0,0,0
2025-10-08 19:30:00+00:00,321,3.999999999905413,3.871900044035719,0,0,0
2025-10-08 19:45:00+00:00,321,3.999999999905413,3.807028721786342,0,0,0
2025-10-08 20:00:00+00:00,321,4.000000000132786,3.740706699435997,0,0,0
2025-10-08 20:15:00+00:00,321,4.999999999881766,3.66667913416762,0,0,0
2025-10-08 20:30:00+00:00,321,4.000000000132786,3.7395022565379854,0,0,0
2025-10-08 20:45:00+00:00,321,4.999999999881766,3.814072939723898,0,0,0
2025-10-08 21:00:00+00:00,321,5.000000000109139,3.673461446933538,0,0,0
2025-10-08 21:15:00+00:00,321,2.9999999999290594,3.4395721604556653,0,0,0
2025-10-08 21:30:00+00:00,321,2.9999999999290594,3.00859609551551,0,0,0
2025-10-08 21:45:00+00:00,321,1.0000000002037268,2.532849966304412,0,0,0
2025-10-08 22:00:00+00:00,321,1.9999999999527065,2.139224665167281,0,0,0
2025-10-08 22:15:00+00:00,321,2.9999999999290594,2.1121218065300456,0,0,0
2025-10-08 22:30:00+00:00,321,1.9999999999527065,2.211988440633392,0,0,0
2025-10-08 22:45:00+00:00,321,3.000000000156433,2.259145216735521,0,0,0
2025-10-08 23:00:00+00:00,321,2.9999999999290594,2.352933516387408,0,0,0
2025-10-08 23:15:00+00:00,321,2.9999999999290594,2.4082327165976487,0,0,0
2025-10-08 23:30:00+00:00,321,3.000000000156433,2.465034842905708,0,0,0
2025-10-08 23:45:00+00:00,321,1.9999999999527065,2.482955877340121,0,0,0
2025-10-09 00:00:00+00:00,321,2.9999999999290594,2.5019491942366088,0,0,0
2025-10-09 00:15:00+00:00,321,1.9999999999527065,2.521412094414403,0,0,0
2025-10-09 00:30:00+00:00,321,3.000000000156433,2.4428976544031995,0,0,0
2025-10-09 00:45:00+00:00,321,2.9999999999290594,2.464078514054865,0,0,0
2025-10-09 01:00:00+00:00,321,1.9999999999527065,2.568622232253044,0,0,0
2025-10-09 01:15:00+00:00,321,2.9999999999290594,2.545403819592072,0,0,0
2025-10-09 01:30:00+00:00,321,2.00000000018008,2.500471362577042,0,0,0
2025-10-09 01:45:00+00:00,321,2.9999999999290594,2.449385143574888,0,0,0
2025-10-09 02:00:00+00:00,321,2.9999999999290594,2.498894018489925,0,0,0
2025-10-09 02:15:00+00:00,321,1.9999999999527065,2.6072447360359705,0,0,0
2025-10-09 02:30:00+00:00,321,3.000000000156433,2.5897130980571865,0,0,0
2025-10-09 02:45:00+00:00,321,1.9999999999527065,2.5517169456841846,0,0,0
2025-10-09 03:00:00+00:00,321,2.9999999999290594,2.4953150323999664,0,0,0
2025-10-09 03:15:00+00:00,321,3.000000000156433,2.5308561122306825,0,0,0
2025-10-09 03:30:00+00:00,321,1.9999999999527065,2.5904254051291686,0,0,0
2025-10-09 03:45:00+00:00,321,2.9999999999290594,2.546766130303136,0,0,0
2025-10-09 04:00:00+00:00,321,1.9999999999527065,2.530559738261676,0,0,0
2025-10-09 04:15:00+00:00,321,3.000000000156433,2.5865875425066718,0,0,0
2025-10-09 04:30:00+00:00,321,2.9999999999290594,2.712076174948587,0,0,0
2025-10-09 04:45:00+00:00,321,1.9999999999527065,2.7839413099276515,0,0,0
2025-10-09 05:00:00+00:00,321,2.9999999999290594,2.749412083997933,0,0,0
2025-10-09 05:15:00+00:00,321,5.000000000109139,2.8881008957333982,0,0,0
2025-10-09 05:30:00+00:00,321,4.999999999881766,3.785001069064593,0,0,0
2025-10-09 05:45:00+00:00,321,3.000000000156433,4.13025979700032,0,0,0
2025-10-09 06:00:00+00:00,321,2.9999999999290594,3.4695240310494646,0,0,0
2025-10-09 06:15:00+00:00,321,14.000000000123691,3.813112680853272,0,0,0
2025-10-09 06:30:00+00:00,321,12.999999999919964,9.590816483162293,0,0,0
2025-10-09 06:45:00+00:00,321,9.999999999990903,7.113959372497392,0,0,0
2025-10-09 07:00:00+00:00,321,7.000000000061846,6.552336902729152,0,0,0
2025-10-09 07:15:00+00:00,321,3.999999999905413,5.336799811255855,0,0,0
2025-10-09 07:30:00+00:00,321,5.000000000109139,4.662822907273154,0,0,0
2025-10-09 07:45:00+00:00,321,2.9999999999290594,4.222602858918185,0,0,0
2025-10-09 08:00:00+00:00,321,6.0000000000854925,4.190312157835151,0,0,0
2025-10-09 08:15:00+00:00,321,5.999999999858119,5.004544905845403,0,0,0
2025-10-09 08:30:00+00:00,321,4.000000000132786,4.718616568871589,0,0,0
2025-10-09 08:45:00+00:00,321,4.999999999881766,4.332854335940883,0,0,0
2025-10-09 09:00:00+00:00,321,4.000000000132786,4.136896266371513,0,0,0
2025-10-09 09:15:00+00:00,321,3.999999999905413,4.1133460013978,0,0,0
2025-10-09 09:30:00+00:00,321,3.999999999905413,4.145143466970372,0,0,0
2025-10-09 09:45:00+00:00,321,4.000000000132786,4.037916194254043,0,0,0
2025-10-09 10:00:00+00:00,321,5.999999999858119,4.066453942775045,0,0,0
2025-10-09 10:15:00+00:00,321,5.000000000109139,4.439441159653384,0,0,0
2025-10-09 10:30:00+00:00,321,4.999999999881766,4.370393163809886,0,0,0
2025-10-09 10:45:00+00:00,321,5.000000000109139,4.2777682221244175,0,0,0
2025-10-09 11:00:00+00:00,321,3.999999999905413,4.193165712750363,0,0,0
2025-10-09 11:15:00+00:00,321,4.000000000132786,4.06861873468175,0,0,0
2025-10-09 11:30:00+00:00,321,3.999999999905413,3.950737142276684,0,0,0
2025-10-09 11:45:00+00:00,321,3.000000000156433,3.874769499306203,0,0,0
2025-10-09 12:00:00+00:00,321,3.999999999905413,3.8479323676947073,0,0,0
2025-10-09 12:15:00+00:00,321,2.9999999999290594,3.7488751914735,0,0,0
2025-10-09 12:30:00+00:00,321,4.000000000132786,3.6378591813819696,0,0,0
2025-10-09 12:45:00+00:00,321,3.999999999905413,3.5126399535989856,0,0,0
2025-10-09 13:00:00+00:00,321,3.999999999905413,3.508531857047327,0,0,0
2025-10-09 13:15:00+00:00,321,3.000000000156433,3.5604627058059224,0,0,0
2025-10-09 13:30:00+00:00,321,3.999999999905413,3.5266437318002257,0,0,0
2025-10-09 13:45:00+00:00,321,4.000000000132786,3.6060872789656058,0,0,0
2025-10-09 14:00:00+00:00,321,3.999999999905413,3.760932618363074,0,0,0
2025-10-09 14:15:00+00:00,321,3.999999999905413,3.772180929895169,0,0,0
2025-10-09 14:30:00+00:00,321,4.000000000132786,3.793607307617632,0,0,0
2025-10-09 14:45:00+00:00,321,3.999999999905413,3.787473051508517,0,0,0
2025-10-09 15:00:00+00:00,321,4.000000000132786,3.774622716086168,0,0,0
2025-10-09 15:15:00+00:00,321,3.999999999905413,3.7524126058862977,0,0,0
2025-10-09 15:30:00+00:00,321,4.000000000132786,3.7829380971199886,0,0,0
2025-10-09 15:45:00+00:00,321,3.999999999905413,3.804975953471085,0,0,0
2025-10-09 16:00:00+00:00,321,2.9999999999290594,3.8252610570538943,0,0,0
2025-10-09 16:15:00+00:00,321,4.000000000132786,3.783889846956955,0,0,0
2025-10-09 16:30:00+00:00,321,3.999999999905413,3.8004695187674087,0,0,0
2025-10-09 16:45:00+00:00,321,4.000000000132786,3.789701516946763,0,0,0
2025-10-09 17:00:00+00:00,321,3.999999999905413,3.771336967160434,0,0,0
2025-10-09 17:15:00+00:00,321,3.999999999905413,3.755638340886069,0,0,0
2025-10-09 17:30:00+00:00,321,4.000000000132786,3.761724535377096,0,0,0
2025-10-09 17:45:00+00:00,321,2.9999999999290594,3.7647615753444095,0,0,0
2025-10-09 18:00:00+00:00,321,4.000000000132786,3.730493461371328,0,0,0
2025-10-09 18:15:00+00:00,321,3.999999999905413,3.7869931564321817,0,0,0
2025-10-09 18:30:00+00:00,321,4.999999999881766,3.813032241641002,0,0,0
2025-10-09 18:45:00+00:00,321,4.000000000132786,3.8319694205484702,0,0,0
2025-10-09 19:00:00+00:00,321,4.999999999881766,3.849684002750945,0,0,0
2025-10-09 19:15:00+00:00,321,5.000000000109139,3.9358372474543137,0,0,0
2025-10-09 19:30:00+00:00,321,6.0000000000854925,4.07152914869053,0,0,0
2025-10-09 19:45:00+00:00,321,3.999999999905413,4.149166509240657,0,0,0
2025-10-09 20:00:00+00:00,321,3.999999999905413,4.089117681818109,0,0,0
2025-10-09 20:15:00+00:00,321,4.000000000132786,3.867855188352873,0,0,0
2025-10-09 20:30:00+00:00,321,4.999999999881766,3.7625807929443646,0,0,0
2025-10-09 20:45:00+00:00,321,4.000000000132786,3.837032475852332,0,0,0
2025-10-09 21:00:00+00:00,321,4.999999999881766,3.701650541405841,0,0,0
2025-10-09 21:15:00+00:00,321,3.000000000156433,3.303630396493753,0,0,0
2025-10-09 21:30:00+00:00,321,1.9999999999527065,2.574097146419188,0,0,0
2025-10-09 22:00:00+00:00,321,1.9999999999527065,1.8244749331987224,0,0,0
2025-10-09 22:15:00+00:00,321,1.9999999999527065,1.6546323138097496,0,0,0
2025-10-09 22:30:00+00:00,321,3.000000000156433,2.0974265611782448,0,0,0
2025-10-09 22:45:00+00:00,321,2.9999999999290594,2.2958566492467662,0,0,0
2025-10-09 23:00:00+00:00,321,1.9999999999527065,2.3735784511394007,0,0,0
2025-10-09 23:15:00+00:00,321,2.9999999999290594,2.464446565815889,0,0,0
2025-10-09 23:30:00+00:00,321,2.00000000018008,2.497296050812752,0,0,0
2025-10-09 23:45:00+00:00,321,2.9999999999290594,2.4437531728383077,0,0,0
2025-10-10 00:00:00+00:00,321,1.9999999999527065,2.468771174007923,0,0,0
2025-10-10 00:15:00+00:00,321,2.9999999999290594,2.465757678104083,0,0,0
2025-10-10 00:30:00+00:00,321,2.00000000018008,2.528160767653182,0,0,0
2025-10-10 00:45:00+00:00,321,2.9999999999290594,2.505656681156925,0,0,0
2025-10-10 01:00:00+00:00,321,1.9999999999527065,2.526546935675964,0,0,0
2025-10-10 01:15:00+00:00,321,2.9999999999290594,2.5454958325323283,0,0,0
2025-10-10 01:30:00+00:00,321,2.00000000018008,2.5081296370919883,0,0,0
2025-10-10 01:45:00+00:00,321,2.9999999999290594,2.45647374549734,0,0,0
2025-10-10 02:00:00+00:00,321,1.9999999999527065,2.4831619690197853,0,0,0
2025-10-10 02:15:00+00:00,321,3.000000000156433,2.568272063884797,0,0,0
2025-10-10 02:30:00+00:00,321,1.9999999999527065,2.595846813337891,0,0,0
2025-10-10 02:45:00+00:00,321,2.9999999999290594,2.5520818245852,0,0,0
2025-10-10 03:00:00+00:00,321,1.9999999999527065,2.526474825221218,0,0,0
2025-10-10 03:15:00+00:00,321,3.000000000156433,2.6010593896696683,0,0,0
2025-10-10 03:30:00+00:00,321,1.9999999999527065,2.6477005760203625,0,0,0
2025-10-10 03:45:00+00:00,321,2.9999999999290594,2.5614051295002342,0,0,0
2025-10-10 04:00:00+00:00,321,2.9999999999290594,2.5169250934782808,0,0,0
2025-10-10 04:15:00+00:00,321,2.00000000018008,2.671242043518597,0,0,0
2025-10-10 04:30:00+00:00,321,2.9999999999290594,2.7909598204880908,0,0,0
2025-10-10 04:45:00+00:00,321,1.9999999999527065,2.775232530307964,0,0,0
2025-10-10 05:00:00+00:00,321,2.9999999999290594,2.677692467916546,0,0,0
2025-10-10 05:15:00+00:00,321,5.000000000109139,2.796455502465201,0,0,0
2025-10-10 05:30:00+00:00,321,3.999999999905413,3.64218699848924,0,0,0
2025-10-10 05:45:00+00:00,321,4.000000000132786,3.543794013639085,0,0,0
2025-10-10 06:00:00+00:00,321,2.9999999999290594,3.3593422127260517,0,0,0
2025-10-10 06:15:00+00:00,321,12.999999999919964,3.5950884876345457,0,0,0
2025-10-10 06:30:00+00:00,321,13.000000000147338,9.10229930397384,0,0,0
2025-10-10 06:45:00+00:00,321,9.999999999990903,7.065114634870567,0,0,0
2025-10-10 07:00:00+00:00,321,5.999999999858119,6.00089671761288,0,0,0
2025-10-10 07:15:00+00:00,321,5.000000000109139,4.832836212108511,0,0,0
2025-10-10 07:30:00+00:00,321,3.999999999905413,4.209389916074146,0,0,0
2025-10-10 07:45:00+00:00,321,4.000000000132786,4.057173723856721,0,0,0
2025-10-10 08:00:00+00:00,321,3.999999999905413,4.023701817469718,0,0,0
2025-10-10 08:15:00+00:00,321,5.000000000109139,4.311455270053155,0,0,0
2025-10-10 08:30:00+00:00,321,3.999999999905413,4.110622605853404,0,0,0
2025-10-10 08:45:00+00:00,321,4.000000000132786,3.986679913395563,0,0,0
2025-10-10 09:00:00+00:00,321,3.999999999905413,3.8707524422036617,0,0,0
2025-10-10 09:15:00+00:00,321,3.999999999905413,3.901604107051783,0,0,0
2025-10-10 09:30:00+00:00,321,4.000000000132786,3.9097607729747073,0,0,0
2025-10-10 09:45:00+00:00,321,4.999999999881766,3.810246073945749,0,0,0
2025-10-10 10:00:00+00:00,321,4.000000000132786,3.8218263639838814,0,0,0
2025-10-10 10:15:00+00:00,321,4.999999999881766,3.9199311233464167,0,0,0
2025-10-10 10:30:00+00:00,321,4.000000000132786,3.905039232784524,0,0,0
2025-10-10 10:45:00+00:00,321,3.999999999905413,3.837699930221461,0,0,0
2025-10-10 11:00:00+00:00,321,4.000000000132786,3.761745789933632,0,0,0
2025-10-10 11:15:00+00:00,321,4.999999999881766,3.7391605791757856,0,0,0
2025-10-10 11:30:00+00:00,321,3.999999999905413,3.848331282730362,0,0,0
2025-10-10 11:45:00+00:00,321,3.000000000156433,3.871705309752677,0,0,0
2025-10-10 12:00:00+00:00,321,3.999999999905413,3.7665202411699856,0,0,0
2025-10-10 12:15:00+00:00,321,4.000000000132786,3.735368957382394,0,0,0
2025-10-10 12:30:00+00:00,321,2.9999999999290594,3.657957014113804,0,0,0
2025-10-10 12:45:00+00:00,321,2.9999999999290594,3.5369356964538645,0,0,0
2025-10-10 13:00:00+00:00,321,4.000000000132786,3.3495573287901874,0,0,0
2025-10-10 13:15:00+00:00,321,3.999999999905413,3.2472204068386032,0,0,0
2025-10-10 13:30:00+00:00,321,2.9999999999290594,3.170055369767064,0,0,0
2025-10-10 13:45:00+00:00,321,3.000000000156433,3.124845864384899,0,0,0
2025-10-10 14:00:00+00:00,321,2.9999999999290594,3.153277935034469,0,0,0
2025-10-10 14:15:00+00:00,321,2.9999999999290594,3.161993565147358,0,0,0
2025-10-10 14:30:00+00:00,321,3.000000000156433,3.1226223385128025,0,0,0
2025-10-10 14:45:00+00:00,321,2.9999999999290594,3.077535997787344,0,0,0
2025-10-10 15:00:00+00:00,321,2.9999999999290594,3.0635058992701216,0,0,0
2025-10-10 15:15:00+00:00,321,0.9999999999763532,3.018343193573087,0,0,0
2025-10-10 15:30:00+00:00,321,3.000000000156433,2.7929812207555336,0,0,0
2025-10-10 15:45:00+00:00,321,1.9999999999527065,2.670270571472257,0,0,0
2025-10-10 16:00:00+00:00,321,2.9999999999290594,2.635282578829444,0,0,0
2025-10-10 16:15:00+00:00,321,1.9999999999527065,2.6647192202240824,0,0,0
2025-10-10 16:30:00+00:00,321,2.00000000018008,2.6234870390838942,0,0,0
2025-10-10 16:45:00+00:00,321,4.999999999881766,2.589060931104463,0,0,0
2025-10-10 17:00:00+00:00,321,7.000000000061846,2.5185268108991017,0,0,0
2025-10-10 17:15:00+00:00,321,4.999999999881766,3.62936042346173,0,0,0
2025-10-10 17:30:00+00:00,321,4.000000000132786,4.226193815343632,0,0,0
2025-10-10 17:45:00+00:00,321,3.999999999905413,3.706799011543349,0,0,0
2025-10-10 18:00:00+00:00,321,3.000000000156433,3.7406617565950766,0,0,0
2025-10-10 18:15:00+00:00,321,3.999999999905413,3.726694826836212,0,0,0
2025-10-10 18:30:00+00:00,321,3.999999999905413,3.889691784424772,0,0,0
2025-10-10 18:45:00+00:00,321,4.000000000132786,3.955555562862819,0,0,0
2025-10-10 19:00:00+00:00,321,3.999999999905413,3.9418623643901705,0,0,0
2025-10-10 19:15:00+00:00,321,4.000000000132786,3.911101666880711,0,0,0
2025-10-10 19:30:00+00:00,321,3.999999999905413,3.910016080039736,0,0,0
2025-10-10 19:45:00+00:00,321,5.000000000109139,3.886037875572332,0,0,0
2025-10-10 20:00:00+00:00,321,3.999999999905413,3.933822120796434,0,0,0
2025-10-10 20:15:00+00:00,321,3.999999999905413,3.836666010521312,0,0,0
2025-10-10 20:30:00+00:00,321,5.000000000109139,3.7832611880124793,0,0,0
2025-10-10 20:45:00+00:00,321,3.999999999905413,4.025599187754997,0,0,0
2025-10-10 21:00:00+00:00,321,4.000000000132786,3.840873727666202,0,0,0
2025-10-10 21:15:00+00:00,321,2.9999999999290594,3.3118208461647263,0,0,0
2025-10-10 21:30:00+00:00,321,2.9999999999290594,2.608563636253277,0,0,0
2025-10-10 21:45:00+00:00,321,0.9999999999763532,2.5067932861446334,0,0,0
2025-10-10 22:00:00+00:00,321,2.00000000018008,1.9327242634453945,0,0,0
2025-10-10 22:15:00+00:00,321,1.9999999999527065,1.8036295313825352,0,0,0
2025-10-10 22:30:00+00:00,321,2.9999999999290594,2.048280978734218,0,0,0
2025-10-10 22:45:00+00:00,321,2.9999999999290594,2.2222145684418475,0,0,0
2025-10-10 23:00:00+00:00,321,2.00000000018008,2.3231705030745884,0,0,0
2025-10-10 23:15:00+00:00,321,2.9999999999290594,2.357611610028607,0,0,0
2025-10-10 23:30:00+00:00,321,2.9999999999290594,2.332361845857437,0,0,0
2025-10-10 23:45:00+00:00,321,2.00000000018008,2.345349804082669,0,0,0
2025-10-11 00:00:00+00:00,321,2.9999999999290594,2.3736280631322657,0,0,0
2025-10-11 00:15:00+00:00,321,1.9999999999527065,2.306873107639239,0,0,0
2025-10-11 00:30:00+00:00,321,2.9999999999290594,2.3095853260631496,0,0,0
2025-10-11 00:45:00+00:00,321,3.000000000156433,2.3324744823877506,0,0,0
2025-10-11 01:00:00+00:00,321,1.9999999999527065,2.3900205001469708,0,0,0
2025-10-11 01:15:00+00:00,321,2.9999999999290594,2.475615033046967,0,0,0
2025-10-11 01:30:00+00:00,321,1.9999999999527065,2.4879297680666888,0,0,0
2025-10-11 01:45:00+00:00,321,3.000000000156433,2.373658349523259,0,0,0
2025-10-11 02:00:00+00:00,321,1.9999999999527065,2.363005327822707,0,0,0
2025-10-11 03:45:00+00:00,321,2.9999999999290594,2.4056249141122104,0,0,0
2025-10-11 04:00:00+00:00,321,1.9999999999527065,2.470249726772037,0,0,0
2025-10-11 04:15:00+00:00,321,2.9999999999290594,2.495820670908646,0,0,0
2025-10-11 04:30:00+00:00,321,2.00000000018008,2.5049178374375964,0,0,0
2025-10-11 04:45:00+00:00,321,2.9999999999290594,2.5320818457404566,0,0,0
2025-10-11 05:00:00+00:00,321,2.9999999999290594,2.576660096201774,0,0,0
2025-10-11 05:15:00+00:00,321,4.000000000132786,2.7068128328566683,0,0,0
2025-10-11 05:30:00+00:00,321,3.999999999905413,2.960624615495659,0,0,0
2025-10-11 05:45:00+00:00,321,4.000000000132786,3.221411570311787,0,0,0
2025-10-11 06:00:00+00:00,321,2.9999999999290594,3.190598124004681,0,0,0
2025-10-11 06:15:00+00:00,321,2.9999999999290594,3.269347427766993,0,0,0
2025-10-11 06:30:00+00:00,321,1.9999999999527065,3.2665771604270115,0,0,0
2025-10-11 06:45:00+00:00,321,3.000000000156433,3.1368754746665544,0,0,0
2025-10-11 07:00:00+00:00,321,2.9999999999290594,3.0502910815542585,0,0,0
2025-10-11 07:15:00+00:00,321,2.9999999999290594,3.1862282304470666,0,0,0
2025-10-11 07:30:00+00:00,321,3.000000000156433,3.198962143540228,0,0,0
2025-10-11 07:45:00+00:00,321,11.999999999943611,3.18497451808085,0,0,0
2025-10-11 08:00:00+00:00,321,10.999999999967258,6.908970117465167,0,0,0
2025-10-11 08:15:00+00:00,321,6.0000000000854925,6.453213871635148,0,0,0
2025-10-11 08:30:00+00:00,321,5.999999999858119,4.580793875808079,0,0,0
2025-10-11 08:45:00+00:00,321,4.000000000132786,4.122516504259227,0,0,0
2025-10-11 09:00:00+00:00,321,3.999999999905413,3.938304001890269,0,0,0
2025-10-11 09:15:00+00:00,321,2.9999999999290594,3.8553198674520814,0,0,0
2025-10-11 09:30:00+00:00,321,4.000000000132786,3.504885267406044,0,0,0
2025-10-11 09:45:00+00:00,321,3.999999999905413,3.6759347634208734,0,0,0
2025-10-11 10:00:00+00:00,321,3.000000000156433,3.5248797658562263,0,0,0
2025-10-11 10:15:00+00:00,321,3.999999999905413,3.296041131683999,0,0,0
2025-10-11 10:30:00+00:00,321,3.999999999905413,3.4249011442166597,0,0,0
2025-10-11 10:45:00+00:00,321,4.000000000132786,3.4075401195738046,0,0,0
2025-10-11 11:00:00+00:00,321,3.999999999905413,3.369547140060812,0,0,0
2025-10-11 11:15:00+00:00,321,2.9999999999290594,3.331290380504357,0,0,0
2025-10-11 11:30:00+00:00,321,4.000000000132786,3.332258463359324,0,0,0
2025-10-11 11:45:00+00:00,321,3.999999999905413,3.3331817656218927,0,0,0
2025-10-11 12:00:00+00:00,321,4.000000000132786,3.288442636736037,0,0,0
2025-10-11 12:15:00+00:00,321,3.999999999905413,3.241909111294279,0,0,0
2025-10-11 12:30:00+00:00,321,4.000000000132786,3.2598444957091863,0,0,0
2025-10-11 12:45:00+00:00,321,2.9999999999290594,3.355542640755024,0,0,0
2025-10-11 13:00:00+00:00,321,3.999999999905413,3.3649444739552767,0,0,0
2025-10-11 13:15:00+00:00,321,4.000000000132786,3.3679997218124145,0,0,0
2025-10-11 13:30:00+00:00,321,3.999999999905413,3.46851062677369,0,0,0
2025-10-11 13:45:00+00:00,321,4.000000000132786,3.619308226070122,0,0,0
2025-10-11 14:00:00+00:00,321,3.999999999905413,3.631941220581866,0,0,0
2025-10-11 14:15:00+00:00,321,3.999999999905413,3.611951048758968,0,0,0
2025-10-11 14:30:00+00:00,321,4.000000000132786,3.592276648617404,0,0,0
2025-10-11 14:45:00+00:00,321,3.999999999905413,3.590270607876821,0,0,0
2025-10-11 15:00:00+00:00,321,4.000000000132786,3.625958071930672,0,0,0
2025-10-11 15:15:00+00:00,321,2.9999999999290594,3.6179420574497296,0,0,0
2025-10-11 15:30:00+00:00,321,3.999999999905413,3.555246668172317,0,0,0
2025-10-11 15:45:00+00:00,321,4.000000000132786,3.564678391156062,0,0,0
2025-10-11 16:00:00+00:00,321,3.999999999905413,3.5632905893992457,0,0,0
2025-10-11 16:15:00+00:00,321,4.000000000132786,3.5374512140948444,0,0,0
2025-10-11 16:30:00+00:00,321,3.999999999905413,3.5141493696377317,0,0,0
2025-10-11 16:45:00+00:00,321,2.9999999999290594,3.530483541405001,0,0,0
2025-10-11 17:00:00+00:00,321,4.000000000132786,3.512956230053502,0,0,0
2025-10-11 17:15:00+00:00,321,3.999999999905413,3.526918941350764,0,0,0
2025-10-11 17:30:00+00:00,321,5.000000000109139,3.587300883019012,0,0,0
2025-10-11 17:45:00+00:00,321,2.9999999999290594,3.663751017042199,0,0,0
2025-10-11 18:00:00+00:00,321,3.999999999905413,3.6080096715786825,0,0,0
2025-10-11 18:15:00+00:00,321,3.000000000156433,3.5894005952403094,0,0,0
2025-10-11 19:30:00+00:00,321,2.9999999999290594,3.531756543317862,0,0,0
2025-10-11 19:45:00+00:00,321,2.9999999999290594,3.4560236559328072,0,0,0
2025-10-11 20:00:00+00:00,321,2.00000000018008,3.39895248551809,0,0,0
2025-10-11 20:15:00+00:00,321,2.9999999999290594,2.8913479574001606,0,0,0
2025-10-11 20:30:00+00:00,321,2.9999999999290594,2.658839766406813,0,0,0
2025-10-11 20:45:00+00:00,321,3.000000000156433,2.613117267249584,0,0,0
2025-10-11 21:00:00+00:00,321,1.9999999999527065,2.601338457129536,0,0,0
2025-10-11 21:15:00+00:00,321,1.9999999999527065,2.3440763334518526,0,0,0
2025-10-11 21:30:00+00:00,321,0.9999999999763532,2.257912993284819,0,0,0
2025-10-11 21:45:00+00:00,321,1.9999999999527065,2.2336726312591857,0,0,0
2025-10-11 22:00:00+00:00,321,2.00000000018008,2.2323596440991684,0,0,0
2025-10-11 22:15:00+00:00,321,1.9999999999527065,2.2147649815829364,0,0,0
2025-10-11 22:30:00+00:00,321,2.9999999999290594,2.2242123164801337,0,0,0
2025-10-11 22:45:00+00:00,321,2.9999999999290594,2.177945094947753,0,0,0
2025-10-11 23:00:00+00:00,321,3.000000000156433,2.1999405142962307,0,0,0
2025-10-11 23:15:00+00:00,321,1.9999999999527065,2.2752229637257138,0,0,0
2025-10-11 23:30:00+00:00,321,2.9999999999290594,2.2912479258630327,0,0,0
2025-10-11 23:45:00+00:00,321,3.000000000156433,2.294488281257504,0,0,0
2025-10-12 00:00:00+00:00,321,1.9999999999527065,2.3971075156394184,0,0,0
2025-10-12 00:15:00+00:00,321,2.9999999999290594,2.43590755536193,0,0,0
2025-10-12 00:30:00+00:00,321,1.9999999999527065,2.428106934809315,0,0,0
2025-10-12 00:45:00+00:00,321,3.000000000156433,2.4077184248344,0,0,0
2025-10-12 01:00:00+00:00,321,2.9999999999290594,2.374400510323506,0,0,0
2025-10-12 01:15:00+00:00,321,1.9999999999527065,2.3983819958166013,0,0,0
2025-10-12 01:30:00+00:00,321,2.9999999999290594,2.464193313898821,0,0,0
2025-10-12 01:45:00+00:00,321,2.00000000018008,2.4720236439587917,0,0,0
2025-10-12 02:00:00+00:00,321,2.9999999999290594,2.4846539343284824,0,0,0
2025-10-12 02:15:00+00:00,321,2.9999999999290594,2.496091806218492,0,0,0
2025-10-12 02:30:00+00:00,321,1.9999999999527065,2.605357605435265,0,0,0
2025-10-12 02:45:00+00:00,321,3.000000000156433,2.557835085106664,0,0,0
2025-10-12 03:00:00+00:00,321,1.9999999999527065,2.500234119180927,0,0,0
2025-10-12 03:15:00+00:00,321,2.9999999999290594,2.478164281843151,0,0,0
2025-10-12 03:30:00+00:00,321,1.9999999999527065,2.4661512569660875,0,0,0
2025-10-12 03:45:00+00:00,321,3.000000000156433,2.524176232365731,0,0,0
2025-10-12 04:00:00+00:00,321,2.9999999999290594,2.4842224253672818,0,0,0
2025-10-12 04:15:00+00:00,321,1.9999999999527065,2.595956421229105,0,0,0
2025-10-12 06:45:00+00:00,321,3.000000000156433,2.689635978315235,0,0,0
2025-10-12 07:00:00+00:00,321,1.9999999999527065,2.7652887870402942,0,0,0
2025-10-12 07:15:00+00:00,321,2.9999999999290594,2.9468948570224542,0,0,0
2025-10-12 07:30:00+00:00,321,2.9999999999290594,2.9504067803895,0,0,0
2025-10-12 07:45:00+00:00,321,3.000000000156433,2.9121874461590584,0,0,0
2025-10-12 08:00:00+00:00,321,1.9999999999527065,3.136711711823826,0,0,0
2025-10-12 08:15:00+00:00,321,2.9999999999290594,3.124001595180731,0,0,0
2025-10-12 08:30:00+00:00,321,3.000000000156433,2.951205259454903,0,0,0
2025-10-12 08:45:00+00:00,321,2.9999999999290594,2.8090955998567377,0,0,0
2025-10-12 09:00:00+00:00,321,2.9999999999290594,2.7162802144602853,0,0,0
2025-10-12 09:15:00+00:00,321,1.9999999999527065,2.6666904316150224,0,0,0
2025-10-12 09:30:00+00:00,321,3.000000000156433,2.569710234794253,0,0,0
2025-10-12 09:45:00+00:00,321,2.9999999999290594,2.5050006202396453,0,0,0
2025-10-12 10:00:00+00:00,321,1.9999999999527065,2.507043942085331,0,0,0
2025-10-12 10:15:00+00:00,321,2.00000000018008,2.544098331919349,0,0,0
2025-10-12 10:30:00+00:00,321,2.9999999999290594,2.504685641773314,0,0,0
2025-10-12 10:45:00+00:00,321,2.9999999999290594,2.4873012533431216,0,0,0
2025-10-12 11:00:00+00:00,321,1.9999999999527065,2.4735096962102,0,0,0
2025-10-12 11:15:00+00:00,321,3.000000000156433,2.446157623841361,0,0,0
2025-10-12 11:30:00+00:00,321,1.9999999999527065,2.3753624637898194,0,0,0
2025-10-12 11:45:00+00:00,321,2.9999999999290594,2.4496823828693515,0,0,0
2025-10-12 12:00:00+00:00,321,2.9999999999290594,2.4198546143681696,0,0,0
2025-10-12 12:15:00+00:00,321,2.00000000018008,2.401201370376265,0,0,0
2025-10-12 12:30:00+00:00,321,2.9999999999290594,2.461943467710742,0,0,0
2025-10-12 12:45:00+00:00,321,1.9999999999527065,2.4053050321349563,0,0,0
2025-10-12 13:00:00+00:00,321,3.000000000156433,2.20831946069591,0,0,0
2025-10-12 13:15:00+00:00,321,1.9999999999527065,2.1801063894974035,0,0,0
2025-10-12 13:30:00+00:00,321,1.9999999999527065,2.2851857441534364,0,0,0
2025-10-12 13:45:00+00:00,321,2.9999999999290594,2.2842396549871675,0,0,0
2025-10-12 14:00:00+00:00,321,3.000000000156433,2.277087451643629,0,0,0
2025-10-12 14:15:00+00:00,321,2.9999999999290594,2.283573210164404,0,0,0
2025-10-12 14:30:00+00:00,321,1.9999999999527065,2.3793643055864093,0,0,0
2025-10-12 14:45:00+00:00,321,2.9999999999290594,2.6336598051558378,0,0,0
2025-10-12 15:00:00+00:00,321,2.00000000018008,2.687595829329558,0,0,0
2025-10-12 15:15:00+00:00,321,2.9999999999290594,2.5570793675409247,0,0,0
2025-10-12 15:30:00+00:00,321,1.9999999999527065,2.3813297481409696,0,0,0
2025-10-12 15:45:00+00:00,321,2.9999999999290594,2.3845750070463634,0,0,0
2025-10-12 16:00:00+00:00,321,3.000000000156433,2.409008048207079,0,0,0
2025-10-12 16:15:00+00:00,321,1.9999999999527065,2.4224162661625708,0,0,0
2025-10-12 16:30:00+00:00,321,2.9999999999290594,2.4513504419085383,0,0,0
2025-10-12 16:45:00+00:00,321,3.000000000156433,2.469142831291684,0,0,0
2025-10-12 17:00:00+00:00,321,2.9999999999290594,2.549174907933475,0,0,0
2025-10-12 17:15:00+00:00,321,1.9999999999527065,2.594603917539887,0,0,0
2025-10-12 17:30:00+00:00,321,2.9999999999290594,2.6779454313917954,0,0,0
2025-10-12 17:45:00+00:00,321,3.000000000156433,2.679061412789446,0,0,0
2025-10-12 18:00:00+00:00,321,2.9999999999290594,2.7419192308661744,0,0,0
2025-10-12 18:15:00+00:00,321,1.9999999999527065,2.749788644792617,0,0,0
2025-10-12 18:30:00+00:00,321,3.000000000156433,2.7242539001042907,0,0,0
2025-10-12 18:45:00+00:00,321,2.9999999999290594,2.698266301760159,0,0,0
2025-10-12 19:00:00+00:00,321,2.9999999999290594,2.695970449101952,0,0,0
2025-10-12 19:15:00+00:00,321,1.9999999999527065,2.710473015318671,0,0,0
2025-10-12 19:30:00+00:00,321,3.000000000156433,2.7091735849241463,0,0,0
2025-10-12 19:45:00+00:00,321,2.9999999999290594,2.644517043664231,0,0,0
2025-10-12 20:00:00+00:00,321,2.9999999999290594,2.615030790276728,0,0,0
2025-10-12 20:15:00+00:00,321,0.9999999999763532,2.504505365636449,0,0,0
2025-10-12 20:30:00+00:00,321,2.00000000018008,2.35504620849056,0,0,0
2025-10-12 20:45:00+00:00,321,1.9999999999527065,2.196926297287843,0,0,0
2025-10-12 21:00:00+00:00,321,1.9999999999527065,2.1262592054039304,0,0,0
2025-10-12 21:15:00+00:00,321,2.9999999999290594,1.8385350296651184,0,0,0
2025-10-12 21:30:00+00:00,321,2.00000000018008,2.1809246989378623,0,0,0
2025-10-12 21:45:00+00:00,321,2.9999999999290594,2.242357325986988,0,0,0
2025-10-12 22:00:00+00:00,321,2.9999999999290594,2.264708105656455,0,0,0
2025-10-12 22:15:00+00:00,321,3.000000000156433,2.275064032283453,0,0,0
2025-10-12 22:30:00+00:00,321,1.9999999999527065,2.269769105812356,0,0,0
2025-10-12 22:45:00+00:00,321,2.9999999999290594,2.322113796470739,0,0,0
2025-10-12 23:00:00+00:00,321,2.9999999999290594,2.320739948086916,0,0,0
2025-10-12 23:15:00+00:00,321,3.000000000156433,2.3450033854580683,0,0,0
2025-10-12 23:30:00+00:00,321,1.9999999999527065,2.39480373083119,0,0,0
2025-10-12 23:45:00+00:00,321,2.9999999999290594,2.4193509949522234,0,0,0
2025-10-13 00:00:00+00:00,321,2.9999999999290594,2.435278752196544,0,0,0
2025-10-13 00:15:00+00:00,321,2.00000000018008,2.497116063117705,0,0,0
2025-10-13 00:30:00+00:00,321,2.9999999999290594,2.5431632035422007,0,0,0
2025-10-13 00:45:00+00:00,321,2.9999999999290594,2.539823624161999,0,0,0
2025-10-13 01:00:00+00:00,321,2.00000000018008,2.544643775399048,0,0,0
2025-10-13 01:15:00+00:00,321,2.9999999999290594,2.527820983190418,0,0,0
2025-10-13 01:30:00+00:00,321,1.9999999999527065,2.530627810530956,0,0,0
2025-10-13 01:45:00+00:00,321,2.9999999999290594,2.570182414051931,0,0,0
2025-10-13 02:00:00+00:00,321,3.000000000156433,2.621527076923895,0,0,0
2025-10-13 02:15:00+00:00,321,1.9999999999527065,2.6638489912562067,0,0,0
2025-10-13 02:30:00+00:00,321,2.9999999999290594,2.6236099152987817,0,0,0
2025-10-13 02:45:00+00:00,321,2.9999999999290594,2.592565210763305,0,0,0
2025-10-13 03:00:00+00:00,321,3.000000000156433,2.572800312001034,0,0,0
2025-10-13 03:15:00+00:00,321,1.9999999999527065,2.6406801905881,0,0,0
2025-10-13 03:30:00+00:00,321,2.9999999999290594,2.626300212144449,0,0,0
2025-10-13 03:45:00+00:00,321,3.000000000156433,2.671280694722341,0,0,0
2025-10-13 04:00:00+00:00,321,1.9999999999527065,2.715708234333239,0,0,0
2025-10-13 04:15:00+00:00,321,2.9999999999290594,2.749142679339002,0,0,0
2025-10-13 04:30:00+00:00,321,2.9999999999290594,2.8158437683223334,0,0,0
2025-10-13 04:45:00+00:00,321,3.000000000156433,2.814276375477972,0,0,0
2025-10-13 05:00:00+00:00,321,1.9999999999527065,2.80421256830315,0,0,0
2025-10-13 05:15:00+00:00,321,15.000000000100044,2.828527276207627,0,0,0
2025-10-13 05:30:00+00:00,321,19.000000000005457,7.738842036679846,0,0,0
2025-10-13 05:45:00+00:00,321,7.999999999810825,7.917794225595985,0,0,0
2025-10-13 06:00:00+00:00,321,6.0000000000854925,5.854479035227272,0,0,0
2025-10-13 06:15:00+00:00,321,5.000000000109139,4.6810580548484415,0,0,0
2025-10-13 06:30:00+00:00,321,3.999999999905413,4.456934434870243,0,0,0
2025-10-13 06:45:00+00:00,321,8.000000000038199,4.170921872885286,0,0,0
2025-10-13 07:00:00+00:00,321,3.999999999905413,4.548239250460674,0,0,0
2025-10-13 07:15:00+00:00,321,4.000000000132786,4.804095292381263,0,0,0
2025-10-13 07:30:00+00:00,321,4.999999999881766,4.72865376728861,0,0,0
2025-10-13 07:45:00+00:00,321,5.000000000109139,4.560924561107337,0,0,0
2025-10-13 08:00:00+00:00,321,3.999999999905413,4.760932425925702,0,0,0
2025-10-13 08:15:00+00:00,321,5.000000000109139,5.02212110808522,0,0,0
2025-10-13 08:30:00+00:00,321,4.999999999881766,4.812589327066717,0,0,0
2025-10-13 08:45:00+00:00,321,5.000000000109139,4.646949809753531,0,0,0
2025-10-13 09:00:00+00:00,321,3.999999999905413,4.339214766491309,0,0,0
2025-10-13 09:15:00+00:00,321,6.0000000000854925,4.3387804452223735,0,0,0
2025-10-13 09:30:00+00:00,321,3.999999999905413,4.649855788969344,0,0,0
2025-10-13 09:45:00+00:00,321,5.000000000109139,4.314992143637543,0,0,0
2025-10-13 10:00:00+00:00,321,3.999999999905413,4.168939628594769,0,0,0
2025-10-13 10:15:00+00:00,321,5.000000000109139,4.366362549941852,0,0,0
2025-10-13 10:30:00+00:00,321,3.999999999905413,4.484169471971028,0,0,0
2025-10-13 10:45:00+00:00,321,4.999999999881766,4.281558996619966,0,0,0
2025-10-13 11:00:00+00:00,321,5.000000000109139,4.083963514954676,0,0,0
2025-10-13 11:15:00+00:00,321,4.999999999881766,4.23965287116972,0,0,0
2025-10-13 11:30:00+00:00,321,5.000000000109139,4.203991511100488,0,0,0
2025-10-13 11:45:00+00:00,321,3.999999999905413,4.277390147010183,0,0,0
2025-10-13 12:00:00+00:00,321,3.000000000156433,3.913798021004578,0,0,0
2025-10-13 12:15:00+00:00,321,3.999999999905413,3.730260616712952,0,0,0
2025-10-13 12:30:00+00:00,321,4.000000000132786,3.678455240145616,0,0,0
2025-10-13 12:45:00+00:00,321,3.999999999905413,3.7437486429142335,0,0,0
2025-10-13 13:00:00+00:00,321,5.000000000109139,3.736979382140625,0,0,0
2025-10-13 13:15:00+00:00,321,4.999999999881766,3.770872683997552,0,0,0
2025-10-13 13:30:00+00:00,321,3.999999999905413,3.8236045356874655,0,0,0
2025-10-13 13:45:00+00:00,321,5.000000000109139,3.836175983926085,0,0,0
2025-10-13 14:00:00+00:00,321,4.999999999881766,3.9213429739398906,0,0,0
2025-10-13 14:15:00+00:00,321,4.000000000132786,4.107320307578306,0,0,0
2025-10-13 14:30:00+00:00,321,3.999999999905413,4.101226325158167,0,0,0
2025-10-13 14:45:00+00:00,321,4.000000000132786,4.023542453364729,0,0,0
2025-10-13 15:00:00+00:00,321,4.999999999881766,3.9539315272562554,0,0,0
2025-10-13 15:15:00+00:00,321,4.000000000132786,3.9189955623065407,0,0,0
2025-10-13 15:30:00+00:00,321,3.999999999905413,3.848427550187449,0,0,0
2025-10-13 15:45:00+00:00,321,3.999999999905413,3.8100631297220575,0,0,0
2025-10-13 16:00:00+00:00,321,5.000000000109139,3.77373193563869,0,0,0
2025-10-13 16:15:00+00:00,321,5.000000000109139,3.799535399936628,0,0,0
2025-10-13 16:30:00+00:00,321,3.999999999905413,3.916643030830904,0,0,0
2025-10-13 16:45:00+00:00,321,3.999999999905413,3.877790602863019,0,0,0
2025-10-13 17:00:00+00:00,321,5.000000000109139,3.833737713119754,0,0,0
2025-10-13 17:15:00+00:00,321,3.999999999905413,3.8381862070730417,0,0,0
2025-10-13 17:30:00+00:00,321,5.000000000109139,3.85282603554037,0,0,0
2025-10-13 17:45:00+00:00,321,3.999999999905413,3.891788215620378,0,0,0
2025-10-13 18:00:00+00:00,321,5.000000000109139,3.903563239941553,0,0,0
2025-10-13 18:15:00+00:00,321,4.999999999881766,3.942133427589561,0,0,0
2025-10-13 18:30:00+00:00,321,4.000000000132786,4.0149369359162375,0,0,0
2025-10-13 18:45:00+00:00,321,3.999999999905413,3.979688552421336,0,0,0
2025-10-13 19:00:00+00:00,321,5.000000000109139,3.954912950545349,0,0,0
2025-10-13 19:15:00+00:00,321,4.999999999881766,3.962945225933836,0,0,0
2025-10-13 19:30:00+00:00,321,4.000000000132786,4.081429193022624,0,0,0
2025-10-13 19:45:00+00:00,321,3.999999999905413,3.999648005190512,0,0,0
2025-10-13 20:00:00+00:00,321,3.999999999905413,3.99032823368776,0,0,0
2025-10-13 20:15:00+00:00,321,5.000000000109139,3.8490596704337534,0,0,0
2025-10-13 20:30:00+00:00,321,3.999999999905413,3.816494084297226,0,0,0
2025-10-13 20:45:00+00:00,321,5.000000000109139,3.916111865221244,0,0,0
2025-10-13 21:00:00+00:00,321,3.999999999905413,3.850722970182927,0,0,0
2025-10-13 21:15:00+00:00,321,4.000000000132786,3.090941836097829,0,0,0
2025-10-13 21:30:00+00:00,321,1.9999999999527065,2.5992452348491657,0,0,0
2025-10-13 21:45:00+00:00,321,1.9999999999527065,2.4746377921642475,0,0,0
2025-10-13 22:00:00+00:00,321,1.9999999999527065,2.4079754264951143,0,0,0
2025-10-13 22:15:00+00:00,321,3.000000000156433,2.3679593160637644,0,0,0
2025-10-13 22:30:00+00:00,321,1.9999999999527065,2.3809795797727222,0,0,0
2025-10-13 22:45:00+00:00,321,2.9999999999290594,2.5504953945807856,0,0,0
2025-10-13 23:00:00+00:00,321,2.9999999999290594,2.801956953278692,0,0,0
2025-10-13 23:15:00+00:00,321,3.000000000156433,2.9799290168939216,0,0,0
2025-10-13 23:30:00+00:00,321,2.9999999999290594,2.9389660240813003,0,0,0
2025-10-13 23:45:00+00:00,321,1.9999999999527065,2.9285206804904167,0,0,0
2025-10-14 00:00:00+00:00,321,3.000000000156433,2.902793472998373,0,0,0
2025-10-14 00:15:00+00:00,321,2.9999999999290594,2.9723793407238226,0,0,0
2025-10-14 00:30:00+00:00,321,2.9999999999290594,2.815622966109901,0,0,0
2025-10-14 00:45:00+00:00,321,1.9999999999527065,2.801041727387054,0,0,0
2025-10-14 01:00:00+00:00,321,3.000000000156433,2.7475946120965125,0,0,0
2025-10-14 01:15:00+00:00,321,2.9999999999290594,2.8541459574652777,0,0,0
2025-10-14 01:30:00+00:00,321,2.9999999999290594,3.018772394999736,0,0,0
2025-10-14 01:45:00+00:00,321,2.00000000018008,3.07718633419228,0,0,0
2025-10-14 02:00:00+00:00,321,2.9999999999290594,2.9472833881526266,0,0,0
2025-10-14 02:15:00+00:00,321,2.9999999999290594,2.870925122848786,0,0,0
2025-10-14 02:30:00+00:00,321,3.000000000156433,2.795537969039012,0,0,0
2025-10-14 02:45:00+00:00,321,9.999999999990903,2.742091142190289,0,0,0
2025-10-14 03:00:00+00:00,321,9.999999999990903,8.560889683112753,0,0,0
2025-10-14 03:15:00+00:00,321,5.999999999858119,6.611589486510393,0,0,0
2025-10-14 03:30:00+00:00,321,4.000000000132786,5.0427015760906695,0,0,0
2025-10-14 03:45:00+00:00,321,4.999999999881766,4.055323549864073,0,0,0
2025-10-14 04:00:00+00:00,321,4.000000000132786,3.949160555349342,0,0,0
2025-10-14 04:15:00+00:00,321,3.999999999905413,4.030381589168987,0,0,0
2025-10-14 04:30:00+00:00,321,3.999999999905413,4.029815269712638,0,0,0
2025-10-14 04:45:00+00:00,321,4.000000000132786,4.040628304512272,0,0,0
2025-10-14 05:00:00+00:00,321,3.999999999905413,4.04429144350292,0,0,0
2025-10-14 05:15:00+00:00,321,7.000000000061846,4.073149146111629,0,0,0
2025-10-14 05:30:00+00:00,321,7.000000000061846,6.247183053194567,0,0,0
2025-10-14 05:45:00+00:00,321,4.999999999881766,6.170653092897977,0,0,0
2025-10-14 06:00:00+00:00,321,3.000000000156433,4.507024880602808,0,0,0
2025-10-14 06:15:00+00:00,321,5.999999999858119,4.290902925125057,0,0,0
2025-10-14 06:30:00+00:00,321,6.0000000000854925,5.035223866154408,0,0,0
2025-10-14 06:45:00+00:00,321,8.000000000038199,5.349978717965254,0,0,0
2025-10-14 07:00:00+00:00,321,7.999999999810825,5.689327633582263,0,0,0
2025-10-14 07:15:00+00:00,321,5.000000000109139,5.9951792238769706,0,0,0
2025-10-14 07:30:00+00:00,321,6.0000000000854925,5.587780248999694,0,0,0
2025-10-14 07:45:00+00:00,321,4.999999999881766,5.424203739686339,0,0,0
2025-10-14 08:00:00+00:00,321,5.000000000109139,5.481853163837666,0,0,0
2025-10-14 08:15:00+00:00,321,4.999999999881766,5.69064062074228,0,0,0
2025-10-14 08:30:00+00:00,321,6.0000000000854925,5.241062798674909,0,0,0
2025-10-14 08:45:00+00:00,321,4.999999999881766,5.071765839096999,0,0,0
2025-10-14 09:00:00+00:00,321,5.000000000109139,4.776001347653997,0,0,0
2025-10-14 09:15:00+00:00,321,4.999999999881766,4.543351387506618,0,0,0
2025-10-14 09:30:00+00:00,321,5.000000000109139,4.634862655328988,0,0,0
2025-10-14 09:45:00+00:00,321,4.999999999881766,4.569980552566626,0,0,0
2025-10-14 10:00:00+00:00,321,5.000000000109139,4.52269376131459,0,0,0
2025-10-14 10:15:00+00:00,321,4.999999999881766,4.56466557938911,0,0,0
2025-10-14 10:30:00+00:00,321,5.000000000109139,4.538820327082647,0,0,0
2025-10-14 10:45:00+00:00,321,3.999999999905413,4.3784587181732375,0,0,0
2025-10-14 11:00:00+00:00,321,5.000000000109139,4.091984505056995,0,0,0
2025-10-14 11:15:00+00:00,321,3.999999999905413,4.082066433111216,0,0,0
2025-10-14 11:30:00+00:00,321,5.000000000109139,4.066032349001372,0,0,0
2025-10-14 11:45:00+00:00,321,5.999999999858119,4.136449830546181,0,0,0
2025-10-14 12:00:00+00:00,321,5.000000000109139,4.4416825689182575,0,0,0
2025-10-14 12:15:00+00:00,321,4.999999999881766,4.5602164364417295,0,0,0
2025-10-14 12:30:00+00:00,321,4.000000000132786,4.495255589062785,0,0,0
2025-10-14 12:45:00+00:00,321,3.999999999905413,4.227745704440223,0,0,0
2025-10-14 13:00:00+00:00,321,4.000000000132786,4.11697012863243,0,0,0
2025-10-14 13:15:00+00:00,321,4.999999999881766,3.996771014377506,0,0,0
2025-10-14 13:30:00+00:00,321,4.000000000132786,4.034717374481506,0,0,0
2025-10-14 13:45:00+00:00,321,3.999999999905413,4.045217377797087,0,0,0
2025-10-14 14:00:00+00:00,321,5.000000000109139,3.97283319176476,0,0,0
2025-10-14 14:15:00+00:00,321,3.999999999905413,3.975074709195315,0,0,0
2025-10-14 14:30:00+00:00,321,5.000000000109139,3.97577764190818,0,0,0
2025-10-14 14:45:00+00:00,321,3.999999999905413,4.071624658987842,0,0,0
2025-10-14 15:00:00+00:00,321,4.999999999881766,4.062473373562605,0,0,0
2025-10-14 15:15:00+00:00,321,4.000000000132786,4.0682265619736135,0,0,0
2025-10-14 15:30:00+00:00,321,3.999999999905413,3.978978012055495,0,0,0
2025-10-14 15:45:00+00:00,321,4.000000000132786,3.935202531231639,0,0,0
2025-10-14 16:00:00+00:00,321,3.999999999905413,3.909507124450138,0,0,0
2025-10-14 16:15:00+00:00,321,4.000000000132786,3.843459284076351,0,0,0
2025-10-14 16:30:00+00:00,321,3.999999999905413,3.8280391844334423,0,0,0
2025-10-14 16:45:00+00:00,321,3.999999999905413,3.76450464579415,0,0,0
2025-10-14 17:00:00+00:00,321,4.000000000132786,3.7700012832347856,0,0,0
2025-10-14 17:15:00+00:00,321,3.999999999905413,3.73987573461073,0,0,0
2025-10-14 17:30:00+00:00,321,5.000000000109139,3.735444529138968,0,0,0
2025-10-14 17:45:00+00:00,321,4.999999999881766,3.7614106385675856,0,0,0
2025-10-14 18:00:00+00:00,321,5.000000000109139,3.878959188837407,0,0,0
2025-10-14 18:15:00+00:00,321,3.999999999905413,4.060765149000123,0,0,0
2025-10-14 18:30:00+00:00,321,5.000000000109139,4.096158762950884,0,0,0
2025-10-14 18:45:00+00:00,321,3.999999999905413,4.024400351444843,0,0,0
2025-10-14 19:00:00+00:00,321,4.000000000132786,3.991940695566338,0,0,0
2025-10-14 19:15:00+00:00,321,4.999999999881766,3.99468803178171,0,0,0
2025-10-14 19:30:00+00:00,321,5.000000000109139,4.077648297659376,0,0,0
2025-10-14 19:45:00+00:00,321,3.999999999905413,4.043428894298474,0,0,0
2025-10-14 20:00:00+00:00,321,3.999999999905413,3.952139834842405,0,0,0
2025-10-14 20:15:00+00:00,321,5.000000000109139,3.758604225862163,0,0,0
2025-10-14 20:30:00+00:00,321,3.999999999905413,3.816595615817509,0,0,0
2025-10-14 20:45:00+00:00,321,7.000000000061846,3.861147762294208,0,0,0
2025-10-14 21:00:00+00:00,321,3.999999999905413,4.053501931611503,0,0,0
2025-10-14 21:15:00+00:00,321,4.000000000132786,3.587554675764491,0,0,0
2025-10-14 21:30:00+00:00,321,2.9999999999290594,2.771375774746323,0,0,0
2025-10-14 21:45:00+00:00,321,0.9999999999763532,2.3569849701768635,0,0,0
2025-10-14 22:00:00+00:00,321,3.000000000156433,1.5157594040833176,0,0,0
2025-10-14 22:15:00+00:00,321,2.9999999999290594,2.094239567520286,0,0,0
2025-10-14 22:30:00+00:00,321,2.9999999999290594,2.396173541029547,0,0,0
2025-10-14 22:45:00+00:00,321,1.9999999999527065,2.5671292573979807,0,0,0
2025-10-14 23:00:00+00:00,321,4.000000000132786,2.6859956983387416,0,0,0
2025-10-14 23:15:00+00:00,321,1.9999999999527065,2.7604596941068564,0,0,0
2025-10-14 23:30:00+00:00,321,2.9999999999290594,2.8381535171430494,0,0,0
2025-10-14 23:45:00+00:00,321,3.000000000156433,2.7458033884006188,0,0,0
2025-10-15 00:00:00+00:00,321,1.9999999999527065,2.762743720650485,0,0,0
2025-10-15 00:15:00+00:00,321,2.9999999999290594,2.794847439324363,0,0,0
2025-10-15 00:30:00+00:00,321,3.000000000156433,2.662465335850538,0,0,0
2025-10-15 00:45:00+00:00,321,2.9999999999290594,2.5938962255370086,0,0,0
2025-10-15 01:00:00+00:00,321,1.9999999999527065,2.6934863881568583,0,0,0
2025-10-15 01:15:00+00:00,321,2.9999999999290594,2.671605480210517,0,0,0
2025-10-15 01:30:00+00:00,321,3.000000000156433,2.636761131593558,0,0,0
2025-10-15 01:45:00+00:00,321,1.9999999999527065,2.653308029202329,0,0,0
2025-10-15 02:00:00+00:00,321,2.9999999999290594,2.6098154737476698,0,0,0
2025-10-15 09:15:00+00:00,321,4.000000000132786,2.624963572755276,0,0,0
2025-10-15 09:30:00+00:00,321,4.999999999881766,3.615638669249002,0,0,0
2025-10-15 09:45:00+00:00,321,5.000000000109139,4.503175047644823,0,0,0
2025-10-15 10:00:00+00:00,321,3.999999999905413,4.005333770326334,0,0,0
2025-10-15 10:15:00+00:00,321,4.000000000132786,4.323407722148233,0,0,0
2025-10-15 10:30:00+00:00,321,3.999999999905413,4.250033748014061,0,0,0
2025-10-15 10:45:00+00:00,321,4.999999999881766,4.111227756789633,0,0,0
2025-10-15 11:00:00+00:00,321,4.000000000132786,4.30387343262024,0,0,0
2025-10-15 11:15:00+00:00,321,3.999999999905413,4.227373037610096,0,0,0
2025-10-15 11:30:00+00:00,321,5.000000000109139,4.140076048983998,0,0,0
2025-10-15 11:45:00+00:00,321,5.999999999858119,4.052265525754427,0,0,0
2025-10-15 12:00:00+00:00,321,4.000000000132786,4.039150941570661,0,0,0
2025-10-15 12:15:00+00:00,321,4.999999999881766,4.057454990685458,0,0,0
2025-10-15 12:30:00+00:00,321,5.000000000109139,4.134173591931665,0,0,0
2025-10-15 12:45:00+00:00,321,3.999999999905413,4.288461553569173,0,0,0
2025-10-15 13:00:00+00:00,321,4.000000000132786,4.245907587793488,0,0,0
2025-10-15 13:15:00+00:00,321,4.999999999881766,4.118062962574108,0,0,0
2025-10-15 13:30:00+00:00,321,5.000000000109139,4.100950430558308,0,0,0
2025-10-15 13:45:00+00:00,321,3.999999999905413,4.118448753507,0,0,0
2025-10-15 14:00:00+00:00,321,4.000000000132786,4.035292851965608,0,0,0
2025-10-15 14:15:00+00:00,321,3.999999999905413,4.024839143561973,0,0,0
2025-10-15 14:30:00+00:00,321,2.9999999999290594,4.021010943740412,0,0,0
2025-10-15 14:45:00+00:00,321,4.000000000132786,3.9698964213847696,0,0,0
2025-10-15 15:00:00+00:00,321,3.999999999905413,3.974264115573514,0,0,0
2025-10-15 15:15:00+00:00,321,4.000000000132786,3.974464726858618,0,0,0
2025-10-15 15:30:00+00:00,321,3.999999999905413,3.942338437612405,0,0,0
2025-10-15 15:45:00+00:00,321,3.999999999905413,3.890460842424639,0,0,0
2025-10-15 16:00:00+00:00,321,5.000000000109139,3.885123839503197,0,0,0
2025-10-15 16:15:00+00:00,321,4.999999999881766,3.9420157433274152,0,0,0
2025-10-15 16:30:00+00:00,321,4.000000000132786,4.03067100447911,0,0,0
2025-10-15 16:45:00+00:00,321,3.999999999905413,4.092684120688943,0,0,0
2025-10-15 17:00:00+00:00,321,4.000000000132786,4.066975950356952,0,0,0
2025-10-15 17:15:00+00:00,321,3.999999999905413,4.050557625688993,0,0,0
2025-10-15 17:30:00+00:00,321,4.000000000132786,4.040042911840644,0,0,0
2025-10-15 17:45:00+00:00,321,4.999999999881766,3.982225145832712,0,0,0
2025-10-15 18:00:00+00:00,321,3.999999999905413,4.066953379784616,0,0,0
2025-10-15 18:15:00+00:00,321,5.000000000109139,4.124391808745355,0,0,0
2025-10-15 18:30:00+00:00,321,4.999999999881766,4.194234389689701,0,0,0
2025-10-15 18:45:00+00:00,321,5.000000000109139,4.262896089827125,0,0,0
2025-10-15 19:00:00+00:00,321,5.000000000109139,4.317110316135255,0,0,0
2025-10-15 19:15:00+00:00,321,3.999999999905413,4.384384611123364,0,0,0
2025-10-15 19:30:00+00:00,321,4.999999999881766,4.370211012801197,0,0,0
2025-10-15 19:45:00+00:00,321,4.000000000132786,4.237636374413199,0,0,0
2025-10-15 20:00:00+00:00,321,3.999999999905413,4.1096026034710205,0,0,0
2025-10-15 20:15:00+00:00,321,5.000000000109139,3.979509754548793,0,0,0
2025-10-15 20:30:00+00:00,321,3.999999999905413,3.9834184656930782,0,0,0
2025-10-15 20:45:00+00:00,321,5.000000000109139,4.083817455228588,0,0,0
2025-10-15 21:00:00+00:00,321,3.999999999905413,4.065216419205919,0,0,0
2025-10-15 21:15:00+00:00,321,2.9999999999290594,3.601756288998327,0,0,0
2025-10-15 21:30:00+00:00,321,2.00000000018008,2.8789938500721477,0,0,0
2025-10-15 21:45:00+00:00,321,0.9999999999763532,1.7168466181883235,0,0,0
2025-10-15 22:00:00+00:00,321,1.9999999999527065,0.7263749092322085,0,0,0
2025-10-15 22:15:00+00:00,321,2.9999999999290594,1.1369530898383315,0,0,0
2025-10-15 22:30:00+00:00,321,3.000000000156433,2.363819022194062,0,0,0
2025-10-15 22:45:00+00:00,321,2.9999999999290594,2.7046297609496843,0,0,0
2025-10-15 23:00:00+00:00,321,2.9999999999290594,3.0271891272777016,0,0,0
2025-10-15 23:15:00+00:00,321,3.000000000156433,2.9959912601363445,0,0,0
2025-10-15 23:30:00+00:00,321,1.9999999999527065,2.925325682571981,0,0,0
2025-10-15 23:45:00+00:00,321,2.9999999999290594,2.766510338143693,0,0,0
2025-10-16 00:00:00+00:00,321,2.9999999999290594,2.778012244117517,0,0,0
2025-10-16 00:15:00+00:00,321,2.00000000018008,2.8101515853560395,0,0,0
2025-10-16 00:30:00+00:00,321,2.9999999999290594,2.677948027368166,0,0,0
2025-10-16 00:45:00+00:00,321,2.9999999999290594,2.6611083613131257,0,0,0
2025-10-16 01:00:00+00:00,321,3.000000000156433,2.7802479566564653,0,0,0
2025-10-16 01:15:00+00:00,321,1.9999999999527065,2.888568964695155,0,0,0
2025-10-16 01:30:00+00:00,321,2.9999999999290594,2.7881345328711378,0,0,0
2025-10-16 01:45:00+00:00,321,2.9999999999290594,2.79035495799368,0,0,0
2025-10-16 02:00:00+00:00,321,2.00000000018008,2.868325757286553,0,0,0
2025-10-16 02:15:00+00:00,321,2.9999999999290594,2.847827783641333,0,0,0
2025-10-16 02:30:00+00:00,321,2.9999999999290594,2.8314843817358555,0,0,0
2025-10-16 02:45:00+00:00,321,3.000000000156433,2.832885487871573,0,0,0
2025-10-16 03:00:00+00:00,321,2.9999999999290594,2.8475799400083703,0,0,0
2025-10-16 03:15:00+00:00,321,1.9999999999527065,2.9154451080626687,0,0,0
2025-10-16 03:30:00+00:00,321,2.9999999999290594,2.9423834106421736,0,0,0
2025-10-16 03:45:00+00:00,321,3.000000000156433,2.8707062676186315,0,0,0
2025-10-16 04:00:00+00:00,321,1.9999999999527065,2.82501016088784,0,0,0
2025-10-16 04:15:00+00:00,321,2.9999999999290594,2.880919920318416,0,0,0
2025-10-16 04:30:00+00:00,321,2.9999999999290594,2.9395591325715875,0,0,0
2025-10-16 04:45:00+00:00,321,3.000000000156433,2.8876163134775044,0,0,0
2025-10-16 05:00:00+00:00,321,2.9999999999290594,2.88454563398305,0,0,0
2025-10-16 05:15:00+00:00,321,5.000000000109139,3.212370289385265,0,0,0
2025-10-16 05:30:00+00:00,321,5.999999999858119,5.764834779188735,0,0,0
2025-10-16 05:45:00+00:00,321,4.000000000132786,4.806298987878304,0,0,0
2025-10-16 06:00:00+00:00,321,2.9999999999290594,3.8105856060219216,0,0,0
2025-10-16 06:15:00+00:00,321,15.000000000100044,3.974372245200406,0,0,0
2025-10-16 06:30:00+00:00,321,14.99999999987267,9.290535281275814,0,0,0
2025-10-16 06:45:00+00:00,321,9.000000000014552,7.915915027145301,0,0,0
2025-10-16 07:00:00+00:00,321,9.000000000014552,6.76336122593999,0,0,0
2025-10-16 07:15:00+00:00,321,5.000000000109139,5.732592464220835,0,0,0
2025-10-16 07:30:00+00:00,321,4.999999999881766,5.708666215336075,0,0,0
2025-10-16 07:45:00+00:00,321,3.999999999905413,5.239951720788181,0,0,0
2025-10-16 08:00:00+00:00,321,4.000000000132786,4.963781875323793,0,0,0
2025-10-16 08:15:00+00:00,321,7.000000000061846,5.359094633212438,0,0,0
2025-10-16 08:30:00+00:00,321,5.999999999858119,5.238476052442255,0,0,0
2025-10-16 08:45:00+00:00,321,4.000000000132786,4.84741535962817,0,0,0
2025-10-16 09:00:00+00:00,321,4.999999999881766,4.578786681300222,0,0,0
2025-10-16 09:15:00+00:00,321,4.000000000132786,4.424647627751765,0,0,0
2025-10-16 09:30:00+00:00,321,5.999999999858119,4.353025288673829,0,0,0
2025-10-16 09:45:00+00:00,321,4.000000000132786,4.462967556066577,0,0,0
2025-10-16 10:00:00+00:00,321,4.999999999881766,4.478429912435966,0,0,0
2025-10-16 10:15:00+00:00,321,5.000000000109139,4.855562398805386,0,0,0
2025-10-16 10:30:00+00:00,321,3.999999999905413,4.588645045789472,0,0,0
2025-10-16 10:45:00+00:00,321,6.0000000000854925,4.173692572887995,0,0,0
2025-10-16 11:00:00+00:00,321,4.999999999881766,4.021181484965887,0,0,0
2025-10-16 11:15:00+00:00,321,4.000000000132786,4.142688827090814,0,0,0
2025-10-16 11:30:00+00:00,321,3.999999999905413,4.151928483878343,0,0,0
2025-10-16 11:45:00+00:00,321,3.999999999905413,4.075171736201575,0,0,0
2025-10-16 12:00:00+00:00,321,4.000000000132786,4.22077666165174,0,0,0
2025-10-16 12:15:00+00:00,321,3.999999999905413,4.282538184484963,0,0,0
2025-10-16 12:30:00+00:00,321,4.000000000132786,4.068420286710289,0,0,0
2025-10-16 12:45:00+00:00,321,4.999999999881766,4.113568606371602,0,0,0
2025-10-16 13:00:00+00:00,321,5.000000000109139,4.156246962681723,0,0,0
2025-10-16 13:15:00+00:00,321,3.999999999905413,4.162947394026277,0,0,0
2025-10-16 13:30:00+00:00,321,4.000000000132786,4.131522955836108,0,0,0
2025-10-16 13:45:00+00:00,321,3.999999999905413,4.099082337117656,0,0,0
2025-10-16 14:00:00+00:00,321,3.999999999905413,4.112793130541262,0,0,0
2025-10-16 14:15:00+00:00,321,4.000000000132786,4.025402722821041,0,0,0
2025-10-16 14:30:00+00:00,321,4.999999999881766,3.892702792517923,0,0,0
2025-10-16 14:45:00+00:00,321,5.000000000109139,3.891673199445058,0,0,0
2025-10-16 15:00:00+00:00,321,3.999999999905413,3.863351457791249,0,0,0
2025-10-16 15:15:00+00:00,321,4.000000000132786,3.746826803868368,0,0,0
2025-10-16 15:30:00+00:00,321,3.999999999905413,3.697287209899609,0,0,0
2025-10-16 15:45:00+00:00,321,2.9999999999290594,3.777587104770326,0,0,0
2025-10-16 16:00:00+00:00,321,5.000000000109139,3.789472530197717,0,0,0
2025-10-16 16:15:00+00:00,321,2.9999999999290594,3.820596231736368,0,0,0
2025-10-16 16:30:00+00:00,321,3.000000000156433,3.5930365125342902,0,0,0
2025-10-16 16:45:00+00:00,321,3.999999999905413,3.581366769477045,0,0,0
2025-10-16 17:00:00+00:00,321,2.9999999999290594,3.5990403568859968,0,0,0
2025-10-16 17:15:00+00:00,321,4.000000000132786,3.587209483017621,0,0,0
2025-10-16 17:30:00+00:00,321,4.999999999881766,3.877535836626401,0,0,0
2025-10-16 17:45:00+00:00,321,5.000000000109139,4.0802380364759,0,0,0
2025-10-16 18:00:00+00:00,321,4.999999999881766,4.398295438948436,0,0,0
2025-10-16 18:15:00+00:00,321,4.000000000132786,4.299359895036772,0,0,0
2025-10-16 18:30:00+00:00,321,3.999999999905413,4.116119297376881,0,0,0
2025-10-16 18:45:00+00:00,321,5.000000000109139,4.023957088479519,1,0,1
2025-10-16 19:00:00+00:00,321,4.999999999881766,3.996255352515617,1,0,1
2025-10-16 19:15:00+00:00,321,6.0000000000854925,4.0608577388240175,1,0,1
2025-10-16 19:30:00+00:00,321,5.999999999858119,4.2473861405576026,1,0,1
2025-10-16 19:45:00+00:00,321,4.000000000132786,4.269995436207334,0,0,0
2025-10-16 20:00:00+00:00,321,4.999999999881766,4.1794367474921605,0,0,0
2025-10-16 20:15:00+00:00,321,4.000000000132786,4.070684951596817,0,0,0
2025-10-16 20:30:00+00:00,321,4.999999999881766,4.049414386539448,0,0,0
2025-10-16 20:45:00+00:00,321,5.000000000109139,4.324233675296895,0,0,0
2025-10-16 21:00:00+00:00,321,3.999999999905413,4.120594760640244,0,0,0
2025-10-16 21:15:00+00:00,321,3.000000000156433,2.9958447316923005,0,0,0
2025-10-16 21:30:00+00:00,321,2.9999999999290594,2.1092402727583908,0,0,0
2025-10-16 21:45:00+00:00,321,0.9999999999763532,1.5830300935486887,0,0,0
2025-10-16 22:00:00+00:00,321,1.9999999999527065,1.4755220587768068,0,0,0
2025-10-16 22:15:00+00:00,321,2.9999999999290594,1.4085686553123185,0,0,0
2025-10-16 22:30:00+00:00,321,3.000000000156433,2.3437173676081264,0,0,0
2025-10-16 22:45:00+00:00,321,2.9999999999290594,2.672634352178835,0,0,0
2025-10-16 23:00:00+00:00,321,2.9999999999290594,2.921301630755329,0,0,0
2025-10-16 23:15:00+00:00,321,3.000000000156433,2.9176900507398247,0,0,0
2025-10-16 23:30:00+00:00,321,1.9999999999527065,2.872851769978693,0,0,0
2025-10-16 23:45:00+00:00,321,2.9999999999290594,2.6297811280159538,0,0,0
2025-10-17 00:00:00+00:00,321,3.000000000156433,2.7372793557659905,0,0,0
2025-10-17 00:15:00+00:00,321,1.9999999999527065,2.8110166223711737,0,0,0
2025-10-17 00:30:00+00:00,321,2.9999999999290594,2.70156362441388,0,0,0
2025-10-17 00:45:00+00:00,321,2.9999999999290594,2.668520018072841,0,0,0
2025-10-17 01:00:00+00:00,321,3.000000000156433,2.7406535481644703,0,0,0
2025-10-17 01:15:00+00:00,321,1.9999999999527065,2.7970031092585432,0,0,0
2025-10-17 01:30:00+00:00,321,2.9999999999290594,2.5527916799017207,0,0,0
2025-10-17 01:45:00+00:00,321,2.9999999999290594,2.580988886800183,0,0,0
2025-10-17 02:00:00+00:00,321,2.00000000018008,2.66478238898244,0,0,0
2025-10-17 08:15:00+00:00,321,4.999999999881766,2.678222912421658,0,0,0
2025-10-17 08:30:00+00:00,321,5.000000000109139,4.31122970855071,0,0,0
2025-10-17 08:45:00+00:00,321,3.999999999905413,4.710922960233817,0,0,0
2025-10-17 09:00:00+00:00,321,5.000000000109139,3.610890123693516,0,0,0
2025-10-17 09:15:00+00:00,321,4.999999999881766,3.9992641612398985,0,0,0
2025-10-17 09:30:00+00:00,321,6.0000000000854925,4.270762186672649,0,0,0
2025-10-17 09:45:00+00:00,321,4.999999999881766,4.486097849751848,0,0,0
2025-10-17 10:00:00+00:00,321,5.000000000109139,4.469919003904101,0,0,0
2025-10-17 10:15:00+00:00,321,4.999999999881766,4.487057784125429,0,0,0
2025-10-17 10:30:00+00:00,321,4.000000000132786,4.490107984250734,0,0,0
2025-10-17 10:45:00+00:00,321,4.999999999881766,4.313452513318259,0,0,0
2025-10-17 11:00:00+00:00,321,4.000000000132786,4.175385149481796,0,0,0
2025-10-17 11:15:00+00:00,321,3.999999999905413,4.083044503264165,0,0,0
2025-10-17 11:30:00+00:00,321,4.000000000132786,3.99324950031998,0,0,0
2025-10-17 11:45:00+00:00,321,4.999999999881766,3.8818087055671535,0,0,0
2025-10-17 12:00:00+00:00,321,3.999999999905413,3.911822266654989,0,0,0
2025-10-17 12:15:00+00:00,321,4.000000000132786,3.841524921127786,0,0,0
2025-10-17 12:30:00+00:00,321,3.999999999905413,3.838475658438393,0,0,0
2025-10-17 12:45:00+00:00,321,5.000000000109139,3.933639537125017,0,0,0
2025-10-17 13:00:00+00:00,321,4.999999999881766,4.005676114710241,0,0,0
2025-10-17 13:15:00+00:00,321,4.000000000132786,4.083001200936089,0,0,0
2025-10-17 13:30:00+00:00,321,3.999999999905413,4.0922155469540025,0,0,0
2025-10-17 13:45:00+00:00,321,4.000000000132786,4.097190230895572,0,0,0
2025-10-17 14:00:00+00:00,321,3.999999999905413,4.054217087046449,0,0,0
2025-10-17 14:15:00+00:00,321,5.000000000109139,4.049395241213713,0,0,0
2025-10-17 14:30:00+00:00,321,4.999999999881766,4.120902383840191,0,0,0
2025-10-17 14:45:00+00:00,321,6.0000000000854925,4.311501132302374,0,0,0
2025-10-17 15:00:00+00:00,321,3.999999999905413,4.5375648840655165,0,0,0
2025-10-17 15:15:00+00:00,321,3.999999999905413,4.331477314697051,0,0,0
2025-10-17 15:30:00+00:00,321,5.000000000109139,4.177933316621159,0,0,0
2025-10-17 15:45:00+00:00,321,5.000000000109139,4.201994556277204,0,0,0
2025-10-17 16:00:00+00:00,321,3.999999999905413,4.253778155487208,0,0,0
2025-10-17 16:15:00+00:00,321,4.999999999881766,4.231692093297114,0,0,0
2025-10-17 16:30:00+00:00,321,5.000000000109139,4.74697876449051,0,0,0
2025-10-17 16:45:00+00:00,321,6.0000000000854925,5.072953786728487,0,0,0
2025-10-17 17:00:00+00:00,321,3.999999999905413,5.049109599541229,0,0,0
2025-10-17 17:15:00+00:00,321,5.000000000109139,4.773049722520329,0,0,0
2025-10-17 17:30:00+00:00,321,4.999999999881766,4.563404151204236,0,0,0
2025-10-17 17:45:00+00:00,321,3.999999999905413,4.485987809197906,0,0,0
2025-10-17 18:00:00+00:00,321,5.000000000109139,4.4070191454322565,0,0,0
2025-10-17 18:15:00+00:00,321,5.000000000109139,4.414566225625984,0,0,0
2025-10-17 18:30:00+00:00,321,4.999999999881766,4.448546042000992,0,0,0
2025-10-17 18:45:00+00:00,321,5.000000000109139,4.429314904824752,0,0,0
2025-10-17 19:00:00+00:00,321,4.999999999881766,4.359556981554277,0,0,0
2025-10-17 19:15:00+00:00,321,5.000000000109139,4.497225069802812,0,0,0
2025-10-17 19:30:00+00:00,321,3.999999999905413,4.649755555437247,0,0,0
2025-10-17 19:45:00+00:00,321,5.000000000109139,4.344515533909241,0,0,0
2025-10-17 20:00:00+00:00,321,3.999999999905413,4.293319923347237,0,0,0
2025-10-17 20:15:00+00:00,321,4.999999999881766,4.165243390905394,0,0,0
2025-10-17 20:30:00+00:00,321,4.000000000132786,4.148842444857028,0,0,0
2025-10-17 20:45:00+00:00,321,4.999999999881766,4.152841907008612,0,0,0
2025-10-17 21:00:00+00:00,321,5.000000000109139,4.163147428427743,0,0,0
2025-10-17 21:15:00+00:00,321,2.9999999999290594,4.050898059145849,0,0,0
2025-10-17 21:30:00+00:00,321,3.000000000156433,3.4700760005253186,0,0,0
2025-10-17 21:45:00+00:00,321,0.9999999999763532,3.1684729058376604,0,0,0
2025-10-17 22:00:00+00:00,321,1.9999999999527065,1.6636071810074506,0,0,0
2025-10-17 22:15:00+00:00,321,1.9999999999527065,1.7503191375141922,0,0,0
2025-10-17 22:30:00+00:00,321,2.9999999999290594,1.85882546942158,0,0,0
2025-10-17 22:45:00+00:00,321,3.000000000156433,2.756978201351714,0,0,0
2025-10-17 23:00:00+00:00,321,1.9999999999527065,3.0046454521417894,0,0,0
2025-10-17 23:15:00+00:00,321,2.9999999999290594,2.8391058799188813,0,0,0
2025-10-17 23:30:00+00:00,321,3.000000000156433,2.691443210532082,0,0,0
2025-10-17 23:45:00+00:00,321,2.9999999999290594,2.627643341474551,0,0,0
2025-10-18 00:00:00+00:00,321,2.9999999999290594,2.7786096071246336,0,0,0
2025-10-18 00:15:00+00:00,321,1.9999999999527065,2.66445298842516,0,0,0
2025-10-18 00:30:00+00:00,321,3.000000000156433,2.6943721929829594,0,0,0
2025-10-18 00:45:00+00:00,321,1.9999999999527065,2.78044251066337,0,0,0
2025-10-18 01:00:00+00:00,321,2.9999999999290594,2.8079713978672456,0,0,0
2025-10-18 01:15:00+00:00,321,5.000000000109139,3.0640605007775736,0,0,0
2025-10-18 01:30:00+00:00,321,11.999999999943611,3.418427428141827,0,0,0
2025-10-18 01:45:00+00:00,321,6.0000000000854925,8.04851778861065,0,0,0
2025-10-18 02:00:00+00:00,321,4.999999999881766,5.375346022177659,0,0,0
2025-10-18 02:15:00+00:00,321,2.9999999999290594,4.08306570373786,0,0,0
2025-10-18 02:30:00+00:00,321,4.000000000132786,3.721098118112002,0,0,0
2025-10-18 02:45:00+00:00,321,3.999999999905413,3.5421435856060834,0,0,0
2025-10-18 03:00:00+00:00,321,4.000000000132786,3.635570467658783,0,0,0
2025-10-18 05:45:00+00:00,321,5.999999999858119,3.802415671775324,0,0,0
2025-10-18 06:00:00+00:00,321,4.000000000132786,5.522265881770119,0,0,0
2025-10-18 06:15:00+00:00,321,4.999999999881766,4.857329104946666,0,0,0
2025-10-18 06:30:00+00:00,321,4.000000000132786,4.796701663235234,0,0,0
2025-10-18 06:45:00+00:00,321,4.999999999881766,5.115142152498609,0,0,0
2025-10-18 07:00:00+00:00,321,3.999999999905413,6.27907260381785,0,0,0
2025-10-18 07:15:00+00:00,321,4.000000000132786,5.021060651737724,0,0,0
2025-10-18 07:30:00+00:00,321,3.999999999905413,4.690011865793356,0,0,0
2025-10-18 07:45:00+00:00,321,7.000000000061846,4.75286384292325,0,0,0
2025-10-18 08:00:00+00:00,321,6.0000000000854925,4.984296001710876,0,0,0
2025-10-18 08:15:00+00:00,321,6.999999999834472,5.057659736160475,0,0,0
2025-10-18 08:30:00+00:00,321,7.000000000061846,5.0132395518159605,0,0,0
2025-10-18 08:45:00+00:00,321,5.000000000109139,5.557904599156561,0,0,0
2025-10-18 09:00:00+00:00,321,4.999999999881766,5.652159020787927,0,0,0
2025-10-18 09:15:00+00:00,321,5.000000000109139,5.398341757754375,0,0,0
2025-10-18 09:30:00+00:00,321,4.999999999881766,5.053743561584123,0,0,0
2025-10-18 09:45:00+00:00,321,5.000000000109139,4.894976963823243,0,0,0
2025-10-18 10:00:00+00:00,321,3.999999999905413,4.709810151696175,0,0,0
2025-10-18 10:15:00+00:00,321,6.0000000000854925,4.34741444630049,0,0,0
2025-10-18 10:30:00+00:00,321,6.999999999834472,4.159559644862305,0,0,0
2025-10-18 10:45:00+00:00,321,6.0000000000854925,4.418263400751272,0,0,0
2025-10-18 11:00:00+00:00,321,5.000000000109139,4.854226047858031,0,0,0
2025-10-18 11:15:00+00:00,321,4.999999999881766,4.91316971045114,0,0,0
2025-10-18 11:30:00+00:00,321,5.000000000109139,4.800952574542517,0,0,0
2025-10-18 11:45:00+00:00,321,4.999999999881766,4.673078888809875,0,0,0
2025-10-18 12:00:00+00:00,321,2.9999999999290594,4.493813307857408,0,0,0
2025-10-18 12:15:00+00:00,321,4.000000000132786,4.142104083413278,0,0,0
2025-10-18 12:30:00+00:00,321,2.9999999999290594,3.734842695283657,0,0,0
2025-10-18 12:45:00+00:00,321,4.000000000132786,3.2386306094692467,0,0,0
2025-10-18 13:00:00+00:00,321,2.9999999999290594,3.415504575079603,0,0,0
2025-10-18 13:15:00+00:00,321,2.9999999999290594,3.4705516050295966,0,0,0
2025-10-18 13:30:00+00:00,321,3.000000000156433,3.404267747137426,0,0,0
2025-10-18 13:45:00+00:00,321,2.9999999999290594,3.02642850620104,0,0,0
2025-10-18 14:00:00+00:00,321,1.9999999999527065,2.6927511499602668,0,0,0
2025-10-18 14:15:00+00:00,321,1.9999999999527065,2.487065596377011,0,0,0
2025-10-18 14:30:00+00:00,321,3.000000000156433,2.992868012120381,0,0,0
2025-10-18 14:45:00+00:00,321,2.9999999999290594,3.351860320383414,0,0,0
2025-10-18 15:00:00+00:00,321,3.999999999905413,3.262501044862033,0,0,0
2025-10-18 15:15:00+00:00,321,3.000000000156433,3.1869863276578125,0,0,0
2025-10-18 15:30:00+00:00,321,3.999999999905413,3.130712626762133,0,0,0
2025-10-18 15:45:00+00:00,321,2.9999999999290594,3.1624808154900776,0,0,0
2025-10-18 16:00:00+00:00,321,3.000000000156433,3.1060623168012675,0,0,0
2025-10-18 16:15:00+00:00,321,2.9999999999290594,2.955927124142133,0,0,0
2025-10-18 16:30:00+00:00,321,2.9999999999290594,2.9628226863772302,0,0,0
2025-10-18 16:45:00+00:00,321,3.000000000156433,3.1780653990802614,0,0,0
2025-10-18 17:00:00+00:00,321,2.9999999999290594,3.5126735931261246,0,0,0
2025-10-18 17:15:00+00:00,321,3.999999999905413,3.5225744306732207,0,0,0
2025-10-18 17:30:00+00:00,321,3.000000000156433,3.4128866771305004,0,0,0
2025-10-18 17:45:00+00:00,321,2.9999999999290594,3.218329641586393,0,0,0
2025-10-18 18:00:00+00:00,321,3.999999999905413,3.3323378569699997,0,0,0
2025-10-18 18:15:00+00:00,321,2.00000000018008,3.6372321088674977,0,0,0
2025-10-18 18:30:00+00:00,321,1.9999999999527065,3.7248884238895945,0,0,0
2025-10-18 18:45:00+00:00,321,1.9999999999527065,3.3748887941065844,0,0,0
2025-10-18 19:00:00+00:00,321,1.9999999999527065,2.838073113986008,0,0,0
2025-10-18 19:15:00+00:00,321,4.000000000132786,3.059862590654529,0,0,0
2025-10-18 19:30:00+00:00,321,2.9999999999290594,3.4397044110296697,0,0,0
2025-10-18 19:45:00+00:00,321,1.9999999999527065,3.465615428070861,0,0,0
2025-10-18 20:00:00+00:00,321,2.9999999999290594,3.1648779833372025,0,0,0
2025-10-18 20:15:00+00:00,321,3.000000000156433,2.8787183881350176,0,0,0
2025-10-18 20:30:00+00:00,321,2.9999999999290594,2.869601319120557,0,0,0
2025-10-18 20:45:00+00:00,321,2.9999999999290594,2.8843078137032983,0,0,0
2025-10-18 21:00:00+00:00,321,3.000000000156433,2.8214109838705523,0,0,0
2025-10-18 21:15:00+00:00,321,0.0,2.7479205513519647,0,0,0
2025-10-18 21:30:00+00:00,321,0.9999999999763532,1.850141063135596,0,0,0
2025-10-18 21:45:00+00:00,321,1.9999999999527065,1.3788585710732826,0,0,0
2025-10-18 22:00:00+00:00,321,0.9999999999763532,2.001002768626297,0,0,0
2025-10-18 22:15:00+00:00,321,1.9999999999527065,1.878992744521334,0,0,0
2025-10-18 22:30:00+00:00,321,0.9999999999763532,1.744722212458618,0,0,0
2025-10-18 22:45:00+00:00,321,2.00000000018008,1.5686244437831487,0,0,0
2025-10-18 23:00:00+00:00,321,0.9999999999763532,1.8060109070400707,0,0,0
2025-10-18 23:15:00+00:00,321,1.9999999999527065,1.506946929629705,0,0,0
2025-10-18 23:30:00+00:00,321,0.9999999999763532,2.27631760042876,0,0,0
2025-10-18 23:45:00+00:00,321,1.9999999999527065,2.0792307859112493,0,0,0
2025-10-19 00:00:00+00:00,321,0.9999999999763532,1.875583073779119,0,0,0
2025-10-19 00:15:00+00:00,321,2.00000000018008,1.8435247846917304,0,0,0
2025-10-19 00:30:00+00:00,321,1.9999999999527065,1.7879538722880066,0,0,0
2025-10-19 00:45:00+00:00,321,0.9999999999763532,1.8363333532608104,0,0,0
2025-10-19 01:00:00+00:00,321,1.9999999999527065,1.68578114584188,0,0,0
2025-10-19 01:15:00+00:00,321,1.9999999999527065,1.813558275675618,0,0,0
2025-10-19 01:30:00+00:00,321,2.00000000018008,1.875345397720276,0,0,0
2025-10-19 01:45:00+00:00,321,0.9999999999763532,2.0820526122263745,0,0,0
2025-10-19 02:00:00+00:00,321,1.9999999999527065,1.815155089585516,0,0,0
2025-10-19 02:15:00+00:00,321,1.9999999999527065,1.8329784864642025,0,0,0
2025-10-19 02:30:00+00:00,321,0.9999999999763532,1.818595335160543,0,0,0
2025-10-19 05:30:00+00:00,321,14.000000000123691,1.6935918618581596,0,0,0
2025-10-19 05:45:00+00:00,321,9.000000000014552,16.65458760318542,0,0,0
2025-10-19 06:00:00+00:00,321,5.999999999858119,8.200665079288564,0,0,0
2025-10-19 06:15:00+00:00,321,4.000000000132786,5.791268164364107,0,0,0
2025-10-19 06:30:00+00:00,321,7.000000000061846,4.661228040345534,0,0,0
2025-10-19 06:45:00+00:00,321,4.999999999881766,6.162412310129591,0,0,0
2025-10-19 07:00:00+00:00,321,5.000000000109139,5.972114262263698,0,0,0
2025-10-19 07:15:00+00:00,321,4.999999999881766,5.418699404454659,0,0,0
2025-10-19 07:30:00+00:00,321,4.000000000132786,5.5016985378674335,0,0,0
2025-10-19 07:45:00+00:00,321,4.999999999881766,5.051763841159524,0,0,0
2025-10-19 08:00:00+00:00,321,6.0000000000854925,4.79172964738049,0,0,0
2025-10-19 08:15:00+00:00,321,5.999999999858119,4.973232671522818,0,0,0
2025-10-19 08:30:00+00:00,321,6.0000000000854925,5.053132641811514,0,0,0
2025-10-19 08:45:00+00:00,321,4.999999999881766,4.781956084786021,0,0,0
2025-10-19 09:00:00+00:00,321,4.000000000132786,4.671085755840692,0,0,0
2025-10-19 09:15:00+00:00,321,7.000000000061846,4.63115423097276,0,0,0
2025-10-19 09:30:00+00:00,321,4.999999999881766,4.575070541125336,0,0,0
2025-10-19 09:45:00+00:00,321,4.000000000132786,4.404455690876487,0,0,0
2025-10-19 10:00:00+00:00,321,4.999999999881766,3.903468739190608,0,0,0
2025-10-19 10:15:00+00:00,321,5.000000000109139,3.722963777824807,0,0,0
2025-10-19 10:30:00+00:00,321,3.999999999905413,3.737882980221435,0,0,0
2025-10-19 10:45:00+00:00,321,2.9999999999290594,3.584236549244576,0,0,0
2025-10-19 11:00:00+00:00,321,4.000000000132786,3.333527030479217,0,0,0
2025-10-19 11:15:00+00:00,321,2.9999999999290594,3.4837869021146077,0,0,0
2025-10-19 11:30:00+00:00,321,3.999999999905413,3.34350120435879,0,0,0
2025-10-19 11:45:00+00:00,321,3.000000000156433,3.078865137689224,0,0,0
2025-10-19 12:00:00+00:00,321,1.9999999999527065,2.7987881314553285,0,0,0
2025-10-19 12:15:00+00:00,321,1.9999999999527065,2.207994386765914,0,0,0
2025-10-19 12:30:00+00:00,321,1.9999999999527065,2.011190533672828,0,0,0
2025-10-19 12:45:00+00:00,321,0.9999999999763532,2.020510665727853,0,0,0
2025-10-19 13:00:00+00:00,321,2.00000000018008,1.9323893824935532,0,0,0
2025-10-19 13:15:00+00:00,321,1.9999999999527065,1.9021009724074536,0,0,0
2025-10-19 13:30:00+00:00,321,0.9999999999763532,1.9322985233205732,0,0,0
2025-10-19 13:45:00+00:00,321,0.9999999999763532,1.6146906213676977,0,0,0
2025-10-19 14:00:00+00:00,321,1.9999999999527065,1.0878825022672407,0,0,0
2025-10-19 14:15:00+00:00,321,2.00000000018008,1.4255125930849215,0,0,0
2025-10-19 14:30:00+00:00,321,0.9999999999763532,1.6275277245216002,0,0,0
2025-10-19 14:45:00+00:00,321,1.9999999999527065,1.500417183731535,0,0,0
2025-10-19 15:00:00+00:00,321,0.9999999999763532,1.6828673065864987,0,0,0
2025-10-19 15:15:00+00:00,321,1.9999999999527065,1.5915322046050746,0,0,0
2025-10-19 15:30:00+00:00,321,0.9999999999763532,1.341247776970444,0,0,0
2025-10-19 15:45:00+00:00,321,0.9999999999763532,1.2854112096514352,0,0,0
2025-10-19 16:00:00+00:00,321,2.00000000018008,1.198041605797409,0,0,0
2025-10-19 16:15:00+00:00,321,0.9999999999763532,1.2550887634306953,0,0,0
2025-10-19 16:30:00+00:00,321,1.9999999999527065,1.0504727521122343,0,0,0
2025-10-19 16:45:00+00:00,321,0.9999999999763532,1.3105321845504283,0,0,0
2025-10-19 17:00:00+00:00,321,0.9999999999763532,1.2296066593743338,0,0,0
2025-10-19 17:15:00+00:00,321,0.9999999999763532,1.4418164784611984,0,0,0
2025-10-19 17:30:00+00:00,321,1.9999999999527065,1.4112214547215185,0,0,0
2025-10-19 17:45:00+00:00,321,0.9999999999763532,1.702292132444187,0,0,0
2025-10-19 18:00:00+00:00,321,2.00000000018008,1.942563590774592,0,0,0
2025-10-19 18:15:00+00:00,321,1.9999999999527065,1.992900149489205,0,0,0
2025-10-19 18:30:00+00:00,321,1.9999999999527065,2.21061430380775,0,0,0
2025-10-19 18:45:00+00:00,321,2.9999999999290594,2.055701721411231,0,0,0
2025-10-19 19:00:00+00:00,321,2.00000000018008,2.2086785707605454,0,0,0
2025-10-19 19:15:00+00:00,321,0.9999999999763532,2.2242870229112506,0,0,0
2025-10-19 19:30:00+00:00,321,1.9999999999527065,1.9853201869281127,0,0,0
2025-10-19 19:45:00+00:00,321,0.9999999999763532,1.4633541406429478,0,0,0
2025-10-19 20:00:00+00:00,321,1.9999999999527065,1.3158548014361484,0,0,0
2025-10-19 20:15:00+00:00,321,0.0,1.3771535914812656,0,0,0
2025-10-19 20:30:00+00:00,321,0.0,0.6662748833867904,0,0,0
2025-10-19 20:45:00+00:00,321,0.0,0.3634265493113489,0,0,0
2025-10-19 21:00:00+00:00,321,0.0,0.2262055458822409,0,0,0
2025-10-19 21:15:00+00:00,321,0.0,0.1636249203935569,0,0,0
2025-10-19 21:30:00+00:00,321,0.0,0.1587156406344414,0,0,0
2025-10-19 21:45:00+00:00,321,0.0,0.1803559881037495,0,0,0
2025-10-19 22:00:00+00:00,321,0.0,0.2017355841686954,0,0,0
2025-10-19 22:15:00+00:00,321,0.0,0.1976584590573504,0,0,0
2025-10-19 22:30:00+00:00,321,0.0,0.1991090329650231,0,0,0
2025-10-19 22:45:00+00:00,321,0.0,0.2100386703699817,0,0,0
2025-10-19 23:00:00+00:00,321,0.0,0.2175271968744558,0,0,0
2025-10-19 23:15:00+00:00,321,0.0,0.2193833199796206,0,0,0
2025-10-19 23:30:00+00:00,321,0.0,0.2178782305681599,0,0,0
2025-10-19 23:45:00+00:00,321,0.0,0.2127162757756142,0,0,0
2025-10-20 00:00:00+00:00,321,0.0,0.2058274198128091,0,0,0
2025-10-20 00:15:00+00:00,321,0.0,0.2293348511764033,0,0,0
2025-10-20 00:30:00+00:00,321,0.0,0.215099958967702,0,0,0
2025-10-20 00:45:00+00:00,321,0.0,0.1802478224216304,0,0,0
2025-10-20 01:00:00+00:00,321,0.0,0.1703773433759825,0,0,0
2025-10-20 01:15:00+00:00,321,0.0,0.1616721692790323,0,0,0
2025-10-20 01:30:00+00:00,321,0.0,0.1695806670719477,0,0,0
2025-10-20 01:45:00+00:00,321,0.0,0.1935801801787295,0,0,0
2025-10-20 02:00:00+00:00,321,0.0,0.2078767989366934,0,0,0
2025-10-20 02:15:00+00:00,321,0.0,0.2194865821508171,0,0,0
2025-10-20 02:30:00+00:00,321,0.0,0.2072410731676517,0,0,0
2025-10-20 02:45:00+00:00,321,0.0,0.1851438338570723,0,0,0
2025-10-20 03:00:00+00:00,321,0.0,0.1653991260221303,0,0,0
2025-10-20 03:15:00+00:00,321,0.0,0.1610860555028557,0,0,0
2025-10-20 03:30:00+00:00,321,0.0,0.1633030193235702,0,0,0
2025-10-20 03:45:00+00:00,321,0.0,0.1660980205495295,0,0,0
2025-10-20 04:00:00+00:00,321,0.0,0.1741712186210851,0,0,0
2025-10-20 04:15:00+00:00,321,0.0,0.1999025364090494,0,0,0
2025-10-20 04:30:00+00:00,321,0.0,0.210759774917443,0,0,0
2025-10-20 04:45:00+00:00,321,0.0,0.1835986510327725,0,0,0
2025-10-20 05:00:00+00:00,321,0.0,0.160028916236278,0,0,0
2025-10-20 05:15:00+00:00,321,10.999999999967258,0.1903179032060151,0,0,0
2025-10-20 05:30:00+00:00,321,22.00000000016189,12.036330063567249,0,0,0
2025-10-20 05:45:00+00:00,321,16.999999999825377,10.320173927948188,0,0,0
2025-10-20 06:00:00+00:00,321,7.000000000061846,8.685138881058492,0,0,0
2025-10-20 06:15:00+00:00,321,8.000000000038199,5.6219153191837705,0,0,0
2025-10-20 06:30:00+00:00,321,3.999999999905413,4.379661376337493,0,0,0
2025-10-20 06:45:00+00:00,321,4.000000000132786,3.610440515008174,0,0,0
2025-10-20 07:00:00+00:00,321,4.999999999881766,3.3158826117492106,0,0,0
2025-10-20 07:15:00+00:00,321,5.000000000109139,3.7504620000578015,0,0,0
2025-10-20 07:30:00+00:00,321,2.9999999999290594,4.16547291848285,0,0,0
2025-10-20 07:45:00+00:00,321,3.000000000156433,4.163739743703028,0,0,0
2025-10-20 08:00:00+00:00,321,2.9999999999290594,3.671312915934377,0,0,0
2025-10-20 08:15:00+00:00,321,3.999999999905413,4.045422207543794,0,0,0
2025-10-20 08:30:00+00:00,321,5.000000000109139,3.8055205316253273,0,0,0
2025-10-20 08:45:00+00:00,321,4.999999999881766,3.796508491488205,0,0,0
2025-10-20 09:00:00+00:00,321,3.000000000156433,3.890347917452506,0,0,0
2025-10-20 09:15:00+00:00,321,2.9999999999290594,3.826654519481408,0,0,0
2025-10-20 09:30:00+00:00,321,3.999999999905413,3.640421986943647,0,0,0
2025-10-20 09:45:00+00:00,321,3.000000000156433,3.5145938584807865,0,0,0
2025-10-20 10:00:00+00:00,321,2.9999999999290594,3.439391704042663,0,0,0
2025-10-20 10:15:00+00:00,321,4.999999999881766,3.571455836466285,0,0,0
2025-10-20 10:30:00+00:00,321,4.000000000132786,3.761528034387912,0,0,0
2025-10-20 10:45:00+00:00,321,2.9999999999290594,3.6928519842699945,0,0,0
2025-10-20 11:00:00+00:00,321,4.000000000132786,3.5091000874307263,0,0,0
2025-10-20 11:15:00+00:00,321,2.9999999999290594,3.5979731582109817,0,0,0
2025-10-20 11:30:00+00:00,321,2.9999999999290594,3.567716657001107,0,0,0
2025-10-20 11:45:00+00:00,321,3.000000000156433,3.557035692499341,0,0,0
2025-10-20 12:00:00+00:00,321,3.999999999905413,3.639529547955709,0,0,0
2025-10-20 12:15:00+00:00,321,3.999999999905413,3.6868544856383054,0,0,0
2025-10-20 12:30:00+00:00,321,4.000000000132786,3.613166362308032,0,0,0
2025-10-20 12:45:00+00:00,321,2.9999999999290594,3.574082964553595,0,0,0
2025-10-20 13:00:00+00:00,321,2.9999999999290594,3.49236303455279,0,0,0
2025-10-20 13:15:00+00:00,321,2.00000000018008,3.315926238574332,0,0,0
2025-10-20 13:30:00+00:00,321,2.9999999999290594,3.1338826744632264,0,0,0
2025-10-20 13:45:00+00:00,321,1.9999999999527065,3.11140425928886,0,0,0
2025-10-20 14:00:00+00:00,321,2.9999999999290594,3.03511817655022,0,0,0
2025-10-20 14:15:00+00:00,321,3.000000000156433,2.9710829389683973,0,0,0
2025-10-20 14:30:00+00:00,321,1.9999999999527065,2.854293856007962,0,0,0
2025-10-20 14:45:00+00:00,321,2.9999999999290594,2.6585474306232726,0,0,0
2025-10-20 15:00:00+00:00,321,1.9999999999527065,2.756239790295114,0,0,0
2025-10-20 15:15:00+00:00,321,3.000000000156433,2.685592600896711,0,0,0
2025-10-20 15:30:00+00:00,321,2.9999999999290594,2.823111781056194,0,0,0
2025-10-20 15:45:00+00:00,321,2.9999999999290594,2.842835288417441,0,0,0
2025-10-20 16:00:00+00:00,321,3.000000000156433,2.9774376006824435,0,0,0
2025-10-20 16:15:00+00:00,321,2.9999999999290594,3.00605268766616,0,0,0
2025-10-20 16:30:00+00:00,321,2.9999999999290594,2.9734062657098623,0,0,0
2025-10-20 16:45:00+00:00,321,3.000000000156433,3.0056391342081907,0,0,0
2025-10-20 17:00:00+00:00,321,2.9999999999290594,3.015580281499489,0,0,0
2025-10-20 17:15:00+00:00,321,1.9999999999527065,3.087634129538625,0,0,0
2025-10-20 17:30:00+00:00,321,1.9999999999527065,2.81051790646615,0,0,0
2025-10-20 17:45:00+00:00,321,3.000000000156433,2.682716259077798,0,0,0
2025-10-20 18:00:00+00:00,321,1.9999999999527065,2.8903596115074106,0,0,0
2025-10-20 18:15:00+00:00,321,3.999999999905413,3.0967355505844054,0,0,0
2025-10-20 18:30:00+00:00,321,4.000000000132786,3.31132696166017,0,0,0
2025-10-20 18:45:00+00:00,321,4.999999999881766,3.506721524080926,0,0,0
2025-10-20 19:00:00+00:00,321,5.000000000109139,3.800901748833157,0,0,0
2025-10-20 19:15:00+00:00,321,2.9999999999290594,3.8884195036164586,0,0,0
2025-10-20 19:30:00+00:00,321,2.9999999999290594,3.729174669319703,0,0,0
2025-10-20 19:45:00+00:00,321,3.000000000156433,3.3812434558206306,0,0,0
2025-10-20 20:00:00+00:00,321,2.9999999999290594,3.063594883571278,0,0,0
2025-10-20 20:15:00+00:00,321,1.9999999999527065,2.9945306628754618,0,0,0
2025-10-20 20:30:00+00:00,321,3.000000000156433,2.377878253335002,0,0,0
2025-10-20 20:45:00+00:00,321,3.999999999905413,2.7356586011851167,0,0,0
2025-10-20 21:00:00+00:00,321,2.9999999999290594,2.862182739757187,0,0,0
2025-10-20 21:15:00+00:00,321,0.9999999999763532,2.131490386233032,0,0,0
2025-10-20 21:30:00+00:00,321,0.9999999999763532,1.0520839881130812,0,0,0
2025-10-20 21:45:00+00:00,321,1.0000000002037268,0.4263945521629289,0,0,0
2025-10-20 22:00:00+00:00,321,0.0,0.2088191383593156,0,0,0
2025-10-20 22:15:00+00:00,321,0.0,0.0905894327339624,0,0,0
2025-10-20 22:30:00+00:00,321,0.0,0.0986597463873284,0,0,0
2025-10-20 22:45:00+00:00,321,0.0,0.0855281441362425,0,0,0
2025-10-20 23:00:00+00:00,321,0.0,0.061692177540825,0,0,0
2025-10-20 23:15:00+00:00,321,0.0,0.0434012164735642,0,0,0
2025-10-20 23:30:00+00:00,321,0.0,0.0370981858451164,0,0,0
2025-10-20 23:45:00+00:00,321,0.0,0.0377339116141581,0,0,0
2025-10-21 00:00:00+00:00,321,0.0,0.0329535653481287,0,0,0
2025-10-21 00:15:00+00:00,321,0.0,0.0316581731390694,0,0,0
2025-10-21 00:30:00+00:00,321,0.0,0.0333963235402698,0,0,0
2025-10-21 00:45:00+00:00,321,0.0,0.0334592038568084,0,0,0
2025-10-21 01:00:00+00:00,321,0.0,0.0333519035001463,0,0,0
2025-10-21 01:15:00+00:00,321,0.0,0.0391637177108639,0,0,0
2025-10-21 01:30:00+00:00,321,0.0,0.0497988560186395,0,0,0
2025-10-21 01:45:00+00:00,321,0.0,0.0534591827015518,0,0,0
2025-10-21 02:00:00+00:00,321,0.0,0.0534228390323598,0,0,0
2025-10-21 02:15:00+00:00,321,0.0,0.0599404703741326,0,0,0
2025-10-21 02:30:00+00:00,321,0.0,0.070980869437581,0,0,0
2025-10-21 02:45:00+00:00,321,0.0,0.0773661059844399,0,0,0
2025-10-21 03:00:00+00:00,321,0.0,0.0837721103422652,0,0,0
2025-10-21 03:15:00+00:00,321,0.0,0.1025537109436185,0,0,0
2025-10-21 03:30:00+00:00,321,0.0,0.1245993191685994,0,0,0
2025-10-21 03:45:00+00:00,321,0.0,0.131228865936138,0,0,0
2025-10-21 04:45:00+00:00,321,0.0,0.1384185667161444,0,0,0
2025-10-21 05:00:00+00:00,321,0.0,0.1921973900985181,0,0,0
2025-10-21 05:15:00+00:00,321,6.999999999834472,0.3781160258267695,0,0,0
2025-10-21 05:30:00+00:00,321,10.999999999967258,9.463184439563506,0,0,0
2025-10-21 05:45:00+00:00,321,5.000000000109139,5.7720631311724855,0,0,0
2025-10-21 06:00:00+00:00,321,3.999999999905413,4.956767547169729,0,0,0
2025-10-21 06:15:00+00:00,321,12.000000000170983,3.8714250164150794,0,0,0
2025-10-21 06:30:00+00:00,321,12.999999999919964,9.646584401328385,0,0,0
2025-10-21 06:45:00+00:00,321,7.000000000061846,6.8798369168640985,0,0,0
2025-10-21 07:00:00+00:00,321,6.999999999834472,4.934923415555309,0,0,0
2025-10-21 07:15:00+00:00,321,3.000000000156433,4.116424757263186,0,0,0
2025-10-21 07:30:00+00:00,321,2.9999999999290594,3.734458526835997,0,0,0
2025-10-21 07:45:00+00:00,321,2.9999999999290594,3.425024885757004,0,0,0
2025-10-21 08:00:00+00:00,321,3.000000000156433,3.4969309073639097,0,0,0
2025-10-21 08:15:00+00:00,321,2.9999999999290594,4.185099293061554,0,0,0
2025-10-21 08:30:00+00:00,321,3.999999999905413,3.912554872819982,0,0,0
2025-10-21 08:45:00+00:00,321,4.000000000132786,3.558639284791985,0,0,0
2025-10-21 09:00:00+00:00,321,2.9999999999290594,3.334197152935173,0,0,0
2025-10-21 09:15:00+00:00,321,2.9999999999290594,3.255158614138874,0,0,0
2025-10-21 09:30:00+00:00,321,3.000000000156433,3.1796008469931705,0,0,0
2025-10-21 09:45:00+00:00,321,3.999999999905413,3.056488470366504,0,0,0
2025-10-21 10:00:00+00:00,321,4.000000000132786,3.079736087761648,0,0,0
2025-10-21 10:15:00+00:00,321,3.999999999905413,3.539221489703634,0,0,0
2025-10-21 10:30:00+00:00,321,2.9999999999290594,3.647436675649984,0,0,0
2025-10-21 10:45:00+00:00,321,3.000000000156433,3.567395873643169,0,0,0
2025-10-21 11:00:00+00:00,321,2.9999999999290594,3.306282186356587,0,0,0
2025-10-21 11:15:00+00:00,321,2.9999999999290594,3.2139178518545712,0,0,0
2025-10-21 11:30:00+00:00,321,3.000000000156433,3.217426962913881,0,0,0
2025-10-21 11:45:00+00:00,321,2.9999999999290594,3.2150178247312686,0,0,0
2025-10-21 12:00:00+00:00,321,2.9999999999290594,3.1715969470686263,0,0,0
2025-10-21 12:15:00+00:00,321,1.9999999999527065,3.1703893853934475,0,0,0
2025-10-21 12:30:00+00:00,321,3.000000000156433,3.0282108603109994,0,0,0
2025-10-21 12:45:00+00:00,321,2.9999999999290594,2.927524618779009,0,0,0
2025-10-21 13:00:00+00:00,321,2.9999999999290594,2.828384281175865,0,0,0
2025-10-21 13:15:00+00:00,321,4.000000000132786,2.7894241562438173,0,0,0
2025-10-21 13:30:00+00:00,321,1.9999999999527065,2.8870445496818222,0,0,0
2025-10-21 13:45:00+00:00,321,2.9999999999290594,2.926727149259972,0,0,0
2025-10-21 14:00:00+00:00,321,2.00000000018008,2.804759742433763,0,0,0
2025-10-21 14:15:00+00:00,321,2.9999999999290594,2.576298534381677,0,0,0
2025-10-21 14:30:00+00:00,321,1.9999999999527065,2.493645819593503,0,0,0
2025-10-21 14:45:00+00:00,321,2.9999999999290594,2.4911773345066344,0,0,0
2025-10-21 15:00:00+00:00,321,2.00000000018008,2.578276956818091,0,0,0
2025-10-21 15:15:00+00:00,321,1.9999999999527065,2.577514460869606,0,0,0
2025-10-21 15:30:00+00:00,321,2.9999999999290594,2.367567900515403,0,0,0
2025-10-21 15:45:00+00:00,321,1.9999999999527065,2.5653319764238884,0,0,0
2025-10-21 16:00:00+00:00,321,1.9999999999527065,2.600047968431399,0,0,0
2025-10-21 16:15:00+00:00,321,3.000000000156433,2.562337373459192,0,0,0
2025-10-21 16:30:00+00:00,321,1.9999999999527065,2.543957860753503,0,0,0
2025-10-21 16:45:00+00:00,321,2.9999999999290594,2.585293592506707,0,0,0
2025-10-21 17:00:00+00:00,321,3.000000000156433,2.685777780544499,0,0,0
2025-10-21 17:15:00+00:00,321,3.999999999905413,2.7903287097881524,0,0,0
2025-10-21 17:30:00+00:00,321,2.9999999999290594,2.9337778931936818,0,0,0
2025-10-21 17:45:00+00:00,321,4.000000000132786,3.0567540531713338,0,0,0
2025-10-21 18:00:00+00:00,321,2.9999999999290594,3.2011754297277504,0,0,0
2025-10-21 18:15:00+00:00,321,2.9999999999290594,3.3225227587535966,0,0,0
2025-10-21 18:30:00+00:00,321,3.000000000156433,3.352639618067855,0,0,0
2025-10-21 18:45:00+00:00,321,2.9999999999290594,3.319579931095408,0,0,0
2025-10-21 19:00:00+00:00,321,2.9999999999290594,3.271464085945156,0,0,0
2025-10-21 19:15:00+00:00,321,4.000000000132786,3.273021671767672,0,0,0
2025-10-21 19:30:00+00:00,321,2.9999999999290594,3.257496290860834,0,0,0
2025-10-21 19:45:00+00:00,321,2.9999999999290594,3.0959985817369,0,0,0
2025-10-21 20:00:00+00:00,321,3.000000000156433,2.8411628306405143,0,0,0
2025-10-21 20:15:00+00:00,321,2.9999999999290594,2.760243939626256,0,0,0
2025-10-21 20:30:00+00:00,321,2.9999999999290594,2.8221442750848653,0,0,0
2025-10-21 20:45:00+00:00,321,3.000000000156433,2.998354536069739,0,0,0
2025-10-21 21:00:00+00:00,321,2.9999999999290594,2.7076099418234314,0,0,0
2025-10-21 21:15:00+00:00,321,2.9999999999290594,1.6826518405477175,0,0,0
2025-10-21 21:30:00+00:00,321,1.9999999999527065,1.0181176563931111,0,0,0
2025-10-21 21:45:00+00:00,321,1.0000000002037268,0.9079317277737772,0,0,0
2025-10-21 22:00:00+00:00,321,0.9999999999763532,0.6405052028369012,0,0,0
2025-10-21 22:15:00+00:00,321,0.0,0.4298965242872192,0,0,0
2025-10-21 22:30:00+00:00,321,0.9999999999763532,0.251959073690267,0,0,0
2025-10-21 22:45:00+00:00,321,0.9999999999763532,0.3098003116512178,0,0,0
2025-10-21 23:00:00+00:00,321,1.9999999999527065,0.4345606285001975,0,0,0
2025-10-21 23:15:00+00:00,321,1.9999999999527065,0.7761492948416211,0,0,0
2025-10-21 23:30:00+00:00,321,3.000000000156433,0.8230603185139751,0,0,0
2025-10-21 23:45:00+00:00,321,1.9999999999527065,1.451744645870643,0,0,0
2025-10-22 00:00:00+00:00,321,1.9999999999527065,1.8011919095702975,0,0,0
2025-10-22 00:15:00+00:00,321,1.9999999999527065,1.7753397346601787,0,0,0
2025-10-22 00:30:00+00:00,321,0.9999999999763532,1.8501234681846377,0,0,0
2025-10-22 00:45:00+00:00,321,2.00000000018008,1.7764900406342887,0,0,0
2025-10-22 01:00:00+00:00,321,2.9999999999290594,1.7825167440001497,0,0,0
2025-10-22 01:15:00+00:00,321,1.9999999999527065,1.9033104089544557,0,0,0
2025-10-22 01:30:00+00:00,321,1.9999999999527065,1.9235630628326292,0,0,0
2025-10-22 01:45:00+00:00,321,1.9999999999527065,1.801981951712496,0,0,0
2025-10-22 02:00:00+00:00,321,2.00000000018008,1.8415801099481377,0,0,0
2025-10-22 02:15:00+00:00,321,1.9999999999527065,1.9108191263862588,0,0,0
2025-10-22 02:30:00+00:00,321,1.9999999999527065,1.9536501405290776,0,0,0
2025-10-22 02:45:00+00:00,321,1.9999999999527065,1.993533567723695,0,0,0
2025-10-22 03:00:00+00:00,321,3.000000000156433,2.009688617121376,0,0,0
2025-10-22 03:15:00+00:00,321,1.9999999999527065,2.052148118201343,0,0,0
2025-10-22 03:30:00+00:00,321,1.9999999999527065,2.0613716222470084,0,0,0
2025-10-22 03:45:00+00:00,321,1.9999999999527065,1.9763738754704916,0,0,0
2025-10-22 04:00:00+00:00,321,1.9999999999527065,1.9432676772547328,0,0,0
2025-10-22 04:15:00+00:00,321,3.000000000156433,2.0595550156710445,0,0,0
2025-10-22 04:30:00+00:00,321,1.9999999999527065,2.3597726161364383,0,0,0
2025-10-22 04:45:00+00:00,321,1.9999999999527065,2.2612101717176305,0,0,0
2025-10-22 05:00:00+00:00,321,1.9999999999527065,2.184341292283733,0,0,0
2025-10-22 05:15:00+00:00,321,5.000000000109139,2.1945186734247804,0,0,0
2025-10-22 05:30:00+00:00,321,3.999999999905413,3.765189767224693,0,0,0
2025-10-22 05:45:00+00:00,321,5.000000000109139,3.0745283428303383,0,0,0
2025-10-22 06:00:00+00:00,321,2.9999999999290594,3.223734897053252,0,0,0
2025-10-22 06:15:00+00:00,321,14.000000000123691,3.547354972115357,0,0,0
2025-10-22 06:30:00+00:00,321,12.999999999919964,8.287341269009751,0,0,0
2025-10-22 06:45:00+00:00,321,6.0000000000854925,6.865634907022762,0,0,0
2025-10-22 07:00:00+00:00,321,4.999999999881766,4.81889105970698,0,0,0
2025-10-22 07:15:00+00:00,321,6.0000000000854925,3.97191374741152,0,0,0
2025-10-22 07:30:00+00:00,321,2.9999999999290594,3.867835069535998,0,0,0
2025-10-22 07:45:00+00:00,321,5.000000000109139,3.7478023681830144,0,0,0
2025-10-22 08:00:00+00:00,321,4.999999999881766,3.8372590108459166,0,0,0
2025-10-22 08:15:00+00:00,321,3.999999999905413,4.541247204437127,0,0,0
2025-10-22 08:30:00+00:00,321,5.000000000109139,4.185192892431815,0,0,0
2025-10-22 08:45:00+00:00,321,3.999999999905413,3.9828452596883017,0,0,0
2025-10-22 09:00:00+00:00,321,4.000000000132786,3.973544453235148,0,0,0
2025-10-22 09:15:00+00:00,321,3.999999999905413,4.054668137940885,0,0,0
2025-10-22 09:30:00+00:00,321,5.000000000109139,3.911933136479161,0,0,0
2025-10-22 09:45:00+00:00,321,3.999999999905413,3.941907325258705,0,0,0
2025-10-22 10:00:00+00:00,321,4.000000000132786,3.934404484828963,0,0,0
2025-10-22 10:15:00+00:00,321,3.999999999905413,3.896723851750703,0,0,0
2025-10-22 10:30:00+00:00,321,3.999999999905413,3.818846723938545,0,0,0
2025-10-22 10:45:00+00:00,321,4.000000000132786,3.664394963403082,0,0,0
2025-10-22 11:00:00+00:00,321,3.999999999905413,3.6224765791755296,0,0,0
2025-10-22 11:15:00+00:00,321,4.000000000132786,3.6549753910309617,0,0,0
2025-10-22 11:30:00+00:00,321,2.9999999999290594,3.6017953728648,0,0,0
2025-10-22 11:45:00+00:00,321,3.999999999905413,3.478057365932755,0,0,0
2025-10-22 12:00:00+00:00,321,4.000000000132786,3.481837540191456,0,0,0
2025-10-22 12:15:00+00:00,321,2.9999999999290594,3.544580197871954,0,0,0
2025-10-22 12:30:00+00:00,321,2.9999999999290594,3.463966298026045,0,0,0
2025-10-22 12:45:00+00:00,321,3.000000000156433,3.400662657062849,0,0,0
2025-10-22 13:00:00+00:00,321,2.9999999999290594,3.344573054158136,0,0,0
2025-10-22 13:15:00+00:00,321,4.000000000132786,3.283671520608215,0,0,0
2025-10-22 13:30:00+00:00,321,2.9999999999290594,3.2710354614021444,0,0,0
2025-10-22 13:45:00+00:00,321,3.999999999905413,3.278184852437948,0,0,0
2025-10-22 14:00:00+00:00,321,3.000000000156433,3.313951854323383,0,0,0
2025-10-22 14:15:00+00:00,321,2.9999999999290594,3.2608825257052567,0,0,0
2025-10-22 14:30:00+00:00,321,2.9999999999290594,3.234206416739209,0,0,0
2025-10-22 15:00:00+00:00,321,4.000000000132786,3.225207320428713,0,0,0
2025-10-22 15:15:00+00:00,321,2.9999999999290594,3.247718545859989,0,0,0
2025-10-22 15:30:00+00:00,321,4.000000000132786,3.221130123206913,0,0,0
2025-10-22 15:45:00+00:00,321,2.9999999999290594,3.21993813738996,0,0,0
2025-10-22 16:00:00+00:00,321,3.999999999905413,3.251173646188694,0,0,0
2025-10-22 16:15:00+00:00,321,3.000000000156433,3.257197969909549,0,0,0
2025-10-22 16:30:00+00:00,321,3.999999999905413,3.238962533892443,0,0,0
2025-10-22 16:45:00+00:00,321,2.9999999999290594,3.2704890804865334,0,0,0
2025-10-22 17:00:00+00:00,321,4.000000000132786,3.304797936866548,0,0,0
2025-10-22 17:15:00+00:00,321,2.9999999999290594,3.3142193841104914,0,0,0
2025-10-22 17:30:00+00:00,321,2.9999999999290594,3.338789795687498,0,0,0
2025-10-22 17:45:00+00:00,321,3.000000000156433,3.316102837078005,0,0,0
2025-10-22 18:00:00+00:00,321,3.999999999905413,3.545723040413998,0,0,0
2025-10-22 18:15:00+00:00,321,5.000000000109139,3.722422534779097,0,0,0
2025-10-22 18:30:00+00:00,321,3.999999999905413,3.987293429144543,0,0,0
2025-10-22 18:45:00+00:00,321,5.000000000109139,4.024018634752644,0,0,0
2025-10-22 19:00:00+00:00,321,5.999999999858119,4.181043656865723,0,0,0
2025-10-22 19:15:00+00:00,321,6.0000000000854925,4.564247555082947,0,0,0
2025-10-22 19:30:00+00:00,321,4.999999999881766,4.793460009852578,0,0,0
2025-10-22 19:45:00+00:00,321,5.000000000109139,4.416255773580685,0,0,0
2025-10-22 20:00:00+00:00,321,3.999999999905413,4.258444783566102,0,0,0
2025-10-22 20:15:00+00:00,321,4.000000000132786,3.988377645886878,0,0,0
2025-10-22 20:30:00+00:00,321,3.999999999905413,3.84653840049401,0,0,0
2025-10-22 20:45:00+00:00,321,4.000000000132786,3.938970699099624,0,0,0
2025-10-22 21:00:00+00:00,321,3.999999999905413,3.8094640000088,0,0,0
2025-10-22 21:15:00+00:00,321,2.9999999999290594,2.831979924780871,0,0,0
2025-10-22 21:30:00+00:00,321,2.00000000018008,2.2129625086561022,0,0,0
2025-10-22 21:45:00+00:00,321,0.9999999999763532,1.888706311217454,0,0,0
2025-10-22 22:00:00+00:00,321,1.9999999999527065,0.8758137312298593,0,0,0
2025-10-22 22:15:00+00:00,321,1.9999999999527065,1.3819593206273653,0,0,0
2025-10-22 22:30:00+00:00,321,2.9999999999290594,2.0883827563858066,0,0,0
2025-10-22 22:45:00+00:00,321,2.00000000018008,2.4861538317872016,0,0,0
2025-10-22 23:00:00+00:00,321,1.9999999999527065,2.623197443497634,0,0,0
2025-10-22 23:15:00+00:00,321,2.9999999999290594,2.490347775835235,0,0,0
2025-10-22 23:30:00+00:00,321,1.9999999999527065,2.410727449890045,0,0,0
2025-10-22 23:45:00+00:00,321,3.000000000156433,2.3604044479409243,0,0,0
2025-10-23 00:00:00+00:00,321,1.9999999999527065,2.5504111695696423,0,0,0
2025-10-23 00:15:00+00:00,321,2.9999999999290594,2.4498992911172275,0,0,0
2025-10-23 00:30:00+00:00,321,1.9999999999527065,2.4026556940275845,0,0,0
2025-10-23 00:45:00+00:00,321,2.00000000018008,2.304515095769041,0,0,0
2025-10-23 01:00:00+00:00,321,1.9999999999527065,2.281445807528484,0,0,0
2025-10-23 01:15:00+00:00,321,2.9999999999290594,2.231548545704184,0,0,0
2025-10-23 01:30:00+00:00,321,1.9999999999527065,2.180262148079655,0,0,0
2025-10-23 01:45:00+00:00,321,3.000000000156433,2.187290609882849,0,0,0
2025-10-23 02:00:00+00:00,321,1.9999999999527065,2.264402357328331,0,0,0
2025-10-23 02:15:00+00:00,321,2.9999999999290594,2.28829197410208,0,0,0
2025-10-23 02:30:00+00:00,321,1.9999999999527065,2.23099012234263,0,0,0
2025-10-23 02:45:00+00:00,321,1.9999999999527065,2.151419985273943,0,0,0
2025-10-23 03:00:00+00:00,321,3.000000000156433,2.117183672011404,0,0,0
2025-10-23 03:15:00+00:00,321,1.9999999999527065,2.2734692374662884,0,0,0
2025-10-23 03:30:00+00:00,321,1.9999999999527065,2.168561505692551,0,0,0
2025-10-23 03:45:00+00:00,321,3.000000000156433,2.081568318412299,0,0,0
2025-10-23 04:00:00+00:00,321,1.9999999999527065,2.1390850593268924,0,0,0
2025-10-23 04:15:00+00:00,321,2.9999999999290594,2.374207975409334,0,0,0
2025-10-23 04:30:00+00:00,321,1.9999999999527065,2.470104352095269,0,0,0
2025-10-23 04:45:00+00:00,321,1.9999999999527065,2.3444654414656627,0,0,0
2025-10-23 05:00:00+00:00,321,3.000000000156433,2.3574037876980287,0,0,0
2025-10-23 05:15:00+00:00,321,4.999999999881766,2.8086252954708835,0,0,0
2025-10-23 05:30:00+00:00,321,4.000000000132786,4.926497885801863,0,0,0
2025-10-23 05:45:00+00:00,321,3.999999999905413,3.6264820264948567,0,0,0
2025-10-23 06:00:00+00:00,321,2.9999999999290594,3.169932565662631,0,0,0
2025-10-23 06:15:00+00:00,321,14.000000000123691,4.050045641460295,0,0,0
2025-10-23 06:30:00+00:00,321,12.999999999919964,8.814925008161458,0,0,0
2025-10-23 06:45:00+00:00,321,8.000000000038199,7.336491082076616,0,0,0
2025-10-23 07:00:00+00:00,321,7.000000000061846,5.864145874348717,0,0,0
2025-10-23 07:15:00+00:00,321,4.999999999881766,4.596302022316233,0,0,0
2025-10-23 07:30:00+00:00,321,4.000000000132786,4.029804489199654,0,0,0
2025-10-23 07:45:00+00:00,321,3.999999999905413,3.810521968545608,0,0,0
2025-10-23 08:00:00+00:00,321,6.0000000000854925,3.847697035225643,0,0,0
2025-10-23 08:15:00+00:00,321,3.999999999905413,4.873312243020232,0,0,0
2025-10-23 08:30:00+00:00,321,4.000000000132786,4.393448246290857,0,0,0
2025-10-23 08:45:00+00:00,321,3.999999999905413,3.986588008620989,0,0,0
2025-10-23 09:00:00+00:00,321,3.999999999905413,3.893177495641517,0,0,0
2025-10-23 09:15:00+00:00,321,4.000000000132786,3.913718411062538,0,0,0
2025-10-23 09:30:00+00:00,321,3.999999999905413,3.874546425614446,0,0,0
2025-10-23 09:45:00+00:00,321,3.000000000156433,3.813304494662896,0,0,0
2025-10-23 10:00:00+00:00,321,3.999999999905413,3.7679868596538393,0,0,0
2025-10-23 10:15:00+00:00,321,3.999999999905413,3.752373684268348,0,0,0
2025-10-23 10:30:00+00:00,321,4.000000000132786,3.752881522145898,0,0,0
2025-10-23 10:45:00+00:00,321,3.999999999905413,3.7188227808781695,0,0,0
2025-10-23 11:00:00+00:00,321,5.000000000109139,3.701173530747696,0,0,0
2025-10-23 11:15:00+00:00,321,2.9999999999290594,3.825333672281824,0,0,0
2025-10-23 11:30:00+00:00,321,4.000000000132786,3.7149335756118935,0,0,0
2025-10-23 11:45:00+00:00,321,2.9999999999290594,3.6561904882486607,0,0,0
2025-10-23 12:00:00+00:00,321,2.9999999999290594,3.6281654450609047,0,0,0
2025-10-23 12:15:00+00:00,321,2.9999999999290594,3.5228524885867216,0,0,0
2025-10-23 12:30:00+00:00,321,4.000000000132786,3.431917888070957,0,0,0
2025-10-23 12:45:00+00:00,321,3.999999999905413,3.445324699872581,0,0,0
2025-10-23 13:00:00+00:00,321,3.000000000156433,3.483651154183548,0,0,0
2025-10-23 13:15:00+00:00,321,3.999999999905413,3.3422169892702165,0,0,0
2025-10-23 13:30:00+00:00,321,3.999999999905413,3.3379481224597014,0,0,0
2025-10-23 13:45:00+00:00,321,3.000000000156433,3.376178129037445,0,0,0
2025-10-23 14:00:00+00:00,321,2.9999999999290594,3.3851898446775213,0,0,0
2025-10-23 14:15:00+00:00,321,2.9999999999290594,3.319057562961227,0,0,0
2025-10-23 14:30:00+00:00,321,3.000000000156433,3.3638328191849105,0,0,0
2025-10-23 14:45:00+00:00,321,3.999999999905413,3.4346588785663115,0,0,0
2025-10-23 15:00:00+00:00,321,2.9999999999290594,3.535480507477088,0,0,0
2025-10-23 15:15:00+00:00,321,3.000000000156433,3.567499280035275,0,0,0
2025-10-23 15:30:00+00:00,321,3.999999999905413,3.556532433635668,0,0,0
2025-10-23 15:45:00+00:00,321,4.000000000132786,3.623254074098602,0,0,0
2025-10-23 16:00:00+00:00,321,3.999999999905413,3.807235642736236,0,0,0
2025-10-23 16:15:00+00:00,321,4.999999999881766,4.377899285265317,0,0,0
2025-10-23 16:30:00+00:00,321,4.000000000132786,4.969592103104506,0,0,0
2025-10-23 16:45:00+00:00,321,4.999999999881766,4.53717779514444,0,0,0
2025-10-23 17:00:00+00:00,321,4.000000000132786,4.29635959534615,0,0,0
2025-10-23 17:15:00+00:00,321,4.999999999881766,4.126796980852957,0,0,0
2025-10-23 17:30:00+00:00,321,5.000000000109139,4.13120574194568,0,0,0
2025-10-23 17:45:00+00:00,321,4.999999999881766,4.10132179940025,0,0,0
2025-10-23 18:00:00+00:00,321,4.000000000132786,4.102461937800241,0,0,0
2025-10-23 18:15:00+00:00,321,3.999999999905413,4.100434408144145,0,0,0
2025-10-23 18:30:00+00:00,321,4.000000000132786,4.055961366836302,0,0,0
2025-10-23 18:45:00+00:00,321,4.999999999881766,3.983848748776549,0,0,0
2025-10-23 19:00:00+00:00,321,5.000000000109139,4.002188132014172,0,0,0
2025-10-23 19:15:00+00:00,321,5.999999999858119,4.175797188620215,0,0,0
2025-10-23 19:30:00+00:00,321,6.0000000000854925,4.443320702118725,0,0,0
2025-10-23 19:45:00+00:00,321,3.999999999905413,4.323929801840595,0,0,0
2025-10-23 20:00:00+00:00,321,4.000000000132786,4.0893270184682375,0,0,0
2025-10-23 20:15:00+00:00,321,3.999999999905413,3.981058290509238,0,0,0
2025-10-23 20:30:00+00:00,321,4.000000000132786,4.028695466460886,0,0,0
2025-10-23 20:45:00+00:00,321,3.999999999905413,4.118088778116907,0,0,0
2025-10-23 21:00:00+00:00,321,5.000000000109139,3.8777381785624185,0,0,0
2025-10-23 21:15:00+00:00,321,1.9999999999527065,3.368434980517262,0,0,0
2025-10-23 21:30:00+00:00,321,2.9999999999290594,1.756844845226896,0,0,0
2025-10-23 21:45:00+00:00,321,0.9999999999763532,0.8709159891435037,0,0,0
2025-10-23 22:00:00+00:00,321,0.9999999999763532,0.5493633568741965,0,0,0
2025-10-23 22:15:00+00:00,321,1.9999999999527065,0.593971461063779,0,0,0
2025-10-23 22:30:00+00:00,321,3.000000000156433,1.8763474445994277,0,0,0
2025-10-23 22:45:00+00:00,321,1.9999999999527065,2.5594368025274843,0,0,0
2025-10-23 23:00:00+00:00,321,1.9999999999527065,2.734172837375528,0,0,0
2025-10-23 23:15:00+00:00,321,3.000000000156433,2.4639184288453286,0,0,0
2025-10-23 23:30:00+00:00,321,1.9999999999527065,2.4509916202857216,0,0,0
2025-10-23 23:45:00+00:00,321,1.9999999999527065,2.2784497623546924,0,0,0
2025-10-24 00:00:00+00:00,321,2.9999999999290594,2.2522901084655365,0,0,0
2025-10-24 00:15:00+00:00,321,1.9999999999527065,2.4656095632300343,0,0,0
2025-10-24 00:30:00+00:00,321,2.00000000018008,2.487741704000711,0,0,0
2025-10-24 00:45:00+00:00,321,1.9999999999527065,2.2687584056786343,0,0,0
2025-10-24 01:00:00+00:00,321,2.9999999999290594,2.311674510158054,0,0,0
2025-10-24 01:15:00+00:00,321,1.9999999999527065,2.4680991045696894,0,0,0
2025-10-24 01:30:00+00:00,321,2.00000000018008,2.19878472792756,0,0,0
2025-10-24 01:45:00+00:00,321,2.9999999999290594,2.141666325164985,0,0,0
2025-10-24 02:00:00+00:00,321,1.9999999999527065,2.5903496891516853,0,0,0
2025-10-24 02:15:00+00:00,321,1.9999999999527065,2.616637122766652,0,0,0
2025-10-24 02:30:00+00:00,321,3.000000000156433,2.5226676816524423,0,0,0
2025-10-24 02:45:00+00:00,321,7.999999999810825,2.572874729990332,0,0,0
2025-10-24 03:00:00+00:00,321,11.000000000194632,7.319554932233125,0,0,0
2025-10-24 03:15:00+00:00,321,4.999999999881766,6.726153961941911,0,0,0
2025-10-24 03:30:00+00:00,321,4.000000000132786,4.96604066320826,0,0,0
2025-10-24 03:45:00+00:00,321,3.999999999905413,3.8735107752633824,0,0,0
2025-10-24 04:00:00+00:00,321,2.9999999999290594,3.571887201206576,0,0,0
2025-10-24 04:15:00+00:00,321,4.000000000132786,3.6415149651062335,0,0,0
2025-10-24 04:30:00+00:00,321,3.999999999905413,3.950063414297991,0,0,0
2025-10-24 04:45:00+00:00,321,2.9999999999290594,3.970517003958314,0,0,0
2025-10-24 05:00:00+00:00,321,4.000000000132786,3.9557576163570176,0,0,0
2025-10-24 05:15:00+00:00,321,5.999999999858119,3.9524522173323655,0,0,0
2025-10-24 05:30:00+00:00,321,7.000000000061846,6.6348840478115765,0,0,0
2025-10-24 05:45:00+00:00,321,5.000000000109139,6.405357047238343,0,0,0
2025-10-24 07:00:00+00:00,321,7.000000000061846,4.8253910960977935,0,0,0
2025-10-24 07:15:00+00:00,321,4.999999999881766,5.194975636948028,0,0,0
2025-10-24 07:30:00+00:00,321,5.000000000109139,5.369055971431066,0,0,0
2025-10-24 07:45:00+00:00,321,4.999999999881766,5.041666214181426,0,0,0
2025-10-24 08:00:00+00:00,321,5.000000000109139,4.999330454641802,0,0,0
2025-10-24 08:15:00+00:00,321,5.000000000109139,4.921870846362625,0,0,0
2025-10-24 08:30:00+00:00,321,4.999999999881766,4.676011837335763,0,0,0
2025-10-24 08:45:00+00:00,321,5.000000000109139,4.475545782687941,0,0,0
2025-10-24 09:00:00+00:00,321,3.999999999905413,4.467417780670778,0,0,0
2025-10-24 09:15:00+00:00,321,4.999999999881766,4.3475024931657344,0,0,0
2025-10-24 09:30:00+00:00,321,5.000000000109139,4.373657892538061,0,0,0
2025-10-24 09:45:00+00:00,321,5.000000000109139,4.527909798948196,0,0,0
2025-10-24 10:00:00+00:00,321,4.999999999881766,4.55563194217079,0,0,0
2025-10-24 10:15:00+00:00,321,5.000000000109139,4.4828220160136425,0,0,0
2025-10-24 10:30:00+00:00,321,4.999999999881766,4.379986738709308,0,0,0
2025-10-24 10:45:00+00:00,321,4.000000000132786,4.423475472309867,0,0,0
2025-10-24 11:00:00+00:00,321,4.999999999881766,4.343750874647113,0,0,0
2025-10-24 11:15:00+00:00,321,5.000000000109139,4.430040984993591,0,0,0
2025-10-24 11:30:00+00:00,321,3.999999999905413,4.536083230551848,0,0,0
2025-10-24 11:45:00+00:00,321,4.999999999881766,4.543469648652402,0,0,0
2025-10-24 12:00:00+00:00,321,5.000000000109139,4.561466110622479,0,0,0
2025-10-24 12:15:00+00:00,321,5.000000000109139,4.595267742063809,0,0,0
2025-10-24 12:30:00+00:00,321,4.999999999881766,4.483247900359372,0,0,0
2025-10-24 12:45:00+00:00,321,3.999999999905413,4.371458091005576,0,0,0
2025-10-24 13:00:00+00:00,321,4.000000000132786,4.251213402943252,0,0,0
2025-10-24 13:15:00+00:00,321,4.999999999881766,4.074976929808079,0,0,0
2025-10-24 13:30:00+00:00,321,6.0000000000854925,4.050810733385151,0,0,0
2025-10-24 13:45:00+00:00,321,5.000000000109139,4.360738727686657,0,0,0
2025-10-24 14:00:00+00:00,321,5.999999999858119,4.4115308802543565,0,0,0
2025-10-24 14:15:00+00:00,321,4.000000000132786,4.436620703436899,0,0,0
2025-10-24 14:30:00+00:00,321,4.999999999881766,4.335279698975814,0,0,0
2025-10-24 14:45:00+00:00,321,5.000000000109139,4.369929349364958,0,0,0
2025-10-24 15:00:00+00:00,321,3.999999999905413,4.5161929317087735,0,0,0
2025-10-24 15:15:00+00:00,321,5.000000000109139,4.481219577488274,0,0,0
2025-10-24 15:30:00+00:00,321,3.999999999905413,4.474679303463711,0,0,0
2025-10-24 15:45:00+00:00,321,4.999999999881766,4.330240620398156,0,0,0
2025-10-24 16:00:00+00:00,321,4.000000000132786,4.3975764256041625,0,0,0
2025-10-24 16:15:00+00:00,321,3.999999999905413,4.219235661233816,0,0,0
2025-10-24 16:30:00+00:00,321,5.000000000109139,4.1603168767475935,0,0,0
2025-10-24 16:45:00+00:00,321,2.9999999999290594,4.146130154322663,0,0,0
2025-10-24 17:00:00+00:00,321,4.000000000132786,4.02714912986931,0,0,0
2025-10-24 17:15:00+00:00,321,2.9999999999290594,4.109035094192168,0,0,0
2025-10-24 17:30:00+00:00,321,3.999999999905413,4.068283853729909,0,0,0
2025-10-24 17:45:00+00:00,321,4.000000000132786,4.047117920942376,0,0,0
2025-10-24 18:00:00+00:00,321,4.999999999881766,4.036318839515735,0,0,0
2025-10-24 18:15:00+00:00,321,4.000000000132786,4.159343313498066,0,0,0
2025-10-24 18:30:00+00:00,321,3.999999999905413,4.576158832108364,0,0,0
2025-10-24 18:45:00+00:00,321,2.9999999999290594,4.373474371430732,0,0,0
2025-10-24 19:00:00+00:00,321,4.000000000132786,4.196366984278362,0,0,0
2025-10-24 19:15:00+00:00,321,4.999999999881766,4.041993932304254,0,0,0
2025-10-24 19:30:00+00:00,321,6.0000000000854925,4.215777099603282,0,0,0
2025-10-24 19:45:00+00:00,321,2.9999999999290594,4.169812597759925,0,0,0
2025-10-24 20:00:00+00:00,321,4.000000000132786,3.9030747276658753,0,0,0
2025-10-24 20:15:00+00:00,321,2.9999999999290594,3.584868633435653,0,0,0
2025-10-24 20:30:00+00:00,321,2.9999999999290594,3.5412274943889885,0,0,0
2025-10-24 20:45:00+00:00,321,4.000000000132786,3.520871037511208,0,0,0
2025-10-24 21:00:00+00:00,321,2.9999999999290594,3.5300091988336817,0,0,0
2025-10-24 21:15:00+00:00,321,0.9999999999763532,3.1312600172241107,0,0,0
2025-10-24 21:30:00+00:00,321,1.9999999999527065,1.367338204823044,0,0,0
2025-10-24 21:45:00+00:00,321,0.9999999999763532,0.5996615528268849,0,0,0
2025-10-24 22:00:00+00:00,321,0.0,0.6825582893939193,0,0,0
2025-10-24 22:15:00+00:00,321,1.0000000002037268,0.5108904101744134,0,0,0
2025-10-24 22:30:00+00:00,321,1.9999999999527065,0.5369949716761435,0,0,0
2025-10-24 22:45:00+00:00,321,0.9999999999763532,1.416066988838638,0,0,0
2025-10-24 23:00:00+00:00,321,0.9999999999763532,1.55770345963276,0,0,0
2025-10-24 23:15:00+00:00,321,0.9999999999763532,1.319661079679467,0,0,0
2025-10-24 23:30:00+00:00,321,0.9999999999763532,1.4393601079307268,0,0,0
2025-10-24 23:45:00+00:00,321,1.9999999999527065,1.022236028684571,0,0,0
2025-10-25 00:00:00+00:00,321,0.9999999999763532,1.6103821659175268,0,0,0
2025-10-25 00:15:00+00:00,321,2.00000000018008,1.5821145792152325,0,0,0
2025-10-25 00:30:00+00:00,321,0.9999999999763532,2.3918610473939106,0,0,0
2025-10-25 00:45:00+00:00,321,1.9999999999527065,1.4931611413331622,0,0,0
2025-10-25 01:00:00+00:00,321,0.9999999999763532,1.418420097197913,0,0,0
2025-10-25 01:15:00+00:00,321,1.9999999999527065,1.5512368824929474,0,0,0
2025-10-25 01:30:00+00:00,321,0.9999999999763532,1.5789725824810348,0,0,0
2025-10-25 01:45:00+00:00,321,2.00000000018008,1.3824358265123275,0,0,0
2025-10-25 02:00:00+00:00,321,0.9999999999763532,1.238245491852918,0,0,0
2025-10-25 05:30:00+00:00,321,11.999999999943611,1.2659347527081484,0,0,0
2025-10-25 05:45:00+00:00,321,8.000000000038199,10.836239031500568,0,0,0
2025-10-25 06:00:00+00:00,321,3.999999999905413,6.428987354816824,0,0,0
2025-10-25 06:15:00+00:00,321,4.000000000132786,4.377452200445892,0,0,0
2025-10-25 06:30:00+00:00,321,4.999999999881766,3.5944678690057734,0,0,0
2025-10-25 06:45:00+00:00,321,4.000000000132786,4.33765927187198,0,0,0
2025-10-25 07:00:00+00:00,321,3.999999999905413,4.280276584292761,0,0,0
2025-10-25 07:15:00+00:00,321,3.000000000156433,3.8948034782303593,0,0,0
2025-10-25 07:30:00+00:00,321,3.999999999905413,3.9220283838122527,0,0,0
2025-10-25 07:45:00+00:00,321,4.999999999881766,3.776039704549543,0,0,0
2025-10-25 08:00:00+00:00,321,6.0000000000854925,3.782965228678587,0,0,0
2025-10-25 08:15:00+00:00,321,6.0000000000854925,4.630379836799241,0,0,0
2025-10-25 08:30:00+00:00,321,4.999999999881766,4.899686786064531,0,0,0
2025-10-25 08:45:00+00:00,321,5.000000000109139,4.494032018866654,0,0,0
2025-10-25 09:00:00+00:00,321,3.999999999905413,4.332130491196142,0,0,0
2025-10-25 09:15:00+00:00,321,5.000000000109139,4.34545585423913,0,0,0
2025-10-25 09:30:00+00:00,321,3.999999999905413,4.444575063479033,0,0,0
2025-10-25 09:45:00+00:00,321,5.000000000109139,4.322893141943165,0,0,0
2025-10-25 10:00:00+00:00,321,3.999999999905413,4.127890608009636,0,0,0
2025-10-25 10:15:00+00:00,321,5.000000000109139,4.056913981998726,0,0,0
2025-10-25 10:30:00+00:00,321,4.999999999881766,4.11177103695569,0,0,0
2025-10-25 10:45:00+00:00,321,3.999999999905413,4.220610807605824,0,0,0
2025-10-25 11:00:00+00:00,321,4.000000000132786,4.1808204028978295,0,0,0
2025-10-25 11:15:00+00:00,321,2.9999999999290594,4.079158723244488,0,0,0
2025-10-25 11:30:00+00:00,321,4.000000000132786,3.897533363715683,0,0,0
2025-10-25 11:45:00+00:00,321,3.999999999905413,3.735137915485388,0,0,0
2025-10-25 12:00:00+00:00,321,2.9999999999290594,3.415910773271188,0,0,0
2025-10-25 12:15:00+00:00,321,4.000000000132786,3.1358566260514467,0,0,0
2025-10-25 12:30:00+00:00,321,2.9999999999290594,3.34269032229517,0,0,0
2025-10-25 12:45:00+00:00,321,4.000000000132786,3.354796658100676,0,0,0
2025-10-25 13:00:00+00:00,321,3.999999999905413,3.4482052962083243,0,0,0
2025-10-25 13:15:00+00:00,321,3.999999999905413,3.522569815604117,0,0,0
2025-10-25 13:30:00+00:00,321,4.000000000132786,3.6391899077138543,0,0,0
2025-10-25 13:45:00+00:00,321,2.9999999999290594,3.671903680834885,0,0,0
2025-10-25 14:00:00+00:00,321,3.999999999905413,3.5262545877311884,0,0,0
2025-10-25 14:15:00+00:00,321,4.000000000132786,3.529927101080953,0,0,0
2025-10-25 14:30:00+00:00,321,2.9999999999290594,3.5230688920614144,0,0,0
2025-10-25 14:45:00+00:00,321,3.000000000156433,3.4806758768207238,0,0,0
2025-10-25 15:00:00+00:00,321,3.999999999905413,3.366626017649501,0,0,0
2025-10-25 15:15:00+00:00,321,2.9999999999290594,3.420845111413328,0,0,0
2025-10-25 15:30:00+00:00,321,3.000000000156433,3.4221779650036277,0,0,0
2025-10-25 15:45:00+00:00,321,3.999999999905413,3.3218502566526342,0,0,0
2025-10-25 16:00:00+00:00,321,2.9999999999290594,3.402292930223749,0,0,0
2025-10-25 16:15:00+00:00,321,3.000000000156433,3.341881387213828,0,0,0
2025-10-25 16:30:00+00:00,321,2.9999999999290594,3.1731282846856144,0,0,0
2025-10-25 16:45:00+00:00,321,3.999999999905413,3.153960244157277,0,0,0
2025-10-25 17:00:00+00:00,321,3.000000000156433,3.354144419037497,0,0,0
2025-10-25 17:15:00+00:00,321,3.999999999905413,3.3382037540217766,0,0,0
2025-10-25 17:30:00+00:00,321,2.9999999999290594,3.402931468300526,0,0,0
2025-10-25 17:45:00+00:00,321,4.000000000132786,3.4496702561517187,0,0,0
2025-10-25 18:00:00+00:00,321,2.9999999999290594,3.484018088232524,0,0,0
2025-10-25 18:15:00+00:00,321,5.000000000109139,3.425564776731688,0,0,0
2025-10-25 18:30:00+00:00,321,2.9999999999290594,3.563198937011264,0,0,0
2025-10-25 18:45:00+00:00,321,0.9999999999763532,3.531503111124657,0,0,0
2025-10-25 19:00:00+00:00,321,1.9999999999527065,2.2250632198461378,0,0,0
2025-10-25 19:15:00+00:00,321,1.9999999999527065,2.473417106386305,0,0,0
2025-10-25 19:30:00+00:00,321,2.00000000018008,2.761945457916445,0,0,0
2025-10-25 19:45:00+00:00,321,1.9999999999527065,2.653275291055875,0,0,0
2025-10-25 20:00:00+00:00,321,8.000000000038199,2.6336026936756785,0,0,0
2025-10-25 20:15:00+00:00,321,6.999999999834472,6.203503154778478,0,0,0
2025-10-25 20:30:00+00:00,321,4.000000000132786,4.977744045792645,0,0,0
2025-10-25 20:45:00+00:00,321,3.999999999905413,3.715884279847266,0,0,0
2025-10-25 21:00:00+00:00,321,3.000000000156433,3.447548802628316,0,0,0
2025-10-25 21:15:00+00:00,321,0.9999999999763532,2.9261956952084924,0,0,0
2025-10-25 21:30:00+00:00,321,0.9999999999763532,2.1862046264343724,0,0,0
2025-10-25 21:45:00+00:00,321,0.9999999999763532,2.1671449679195183,0,0,0
2025-10-25 22:00:00+00:00,321,1.9999999999527065,2.5817007612094365,0,0,0
2025-10-25 22:15:00+00:00,321,1.9999999999527065,2.094220818802052,0,0,0
2025-10-25 22:30:00+00:00,321,3.000000000156433,1.81548622079371,0,0,0
2025-10-25 22:45:00+00:00,321,2.9999999999290594,2.5049295193312657,0,0,0
2025-10-25 23:00:00+00:00,321,1.9999999999527065,3.20145392030398,0,0,0
2025-10-25 23:15:00+00:00,321,1.9999999999527065,2.675760773054807,0,0,0
2025-10-25 23:30:00+00:00,321,2.00000000018008,2.5806291998519093,0,0,0
2025-10-25 23:45:00+00:00,321,1.9999999999527065,2.6810057990912206,0,0,0
2025-10-26 00:00:00+00:00,321,2.9999999999290594,2.7043871813799183,0,0,0
2025-10-26 00:15:00+00:00,321,1.9999999999527065,2.6559866441543285,0,0,0
2025-10-26 00:30:00+00:00,321,1.9999999999527065,2.4324523108123155,0,0,0
2025-10-26 00:45:00+00:00,321,3.000000000156433,2.207179538627283,0,0,0
2025-10-26 01:00:00+00:00,321,2.9999999999290594,2.2531837012207503,0,0,0
2025-10-26 01:15:00+00:00,321,1.9999999999527065,2.546076754355763,0,0,0
2025-10-26 01:30:00+00:00,321,2.00000000018008,2.4562825085713533,0,0,0
2025-10-26 01:45:00+00:00,321,1.9999999999527065,2.3452197168223066,0,0,0
2025-10-26 02:00:00+00:00,321,11.999999999943611,2.3380282853913865,0,0,0
2025-10-26 02:30:00+00:00,321,12.000000000170983,11.120025976410243,0,0,0
2025-10-26 02:45:00+00:00,321,2.9999999999290594,7.829548912379522,0,0,0
2025-10-26 03:00:00+00:00,321,2.9999999999290594,4.995209342153062,0,0,0
2025-10-26 03:15:00+00:00,321,2.9999999999290594,3.667245129126922,0,0,0
2025-10-26 03:30:00+00:00,321,4.000000000132786,3.3981260997067,0,0,0
2025-10-26 03:45:00+00:00,321,2.9999999999290594,3.626972810249858,0,0,0
2025-10-26 04:00:00+00:00,321,4.000000000132786,3.747857027907712,0,0,0
2025-10-26 04:15:00+00:00,321,3.999999999905413,3.969595684733251,0,0,0
2025-10-26 04:30:00+00:00,321,3.999999999905413,3.9955921166080897,0,0,0
2025-10-26 04:45:00+00:00,321,5.000000000109139,3.8778569444813855,0,0,0
2025-10-26 05:00:00+00:00,321,3.999999999905413,4.289360410387583,0,0,0
2025-10-26 05:15:00+00:00,321,19.99999999998181,5.0049719439584095,0,0,0
2025-10-26 05:30:00+00:00,321,18.000000000029104,9.989542300984528,0,0,0
2025-10-26 05:45:00+00:00,321,13.000000000147338,10.25565468499411,0,0,0
2025-10-26 06:00:00+00:00,321,9.000000000014552,9.345224427038902,0,0,0
2025-10-26 06:15:00+00:00,321,9.000000000014552,7.660520564245543,0,0,0
2025-10-26 06:30:00+00:00,321,10.999999999967258,7.184402345087955,0,0,0
2025-10-26 06:45:00+00:00,321,9.000000000014552,7.718416317710281,0,0,0
2025-10-26 07:00:00+00:00,321,9.000000000014552,7.95992201858412,0,0,0
2025-10-26 07:15:00+00:00,321,8.999999999787178,8.38667601639889,0,0,0
2025-10-26 07:30:00+00:00,321,11.000000000194632,8.009304123319714,0,0,0
2025-10-26 07:45:00+00:00,321,10.999999999967258,8.747773445167327,0,0,0
2025-10-26 08:00:00+00:00,321,11.999999999943611,9.661310509954816,0,0,0
2025-10-26 08:15:00+00:00,321,8.000000000038199,9.477761135327704,0,0,0
2025-10-26 08:30:00+00:00,321,4.999999999881766,7.131208481714482,0,0,0
2025-10-26 08:45:00+00:00,321,6.0000000000854925,4.305581729293175,0,0,0
2025-10-26 09:00:00+00:00,321,5.000000000109139,4.934350858544625,0,0,0
2025-10-26 09:15:00+00:00,321,4.999999999881766,5.630556170755087,0,0,0
2025-10-26 09:30:00+00:00,321,5.000000000109139,5.214867305889744,0,0,0
2025-10-26 09:45:00+00:00,321,4.999999999881766,4.637299772368042,0,0,0
2025-10-26 10:00:00+00:00,321,6.0000000000854925,4.634567363016802,0,0,0
2025-10-26 10:15:00+00:00,321,5.999999999858119,4.639543417057013,0,0,0
2025-10-26 10:30:00+00:00,321,5.000000000109139,4.469421585987263,0,0,0
2025-10-26 10:45:00+00:00,321,3.999999999905413,4.280283579006871,0,0,0
2025-10-26 11:00:00+00:00,321,5.000000000109139,3.985309346037431,0,0,0
2025-10-26 11:15:00+00:00,321,3.999999999905413,4.111132282547549,0,0,0
2025-10-26 11:30:00+00:00,321,4.000000000132786,4.142399519946372,0,0,0
2025-10-26 11:45:00+00:00,321,3.999999999905413,4.012863796397514,0,0,0
2025-10-26 12:00:00+00:00,321,3.999999999905413,3.921955660418641,0,0,0
2025-10-26 12:15:00+00:00,321,5.000000000109139,3.769149604681393,0,0,0
2025-10-26 12:30:00+00:00,321,3.999999999905413,3.650815411007113,0,0,0
2025-10-26 12:45:00+00:00,321,4.000000000132786,3.6630391426329454,0,0,0
2025-10-26 13:00:00+00:00,321,3.999999999905413,3.7657535447875112,0,0,0
2025-10-26 13:15:00+00:00,321,4.000000000132786,3.811135664570725,0,0,0
2025-10-26 13:30:00+00:00,321,4.999999999881766,4.047139481968345,0,0,0
2025-10-26 13:45:00+00:00,321,5.000000000109139,4.217326320613048,0,0,0
2025-10-26 14:00:00+00:00,321,4.999999999881766,4.27850468619874,0,0,0
2025-10-26 14:15:00+00:00,321,5.000000000109139,4.276148981863093,0,0,0
2025-10-26 14:30:00+00:00,321,4.999999999881766,4.226464950653478,0,0,0
2025-10-26 14:45:00+00:00,321,4.000000000132786,4.270126028240879,0,0,0
2025-10-26 15:00:00+00:00,321,2.9999999999290594,4.276092230935208,0,0,0
2025-10-26 15:15:00+00:00,321,4.999999999881766,4.151170675109416,0,0,0
2025-10-26 15:30:00+00:00,321,4.000000000132786,4.233591482675126,0,0,0
2025-10-26 15:45:00+00:00,321,3.999999999905413,4.229548537919331,0,0,0
2025-10-26 16:00:00+00:00,321,5.000000000109139,4.186478189177209,0,0,0
2025-10-26 16:15:00+00:00,321,3.999999999905413,4.168400458724633,0,0,0
2025-10-26 16:30:00+00:00,321,5.000000000109139,4.162444784156697,0,0,0
2025-10-26 16:45:00+00:00,321,4.999999999881766,4.239575280320413,0,0,0
2025-10-26 17:00:00+00:00,321,5.000000000109139,4.400928984866219,0,0,0
2025-10-26 17:15:00+00:00,321,4.999999999881766,4.634235078041332,0,0,0
2025-10-26 17:30:00+00:00,321,6.0000000000854925,4.671940048398069,0,0,0
2025-10-26 17:45:00+00:00,321,4.999999999881766,4.793969830767633,0,0,0
2025-10-26 18:00:00+00:00,321,5.000000000109139,4.752389933014658,0,0,0
2025-10-26 18:15:00+00:00,321,5.000000000109139,4.392876338274266,0,0,0
2025-10-26 18:30:00+00:00,321,5.999999999858119,4.395541540681682,0,0,0
2025-10-26 18:45:00+00:00,321,5.000000000109139,4.387124664182807,0,0,0
2025-10-26 19:00:00+00:00,321,4.999999999881766,4.394168846065135,0,0,0
2025-10-26 19:15:00+00:00,321,5.000000000109139,4.525539095637963,0,0,0
2025-10-26 19:30:00+00:00,321,3.999999999905413,4.68997804599008,0,0,0
2025-10-26 19:45:00+00:00,321,4.000000000132786,3.6769656544819247,0,0,0
2025-10-26 20:00:00+00:00,321,3.999999999905413,3.68796862821936,0,0,0
2025-10-26 20:15:00+00:00,321,0.9999999999763532,3.76259842395055,0,0,0
2025-10-26 20:30:00+00:00,321,1.9999999999527065,2.596398890979427,0,0,0
2025-10-26 20:45:00+00:00,321,3.000000000156433,1.86745391799468,0,0,0
2025-10-26 21:00:00+00:00,321,1.9999999999527065,2.649539681058207,0,0,0
2025-10-26 21:15:00+00:00,321,1.9999999999527065,2.4318422563651634,0,0,0
2025-10-26 21:30:00+00:00,321,2.9999999999290594,2.3617529134446764,0,0,0
2025-10-26 21:45:00+00:00,321,3.000000000156433,2.7691916932929725,0,0,0
2025-10-26 22:00:00+00:00,321,1.9999999999527065,2.9493849752457475,0,0,0
2025-10-26 22:15:00+00:00,321,2.9999999999290594,2.5518669354300565,0,0,0
2025-10-26 22:30:00+00:00,321,2.9999999999290594,2.762802995444286,0,0,0
2025-10-26 22:45:00+00:00,321,4.000000000132786,3.035994967569478,0,0,0
2025-10-26 23:00:00+00:00,321,3.999999999905413,3.0916628685348355,0,0,0
2025-10-26 23:15:00+00:00,321,5.000000000109139,3.3228047106316536,0,0,0
2025-10-26 23:30:00+00:00,321,4.999999999881766,4.122134751511801,0,0,0
2025-10-26 23:45:00+00:00,321,5.000000000109139,4.21581488548157,0,0,0
2025-10-27 00:00:00+00:00,321,4.999999999881766,4.1140997719812615,0,0,0
2025-10-27 00:15:00+00:00,321,4.000000000132786,5.697030760800061,0,0,0
2025-10-27 00:30:00+00:00,321,4.999999999881766,4.378928734117273,0,0,0
2025-10-27 00:45:00+00:00,321,4.000000000132786,4.2601853136123085,0,0,0
2025-10-27 01:00:00+00:00,321,3.999999999905413,4.240003255869332,0,0,0
2025-10-27 01:15:00+00:00,321,5.000000000109139,4.174427811084587,0,0,0
2025-10-27 01:30:00+00:00,321,3.999999999905413,4.322033296880773,0,0,0
2025-10-27 01:45:00+00:00,321,3.999999999905413,4.392568498742954,0,0,0
2025-10-27 02:00:00+00:00,321,3.000000000156433,4.372913712645081,0,0,0
2025-10-27 02:15:00+00:00,321,3.999999999905413,4.237395309162984,0,0,0
2025-10-27 02:30:00+00:00,321,4.000000000132786,4.200507999252612,0,0,0
2025-10-27 02:45:00+00:00,321,3.999999999905413,4.0929135761559445,0,0,0
2025-10-27 03:00:00+00:00,321,2.9999999999290594,3.9733077146122167,0,0,0
2025-10-27 03:15:00+00:00,321,3.000000000156433,3.8764205042228426,0,0,0
2025-10-27 03:30:00+00:00,321,2.9999999999290594,3.605940858687244,0,0,0
2025-10-27 03:45:00+00:00,321,1.9999999999527065,3.560243093415993,0,0,0
2025-10-27 04:00:00+00:00,321,2.9999999999290594,3.183545577309602,0,0,0
2025-10-27 04:15:00+00:00,321,2.00000000018008,3.44343133171754,0,0,0
2025-10-27 04:30:00+00:00,321,2.9999999999290594,3.142352480035886,0,0,0
2025-10-27 04:45:00+00:00,321,2.9999999999290594,2.920234684466905,0,0,0
2025-10-27 05:00:00+00:00,321,2.00000000018008,2.955144509376774,0,0,0
2025-10-27 05:15:00+00:00,321,16.999999999825377,3.236167965329212,0,0,0
2025-10-27 05:30:00+00:00,321,16.000000000076398,12.453805753390746,0,0,0
2025-10-27 05:45:00+00:00,321,10.999999999967258,9.341562369705075,0,0,0
2025-10-27 06:00:00+00:00,321,7.000000000061846,8.517298047893274,0,0,0
2025-10-27 06:15:00+00:00,321,4.999999999881766,6.373267317992686,0,0,0
2025-10-27 06:30:00+00:00,321,7.000000000061846,6.472033546556606,0,0,0
2025-10-27 06:45:00+00:00,321,10.999999999967258,6.683399961764761,0,0,0
2025-10-27 07:00:00+00:00,321,6.0000000000854925,7.50581623684233,0,0,0
2025-10-27 07:15:00+00:00,321,4.999999999881766,7.561032365808703,0,0,0
2025-10-27 07:30:00+00:00,321,6.0000000000854925,6.907195623394774,0,0,0
2025-10-27 07:45:00+00:00,321,5.000000000109139,6.493445448105279,0,0,0
2025-10-27 08:00:00+00:00,321,5.999999999858119,6.923857176626591,0,0,0
2025-10-27 08:15:00+00:00,321,7.000000000061846,7.070397158343448,0,0,0
2025-10-27 08:30:00+00:00,321,5.999999999858119,6.889903536346656,0,0,0
2025-10-27 08:45:00+00:00,321,6.0000000000854925,6.404365384264675,0,0,0
2025-10-27 09:00:00+00:00,321,6.0000000000854925,5.8291800917259655,0,0,0
2025-10-27 09:15:00+00:00,321,5.999999999858119,6.513015937081555,0,0,0
2025-10-27 09:30:00+00:00,321,9.000000000014552,7.402800683401131,0,0,0
2025-10-27 09:45:00+00:00,321,8.000000000038199,7.0224832224664855,0,0,0
2025-10-27 10:00:00+00:00,321,7.000000000061846,7.220339888198865,0,0,0
2025-10-27 10:15:00+00:00,321,8.000000000038199,7.365267768589418,0,0,0
2025-10-27 10:30:00+00:00,321,6.999999999834472,7.274371386614669,0,0,0
2025-10-27 10:45:00+00:00,321,8.000000000038199,7.089310865297897,0,0,0
2025-10-27 11:00:00+00:00,321,8.000000000038199,7.008100071162826,0,0,0
2025-10-27 11:15:00+00:00,321,7.000000000061846,7.230692930407674,0,0,0
2025-10-27 11:30:00+00:00,321,5.999999999858119,7.293399604971254,0,0,0
2025-10-27 11:45:00+00:00,321,5.000000000109139,6.798832070187784,0,0,0
2025-10-27 12:00:00+00:00,321,4.999999999881766,6.488846531743391,0,0,0
2025-10-27 12:15:00+00:00,321,5.000000000109139,6.451634364234389,0,0,0
2025-10-27 12:30:00+00:00,321,5.000000000109139,5.730231856374266,0,0,0
2025-10-27 12:45:00+00:00,321,4.999999999881766,5.095450806400178,0,0,0
2025-10-27 13:00:00+00:00,321,3.999999999905413,4.627111141996054,0,0,0
2025-10-27 13:15:00+00:00,321,3.000000000156433,4.208195045839003,0,0,0
2025-10-27 13:30:00+00:00,321,3.999999999905413,3.9753568413495097,0,0,0
2025-10-27 13:45:00+00:00,321,4.000000000132786,3.919897231432686,0,0,0
2025-10-27 14:00:00+00:00,321,3.999999999905413,3.9506593350960126,0,0,0
2025-10-27 14:15:00+00:00,321,5.000000000109139,4.121535008859678,0,0,0
2025-10-27 14:30:00+00:00,321,3.999999999905413,4.35234204211511,0,0,0
2025-10-27 14:45:00+00:00,321,4.999999999881766,4.326860947605115,0,0,0
2025-10-27 15:00:00+00:00,321,5.000000000109139,4.305324150748822,0,0,0
2025-10-27 15:15:00+00:00,321,3.999999999905413,4.331798927325219,0,0,0
2025-10-27 15:30:00+00:00,321,4.000000000132786,4.380157063603418,0,0,0
2025-10-27 15:45:00+00:00,321,3.999999999905413,4.320356584587016,0,0,0
2025-10-27 16:00:00+00:00,321,4.000000000132786,4.474347018488241,0,0,0
2025-10-27 16:15:00+00:00,321,4.999999999881766,4.660483572010736,0,0,0
2025-10-27 16:30:00+00:00,321,6.0000000000854925,4.788596015459043,0,0,0
2025-10-27 16:45:00+00:00,321,4.999999999881766,5.054601099111964,0,0,0
2025-10-27 17:00:00+00:00,321,5.000000000109139,5.079421229193756,0,0,0
2025-10-27 17:15:00+00:00,321,5.999999999858119,5.000753482355762,0,0,0
2025-10-27 17:30:00+00:00,321,6.0000000000854925,5.269968707122615,0,0,0
2025-10-27 17:45:00+00:00,321,6.0000000000854925,5.481836434212164,0,0,0
2025-10-27 18:00:00+00:00,321,5.999999999858119,5.869458684212591,0,0,0
2025-10-27 18:15:00+00:00,321,5.000000000109139,6.2561158078866965,0,0,0
2025-10-27 18:30:00+00:00,321,5.999999999858119,5.801667357263954,0,0,0
2025-10-27 18:45:00+00:00,321,4.000000000132786,5.17209426855254,0,0,0
2025-10-27 19:00:00+00:00,321,3.999999999905413,4.729995310188706,0,0,0
2025-10-27 19:15:00+00:00,321,5.000000000109139,4.512544503250894,0,0,0
2025-10-27 19:30:00+00:00,321,3.999999999905413,4.680984790626419,0,0,0
2025-10-27 19:45:00+00:00,321,5.000000000109139,4.093937833055159,0,0,0
2025-10-27 20:00:00+00:00,321,2.9999999999290594,4.251660992535862,0,0,0
2025-10-27 20:15:00+00:00,321,3.999999999905413,3.765979466842231,0,0,0
2025-10-27 20:30:00+00:00,321,4.000000000132786,3.9051950634772297,0,0,0
2025-10-27 20:45:00+00:00,321,2.9999999999290594,3.908222512754063,0,0,0
2025-10-27 21:00:00+00:00,321,4.000000000132786,3.313953584974297,0,0,0
2025-10-27 21:15:00+00:00,321,1.9999999999527065,2.806066383873763,0,0,0
2025-10-27 21:30:00+00:00,321,2.9999999999290594,1.5697776341754488,0,0,0
2025-10-27 21:45:00+00:00,321,0.9999999999763532,2.302486917118852,0,0,0
2025-10-27 22:00:00+00:00,321,1.9999999999527065,1.474826337109416,0,0,0
2025-10-27 22:15:00+00:00,321,1.0000000002037268,2.2194841781833405,0,0,0
2025-10-27 22:30:00+00:00,321,1.9999999999527065,1.928684058886879,0,0,0
2025-10-27 22:45:00+00:00,321,0.9999999999763532,1.7384131245519714,0,0,0
2025-10-27 23:00:00+00:00,321,1.9999999999527065,1.7729918182536455,0,0,0
2025-10-27 23:15:00+00:00,321,2.9999999999290594,1.5258987109042588,0,0,0
2025-10-27 23:30:00+00:00,321,2.00000000018008,2.5821758248853044,0,0,0
2025-10-27 23:45:00+00:00,321,2.9999999999290594,1.9709941471046128,0,0,0
2025-10-28 00:00:00+00:00,321,1.9999999999527065,2.758999890060976,0,0,0
2025-10-28 00:15:00+00:00,321,1.9999999999527065,2.3903102399541405,0,0,0
2025-10-28 00:30:00+00:00,321,2.00000000018008,1.8581793597470544,0,0,0
2025-10-28 00:45:00+00:00,321,1.9999999999527065,1.5159996761185317,0,0,0
2025-10-28 01:00:00+00:00,321,2.9999999999290594,1.7723673417155443,0,0,0
2025-10-28 01:15:00+00:00,321,1.9999999999527065,2.272998500417706,0,0,0
2025-10-28 01:30:00+00:00,321,3.000000000156433,2.0397673300050734,0,0,0
2025-10-28 01:45:00+00:00,321,1.9999999999527065,2.2313974021910363,0,0,0
2025-10-28 02:00:00+00:00,321,2.9999999999290594,2.13844385316329,0,0,0
2025-10-28 02:15:00+00:00,321,1.9999999999527065,2.448814461436027,0,0,0
2025-10-28 02:30:00+00:00,321,3.000000000156433,2.425015126951621,0,0,0
2025-10-28 02:45:00+00:00,321,2.9999999999290594,2.491269059005072,0,0,0
2025-10-28 03:00:00+00:00,321,1.9999999999527065,2.780108639257896,0,0,0
2025-10-28 03:15:00+00:00,321,2.9999999999290594,2.2932954301150934,0,0,0
2025-10-28 03:30:00+00:00,321,2.00000000018008,2.224124341725344,0,0,0
2025-10-28 03:45:00+00:00,321,2.9999999999290594,2.020214147537937,0,0,0
2025-10-28 04:00:00+00:00,321,1.9999999999527065,2.109877440736528,0,0,0
2025-10-28 04:15:00+00:00,321,2.9999999999290594,2.1451610862437995,0,0,0
2025-10-28 04:30:00+00:00,321,2.00000000018008,2.447692422760178,0,0,0
2025-10-28 04:45:00+00:00,321,1.9999999999527065,2.134127321342188,0,0,0
2025-10-28 05:00:00+00:00,321,2.9999999999290594,1.9277636410425,0,0,0
2025-10-28 05:15:00+00:00,321,16.000000000076398,5.532200106457763,0,0,0
2025-10-28 05:30:00+00:00,321,14.99999999987267,12.035385128168258,0,0,0
2025-10-28 05:45:00+00:00,321,9.000000000014552,9.371597239432289,0,0,0
2025-10-28 06:00:00+00:00,321,7.000000000061846,6.927816617475791,0,0,0
2025-10-28 06:15:00+00:00,321,6.0000000000854925,6.021728274221756,0,0,0
2025-10-28 06:30:00+00:00,321,9.000000000014552,6.252608066926027,0,0,0
2025-10-28 06:45:00+00:00,321,7.999999999810825,7.064022594143892,0,0,0
2025-10-28 07:00:00+00:00,321,10.00000000021828,7.264037093124094,0,0,0
2025-10-28 07:15:00+00:00,321,7.999999999810825,7.451288618497873,0,0,0
2025-10-28 07:30:00+00:00,321,6.0000000000854925,7.473807271305988,0,0,0
2025-10-28 07:45:00+00:00,321,6.0000000000854925,6.886367816529544,0,0,0
2025-10-28 08:30:00+00:00,321,7.000000000061846,7.253127646646465,0,0,0
2025-10-28 08:45:00+00:00,321,6.999999999834472,6.857912165761272,0,0,0
2025-10-28 09:00:00+00:00,321,5.000000000109139,6.793358309788916,0,0,0
2025-10-28 09:15:00+00:00,321,4.999999999881766,6.073975183103503,0,0,0
2025-10-28 09:30:00+00:00,321,5.000000000109139,5.627501283450223,0,0,0
2025-10-28 09:45:00+00:00,321,5.000000000109139,5.199004592275603,0,0,0
2025-10-28 10:00:00+00:00,321,4.999999999881766,4.78832689924193,0,0,0
2025-10-28 10:15:00+00:00,321,3.999999999905413,4.840828646470751,0,0,0
2025-10-28 10:30:00+00:00,321,5.000000000109139,4.874373420472275,0,0,0
2025-10-28 10:45:00+00:00,321,4.999999999881766,4.958211486915565,0,0,0
2025-10-28 11:00:00+00:00,321,5.000000000109139,4.821882778253486,0,0,0
2025-10-28 11:15:00+00:00,321,3.999999999905413,4.934271392823495,0,0,0
2025-10-28 11:30:00+00:00,321,5.000000000109139,4.988431392069656,0,0,0
2025-10-28 11:45:00+00:00,321,4.999999999881766,5.038250053498283,0,0,0
2025-10-28 12:00:00+00:00,321,6.0000000000854925,5.048606989671648,0,0,0
2025-10-28 12:15:00+00:00,321,7.000000000061846,5.214166969153249,0,0,0
2025-10-28 12:30:00+00:00,321,7.000000000061846,6.560434329913502,0,0,0
2025-10-28 12:45:00+00:00,321,5.999999999858119,6.471164759797825,0,0,0
2025-10-28 13:00:00+00:00,321,6.0000000000854925,6.186982361154324,0,0,0
2025-10-28 13:15:00+00:00,321,5.999999999858119,5.907638574024286,0,0,0
2025-10-28 13:30:00+00:00,321,5.000000000109139,5.905461415174592,0,0,0
2025-10-28 13:45:00+00:00,321,6.0000000000854925,5.626063689424404,0,0,0
2025-10-28 14:00:00+00:00,321,4.999999999881766,5.3969177204940495,0,0,0
2025-10-28 14:15:00+00:00,321,5.000000000109139,5.101397611382181,0,0,0
2025-10-28 14:30:00+00:00,321,4.999999999881766,4.923977192745759,0,0,0
2025-10-28 14:45:00+00:00,321,7.000000000061846,4.768945772319818,0,0,0
2025-10-28 15:00:00+00:00,321,4.999999999881766,5.197408355249343,0,0,0
2025-10-28 15:15:00+00:00,321,5.000000000109139,5.259767385310592,0,0,0
2025-10-28 15:30:00+00:00,321,3.999999999905413,5.15561803918942,0,0,0
2025-10-28 15:45:00+00:00,321,5.000000000109139,5.038683004668579,0,0,0
2025-10-28 16:00:00+00:00,321,5.999999999858119,4.943523019946511,0,0,0
2025-10-28 16:15:00+00:00,321,4.000000000132786,5.076160394430137,0,0,0
2025-10-28 16:30:00+00:00,321,4.999999999881766,4.976185738865581,0,0,0
2025-10-28 16:45:00+00:00,321,6.0000000000854925,4.971982132016612,0,0,0
2025-10-28 17:00:00+00:00,321,5.000000000109139,5.004619323834701,0,0,0
2025-10-28 17:15:00+00:00,321,5.999999999858119,5.075531158602022,0,0,0
2025-10-28 17:30:00+00:00,321,5.000000000109139,5.259789018447016,0,0,0
2025-10-28 17:45:00+00:00,321,4.999999999881766,5.239680297036516,0,0,0
2025-10-28 18:00:00+00:00,321,6.0000000000854925,5.173909577140319,0,0,0
2025-10-28 18:15:00+00:00,321,4.999999999881766,5.182722051593931,0,0,0
2025-10-28 18:30:00+00:00,321,5.000000000109139,5.351350547256343,0,0,0
2025-10-28 18:45:00+00:00,321,4.999999999881766,5.074461472116319,0,0,0
2025-10-28 19:00:00+00:00,321,4.000000000132786,4.798047244320797,0,0,0
2025-10-28 19:15:00+00:00,321,7.000000000061846,4.715266605585904,0,0,0
2025-10-28 19:30:00+00:00,321,6.999999999834472,5.325531254713589,0,0,0
2025-10-28 19:45:00+00:00,321,5.000000000109139,5.5663432530127706,0,0,0
2025-10-28 20:00:00+00:00,321,4.999999999881766,5.1485376578588085,0,0,0
2025-10-28 20:15:00+00:00,321,5.000000000109139,4.284019477446358,0,0,0
2025-10-28 20:30:00+00:00,321,3.999999999905413,4.606999824609183,0,0,0
2025-10-28 20:45:00+00:00,321,5.000000000109139,4.536645043104775,0,0,0
2025-10-28 21:00:00+00:00,321,3.999999999905413,3.873895412428998,0,0,0
2025-10-28 21:15:00+00:00,321,1.9999999999527065,2.9384474778012213,0,0,0
2025-10-28 21:30:00+00:00,321,3.000000000156433,1.199857058606097,0,0,0
2025-10-28 21:45:00+00:00,321,0.9999999999763532,0.877783500411704,0,0,0
2025-10-28 22:00:00+00:00,321,0.9999999999763532,1.034097333164849,0,0,0
2025-10-28 22:15:00+00:00,321,0.9999999999763532,1.2110448514390466,0,0,0
2025-10-28 22:30:00+00:00,321,1.9999999999527065,1.0236837181740537,0,0,0
2025-10-28 22:45:00+00:00,321,0.9999999999763532,2.101689442821016,0,0,0
2025-10-28 23:00:00+00:00,321,2.00000000018008,1.7791278410689015,0,0,0
2025-10-28 23:15:00+00:00,321,1.9999999999527065,1.6928649884743183,0,0,0
2025-10-28 23:30:00+00:00,321,1.9999999999527065,1.914446859143626,0,0,0
2025-10-28 23:45:00+00:00,321,2.9999999999290594,1.5864172658290232,0,0,0
2025-10-29 00:00:00+00:00,321,1.9999999999527065,2.503119691138048,0,0,0
2025-10-29 00:15:00+00:00,321,2.00000000018008,2.549354030303064,0,0,0
2025-10-29 00:30:00+00:00,321,2.9999999999290594,2.0622069497547875,0,0,0
2025-10-29 00:45:00+00:00,321,1.9999999999527065,2.160877127192986,0,0,0
2025-10-29 01:00:00+00:00,321,1.9999999999527065,2.160805305180059,0,0,0
2025-10-29 01:15:00+00:00,321,3.000000000156433,1.7969898891513325,0,0,0
2025-10-29 01:30:00+00:00,321,1.9999999999527065,2.029623696556848,0,0,0
2025-10-29 01:45:00+00:00,321,1.9999999999527065,2.04274779932064,0,0,0
2025-10-29 02:00:00+00:00,321,1.9999999999527065,1.9078144279578977,0,0,0
2025-10-29 02:15:00+00:00,321,2.00000000018008,2.0721703070661484,0,0,0
2025-10-29 02:30:00+00:00,321,2.9999999999290594,2.162475383311979,0,0,0
2025-10-29 02:45:00+00:00,321,1.9999999999527065,2.190393666971484,0,0,0
2025-10-29 03:00:00+00:00,321,1.9999999999527065,2.15746774489259,0,0,0
2025-10-29 03:15:00+00:00,321,3.000000000156433,2.1915136865546003,0,0,0
2025-10-29 03:30:00+00:00,321,1.9999999999527065,2.1402956496411703,0,0,0
2025-10-29 03:45:00+00:00,321,1.9999999999527065,2.003417891976654,0,0,0
2025-10-29 04:00:00+00:00,321,2.9999999999290594,1.8943392915004016,0,0,0
2025-10-29 04:15:00+00:00,321,1.9999999999527065,2.203648433879276,0,0,0
2025-10-29 04:30:00+00:00,321,2.00000000018008,2.280743740141076,0,0,0
2025-10-29 04:45:00+00:00,321,1.9999999999527065,1.4095663755641858,0,0,0
2025-10-29 05:00:00+00:00,321,2.9999999999290594,1.5200364193752192,0,0,0
2025-10-29 05:15:00+00:00,321,15.000000000100044,6.603014688115623,0,0,0
2025-10-29 05:30:00+00:00,321,11.999999999943611,10.509349071812776,0,0,0
2025-10-29 05:45:00+00:00,321,9.000000000014552,8.075236731186816,0,0,0
2025-10-29 06:00:00+00:00,321,6.0000000000854925,6.7898179749027,0,0,0
2025-10-29 06:15:00+00:00,321,11.999999999943611,5.448371702815408,0,0,0
2025-10-29 06:30:00+00:00,321,13.999999999896318,8.244165566893246,0,0,0
2025-10-29 06:45:00+00:00,321,9.000000000014552,8.547250423260255,0,0,0
2025-10-29 07:00:00+00:00,321,8.000000000038199,7.227172786448787,0,0,0
2025-10-29 07:15:00+00:00,321,7.000000000061846,6.974845036968471,0,0,0
2025-10-29 07:30:00+00:00,321,4.999999999881766,6.599656648459007,0,0,0
2025-10-29 07:45:00+00:00,321,5.000000000109139,6.321397402568351,0,0,0
2025-10-29 08:00:00+00:00,321,5.999999999858119,6.700822424515059,0,0,0
2025-10-29 08:15:00+00:00,321,6.0000000000854925,7.209971847015469,0,0,0
2025-10-29 08:30:00+00:00,321,6.0000000000854925,6.674560085338344,0,0,0
2025-10-29 08:45:00+00:00,321,4.999999999881766,5.463367504542591,0,0,0
2025-10-29 09:00:00+00:00,321,5.000000000109139,5.100101642289484,0,0,0
2025-10-29 09:15:00+00:00,321,4.999999999881766,5.16905510132681,0,0,0
2025-10-29 09:30:00+00:00,321,5.000000000109139,4.737011080551865,0,0,0
2025-10-29 09:45:00+00:00,321,4.999999999881766,4.569133038391995,0,0,0
2025-10-29 10:00:00+00:00,321,5.000000000109139,4.755942238236361,0,0,0
2025-10-29 10:15:00+00:00,321,4.999999999881766,5.100983553151028,0,0,0
2025-10-29 10:30:00+00:00,321,6.0000000000854925,4.965750058075633,0,0,0
2025-10-29 10:45:00+00:00,321,4.999999999881766,4.7948570778028285,0,0,0
2025-10-29 11:00:00+00:00,321,5.000000000109139,4.715243097577656,0,0,0
2025-10-29 11:15:00+00:00,321,3.999999999905413,4.764838793480208,0,0,0
2025-10-29 11:30:00+00:00,321,5.000000000109139,4.623645946203685,0,0,0
2025-10-29 11:45:00+00:00,321,4.999999999881766,4.580181802268195,0,0,0
2025-10-29 12:00:00+00:00,321,4.000000000132786,4.711608874879362,0,0,0
2025-10-29 12:15:00+00:00,321,4.999999999881766,4.714269173775856,0,0,0
2025-10-29 12:30:00+00:00,321,4.000000000132786,4.63089975317796,0,0,0
2025-10-29 12:45:00+00:00,321,3.999999999905413,4.311196537741527,0,0,0
2025-10-29 13:00:00+00:00,321,3.000000000156433,4.166634978461084,0,0,0
2025-10-29 13:15:00+00:00,321,3.999999999905413,3.8906182595473497,0,0,0
2025-10-29 13:30:00+00:00,321,3.999999999905413,3.89195248323629,0,0,0
2025-10-29 13:45:00+00:00,321,6.0000000000854925,3.997193509531864,0,0,0
2025-10-29 14:00:00+00:00,321,5.000000000109139,4.319179669855105,0,0,0
2025-10-29 14:15:00+00:00,321,3.999999999905413,4.602316827457061,0,0,0
2025-10-29 14:30:00+00:00,321,3.999999999905413,4.472016552811756,0,0,0
2025-10-29 14:45:00+00:00,321,4.000000000132786,4.40051254699006,0,0,0
2025-10-29 15:00:00+00:00,321,4.999999999881766,4.360226671347505,0,0,0
2025-10-29 15:15:00+00:00,321,4.000000000132786,4.522200453693673,0,0,0
2025-10-29 15:30:00+00:00,321,3.999999999905413,4.519962938393356,0,0,0
2025-10-29 15:45:00+00:00,321,4.000000000132786,4.498550099408771,0,0,0
2025-10-29 16:00:00+00:00,321,3.999999999905413,4.352535586575649,0,0,0
2025-10-29 16:15:00+00:00,321,3.999999999905413,4.306422320864151,0,0,0
2025-10-29 16:30:00+00:00,321,4.000000000132786,4.308063338482808,0,0,0
2025-10-29 16:45:00+00:00,321,4.999999999881766,4.272386258334441,0,0,0
2025-10-29 17:00:00+00:00,321,4.000000000132786,4.341104204626567,0,0,0
2025-10-29 17:15:00+00:00,321,3.999999999905413,4.283101655578349,0,0,0
2025-10-29 17:30:00+00:00,321,4.000000000132786,4.263465762419619,0,0,0
2025-10-29 17:45:00+00:00,321,3.999999999905413,4.163502932969641,0,0,0
2025-10-29 18:00:00+00:00,321,4.999999999881766,4.119944252227979,0,0,0
2025-10-29 18:15:00+00:00,321,5.000000000109139,4.221008280432384,0,0,0
2025-10-29 18:30:00+00:00,321,6.0000000000854925,4.416090352197498,0,0,0
2025-10-29 18:45:00+00:00,321,4.999999999881766,4.555083181610173,0,0,0
2025-10-29 19:00:00+00:00,321,5.000000000109139,4.42749332262741,0,0,0
2025-10-29 19:15:00+00:00,321,3.999999999905413,4.390433236067468,0,0,0
2025-10-29 19:30:00+00:00,321,5.000000000109139,4.306879501147241,0,0,0
2025-10-29 19:45:00+00:00,321,3.999999999905413,4.111332100617651,0,0,0
2025-10-29 20:00:00+00:00,321,5.000000000109139,3.97234320122476,0,0,0
2025-10-29 20:15:00+00:00,321,3.999999999905413,3.819161666349649,0,0,0
2025-10-29 20:30:00+00:00,321,3.999999999905413,3.91219338311034,0,0,0
2025-10-29 22:00:00+00:00,321,0.0,3.718282962013941,0,0,0
2025-10-29 22:15:00+00:00,321,0.0,0.9578676408018212,0,0,0
2025-10-29 22:30:00+00:00,321,0.0,0.14375935543646,0,0,0
2025-10-29 22:45:00+00:00,321,0.0,0.1227668482925912,0,0,0
2025-10-29 23:00:00+00:00,321,0.0,0.0863363581130367,0,0,0
2025-10-29 23:15:00+00:00,321,0.0,0.0508072486178088,0,0,0
2025-10-29 23:30:00+00:00,321,0.0,0.0476920769727771,0,0,0
2025-10-29 23:45:00+00:00,321,0.0,0.0403942105106516,0,0,0
2025-10-30 00:00:00+00:00,321,0.0,0.0372418298709704,0,0,0
2025-10-30 00:15:00+00:00,321,0.0,0.0480131127173066,0,0,0
2025-10-30 00:30:00+00:00,321,0.0,0.0562628371820808,0,0,0
2025-10-30 00:45:00+00:00,321,0.0,0.0858713899008338,0,0,0
2025-10-30 01:00:00+00:00,321,0.9999999999763532,0.108181787715643,0,0,0
2025-10-30 01:15:00+00:00,321,0.0,0.1544135309042884,0,0,0
2025-10-30 01:30:00+00:00,321,0.9999999999763532,0.1631527411358795,0,0,0
2025-10-30 01:45:00+00:00,321,0.0,0.1798728480569504,0,0,0
2025-10-30 02:00:00+00:00,321,0.9999999999763532,0.1863806723768775,0,0,0
2025-10-30 02:15:00+00:00,321,0.9999999999763532,0.2629348617862632,0,0,0
2025-10-30 02:30:00+00:00,321,0.0,0.4402700458651756,0,0,0
2025-10-30 02:45:00+00:00,321,0.0,0.3762296163306113,0,0,0
2025-10-30 03:00:00+00:00,321,0.9999999999763532,0.3146582487665537,0,0,0
2025-10-30 03:15:00+00:00,321,0.0,0.3051165933945485,0,0,0
2025-10-30 03:30:00+00:00,321,0.9999999999763532,0.3059571128550691,0,0,0
2025-10-30 03:45:00+00:00,321,0.0,0.300174431268069,0,0,0
2025-10-30 04:00:00+00:00,321,0.9999999999763532,0.2963084455682203,0,0,0
2025-10-30 04:15:00+00:00,321,0.0,0.4436052986180927,0,0,0
2025-10-30 04:30:00+00:00,321,0.9999999999763532,0.403897532491237,0,0,0
2025-10-30 04:45:00+00:00,321,0.9999999999763532,0.5712529180751069,0,0,0
2025-10-30 05:00:00+00:00,321,0.0,3.4022805993359877,0,0,0
2025-10-30 05:15:00+00:00,321,11.000000000194632,2.4562230895566426,0,0,0
2025-10-30 05:30:00+00:00,321,14.99999999987267,16.677527957932888,0,0,0
2025-10-30 05:45:00+00:00,321,21.99999999993452,9.30088284309006,0,0,0
2025-10-30 06:00:00+00:00,321,12.000000000170983,10.752142665408378,0,0,0
2025-10-30 06:15:00+00:00,321,9.999999999990903,9.294357135377355,0,0,0
2025-10-30 06:30:00+00:00,321,9.999999999990903,7.450865474349423,0,0,0
2025-10-30 06:45:00+00:00,321,8.000000000038199,7.20264946299873,0,0,0
2025-10-30 07:00:00+00:00,321,9.000000000014552,6.712916501543258,0,0,0
2025-10-30 07:15:00+00:00,321,5.999999999858119,6.878156166384876,0,0,0
2025-10-30 07:30:00+00:00,321,6.0000000000854925,6.183495964888259,0,0,0
2025-10-30 07:45:00+00:00,321,4.999999999881766,6.583903975398809,0,0,0
2025-10-30 08:00:00+00:00,321,9.000000000014552,6.531025955817125,0,0,0
2025-10-30 08:15:00+00:00,321,8.000000000038199,7.391735766783069,0,0,0
2025-10-30 08:30:00+00:00,321,7.000000000061846,7.166029178102284,0,0,0
2025-10-30 08:45:00+00:00,321,7.000000000061846,6.623984119913974,0,0,0
2025-10-30 09:00:00+00:00,321,4.999999999881766,6.406862713533442,0,0,0
2025-10-30 09:15:00+00:00,321,6.0000000000854925,6.057784655362088,0,0,0
2025-10-30 09:30:00+00:00,321,5.999999999858119,5.997843849400748,0,0,0
2025-10-30 09:45:00+00:00,321,6.0000000000854925,5.961956783608161,0,0,0
2025-10-30 10:00:00+00:00,321,6.0000000000854925,5.9827791100788295,0,0,0
2025-10-30 10:15:00+00:00,321,4.999999999881766,5.939191224602995,0,0,0
2025-10-30 10:30:00+00:00,321,5.000000000109139,5.795613828808927,0,0,0
2025-10-30 10:45:00+00:00,321,4.999999999881766,5.650266842455389,0,0,0
2025-10-30 11:00:00+00:00,321,4.000000000132786,5.399062862301836,0,0,0
2025-10-30 11:15:00+00:00,321,5.999999999858119,5.043237645211253,0,0,0
2025-10-30 11:30:00+00:00,321,4.000000000132786,4.872109296414157,0,0,0
2025-10-30 11:45:00+00:00,321,4.999999999881766,4.8295238904802025,0,0,0
2025-10-30 12:00:00+00:00,321,4.000000000132786,4.860656281328651,0,0,0
2025-10-30 12:15:00+00:00,321,2.9999999999290594,4.536717658332704,0,0,0
2025-10-30 12:30:00+00:00,321,4.999999999881766,4.355075316791807,0,0,0
2025-10-30 12:45:00+00:00,321,4.000000000132786,4.468926115052702,0,0,0
2025-10-30 13:00:00+00:00,321,3.999999999905413,4.450121222774466,0,0,0
2025-10-30 13:15:00+00:00,321,5.000000000109139,4.43688873799719,0,0,0
2025-10-30 13:30:00+00:00,321,4.999999999881766,4.3882864357192215,0,0,0
2025-10-30 13:45:00+00:00,321,6.0000000000854925,4.61911849130245,0,0,0
2025-10-30 14:00:00+00:00,321,4.999999999881766,4.898021611443534,0,0,0
2025-10-30 14:15:00+00:00,321,5.000000000109139,4.903914766247205,0,0,0
2025-10-30 14:30:00+00:00,321,4.999999999881766,4.9896885657377,0,0,0
2025-10-30 14:45:00+00:00,321,4.000000000132786,4.94655656255677,0,0,0
2025-10-30 15:00:00+00:00,321,4.999999999881766,4.837105872134028,0,0,0
2025-10-30 15:15:00+00:00,321,4.000000000132786,4.8547393300749135,0,0,0
2025-10-30 15:30:00+00:00,321,3.999999999905413,4.729363911046949,0,0,0
2025-10-30 15:45:00+00:00,321,5.000000000109139,4.617288400071448,0,0,0
2025-10-30 16:00:00+00:00,321,4.999999999881766,4.583881573369854,0,0,0
2025-10-30 16:15:00+00:00,321,5.000000000109139,4.650265592683667,0,0,0
2025-10-30 16:30:00+00:00,321,3.999999999905413,4.747672899727896,0,0,0
2025-10-30 16:45:00+00:00,321,5.000000000109139,4.705433623976724,0,0,0
2025-10-30 17:00:00+00:00,321,4.999999999881766,4.96162692649416,0,0,0
2025-10-30 17:15:00+00:00,321,6.0000000000854925,5.186483909797127,0,0,0
2025-10-30 17:30:00+00:00,321,5.999999999858119,5.445093561542651,0,0,0
2025-10-30 17:45:00+00:00,321,6.0000000000854925,5.475945875384864,0,0,0
2025-10-30 18:00:00+00:00,321,6.0000000000854925,5.445372484781608,0,0,0
2025-10-30 18:15:00+00:00,321,4.999999999881766,5.514993975071702,0,0,0
2025-10-30 18:30:00+00:00,321,4.000000000132786,5.450503576299522,0,0,0
2025-10-30 18:45:00+00:00,321,3.999999999905413,5.13062397869078,0,0,0
2025-10-30 19:00:00+00:00,321,5.000000000109139,4.848321643823419,0,0,0
2025-10-30 19:15:00+00:00,321,5.999999999858119,5.117709717350299,0,0,0
2025-10-30 19:30:00+00:00,321,8.000000000038199,5.440624732441124,0,0,0
2025-10-30 19:45:00+00:00,321,5.000000000109139,5.657467215582698,0,0,0
2025-10-30 20:00:00+00:00,321,4.999999999881766,5.249412900892689,0,0,0
2025-10-30 20:15:00+00:00,321,3.999999999905413,4.45418435845759,0,0,0
2025-10-30 20:30:00+00:00,321,4.000000000132786,4.308908545122887,0,0,0
2025-10-30 20:45:00+00:00,321,3.999999999905413,4.625885120044461,0,0,0
2025-10-30 21:00:00+00:00,321,4.000000000132786,3.966704307884524,0,0,0
2025-10-30 21:15:00+00:00,321,1.9999999999527065,2.5240573943363094,0,0,0
2025-10-30 21:30:00+00:00,321,1.9999999999527065,1.3159860424637864,0,0,0
2025-10-30 21:45:00+00:00,321,0.9999999999763532,0.5033514063516167,0,0,0
2025-10-30 22:00:00+00:00,321,0.9999999999763532,0.5020110172187962,0,0,0
2025-10-30 22:15:00+00:00,321,2.00000000018008,0.6538202540848612,0,0,0
2025-10-30 22:30:00+00:00,321,2.9999999999290594,2.1079881468221795,0,0,0
2025-10-30 22:45:00+00:00,321,0.9999999999763532,4.122726417792993,0,0,0
2025-10-30 23:00:00+00:00,321,0.9999999999763532,3.372903881729243,0,0,0
2025-10-30 23:15:00+00:00,321,1.9999999999527065,2.144761017440868,0,0,0
2025-10-30 23:30:00+00:00,321,1.9999999999527065,1.961348941119592,0,0,0
2025-10-30 23:45:00+00:00,321,1.0000000002037268,1.658144381397704,0,0,0
2025-10-31 00:00:00+00:00,321,2.9999999999290594,1.3666413293883777,0,0,0
2025-10-31 00:15:00+00:00,321,1.9999999999527065,2.757138575003069,0,0,0
2025-10-31 00:30:00+00:00,321,2.9999999999290594,2.4585286050157853,0,0,0
2025-10-31 00:45:00+00:00,321,2.00000000018008,2.125077170829732,0,0,0
2025-10-31 01:00:00+00:00,321,2.9999999999290594,2.504255286579389,0,0,0
2025-10-31 01:15:00+00:00,321,1.9999999999527065,2.7130157741739285,0,0,0
2025-10-31 01:30:00+00:00,321,2.9999999999290594,1.862917305065693,0,0,0
2025-10-31 01:45:00+00:00,321,2.00000000018008,1.810139951678833,0,0,0
2025-10-31 02:00:00+00:00,321,1.9999999999527065,2.190527215533673,0,0,0
2025-10-31 04:45:00+00:00,321,7.000000000061846,2.017193873251351,0,0,0
2025-10-31 05:00:00+00:00,321,8.000000000038199,9.887664073635584,0,0,0
2025-10-31 05:15:00+00:00,321,21.99999999993452,7.17671248619383,0,0,0
2025-10-31 05:30:00+00:00,321,21.99999999993452,13.179463066522713,0,0,0
2025-10-31 05:45:00+00:00,321,13.000000000147338,14.548680805383643,0,0,0
2025-10-31 06:00:00+00:00,321,10.999999999967258,10.944811993468145,0,0,0
2025-10-31 06:15:00+00:00,321,11.999999999943611,9.408694318655517,0,0,0
2025-10-31 06:30:00+00:00,321,13.000000000147338,10.224229525699393,0,0,0
2025-10-31 06:45:00+00:00,321,11.999999999943611,11.48678147989988,0,0,0
2025-10-31 07:00:00+00:00,321,12.999999999919964,10.57050335250658,0,0,0
2025-10-31 07:15:00+00:00,321,10.999999999967258,10.23078580824491,0,0,0
2025-10-31 07:30:00+00:00,321,9.000000000014552,10.420083251440744,0,0,0
2025-10-31 07:45:00+00:00,321,7.000000000061846,9.616848934209278,0,0,0
2025-10-31 08:00:00+00:00,321,7.000000000061846,9.355757745384576,0,0,0
2025-10-31 08:15:00+00:00,321,9.999999999990903,8.130911771087195,0,0,0
2025-10-31 08:30:00+00:00,321,8.000000000038199,7.966322830989204,0,0,0
2025-10-31 08:45:00+00:00,321,5.999999999858119,7.366656904389647,0,0,0
2025-10-31 09:00:00+00:00,321,5.000000000109139,6.292870218228971,0,0,0
2025-10-31 09:15:00+00:00,321,5.999999999858119,5.394380297812443,0,0,0
2025-10-31 09:30:00+00:00,321,5.000000000109139,5.402019390946427,0,0,0
2025-10-31 09:45:00+00:00,321,5.999999999858119,5.165290791368154,0,0,0
2025-10-31 10:00:00+00:00,321,5.000000000109139,5.275634281331108,0,0,0
2025-10-31 10:15:00+00:00,321,6.0000000000854925,5.367022745049044,0,0,0
2025-10-31 10:30:00+00:00,321,4.999999999881766,5.00377332397962,0,0,0
2025-10-31 10:45:00+00:00,321,4.000000000132786,4.634334229916608,0,0,0
2025-10-31 11:00:00+00:00,321,3.999999999905413,4.360287172019037,0,0,0
2025-10-31 11:15:00+00:00,321,3.999999999905413,4.277896939286139,0,0,0
2025-10-31 11:30:00+00:00,321,3.000000000156433,3.9665370116295127,0,0,0
2025-10-31 11:45:00+00:00,321,3.999999999905413,3.880368191067919,0,0,0
2025-10-31 12:00:00+00:00,321,3.999999999905413,3.9219241120946897,0,0,0
2025-10-31 12:15:00+00:00,321,5.000000000109139,4.0119657688493335,0,0,0
2025-10-31 12:30:00+00:00,321,5.000000000109139,3.9751552926284943,0,0,0
2025-10-31 12:45:00+00:00,321,4.999999999881766,3.979851269662471,0,0,0
2025-10-31 13:00:00+00:00,321,3.999999999905413,4.083591497118641,0,0,0
2025-10-31 13:15:00+00:00,321,4.000000000132786,4.069938319948377,0,0,0
2025-10-31 13:30:00+00:00,321,2.9999999999290594,4.014965419545862,0,0,0
2025-10-31 13:45:00+00:00,321,4.000000000132786,4.018096094938664,0,0,0
2025-10-31 14:00:00+00:00,321,2.9999999999290594,4.056903706258924,0,0,0
2025-10-31 14:15:00+00:00,321,3.999999999905413,3.981826627404558,0,0,0
2025-10-31 14:30:00+00:00,321,4.000000000132786,3.8615750888490337,0,0,0
2025-10-31 14:45:00+00:00,321,3.999999999905413,3.788241821066565,0,0,0
2025-10-31 15:00:00+00:00,321,2.9999999999290594,3.863592126433964,0,0,0
2025-10-31 15:15:00+00:00,321,3.000000000156433,3.862467491781744,0,0,0
2025-10-31 15:30:00+00:00,321,3.999999999905413,3.8046323471542194,0,0,0
2025-10-31 15:45:00+00:00,321,4.000000000132786,4.017037080800263,0,0,0
2025-10-31 16:00:00+00:00,321,3.999999999905413,4.118319964234823,0,0,0
2025-10-31 16:15:00+00:00,321,3.999999999905413,4.192577868323273,0,0,0
2025-10-31 16:30:00+00:00,321,4.000000000132786,4.25120547079323,0,0,0
2025-10-31 16:45:00+00:00,321,3.999999999905413,4.315435118161048,0,0,0
2025-10-31 17:00:00+00:00,321,5.000000000109139,4.433315664964521,0,0,0
2025-10-31 17:15:00+00:00,321,3.999999999905413,4.571757209950661,0,0,0
2025-10-31 17:30:00+00:00,321,4.000000000132786,4.621363866642335,0,0,0
2025-10-31 17:45:00+00:00,321,3.999999999905413,4.471682897737646,0,0,0
2025-10-31 18:00:00+00:00,321,3.999999999905413,4.382889905617386,0,0,0
2025-10-31 18:15:00+00:00,321,4.000000000132786,4.334455188036247,0,0,0
2025-10-31 18:30:00+00:00,321,4.999999999881766,4.276532248930069,0,0,0
2025-10-31 18:45:00+00:00,321,4.000000000132786,4.148155015891934,0,0,0
2025-10-31 19:00:00+00:00,321,3.999999999905413,4.0673215397113225,0,0,0
2025-10-31 19:15:00+00:00,321,4.000000000132786,4.005993869429079,0,0,0
2025-10-31 19:30:00+00:00,321,3.999999999905413,4.094185099804482,0,0,0
2025-10-31 19:45:00+00:00,321,3.999999999905413,3.888910107095324,0,0,0
2025-10-31 20:00:00+00:00,321,4.000000000132786,3.832931734567057,0,0,0
2025-10-31 20:15:00+00:00,321,2.9999999999290594,3.529380828331024,0,0,0
2025-10-31 20:30:00+00:00,321,4.000000000132786,3.2955385939248734,0,0,0
2025-10-31 20:45:00+00:00,321,3.999999999905413,3.4740209832283417,0,0,0
2025-10-31 21:00:00+00:00,321,3.999999999905413,3.4593488853325147,0,0,0
2025-10-31 21:15:00+00:00,321,2.00000000018008,2.515018204612975,0,0,0
2025-10-31 21:30:00+00:00,321,1.9999999999527065,1.4033882402433575,0,0,0
2025-10-31 21:45:00+00:00,321,0.9999999999763532,1.0263757456706355,0,0,0
2025-10-31 22:00:00+00:00,321,0.0,0.7627107904951358,0,0,0
2025-10-31 22:15:00+00:00,321,0.9999999999763532,0.4065226414858145,0,0,0
2025-10-31 22:30:00+00:00,321,0.9999999999763532,0.4054395424555279,0,0,0
2025-10-31 22:45:00+00:00,321,0.9999999999763532,0.4360074526642234,0,0,0
2025-10-31 23:00:00+00:00,321,0.9999999999763532,0.4539782433124113,0,0,0
2025-10-31 23:15:00+00:00,321,2.00000000018008,0.4362855105777248,0,0,0
2025-10-31 23:30:00+00:00,321,1.9999999999527065,0.7690164170999547,0,0,0
2025-10-31 23:45:00+00:00,321,1.9999999999527065,1.2893374796914516,0,0,0
2025-11-01 00:00:00+00:00,321,0.9999999999763532,1.587322684698815,0,0,0
2025-11-01 00:15:00+00:00,321,1.9999999999527065,1.1173557757728902,0,0,0
2025-11-01 00:30:00+00:00,321,2.00000000018008,1.5373521586524932,0,0,0
2025-11-01 00:45:00+00:00,321,1.9999999999527065,1.4688798205692328,0,0,0
2025-11-01 01:00:00+00:00,321,0.9999999999763532,1.4377379111407582,0,0,0
2025-11-01 01:15:00+00:00,321,1.9999999999527065,1.460111189272106,0,0,0
2025-11-01 01:30:00+00:00,321,1.9999999999527065,1.2691084780424342,0,0,0
2025-11-01 01:45:00+00:00,321,0.9999999999763532,1.183684414257458,0,0,0
2025-11-01 02:00:00+00:00,321,2.00000000018008,0.860321232690386,0,0,0
2025-11-01 02:15:00+00:00,321,0.9999999999763532,1.3283636578000468,0,0,0
2025-11-01 02:30:00+00:00,321,1.9999999999527065,1.151593531244525,0,0,0
2025-11-01 02:45:00+00:00,321,3.999999999905413,1.1768408436602331,0,0,0
2025-11-01 03:00:00+00:00,321,2.00000000018008,2.1551261742060746,0,0,0
2025-11-01 03:15:00+00:00,321,1.9999999999527065,2.6412256340677995,0,0,0
2025-11-01 03:30:00+00:00,321,1.9999999999527065,1.7321028828780487,0,0,0
2025-11-01 03:45:00+00:00,321,2.9999999999290594,1.364454651958657,0,0,0
2025-11-01 04:00:00+00:00,321,1.9999999999527065,1.8816054505176951,0,0,0
2025-11-01 04:15:00+00:00,321,2.00000000018008,2.026280655874818,0,0,0
2025-11-01 04:30:00+00:00,321,1.9999999999527065,1.9822935669215087,0,0,0
2025-11-01 04:45:00+00:00,321,1.9999999999527065,1.877339684456734,0,0,0
2025-11-01 05:00:00+00:00,321,2.9999999999290594,1.7056628635408395,0,0,0
2025-11-01 05:15:00+00:00,321,2.00000000018008,4.256246496353167,0,0,0
2025-11-01 05:30:00+00:00,321,1.9999999999527065,3.7235461238297223,0,0,0
2025-11-01 05:45:00+00:00,321,1.9999999999527065,1.9910780625186804,0,0,0
2025-11-01 06:00:00+00:00,321,2.9999999999290594,1.5830941276325037,0,0,0
2025-11-01 06:15:00+00:00,321,2.00000000018008,2.902695979663556,0,0,0
2025-11-01 06:30:00+00:00,321,3.999999999905413,2.322462522629891,0,0,0
2025-11-01 06:45:00+00:00,321,4.999999999881766,2.3314826751931728,0,0,0
2025-11-01 07:00:00+00:00,321,4.000000000132786,3.307054345106008,0,0,0
2025-11-01 07:15:00+00:00,321,2.9999999999290594,2.917918640881369,0,0,0
2025-11-01 07:30:00+00:00,321,3.000000000156433,2.901750611601835,0,0,0
2025-11-01 07:45:00+00:00,321,1.9999999999527065,3.0749539387342497,0,0,0
2025-11-01 08:00:00+00:00,321,0.9999999999763532,2.964602516621274,0,0,0
2025-11-01 08:15:00+00:00,321,1.9999999999527065,2.061620259094973,0,0,0
2025-11-01 08:30:00+00:00,321,0.9999999999763532,1.714130938462585,0,0,0
2025-11-01 08:45:00+00:00,321,0.9999999999763532,1.2308997440488407,0,0,0
2025-11-01 09:00:00+00:00,321,0.9999999999763532,0.9544294143195268,0,0,0
2025-11-01 09:15:00+00:00,321,0.9999999999763532,0.8240857291804651,0,0,0
2025-11-01 09:30:00+00:00,321,1.0000000002037268,1.0172188716851551,0,0,0
2025-11-01 09:45:00+00:00,321,0.0,1.0191422017341436,0,0,0
2025-11-01 10:00:00+00:00,321,0.9999999999763532,0.7036260798525431,0,0,0
2025-11-01 10:15:00+00:00,321,0.9999999999763532,0.6151228996499083,0,0,0
2025-11-01 10:30:00+00:00,321,0.0,0.5240514334910356,0,0,0
2025-11-01 10:45:00+00:00,321,0.9999999999763532,0.3612779462017337,0,0,0
2025-11-01 11:00:00+00:00,321,0.9999999999763532,0.2082480235577262,0,0,0
2025-11-01 11:15:00+00:00,321,0.0,0.1594880878256819,0,0,0
2025-11-01 11:30:00+00:00,321,0.9999999999763532,0.1219145027174923,0,0,0
2025-11-01 11:45:00+00:00,321,0.0,0.1178875664826506,0,0,0
2025-11-01 12:00:00+00:00,321,0.9999999999763532,0.1217195160478588,0,0,0
2025-11-01 12:15:00+00:00,321,0.0,0.131690372846513,0,0,0
2025-11-01 12:30:00+00:00,321,0.0,0.1385780750420426,0,0,0
2025-11-01 12:45:00+00:00,321,0.9999999999763532,0.1413156763460241,0,0,0
2025-11-01 13:00:00+00:00,321,0.0,0.1576498481132939,0,0,0
2025-11-01 13:15:00+00:00,321,0.9999999999763532,0.1746197456496059,0,0,0
2025-11-01 13:30:00+00:00,321,0.0,0.1914093670490526,0,0,0
2025-11-01 13:45:00+00:00,321,0.0,0.2159223065936264,0,0,0
2025-11-01 14:00:00+00:00,321,0.0,0.2286746078527479,0,0,0
2025-11-01 14:15:00+00:00,321,0.0,0.231893330110795,0,0,0
2025-11-01 14:30:00+00:00,321,0.9999999999763532,0.2322685929172938,0,0,0
2025-11-01 14:45:00+00:00,321,0.0,0.2666032648401075,0,0,0
2025-11-01 15:00:00+00:00,321,0.0,0.2908142058002045,0,0,0
2025-11-01 15:15:00+00:00,321,0.0,0.3979928400148065,0,0,0
2025-11-01 15:30:00+00:00,321,1.0000000002037268,0.4272070927670079,0,0,0
2025-11-01 15:45:00+00:00,321,0.0,0.4797104264258327,0,0,0
2025-11-01 16:00:00+00:00,321,7.999999999810825,0.5002333502883949,0,0,0
2025-11-01 16:15:00+00:00,321,7.000000000061846,6.741339269944167,0,0,0
2025-11-01 16:30:00+00:00,321,7.000000000061846,4.625106327133203,0,0,0
2025-11-01 16:45:00+00:00,321,4.999999999881766,3.899115791589859,0,0,0
2025-11-01 17:00:00+00:00,321,3.000000000156433,3.35499424074668,0,0,0
2025-11-01 17:15:00+00:00,321,2.9999999999290594,2.797465337273466,0,0,0
2025-11-01 17:30:00+00:00,321,2.9999999999290594,2.596652719780133,0,0,0
2025-11-01 17:45:00+00:00,321,4.000000000132786,2.597072114184937,0,0,0
2025-11-01 18:00:00+00:00,321,3.999999999905413,2.885600898377805,0,0,0
2025-11-01 18:15:00+00:00,321,2.9999999999290594,2.931344958561003,0,0,0
2025-11-01 18:30:00+00:00,321,3.000000000156433,2.9317011120969942,0,0,0
2025-11-01 18:45:00+00:00,321,2.9999999999290594,2.896211807572786,0,0,0
2025-11-01 19:00:00+00:00,321,2.9999999999290594,2.9059237878389017,0,0,0
2025-11-01 19:15:00+00:00,321,2.00000000018008,2.979766696260288,0,0,0
2025-11-01 19:30:00+00:00,321,2.9999999999290594,2.939456591504938,0,0,0
2025-11-01 19:45:00+00:00,321,2.9999999999290594,2.8721187672061985,0,0,0
2025-11-01 20:00:00+00:00,321,3.000000000156433,2.866341566013759,0,0,0
2025-11-01 20:15:00+00:00,321,1.9999999999527065,2.679218613580793,0,0,0
2025-11-01 20:30:00+00:00,321,2.9999999999290594,2.2148160357848967,0,0,0
2025-11-01 20:45:00+00:00,321,2.9999999999290594,2.252451924325987,0,0,0
2025-11-01 21:00:00+00:00,321,2.00000000018008,2.43737601266238,0,0,0
2025-11-01 21:15:00+00:00,321,2.9999999999290594,2.2394755037735146,0,0,0
2025-11-01 21:30:00+00:00,321,2.9999999999290594,2.41978077326251,0,0,0
2025-11-01 21:45:00+00:00,321,3.000000000156433,2.6095328007650647,0,0,0
2025-11-01 22:00:00+00:00,321,1.9999999999527065,2.7468980251036648,0,0,0
2025-11-01 22:15:00+00:00,321,2.9999999999290594,2.532572485274549,0,0,0
2025-11-01 22:30:00+00:00,321,2.9999999999290594,2.536190987893709,0,0,0
2025-11-01 22:45:00+00:00,321,3.000000000156433,2.605988427693384,0,0,0
2025-11-01 23:00:00+00:00,321,2.9999999999290594,2.6533228839560072,0,0,0
2025-11-01 23:15:00+00:00,321,2.9999999999290594,2.71650029556817,0,0,0
2025-11-01 23:30:00+00:00,321,3.000000000156433,2.8000281428351426,0,0,0
2025-11-01 23:45:00+00:00,321,5.999999999858119,2.870601130575612,0,0,0
2025-11-02 00:00:00+00:00,321,20.999999999958163,3.191830059013564,0,0,0
2025-11-02 00:15:00+00:00,321,9.000000000014552,10.602454629679126,0,0,0
2025-11-02 00:30:00+00:00,321,7.000000000061846,7.367082067630831,0,0,0
2025-11-02 00:45:00+00:00,321,5.000000000109139,4.565202946497878,0,0,0
2025-11-02 01:00:00+00:00,321,4.999999999881766,4.20738639919948,0,0,0
2025-11-02 01:15:00+00:00,321,4.000000000132786,4.291150552426656,0,0,0
2025-11-02 01:30:00+00:00,321,4.999999999881766,4.476573140336709,0,0,0
2025-11-02 01:45:00+00:00,321,3.999999999905413,4.553874321946809,0,0,0
2025-11-02 02:00:00+00:00,321,5.000000000109139,4.780535220385704,0,0,0
2025-11-02 02:15:00+00:00,321,5.000000000109139,4.65623323758709,0,0,0
2025-11-02 02:30:00+00:00,321,5.999999999858119,4.675628498158333,0,0,0
2025-11-02 02:45:00+00:00,321,5.000000000109139,4.806641512538348,0,0,0
2025-11-02 03:00:00+00:00,321,4.999999999881766,4.823197063401689,0,0,0
2025-11-02 03:15:00+00:00,321,5.000000000109139,4.662724837054699,0,0,0
2025-11-02 03:30:00+00:00,321,4.999999999881766,4.535203338783036,0,0,0
2025-11-02 03:45:00+00:00,321,5.000000000109139,4.499316777763632,0,0,0
2025-11-02 04:00:00+00:00,321,4.999999999881766,4.525896979824868,0,0,0
2025-11-02 04:15:00+00:00,321,5.000000000109139,4.513519580819971,0,0,0
2025-11-02 04:30:00+00:00,321,2.9999999999290594,4.418422548524897,0,0,0
2025-11-02 04:45:00+00:00,321,5.000000000109139,4.143268306705154,0,0,0
2025-11-02 05:00:00+00:00,321,3.999999999905413,4.107015496686094,0,0,0
2025-11-02 05:15:00+00:00,321,9.999999999990903,4.172601036934504,0,0,0
2025-11-02 05:30:00+00:00,321,8.000000000038199,7.475355050106659,0,0,0
2025-11-02 05:45:00+00:00,321,7.000000000061846,6.546502590056553,0,0,0
2025-11-02 06:00:00+00:00,321,4.999999999881766,4.798712679597194,0,0,0
2025-11-02 06:15:00+00:00,321,6.0000000000854925,4.326246566530678,0,0,0
2025-11-02 06:30:00+00:00,321,8.000000000038199,4.575493108390147,0,0,0
2025-11-02 06:45:00+00:00,321,5.999999999858119,5.97985921354525,0,0,0
2025-11-02 07:00:00+00:00,321,7.000000000061846,5.452541129308829,0,0,0
2025-11-02 07:15:00+00:00,321,6.0000000000854925,5.736827943890802,0,0,0
2025-11-02 08:15:00+00:00,321,5.999999999858119,5.170073877831463,0,0,0
2025-11-02 08:30:00+00:00,321,6.0000000000854925,5.377466069547195,0,0,0
2025-11-02 08:45:00+00:00,321,7.000000000061846,5.624359575157845,0,0,0
2025-11-02 09:00:00+00:00,321,5.999999999858119,5.47322615747366,0,0,0
2025-11-02 09:15:00+00:00,321,5.000000000109139,5.210487893752102,0,0,0
2025-11-02 09:30:00+00:00,321,3.999999999905413,4.333606447983885,0,0,0
2025-11-02 09:45:00+00:00,321,4.000000000132786,4.45015698956002,0,0,0
2025-11-02 10:00:00+00:00,321,3.999999999905413,4.3621197871159545,0,0,0
2025-11-02 10:15:00+00:00,321,3.999999999905413,4.101269014547376,0,0,0
2025-11-02 10:30:00+00:00,321,3.000000000156433,3.9597216001648654,0,0,0
2025-11-02 10:45:00+00:00,321,2.9999999999290594,3.4750511531848445,0,0,0
2025-11-02 11:00:00+00:00,321,2.9999999999290594,2.7117268719057965,0,0,0
2025-11-02 11:15:00+00:00,321,3.000000000156433,2.68942714643829,0,0,0
2025-11-02 11:30:00+00:00,321,2.9999999999290594,2.9307818480198904,0,0,0
2025-11-02 11:45:00+00:00,321,2.9999999999290594,3.139879091438094,0,0,0
2025-11-02 12:00:00+00:00,321,4.000000000132786,3.1343352396772133,0,0,0
2025-11-02 12:15:00+00:00,321,2.9999999999290594,3.1800346634889234,0,0,0
2025-11-02 12:30:00+00:00,321,2.9999999999290594,3.126535917112784,0,0,0
2025-11-02 12:45:00+00:00,321,3.000000000156433,3.094317542815859,0,0,0
2025-11-02 13:00:00+00:00,321,2.9999999999290594,3.036989442850881,0,0,0
2025-11-02 13:15:00+00:00,321,2.9999999999290594,3.1057541167176828,0,0,0
2025-11-02 13:30:00+00:00,321,4.000000000132786,3.253831709661091,0,0,0
2025-11-02 13:45:00+00:00,321,2.9999999999290594,3.290712962293264,0,0,0
2025-11-02 14:00:00+00:00,321,2.9999999999290594,3.1692772258498985,0,0,0
2025-11-02 14:15:00+00:00,321,2.00000000018008,2.9611149665879326,0,0,0
2025-11-02 14:30:00+00:00,321,2.9999999999290594,2.6793166837992475,0,0,0
2025-11-02 14:45:00+00:00,321,2.9999999999290594,2.741922692168002,0,0,0
2025-11-02 15:00:00+00:00,321,2.9999999999290594,2.8116734043930016,0,0,0
2025-11-02 15:15:00+00:00,321,2.00000000018008,2.8689748956001777,0,0,0
2025-11-02 15:30:00+00:00,321,3.999999999905413,2.836672440513019,0,0,0
2025-11-02 15:45:00+00:00,321,2.9999999999290594,2.919319386464813,0,0,0
2025-11-02 16:00:00+00:00,321,3.000000000156433,3.1766554954690656,0,0,0
2025-11-02 16:15:00+00:00,321,2.9999999999290594,3.320284522348732,0,0,0
2025-11-02 16:30:00+00:00,321,2.9999999999290594,3.432495961531429,0,0,0
2025-11-02 16:45:00+00:00,321,3.000000000156433,3.572275119397883,0,0,0
2025-11-02 17:00:00+00:00,321,2.9999999999290594,3.711224790703392,0,0,0
2025-11-02 17:15:00+00:00,321,2.9999999999290594,3.775391774086036,0,0,0
2025-11-02 17:30:00+00:00,321,3.000000000156433,3.8746027799348304,0,0,0
2025-11-02 17:45:00+00:00,321,3.999999999905413,3.8219850790947785,0,0,0
2025-11-02 18:00:00+00:00,321,2.9999999999290594,3.77941085028131,0,0,0
2025-11-02 18:15:00+00:00,321,4.000000000132786,3.689065500346503,0,0,0
2025-11-02 18:30:00+00:00,321,3.999999999905413,3.684561661619198,0,0,0
2025-11-02 18:45:00+00:00,321,2.9999999999290594,3.5752511539204823,0,0,0
2025-11-02 19:00:00+00:00,321,3.000000000156433,3.302725049734416,0,0,0
2025-11-02 19:15:00+00:00,321,2.9999999999290594,3.189715636259498,0,0,0
2025-11-02 19:30:00+00:00,321,4.000000000132786,3.1179737380475943,0,0,0
2025-11-02 19:45:00+00:00,321,2.9999999999290594,3.086444811808497,0,0,0
2025-11-02 20:00:00+00:00,321,3.999999999905413,2.884751148779077,0,0,0
2025-11-02 20:15:00+00:00,321,0.9999999999763532,2.938590544943437,0,0,0
2025-11-02 20:30:00+00:00,321,0.9999999999763532,1.8942172806109712,0,0,0
2025-11-02 20:45:00+00:00,321,1.0000000002037268,0.5566297831780527,0,0,0
2025-11-02 21:00:00+00:00,321,2.9999999999290594,0.3318000576269804,0,0,0
2025-11-02 21:15:00+00:00,321,2.9999999999290594,0.7693227423117164,0,0,0
2025-11-02 21:30:00+00:00,321,2.9999999999290594,2.105285446978296,0,0,0
2025-11-02 21:45:00+00:00,321,3.000000000156433,2.3298836979696325,0,0,0
2025-11-02 22:00:00+00:00,321,2.9999999999290594,2.4357304520850738,0,0,0
2025-11-02 22:15:00+00:00,321,4.000000000132786,2.3681655519643385,0,0,0
2025-11-02 22:30:00+00:00,321,1.9999999999527065,2.6275286858515043,0,0,0
2025-11-02 22:45:00+00:00,321,2.9999999999290594,2.6580194378736213,0,0,0
2025-11-02 23:00:00+00:00,321,2.9999999999290594,2.713577514616401,0,0,0
2025-11-02 23:15:00+00:00,321,4.000000000132786,2.732313829852173,0,0,0
2025-11-02 23:30:00+00:00,321,2.9999999999290594,2.912646789755791,0,0,0
2025-11-02 23:45:00+00:00,321,2.9999999999290594,3.044669855275435,0,0,0
2025-11-03 00:00:00+00:00,321,3.000000000156433,3.086929466174846,0,0,0
2025-11-03 00:15:00+00:00,321,2.9999999999290594,3.238232271317229,0,0,0
2025-11-03 00:30:00+00:00,321,2.9999999999290594,3.139584159678183,0,0,0
2025-11-03 00:45:00+00:00,321,4.000000000132786,3.202599034325348,0,0,0
2025-11-03 01:00:00+00:00,321,6.999999999834472,3.385917871828638,0,0,0
2025-11-03 01:15:00+00:00,321,21.000000000185537,4.706054206550269,0,0,0
2025-11-03 01:30:00+00:00,321,9.000000000014552,9.907208314406333,0,0,0
2025-11-03 01:45:00+00:00,321,5.999999999858119,7.799744796107497,0,0,0
2025-11-03 02:00:00+00:00,321,6.0000000000854925,5.453008981939221,0,0,0
2025-11-03 02:15:00+00:00,321,4.999999999881766,5.107419699678938,0,0,0
2025-11-03 02:30:00+00:00,321,4.000000000132786,5.1489610904490775,0,0,0
2025-11-03 02:45:00+00:00,321,4.999999999881766,5.181538286368819,0,0,0
2025-11-03 03:00:00+00:00,321,6.0000000000854925,5.296769567175375,0,0,0
2025-11-03 03:15:00+00:00,321,4.999999999881766,5.783873093008984,0,0,0
2025-11-03 03:30:00+00:00,321,5.000000000109139,5.617707241486606,0,0,0
2025-11-03 03:45:00+00:00,321,6.0000000000854925,5.530767704384686,0,0,0
2025-11-03 04:00:00+00:00,321,4.999999999881766,6.526858836858256,0,0,0
2025-11-03 04:15:00+00:00,321,6.0000000000854925,6.125777603142195,0,0,0
2025-11-03 04:30:00+00:00,321,5.999999999858119,5.809306161956119,0,0,0
2025-11-03 04:45:00+00:00,321,6.0000000000854925,6.0336213073021225,0,0,0
2025-11-03 05:00:00+00:00,321,4.999999999881766,6.978810823537689,0,0,0
2025-11-03 05:15:00+00:00,321,13.000000000147338,6.373335390261966,0,0,0
2025-11-03 05:30:00+00:00,321,9.999999999990903,10.407815243995698,0,0,0
2025-11-03 05:45:00+00:00,321,10.999999999967258,9.678375881733212,0,0,0
2025-11-03 06:00:00+00:00,321,7.000000000061846,9.417626784905826,0,0,0
2025-11-03 06:15:00+00:00,321,5.999999999858119,9.224499411237517,0,0,0
2025-11-03 06:30:00+00:00,321,7.000000000061846,7.904479751231664,0,0,0
2025-11-03 06:45:00+00:00,321,11.999999999943611,7.935884142715413,0,0,0
2025-11-03 07:00:00+00:00,321,14.000000000123691,10.72596714721918,0,0,0
2025-11-03 07:15:00+00:00,321,12.999999999919964,11.588931996325943,0,0,0
2025-11-03 07:30:00+00:00,321,11.999999999943611,9.793019967106767,0,0,0
2025-11-03 07:45:00+00:00,321,11.000000000194632,10.303852736062773,0,0,0
2025-11-03 08:00:00+00:00,321,11.999999999943611,10.533692984451424,0,0,0
2025-11-03 08:15:00+00:00,321,8.000000000038199,10.93743884369126,0,0,0
2025-11-03 08:30:00+00:00,321,6.999999999834472,9.003870840779951,0,0,0
2025-11-03 08:45:00+00:00,321,7.000000000061846,6.994830016838628,0,0,0
2025-11-03 09:00:00+00:00,321,7.000000000061846,6.827060140360877,0,0,0
2025-11-03 09:15:00+00:00,321,7.000000000061846,6.6773553750061225,0,0,0
2025-11-03 09:30:00+00:00,321,5.999999999858119,6.179883231105478,0,0,0
2025-11-03 09:45:00+00:00,321,6.0000000000854925,5.775043023604413,0,0,0
2025-11-03 10:00:00+00:00,321,5.999999999858119,5.848533095570727,0,0,0
2025-11-03 10:15:00+00:00,321,5.000000000109139,5.664676241964576,0,0,0
2025-11-03 10:30:00+00:00,321,4.999999999881766,5.348302294113316,0,0,0
2025-11-03 10:45:00+00:00,321,5.000000000109139,5.0955245032849295,0,0,0
2025-11-03 11:00:00+00:00,321,5.000000000109139,4.780219809256645,0,0,0
2025-11-03 11:15:00+00:00,321,3.999999999905413,4.4309149637051135,0,0,0
2025-11-03 11:30:00+00:00,321,4.999999999881766,4.042332202447468,0,0,0
2025-11-03 11:45:00+00:00,321,4.000000000132786,3.9471687924788,0,0,0
2025-11-03 12:00:00+00:00,321,4.999999999881766,4.010616798572397,0,0,0
2025-11-03 12:15:00+00:00,321,5.000000000109139,4.074490400569907,0,0,0
2025-11-03 12:30:00+00:00,321,2.9999999999290594,4.148788866789152,0,0,0
2025-11-03 12:45:00+00:00,321,4.000000000132786,3.856799249486426,0,0,0
2025-11-03 13:00:00+00:00,321,2.9999999999290594,3.8924036062411815,0,0,0
2025-11-03 13:15:00+00:00,321,4.999999999881766,3.788947313700574,0,0,0
2025-11-03 13:30:00+00:00,321,3.000000000156433,4.008269891712231,0,0,0
2025-11-03 13:45:00+00:00,321,3.999999999905413,3.901700987447735,0,0,0
2025-11-03 14:00:00+00:00,321,4.000000000132786,3.927635656718083,0,0,0
2025-11-03 14:15:00+00:00,321,3.999999999905413,3.908970370280235,0,0,0
2025-11-03 14:30:00+00:00,321,3.999999999905413,3.88296510487469,0,0,0
2025-11-03 14:45:00+00:00,321,3.000000000156433,4.0420530989323735,0,0,0
2025-11-03 15:00:00+00:00,321,3.999999999905413,3.972213186074853,0,0,0
2025-11-03 15:15:00+00:00,321,4.000000000132786,4.027909750945972,0,0,0
2025-11-03 15:30:00+00:00,321,4.999999999881766,3.9513556336470415,0,0,0
2025-11-03 15:45:00+00:00,321,5.000000000109139,4.143420099212395,0,0,0
2025-11-03 16:00:00+00:00,321,3.999999999905413,4.327019879047375,0,0,0
2025-11-03 16:15:00+00:00,321,5.000000000109139,4.288050812418939,0,0,0
2025-11-03 16:30:00+00:00,321,4.999999999881766,4.338655405693844,0,0,0
2025-11-03 16:45:00+00:00,321,5.000000000109139,4.449847635709159,0,0,0
2025-11-03 17:00:00+00:00,321,3.999999999905413,4.678060134802826,0,0,0
2025-11-03 17:15:00+00:00,321,3.999999999905413,4.595012398943553,0,0,0
2025-11-03 17:30:00+00:00,321,4.000000000132786,4.469619889737815,0,0,0
2025-11-03 17:45:00+00:00,321,3.999999999905413,4.255246180124929,0,0,0
2025-11-03 18:00:00+00:00,321,5.000000000109139,4.186652263814966,0,0,0
2025-11-03 18:15:00+00:00,321,2.9999999999290594,4.326509913911411,0,0,0
2025-11-03 18:30:00+00:00,321,5.000000000109139,4.148605634123642,0,0,0
2025-11-03 18:45:00+00:00,321,3.999999999905413,4.046893945869934,0,0,0
2025-11-03 19:00:00+00:00,321,3.999999999905413,4.025469749488728,0,0,0
2025-11-03 19:15:00+00:00,321,5.000000000109139,4.045229167856438,0,0,0
2025-11-03 19:30:00+00:00,321,3.999999999905413,4.173212461480295,0,0,0
2025-11-03 19:45:00+00:00,321,4.000000000132786,3.936117216294866,0,0,0
2025-11-03 20:00:00+00:00,321,3.999999999905413,3.839180970796265,0,0,0
2025-11-03 20:15:00+00:00,321,4.000000000132786,3.4055996272365867,0,0,0
2025-11-03 20:30:00+00:00,321,2.9999999999290594,3.882181120010691,0,0,0
2025-11-03 20:45:00+00:00,321,3.999999999905413,3.5932224132866257,0,0,0
2025-11-03 21:00:00+00:00,321,4.000000000132786,3.272363086984475,0,0,0
2025-11-03 21:15:00+00:00,321,1.9999999999527065,2.9733854257884405,0,0,0
2025-11-03 21:30:00+00:00,321,0.9999999999763532,1.5603784690620215,0,0,0
2025-11-03 21:45:00+00:00,321,0.9999999999763532,0.5609512185100773,0,0,0
2025-11-03 22:00:00+00:00,321,0.0,0.2694426861061902,0,0,0
2025-11-03 22:15:00+00:00,321,0.0,0.1415086439229247,0,0,0
2025-11-03 22:30:00+00:00,321,0.0,0.0938260383847868,0,0,0
2025-11-03 22:45:00+00:00,321,0.0,0.1184229144986854,0,0,0
2025-11-03 23:00:00+00:00,321,0.0,0.1239451331231427,0,0,0
2025-11-03 23:15:00+00:00,321,0.0,0.1106915199826263,0,0,0
2025-11-03 23:30:00+00:00,321,0.0,0.0974846344167859,0,0,0
2025-11-03 23:45:00+00:00,321,0.0,0.1006148050364048,0,0,0
2025-11-04 00:00:00+00:00,321,0.0,0.1043830089596178,0,0,0
2025-11-04 00:15:00+00:00,321,0.0,0.1243400099733325,0,0,0
2025-11-04 00:30:00+00:00,321,0.0,0.1487395918830456,0,0,0
2025-11-04 00:45:00+00:00,321,0.0,0.1646731179637464,0,0,0
2025-11-04 01:00:00+00:00,321,0.9999999999763532,0.1671528522815557,0,0,0
2025-11-04 01:15:00+00:00,321,0.0,0.1982575527153813,0,0,0
2025-11-04 01:30:00+00:00,321,0.9999999999763532,0.2359984340785819,0,0,0
2025-11-04 01:45:00+00:00,321,0.0,0.2416570856834186,0,0,0
2025-11-04 02:00:00+00:00,321,0.0,0.2182511858401068,0,0,0
2025-11-04 06:30:00+00:00,321,19.99999999998181,0.2011154342578791,0,0,0
2025-11-04 06:45:00+00:00,321,8.000000000038199,13.9732959111062,0,0,0
2025-11-04 07:00:00+00:00,321,8.000000000038199,6.24525943470376,0,0,0
2025-11-04 07:15:00+00:00,321,5.999999999858119,5.113999922895431,0,0,0
2025-11-04 07:30:00+00:00,321,5.000000000109139,4.325880750193751,0,0,0
2025-11-04 07:45:00+00:00,321,3.999999999905413,4.647463236191323,0,0,0
2025-11-04 08:00:00+00:00,321,4.000000000132786,4.311359651590163,0,0,0
2025-11-04 08:15:00+00:00,321,4.999999999881766,4.127297571629804,0,0,0
2025-11-04 08:30:00+00:00,321,5.000000000109139,4.250583229679226,0,0,0
2025-11-04 08:45:00+00:00,321,4.999999999881766,4.166143040938806,0,0,0
2025-11-04 09:00:00+00:00,321,4.000000000132786,4.14295282346564,0,0,0
2025-11-04 09:15:00+00:00,321,3.999999999905413,4.197996103671986,0,0,0
2025-11-04 09:30:00+00:00,321,6.0000000000854925,4.035301937882905,0,0,0
2025-11-04 09:45:00+00:00,321,3.999999999905413,4.111265614778375,0,0,0
2025-11-04 10:00:00+00:00,321,5.000000000109139,4.135697718503178,0,0,0
2025-11-04 10:15:00+00:00,321,3.999999999905413,4.26470087028851,0,0,0
2025-11-04 10:30:00+00:00,321,5.000000000109139,4.275818139096718,0,0,0
2025-11-04 10:45:00+00:00,321,3.999999999905413,4.082454171026385,0,0,0
2025-11-04 11:00:00+00:00,321,5.000000000109139,3.769549493208188,0,0,0
2025-11-04 11:15:00+00:00,321,3.999999999905413,3.943527178458894,0,0,0
2025-11-04 11:30:00+00:00,321,3.999999999905413,3.9737704474003226,0,0,0
2025-11-04 11:45:00+00:00,321,4.000000000132786,3.788864170346252,0,0,0
2025-11-04 12:00:00+00:00,321,2.9999999999290594,3.7696167362072384,0,0,0
2025-11-04 12:15:00+00:00,321,3.000000000156433,3.7269277976878823,0,0,0
2025-11-04 12:30:00+00:00,321,3.999999999905413,3.547648569831856,0,0,0
2025-11-04 12:45:00+00:00,321,3.999999999905413,3.632284394236003,0,0,0
2025-11-04 13:00:00+00:00,321,4.000000000132786,3.851824817931448,0,0,0
2025-11-04 13:15:00+00:00,321,3.999999999905413,3.701649099196746,0,0,0
2025-11-04 13:30:00+00:00,321,3.000000000156433,3.658566491677318,0,0,0
2025-11-04 13:45:00+00:00,321,2.9999999999290594,3.5961799154223555,0,0,0
2025-11-04 14:00:00+00:00,321,3.999999999905413,3.5380443946955857,0,0,0
2025-11-04 14:15:00+00:00,321,4.000000000132786,3.701144758676252,0,0,0
2025-11-04 14:30:00+00:00,321,3.999999999905413,3.763786209333514,0,0,0
2025-11-04 14:45:00+00:00,321,3.999999999905413,3.732211096348153,0,0,0
2025-11-04 15:00:00+00:00,321,4.000000000132786,3.72242103848716,0,0,0
2025-11-04 15:15:00+00:00,321,3.999999999905413,3.800204476790989,0,0,0
2025-11-04 15:30:00+00:00,321,5.000000000109139,3.892424157720784,0,0,0
2025-11-04 15:45:00+00:00,321,3.999999999905413,4.0774887893334775,0,0,0
2025-11-04 16:00:00+00:00,321,4.000000000132786,4.187944483164016,0,0,0
2025-11-04 16:15:00+00:00,321,3.999999999905413,4.197876544538017,0,0,0
2025-11-04 16:30:00+00:00,321,5.000000000109139,4.19903889295807,0,0,0
2025-11-04 16:45:00+00:00,321,4.999999999881766,4.233132499630667,0,0,0
2025-11-04 17:00:00+00:00,321,5.000000000109139,4.330194758148937,0,0,0
2025-11-04 17:15:00+00:00,321,3.999999999905413,4.419646767715122,0,0,0
2025-11-04 17:30:00+00:00,321,5.000000000109139,4.418202683748376,0,0,0
2025-11-04 17:45:00+00:00,321,4.999999999881766,4.395714461552164,0,0,0
2025-11-04 18:00:00+00:00,321,4.000000000132786,4.490795413215829,0,0,0
2025-11-04 18:15:00+00:00,321,4.999999999881766,4.535312730342886,0,0,0
2025-11-04 18:30:00+00:00,321,3.999999999905413,4.60438344097963,0,0,0
2025-11-04 18:45:00+00:00,321,5.000000000109139,4.4210881835950415,0,0,0
2025-11-04 19:00:00+00:00,321,3.999999999905413,4.373742694432842,0,0,0
2025-11-04 19:15:00+00:00,321,5.000000000109139,4.365012065345367,0,0,0
2025-11-04 19:30:00+00:00,321,6.0000000000854925,4.52809872833963,0,0,0
2025-11-04 19:45:00+00:00,321,3.999999999905413,4.550936397799543,0,0,0
2025-11-04 20:00:00+00:00,321,4.999999999881766,4.366076559878328,0,0,0
2025-11-04 20:15:00+00:00,321,5.000000000109139,4.272392604054459,0,0,0
2025-11-04 20:30:00+00:00,321,5.000000000109139,4.247303501976464,0,0,0
2025-11-04 20:45:00+00:00,321,5.999999999858119,4.391603156085268,0,0,0
2025-11-04 21:00:00+00:00,321,2.9999999999290594,4.267311989854867,0,0,0
2025-11-04 21:15:00+00:00,321,2.00000000018008,2.668414881029821,0,0,0
2025-11-04 21:30:00+00:00,321,2.9999999999290594,1.3398546029847491,0,0,0
2025-11-04 21:45:00+00:00,321,0.9999999999763532,1.1817556038139094,0,0,0
2025-11-04 22:00:00+00:00,321,0.9999999999763532,1.3634269337576148,0,0,0
2025-11-04 22:15:00+00:00,321,0.9999999999763532,1.344655717061745,0,0,0
2025-11-04 22:30:00+00:00,321,1.9999999999527065,1.0065773876573625,0,0,0
2025-11-04 22:45:00+00:00,321,2.00000000018008,2.11249274270926,0,0,0
2025-11-04 23:00:00+00:00,321,1.9999999999527065,2.1688583123242857,0,0,0
2025-11-04 23:15:00+00:00,321,1.9999999999527065,2.3364695458015947,0,0,0
2025-11-04 23:30:00+00:00,321,0.9999999999763532,2.379143936036705,0,0,0
2025-11-04 23:45:00+00:00,321,1.9999999999527065,1.6123856827921927,0,0,0
2025-11-05 00:00:00+00:00,321,1.0000000002037268,1.8657988388373477,0,0,0
2025-11-05 00:15:00+00:00,321,1.9999999999527065,1.8924632659097265,0,0,0
2025-11-05 00:30:00+00:00,321,1.9999999999527065,2.079090026303585,0,0,0
2025-11-05 00:45:00+00:00,321,0.9999999999763532,2.160809920249162,0,0,0
2025-11-05 01:00:00+00:00,321,1.9999999999527065,1.6828153870590814,0,0,0
2025-11-05 01:15:00+00:00,321,0.9999999999763532,1.6984826813408596,0,0,0
2025-11-05 01:30:00+00:00,321,2.00000000018008,1.4674777048871497,0,0,0
2025-11-05 01:45:00+00:00,321,1.9999999999527065,1.6356309205423305,0,0,0
2025-11-05 02:00:00+00:00,321,0.9999999999763532,1.6644217407042627,0,0,0
2025-11-05 02:15:00+00:00,321,1.9999999999527065,1.6746054675653277,0,0,0
2025-11-05 02:30:00+00:00,321,1.9999999999527065,1.6706307392997215,0,0,0
2025-11-05 03:00:00+00:00,321,2.00000000018008,1.65118976070017,0,0,0
2025-11-05 03:15:00+00:00,321,0.9999999999763532,2.004510798028786,0,0,0
2025-11-05 03:30:00+00:00,321,1.9999999999527065,1.631755704704274,0,0,0
2025-11-05 03:45:00+00:00,321,1.9999999999527065,1.6670315622824337,0,0,0
2025-11-05 04:00:00+00:00,321,0.9999999999763532,1.7169565145213563,0,0,0
2025-11-05 04:15:00+00:00,321,10.999999999967258,1.5519464493676494,0,0,0
2025-11-05 04:30:00+00:00,321,14.000000000123691,12.89903819945512,0,0,0
2025-11-05 04:45:00+00:00,321,5.999999999858119,7.935869720624464,0,0,0
2025-11-05 05:00:00+00:00,321,4.000000000132786,5.555809934667097,0,0,0
2025-11-05 05:15:00+00:00,321,7.000000000061846,3.9137739000574654,0,0,0
2025-11-05 05:30:00+00:00,321,5.999999999858119,6.0007516313779306,0,0,0
2025-11-05 05:45:00+00:00,321,5.000000000109139,5.478702513848899,0,0,0
2025-11-05 06:00:00+00:00,321,2.9999999999290594,5.005175872324432,0,0,0
2025-11-05 06:15:00+00:00,321,7.000000000061846,5.044874696754899,0,0,0
2025-11-05 06:30:00+00:00,321,4.999999999881766,6.605314146296568,0,0,0
2025-11-05 06:45:00+00:00,321,7.000000000061846,6.066826152619974,0,0,0
2025-11-05 07:00:00+00:00,321,9.999999999990903,6.405251477532595,0,0,0
2025-11-05 07:15:00+00:00,321,3.999999999905413,7.481631544087761,0,0,0
2025-11-05 07:30:00+00:00,321,5.000000000109139,6.377581253837417,0,0,0
2025-11-05 07:45:00+00:00,321,5.000000000109139,5.784456899250609,0,0,0
2025-11-05 08:00:00+00:00,321,4.999999999881766,5.729900436724253,0,0,0
2025-11-05 08:15:00+00:00,321,3.999999999905413,5.9951195164204405,0,0,0
2025-11-05 09:00:00+00:00,321,5.000000000109139,5.246474832524513,0,0,0
2025-11-05 09:15:00+00:00,321,3.999999999905413,4.547490383388135,0,0,0
2025-11-05 09:30:00+00:00,321,5.000000000109139,4.331270141360566,0,0,0
2025-11-05 09:45:00+00:00,321,3.999999999905413,4.110845427158569,0,0,0
2025-11-05 10:00:00+00:00,321,4.000000000132786,3.9739823800268215,0,0,0
2025-11-05 10:15:00+00:00,321,4.999999999881766,3.8860862977426938,0,0,0
2025-11-05 10:30:00+00:00,321,4.000000000132786,3.8627565465395937,0,0,0
2025-11-05 10:45:00+00:00,321,3.999999999905413,3.8025446052684098,0,0,0
2025-11-05 11:00:00+00:00,321,2.9999999999290594,3.713565568174906,0,0,0
2025-11-05 11:15:00+00:00,321,1.9999999999527065,3.3541420393924906,0,0,0
2025-11-05 11:30:00+00:00,321,3.000000000156433,2.829613259656103,0,0,0
2025-11-05 11:45:00+00:00,321,2.9999999999290594,2.6892344673032085,0,0,0
2025-11-05 12:00:00+00:00,321,3.999999999905413,2.9157621056217327,0,0,0
2025-11-05 12:15:00+00:00,321,3.000000000156433,3.117972512169864,0,0,0
2025-11-05 12:30:00+00:00,321,3.999999999905413,2.935169336528463,0,0,0
2025-11-05 12:45:00+00:00,321,3.000000000156433,2.920306218038013,0,0,0
2025-11-05 13:00:00+00:00,321,1.9999999999527065,2.9011747375102326,0,0,0
2025-11-05 13:15:00+00:00,321,2.9999999999290594,2.6936042166399137,0,0,0
2025-11-05 13:30:00+00:00,321,0.9999999999763532,2.6998029755507984,0,0,0
2025-11-05 13:45:00+00:00,321,0.0,2.4132895343471743,0,0,0
2025-11-05 14:00:00+00:00,321,0.0,0.7352026711022273,0,0,0
2025-11-05 14:15:00+00:00,321,0.0,0.2399973914569821,0,0,0
2025-11-05 14:30:00+00:00,321,0.0,0.1313485692910165,0,0,0
2025-11-05 14:45:00+00:00,321,9.000000000014552,0.1123295810726392,0,0,0
2025-11-05 15:00:00+00:00,321,9.000000000014552,3.94558957351986,0,0,0
2025-11-05 15:15:00+00:00,321,0.9999999999763532,6.133250842230264,0,0,0
2025-11-05 15:30:00+00:00,321,0.0,1.961212219697393,0,0,0
2025-11-05 15:45:00+00:00,321,5.000000000109139,1.030804192917504,0,0,0
2025-11-05 16:00:00+00:00,321,4.999999999881766,3.5094086120113577,0,0,0
2025-11-05 16:15:00+00:00,321,5.000000000109139,3.411693681767181,0,0,0
2025-11-05 16:30:00+00:00,321,3.999999999905413,3.8726987033772593,0,0,0
2025-11-05 16:45:00+00:00,321,4.000000000132786,4.167722764670929,0,0,0
2025-11-05 17:00:00+00:00,321,4.999999999881766,4.020638709573012,0,0,0
2025-11-05 17:15:00+00:00,321,3.999999999905413,3.91934803820934,0,0,0
2025-11-05 17:30:00+00:00,321,4.000000000132786,4.21959066100253,0,0,0
2025-11-05 17:45:00+00:00,321,3.999999999905413,4.504277183835162,0,0,0
2025-11-05 18:00:00+00:00,321,4.000000000132786,4.362179061909756,0,0,0
2025-11-05 18:15:00+00:00,321,3.999999999905413,4.197897023907165,0,0,0
2025-11-05 18:30:00+00:00,321,5.000000000109139,4.206973206293784,0,0,0
2025-11-05 18:45:00+00:00,321,3.999999999905413,4.244770261701232,0,0,0
2025-11-05 19:00:00+00:00,321,5.000000000109139,4.137765125240749,0,0,0
2025-11-05 19:15:00+00:00,321,3.999999999905413,4.007866866380654,0,0,0
2025-11-05 19:30:00+00:00,321,5.000000000109139,4.055940959577609,0,0,0
2025-11-05 19:45:00+00:00,321,3.999999999905413,4.148397883903519,0,0,0
2025-11-05 20:00:00+00:00,321,3.999999999905413,4.118175310662602,0,0,0
2025-11-05 20:15:00+00:00,321,3.000000000156433,3.962635583641157,0,0,0
2025-11-05 20:30:00+00:00,321,3.999999999905413,3.856714483646872,0,0,0
2025-11-05 20:45:00+00:00,321,3.999999999905413,3.854411636274554,0,0,0
2025-11-05 21:00:00+00:00,321,4.000000000132786,3.521471681544016,0,0,0
2025-11-05 21:15:00+00:00,321,2.9999999999290594,1.707579559427991,0,0,0
2025-11-05 21:30:00+00:00,321,1.9999999999527065,1.5357296734207058,0,0,0
2025-11-05 21:45:00+00:00,321,0.0,1.2874877023063045,0,0,0
2025-11-05 22:00:00+00:00,321,0.0,0.6568191836768427,0,0,0
2025-11-05 22:15:00+00:00,321,0.0,0.312413594531217,0,0,0
2025-11-05 22:30:00+00:00,321,0.0,0.3200394193415277,0,0,0
2025-11-05 22:45:00+00:00,321,0.0,0.368000948118623,0,0,0
2025-11-05 23:00:00+00:00,321,1.0000000002037268,0.3643146616720019,0,0,0
2025-11-05 23:15:00+00:00,321,5.999999999858119,0.3512142111373664,0,0,0
2025-11-05 23:30:00+00:00,321,2.9999999999290594,7.638414094796756,0,0,0
2025-11-05 23:45:00+00:00,321,3.000000000156433,4.273354124858043,0,0,0
2025-11-06 00:00:00+00:00,321,0.9999999999763532,3.0711742692487327,0,0,0
2025-11-06 00:15:00+00:00,321,1.9999999999527065,2.224864483432857,0,0,0
2025-11-06 00:30:00+00:00,321,0.9999999999763532,1.932764068416414,0,0,0
2025-11-06 00:45:00+00:00,321,1.9999999999527065,1.813834891380024,0,0,0
2025-11-06 01:00:00+00:00,321,2.00000000018008,1.8327379259871692,0,0,0
2025-11-06 01:15:00+00:00,321,1.9999999999527065,1.8744818029142365,0,0,0
2025-11-06 01:30:00+00:00,321,1.9999999999527065,1.6128595927007845,0,0,0
2025-11-06 01:45:00+00:00,321,2.9999999999290594,1.65814265074679,0,0,0
2025-11-06 02:00:00+00:00,321,2.00000000018008,2.9585202882052584,0,0,0
2025-11-06 02:15:00+00:00,321,1.9999999999527065,3.8199559630086775,0,0,0
2025-11-06 02:30:00+00:00,321,1.9999999999527065,2.5873126852395982,0,0,0
2025-11-06 02:45:00+00:00,321,1.9999999999527065,2.161161242384686,0,0,0
2025-11-06 03:00:00+00:00,321,1.9999999999527065,1.9873969680248007,0,0,0
2025-11-06 03:15:00+00:00,321,2.00000000018008,1.9038287389031705,0,0,0
2025-11-06 03:30:00+00:00,321,2.9999999999290594,1.791671598892897,0,0,0
2025-11-06 03:45:00+00:00,321,1.9999999999527065,1.8266653603720904,0,0,0
2025-11-06 04:00:00+00:00,321,1.9999999999527065,1.879747596761616,0,0,0
2025-11-06 04:45:00+00:00,321,2.9999999999290594,2.492595602930581,0,0,0
2025-11-06 05:00:00+00:00,321,1.9999999999527065,4.314232027334064,0,0,0
2025-11-06 05:15:00+00:00,321,16.000000000076398,3.136828674981424,0,0,0
2025-11-06 05:30:00+00:00,321,14.99999999987267,13.229047368973411,0,0,0
2025-11-06 05:45:00+00:00,321,11.000000000194632,10.014205230274971,0,0,0
2025-11-06 06:00:00+00:00,321,5.999999999858119,7.648156505674774,0,0,0
2025-11-06 06:15:00+00:00,321,8.000000000038199,5.858127247353788,0,0,0
2025-11-06 06:30:00+00:00,321,7.000000000061846,6.562220361656654,0,0,0
2025-11-06 06:45:00+00:00,321,5.999999999858119,7.171564088166777,0,0,0
2025-11-06 07:00:00+00:00,321,7.000000000061846,7.003256556138439,0,0,0
2025-11-06 07:15:00+00:00,321,7.000000000061846,7.089478161552908,0,0,0
2025-11-06 07:30:00+00:00,321,9.000000000014552,7.026782447778448,0,0,0
2025-11-06 07:45:00+00:00,321,4.999999999881766,7.05765524098981,0,0,0
2025-11-06 08:00:00+00:00,321,6.0000000000854925,6.615687667874525,0,0,0
2025-11-06 08:15:00+00:00,321,9.000000000014552,6.529767772602714,0,0,0
2025-11-06 08:30:00+00:00,321,6.0000000000854925,6.1152742827456965,0,0,0
2025-11-06 08:45:00+00:00,321,4.999999999881766,5.407674004365799,0,0,0
2025-11-06 09:00:00+00:00,321,5.000000000109139,5.024701220156036,0,0,0
2025-11-06 09:15:00+00:00,321,6.999999999834472,4.681682964049271,0,0,0
2025-11-06 09:30:00+00:00,321,9.000000000014552,4.677318478775763,0,0,0
2025-11-06 09:45:00+00:00,321,8.000000000038199,4.807196474598074,0,0,0
2025-11-06 10:00:00+00:00,321,6.0000000000854925,5.403129315065879,0,0,0
2025-11-06 10:15:00+00:00,321,5.999999999858119,5.557075040485162,0,0,0
2025-11-06 10:30:00+00:00,321,4.000000000132786,5.467407420659287,0,0,0
2025-11-06 10:45:00+00:00,321,13.999999999896318,5.429974883600581,0,0,0
2025-11-06 11:00:00+00:00,321,10.999999999967258,7.256063984363727,0,0,0
2025-11-06 11:15:00+00:00,321,9.999999999990903,8.039734446780754,0,0,0
2025-11-06 11:30:00+00:00,321,9.999999999990903,8.109936858894283,0,0,0
2025-11-06 11:45:00+00:00,321,9.000000000014552,7.809405577950743,0,0,0
2025-11-06 12:00:00+00:00,321,8.000000000038199,8.174638685519778,0,0,0
2025-11-06 22:00:00+00:00,321,11.999999999943611,8.567805364164725,0,0,0
2025-11-06 22:15:00+00:00,321,12.000000000170983,13.584228856034478,0,0,0
2025-11-06 22:30:00+00:00,321,11.999999999943611,13.288751364201364,0,0,0
2025-11-06 22:45:00+00:00,321,11.999999999943611,11.022378613662164,0,0,0
2025-11-06 23:00:00+00:00,321,11.999999999943611,12.335991115542914,0,0,0
2025-11-06 23:15:00+00:00,321,12.000000000170983,14.030393546057804,0,0,0
2025-11-06 23:30:00+00:00,321,11.999999999943611,11.768727589120791,0,0,0
2025-11-06 23:45:00+00:00,321,11.999999999943611,10.115516381007794,0,0,0
2025-11-07 00:00:00+00:00,321,12.999999999919964,11.824413012926655,0,0,0
2025-11-07 00:15:00+00:00,321,12.000000000170983,11.993054560581376,0,0,0
2025-11-07 00:30:00+00:00,321,11.999999999943611,12.307966108410383,0,0,0
2025-11-07 00:45:00+00:00,321,11.999999999943611,12.300431431214877,0,0,0
2025-11-07 01:00:00+00:00,321,11.999999999943611,12.384391652768503,0,0,0
2025-11-07 01:15:00+00:00,321,12.000000000170983,12.541331692710664,0,0,0
2025-11-07 01:30:00+00:00,321,11.999999999943611,12.19263668527492,0,0,0
2025-11-07 01:45:00+00:00,321,12.999999999919964,11.435695549339544,0,0,0
2025-11-07 02:00:00+00:00,321,11.999999999943611,11.783455428398138,0,0,0
2025-11-07 10:00:00+00:00,321,7.000000000061846,11.693421199020335,0,0,0
2025-11-07 10:15:00+00:00,321,8.000000000038199,11.963447161629896,0,0,0
2025-11-07 10:30:00+00:00,321,6.999999999834472,8.324366814661872,0,0,0
2025-11-07 10:45:00+00:00,321,7.000000000061846,6.676257565443068,0,0,0
2025-11-07 11:00:00+00:00,321,8.000000000038199,6.531527267698519,0,0,0
2025-11-07 11:15:00+00:00,321,6.0000000000854925,6.0999456191594055,0,0,0
2025-11-07 11:30:00+00:00,321,5.999999999858119,5.903349732617807,0,0,0
2025-11-07 11:45:00+00:00,321,6.0000000000854925,5.753364601814999,0,0,0
2025-11-07 12:00:00+00:00,321,0.0,5.400833318186763,0,0,0
2025-11-07 12:15:00+00:00,321,0.0,4.94886294334137,0,0,0
2025-11-07 12:30:00+00:00,321,0.9999999999763532,4.0277916340210975,0,0,0
2025-11-07 12:45:00+00:00,321,0.0,3.366762450629881,0,0,0
2025-11-07 13:00:00+00:00,321,0.0,2.7554441235374454,0,0,0
2025-11-07 13:15:00+00:00,321,0.0,2.1524338582676736,0,0,0
2025-11-07 13:30:00+00:00,321,0.0,1.724292166861769,0,0,0
2025-11-07 13:45:00+00:00,321,0.0,1.207476249254571,0,0,0
2025-11-07 14:00:00+00:00,321,0.0,0.8473750985289068,0,0,0
2025-11-07 22:00:00+00:00,321,0.0,0.8048414679014608,0,0,0
2025-11-07 22:15:00+00:00,321,0.0,0.6949480192865773,0,0,0
2025-11-07 22:30:00+00:00,321,0.0,0.7955472956101439,0,0,0
2025-11-07 22:45:00+00:00,321,0.0,0.9102934893876218,0,0,0
2025-11-07 23:00:00+00:00,321,0.0,0.989321932720256,0,0,0
2025-11-07 23:15:00+00:00,321,0.0,2.039560228779042,0,0,0
2025-11-07 23:30:00+00:00,321,0.0,1.1764915406174432,0,0,0
2025-11-07 23:45:00+00:00,321,0.0,0.8867557716330343,0,0,0
2025-11-08 00:00:00+00:00,321,0.0,0.8706307201845278,0,0,0
2025-11-08 00:15:00+00:00,321,0.0,0.7498777255266988,0,0,0
2025-11-08 00:30:00+00:00,321,0.0,0.8742322047363675,0,0,0
2025-11-08 00:45:00+00:00,321,14.99999999987267,0.7893368548055899,0,0,0
2025-11-08 01:00:00+00:00,321,21.000000000185537,30.19125446950748,0,0,0
2025-11-08 01:15:00+00:00,321,19.99999999998181,15.550025040264558,0,0,0
2025-11-08 01:30:00+00:00,321,14.99999999987267,10.264800598190469,0,0,0
2025-11-08 01:45:00+00:00,321,12.000000000170983,10.060781661437304,0,0,0
2025-11-08 02:00:00+00:00,321,11.999999999943611,9.69639195774698,0,0,0
2025-11-08 10:00:00+00:00,321,5.999999999858119,9.840049828808546,0,0,0
2025-11-08 10:15:00+00:00,321,7.000000000061846,10.740971890642747,0,0,0
2025-11-08 10:30:00+00:00,321,7.000000000061846,9.658737608929474,0,0,0
2025-11-08 10:45:00+00:00,321,5.999999999858119,7.979684032928201,0,0,0
2025-11-08 11:00:00+00:00,321,7.000000000061846,6.518062803588325,0,0,0
2025-11-08 11:15:00+00:00,321,6.0000000000854925,5.609857008941126,0,0,0
2025-11-08 11:30:00+00:00,321,6.999999999834472,5.94924688329643,0,0,0
2025-11-08 11:45:00+00:00,321,6.0000000000854925,6.216503227560105,0,0,0
2025-11-08 12:00:00+00:00,321,7.000000000061846,5.715053182533848,0,0,0
2025-11-08 12:15:00+00:00,321,5.999999999858119,6.143688109450215,0,0,0
2025-11-08 12:30:00+00:00,321,6.0000000000854925,6.172245868622408,0,0,0
2025-11-08 12:45:00+00:00,321,6.0000000000854925,5.87381040593561,0,0,0
2025-11-08 13:00:00+00:00,321,5.999999999858119,5.644788178545599,0,0,0
2025-11-08 13:15:00+00:00,321,7.000000000061846,5.449065982273704,0,0,0
2025-11-08 13:30:00+00:00,321,6.0000000000854925,5.695027532367215,0,0,0
2025-11-08 13:45:00+00:00,321,5.999999999858119,5.638866468001848,0,0,0
2025-11-08 14:00:00+00:00,321,5.000000000109139,5.581235792568756,0,0,0
2025-11-08 22:00:00+00:00,321,9.999999999990903,5.497832552167585,0,0,0
2025-11-08 22:15:00+00:00,321,9.999999999990903,5.484797866367678,0,0,0
2025-11-08 22:30:00+00:00,321,9.999999999990903,6.754166566076224,0,0,0
2025-11-08 22:45:00+00:00,321,9.999999999990903,7.51905485100826,0,0,0
2025-11-08 23:00:00+00:00,321,9.000000000014552,8.355695634389047,0,0,0
2025-11-08 23:15:00+00:00,321,9.999999999990903,10.405117736104556,0,0,0
2025-11-08 23:30:00+00:00,321,9.000000000014552,10.470450961871808,0,0,0
2025-11-08 23:45:00+00:00,321,9.999999999990903,9.913462886809189,0,0,0
2025-11-09 00:00:00+00:00,321,9.000000000014552,10.638210454444074,0,0,0
2025-11-09 00:15:00+00:00,321,9.000000000014552,10.277837591524928,0,0,0
2025-11-09 00:30:00+00:00,321,9.000000000014552,10.159671054657933,0,0,0
2025-11-09 00:45:00+00:00,321,9.000000000014552,9.959010157561384,0,0,0
2025-11-09 01:00:00+00:00,321,9.999999999990903,9.69855065632026,0,0,0
2025-11-09 01:15:00+00:00,321,9.000000000014552,10.06062994104052,0,0,0
2025-11-09 01:30:00+00:00,321,9.000000000014552,9.937892178226258,0,0,0
2025-11-09 01:45:00+00:00,321,9.000000000014552,9.837834595638745,0,0,0
2025-11-09 02:00:00+00:00,321,9.000000000014552,9.668919028255988,0,0,0
2025-11-09 10:00:00+00:00,321,6.0000000000854925,9.672208995643324,0,0,0
2025-11-09 10:15:00+00:00,321,5.999999999858119,9.903543949537951,0,0,0
2025-11-09 10:30:00+00:00,321,6.0000000000854925,8.257404469500994,0,0,0
2025-11-09 10:45:00+00:00,321,6.0000000000854925,7.19542111101498,0,0,0
2025-11-09 11:00:00+00:00,321,4.999999999881766,6.5189875480599895,0,0,0
2025-11-09 11:15:00+00:00,321,6.0000000000854925,5.503131516824148,0,0,0
2025-11-09 11:30:00+00:00,321,4.999999999881766,5.564405789314652,0,0,0
2025-11-09 11:45:00+00:00,321,6.0000000000854925,5.583184793939634,0,0,0
2025-11-09 12:00:00+00:00,321,6.0000000000854925,5.362133367775439,0,0,0
2025-11-09 12:15:00+00:00,321,4.999999999881766,5.408178489107202,0,0,0
2025-11-09 12:30:00+00:00,321,6.0000000000854925,5.331368163362559,0,0,0
2025-11-09 12:45:00+00:00,321,4.999999999881766,5.192864531274881,0,0,0
2025-11-09 13:00:00+00:00,321,6.0000000000854925,4.927965766218676,0,0,0
2025-11-09 13:15:00+00:00,321,4.999999999881766,4.88574437386028,0,0,0
2025-11-09 13:30:00+00:00,321,6.0000000000854925,4.845942287258616,0,0,0
2025-11-09 13:45:00+00:00,321,5.000000000109139,5.019509844297954,0,0,0
2025-11-09 14:00:00+00:00,321,4.999999999881766,5.025286757048574,0,0,0
2025-11-09 22:00:00+00:00,321,8.000000000038199,4.850072485664654,0,0,0
2025-11-09 22:15:00+00:00,321,9.000000000014552,4.846731752517177,0,0,0
2025-11-09 22:30:00+00:00,321,9.000000000014552,6.722611319521144,0,0,0
2025-11-09 22:45:00+00:00,321,8.000000000038199,7.909226349804872,0,0,0
2025-11-09 23:00:00+00:00,321,9.000000000014552,8.03593537958291,0,0,0
2025-11-09 23:15:00+00:00,321,9.000000000014552,11.26729917723096,0,0,0
2025-11-09 23:30:00+00:00,321,8.000000000038199,10.34080790191106,0,0,0
2025-11-09 23:45:00+00:00,321,9.000000000014552,9.018834048581589,0,0,0
2025-11-10 00:00:00+00:00,321,8.999999999787178,9.69085906677522,0,0,0
2025-11-10 00:15:00+00:00,321,8.000000000038199,10.025595797706668,0,0,0
2025-11-10 00:30:00+00:00,321,9.000000000014552,8.745447450339036,0,0,0
2025-11-10 00:45:00+00:00,321,8.000000000038199,8.647449919222709,0,0,0
2025-11-10 01:00:00+00:00,321,8.000000000038199,8.885243950769857,0,0,0
2025-11-10 01:15:00+00:00,321,9.000000000014552,8.466435948184468,0,0,0
2025-11-10 01:30:00+00:00,321,8.000000000038199,8.816280107827048,0,0,0
2025-11-10 01:45:00+00:00,321,9.000000000014552,9.036775129722422,0,0,0
2025-11-10 02:00:00+00:00,321,7.999999999810825,8.935946253710942,0,0,0
2025-11-10 10:00:00+00:00,321,9.999999999990903,8.581390396955253,0,0,0
2025-11-10 10:15:00+00:00,321,10.00000000021828,10.788380188011033,0,0,0
2025-11-10 10:30:00+00:00,321,8.999999999787178,9.101710305779475,0,0,0
2025-11-10 10:45:00+00:00,321,7.000000000061846,8.075185965426675,0,0,0
2025-11-10 11:00:00+00:00,321,6.0000000000854925,7.575163418962571,0,0,0
2025-11-10 11:15:00+00:00,321,7.000000000061846,6.9141955294578885,0,0,0
2025-11-10 11:30:00+00:00,321,6.999999999834472,6.855358013454165,0,0,0
2025-11-10 11:45:00+00:00,321,8.000000000038199,6.959281581741528,0,0,0
2025-11-10 12:00:00+00:00,321,7.000000000061846,6.91262698284625,0,0,0
2025-11-10 12:15:00+00:00,321,7.000000000061846,6.748278314783475,0,0,0
2025-11-10 12:30:00+00:00,321,6.999999999834472,6.6096309665594895,0,0,0
2025-11-10 12:45:00+00:00,321,7.000000000061846,6.52496290878207,0,0,0
2025-11-10 13:00:00+00:00,321,7.000000000061846,6.50677982495511,0,0,0
2025-11-10 13:15:00+00:00,321,6.999999999834472,6.475108913230619,0,0,0
2025-11-10 13:30:00+00:00,321,6.0000000000854925,6.479653890972356,0,0,0
2025-11-10 13:45:00+00:00,321,7.000000000061846,6.474588564189171,0,0,0
2025-11-10 14:00:00+00:00,321,8.000000000038199,6.442323173875751,0,0,0
2025-11-10 22:00:00+00:00,321,7.000000000061846,6.431713130006228,0,0,0
2025-11-10 22:15:00+00:00,321,7.999999999810825,6.000074369986955,0,0,0
2025-11-10 22:30:00+00:00,321,8.000000000038199,6.147874842452775,0,0,0
2025-11-10 22:45:00+00:00,321,8.000000000038199,6.530281775924144,0,0,0
2025-11-10 23:00:00+00:00,321,7.000000000061846,7.1546769734325135,0,0,0
2025-11-10 23:15:00+00:00,321,8.000000000038199,9.124316644900562,0,0,0
2025-11-10 23:30:00+00:00,321,7.999999999810825,9.57147011347937,0,0,0
2025-11-10 23:45:00+00:00,321,8.000000000038199,8.72404275983584,0,0,0
2025-11-11 00:00:00+00:00,321,8.000000000038199,8.136815886679987,0,0,0
2025-11-11 00:15:00+00:00,321,7.000000000061846,8.152879788462869,0,0,0
2025-11-11 00:30:00+00:00,321,8.000000000038199,7.49552607495006,0,0,0
2025-11-11 00:45:00+00:00,321,8.000000000038199,7.255025882257201,0,0,0
2025-11-11 01:00:00+00:00,321,7.999999999810825,7.219624264045965,0,0,0
2025-11-11 01:15:00+00:00,321,7.000000000061846,7.6769095399584195,0,0,0
2025-11-11 01:30:00+00:00,321,8.000000000038199,7.475640895949272,0,0,0
2025-11-11 01:45:00+00:00,321,8.000000000038199,7.312855870987212,0,0,0
2025-11-11 02:00:00+00:00,321,6.999999999834472,7.116534869499105,0,0,0
2025-11-11 07:45:00+00:00,321,11.999999999943611,6.7890942743788685,0,0,0
2025-11-11 08:00:00+00:00,321,12.999999999919964,4.6438156730589,0,0,0
2025-11-11 08:15:00+00:00,321,8.000000000038199,6.664280307351557,0,0,0
2025-11-11 08:30:00+00:00,321,7.000000000061846,8.759274197373875,0,0,0
2025-11-11 08:45:00+00:00,321,7.000000000061846,8.278810602213287,0,0,0
2025-11-11 09:00:00+00:00,321,3.999999999905413,7.8687937293869075,0,0,0
2025-11-11 09:15:00+00:00,321,0.0,6.649153841480375,0,0,0
2025-11-11 09:30:00+00:00,321,0.0,4.086303282879824,0,0,0
2025-11-11 09:45:00+00:00,321,0.0,3.896879033449317,0,0,0
2025-11-11 10:00:00+00:00,321,0.0,2.057875995842736,0,0,0
2025-11-11 10:15:00+00:00,321,0.0,0.7902272747007948,0,0,0
2025-11-11 10:30:00+00:00,321,0.0,0.5477166425296143,0,0,0
2025-11-11 10:45:00+00:00,321,0.0,0.4551348950065392,0,0,0
2025-11-11 11:00:00+00:00,321,0.0,0.4160518938596036,0,0,0
2025-11-11 11:15:00+00:00,321,0.0,0.396090566218604,0,0,0
2025-11-11 11:30:00+00:00,321,0.0,0.5125149144989338,0,0,0
2025-11-11 11:45:00+00:00,321,0.0,0.7094811603361086,0,0,0
2025-11-11 12:00:00+00:00,321,0.0,0.6786230776575146,0,0,0
2025-11-11 12:15:00+00:00,321,0.0,0.4825977290338672,0,0,0
2025-11-11 12:30:00+00:00,321,0.0,0.3099416481425203,0,0,0
2025-11-11 12:45:00+00:00,321,0.0,0.2425296221858466,0,0,0
2025-11-11 13:00:00+00:00,321,0.0,0.2119011391951644,0,0,0
2025-11-11 13:15:00+00:00,321,0.0,0.1886169617994642,0,0,0
2025-11-11 13:30:00+00:00,321,0.0,0.1738395105292531,0,0,0
2025-11-11 13:45:00+00:00,321,0.0,0.1768312290757596,0,0,0
2025-11-11 14:00:00+00:00,321,0.0,0.1709625918267021,0,0,0
2025-11-11 14:15:00+00:00,321,0.0,0.145171855024027,0,0,0
2025-11-11 14:30:00+00:00,321,0.0,0.1259451886959808,0,0,0
2025-11-11 14:45:00+00:00,321,0.0,0.1225975329448476,0,0,0
2025-11-11 15:00:00+00:00,321,0.0,0.1257951989501089,0,0,0
2025-11-11 15:15:00+00:00,321,0.0,0.1261595009674865,0,0,0
2025-11-11 15:30:00+00:00,321,0.0,0.1312605945362261,0,0,0
2025-11-11 15:45:00+00:00,321,0.0,0.1473443988046177,0,0,0
2025-11-11 16:00:00+00:00,321,0.0,0.1646829249855916,0,0,0
2025-11-11 16:15:00+00:00,321,0.0,0.1703784971432584,0,0,0
2025-11-11 16:30:00+00:00,321,0.0,0.1810563248402439,0,0,0
2025-11-11 16:45:00+00:00,321,0.0,0.1941161050784026,0,0,0
2025-11-11 17:00:00+00:00,321,0.0,0.2072280932857975,0,0,0
2025-11-11 17:15:00+00:00,321,0.0,0.2234246783054119,0,0,0
2025-11-11 17:30:00+00:00,321,0.0,0.2470411406765822,0,0,0
2025-11-11 17:45:00+00:00,321,0.0,0.2729772521560254,0,0,0
2025-11-11 18:00:00+00:00,321,0.0,0.3011095596452167,0,0,0
2025-11-11 18:15:00+00:00,321,0.0,0.3315078660643493,0,0,0
2025-11-11 18:30:00+00:00,321,0.0,0.3613918807202325,0,0,0
2025-11-11 18:45:00+00:00,321,0.0,0.3494137573032656,0,0,0
2025-11-11 19:00:00+00:00,321,0.0,0.3266637741563243,0,0,0
2025-11-11 19:15:00+00:00,321,0.0,0.3289240042498864,0,0,0
2025-11-11 19:30:00+00:00,321,0.0,0.3571739960012228,0,0,0
2025-11-11 19:45:00+00:00,321,0.0,0.3525393128537808,0,0,0
2025-11-11 20:00:00+00:00,321,0.0,0.3463620428584102,0,0,0
2025-11-11 20:15:00+00:00,321,0.0,0.3346357291494164,0,0,0
2025-11-11 20:30:00+00:00,321,0.0,0.3119841046627489,0,0,0
2025-11-11 20:45:00+00:00,321,0.0,0.2864310439189172,0,0,0
2025-11-11 21:00:00+00:00,321,0.0,0.2648746330189335,0,0,0
2025-11-11 21:15:00+00:00,321,0.0,0.2443424790181638,0,0,0
2025-11-11 21:30:00+00:00,321,0.0,0.2287925805567123,0,0,0
2025-11-11 21:45:00+00:00,321,0.0,0.2440332693882125,0,0,0
2025-11-11 22:00:00+00:00,321,0.0,0.2690183881904642,0,0,0
2025-11-11 22:15:00+00:00,321,0.9999999999763532,0.2872574297303076,0,0,0
2025-11-11 22:30:00+00:00,321,0.0,0.3123985955566297,0,0,0
2025-11-11 22:45:00+00:00,321,0.0,0.319398501619744,0,0,0
2025-11-11 23:00:00+00:00,321,0.0,0.3128520260960732,0,0,0
2025-11-11 23:15:00+00:00,321,0.0,0.3018237415890219,0,0,0
2025-11-11 23:30:00+00:00,321,0.0,0.2902984718278607,0,0,0
2025-11-11 23:45:00+00:00,321,0.0,0.2870076391150671,0,0,0
2025-11-12 00:00:00+00:00,321,0.0,0.2919495127997273,0,0,0
2025-11-12 00:15:00+00:00,321,0.0,0.2985124295070807,0,0,0
2025-11-12 00:30:00+00:00,321,0.0,0.2908332429602578,0,0,0
2025-11-12 00:45:00+00:00,321,0.0,0.2796708330073785,0,0,0
2025-11-12 01:00:00+00:00,321,0.0,0.2880059362505722,0,0,0
2025-11-12 01:15:00+00:00,321,0.0,0.2993901579622502,0,0,0
2025-11-12 01:30:00+00:00,321,0.0,0.3054488783700186,0,0,0
2025-11-12 01:45:00+00:00,321,0.0,0.3109984989672791,0,0,0
2025-11-12 02:00:00+00:00,321,0.0,0.3133870856702891,0,0,0
2025-11-12 02:15:00+00:00,321,0.0,0.3094152418228737,0,0,0
2025-11-12 02:30:00+00:00,321,0.0,0.2962683521553817,0,0,0
2025-11-12 02:45:00+00:00,321,0.0,0.2770760104037943,0,0,0
2025-11-12 03:00:00+00:00,321,0.0,0.2642403494589866,0,0,0
2025-11-12 03:15:00+00:00,321,0.0,0.267318023667551,0,0,0
2025-11-12 03:30:00+00:00,321,0.0,0.2715604259411739,0,0,0
2025-11-12 03:45:00+00:00,321,0.0,0.268813306057166,0,0,0
2025-11-12 04:00:00+00:00,321,0.0,0.2630237018665102,0,0,0
2025-11-12 04:15:00+00:00,321,0.0,0.2670740018886901,0,0,0
2025-11-12 04:30:00+00:00,321,0.0,0.2689817560794529,0,0,0
2025-11-12 04:45:00+00:00,321,0.0,0.2558495769447293,0,0,0
2025-11-12 05:00:00+00:00,321,0.0,0.2503368769002985,0,0,0
2025-11-12 05:15:00+00:00,321,0.0,0.2794602704795199,0,0,0
2025-11-12 05:30:00+00:00,321,0.0,0.3081342717047635,0,0,0
2025-11-12 05:45:00+00:00,321,0.0,0.3019705584748848,0,0,0
2025-11-12 06:00:00+00:00,321,0.0,0.2861945216273498,0,0,0
2025-11-12 06:15:00+00:00,321,0.0,0.2792618225080585,0,0,0
2025-11-12 06:30:00+00:00,321,0.0,0.2600902485674385,0,0,0
2025-11-12 06:45:00+00:00,321,0.0,0.2763139471180378,0,0,0
2025-11-12 07:00:00+00:00,321,0.0,0.3282135720497279,0,0,0
2025-11-12 07:15:00+00:00,321,0.0,0.3422901096998068,0,0,0
2025-11-12 07:30:00+00:00,321,0.0,0.3574837825148123,0,0,0
2025-11-12 07:45:00+00:00,321,0.0,0.3388631324484525,0,0,0
2025-11-12 08:00:00+00:00,321,0.0,0.2891602804101478,0,0,0
2025-11-12 08:15:00+00:00,321,0.0,0.2514923748271505,0,0,0
2025-11-12 08:30:00+00:00,321,0.0,0.2171343391169991,0,0,0
2025-11-12 08:45:00+00:00,321,0.0,0.1664729949142094,0,0,0
2025-11-12 09:00:00+00:00,321,0.0,0.1208948608873821,0,0,0
2025-11-12 09:15:00+00:00,321,0.0,0.0845702288553953,0,0,0
2025-11-12 09:30:00+00:00,321,0.0,0.0677457059958515,0,0,0
2025-11-12 09:45:00+00:00,321,0.0,0.063820589723111,0,0,0
2025-11-12 10:00:00+00:00,321,0.0,0.0644557386085149,0,0,0
2025-11-12 10:15:00+00:00,321,0.0,0.0706586799257755,0,0,0
2025-11-12 10:30:00+00:00,321,0.0,0.0750877040562816,0,0,0
2025-11-12 10:45:00+00:00,321,0.0,0.0696572099302614,0,0,0
2025-11-12 11:00:00+00:00,321,0.0,0.0578218652136919,0,0,0
2025-11-12 11:15:00+00:00,321,0.0,0.0426939571334146,0,0,0
2025-11-12 11:30:00+00:00,321,0.0,0.0315658717569946,0,0,0
2025-11-12 11:45:00+00:00,321,0.0,0.028848172938523,0,0,0
2025-11-12 12:00:00+00:00,321,0.0,0.029336504938064,0,0,0
2025-11-12 12:15:00+00:00,321,0.0,0.0285623270959094,0,0,0
2025-11-12 12:30:00+00:00,321,0.0,0.0258281870937562,0,0,0
2025-11-12 12:45:00+00:00,321,0.0,0.023439023507108,0,0,0
2025-11-12 13:00:00+00:00,321,0.0,0.022143919739868,0,0,0
2025-11-12 13:15:00+00:00,321,0.0,0.0221309398580134,0,0,0
2025-11-12 13:30:00+00:00,321,0.0,0.0221136333488747,0,0,0
2025-11-12 13:45:00+00:00,321,0.0,0.02219151264,0,0,0
2025-11-12 14:00:00+00:00,321,0.0,0.0232128851210244,0,0,0
2025-11-12 14:15:00+00:00,321,0.0,0.0248613301165203,0,0,0
2025-11-12 14:30:00+00:00,321,0.0,0.0268983062421885,0,0,0
2025-11-12 14:45:00+00:00,321,0.0,0.0287558715564482,0,0,0
2025-11-12 15:00:00+00:00,321,0.0,0.0308863028314672,0,0,0
2025-11-12 15:15:00+00:00,321,0.0,0.0325281136651267,0,0,0
2025-11-12 15:30:00+00:00,321,0.0,0.0342051144007022,0,0,0
2025-11-12 15:45:00+00:00,321,0.0,0.0384645347416454,0,0,0
2025-11-12 16:00:00+00:00,321,0.0,0.0523607962548591,0,0,0
2025-11-12 16:15:00+00:00,321,0.0,0.0667078923311454,0,0,0
2025-11-12 16:30:00+00:00,321,0.0,0.0849296273618498,0,0,0
2025-11-12 16:45:00+00:00,321,0.0,0.111403682833699,0,0,0
2025-11-12 17:00:00+00:00,321,0.9999999999763532,0.1388261350063691,0,0,0
2025-11-12 17:15:00+00:00,321,0.0,0.1578808900103006,0,0,0
2025-11-12 17:30:00+00:00,321,0.0,0.158670066827042,0,0,0
2025-11-12 17:45:00+00:00,321,0.0,0.1447951500084334,0,0,0
2025-11-12 18:00:00+00:00,321,0.0,0.1392322610874994,0,0,0
2025-11-12 18:15:00+00:00,321,0.0,0.1380764747188285,0,0,0
2025-11-12 18:30:00+00:00,321,0.0,0.1404515046563466,0,0,0
2025-11-12 18:45:00+00:00,321,0.0,0.1405204422510837,0,0,0
2025-11-12 19:00:00+00:00,321,0.0,0.1471589307150109,0,0,0
2025-11-12 19:15:00+00:00,321,0.0,0.1490055352401493,0,0,0
2025-11-12 19:30:00+00:00,321,0.0,0.1515461307817642,0,0,0
2025-11-12 19:45:00+00:00,321,0.0,0.1450648431091838,0,0,0
2025-11-12 20:00:00+00:00,321,0.0,0.1424711742728757,0,0,0
2025-11-12 20:15:00+00:00,321,0.0,0.1433918805590739,0,0,0
2025-11-12 20:30:00+00:00,321,0.0,0.1370011636176547,0,0,0
2025-11-12 20:45:00+00:00,321,0.0,0.1327353975566936,0,0,0
2025-11-12 21:00:00+00:00,321,0.0,0.1292097732032466,0,0,0
2025-11-12 21:15:00+00:00,321,0.0,0.1090240378270772,0,0,0
2025-11-12 21:30:00+00:00,321,0.0,0.0939621829233479,0,0,0
2025-11-12 21:45:00+00:00,321,0.0,0.0905173222792163,0,0,0
2025-11-12 22:00:00+00:00,321,0.0,0.0958393622812985,0,0,0
2025-11-12 22:15:00+00:00,321,0.0,0.1081359254664242,0,0,0
2025-11-12 22:30:00+00:00,321,0.0,0.1152232294006911,0,0,0
2025-11-12 22:45:00+00:00,321,0.0,0.1198645467099699,0,0,0
2025-11-12 23:00:00+00:00,321,0.0,0.1276666094716803,0,0,0
2025-11-12 23:15:00+00:00,321,0.0,0.1285224163486069,0,0,0
2025-11-12 23:30:00+00:00,321,0.0,0.1248646856420649,0,0,0
2025-11-12 23:45:00+00:00,321,0.0,0.1219987277286356,0,0,0
2025-11-13 00:00:00+00:00,321,0.0,0.1252015856866388,0,0,0
2025-11-13 00:15:00+00:00,321,0.0,0.1239399411704011,0,0,0
2025-11-13 00:30:00+00:00,321,0.0,0.117819782655189,0,0,0
2025-11-13 00:45:00+00:00,321,0.0,0.1181261078669506,0,0,0
2025-11-13 01:00:00+00:00,321,0.0,0.117802187704231,0,0,0
2025-11-13 01:15:00+00:00,321,5.000000000109139,0.1119563373588734,0,0,0
2025-11-13 01:30:00+00:00,321,0.0,3.514181494845321,0,0,0
2025-11-13 01:45:00+00:00,321,0.0,0.4792555536772944,0,0,0
2025-11-13 02:00:00+00:00,321,0.0,0.225699330489923,0,0,0
2025-11-13 02:15:00+00:00,321,0.0,0.1621815575313587,0,0,0
2025-11-13 02:30:00+00:00,321,0.0,0.1295460963641828,0,0,0
2025-11-13 02:45:00+00:00,321,0.0,0.1153068775281966,0,0,0
2025-11-13 03:00:00+00:00,321,0.0,0.1093361318752186,0,0,0
2025-11-13 03:15:00+00:00,321,0.0,0.1315640353297977,0,0,0
2025-11-13 03:30:00+00:00,321,0.0,0.10170684576308,0,0,0
2025-11-13 03:45:00+00:00,321,0.0,0.0758872647785064,0,0,0
2025-11-13 04:00:00+00:00,321,0.0,0.0810506617801469,0,0,0
2025-11-13 04:15:00+00:00,321,0.0,0.1139687959299275,0,0,0
2025-11-13 04:30:00+00:00,321,0.0,0.1332920902673335,0,0,0
2025-11-13 04:45:00+00:00,321,0.0,0.1286576955617104,0,0,0
2025-11-13 05:00:00+00:00,321,0.0,0.1149111353525498,0,0,0
2025-11-13 05:15:00+00:00,321,12.999999999919964,0.1186066519373785,0,0,0
2025-11-13 05:30:00+00:00,321,12.000000000170983,9.160078238501892,0,0,0
2025-11-13 05:45:00+00:00,321,8.999999999787178,7.207880066944194,0,0,0
2025-11-13 06:00:00+00:00,321,5.000000000109139,5.965096761249626,0,0,0
2025-11-13 06:15:00+00:00,321,17.00000000005275,4.04180402942168,0,0,0
2025-11-13 06:30:00+00:00,321,12.999999999919964,12.535038469104062,0,0,0
2025-11-13 06:45:00+00:00,321,8.000000000038199,8.80838891654327,0,0,0
2025-11-13 07:00:00+00:00,321,7.000000000061846,5.254047007156493,0,0,0
2025-11-13 07:15:00+00:00,321,6.999999999834472,4.488800549595733,0,0,0
2025-11-13 07:30:00+00:00,321,4.000000000132786,4.013645617947871,0,0,0
2025-11-13 07:45:00+00:00,321,3.999999999905413,3.711045235671074,0,0,0
2025-11-13 08:00:00+00:00,321,4.000000000132786,4.190057031046258,0,0,0
2025-11-13 08:15:00+00:00,321,4.999999999881766,5.391793263137972,0,0,0
2025-11-13 08:30:00+00:00,321,6.0000000000854925,4.70463665923087,0,0,0
2025-11-13 08:45:00+00:00,321,3.999999999905413,4.31918536658103,0,0,0
2025-11-13 09:00:00+00:00,321,4.000000000132786,4.173980437823341,0,0,0
2025-11-13 09:15:00+00:00,321,3.999999999905413,4.136344765613615,0,0,0
2025-11-13 09:30:00+00:00,321,3.999999999905413,3.676109811549771,0,0,0
2025-11-13 09:45:00+00:00,321,5.000000000109139,3.5145745328789144,0,0,0
2025-11-13 10:00:00+00:00,321,3.999999999905413,3.815957546458688,0,0,0
2025-11-13 10:15:00+00:00,321,4.000000000132786,4.1529003164769565,0,0,0
2025-11-13 10:30:00+00:00,321,3.999999999905413,3.801118080197395,0,0,0
2025-11-13 10:45:00+00:00,321,3.000000000156433,3.395212548893138,0,0,0
2025-11-13 11:00:00+00:00,321,2.9999999999290594,3.390752228825272,0,0,0
2025-11-13 11:15:00+00:00,321,3.999999999905413,3.4513536386625394,0,0,0
2025-11-13 11:30:00+00:00,321,3.000000000156433,3.3868677828490084,0,0,0
2025-11-13 11:45:00+00:00,321,2.9999999999290594,3.281348121756296,0,0,0
2025-11-13 12:00:00+00:00,321,2.9999999999290594,3.133050159263183,0,0,0
2025-11-13 12:15:00+00:00,321,2.9999999999290594,3.2319675313402514,0,0,0
2025-11-13 12:30:00+00:00,321,3.000000000156433,2.92584285875342,0,0,0
2025-11-13 12:45:00+00:00,321,2.9999999999290594,2.928936397262028,0,0,0
2025-11-13 13:00:00+00:00,321,1.9999999999527065,3.0810931344095147,0,0,0
2025-11-13 13:15:00+00:00,321,3.000000000156433,3.0037523641597588,0,0,0
2025-11-13 13:30:00+00:00,321,2.9999999999290594,2.8740373379651736,0,0,0
2025-11-13 13:45:00+00:00,321,2.9999999999290594,3.12859611280488,0,0,0
2025-11-13 14:00:00+00:00,321,3.000000000156433,3.2662522307179254,0,0,0
2025-11-13 14:15:00+00:00,321,2.9999999999290594,3.3008284726641386,0,0,0
2025-11-13 14:30:00+00:00,321,2.9999999999290594,3.2390260632030743,0,0,0
2025-11-13 14:45:00+00:00,321,4.000000000132786,3.2417216962223936,0,0,0
2025-11-13 15:00:00+00:00,321,2.9999999999290594,3.364148518755789,0,0,0
2025-11-13 15:15:00+00:00,321,3.999999999905413,3.4426322757684984,0,0,0
2025-11-13 15:30:00+00:00,321,3.000000000156433,3.472980140924536,0,0,0
2025-11-13 15:45:00+00:00,321,3.999999999905413,3.4590934340465767,0,0,0
2025-11-13 16:00:00+00:00,321,2.9999999999290594,3.5951538197065456,0,0,0
2025-11-13 16:15:00+00:00,321,3.000000000156433,3.597950154975918,0,0,0
2025-11-13 16:30:00+00:00,321,3.999999999905413,3.561779695096178,0,0,0
2025-11-13 16:45:00+00:00,321,2.9999999999290594,3.631608286612303,0,0,0
2025-11-13 17:00:00+00:00,321,3.000000000156433,3.5786403452935494,0,0,0
2025-11-13 17:15:00+00:00,321,2.9999999999290594,3.61149603178952,0,0,0
2025-11-13 17:30:00+00:00,321,3.999999999905413,3.5447234092350803,0,0,0
2025-11-13 17:45:00+00:00,321,3.000000000156433,3.60025581465597,0,0,0
2025-11-13 18:00:00+00:00,321,2.9999999999290594,3.554326502714529,0,0,0
2025-11-13 18:15:00+00:00,321,5.000000000109139,3.552290319803864,0,0,0
2025-11-13 18:30:00+00:00,321,4.999999999881766,3.727915025868585,0,0,0
2025-11-13 18:45:00+00:00,321,4.000000000132786,3.718573891643614,0,0,0
2025-11-13 19:00:00+00:00,321,2.9999999999290594,3.7177492004279102,0,0,0
2025-11-13 19:15:00+00:00,321,3.999999999905413,3.677333381745903,0,0,0
2025-11-13 19:30:00+00:00,321,4.000000000132786,3.730809827963912,0,0,0
2025-11-13 19:45:00+00:00,321,3.999999999905413,3.5453389801320205,0,0,0
2025-11-13 20:00:00+00:00,321,4.000000000132786,3.603461629142618,0,0,0
2025-11-13 20:15:00+00:00,321,2.9999999999290594,3.5967017066728983,0,0,0
2025-11-13 20:30:00+00:00,321,2.9999999999290594,3.050479001399327,0,0,0
2025-11-13 20:45:00+00:00,321,4.000000000132786,2.850026936179725,0,0,0
2025-11-13 21:00:00+00:00,321,2.9999999999290594,2.9764512017719715,0,0,0
2025-11-13 21:15:00+00:00,321,0.9999999999763532,2.432150456448748,0,0,0
2025-11-13 21:30:00+00:00,321,1.9999999999527065,0.5809633119112183,0,0,0
2025-11-13 21:45:00+00:00,321,0.9999999999763532,0.1913162003415203,0,0,0
2025-11-13 22:00:00+00:00,321,0.0,0.1298581904123237,0,0,0
2025-11-13 22:15:00+00:00,321,0.0,0.0608603113348737,0,0,0
2025-11-13 22:30:00+00:00,321,0.0,0.0836477919182829,0,0,0
2025-11-13 22:45:00+00:00,321,0.0,0.0816696579236877,0,0,0
2025-11-13 23:00:00+00:00,321,0.0,0.0687203509022,0,0,0
2025-11-13 23:15:00+00:00,321,0.0,0.0589597681895854,0,0,0
2025-11-13 23:30:00+00:00,321,0.0,0.0608395435239068,0,0,0
2025-11-13 23:45:00+00:00,321,0.0,0.0512355847190009,0,0,0
2025-11-14 00:00:00+00:00,321,0.0,0.0439628126951272,0,0,0
2025-11-14 00:15:00+00:00,321,0.0,0.0399168393002322,0,0,0
2025-11-14 00:30:00+00:00,321,0.0,0.0407438019952608,0,0,0
2025-11-14 00:45:00+00:00,321,0.0,0.0404660325235788,0,0,0
2025-11-14 01:00:00+00:00,321,0.0,0.0468033877284859,0,0,0
2025-11-14 01:15:00+00:00,321,0.0,0.052938256776466,0,0,0
2025-11-14 01:30:00+00:00,321,0.0,0.0567572264598199,0,0,0
2025-11-14 01:45:00+00:00,321,0.0,0.0557228740969417,0,0,0
2025-11-14 02:00:00+00:00,321,0.0,0.0629425728261225,0,0,0
2025-11-14 02:15:00+00:00,321,0.0,0.0726186420857746,0,0,0
2025-11-14 02:30:00+00:00,321,0.0,0.0812450715661423,0,0,0
2025-11-14 02:45:00+00:00,321,0.0,0.0834190575558282,0,0,0
2025-11-14 03:00:00+00:00,321,0.0,0.0879031740737605,0,0,0
2025-11-14 03:15:00+00:00,321,0.0,0.1041170656025141,0,0,0
2025-11-14 03:30:00+00:00,321,0.0,0.1223546649332627,0,0,0
2025-11-14 03:45:00+00:00,321,1.9999999999527065,0.1298454989722883,0,0,0
2025-11-14 04:00:00+00:00,321,0.0,0.2756286093561306,0,0,0
2025-11-14 04:15:00+00:00,321,0.0,0.5303175435666536,0,0,0
2025-11-14 04:30:00+00:00,321,0.0,0.2832126101026886,0,0,0
2025-11-14 04:45:00+00:00,321,12.000000000170983,0.25428160721673,0,0,0
2025-11-14 05:00:00+00:00,321,8.000000000038199,14.059250419396284,0,0,0
2025-11-14 05:15:00+00:00,321,6.999999999834472,6.15678336803211,0,0,0
2025-11-14 05:30:00+00:00,321,5.000000000109139,5.522342030410331,0,0,0
2025-11-14 05:45:00+00:00,321,2.9999999999290594,4.0677311631495074,0,0,0
2025-11-14 06:00:00+00:00,321,1.9999999999527065,2.736746026842688,0,0,0
2025-11-14 06:15:00+00:00,321,14.000000000123691,2.3794817014067364,0,0,0
2025-11-14 06:30:00+00:00,321,10.999999999967258,7.982810742245993,0,0,0
2025-11-14 06:45:00+00:00,321,6.0000000000854925,7.030246057140813,0,0,0
2025-11-14 07:00:00+00:00,321,5.999999999858119,4.362477382861041,0,0,0
2025-11-14 07:15:00+00:00,321,5.000000000109139,4.603702574065917,0,0,0
2025-11-14 07:30:00+00:00,321,5.999999999858119,5.43262508703341,0,0,0
2025-11-14 07:45:00+00:00,321,4.000000000132786,5.3493178977579605,0,0,0
2025-11-14 08:00:00+00:00,321,3.999999999905413,4.954876378383558,0,0,0
2025-11-14 08:15:00+00:00,321,4.000000000132786,5.024616274040345,0,0,0
2025-11-14 08:30:00+00:00,321,3.999999999905413,4.610568643125022,0,0,0
2025-11-14 08:45:00+00:00,321,6.0000000000854925,4.243791578609418,0,0,0
2025-11-14 09:00:00+00:00,321,5.999999999858119,4.150303546891094,0,0,0
2025-11-14 09:15:00+00:00,321,5.000000000109139,4.342550956680138,0,0,0
2025-11-14 09:30:00+00:00,321,3.999999999905413,4.5183840799866894,0,0,0
2025-11-14 09:45:00+00:00,321,5.000000000109139,4.351344754525972,0,0,0
2025-11-14 10:00:00+00:00,321,4.999999999881766,4.34685198475347,0,0,0
2025-11-14 10:15:00+00:00,321,4.000000000132786,4.598369645385168,0,0,0
2025-11-14 10:30:00+00:00,321,4.999999999881766,4.445251675875916,0,0,0
2025-11-14 10:45:00+00:00,321,4.000000000132786,4.373629408908436,0,0,0
2025-11-14 11:00:00+00:00,321,4.999999999881766,4.169701691880526,0,0,0
2025-11-14 11:15:00+00:00,321,4.000000000132786,4.128046799254617,0,0,0
2025-11-14 11:30:00+00:00,321,3.999999999905413,4.061817817418508,0,0,0
2025-11-14 11:45:00+00:00,321,3.999999999905413,4.013745923590423,0,0,0
2025-11-14 12:00:00+00:00,321,4.000000000132786,3.934424387314473,0,0,0
2025-11-14 12:15:00+00:00,321,4.999999999881766,3.83553755401499,0,0,0
2025-11-14 12:30:00+00:00,321,5.000000000109139,3.993520275077552,0,0,0
2025-11-14 12:45:00+00:00,321,3.999999999905413,4.058793541001683,0,0,0
2025-11-14 13:00:00+00:00,321,4.000000000132786,4.024607849278375,0,0,0
2025-11-14 13:15:00+00:00,321,3.999999999905413,3.86181972356676,0,0,0
2025-11-14 13:30:00+00:00,321,3.999999999905413,3.8966441696982086,0,0,0
2025-11-14 13:45:00+00:00,321,4.000000000132786,4.013184832142043,0,0,0
2025-11-14 14:00:00+00:00,321,3.999999999905413,4.136098652631567,0,0,0
2025-11-14 14:15:00+00:00,321,5.000000000109139,4.198963032759677,0,0,0
2025-11-14 14:30:00+00:00,321,4.999999999881766,4.240327176032051,0,0,0
2025-11-14 14:45:00+00:00,321,5.000000000109139,4.247574276734035,0,0,0
2025-11-14 15:00:00+00:00,321,4.999999999881766,4.312336820362427,0,0,0
2025-11-14 15:15:00+00:00,321,4.000000000132786,4.338714031493552,0,0,0
2025-11-14 15:30:00+00:00,321,3.999999999905413,4.287234233629394,0,0,0
2025-11-14 15:45:00+00:00,321,4.000000000132786,4.263640269720105,0,0,0
2025-11-14 16:00:00+00:00,321,3.999999999905413,4.27991588779812,0,0,0
2025-11-14 16:15:00+00:00,321,3.999999999905413,4.31988656864298,0,0,0
2025-11-14 16:30:00+00:00,321,4.000000000132786,4.270658780280543,0,0,0
2025-11-14 16:45:00+00:00,321,4.999999999881766,4.181071635722165,0,0,0
2025-11-14 17:00:00+00:00,321,5.000000000109139,4.272286385354618,0,0,0
2025-11-14 17:15:00+00:00,321,3.999999999905413,4.345410064100367,0,0,0
2025-11-14 17:30:00+00:00,321,5.000000000109139,4.303977848558713,0,0,0
2025-11-14 17:45:00+00:00,321,3.999999999905413,4.27069108576427,0,0,0
2025-11-14 18:00:00+00:00,321,4.000000000132786,4.231806532588796,0,0,0
2025-11-14 18:15:00+00:00,321,5.999999999858119,4.203243581463861,0,0,0
2025-11-14 18:30:00+00:00,321,7.000000000061846,4.345266708516332,0,0,0
2025-11-14 18:45:00+00:00,321,6.0000000000854925,4.57718676664077,0,0,0
2025-11-14 19:00:00+00:00,321,4.999999999881766,4.611971840463927,0,0,0
2025-11-14 19:15:00+00:00,321,5.000000000109139,4.523578845036144,0,0,0
2025-11-14 19:30:00+00:00,321,4.999999999881766,4.60490732343336,0,0,0
2025-11-14 19:45:00+00:00,321,5.000000000109139,4.396527290598061,0,0,0
2025-11-14 20:00:00+00:00,321,4.999999999881766,4.442299401748156,0,0,0
2025-11-14 20:15:00+00:00,321,6.0000000000854925,4.436532800792564,0,0,0
2025-11-14 20:30:00+00:00,321,4.999999999881766,4.564122803996236,0,0,0
2025-11-14 20:45:00+00:00,321,5.000000000109139,4.539103721169798,0,0,0
2025-11-14 21:00:00+00:00,321,4.999999999881766,4.012419199388777,0,0,0
2025-11-14 21:15:00+00:00,321,4.000000000132786,3.0442686327052275,0,0,0
2025-11-14 21:30:00+00:00,321,3.999999999905413,2.638442747398238,0,0,0
2025-11-14 21:45:00+00:00,321,1.9999999999527065,2.729609543578285,0,0,0
2025-11-14 22:00:00+00:00,321,2.00000000018008,2.305425995033394,0,0,0
2025-11-14 22:15:00+00:00,321,2.9999999999290594,2.286810248477957,0,0,0
2025-11-14 22:30:00+00:00,321,2.9999999999290594,2.746389502176795,0,0,0
2025-11-14 22:45:00+00:00,321,3.000000000156433,3.178508445714222,0,0,0
2025-11-14 23:00:00+00:00,321,2.9999999999290594,3.462651832601705,0,0,0
2025-11-14 23:15:00+00:00,321,1.9999999999527065,3.3838239284437206,0,0,0
2025-11-14 23:30:00+00:00,321,2.9999999999290594,3.1490994947342057,0,0,0
2025-11-14 23:45:00+00:00,321,3.000000000156433,3.0501625086134463,0,0,0
2025-11-15 00:00:00+00:00,321,2.9999999999290594,3.3043610196212407,0,0,0
2025-11-15 00:15:00+00:00,321,2.9999999999290594,3.23803173214258,0,0,0
2025-11-15 00:30:00+00:00,321,2.00000000018008,3.1394828444892644,0,0,0
2025-11-15 00:45:00+00:00,321,2.9999999999290594,2.7715736458341462,0,0,0
2025-11-15 01:00:00+00:00,321,2.9999999999290594,2.8055973774760945,0,0,0
2025-11-15 01:15:00+00:00,321,1.9999999999527065,3.029416979777083,0,0,0
2025-11-15 01:30:00+00:00,321,9.000000000014552,2.987311901582193,0,0,0
2025-11-15 01:45:00+00:00,321,8.000000000038199,5.797790699216803,0,0,0
2025-11-15 02:00:00+00:00,321,6.0000000000854925,6.048045128902259,0,0,0
2025-11-15 02:15:00+00:00,321,4.999999999881766,4.857114936896069,0,0,0
2025-11-15 02:30:00+00:00,321,4.000000000132786,4.054758059677954,0,0,0
2025-11-15 02:45:00+00:00,321,3.999999999905413,3.870837568595489,0,0,0
2025-11-15 03:00:00+00:00,321,2.9999999999290594,3.755657666487941,0,0,0
2025-11-15 03:15:00+00:00,321,4.000000000132786,3.730739484215308,0,0,0
2025-11-15 03:30:00+00:00,321,4.999999999881766,3.828358922189787,0,0,0
2025-11-15 03:45:00+00:00,321,4.000000000132786,3.930705651163216,0,0,0
2025-11-15 04:00:00+00:00,321,3.999999999905413,3.852932650847712,0,0,0
2025-11-15 04:15:00+00:00,321,5.000000000109139,3.8483559805611134,0,0,0
2025-11-15 09:15:00+00:00,321,4.999999999881766,4.029071017709203,0,0,0
2025-11-15 09:30:00+00:00,321,5.000000000109139,4.912078390829012,0,0,0
2025-11-15 09:45:00+00:00,321,5.000000000109139,5.007740552757932,0,0,0
2025-11-15 10:00:00+00:00,321,4.999999999881766,4.85128091266529,0,0,0
2025-11-15 10:15:00+00:00,321,5.000000000109139,4.942322236654078,0,0,0
2025-11-15 10:30:00+00:00,321,4.999999999881766,4.654357860990508,0,0,0
2025-11-15 10:45:00+00:00,321,3.999999999905413,4.430337142631233,0,0,0
2025-11-15 11:00:00+00:00,321,6.0000000000854925,4.365957577627997,0,0,0
2025-11-15 11:15:00+00:00,321,4.000000000132786,4.509901871415813,0,0,0
2025-11-15 11:30:00+00:00,321,3.999999999905413,4.500274476713115,0,0,0
2025-11-15 11:45:00+00:00,321,3.999999999905413,4.312035903434771,0,0,0
2025-11-15 12:00:00+00:00,321,5.000000000109139,4.111294170518455,0,0,0
2025-11-15 12:15:00+00:00,321,3.999999999905413,4.120081334202451,0,0,0
2025-11-15 12:30:00+00:00,321,4.000000000132786,4.106745082480796,0,0,0
2025-11-15 12:45:00+00:00,321,3.999999999905413,4.012639496828026,0,0,0
2025-11-15 13:00:00+00:00,321,4.000000000132786,4.017981150873799,0,0,0
2025-11-15 13:15:00+00:00,321,3.999999999905413,3.945237602390245,0,0,0
2025-11-15 13:30:00+00:00,321,3.999999999905413,3.9247219616836113,0,0,0
2025-11-15 13:45:00+00:00,321,4.000000000132786,4.009915344123855,0,0,0
2025-11-15 14:00:00+00:00,321,3.999999999905413,4.112824282257712,0,0,0
2025-11-15 14:15:00+00:00,321,5.000000000109139,4.071901599189294,0,0,0
2025-11-15 14:30:00+00:00,321,6.999999999834472,4.097494537014601,0,0,0
2025-11-15 14:45:00+00:00,321,6.0000000000854925,4.612329508319468,0,0,0
2025-11-15 15:00:00+00:00,321,5.000000000109139,5.061699219614442,0,0,0
2025-11-15 15:15:00+00:00,321,4.999999999881766,4.956130090749774,0,0,0
2025-11-15 15:30:00+00:00,321,5.000000000109139,4.811080199469791,0,0,0
2025-11-15 15:45:00+00:00,321,4.999999999881766,4.814661060431573,0,0,0
2025-11-15 16:00:00+00:00,321,6.0000000000854925,4.905087859125015,0,0,0
2025-11-15 16:15:00+00:00,321,4.999999999881766,5.016715131513814,0,0,0
2025-11-15 16:30:00+00:00,321,5.000000000109139,5.030022106390842,0,0,0
2025-11-15 16:45:00+00:00,321,4.999999999881766,4.772507307679729,0,0,0
2025-11-15 17:00:00+00:00,321,5.000000000109139,4.699041176384391,0,0,0
2025-11-15 17:15:00+00:00,321,4.999999999881766,4.733790916084723,0,0,0
2025-11-15 17:30:00+00:00,321,5.000000000109139,4.7963173145114375,0,0,0
2025-11-15 17:45:00+00:00,321,4.999999999881766,4.718336491865355,0,0,0
2025-11-15 18:00:00+00:00,321,5.000000000109139,4.715670135690663,0,0,0
2025-11-15 18:15:00+00:00,321,3.999999999905413,4.625397797591287,0,0,0
2025-11-15 18:30:00+00:00,321,4.000000000132786,4.485009919321094,0,0,0
2025-11-15 18:45:00+00:00,321,2.9999999999290594,4.205281927688169,0,0,0
2025-11-15 19:00:00+00:00,321,4.000000000132786,3.851505008064649,0,0,0
2025-11-15 19:15:00+00:00,321,3.999999999905413,4.026582053253186,0,0,0
2025-11-15 19:30:00+00:00,321,3.999999999905413,4.148391610293956,0,0,0
2025-11-15 19:45:00+00:00,321,5.000000000109139,4.12448987896381,0,0,0
2025-11-15 20:00:00+00:00,321,3.999999999905413,4.154589215437565,0,0,0
2025-11-15 20:15:00+00:00,321,3.000000000156433,4.064544998761778,0,0,0
2025-11-15 20:30:00+00:00,321,3.999999999905413,3.846423780926192,0,0,0
2025-11-15 20:45:00+00:00,321,3.999999999905413,3.725202537030469,0,0,0
2025-11-15 21:00:00+00:00,321,3.000000000156433,3.691951901573853,0,0,0
2025-11-15 21:15:00+00:00,321,0.9999999999763532,3.349755416209375,0,0,0
2025-11-15 21:30:00+00:00,321,1.9999999999527065,2.484000325166664,0,0,0
2025-11-15 21:45:00+00:00,321,0.9999999999763532,2.740330493327208,0,0,0
2025-11-15 22:00:00+00:00,321,1.9999999999527065,1.9070777475522116,0,0,0
2025-11-15 22:15:00+00:00,321,2.00000000018008,1.9345760599232744,0,0,0
2025-11-15 22:30:00+00:00,321,1.9999999999527065,2.351406361176795,0,0,0
2025-11-15 22:45:00+00:00,321,0.9999999999763532,2.312578342597842,0,0,0
2025-11-15 23:00:00+00:00,321,1.9999999999527065,1.833093863191796,0,0,0
2025-11-15 23:15:00+00:00,321,1.9999999999527065,1.694313254847439,0,0,0
2025-11-15 23:30:00+00:00,321,0.9999999999763532,2.3738625663311,0,0,0
2025-11-15 23:45:00+00:00,321,2.00000000018008,2.0385091467906635,0,0,0
2025-11-16 00:00:00+00:00,321,1.9999999999527065,1.996056568314352,0,0,0
2025-11-16 00:15:00+00:00,321,1.9999999999527065,2.0534172622048743,0,0,0
2025-11-16 00:30:00+00:00,321,0.9999999999763532,2.0346347962780644,0,0,0
2025-11-16 00:45:00+00:00,321,1.9999999999527065,1.637916821957782,0,0,0
2025-11-16 01:00:00+00:00,321,2.00000000018008,1.7068160539331392,0,0,0
2025-11-16 01:15:00+00:00,321,1.9999999999527065,1.84271830136585,0,0,0
2025-11-16 01:30:00+00:00,321,0.9999999999763532,1.8641659697000763,0,0,0
2025-11-16 01:45:00+00:00,321,1.9999999999527065,1.8274106940323456,0,0,0
2025-11-16 02:00:00+00:00,321,1.9999999999527065,1.822512375062352,0,0,0
2025-11-16 02:15:00+00:00,321,1.9999999999527065,1.857297593106419,0,0,0
2025-11-16 02:30:00+00:00,321,2.00000000018008,1.8195670956487016,0,0,0
2025-11-16 02:45:00+00:00,321,0.9999999999763532,1.8322723808913284,0,0,0
2025-11-16 03:00:00+00:00,321,1.9999999999527065,1.726867663863481,0,0,0
2025-11-16 03:15:00+00:00,321,1.9999999999527065,1.71816825860291,0,0,0
2025-11-16 03:30:00+00:00,321,1.9999999999527065,1.7576063316290154,0,0,0
2025-11-16 03:45:00+00:00,321,2.00000000018008,1.9204891383677123,0,0,0
2025-11-16 04:00:00+00:00,321,0.9999999999763532,1.9242270558999317,0,0,0
2025-11-16 04:15:00+00:00,321,1.9999999999527065,1.8095627795990452,0,0,0
2025-11-16 04:30:00+00:00,321,1.9999999999527065,1.7745029649433048,0,0,0
2025-11-16 04:45:00+00:00,321,1.9999999999527065,1.8048441598822784,0,0,0
2025-11-16 05:00:00+00:00,321,2.00000000018008,2.0799167005567947,0,0,0
2025-11-16 05:15:00+00:00,321,13.999999999896318,2.279056067058198,0,0,0
2025-11-16 05:30:00+00:00,321,15.000000000100044,13.838675499117052,0,0,0
2025-11-16 05:45:00+00:00,321,9.000000000014552,9.657336935456486,0,0,0
2025-11-16 06:00:00+00:00,321,6.999999999834472,7.128372810192046,0,0,0
2025-11-16 06:15:00+00:00,321,5.000000000109139,5.475377068117827,0,0,0
2025-11-16 06:30:00+00:00,321,6.999999999834472,4.756526188698896,0,0,0
2025-11-16 06:45:00+00:00,321,6.0000000000854925,5.011717732778999,0,0,0
2025-11-16 07:00:00+00:00,321,5.000000000109139,5.411585275431227,0,0,0
2025-11-16 07:15:00+00:00,321,4.999999999881766,5.418566432776108,0,0,0
2025-11-16 07:30:00+00:00,321,5.000000000109139,5.29638449734703,0,0,0
2025-11-16 07:45:00+00:00,321,5.999999999858119,5.4826458019562345,0,0,0
2025-11-16 08:00:00+00:00,321,6.0000000000854925,6.163948551257501,0,0,0
2025-11-16 08:15:00+00:00,321,6.0000000000854925,5.937279143784947,0,0,0
2025-11-16 08:30:00+00:00,321,5.999999999858119,5.65138859268942,0,0,0
2025-11-16 08:45:00+00:00,321,5.000000000109139,5.2820336515270965,0,0,0
2025-11-16 09:00:00+00:00,321,4.999999999881766,5.067397531969389,0,0,0
2025-11-16 09:15:00+00:00,321,5.000000000109139,5.140639832413195,0,0,0
2025-11-16 09:30:00+00:00,321,4.999999999881766,5.089327763466777,0,0,0
2025-11-16 09:45:00+00:00,321,6.0000000000854925,4.954184406459814,0,0,0
2025-11-16 10:00:00+00:00,321,5.999999999858119,4.985273963698143,0,0,0
2025-11-16 10:15:00+00:00,321,5.000000000109139,5.228812746733094,0,0,0
2025-11-16 10:30:00+00:00,321,6.0000000000854925,5.276527297202684,0,0,0
2025-11-16 10:45:00+00:00,321,4.999999999881766,5.152221925212697,0,0,0
2025-11-16 11:00:00+00:00,321,5.000000000109139,5.071934000677468,0,0,0
2025-11-16 11:15:00+00:00,321,4.999999999881766,5.071000458730325,0,0,0
2025-11-16 11:30:00+00:00,321,6.0000000000854925,5.069768235279623,0,0,0
2025-11-16 11:45:00+00:00,321,4.999999999881766,5.0843612280065935,0,0,0
2025-11-16 12:00:00+00:00,321,6.0000000000854925,5.031239907750594,0,0,0
2025-11-16 12:15:00+00:00,321,4.999999999881766,5.053403344458631,0,0,0
2025-11-16 12:30:00+00:00,321,5.000000000109139,5.1398608952810285,0,0,0
2025-11-16 12:45:00+00:00,321,5.000000000109139,5.06872667187127,0,0,0
2025-11-16 13:00:00+00:00,321,4.999999999881766,4.992967139673187,0,0,0
2025-11-16 13:15:00+00:00,321,6.0000000000854925,4.998585120981547,0,0,0
2025-11-16 13:30:00+00:00,321,4.999999999881766,5.163908145508852,0,0,0
2025-11-16 13:45:00+00:00,321,5.000000000109139,5.168319718909309,0,0,0
2025-11-16 14:00:00+00:00,321,4.999999999881766,5.12661636805781,0,0,0
2025-11-16 14:15:00+00:00,321,6.0000000000854925,5.069576998353636,0,0,0
2025-11-16 14:30:00+00:00,321,4.999999999881766,5.11241233912374,0,0,0
2025-11-16 14:45:00+00:00,321,6.0000000000854925,5.121890825737388,0,0,0
2025-11-16 15:00:00+00:00,321,6.0000000000854925,5.123025123190544,0,0,0
2025-11-16 15:15:00+00:00,321,5.999999999858119,5.285279487316129,0,0,0
2025-11-16 15:30:00+00:00,321,6.0000000000854925,5.443512323490977,0,0,0
2025-11-16 15:45:00+00:00,321,4.999999999881766,5.4933689150188005,0,0,0
2025-11-16 16:00:00+00:00,321,6.0000000000854925,5.364380329545328,0,0,0
2025-11-16 16:15:00+00:00,321,5.000000000109139,5.283531818334902,0,0,0
2025-11-16 16:30:00+00:00,321,5.999999999858119,5.1539074349819325,0,0,0
2025-11-16 16:45:00+00:00,321,5.000000000109139,5.150307969522826,0,0,0
2025-11-16 17:00:00+00:00,321,5.999999999858119,5.092580377638555,0,0,0
2025-11-16 17:15:00+00:00,321,5.000000000109139,5.055749097551522,0,0,0
2025-11-16 17:30:00+00:00,321,4.999999999881766,5.073635951630385,0,0,0
2025-11-16 17:45:00+00:00,321,5.000000000109139,4.780647712695108,0,0,0
2025-11-16 18:00:00+00:00,321,5.999999999858119,4.82039312047934,0,0,0
2025-11-16 18:15:00+00:00,321,7.000000000061846,4.932018950659045,0,0,0
2025-11-16 18:30:00+00:00,321,7.000000000061846,5.9154945754061465,0,0,0
2025-11-16 18:45:00+00:00,321,7.000000000061846,5.911441390965777,0,0,0
2025-11-16 19:00:00+00:00,321,6.999999999834472,6.184132555982758,0,0,0
2025-11-16 19:15:00+00:00,321,7.000000000061846,6.277302724816561,0,0,0
2025-11-16 19:30:00+00:00,321,7.000000000061846,6.810146488979267,0,0,0
2025-11-16 19:45:00+00:00,321,7.000000000061846,6.46628663175516,0,0,0
2025-11-16 20:00:00+00:00,321,6.999999999834472,6.8964627033103625,0,0,0
2025-11-16 20:15:00+00:00,321,3.000000000156433,7.11878298503627,0,0,0
2025-11-16 20:30:00+00:00,321,3.999999999905413,5.1667090597921,0,0,0
2025-11-16 20:45:00+00:00,321,7.000000000061846,4.621277406207094,0,0,0
2025-11-16 21:00:00+00:00,321,6.999999999834472,6.032292167400242,0,0,0
2025-11-16 21:15:00+00:00,321,9.000000000014552,6.565563690780502,0,0,0
2025-11-16 21:30:00+00:00,321,11.000000000194632,9.70698642575828,0,0,0
2025-11-16 21:45:00+00:00,321,10.999999999967258,11.524059700585427,0,0,0
2025-11-16 22:00:00+00:00,321,10.999999999967258,11.465838296307057,0,0,0
2025-11-16 22:15:00+00:00,321,11.999999999943611,11.145748640943635,0,0,0
2025-11-16 22:30:00+00:00,321,18.000000000029104,12.259689024283322,0,0,0
2025-11-16 22:45:00+00:00,321,17.00000000005275,15.10045154482447,0,0,0
2025-11-16 23:00:00+00:00,321,14.99999999987267,14.73112140965858,0,0,0
2025-11-16 23:15:00+00:00,321,14.000000000123691,14.100173390906525,0,0,0
2025-11-16 23:30:00+00:00,321,12.999999999919964,13.905100188727342,0,0,0
2025-11-16 23:45:00+00:00,321,12.999999999919964,13.53497568479197,0,0,0
2025-11-17 00:00:00+00:00,321,12.000000000170983,13.4048734254554,0,0,0
2025-11-17 00:15:00+00:00,321,12.999999999919964,13.55065653583924,0,0,0
2025-11-17 00:30:00+00:00,321,12.999999999919964,13.56805073129128,0,0,0
2025-11-17 00:45:00+00:00,321,14.000000000123691,13.269941496301753,0,0,0
2025-11-17 01:00:00+00:00,321,13.999999999896318,13.598774400082224,0,0,0
2025-11-17 01:15:00+00:00,321,13.000000000147338,13.870877143788476,0,0,0
2025-11-17 01:30:00+00:00,321,12.999999999919964,13.842109110530243,0,0,0
2025-11-17 01:45:00+00:00,321,12.999999999919964,13.780641005137385,0,0,0
2025-11-17 02:00:00+00:00,321,14.000000000123691,13.11306722109432,0,0,0
2025-11-17 02:15:00+00:00,321,12.999999999919964,12.953028162248993,0,0,0
2025-11-17 02:30:00+00:00,321,13.000000000147338,12.436046967479513,0,0,0
2025-11-17 02:45:00+00:00,321,11.999999999943611,11.631611578513796,0,0,0
2025-11-17 03:00:00+00:00,321,10.999999999967258,10.82656815419366,0,0,0
2025-11-17 03:15:00+00:00,321,8.000000000038199,10.378184192815064,0,0,0
2025-11-17 03:30:00+00:00,321,8.000000000038199,8.63414582876387,0,0,0
2025-11-17 03:45:00+00:00,321,6.999999999834472,8.684446620692931,0,0,0
2025-11-17 04:00:00+00:00,321,7.000000000061846,8.363063592213187,0,0,0
2025-11-17 04:15:00+00:00,321,7.000000000061846,8.177110055024837,0,0,0
2025-11-17 04:30:00+00:00,321,5.999999999858119,7.536633360782629,0,0,0
2025-11-17 04:45:00+00:00,321,7.000000000061846,5.208235740029472,0,0,0
2025-11-17 05:00:00+00:00,321,7.000000000061846,5.323577349831789,0,0,0
2025-11-17 05:15:00+00:00,321,19.000000000005457,7.426458392952416,0,0,0
2025-11-17 05:30:00+00:00,321,17.00000000005275,16.26415391077535,0,0,0
2025-11-17 05:45:00+00:00,321,12.999999999919964,12.418826414002504,0,0,0
2025-11-17 06:00:00+00:00,321,10.999999999967258,11.755213513017734,0,0,0
2025-11-17 06:15:00+00:00,321,12.999999999919964,11.47795342958804,0,0,0
2025-11-17 06:30:00+00:00,321,14.000000000123691,12.92703955435849,0,0,0
2025-11-17 06:45:00+00:00,321,17.00000000005275,13.595442320189315,0,0,0
2025-11-17 07:00:00+00:00,321,11.999999999943611,14.09319540642165,0,0,0
2025-11-17 07:15:00+00:00,321,12.999999999919964,13.76019278770594,0,0,0
2025-11-17 07:30:00+00:00,321,13.000000000147338,12.845223032403553,0,0,0
2025-11-17 07:45:00+00:00,321,11.999999999943611,12.41990980147461,0,0,0
2025-11-17 08:00:00+00:00,321,9.999999999990903,12.787648314683343,0,0,0
2025-11-17 08:15:00+00:00,321,8.000000000038199,11.010830556997302,0,0,0
2025-11-17 08:30:00+00:00,321,8.000000000038199,7.509492139383468,0,0,0
2025-11-17 08:45:00+00:00,321,6.999999999834472,7.31676454607627,0,0,0
2025-11-17 09:00:00+00:00,321,7.000000000061846,6.836289990126561,0,0,0
2025-11-17 09:15:00+00:00,321,8.000000000038199,7.152417897106227,0,0,0
2025-11-17 09:30:00+00:00,321,7.000000000061846,6.927075610442819,0,0,0
2025-11-17 09:45:00+00:00,321,7.999999999810825,7.011195051880529,0,0,0
2025-11-17 10:00:00+00:00,321,8.000000000038199,7.519268009512489,0,0,0
2025-11-17 10:15:00+00:00,321,9.000000000014552,7.678909595531258,0,0,0
2025-11-17 10:30:00+00:00,321,9.000000000014552,7.544424174313399,0,0,0
2025-11-17 10:45:00+00:00,321,9.000000000014552,7.921325907227631,0,0,0
2025-11-17 11:00:00+00:00,321,10.999999999967258,8.213082788037664,0,0,0
2025-11-17 11:15:00+00:00,321,8.000000000038199,8.888664870743012,0,0,0
2025-11-17 11:30:00+00:00,321,7.000000000061846,8.613528007542863,0,0,0
2025-11-17 11:45:00+00:00,321,5.999999999858119,8.409755400103112,0,0,0
2025-11-17 12:00:00+00:00,321,8.000000000038199,8.112057194705638,0,0,0
2025-11-17 12:15:00+00:00,321,8.000000000038199,8.29437694185842,0,0,0
2025-11-17 12:30:00+00:00,321,8.000000000038199,7.9102180127785395,0,0,0
2025-11-17 12:45:00+00:00,321,7.000000000061846,7.153050738457079,0,0,0
2025-11-17 13:00:00+00:00,321,6.999999999834472,7.050010667461265,0,0,0
2025-11-17 13:15:00+00:00,321,6.0000000000854925,6.88686335957456,0,0,0
2025-11-17 13:30:00+00:00,321,7.000000000061846,6.827169171368453,0,0,0
2025-11-17 13:45:00+00:00,321,6.999999999834472,6.818050371703079,0,0,0
2025-11-17 14:00:00+00:00,321,7.000000000061846,6.959088614164627,0,0,0
2025-11-17 14:15:00+00:00,321,7.000000000061846,6.87267057987143,0,0,0
2025-11-17 14:30:00+00:00,321,8.000000000038199,6.433660689168011,0,0,0
2025-11-17 14:45:00+00:00,321,8.000000000038199,6.703007371293866,0,0,0
2025-11-17 15:00:00+00:00,321,6.999999999834472,7.689410608393206,0,0,0
2025-11-17 15:15:00+00:00,321,7.000000000061846,8.368982418338746,0,0,0
2025-11-17 15:30:00+00:00,321,8.000000000038199,8.483393442722566,0,0,0
2025-11-17 15:45:00+00:00,321,8.000000000038199,8.477274437974629,0,0,0
2025-11-17 16:00:00+00:00,321,8.000000000038199,8.180573952829022,0,0,0
2025-11-17 16:15:00+00:00,321,7.999999999810825,7.846865228540434,0,0,0
2025-11-17 16:30:00+00:00,321,8.000000000038199,7.8050244351621885,0,0,0
2025-11-17 16:45:00+00:00,321,8.000000000038199,7.400087888093582,0,0,0
2025-11-17 17:00:00+00:00,321,7.000000000061846,7.227044141397521,0,0,0
2025-11-17 17:15:00+00:00,321,5.999999999858119,7.126344487320948,0,0,0
2025-11-17 17:30:00+00:00,321,6.0000000000854925,7.135725769041597,0,0,0
2025-11-17 19:30:00+00:00,321,11.999999999943611,6.808037402398853,0,0,0
2025-11-17 19:45:00+00:00,321,11.999999999943611,10.3948855510179,0,0,0
2025-11-17 20:00:00+00:00,321,11.000000000194632,15.173181572597764,0,0,0
2025-11-17 20:15:00+00:00,321,11.999999999943611,9.34826979576374,0,0,0
2025-11-17 20:30:00+00:00,321,11.999999999943611,10.216349872088376,0,0,0
2025-11-17 20:45:00+00:00,321,10.999999999967258,13.363116280204656,0,0,0
2025-11-17 21:00:00+00:00,321,12.000000000170983,11.91403246296876,0,0,0
2025-11-17 21:15:00+00:00,321,9.999999999990903,10.899875065604917,0,0,0
2025-11-17 21:30:00+00:00,321,8.999999999787178,10.842775123118756,0,0,0
2025-11-17 21:45:00+00:00,321,6.0000000000854925,9.568892020501286,0,0,0
2025-11-17 22:00:00+00:00,321,9.000000000014552,8.217870056907348,0,0,0
2025-11-17 22:15:00+00:00,321,10.999999999967258,8.840772856444293,0,0,0
2025-11-17 22:30:00+00:00,321,10.999999999967258,9.965704315296376,0,0,0
2025-11-17 22:45:00+00:00,321,12.000000000170983,10.835430817523775,0,0,0
2025-11-17 23:00:00+00:00,321,11.999999999943611,12.4637096916874,0,0,0
2025-11-17 23:15:00+00:00,321,10.999999999967258,12.21460614485969,0,0,0
2025-11-17 23:30:00+00:00,321,10.999999999967258,11.884610820548708,0,0,0
2025-11-17 23:45:00+00:00,321,10.999999999967258,11.609726920823809,0,0,0
2025-11-18 00:00:00+00:00,321,10.999999999967258,12.064693124511628,0,0,0
2025-11-18 00:15:00+00:00,321,12.000000000170983,12.082607092121478,0,0,0
2025-11-18 00:30:00+00:00,321,11.999999999943611,11.588124359232786,0,0,0
2025-11-18 00:45:00+00:00,321,10.999999999967258,11.487936977826733,0,0,0
2025-11-18 01:00:00+00:00,321,11.999999999943611,11.392429853375514,0,0,0
2025-11-18 01:15:00+00:00,321,12.000000000170983,11.47594299010972,0,0,0
2025-11-18 01:30:00+00:00,321,10.999999999967258,11.58630256070408,0,0,0
2025-11-18 01:45:00+00:00,321,10.999999999967258,11.43781559670908,0,0,0
2025-11-18 02:00:00+00:00,321,10.999999999967258,11.728918003031836,0,0,0
2025-11-18 02:15:00+00:00,321,11.999999999943611,12.1368151169305,0,0,0
2025-11-18 02:30:00+00:00,321,13.000000000147338,12.018519358128598,0,0,0
2025-11-18 02:45:00+00:00,321,13.999999999896318,12.178962235520505,0,0,0
2025-11-18 03:00:00+00:00,321,12.999999999919964,12.788787659868332,0,0,0
2025-11-18 03:15:00+00:00,321,13.000000000147338,12.831384170812315,0,0,0
2025-11-18 03:30:00+00:00,321,11.999999999943611,12.522423754592594,0,0,0
2025-11-18 03:45:00+00:00,321,12.999999999919964,12.434141520823305,0,0,0
2025-11-18 04:00:00+00:00,321,13.000000000147338,12.526072543602748,0,0,0
2025-11-18 04:15:00+00:00,321,11.999999999943611,12.844955935279174,0,0,0
2025-11-18 04:30:00+00:00,321,11.999999999943611,12.300599304353522,0,0,0
2025-11-18 04:45:00+00:00,321,13.000000000147338,11.916676897565209,0,0,0
2025-11-18 05:00:00+00:00,321,11.999999999943611,12.188769257365976,0,0,0
2025-11-18 05:15:00+00:00,321,17.00000000005275,13.0398110754432,0,0,0
2025-11-18 05:30:00+00:00,321,14.99999999987267,14.977821082366871,0,0,0
2025-11-18 05:45:00+00:00,321,14.000000000123691,14.299535146050363,0,0,0
2025-11-18 06:00:00+00:00,321,12.999999999919964,14.061941004683774,0,0,0
2025-11-18 06:15:00+00:00,321,14.99999999987267,14.648339761377322,0,0,0
2025-11-18 06:30:00+00:00,321,17.00000000005275,15.48299808413623,0,0,0
2025-11-18 06:45:00+00:00,321,15.000000000100044,15.94681714413232,0,0,0
2025-11-18 07:00:00+00:00,321,15.999999999849024,15.657399238032433,0,0,0
2025-11-18 07:15:00+00:00,321,18.000000000029104,16.0340857933497,0,0,0
2025-11-18 07:30:00+00:00,321,15.000000000100044,16.055460485903726,0,0,0
2025-11-18 07:45:00+00:00,321,14.99999999987267,15.640741146102442,0,0,0
2025-11-18 08:00:00+00:00,321,14.000000000123691,15.010355012013765,0,0,0
2025-11-18 08:15:00+00:00,321,9.000000000014552,13.36327203878691,0,0,0
2025-11-18 08:30:00+00:00,321,8.000000000038199,8.879514919361188,0,0,0
2025-11-18 08:45:00+00:00,321,8.000000000038199,8.089012135577875,0,0,0
2025-11-18 09:00:00+00:00,321,7.999999999810825,8.132002081162955,0,0,0
2025-11-18 09:15:00+00:00,321,8.000000000038199,7.876365327135249,0,0,0
2025-11-18 09:30:00+00:00,321,8.000000000038199,7.350980668411481,0,0,0
2025-11-18 09:45:00+00:00,321,8.000000000038199,7.4480771072853,0,0,0
2025-11-18 10:00:00+00:00,321,8.000000000038199,7.299741575245265,0,0,0
2025-11-18 10:15:00+00:00,321,8.000000000038199,7.264532347727291,0,0,0
2025-11-18 10:30:00+00:00,321,7.999999999810825,7.442690744757584,0,0,0
2025-11-18 10:45:00+00:00,321,7.000000000061846,7.3961500803808065,0,0,0
2025-11-18 11:00:00+00:00,321,7.000000000061846,7.23172785965419,0,0,0
2025-11-18 11:15:00+00:00,321,7.000000000061846,7.159050616733774,0,0,0
2025-11-18 11:30:00+00:00,321,6.999999999834472,7.19439310437212,0,0,0
2025-11-18 11:45:00+00:00,321,8.000000000038199,7.254357562562614,0,0,0
2025-11-18 12:00:00+00:00,321,9.000000000014552,7.400950617574165,0,0,0
2025-11-18 12:15:00+00:00,321,8.000000000038199,7.720913646979048,0,0,0
2025-11-18 12:30:00+00:00,321,8.000000000038199,7.5425966069483135,0,0,0
2025-11-18 12:45:00+00:00,321,6.999999999834472,7.372296518834432,0,0,0
2025-11-18 13:00:00+00:00,321,6.0000000000854925,7.326586855338148,0,0,0
2025-11-18 13:15:00+00:00,321,6.0000000000854925,7.043280742940721,0,0,0
2025-11-18 13:30:00+00:00,321,6.999999999834472,6.823865935657444,0,0,0
2025-11-18 13:45:00+00:00,321,7.000000000061846,6.756185370367295,0,0,0
2025-11-18 14:00:00+00:00,321,7.000000000061846,6.6883842363968125,0,0,0
2025-11-18 14:15:00+00:00,321,7.000000000061846,6.649633231783527,0,0,0
2025-11-18 14:30:00+00:00,321,6.999999999834472,6.774590554394874,0,0,0
2025-11-18 14:45:00+00:00,321,8.000000000038199,6.861870452843196,0,0,0
2025-11-18 15:00:00+00:00,321,9.999999999990903,6.925898479379544,0,0,0
2025-11-18 15:15:00+00:00,321,8.000000000038199,7.30699704076,0,0,0
2025-11-18 15:30:00+00:00,321,8.000000000038199,7.351430060765459,0,0,0
2025-11-18 15:45:00+00:00,321,7.000000000061846,7.083826432551726,0,0,0
2025-11-18 16:00:00+00:00,321,5.999999999858119,7.029229299728893,0,0,0
2025-11-18 16:15:00+00:00,321,7.000000000061846,6.9211187099971525,0,0,0
2025-11-18 16:30:00+00:00,321,7.000000000061846,7.062713068285703,0,0,0
2025-11-18 16:45:00+00:00,321,6.999999999834472,6.98435467529857,0,0,0
2025-11-18 17:00:00+00:00,321,6.0000000000854925,6.86132414403804,0,0,0
2025-11-18 17:15:00+00:00,321,6.0000000000854925,6.602651539865523,0,0,0
2025-11-18 17:30:00+00:00,321,4.999999999881766,6.520624455382726,0,0,0
2025-11-18 17:45:00+00:00,321,7.000000000061846,6.126998000478318,0,0,0
2025-11-18 18:00:00+00:00,321,7.000000000061846,6.903014370786775,0,0,0
2025-11-18 18:15:00+00:00,321,11.999999999943611,8.543069747535895,0,0,0
2025-11-18 18:30:00+00:00,321,13.999999999896318,12.141036174509516,0,0,0
2025-11-18 18:45:00+00:00,321,13.000000000147338,12.203621703509125,0,0,0
2025-11-18 19:00:00+00:00,321,10.999999999967258,12.112858293212929,0,0,0
2025-11-18 19:15:00+00:00,321,10.999999999967258,11.634042566164196,0,0,0
2025-11-18 19:30:00+00:00,321,9.999999999990903,11.529028976242891,0,0,0
2025-11-18 19:45:00+00:00,321,11.999999999943611,11.057730042996898,0,0,0
2025-11-18 20:00:00+00:00,321,10.999999999967258,11.151004627769172,0,0,0
2025-11-18 20:15:00+00:00,321,11.000000000194632,11.62225510278958,0,0,0
2025-11-18 20:30:00+00:00,321,10.999999999967258,11.384936711801938,0,0,0
2025-11-18 20:45:00+00:00,321,12.999999999919964,11.255628821234849,0,0,0
2025-11-18 21:00:00+00:00,321,10.999999999967258,10.972946608491885,0,0,0
2025-11-18 21:15:00+00:00,321,9.000000000014552,10.349533843818978,0,0,0
2025-11-18 21:30:00+00:00,321,9.000000000014552,9.485963843775982,0,0,0
2025-11-18 21:45:00+00:00,321,5.000000000109139,8.944497976760193,0,0,0
2025-11-18 22:00:00+00:00,321,6.999999999834472,7.144920717347183,0,0,0
2025-11-18 22:15:00+00:00,321,8.000000000038199,7.372509677338661,0,0,0
2025-11-18 22:30:00+00:00,321,9.000000000014552,7.633916133071512,0,0,0
2025-11-18 22:45:00+00:00,321,8.000000000038199,7.842712243230697,0,0,0
2025-11-18 23:00:00+00:00,321,4.999999999881766,7.508437019209623,0,0,0
2025-11-18 23:15:00+00:00,321,6.0000000000854925,6.926042123405399,0,0,0
2025-11-18 23:30:00+00:00,321,5.000000000109139,6.827916235679624,0,0,0
2025-11-18 23:45:00+00:00,321,4.999999999881766,6.517076332567399,0,0,0
2025-11-19 00:00:00+00:00,321,6.0000000000854925,6.458529565917212,0,0,0
2025-11-19 00:15:00+00:00,321,4.999999999881766,6.477159446121779,0,0,0
2025-11-19 00:30:00+00:00,321,6.0000000000854925,6.2146231637839655,0,0,0
2025-11-19 00:45:00+00:00,321,4.999999999881766,5.963442835859569,0,0,0
2025-11-19 01:00:00+00:00,321,5.000000000109139,5.739318638997733,0,0,0
2025-11-19 01:15:00+00:00,321,4.999999999881766,5.668814228299727,0,0,0
2025-11-19 01:30:00+00:00,321,5.000000000109139,5.598143963555805,0,0,0
2025-11-19 01:45:00+00:00,321,4.999999999881766,5.528245857561305,0,0,0
2025-11-19 02:00:00+00:00,321,6.0000000000854925,5.565964240462625,0,0,0
2025-11-19 02:15:00+00:00,321,5.000000000109139,5.662514082089469,0,0,0
2025-11-19 02:30:00+00:00,321,5.999999999858119,5.605599030809277,0,0,0
2025-11-19 02:45:00+00:00,321,4.000000000132786,5.435133665533117,0,0,0
2025-11-19 03:00:00+00:00,321,4.999999999881766,5.211566233492376,0,0,0
2025-11-19 03:15:00+00:00,321,5.000000000109139,5.130337988627257,0,0,0
2025-11-19 03:30:00+00:00,321,4.999999999881766,5.174997579681528,0,0,0
2025-11-19 03:45:00+00:00,321,4.000000000132786,5.185579356252791,0,0,0
2025-11-19 04:00:00+00:00,321,4.999999999881766,5.139068401383368,0,0,0
2025-11-19 04:15:00+00:00,321,5.000000000109139,5.256017641663795,0,0,0
2025-11-19 04:30:00+00:00,321,4.999999999881766,5.504559880711759,0,0,0
2025-11-19 04:45:00+00:00,321,4.000000000132786,5.196372849119189,0,0,0
2025-11-19 05:15:00+00:00,321,20.999999999958163,5.151503128199788,0,0,0
2025-11-19 05:30:00+00:00,321,18.000000000029104,18.078432184376545,0,0,0
2025-11-19 05:45:00+00:00,321,14.000000000123691,12.355367483175012,0,0,0
2025-11-19 06:00:00+00:00,321,9.999999999990903,11.493828690421308,0,0,0
2025-11-19 06:15:00+00:00,321,10.999999999967258,9.77764544127126,0,0,0
2025-11-19 06:30:00+00:00,321,12.999999999919964,11.213387093728215,0,0,0
2025-11-19 06:45:00+00:00,321,10.999999999967258,12.41954578789905,0,0,0
2025-11-19 07:00:00+00:00,321,9.000000000014552,11.790127664554888,0,0,0
2025-11-19 07:15:00+00:00,321,12.999999999919964,10.975944095874771,0,0,0
2025-11-19 07:30:00+00:00,321,10.00000000021828,10.741601270691774,0,0,0
2025-11-19 07:45:00+00:00,321,6.999999999834472,10.441937911181558,0,0,0
2025-11-19 08:00:00+00:00,321,9.999999999990903,9.663860335634638,0,0,0
2025-11-19 08:15:00+00:00,321,9.000000000014552,9.84728221897776,0,0,0
2025-11-19 08:30:00+00:00,321,9.000000000014552,8.905766009306962,0,0,0
2025-11-19 08:45:00+00:00,321,8.000000000038199,7.966021697730184,0,0,0
2025-11-19 09:00:00+00:00,321,7.000000000061846,7.83586924951711,0,0,0
2025-11-19 09:15:00+00:00,321,8.000000000038199,8.328768436819573,0,0,0
2025-11-19 09:30:00+00:00,321,7.999999999810825,7.386834851836705,0,0,0
2025-11-19 09:45:00+00:00,321,7.000000000061846,7.259931123830851,0,0,0
2025-11-19 10:00:00+00:00,321,8.000000000038199,8.021764521458023,0,0,0
2025-11-19 10:15:00+00:00,321,7.000000000061846,8.076988726795328,0,0,0
2025-11-19 10:30:00+00:00,321,9.999999999990903,7.656167977197067,0,0,0
2025-11-19 10:45:00+00:00,321,9.000000000014552,7.8390467245950415,0,0,0
2025-11-19 11:00:00+00:00,321,7.999999999810825,7.8854397067605,0,0,0
2025-11-19 11:15:00+00:00,321,8.000000000038199,7.917411751744012,0,0,0
2025-11-19 11:30:00+00:00,321,7.000000000061846,7.474344349972938,0,0,0
2025-11-19 11:45:00+00:00,321,6.0000000000854925,6.986340597222277,0,0,0
2025-11-19 12:00:00+00:00,321,7.999999999810825,7.052278397042121,0,0,0
2025-11-19 12:15:00+00:00,321,8.000000000038199,7.562642736484094,0,0,0
2025-11-19 12:30:00+00:00,321,9.000000000014552,8.042501180708452,0,0,0
2025-11-19 12:45:00+00:00,321,8.000000000038199,7.790946743744834,0,0,0
2025-11-19 13:00:00+00:00,321,9.000000000014552,7.70361319511818,0,0,0
2025-11-19 13:15:00+00:00,321,8.000000000038199,7.934086861741322,0,0,0
2025-11-19 13:30:00+00:00,321,8.000000000038199,7.728320256006931,0,0,0
2025-11-19 13:45:00+00:00,321,6.999999999834472,7.621625050280947,0,0,0
2025-11-19 14:00:00+00:00,321,7.000000000061846,7.689095053043236,0,0,0
2025-11-19 14:15:00+00:00,321,8.000000000038199,7.5916400809884195,0,0,0
2025-11-19 14:30:00+00:00,321,9.999999999990903,7.720744331631305,0,0,0
2025-11-19 14:45:00+00:00,321,8.000000000038199,7.874882736185669,0,0,0
2025-11-19 15:00:00+00:00,321,9.000000000014552,7.798269127761573,0,0,0
2025-11-19 15:15:00+00:00,321,8.000000000038199,7.740343087905841,0,0,0
2025-11-19 15:30:00+00:00,321,7.999999999810825,7.861548070894019,0,0,0
2025-11-19 15:45:00+00:00,321,8.000000000038199,7.8418244193118625,0,0,0
2025-11-19 16:00:00+00:00,321,8.000000000038199,7.988666976496834,0,0,0
2025-11-19 16:15:00+00:00,321,8.000000000038199,8.111404450869276,0,0,0
2025-11-19 16:30:00+00:00,321,8.000000000038199,8.160602818166176,0,0,0
2025-11-19 16:45:00+00:00,321,5.999999999858119,7.649812738599383,0,0,0
2025-11-19 17:00:00+00:00,321,7.000000000061846,7.327884843523577,0,0,0
2025-11-19 17:15:00+00:00,321,7.000000000061846,7.087654055489649,0,0,0
2025-11-19 17:30:00+00:00,321,5.999999999858119,7.258025100291002,0,0,0
2025-11-19 17:45:00+00:00,321,8.000000000038199,6.799271655519916,0,0,0
2025-11-19 18:00:00+00:00,321,6.0000000000854925,7.232236094139241,0,0,0
2025-11-19 18:15:00+00:00,321,8.000000000038199,7.232593761994781,0,0,0
2025-11-19 18:30:00+00:00,321,12.999999999919964,7.865013987790935,0,0,0
2025-11-19 18:45:00+00:00,321,10.999999999967258,10.794368817056789,0,0,0
2025-11-19 19:00:00+00:00,321,9.999999999990903,11.513696562912957,0,0,0
2025-11-19 19:15:00+00:00,321,9.999999999990903,10.802649404796192,0,0,0
2025-11-19 19:30:00+00:00,321,9.999999999990903,10.777699187454038,0,0,0
2025-11-19 19:45:00+00:00,321,11.000000000194632,10.492435420431164,0,0,0
2025-11-19 20:00:00+00:00,321,9.999999999990903,10.434970887485807,0,0,0
2025-11-19 20:15:00+00:00,321,9.999999999990903,10.494293562629062,0,0,0
2025-11-19 20:30:00+00:00,321,9.000000000014552,10.454580316107643,0,0,0
2025-11-19 20:45:00+00:00,321,8.999999999787178,8.324084718562904,0,0,0
2025-11-19 21:00:00+00:00,321,9.000000000014552,7.998837146592407,0,0,0
2025-11-19 21:15:00+00:00,321,7.000000000061846,7.927200313313068,0,0,0
2025-11-19 21:30:00+00:00,321,7.000000000061846,6.970701858680579,0,0,0
2025-11-19 21:45:00+00:00,321,4.999999999881766,6.505328097280161,0,0,0
2025-11-19 22:00:00+00:00,321,5.000000000109139,5.774069532465341,0,0,0
2025-11-19 22:15:00+00:00,321,6.0000000000854925,6.238948904588018,0,0,0
2025-11-19 22:30:00+00:00,321,7.999999999810825,6.597467375052915,1,0,1
2025-11-19 22:45:00+00:00,321,9.000000000014552,7.377669036154836,1,0,1
2025-11-19 23:00:00+00:00,321,13.000000000147338,9.323064018969966,1,0,1
2025-11-19 23:15:00+00:00,321,14.99999999987267,11.95226138788968,1,0,1
2025-11-19 23:30:00+00:00,321,13.000000000147338,13.806288097914203,0,0,0
2025-11-19 23:45:00+00:00,321,12.999999999919964,12.70292776049487,0,0,0
2025-11-20 00:00:00+00:00,321,10.999999999967258,12.585149466316228,0,0,0
2025-11-20 00:15:00+00:00,321,10.999999999967258,12.227832356027402,0,0,0
2025-11-20 00:30:00+00:00,321,10.999999999967258,11.98561218476794,0,0,0
2025-11-20 00:45:00+00:00,321,9.999999999990903,11.72972102505589,0,0,0
2025-11-20 01:00:00+00:00,321,9.999999999990903,11.423953082888689,0,0,0
2025-11-20 01:15:00+00:00,321,12.000000000170983,10.949652047190702,0,0,0
2025-11-20 01:30:00+00:00,321,11.999999999943611,10.9065888373836,0,0,0
2025-11-20 01:45:00+00:00,321,11.999999999943611,11.44237643875086,0,0,0
2025-11-20 02:00:00+00:00,321,13.000000000147338,11.762016124876665,0,0,0
2025-11-20 02:15:00+00:00,321,11.999999999943611,12.367588186161749,0,0,0
2025-11-20 02:30:00+00:00,321,12.999999999919964,12.222088902527783,0,0,0
2025-11-20 02:45:00+00:00,321,11.999999999943611,11.91209240329427,0,0,0
2025-11-20 03:00:00+00:00,321,13.000000000147338,11.712813142510658,0,0,0
2025-11-20 03:15:00+00:00,321,10.999999999967258,11.84607095534692,0,0,0
2025-11-20 03:30:00+00:00,321,11.999999999943611,11.231209336839626,0,0,0
2025-11-20 03:45:00+00:00,321,10.999999999967258,10.961270483659394,0,0,0
2025-11-20 04:00:00+00:00,321,10.999999999967258,11.024886903720052,0,0,0
2025-11-20 04:15:00+00:00,321,11.000000000194632,11.265534490182413,0,0,0
2025-11-20 04:30:00+00:00,321,10.999999999967258,11.498751815387733,0,0,0
2025-11-20 04:45:00+00:00,321,11.999999999943611,11.265215473530615,0,0,0
2025-11-20 05:00:00+00:00,321,10.999999999967258,11.666953777710322,0,0,0
2025-11-20 05:15:00+00:00,321,17.00000000005275,12.192147487949924,0,0,0
2025-11-20 05:30:00+00:00,321,13.999999999896318,15.783897128398973,0,0,0
2025-11-20 05:45:00+00:00,321,15.000000000100044,13.936765331615454,0,0,0
2025-11-20 06:00:00+00:00,321,13.999999999896318,14.427947136327688,0,0,0
2025-11-20 06:15:00+00:00,321,18.000000000029104,16.09656575264356,0,0,0
2025-11-20 06:30:00+00:00,321,19.000000000005457,17.86856422441801,0,0,0
2025-11-20 06:45:00+00:00,321,19.000000000005457,18.203941296187605,0,0,0
2025-11-20 07:00:00+00:00,321,19.000000000005457,18.41157094763081,0,0,0
2025-11-20 07:15:00+00:00,321,21.99999999993452,18.84203113437772,0,0,0
2025-11-20 07:30:00+00:00,321,19.000000000005457,19.121075518899648,0,0,0
2025-11-20 07:45:00+00:00,321,18.000000000029104,18.967513709541432,0,0,0
2025-11-20 08:00:00+00:00,321,18.000000000029104,18.19243592891195,0,0,0
2025-11-20 08:15:00+00:00,321,12.999999999919964,16.959583675045018,0,0,0
2025-11-20 08:30:00+00:00,321,9.000000000014552,11.787694369369934,0,0,0
2025-11-20 08:45:00+00:00,321,9.999999999990903,9.795651710263185,0,0,0
2025-11-20 09:00:00+00:00,321,10.00000000021828,9.213429014224891,0,0,0
2025-11-20 09:15:00+00:00,321,9.999999999990903,9.150804257137905,0,0,0
2025-11-20 09:30:00+00:00,321,8.999999999787178,8.872036776762197,0,0,0
2025-11-20 09:45:00+00:00,321,10.00000000021828,8.729093952969894,0,0,0
2025-11-20 10:00:00+00:00,321,8.999999999787178,8.892183860934622,0,0,0
2025-11-20 10:15:00+00:00,321,9.000000000014552,8.740332800004804,0,0,0
2025-11-20 10:30:00+00:00,321,9.000000000014552,8.55382978115129,0,0,0
2025-11-20 10:45:00+00:00,321,8.000000000038199,8.601346532643511,0,0,0
2025-11-20 11:00:00+00:00,321,7.000000000061846,8.251902730245686,0,0,0
2025-11-20 11:15:00+00:00,321,6.0000000000854925,7.783221118065154,0,0,0
2025-11-20 11:30:00+00:00,321,6.999999999834472,7.0818967567827205,0,0,0
2025-11-20 11:45:00+00:00,321,7.000000000061846,6.855454353021706,0,0,0
2025-11-20 12:00:00+00:00,321,8.000000000038199,6.750530756947924,0,0,0
2025-11-20 12:15:00+00:00,321,7.000000000061846,6.76261445007064,0,0,0
2025-11-20 12:30:00+00:00,321,6.999999999834472,6.6806476499280105,0,0,0
2025-11-20 12:45:00+00:00,321,6.0000000000854925,6.438863025815214,0,0,0
2025-11-20 13:00:00+00:00,321,7.000000000061846,6.038230607569494,0,0,0
2025-11-20 13:15:00+00:00,321,5.999999999858119,5.984515241387297,0,0,0
2025-11-20 13:30:00+00:00,321,7.000000000061846,5.830771136799484,0,0,0
2025-11-20 13:45:00+00:00,321,6.0000000000854925,5.69102395991971,0,0,0
2025-11-20 14:00:00+00:00,321,6.999999999834472,5.516526178014148,0,0,0
2025-11-20 14:15:00+00:00,321,7.000000000061846,5.398194940868512,0,0,0
2025-11-20 14:30:00+00:00,321,8.000000000038199,6.317579298210454,0,0,0
2025-11-20 14:45:00+00:00,321,7.000000000061846,7.259908048485332,0,0,0
2025-11-20 15:00:00+00:00,321,6.999999999834472,7.0800028477992685,0,0,0
2025-11-20 15:15:00+00:00,321,7.000000000061846,6.750881502199809,0,0,0
2025-11-20 15:30:00+00:00,321,7.000000000061846,6.90968199187442,0,0,0
2025-11-20 15:45:00+00:00,321,8.000000000038199,6.958044454779904,0,0,0
2025-11-20 16:00:00+00:00,321,7.999999999810825,7.219490427041956,0,0,0
2025-11-20 16:15:00+00:00,321,8.000000000038199,7.423121986432223,0,0,0
2025-11-20 16:30:00+00:00,321,8.000000000038199,8.100456641629721,0,0,0
2025-11-20 16:45:00+00:00,321,8.000000000038199,8.053701953423257,0,0,0
2025-11-20 17:00:00+00:00,321,7.000000000061846,8.608976395639289,0,0,0
2025-11-20 17:15:00+00:00,321,8.000000000038199,8.310601217292657,0,0,0
2025-11-20 17:30:00+00:00,321,7.999999999810825,8.342191942191473,0,0,0
2025-11-20 17:45:00+00:00,321,8.000000000038199,7.967626299569195,0,0,0
2025-11-20 18:00:00+00:00,321,9.000000000014552,7.786779336344146,0,0,0
2025-11-20 18:15:00+00:00,321,9.000000000014552,9.10880366699194,0,0,0
2025-11-20 18:30:00+00:00,321,13.999999999896318,10.512973054826496,0,0,0
2025-11-20 18:45:00+00:00,321,19.000000000005457,13.111083318263344,0,0,0
2025-11-20 19:00:00+00:00,321,18.000000000029104,16.833210391544277,0,0,0
2025-11-20 19:15:00+00:00,321,16.000000000076398,17.109927627470643,0,0,0
2025-11-20 19:30:00+00:00,321,15.000000000100044,16.46091968954833,0,0,0
2025-11-20 19:45:00+00:00,321,14.99999999987267,14.93324182235919,0,0,0
2025-11-20 20:00:00+00:00,321,14.000000000123691,14.679836454243148,0,0,0
2025-11-20 20:15:00+00:00,321,13.999999999896318,14.411369808107011,0,0,0
2025-11-20 20:30:00+00:00,321,13.999999999896318,14.333320913191647,0,0,0
2025-11-20 20:45:00+00:00,321,14.000000000123691,14.001940491265906,0,0,0
2025-11-20 21:00:00+00:00,321,13.999999999896318,13.292765320554352,0,0,0
2025-11-20 21:15:00+00:00,321,11.000000000194632,12.580963598639126,0,0,0
2025-11-20 21:30:00+00:00,321,11.999999999943611,11.525639207986188,0,0,0
2025-11-20 21:45:00+00:00,321,9.000000000014552,11.222884329060095,0,0,0
2025-11-20 22:00:00+00:00,321,10.999999999967258,10.390161450906575,0,0,0
2025-11-20 22:15:00+00:00,321,10.999999999967258,10.800601467881403,0,0,0
2025-11-20 22:30:00+00:00,321,11.999999999943611,10.996719406328946,0,0,0
2025-11-20 22:45:00+00:00,321,10.999999999967258,11.297818052330427,0,0,0
2025-11-20 23:00:00+00:00,321,12.000000000170983,11.209902139671245,0,0,0
2025-11-20 23:15:00+00:00,321,11.999999999943611,11.05569825882397,0,0,0
2025-11-20 23:30:00+00:00,321,11.999999999943611,11.427500917262195,0,0,0
2025-11-20 23:45:00+00:00,321,10.999999999967258,11.305629633672163,0,0,0
2025-11-21 00:00:00+00:00,321,12.000000000170983,11.397646035230029,0,0,0
2025-11-21 00:15:00+00:00,321,10.999999999967258,11.342855934830297,0,0,0
2025-11-21 00:30:00+00:00,321,10.999999999967258,11.5603202985336,0,0,0
2025-11-21 00:45:00+00:00,321,11.999999999943611,11.52855477789248,0,0,0
2025-11-21 01:00:00+00:00,321,10.999999999967258,11.712073000803144,0,0,0
2025-11-21 01:15:00+00:00,321,11.999999999943611,11.443705001769104,0,0,0
2025-11-21 01:30:00+00:00,321,12.000000000170983,11.35833141530245,0,0,0
2025-11-21 01:45:00+00:00,321,11.999999999943611,11.439322993655091,0,0,0
2025-11-21 02:00:00+00:00,321,11.999999999943611,11.707595806888868,0,0,0
2025-11-21 02:15:00+00:00,321,10.999999999967258,11.785580667720415,0,0,0
2025-11-21 02:30:00+00:00,321,12.000000000170983,11.590874363534985,0,0,0
2025-11-21 02:45:00+00:00,321,10.999999999967258,11.586290446147684,0,0,0
2025-11-21 03:00:00+00:00,321,11.999999999943611,11.263212533539589,0,0,0
2025-11-21 03:15:00+00:00,321,10.999999999967258,11.534023057896787,0,0,0
2025-11-21 03:30:00+00:00,321,10.999999999967258,11.210539019207562,0,0,0
2025-11-21 03:45:00+00:00,321,12.000000000170983,11.01227738116133,0,0,0
2025-11-21 04:00:00+00:00,321,10.999999999967258,11.259215883695738,0,0,0
2025-11-21 04:15:00+00:00,321,11.999999999943611,11.584234432861962,0,0,0
2025-11-21 04:30:00+00:00,321,11.999999999943611,11.929522365531865,0,0,0
2025-11-21 04:45:00+00:00,321,11.999999999943611,11.76318777554538,0,0,0
2025-11-21 05:00:00+00:00,321,12.000000000170983,11.996128773488111,0,0,0
2025-11-21 05:15:00+00:00,321,15.999999999849024,12.736308555322305,0,0,0
2025-11-21 05:30:00+00:00,321,15.000000000100044,15.036817818254676,0,0,0
2025-11-21 05:45:00+00:00,321,12.999999999919964,14.178654948550363,0,0,0
2025-11-21 06:00:00+00:00,321,12.000000000170983,14.107788254927712,0,0,0
2025-11-21 06:15:00+00:00,321,16.999999999825377,15.161274694310084,0,0,0
2025-11-21 06:30:00+00:00,321,19.000000000005457,17.268017973386915,0,0,0
2025-11-21 06:45:00+00:00,321,19.000000000005457,17.70616455772611,0,0,0
2025-11-21 07:00:00+00:00,321,23.000000000138243,18.063936252321657,0,0,0
2025-11-21 07:15:00+00:00,321,17.99999999980173,19.279304316889032,0,0,0
2025-11-21 07:30:00+00:00,321,19.000000000005457,18.930620847126047,0,0,0
2025-11-21 07:45:00+00:00,321,18.000000000029104,18.59791936166935,0,0,0
2025-11-21 08:00:00+00:00,321,19.99999999998181,18.056487530788203,0,0,0
2025-11-21 08:15:00+00:00,321,14.000000000123691,17.39811331011983,0,0,0
2025-11-21 08:30:00+00:00,321,9.999999999990903,11.38652025738816,0,0,0
2025-11-21 08:45:00+00:00,321,9.999999999990903,9.76538089512804,0,0,0
2025-11-21 09:00:00+00:00,321,10.999999999967258,10.009049044318807,0,0,0
2025-11-21 09:15:00+00:00,321,9.999999999990903,9.761664033848607,0,0,0
2025-11-21 09:30:00+00:00,321,10.999999999967258,9.804972996085484,0,0,0
2025-11-21 09:45:00+00:00,321,10.999999999967258,9.816470286990205,0,0,0
2025-11-21 10:00:00+00:00,321,9.999999999990903,10.10062586054454,0,0,0
2025-11-21 10:15:00+00:00,321,9.000000000014552,9.79511578536351,0,0,0
2025-11-21 10:30:00+00:00,321,9.999999999990903,9.438545739385852,0,0,0
2025-11-21 10:45:00+00:00,321,9.999999999990903,9.50395453690968,0,0,0
2025-11-21 11:00:00+00:00,321,10.00000000021828,9.418947271553137,0,0,0
2025-11-21 11:15:00+00:00,321,7.999999999810825,9.164428518015814,0,0,0
2025-11-21 11:30:00+00:00,321,8.000000000038199,8.820465398620511,0,0,0
2025-11-21 11:45:00+00:00,321,8.000000000038199,8.329352819944837,0,0,0
2025-11-21 12:00:00+00:00,321,8.000000000038199,7.991782725025503,0,0,0
2025-11-21 12:15:00+00:00,321,9.000000000014552,7.917703654864824,0,0,0
2025-11-21 12:30:00+00:00,321,9.000000000014552,7.887971072163907,0,0,0
2025-11-21 12:45:00+00:00,321,6.999999999834472,7.456009257307373,0,0,0
2025-11-21 13:00:00+00:00,321,7.000000000061846,6.940736791873561,0,0,0
2025-11-21 13:15:00+00:00,321,7.000000000061846,6.591444132988881,0,0,0
2025-11-21 13:30:00+00:00,321,7.000000000061846,6.601247981974344,0,0,0
2025-11-21 13:45:00+00:00,321,6.999999999834472,6.745759063936465,0,0,0
2025-11-21 14:00:00+00:00,321,8.000000000038199,7.036623505758559,0,0,0
2025-11-21 14:15:00+00:00,321,8.000000000038199,8.70275806112934,0,0,0
2025-11-21 14:30:00+00:00,321,9.000000000014552,8.54751578973372,0,0,0
2025-11-21 14:45:00+00:00,321,9.000000000014552,7.997534543337872,0,0,0
2025-11-21 15:00:00+00:00,321,9.999999999990903,7.807221208055575,0,0,0
2025-11-21 15:15:00+00:00,321,9.000000000014552,7.815461413940322,0,0,0
2025-11-21 15:30:00+00:00,321,8.000000000038199,7.754401742163143,0,0,0
2025-11-21 15:45:00+00:00,321,8.000000000038199,7.504739771973881,0,0,0
2025-11-21 16:00:00+00:00,321,7.999999999810825,7.389020375499149,0,0,0
2025-11-21 16:15:00+00:00,321,7.000000000061846,7.71546555790207,0,0,0
2025-11-21 16:30:00+00:00,321,8.000000000038199,7.971312874457634,0,0,0
2025-11-21 16:45:00+00:00,321,7.000000000061846,8.03363159477468,0,0,0
2025-11-21 17:00:00+00:00,321,7.999999999810825,8.275659663782701,0,0,0
2025-11-21 17:15:00+00:00,321,9.000000000014552,8.317621314283102,0,0,0
2025-11-21 17:30:00+00:00,321,8.000000000038199,8.70271479485649,0,0,0
2025-11-21 17:45:00+00:00,321,7.000000000061846,8.359090594598495,0,0,0
2025-11-21 18:00:00+00:00,321,9.000000000014552,8.033831484955236,0,0,0
2025-11-21 18:15:00+00:00,321,10.999999999967258,9.11874452584142,0,0,0
2025-11-21 18:30:00+00:00,321,14.000000000123691,15.255340186550017,0,0,0
2025-11-21 18:45:00+00:00,321,16.999999999825377,13.417719470305688,0,0,0
2025-11-21 19:00:00+00:00,321,15.000000000100044,15.957603714395065,0,0,0
2025-11-21 19:15:00+00:00,321,14.99999999987267,15.312374364301448,0,0,0
2025-11-21 19:30:00+00:00,321,14.000000000123691,14.840863137876678,0,0,0
2025-11-21 19:45:00+00:00,321,13.999999999896318,13.958206942671485,0,0,0
2025-11-21 20:00:00+00:00,321,13.000000000147338,13.409487340791872,0,0,0
2025-11-21 20:15:00+00:00,321,12.999999999919964,13.126522455066304,0,0,0
2025-11-21 20:30:00+00:00,321,16.000000000076398,13.276034541285975,0,0,0
2025-11-21 20:45:00+00:00,321,16.999999999825377,13.84047422230024,0,0,0
2025-11-21 21:00:00+00:00,321,14.000000000123691,13.927707104732068,0,0,0
2025-11-21 21:15:00+00:00,321,12.999999999919964,13.49391656874317,0,0,0
2025-11-21 21:30:00+00:00,321,10.999999999967258,13.08272429550443,0,0,0
2025-11-21 21:45:00+00:00,321,8.000000000038199,12.5710873507571,0,0,0
2025-11-21 22:00:00+00:00,321,11.999999999943611,11.214567974535136,0,0,0
2025-11-21 22:15:00+00:00,321,13.000000000147338,12.13877767506687,0,0,0
2025-11-21 22:30:00+00:00,321,11.999999999943611,13.097205228584729,0,0,0
2025-11-21 22:45:00+00:00,321,11.999999999943611,12.711874071952494,0,0,0
2025-11-21 23:00:00+00:00,321,12.000000000170983,12.36577734842216,0,0,0
2025-11-21 23:15:00+00:00,321,11.999999999943611,12.125173605116288,0,0,0
2025-11-21 23:30:00+00:00,321,11.999999999943611,12.079658062964178,0,0,0
2025-11-21 23:45:00+00:00,321,11.999999999943611,12.081908486035896,0,0,0
2025-11-22 00:00:00+00:00,321,13.000000000147338,12.613502143355124,0,0,0
2025-11-22 00:15:00+00:00,321,11.999999999943611,12.408792100003671,0,0,0
2025-11-22 00:30:00+00:00,321,11.999999999943611,12.488647217589516,0,0,0
2025-11-22 00:45:00+00:00,321,13.000000000147338,12.49324728771868,0,0,0
2025-11-22 01:00:00+00:00,321,11.999999999943611,12.464618860300838,0,0,0
2025-11-22 01:15:00+00:00,321,12.999999999919964,12.574328859918849,0,0,0
2025-11-22 01:30:00+00:00,321,14.000000000123691,12.685958728284016,0,0,0
2025-11-22 01:45:00+00:00,321,12.999999999919964,12.887581867288697,0,0,0
2025-11-22 02:00:00+00:00,321,12.999999999919964,12.989349909862788,0,0,0
2025-11-22 02:15:00+00:00,321,13.000000000147338,13.020952749318,0,0,0
2025-11-22 02:30:00+00:00,321,12.999999999919964,13.09314223712251,0,0,0
2025-11-22 02:45:00+00:00,321,11.999999999943611,13.207704981903117,0,0,0
2025-11-22 03:00:00+00:00,321,14.000000000123691,13.050005186209749,0,0,0
2025-11-22 03:15:00+00:00,321,12.999999999919964,13.195140456268152,0,0,0
2025-11-22 03:30:00+00:00,321,14.000000000123691,13.39452297922296,0,0,0
2025-11-22 03:45:00+00:00,321,13.999999999896318,13.32785138341562,0,0,0
2025-11-22 04:00:00+00:00,321,12.999999999919964,13.208480313512544,0,0,0
2025-11-22 04:15:00+00:00,321,12.000000000170983,13.062896227983805,0,0,0
2025-11-22 04:30:00+00:00,321,12.999999999919964,12.618024911076798,0,0,0
2025-11-22 04:45:00+00:00,321,11.999999999943611,12.676131515511216,0,0,0
2025-11-22 05:00:00+00:00,321,11.999999999943611,12.855890187753236,0,0,0
2025-11-22 05:15:00+00:00,321,18.000000000029104,12.919605254915986,0,0,0
2025-11-22 05:30:00+00:00,321,16.000000000076398,15.723337037852277,0,0,0
2025-11-22 05:45:00+00:00,321,16.000000000076398,15.01444742454152,0,0,0
2025-11-22 06:00:00+00:00,321,13.999999999896318,14.716998144433829,0,0,0
2025-11-22 06:15:00+00:00,321,16.000000000076398,15.152404531492676,0,0,0
2025-11-22 06:30:00+00:00,321,16.999999999825377,16.158941872882583,0,0,0
2025-11-22 06:45:00+00:00,321,18.000000000029104,16.057973391030718,0,0,0
2025-11-22 07:00:00+00:00,321,16.000000000076398,16.226366878721112,0,0,0
2025-11-22 07:15:00+00:00,321,16.000000000076398,15.68397049839728,0,0,0
2025-11-22 07:30:00+00:00,321,16.999999999825377,15.131036761542305,0,0,0
2025-11-22 07:45:00+00:00,321,17.00000000005275,15.630435696793764,0,0,0
2025-11-22 08:00:00+00:00,321,17.00000000005275,15.025899718522474,0,0,0
2025-11-22 08:15:00+00:00,321,10.999999999967258,11.240887713633828,0,0,0
2025-11-22 08:30:00+00:00,321,8.000000000038199,8.774816596348032,0,0,0
2025-11-22 08:45:00+00:00,321,9.000000000014552,8.616913737614102,0,0,0
2025-11-22 09:00:00+00:00,321,9.000000000014552,8.752259869219811,0,0,0
2025-11-22 09:15:00+00:00,321,9.999999999990903,9.05799175615964,0,0,0
2025-11-22 09:30:00+00:00,321,9.000000000014552,8.896552023841323,0,0,0
2025-11-22 09:45:00+00:00,321,8.000000000038199,8.531481309016375,0,0,0
2025-11-22 10:00:00+00:00,321,9.000000000014552,8.155047140290717,0,0,0
2025-11-22 10:15:00+00:00,321,9.000000000014552,7.76698213209815,0,0,0
2025-11-22 10:30:00+00:00,321,7.999999999810825,7.714821755762097,0,0,0
2025-11-22 10:45:00+00:00,321,8.000000000038199,7.711464004547299,0,0,0
2025-11-22 11:00:00+00:00,321,7.000000000061846,7.296031636569487,0,0,0
2025-11-22 11:15:00+00:00,321,8.000000000038199,7.225782208439464,0,0,0
2025-11-22 11:30:00+00:00,321,8.000000000038199,7.072822665599288,0,0,0
2025-11-22 11:45:00+00:00,321,7.999999999810825,6.938716545373394,0,0,0
2025-11-22 12:00:00+00:00,321,7.000000000061846,6.718785427234135,0,0,0
2025-11-22 12:15:00+00:00,321,7.000000000061846,6.390325767167425,0,0,0
2025-11-22 12:30:00+00:00,321,5.999999999858119,6.125970570719096,0,0,0
2025-11-22 12:45:00+00:00,321,6.0000000000854925,6.078120668925948,0,0,0
2025-11-22 13:00:00+00:00,321,6.0000000000854925,6.067836564311876,0,0,0
2025-11-22 13:15:00+00:00,321,5.999999999858119,6.138920166182403,0,0,0
2025-11-22 13:30:00+00:00,321,7.000000000061846,6.104862686847634,0,0,0
2025-11-22 13:45:00+00:00,321,7.000000000061846,6.21821484131396,0,0,0
2025-11-22 14:00:00+00:00,321,5.999999999858119,6.3843071401724965,0,0,0
2025-11-22 14:15:00+00:00,321,6.0000000000854925,6.369891106501473,0,0,0
2025-11-22 14:30:00+00:00,321,7.000000000061846,6.261448808677899,0,0,0
2025-11-22 14:45:00+00:00,321,9.000000000014552,6.277128505957895,0,0,0
2025-11-22 15:00:00+00:00,321,8.000000000038199,6.793111115150046,0,0,0
2025-11-22 15:15:00+00:00,321,6.999999999834472,6.987218037235628,0,0,0
2025-11-22 15:30:00+00:00,321,7.000000000061846,7.198665504594917,0,0,0
2025-11-22 15:45:00+00:00,321,8.000000000038199,7.237967721524281,0,0,0
2025-11-22 16:00:00+00:00,321,8.000000000038199,7.508081082004996,0,0,0
2025-11-22 16:15:00+00:00,321,9.000000000014552,7.535273357606117,0,0,0
2025-11-22 16:30:00+00:00,321,9.000000000014552,8.180171864933357,0,0,0
2025-11-22 16:45:00+00:00,321,8.999999999787178,8.795874002901172,0,0,0
2025-11-22 17:00:00+00:00,321,8.000000000038199,8.611519875599093,0,0,0
2025-11-22 17:15:00+00:00,321,8.000000000038199,8.537267451905205,0,0,0
2025-11-22 17:30:00+00:00,321,9.000000000014552,9.107165317460108,0,0,0
2025-11-22 17:45:00+00:00,321,8.000000000038199,9.081980885360938,0,0,0
2025-11-22 18:00:00+00:00,321,8.000000000038199,8.667681228406279,0,0,0
2025-11-22 18:15:00+00:00,321,10.999999999967258,8.642929459035585,0,0,0
2025-11-22 18:30:00+00:00,321,14.99999999987267,12.23366695714182,0,0,0
2025-11-22 18:45:00+00:00,321,16.000000000076398,15.599612804017088,0,0,0
2025-11-22 19:00:00+00:00,321,15.000000000100044,15.870691579265944,0,0,0
2025-11-22 19:15:00+00:00,321,13.999999999896318,15.799604516093591,0,0,0
2025-11-22 19:30:00+00:00,321,15.000000000100044,15.560337412176889,0,0,0
2025-11-22 19:45:00+00:00,321,14.99999999987267,14.632296627405406,0,0,0
2025-11-22 20:00:00+00:00,321,14.000000000123691,14.476727262987062,0,0,0
2025-11-22 20:15:00+00:00,321,12.999999999919964,14.481615774935207,0,0,0
2025-11-22 20:30:00+00:00,321,17.00000000005275,14.273006575074728,0,0,0
2025-11-22 20:45:00+00:00,321,17.00000000005275,14.293200963705466,0,0,0
2025-11-22 21:00:00+00:00,321,12.999999999919964,14.444298326162276,0,0,0
2025-11-22 21:15:00+00:00,321,10.999999999967258,14.08564976843702,0,0,0
2025-11-22 21:30:00+00:00,321,12.999999999919964,13.644405895845566,0,0,0
2025-11-22 21:45:00+00:00,321,11.000000000194632,13.673637743548724,0,0,0
2025-11-22 22:00:00+00:00,321,12.999999999919964,13.173561546906289,0,0,0
2025-11-22 22:15:00+00:00,321,15.000000000100044,13.30693819777197,0,0,0
2025-11-22 22:30:00+00:00,321,13.999999999896318,14.078995992556685,0,0,0
2025-11-22 22:45:00+00:00,321,15.000000000100044,13.795214239599757,0,0,0
2025-11-22 23:00:00+00:00,321,13.999999999896318,13.635623419341126,0,0,0
2025-11-22 23:15:00+00:00,321,13.999999999896318,13.841949890646166,0,0,0
2025-11-22 23:30:00+00:00,321,14.000000000123691,14.289829655725176,0,0,0
2025-11-22 23:45:00+00:00,321,13.999999999896318,14.170693954346394,0,0,0
2025-11-23 00:00:00+00:00,321,14.000000000123691,14.279948792774045,0,0,0
2025-11-23 00:15:00+00:00,321,13.999999999896318,14.315150232362909,0,0,0
2025-11-23 00:30:00+00:00,321,14.000000000123691,13.861802764163226,0,0,0
2025-11-23 00:45:00+00:00,321,12.999999999919964,13.732455068625118,0,0,0
2025-11-23 01:00:00+00:00,321,15.000000000100044,13.581741333787557,0,0,0
2025-11-23 01:15:00+00:00,321,15.999999999849024,13.73234661450118,0,0,0
2025-11-23 01:30:00+00:00,321,14.000000000123691,14.13508061984002,0,0,0
2025-11-23 01:45:00+00:00,321,13.999999999896318,14.185164503521204,0,0,0
2025-11-23 02:00:00+00:00,321,14.000000000123691,14.082986873564153,0,0,0
2025-11-23 02:15:00+00:00,321,13.999999999896318,14.094838371022586,0,0,0
2025-11-23 03:15:00+00:00,321,13.999999999896318,14.082506906377365,0,0,0
2025-11-23 03:30:00+00:00,321,14.000000000123691,14.183177716272038,0,0,0
2025-11-23 03:45:00+00:00,321,14.99999999987267,14.100591054660413,0,0,0
2025-11-23 04:00:00+00:00,321,15.000000000100044,14.03872605332463,0,0,0
2025-11-23 04:15:00+00:00,321,13.999999999896318,14.132448876683608,0,0,0
2025-11-23 04:30:00+00:00,321,15.000000000100044,14.134320287205178,0,0,0
2025-11-23 04:45:00+00:00,321,14.99999999987267,14.25572314128118,0,0,0
2025-11-23 05:00:00+00:00,321,14.000000000123691,14.411955921883187,0,0,0
2025-11-23 05:15:00+00:00,321,18.000000000029104,14.618348734806595,0,0,0
2025-11-23 05:30:00+00:00,321,16.999999999825377,15.652464575393246,0,0,0
2025-11-23 05:45:00+00:00,321,16.000000000076398,15.972896899637618,0,0,0
2025-11-23 06:00:00+00:00,321,14.000000000123691,15.640121573075264,0,0,0
2025-11-23 06:15:00+00:00,321,16.999999999825377,15.584714207182902,0,0,0
2025-11-23 06:30:00+00:00,321,18.000000000029104,16.598107233726438,0,0,0
2025-11-23 06:45:00+00:00,321,18.000000000029104,16.902199905808978,0,0,0
2025-11-23 07:00:00+00:00,321,19.000000000005457,16.86167498400894,0,0,0
2025-11-23 07:15:00+00:00,321,18.000000000029104,16.90991053251407,0,0,0
2025-11-23 07:30:00+00:00,321,19.000000000005457,16.955230511112905,0,0,0
2025-11-23 07:45:00+00:00,321,16.000000000076398,17.295843378780706,0,0,0
2025-11-23 08:00:00+00:00,321,14.99999999987267,14.676280543498706,0,0,0
2025-11-23 08:15:00+00:00,321,9.999999999990903,9.769169289978583,0,0,0
2025-11-23 08:30:00+00:00,321,9.000000000014552,8.48006078594602,0,0,0
2025-11-23 08:45:00+00:00,321,9.000000000014552,8.870801092009668,0,0,0
2025-11-23 09:00:00+00:00,321,9.999999999990903,8.857845727709982,0,0,0
2025-11-23 09:15:00+00:00,321,8.000000000038199,8.683839739105787,0,0,0
2025-11-23 09:30:00+00:00,321,8.000000000038199,7.724813668813537,0,0,0
2025-11-23 09:45:00+00:00,321,8.000000000038199,7.276245969996249,0,0,0
2025-11-23 10:00:00+00:00,321,7.999999999810825,7.425178865043401,0,0,0
2025-11-23 10:15:00+00:00,321,9.000000000014552,7.183859497584626,0,0,0
2025-11-23 10:30:00+00:00,321,7.000000000061846,6.904751367420699,0,0,0
2025-11-23 10:45:00+00:00,321,7.000000000061846,6.818262664881852,0,0,0
2025-11-23 11:00:00+00:00,321,6.999999999834472,6.941493663206575,0,0,0
2025-11-23 11:15:00+00:00,321,7.000000000061846,6.9049221249775385,0,0,0
2025-11-23 11:30:00+00:00,321,7.000000000061846,6.857724967020752,0,0,0
2025-11-23 11:45:00+00:00,321,8.000000000038199,6.791384790863424,0,0,0
2025-11-23 12:00:00+00:00,321,8.000000000038199,6.809800647238305,0,0,0
2025-11-23 12:15:00+00:00,321,6.999999999834472,6.885298851148388,0,0,0
2025-11-23 12:30:00+00:00,321,7.000000000061846,6.75791659816484,0,0,0
2025-11-23 12:45:00+00:00,321,6.0000000000854925,6.689315326588494,0,0,0
2025-11-23 13:00:00+00:00,321,6.999999999834472,6.660408841257149,0,0,0
2025-11-23 13:15:00+00:00,321,6.0000000000854925,6.516163991093951,0,0,0
2025-11-23 13:30:00+00:00,321,7.000000000061846,6.294104172330586,0,0,0
2025-11-23 13:45:00+00:00,321,6.999999999834472,6.1384324110665,0,0,0
2025-11-23 14:00:00+00:00,321,6.0000000000854925,6.424733414870442,0,0,0
2025-11-23 14:15:00+00:00,321,7.000000000061846,6.734682609645644,0,0,0
2025-11-23 14:30:00+00:00,321,7.000000000061846,6.75516169035172,0,0,0
2025-11-23 14:45:00+00:00,321,6.999999999834472,6.624907133734724,0,0,0
2025-11-23 15:00:00+00:00,321,6.0000000000854925,6.667376153394718,0,0,0
2025-11-23 15:15:00+00:00,321,7.000000000061846,6.68717191543162,0,0,0
2025-11-23 15:30:00+00:00,321,6.999999999834472,6.8406572877078045,0,0,0
2025-11-23 15:45:00+00:00,321,7.000000000061846,6.907670687070641,0,0,0
2025-11-23 16:00:00+00:00,321,8.000000000038199,6.868090123785958,0,0,0
2025-11-23 16:15:00+00:00,321,8.000000000038199,7.0651613624452425,0,0,0
2025-11-23 16:30:00+00:00,321,8.000000000038199,7.221339339101647,0,0,0
2025-11-23 16:45:00+00:00,321,7.999999999810825,7.23835134914353,0,0,0
2025-11-23 17:00:00+00:00,321,7.000000000061846,7.317225476103007,0,0,0
2025-11-23 17:15:00+00:00,321,7.000000000061846,7.320866477184047,0,0,0
2025-11-23 17:30:00+00:00,321,8.000000000038199,7.365501406462796,0,0,0
2025-11-23 17:45:00+00:00,321,8.000000000038199,7.388430223537507,0,0,0
2025-11-23 18:00:00+00:00,321,7.999999999810825,8.436159941096587,0,0,0
2025-11-23 18:15:00+00:00,321,11.000000000194632,8.89112181815712,0,0,0
2025-11-23 18:30:00+00:00,321,14.99999999987267,10.94305480590689,0,0,0
2025-11-23 18:45:00+00:00,321,15.000000000100044,14.306940024427334,0,0,0
2025-11-23 19:00:00+00:00,321,14.99999999987267,14.719117614919725,0,0,0
2025-11-23 19:15:00+00:00,321,15.000000000100044,15.10282022904197,0,0,0
2025-11-23 19:30:00+00:00,321,13.999999999896318,15.860939938249718,0,0,0
2025-11-23 19:45:00+00:00,321,15.000000000100044,14.2510423074427,0,0,0
2025-11-23 20:00:00+00:00,321,13.999999999896318,13.8037901917618,0,0,0
2025-11-23 20:15:00+00:00,321,9.000000000014552,13.84368631039645,0,0,0
2025-11-23 20:30:00+00:00,321,11.999999999943611,12.923505565192292,0,0,0
2025-11-23 20:45:00+00:00,321,11.000000000194632,11.95328997141618,0,0,0
2025-11-23 21:00:00+00:00,321,12.999999999919964,11.388794332689034,0,0,0
2025-11-23 21:15:00+00:00,321,12.999999999919964,11.323037097447877,0,0,0
2025-11-23 21:30:00+00:00,321,13.000000000147338,11.551749538324298,0,0,0
2025-11-23 21:45:00+00:00,321,11.999999999943611,11.7967583650897,0,0,0
2025-11-23 22:00:00+00:00,321,12.999999999919964,11.405357815702398,0,0,0
2025-11-23 22:15:00+00:00,321,11.999999999943611,11.1643237172026,0,0,0
2025-11-23 22:30:00+00:00,321,12.000000000170983,11.849455531650884,0,0,0
2025-11-23 22:45:00+00:00,321,9.999999999990903,11.6711073399037,0,0,0
2025-11-23 23:00:00+00:00,321,10.999999999967258,11.19243006492808,0,0,0
2025-11-23 23:15:00+00:00,321,10.999999999967258,10.794444965697,0,0,0
2025-11-23 23:30:00+00:00,321,9.999999999990903,10.767074721493564,0,0,0
2025-11-23 23:45:00+00:00,321,9.999999999990903,10.556812750010302,0,0,0
2025-11-24 00:00:00+00:00,321,9.999999999990903,10.310634580110737,0,0,0
2025-11-24 00:15:00+00:00,321,9.000000000014552,10.17760232877692,0,0,0
2025-11-24 00:30:00+00:00,321,9.000000000014552,9.721178340135952,0,0,0
2025-11-24 00:45:00+00:00,321,9.000000000014552,9.27649104910946,0,0,0
2025-11-24 01:00:00+00:00,321,7.000000000061846,9.258282293960612,0,0,0
2025-11-24 01:15:00+00:00,321,5.999999999858119,8.508967848161003,0,0,0
2025-11-24 01:30:00+00:00,321,5.000000000109139,7.3065199579914,0,0,0
2025-11-24 01:45:00+00:00,321,5.999999999858119,6.661835186052027,0,0,0
2025-11-24 02:00:00+00:00,321,6.0000000000854925,6.794525056946708,0,0,0
2025-11-24 02:15:00+00:00,321,5.000000000109139,6.591190304188175,0,0,0
2025-11-24 02:30:00+00:00,321,4.999999999881766,5.9087161926600125,0,0,0
2025-11-24 02:45:00+00:00,321,5.000000000109139,5.369407582008408,0,0,0
2025-11-24 03:00:00+00:00,321,3.999999999905413,5.182132764957746,0,0,0
2025-11-24 03:15:00+00:00,321,5.000000000109139,5.0465202573322046,0,0,0
2025-11-24 03:30:00+00:00,321,3.999999999905413,4.992016723879633,0,0,0
2025-11-24 03:45:00+00:00,321,5.000000000109139,4.976581048378499,0,0,0
2025-11-24 04:00:00+00:00,321,3.999999999905413,4.961721968073515,0,0,0
2025-11-24 04:15:00+00:00,321,3.999999999905413,4.817544324854141,0,0,0
2025-11-24 04:30:00+00:00,321,3.000000000156433,4.617339959046592,0,0,0
2025-11-24 04:45:00+00:00,321,3.999999999905413,4.051697295371028,0,0,0
2025-11-24 05:00:00+00:00,321,2.9999999999290594,4.237224046832962,0,0,0
2025-11-24 05:15:00+00:00,321,21.000000000185537,5.306127485108687,0,0,0
2025-11-24 05:30:00+00:00,321,17.99999999980173,21.068604682733444,0,0,0
2025-11-24 05:45:00+00:00,321,14.000000000123691,13.229591947127656,0,0,0
2025-11-24 06:00:00+00:00,321,10.999999999967258,11.836580642618694,0,0,0
2025-11-24 06:15:00+00:00,321,9.999999999990903,10.282181525318832,0,0,0
2025-11-24 06:30:00+00:00,321,10.999999999967258,10.933148560075686,0,0,0
2025-11-24 06:45:00+00:00,321,8.000000000038199,11.348615541071776,0,0,0
2025-11-24 07:00:00+00:00,321,9.000000000014552,10.48660831880404,0,0,0
2025-11-24 07:15:00+00:00,321,12.999999999919964,10.44553305001338,0,0,0
2025-11-24 07:30:00+00:00,321,9.999999999990903,10.68533954013158,0,0,0
2025-11-24 07:45:00+00:00,321,9.000000000014552,10.317393925696816,0,0,0
2025-11-24 08:00:00+00:00,321,9.000000000014552,10.114701244427344,0,0,0
2025-11-24 08:15:00+00:00,321,9.999999999990903,9.370172336846505,0,0,0
2025-11-24 08:30:00+00:00,321,8.000000000038199,9.07749561507573,0,0,0
2025-11-24 08:45:00+00:00,321,9.000000000014552,8.270205228985706,0,0,0
2025-11-24 09:00:00+00:00,321,9.000000000014552,8.860167684352806,0,0,0
2025-11-24 09:15:00+00:00,321,9.999999999990903,9.495497999660694,0,0,0
2025-11-24 09:30:00+00:00,321,8.000000000038199,8.721797528716865,0,0,0
2025-11-24 09:45:00+00:00,321,9.000000000014552,8.309312459245435,0,0,0
2025-11-24 10:00:00+00:00,321,8.000000000038199,8.524341220229235,0,0,0
2025-11-24 10:15:00+00:00,321,9.000000000014552,8.629324812201364,0,0,0
2025-11-24 10:30:00+00:00,321,7.999999999810825,8.373697865195505,0,0,0
2025-11-24 10:45:00+00:00,321,9.000000000014552,8.24531183468189,0,0,0
2025-11-24 11:00:00+00:00,321,9.000000000014552,8.405497998854901,0,0,0
2025-11-24 11:15:00+00:00,321,8.000000000038199,8.405841821503131,0,0,0
2025-11-24 11:30:00+00:00,321,8.000000000038199,8.014132927811332,0,0,0
2025-11-24 11:45:00+00:00,321,8.000000000038199,8.019238636449176,0,0,0
2025-11-24 12:00:00+00:00,321,8.000000000038199,8.115920295987296,0,0,0
2025-11-24 12:15:00+00:00,321,9.999999999990903,8.275320456203575,0,0,0
2025-11-24 12:30:00+00:00,321,9.999999999990903,8.314684688124022,0,0,0
2025-11-24 12:45:00+00:00,321,9.000000000014552,8.523164377607777,0,0,0
2025-11-24 13:00:00+00:00,321,7.999999999810825,8.618048467729988,0,0,0
2025-11-24 13:15:00+00:00,321,8.000000000038199,8.416915102933945,0,0,0
2025-11-24 13:30:00+00:00,321,8.000000000038199,8.280013116156633,0,0,0
2025-11-24 13:45:00+00:00,321,8.000000000038199,8.244617266781777,0,0,0
2025-11-24 14:00:00+00:00,321,8.000000000038199,8.253180527503787,0,0,0
2025-11-24 14:15:00+00:00,321,8.000000000038199,8.244468719244999,0,0,0
2025-11-24 14:30:00+00:00,321,7.999999999810825,8.017107051406882,0,0,0
2025-11-24 14:45:00+00:00,321,8.000000000038199,7.881969174794479,0,0,0
2025-11-24 15:00:00+00:00,321,9.000000000014552,7.886934989150115,0,0,0
2025-11-24 15:15:00+00:00,321,9.000000000014552,8.023672275648785,0,0,0
2025-11-24 15:30:00+00:00,321,9.000000000014552,8.132958554234708,0,0,0
2025-11-24 15:45:00+00:00,321,8.000000000038199,8.09615683943412,0,0,0
2025-11-24 16:00:00+00:00,321,8.000000000038199,8.03064708727365,0,0,0
2025-11-24 16:15:00+00:00,321,8.000000000038199,7.984433804361418,0,0,0
2025-11-24 16:30:00+00:00,321,7.999999999810825,7.987040453079581,0,0,0
2025-11-24 16:45:00+00:00,321,8.000000000038199,7.876542141970287,0,0,0
2025-11-24 17:00:00+00:00,321,8.000000000038199,7.87471774746521,0,0,0
2025-11-24 17:15:00+00:00,321,8.000000000038199,7.8189922302465105,0,0,0
2025-11-24 17:30:00+00:00,321,9.000000000014552,7.9610480954454355,0,0,0
2025-11-24 17:45:00+00:00,321,9.000000000014552,7.774638243299453,0,0,0
2025-11-24 18:00:00+00:00,321,7.000000000061846,7.980250532660687,0,0,0
2025-11-24 18:15:00+00:00,321,10.999999999967258,7.646651993146952,0,0,0
2025-11-24 18:30:00+00:00,321,13.999999999896318,8.899587585544314,0,0,0
2025-11-24 18:45:00+00:00,321,8.000000000038199,10.984523509338644,0,0,0
2025-11-24 19:00:00+00:00,321,6.0000000000854925,9.385994524385078,0,0,0
2025-11-24 19:15:00+00:00,321,5.999999999858119,7.472436307340356,0,0,0
2025-11-24 19:45:00+00:00,321,8.000000000038199,7.193692479193806,0,0,0
2025-11-24 20:00:00+00:00,321,6.999999999834472,6.962342237882772,0,0,0
2025-11-24 20:15:00+00:00,321,7.000000000061846,5.645418712361899,0,0,0
2025-11-24 20:30:00+00:00,321,7.000000000061846,7.1932926988326935,0,0,0
2025-11-24 20:45:00+00:00,321,6.0000000000854925,7.527182853025423,0,0,0
2025-11-24 21:00:00+00:00,321,5.999999999858119,4.810765221003459,0,0,0
2025-11-24 21:15:00+00:00,321,4.000000000132786,4.204356750553777,0,0,0
2025-11-24 21:30:00+00:00,321,4.999999999881766,4.77973248680347,0,0,0
2025-11-24 21:45:00+00:00,321,1.9999999999527065,5.092798872316436,0,0,0
2025-11-24 22:00:00+00:00,321,2.00000000018008,4.211603274372123,0,0,0
2025-11-24 22:15:00+00:00,321,1.9999999999527065,3.907991218470465,0,0,0
2025-11-24 22:30:00+00:00,321,1.9999999999527065,3.937856051745386,0,0,0
2025-11-24 22:45:00+00:00,321,2.9999999999290594,3.9712993302818553,0,0,0
2025-11-24 23:00:00+00:00,321,1.9999999999527065,3.902779795905964,0,0,0
2025-11-24 23:15:00+00:00,321,4.000000000132786,3.1043975748429986,0,0,0
2025-11-24 23:30:00+00:00,321,3.999999999905413,4.97733907347879,0,0,0
2025-11-24 23:45:00+00:00,321,6.0000000000854925,4.901448877136707,0,0,0
2025-11-25 00:00:00+00:00,321,6.0000000000854925,7.638462553022345,0,0,0
2025-11-25 00:15:00+00:00,321,6.999999999834472,8.332508950328165,0,0,0
2025-11-25 00:30:00+00:00,321,7.000000000061846,7.661079564490734,0,0,0
2025-11-25 00:45:00+00:00,321,8.000000000038199,8.000984595934746,0,0,0
2025-11-25 01:00:00+00:00,321,7.000000000061846,7.87397933640861,0,0,0
2025-11-25 01:15:00+00:00,321,7.999999999810825,7.98571419759589,0,0,0
2025-11-25 01:30:00+00:00,321,8.000000000038199,8.147479292286022,0,0,0
2025-11-25 01:45:00+00:00,321,7.000000000061846,8.377077249546726,0,0,0
2025-11-25 02:00:00+00:00,321,7.000000000061846,7.921651269599446,0,0,0
2025-11-25 02:15:00+00:00,321,5.999999999858119,7.769717425867578,0,0,0
2025-11-25 02:30:00+00:00,321,7.000000000061846,7.428537481583656,0,0,0
2025-11-25 02:45:00+00:00,321,6.0000000000854925,7.462629573936704,0,0,0
2025-11-25 03:00:00+00:00,321,5.999999999858119,7.154512273153873,0,0,0
2025-11-25 03:15:00+00:00,321,6.0000000000854925,6.996355297177417,0,0,0
2025-11-25 03:30:00+00:00,321,4.999999999881766,6.836763900035152,0,0,0
2025-11-25 03:45:00+00:00,321,5.000000000109139,6.448310072270592,0,0,0
2025-11-25 04:00:00+00:00,321,6.0000000000854925,6.140827055047708,0,0,0
2025-11-25 04:15:00+00:00,321,5.999999999858119,6.469711013030144,0,0,0
2025-11-25 04:30:00+00:00,321,7.000000000061846,7.080114763225034,0,0,0
2025-11-25 04:45:00+00:00,321,6.0000000000854925,7.028156873045909,0,0,0
2025-11-25 05:00:00+00:00,321,5.999999999858119,7.101193802914599,0,0,0
2025-11-25 05:15:00+00:00,321,23.000000000138243,9.529306842147498,0,0,0
2025-11-25 05:30:00+00:00,321,20.999999999958163,18.419549248343923,0,0,0
2025-11-25 05:45:00+00:00,321,15.999999999849024,16.092851775782318,0,0,0
2025-11-25 06:00:00+00:00,321,14.000000000123691,13.949963275484908,0,0,0
2025-11-25 06:15:00+00:00,321,16.000000000076398,12.829787933786058,0,0,0
2025-11-25 06:30:00+00:00,321,16.999999999825377,15.06937713078164,0,0,0
2025-11-25 06:45:00+00:00,321,17.00000000005275,15.465157380748405,0,0,0
2025-11-25 07:00:00+00:00,321,20.999999999958163,15.378546378878305,0,0,0
2025-11-25 07:15:00+00:00,321,17.00000000005275,15.885404419568705,0,0,0
2025-11-25 07:30:00+00:00,321,15.000000000100044,15.516985760550805,0,0,0
2025-11-25 07:45:00+00:00,321,13.999999999896318,14.77937426467285,0,0,0
2025-11-25 08:00:00+00:00,321,12.999999999919964,15.07454600817784,0,0,0
2025-11-25 08:15:00+00:00,321,12.000000000170983,13.532078575162087,0,0,0
2025-11-25 08:30:00+00:00,321,9.000000000014552,11.05571268091492,0,0,0
2025-11-25 08:45:00+00:00,321,9.999999999990903,9.119616197018392,0,0,0
2025-11-25 09:00:00+00:00,321,9.999999999990903,9.70045667986011,0,0,0
2025-11-25 09:15:00+00:00,321,9.999999999990903,9.697985310355053,0,0,0
2025-11-25 09:30:00+00:00,321,9.999999999990903,9.545888208553638,0,0,0
2025-11-25 09:45:00+00:00,321,9.000000000014552,9.551955293774157,0,0,0
2025-11-25 10:00:00+00:00,321,9.000000000014552,9.490334891100872,0,0,0
2025-11-25 10:15:00+00:00,321,9.999999999990903,9.81918740892504,0,0,0
2025-11-25 10:30:00+00:00,321,9.000000000014552,9.764562297245764,0,0,0
2025-11-25 10:45:00+00:00,321,9.000000000014552,9.78069888636703,0,0,0
2025-11-25 11:00:00+00:00,321,8.999999999787178,9.690881565237104,0,0,0
2025-11-25 11:15:00+00:00,321,9.000000000014552,9.609257145533608,0,0,0
2025-11-25 11:30:00+00:00,321,9.000000000014552,9.449185781204552,0,0,0
2025-11-25 11:45:00+00:00,321,9.999999999990903,9.436138980848249,0,0,0
2025-11-25 12:00:00+00:00,321,12.000000000170983,9.807011125978429,0,0,0
2025-11-25 12:15:00+00:00,321,11.999999999943611,10.395367248855608,0,0,0
2025-11-25 12:30:00+00:00,321,12.999999999919964,10.408531156590415,0,0,0
2025-11-25 12:45:00+00:00,321,9.999999999990903,10.844276174344753,0,0,0
2025-11-25 13:00:00+00:00,321,10.999999999967258,10.76571269922432,0,0,0
2025-11-25 13:15:00+00:00,321,11.000000000194632,10.706726347242002,0,0,0
2025-11-25 13:30:00+00:00,321,10.999999999967258,10.721496875908556,0,0,0
2025-11-25 13:45:00+00:00,321,9.000000000014552,10.83089362771115,0,0,0
2025-11-25 14:00:00+00:00,321,9.000000000014552,10.616892873370212,0,0,0
2025-11-25 14:15:00+00:00,321,9.999999999990903,10.120310860922952,0,0,0
2025-11-25 14:30:00+00:00,321,9.999999999990903,10.06773310927483,0,0,0
2025-11-25 14:45:00+00:00,321,9.000000000014552,9.832259592161414,0,0,0
2025-11-25 15:00:00+00:00,321,9.999999999990903,9.774522770138937,0,0,0
2025-11-25 15:15:00+00:00,321,11.999999999943611,9.605994291677256,0,0,0
2025-11-25 15:30:00+00:00,321,10.999999999967258,10.1079257460994,0,0,0
2025-11-25 15:45:00+00:00,321,9.999999999990903,10.2604405116547,0,0,0
2025-11-25 16:00:00+00:00,321,9.999999999990903,10.317211630467218,0,0,0
2025-11-25 16:15:00+00:00,321,10.999999999967258,10.499765880818837,0,0,0
2025-11-25 16:30:00+00:00,321,10.999999999967258,10.527726853867549,0,0,0
2025-11-25 16:45:00+00:00,321,11.000000000194632,10.243831454833938,0,0,0
2025-11-25 17:00:00+00:00,321,9.999999999990903,10.430677142568406,0,0,0
2025-11-25 17:15:00+00:00,321,9.000000000014552,10.25398691439674,0,0,0
2025-11-25 17:30:00+00:00,321,7.999999999810825,9.701804280038404,0,0,0
2025-11-25 17:45:00+00:00,321,8.000000000038199,8.679722520581603,0,0,0
2025-11-25 18:00:00+00:00,321,9.999999999990903,8.546925637772079,0,0,0
2025-11-25 18:15:00+00:00,321,13.000000000147338,9.48525716131947,0,0,0
2025-11-25 18:30:00+00:00,321,16.999999999825377,12.141854195508156,0,0,0
2025-11-25 18:45:00+00:00,321,14.000000000123691,13.74026491931594,0,0,0
2025-11-25 19:00:00+00:00,321,13.999999999896318,13.41685529861601,0,0,0
2025-11-25 19:15:00+00:00,321,11.999999999943611,13.286278840929027,0,0,0
2025-11-25 19:30:00+00:00,321,13.000000000147338,12.966748185810804,0,0,0
2025-11-25 19:45:00+00:00,321,11.999999999943611,12.688402407374454,0,0,0
2025-11-25 20:00:00+00:00,321,11.999999999943611,12.892223473039792,0,0,0
2025-11-25 20:15:00+00:00,321,12.000000000170983,11.794724273382224,0,0,0
2025-11-25 20:30:00+00:00,321,11.999999999943611,11.71411401511428,0,0,0
2025-11-25 20:45:00+00:00,321,11.999999999943611,10.57647352127592,0,0,0
2025-11-25 21:00:00+00:00,321,11.999999999943611,10.949278803476936,0,0,0
2025-11-25 21:15:00+00:00,321,9.000000000014552,9.714393034786164,0,0,0
2025-11-25 21:30:00+00:00,321,9.999999999990903,8.49081101253957,0,0,0
2025-11-25 21:45:00+00:00,321,6.0000000000854925,8.303121344042752,0,0,0
2025-11-25 22:00:00+00:00,321,7.000000000061846,7.704835323105218,0,0,0
2025-11-25 22:15:00+00:00,321,7.999999999810825,7.692536740827359,0,0,0
2025-11-25 22:30:00+00:00,321,7.000000000061846,7.800513205113272,0,0,0
2025-11-25 22:45:00+00:00,321,8.000000000038199,7.683869064166876,0,0,0
2025-11-25 23:00:00+00:00,321,8.000000000038199,8.165442871888736,0,0,0
2025-11-25 23:15:00+00:00,321,8.000000000038199,8.100199063085368,0,0,0
2025-11-25 23:30:00+00:00,321,8.000000000038199,8.56981753429396,0,0,0
2025-11-25 23:45:00+00:00,321,7.999999999810825,8.064614572760895,0,0,0
2025-11-26 00:00:00+00:00,321,9.000000000014552,8.904682621834857,0,0,0
2025-11-26 00:15:00+00:00,321,8.000000000038199,9.555026622262703,0,0,0
2025-11-26 00:30:00+00:00,321,8.000000000038199,8.385628972595978,0,0,0
2025-11-26 00:45:00+00:00,321,8.000000000038199,8.164660906117469,0,0,0
2025-11-26 01:00:00+00:00,321,7.000000000061846,8.083990651951176,0,0,0
2025-11-26 01:15:00+00:00,321,7.999999999810825,7.831983649773569,0,0,0
2025-11-26 01:30:00+00:00,321,8.000000000038199,7.797285252717018,0,0,0
2025-11-26 01:45:00+00:00,321,8.000000000038199,7.855847018341791,0,0,0
2025-11-26 02:00:00+00:00,321,8.000000000038199,8.043369102141778,0,0,0
2025-11-26 08:45:00+00:00,321,11.000000000194632,8.031425014859451,0,0,0
2025-11-26 09:00:00+00:00,321,11.999999999943611,11.339177724754606,0,0,0
2025-11-26 09:15:00+00:00,321,9.999999999990903,11.24648579245668,0,0,0
2025-11-26 09:30:00+00:00,321,10.999999999967258,9.79908301414182,0,0,0
2025-11-26 09:45:00+00:00,321,9.999999999990903,10.129309091907992,0,0,0
2025-11-26 10:00:00+00:00,321,9.999999999990903,10.077154772850138,0,0,0
2025-11-26 10:15:00+00:00,321,9.000000000014552,10.186349038495804,0,0,0
2025-11-26 10:30:00+00:00,321,10.999999999967258,10.203605935642006,0,0,0
2025-11-26 10:45:00+00:00,321,11.999999999943611,10.444731181756604,0,0,0
2025-11-26 11:00:00+00:00,321,11.000000000194632,10.595188203375267,0,0,0
2025-11-26 11:15:00+00:00,321,9.999999999990903,10.43775088973718,0,0,0
2025-11-26 11:30:00+00:00,321,9.999999999990903,10.302799346539842,0,0,0
2025-11-26 11:45:00+00:00,321,9.000000000014552,10.185476213551556,0,0,0
2025-11-26 12:00:00+00:00,321,8.999999999787178,10.090526935578255,0,0,0
2025-11-26 12:15:00+00:00,321,12.000000000170983,9.976670873254164,0,0,0
2025-11-26 12:30:00+00:00,321,11.999999999943611,10.476299408193537,0,0,0
2025-11-26 12:45:00+00:00,321,9.999999999990903,10.703605983644229,0,0,0
2025-11-26 13:00:00+00:00,321,9.999999999990903,10.147752638697494,0,0,0
2025-11-26 13:15:00+00:00,321,9.999999999990903,9.721264295798008,0,0,0
2025-11-26 13:30:00+00:00,321,9.999999999990903,9.791628523771989,0,0,0
2025-11-26 13:45:00+00:00,321,9.000000000014552,9.857078856917749,0,0,0
2025-11-26 14:00:00+00:00,321,9.999999999990903,9.707676955472929,0,0,0
2025-11-26 14:15:00+00:00,321,10.999999999967258,9.768064557811872,0,0,0
2025-11-26 14:30:00+00:00,321,9.000000000014552,9.86968376440737,0,0,0
2025-11-26 14:45:00+00:00,321,9.000000000014552,9.453860846206652,0,0,0
2025-11-26 15:00:00+00:00,321,9.000000000014552,9.08917462432641,0,0,0
2025-11-26 15:15:00+00:00,321,9.000000000014552,8.941508565748238,0,0,0
2025-11-26 15:30:00+00:00,321,9.000000000014552,9.105283523033057,0,0,0
2025-11-26 15:45:00+00:00,321,8.000000000038199,9.115655890843737,0,0,0
2025-11-26 16:00:00+00:00,321,9.000000000014552,9.051736029989506,0,0,0
2025-11-26 16:15:00+00:00,321,9.000000000014552,9.033655919891924,0,0,0
2025-11-26 16:30:00+00:00,321,9.000000000014552,9.005718599072367,0,0,0
2025-11-26 16:45:00+00:00,321,9.999999999990903,8.97223684960829,0,0,0
2025-11-26 17:00:00+00:00,321,9.000000000014552,9.133899259010864,0,0,0
2025-11-26 17:15:00+00:00,321,8.999999999787178,9.12548425738381,0,0,0
2025-11-26 17:30:00+00:00,321,8.000000000038199,9.338469119638289,0,0,0
2025-11-26 17:45:00+00:00,321,8.000000000038199,8.992497002973757,0,0,0
2025-11-26 18:00:00+00:00,321,9.000000000014552,9.059795094411932,0,0,0
2025-11-26 18:15:00+00:00,321,11.999999999943611,9.458413611877504,0,0,0
2025-11-26 18:30:00+00:00,321,15.000000000100044,12.059819611538067,0,0,0
2025-11-26 18:45:00+00:00,321,13.999999999896318,13.731997023016572,0,0,0
2025-11-26 19:00:00+00:00,321,14.000000000123691,13.79017458413846,0,0,0
2025-11-26 19:15:00+00:00,321,13.999999999896318,14.131848917700118,0,0,0
2025-11-26 19:30:00+00:00,321,16.000000000076398,14.373064734545878,0,0,0
2025-11-26 19:45:00+00:00,321,13.999999999896318,14.621199693745435,0,0,0
2025-11-26 20:00:00+00:00,321,14.000000000123691,14.684632664809222,0,0,0
2025-11-26 20:15:00+00:00,321,14.99999999987267,14.77086753854736,0,0,0
2025-11-26 20:30:00+00:00,321,15.000000000100044,15.220060290786387,0,0,0
2025-11-26 20:45:00+00:00,321,16.000000000076398,15.215897498454805,0,0,0
2025-11-26 21:00:00+00:00,321,15.999999999849024,14.858099267211912,0,0,0
2025-11-26 21:15:00+00:00,321,14.000000000123691,14.165376240971597,0,0,0
2025-11-26 21:30:00+00:00,321,12.999999999919964,12.432065893493892,0,0,0
2025-11-26 21:45:00+00:00,321,9.999999999990903,11.327499292387564,0,0,0
2025-11-26 22:00:00+00:00,321,11.999999999943611,11.308706730997091,0,0,0
2025-11-26 22:15:00+00:00,321,14.000000000123691,12.078184125269168,0,0,0
2025-11-26 22:30:00+00:00,321,13.999999999896318,12.742169693084064,0,0,0
2025-11-26 22:45:00+00:00,321,14.000000000123691,13.012947911957545,0,0,0
2025-11-26 23:00:00+00:00,321,14.99999999987267,13.414997733301751,0,0,0
2025-11-26 23:15:00+00:00,321,14.000000000123691,13.795531525600635,0,0,0
2025-11-26 23:30:00+00:00,321,13.999999999896318,13.891586112624283,0,0,0
2025-11-26 23:45:00+00:00,321,13.000000000147338,13.673750812741766,0,0,0
2025-11-27 00:00:00+00:00,321,11.999999999943611,13.87788858752435,0,0,0
2025-11-27 00:15:00+00:00,321,12.999999999919964,13.506184576188218,0,0,0
2025-11-27 00:30:00+00:00,321,13.000000000147338,13.200103963089235,0,0,0
2025-11-27 00:45:00+00:00,321,12.999999999919964,13.098698203439788,0,0,0
2025-11-27 01:00:00+00:00,321,12.999999999919964,13.258701495499563,0,0,0
2025-11-27 01:15:00+00:00,321,14.000000000123691,13.184844237097684,0,0,0
2025-11-27 01:30:00+00:00,321,12.999999999919964,13.354093820106826,0,0,0
2025-11-27 01:45:00+00:00,321,13.999999999896318,13.36445349647747,0,0,0
2025-11-27 02:00:00+00:00,321,15.000000000100044,13.722942257435012,0,0,0
2025-11-27 02:15:00+00:00,321,14.000000000123691,14.333941639986104,0,0,0
2025-11-27 02:30:00+00:00,321,14.99999999987267,14.080393204727844,0,0,0
2025-11-27 02:45:00+00:00,321,15.000000000100044,13.992741504774852,0,0,0
2025-11-27 03:00:00+00:00,321,14.99999999987267,14.179940245295755,0,0,0
2025-11-27 03:15:00+00:00,321,15.000000000100044,14.570853904892616,0,0,0
2025-11-27 03:30:00+00:00,321,14.99999999987267,14.578701829903544,0,0,0
2025-11-27 03:45:00+00:00,321,15.000000000100044,14.724116888526364,0,0,0
2025-11-27 04:00:00+00:00,321,14.99999999987267,14.90109325098246,0,0,0
2025-11-27 04:15:00+00:00,321,15.000000000100044,15.397900824932162,0,0,0
2025-11-27 04:30:00+00:00,321,16.000000000076398,15.59140374984879,0,0,0
2025-11-27 04:45:00+00:00,321,14.99999999987267,15.37042270348843,0,0,0
2025-11-27 05:00:00+00:00,321,15.000000000100044,15.154495157796674,0,0,0
2025-11-27 05:15:00+00:00,321,19.99999999998181,16.276541910017094,0,0,0
2025-11-27 05:30:00+00:00,321,17.00000000005275,18.829981188947823,0,0,0
2025-11-27 05:45:00+00:00,321,15.999999999849024,16.727569152224863,0,0,0
2025-11-27 06:00:00+00:00,321,15.000000000100044,16.3860817289619,0,0,0
2025-11-27 06:15:00+00:00,321,20.999999999958163,17.27069125216526,0,0,0
2025-11-27 06:30:00+00:00,321,19.99999999998181,19.67058372071236,0,0,0
2025-11-27 06:45:00+00:00,321,20.999999999958163,18.72892617455026,0,0,0
2025-11-27 07:00:00+00:00,321,20.999999999958163,18.893470694608126,0,0,0
2025-11-27 07:15:00+00:00,321,20.000000000209184,19.24194417872689,0,0,0
2025-11-27 07:30:00+00:00,321,16.999999999825377,18.87628879233486,0,0,0
2025-11-27 07:45:00+00:00,321,19.99999999998181,17.79242019927522,0,0,0
2025-11-27 08:00:00+00:00,321,19.000000000005457,17.774520653756323,0,0,0
2025-11-27 08:15:00+00:00,321,13.000000000147338,17.096571617484386,0,0,0
2025-11-27 08:30:00+00:00,321,9.999999999990903,10.976262535642933,0,0,0
2025-11-27 08:45:00+00:00,321,10.999999999967258,9.669824158683962,0,0,0
2025-11-27 09:00:00+00:00,321,10.999999999967258,10.107054074922427,0,0,0
2025-11-27 09:15:00+00:00,321,11.999999999943611,10.531949065213844,0,0,0
2025-11-27 09:30:00+00:00,321,13.000000000147338,10.40565654542242,0,0,0
2025-11-27 09:45:00+00:00,321,9.999999999990903,10.97438535628498,0,0,0
2025-11-27 10:00:00+00:00,321,9.999999999990903,10.593601196487215,0,0,0
2025-11-27 10:15:00+00:00,321,9.999999999990903,10.436592507392138,0,0,0
2025-11-27 10:30:00+00:00,321,9.999999999990903,10.373983326163374,0,0,0
2025-11-27 10:45:00+00:00,321,9.999999999990903,10.276915154587815,0,0,0
2025-11-27 11:00:00+00:00,321,9.999999999990903,9.872747593408622,0,0,0
2025-11-27 11:15:00+00:00,321,10.999999999967258,9.888070776600353,0,0,0
2025-11-27 11:30:00+00:00,321,9.999999999990903,9.96262433355326,0,0,0
2025-11-27 11:45:00+00:00,321,9.000000000014552,9.64141321639763,0,0,0
2025-11-27 12:00:00+00:00,321,9.000000000014552,9.528972249637476,0,0,0
2025-11-27 12:15:00+00:00,321,9.000000000014552,9.403192002516567,0,0,0
2025-11-27 12:30:00+00:00,321,9.000000000014552,9.1214426106162,0,0,0
2025-11-27 12:45:00+00:00,321,8.000000000038199,8.941165319983646,0,0,0
2025-11-27 13:00:00+00:00,321,7.999999999810825,8.5049354315316,0,0,0
2025-11-27 13:15:00+00:00,321,8.000000000038199,8.565128624084549,0,0,0
2025-11-27 13:30:00+00:00,321,9.000000000014552,8.523782219984042,0,0,0
2025-11-27 13:45:00+00:00,321,9.999999999990903,8.643322893676679,0,0,0
2025-11-27 14:00:00+00:00,321,9.000000000014552,8.845015258717915,0,0,0
2025-11-27 14:15:00+00:00,321,11.999999999943611,8.620424651434782,0,0,0
2025-11-27 14:30:00+00:00,321,11.000000000194632,9.244223062819673,0,0,0
2025-11-27 14:45:00+00:00,321,9.999999999990903,9.583763503804487,0,0,0
2025-11-27 15:00:00+00:00,321,9.000000000014552,9.453409146318124,0,0,0
2025-11-27 15:15:00+00:00,321,9.000000000014552,9.038043119958676,0,0,0
2025-11-27 15:30:00+00:00,321,8.999999999787178,8.862749527074536,0,0,0
2025-11-27 19:30:00+00:00,321,5.999999999858119,8.716669033175322,0,0,0
2025-11-27 19:45:00+00:00,321,7.000000000061846,6.916867942910779,0,0,0
2025-11-27 20:00:00+00:00,321,5.000000000109139,7.604898309198039,0,0,0
2025-11-27 20:15:00+00:00,321,5.999999999858119,5.97570680511915,0,0,0
2025-11-27 20:30:00+00:00,321,6.0000000000854925,5.637478485968895,0,0,0
2025-11-27 20:45:00+00:00,321,5.999999999858119,7.811979055859723,0,0,0
2025-11-27 21:00:00+00:00,321,5.000000000109139,6.37245391206315,0,0,0
2025-11-27 21:15:00+00:00,321,3.999999999905413,5.0752034886956565,0,0,0
2025-11-27 21:30:00+00:00,321,3.000000000156433,4.116540782984872,0,0,0
2025-11-27 21:45:00+00:00,321,0.9999999999763532,4.440317157457639,0,0,0
2025-11-27 22:00:00+00:00,321,1.9999999999527065,4.223348408909805,0,0,0
2025-11-27 22:15:00+00:00,321,1.9999999999527065,3.855672343354881,0,0,0
2025-11-27 22:30:00+00:00,321,1.9999999999527065,3.5878280464984336,0,0,0
2025-11-27 22:45:00+00:00,321,3.000000000156433,4.178375570040117,0,0,0
2025-11-27 23:00:00+00:00,321,3.999999999905413,4.350716239802404,0,0,0
2025-11-27 23:15:00+00:00,321,2.9999999999290594,4.1934437706638645,0,0,0
2025-11-27 23:30:00+00:00,321,3.000000000156433,3.77527868686538,0,0,0
2025-11-27 23:45:00+00:00,321,3.999999999905413,3.7401879007693264,0,0,0
2025-11-28 00:00:00+00:00,321,2.9999999999290594,4.430313490402076,0,0,0
2025-11-28 00:15:00+00:00,321,3.000000000156433,4.170327610627723,0,0,0
2025-11-28 00:30:00+00:00,321,2.9999999999290594,3.873329705911515,0,0,0
2025-11-28 00:45:00+00:00,321,2.9999999999290594,4.065719281462091,0,0,0
2025-11-28 01:00:00+00:00,321,3.000000000156433,4.102565632634166,0,0,0
2025-11-28 01:15:00+00:00,321,3.999999999905413,3.577151805231453,0,0,0
2025-11-28 01:30:00+00:00,321,2.9999999999290594,3.542893354059306,0,0,0
2025-11-28 01:45:00+00:00,321,3.000000000156433,3.7136556701881114,0,0,0
2025-11-28 02:00:00+00:00,321,2.9999999999290594,3.749752234879349,0,0,0
2025-11-28 02:15:00+00:00,321,2.9999999999290594,3.856452037646824,0,0,0
2025-11-28 02:30:00+00:00,321,3.000000000156433,3.8047994631330937,0,0,0
2025-11-28 02:45:00+00:00,321,3.999999999905413,3.698830734183449,0,0,0
2025-11-28 03:00:00+00:00,321,4.000000000132786,3.81782935358776,0,0,0
2025-11-28 03:15:00+00:00,321,2.9999999999290594,3.9599306844284015,0,0,0
2025-11-28 03:30:00+00:00,321,2.9999999999290594,3.5644611944663667,0,0,0
2025-11-28 03:45:00+00:00,321,2.9999999999290594,3.338890966655507,0,0,0
2025-11-28 04:00:00+00:00,321,3.000000000156433,3.5703393142402238,0,0,0
2025-11-28 04:15:00+00:00,321,3.999999999905413,4.056272018675348,0,0,0
2025-11-28 04:30:00+00:00,321,2.9999999999290594,4.7303793704706845,0,0,0
2025-11-28 04:45:00+00:00,321,4.000000000132786,4.339690839713543,0,0,0
2025-11-28 05:00:00+00:00,321,2.9999999999290594,4.785186921600466,0,0,0
2025-11-28 05:15:00+00:00,321,19.000000000005457,6.196217402872749,0,0,0
2025-11-28 05:30:00+00:00,321,17.00000000005275,19.67497265143003,0,0,0
2025-11-28 05:45:00+00:00,321,11.999999999943611,12.073489446223377,0,0,0
2025-11-28 06:00:00+00:00,321,9.000000000014552,9.69365406800118,0,0,0
2025-11-28 06:15:00+00:00,321,10.999999999967258,8.402407056322664,0,0,0
2025-11-28 08:45:00+00:00,321,8.000000000038199,9.442624306706293,0,0,0
2025-11-28 09:00:00+00:00,321,8.000000000038199,8.672547818776184,0,0,0
2025-11-28 09:15:00+00:00,321,9.000000000014552,8.192685913249997,0,0,0
2025-11-28 09:30:00+00:00,321,9.000000000014552,8.314785065877027,0,0,0
2025-11-28 09:45:00+00:00,321,9.000000000014552,8.111676739946397,0,0,0
2025-11-28 10:00:00+00:00,321,7.999999999810825,7.98933529619142,0,0,0
2025-11-28 10:15:00+00:00,321,9.000000000014552,8.181839347088907,0,0,0
2025-11-28 10:30:00+00:00,321,8.000000000038199,8.298086880534198,0,0,0
2025-11-28 10:45:00+00:00,321,7.000000000061846,8.13996740199421,0,0,0
2025-11-28 11:00:00+00:00,321,8.000000000038199,7.9719964815686275,0,0,0
2025-11-28 11:15:00+00:00,321,8.000000000038199,8.055369435578806,0,0,0
2025-11-28 11:30:00+00:00,321,7.999999999810825,8.015473605385973,0,0,0
2025-11-28 11:45:00+00:00,321,8.000000000038199,7.791533722846467,0,0,0
2025-11-28 12:00:00+00:00,321,7.000000000061846,7.493400547185964,0,0,0
2025-11-28 12:15:00+00:00,321,8.000000000038199,7.582181496860281,0,0,0
2025-11-28 12:30:00+00:00,321,6.999999999834472,7.751881625990675,0,0,0
2025-11-28 12:45:00+00:00,321,7.000000000061846,7.521980516378219,0,0,0
2025-11-28 13:00:00+00:00,321,7.000000000061846,7.384709324072608,0,0,0
2025-11-28 13:15:00+00:00,321,7.000000000061846,7.210211830608864,0,0,0
2025-11-28 13:30:00+00:00,321,6.999999999834472,7.0932129062251175,0,0,0
2025-11-28 13:45:00+00:00,321,7.000000000061846,6.945499543188632,0,0,0
2025-11-28 14:00:00+00:00,321,8.000000000038199,6.800584065796295,0,0,0
2025-11-28 14:15:00+00:00,321,7.000000000061846,7.117260300673851,0,0,0
2025-11-28 14:30:00+00:00,321,6.999999999834472,7.07959326041631,0,0,0
2025-11-28 14:45:00+00:00,321,6.0000000000854925,7.025905873090554,0,0,0
2025-11-28 15:00:00+00:00,321,7.000000000061846,6.878131071946624,0,0,0
2025-11-28 15:15:00+00:00,321,8.000000000038199,6.853199891764524,0,0,0
2025-11-28 15:30:00+00:00,321,6.999999999834472,7.08077500654869,0,0,0
2025-11-28 15:45:00+00:00,321,8.000000000038199,6.920775464232561,0,0,0
2025-11-28 16:45:00+00:00,321,7.000000000061846,6.949344472635694,0,0,0
2025-11-28 17:00:00+00:00,321,7.000000000061846,6.845491572593984,0,0,0
2025-11-28 17:15:00+00:00,321,6.999999999834472,6.8279802697634375,0,0,0
2025-11-28 17:30:00+00:00,321,7.000000000061846,6.879918257457053,0,0,0
2025-11-28 17:45:00+00:00,321,6.0000000000854925,6.90389065703285,0,0,0
2025-11-28 18:00:00+00:00,321,6.999999999834472,6.81711841618594,0,0,0
2025-11-28 18:15:00+00:00,321,7.000000000061846,6.68021037213043,0,0,0
2025-11-28 18:30:00+00:00,321,6.0000000000854925,6.743522774513878,0,0,0
2025-11-28 18:45:00+00:00,321,4.999999999881766,6.263783168318941,0,0,0
2025-11-28 19:00:00+00:00,321,5.000000000109139,5.774329706986065,0,0,0
2025-11-28 19:15:00+00:00,321,6.0000000000854925,5.544037470267066,0,0,0
2025-11-28 19:30:00+00:00,321,4.999999999881766,5.779241294279732,0,0,0
2025-11-28 19:45:00+00:00,321,6.0000000000854925,4.94238165566879,0,0,0
2025-11-28 20:00:00+00:00,321,5.999999999858119,5.288011608225549,0,0,0
2025-11-28 20:15:00+00:00,321,5.000000000109139,4.988879774877267,0,0,0
2025-11-28 20:30:00+00:00,321,5.999999999858119,4.285557088672909,0,0,0
2025-11-28 20:45:00+00:00,321,5.000000000109139,4.976592874493077,0,0,0
2025-11-28 21:00:00+00:00,321,4.999999999881766,4.432449762623929,0,0,0
2025-11-28 21:15:00+00:00,321,3.000000000156433,3.2672516816207064,0,0,0
2025-11-28 21:30:00+00:00,321,3.999999999905413,2.092712844972401,0,0,0
2025-11-28 21:45:00+00:00,321,0.9999999999763532,2.9115577776682158,0,0,0
2025-11-28 22:00:00+00:00,321,0.9999999999763532,1.924032646113936,0,0,0
2025-11-28 22:15:00+00:00,321,2.00000000018008,1.009881488693829,0,0,0
2025-11-28 22:30:00+00:00,321,1.9999999999527065,1.4796332200227922,0,0,0
2025-11-28 22:45:00+00:00,321,1.9999999999527065,2.211984690889745,0,0,0
2025-11-28 23:00:00+00:00,321,2.9999999999290594,3.077092879042929,0,0,0
2025-11-28 23:15:00+00:00,321,3.000000000156433,3.1503824839450485,0,0,0
2025-11-28 23:30:00+00:00,321,2.9999999999290594,3.4254269375974404,0,0,0
2025-11-28 23:45:00+00:00,321,2.9999999999290594,3.0033587852977544,0,0,0
2025-11-29 00:00:00+00:00,321,1.9999999999527065,3.296298710228352,0,0,0
2025-11-29 00:15:00+00:00,321,3.000000000156433,2.766918771759375,0,0,0
2025-11-29 00:30:00+00:00,321,2.9999999999290594,2.943042500198553,0,0,0
2025-11-29 00:45:00+00:00,321,1.9999999999527065,2.9232512090098446,0,0,0
2025-11-29 01:00:00+00:00,321,3.000000000156433,2.788235487507783,0,0,0
2025-11-29 01:15:00+00:00,321,2.9999999999290594,3.041230979799048,0,0,0
2025-11-29 01:30:00+00:00,321,1.9999999999527065,3.003301457486232,0,0,0
2025-11-29 01:45:00+00:00,321,2.9999999999290594,2.586563313393877,0,0,0
2025-11-29 02:00:00+00:00,321,3.000000000156433,2.566623618889301,0,0,0
2025-11-29 04:00:00+00:00,321,2.9999999999290594,2.996782383935364,0,0,0
2025-11-29 04:15:00+00:00,321,2.9999999999290594,3.1462419737439817,0,0,0
2025-11-29 04:30:00+00:00,321,3.000000000156433,2.9625614301996848,0,0,0
2025-11-29 04:45:00+00:00,321,2.9999999999290594,3.0241115251795927,0,0,0
2025-11-29 05:00:00+00:00,321,2.9999999999290594,3.177739459824809,0,0,0
2025-11-29 05:15:00+00:00,321,17.00000000005275,3.4178376367324588,0,0,0
2025-11-29 05:30:00+00:00,321,16.000000000076398,16.035069956836075,0,0,0
2025-11-29 05:45:00+00:00,321,10.999999999967258,10.08002823025086,0,0,0
2025-11-29 06:00:00+00:00,321,8.000000000038199,8.397048961093208,0,0,0
2025-11-29 06:15:00+00:00,321,8.000000000038199,6.559479010609026,0,0,0
2025-11-29 06:30:00+00:00,321,8.999999999787178,6.681873527658695,0,0,0
2025-11-29 06:45:00+00:00,321,8.000000000038199,7.232418966252476,0,0,0
2025-11-29 07:00:00+00:00,321,7.000000000061846,7.227856970443419,0,0,0
2025-11-29 07:15:00+00:00,321,7.000000000061846,7.240370153434602,0,0,0
2025-11-29 07:30:00+00:00,321,5.999999999858119,6.842064883784448,0,0,0
2025-11-29 07:45:00+00:00,321,9.000000000014552,6.885588446734649,0,0,0
2025-11-29 08:00:00+00:00,321,9.000000000014552,7.60977759100798,0,0,0
2025-11-29 08:15:00+00:00,321,8.000000000038199,7.691043765972296,0,0,0
2025-11-29 08:30:00+00:00,321,8.000000000038199,7.148670460993982,0,0,0
2025-11-29 08:45:00+00:00,321,7.000000000061846,6.73373767424665,0,0,0
2025-11-29 09:00:00+00:00,321,6.999999999834472,6.840883137652069,0,0,0
2025-11-29 09:15:00+00:00,321,7.000000000061846,7.159200029596008,0,0,0
2025-11-29 09:30:00+00:00,321,7.000000000061846,6.75510198289519,0,0,0
2025-11-29 09:45:00+00:00,321,7.000000000061846,6.737320698522074,0,0,0
2025-11-29 10:00:00+00:00,321,6.999999999834472,6.676608022253134,0,0,0
2025-11-29 10:15:00+00:00,321,7.000000000061846,6.872127443926283,0,0,0
2025-11-29 10:30:00+00:00,321,8.000000000038199,6.784292583418234,0,0,0
2025-11-29 10:45:00+00:00,321,7.000000000061846,6.506414946054095,0,0,0
2025-11-29 11:00:00+00:00,321,5.999999999858119,6.393361328870418,0,0,0
2025-11-29 11:15:00+00:00,321,7.000000000061846,6.398105908350893,0,0,0
2025-11-29 11:30:00+00:00,321,6.0000000000854925,6.410389203212346,0,0,0
2025-11-29 11:45:00+00:00,321,5.999999999858119,6.302506194075784,0,0,0
2025-11-29 12:00:00+00:00,321,6.0000000000854925,6.176755944904049,0,0,0
2025-11-29 12:15:00+00:00,321,7.000000000061846,6.172062708067354,0,0,0
2025-11-29 12:30:00+00:00,321,4.999999999881766,6.396616683239476,0,0,0
2025-11-29 12:45:00+00:00,321,6.0000000000854925,6.053222659553029,0,0,0
2025-11-29 13:00:00+00:00,321,6.999999999834472,5.946035660525677,0,0,0
2025-11-29 13:15:00+00:00,321,7.000000000061846,6.284527327056664,0,0,0
2025-11-29 13:30:00+00:00,321,6.0000000000854925,6.433257159063252,0,0,0
2025-11-29 13:45:00+00:00,321,6.999999999834472,6.379576117457514,0,0,0
2025-11-29 14:00:00+00:00,321,6.0000000000854925,6.464176102965651,0,0,0
2025-11-29 14:15:00+00:00,321,6.0000000000854925,6.460855560745502,0,0,0
2025-11-29 14:30:00+00:00,321,5.999999999858119,6.25002535887884,0,0,0
2025-11-29 14:45:00+00:00,321,6.0000000000854925,6.236344274962589,0,0,0
2025-11-29 15:00:00+00:00,321,7.000000000061846,6.213701303730491,0,0,0
2025-11-29 15:15:00+00:00,321,5.999999999858119,6.253881249115024,0,0,0
2025-11-29 15:30:00+00:00,321,8.000000000038199,6.192958587201863,0,0,0
2025-11-29 15:45:00+00:00,321,7.000000000061846,6.51132422581321,0,0,0
2025-11-29 16:00:00+00:00,321,6.0000000000854925,6.546067619793525,0,0,0
2025-11-29 16:15:00+00:00,321,6.999999999834472,6.3743997405740185,0,0,0
2025-11-29 16:30:00+00:00,321,7.000000000061846,6.353633660258053,0,0,0
2025-11-29 16:45:00+00:00,321,8.000000000038199,6.366310101318781,0,0,0
2025-11-29 17:00:00+00:00,321,7.000000000061846,6.620569257219017,0,0,0
2025-11-29 17:15:00+00:00,321,5.999999999858119,6.446059072315238,0,0,0
2025-11-29 17:30:00+00:00,321,7.000000000061846,6.361525139983648,0,0,0
2025-11-29 17:45:00+00:00,321,7.000000000061846,6.187395986722748,0,0,0
2025-11-29 18:00:00+00:00,321,5.999999999858119,6.220460937758391,0,0,0
2025-11-29 18:15:00+00:00,321,5.000000000109139,6.2109077447136265,0,0,0
2025-11-29 18:30:00+00:00,321,3.999999999905413,5.743707858157219,0,0,0
2025-11-29 18:45:00+00:00,321,4.000000000132786,4.07786661206112,0,0,0
2025-11-29 19:00:00+00:00,321,4.999999999881766,3.2810503055781943,0,0,0
2025-11-29 19:15:00+00:00,321,5.000000000109139,4.266489065345304,0,0,0
2025-11-29 19:30:00+00:00,321,4.999999999881766,4.851615505175312,0,0,0
2025-11-29 19:45:00+00:00,321,5.000000000109139,4.306637282129749,0,0,0
2025-11-29 20:00:00+00:00,321,4.999999999881766,3.963631212689836,0,0,0
2025-11-29 20:15:00+00:00,321,6.0000000000854925,4.005965241578545,0,0,0
2025-11-29 20:30:00+00:00,321,4.999999999881766,4.429123451567401,0,0,0
2025-11-29 20:45:00+00:00,321,5.000000000109139,4.349437288777027,0,0,0
2025-11-29 21:00:00+00:00,321,4.999999999881766,3.678134312566768,0,0,0
2025-11-29 21:15:00+00:00,321,0.9999999999763532,3.0532341976542665,0,0,0
2025-11-29 21:30:00+00:00,321,0.0,1.6891149563857015,0,0,0
2025-11-29 21:45:00+00:00,321,0.0,0.606410802949302,0,0,0
2025-11-29 22:00:00+00:00,321,0.0,0.2794781538722972,0,0,0
2025-11-29 22:15:00+00:00,321,0.0,0.2209002355056601,0,0,0
2025-11-29 22:30:00+00:00,321,0.0,0.1524149175405456,0,0,0
2025-11-29 22:45:00+00:00,321,0.0,0.1315040394314492,0,0,0
2025-11-29 23:00:00+00:00,321,0.0,0.1427423095827209,0,0,0
2025-11-29 23:15:00+00:00,321,0.0,0.1263008374587886,0,0,0
2025-11-29 23:30:00+00:00,321,0.0,0.119467939208866,0,0,0
2025-11-29 23:45:00+00:00,321,0.0,0.1519274508664616,0,0,0
2025-11-30 00:00:00+00:00,321,0.0,0.1780744133155827,0,0,0
2025-11-30 00:15:00+00:00,321,0.0,0.1903334790642405,0,0,0
2025-11-30 00:30:00+00:00,321,0.0,0.2027664752297462,0,0,0
2025-11-30 00:45:00+00:00,321,0.0,0.2047561468971008,0,0,0
2025-11-30 01:00:00+00:00,321,0.0,0.2022634326974373,0,0,0
2025-11-30 01:15:00+00:00,321,0.0,0.19924344685267,0,0,0
2025-11-30 01:30:00+00:00,321,0.0,0.2000415653658001,0,0,0
2025-11-30 01:45:00+00:00,321,0.0,0.2132239333770269,0,0,0
2025-11-30 02:00:00+00:00,321,0.0,0.2308958983007469,0,0,0
2025-11-30 02:15:00+00:00,321,0.0,0.2480172277920256,0,0,0
2025-11-30 02:30:00+00:00,321,0.0,0.2575444610730817,0,0,0
2025-11-30 02:45:00+00:00,321,0.0,0.2589537878006398,0,0,0
2025-11-30 03:00:00+00:00,321,0.0,0.2594412544747237,0,0,0
2025-11-30 03:15:00+00:00,321,0.0,0.2711623762309756,0,0,0
2025-11-30 03:30:00+00:00,321,21.000000000185537,0.2892228722848675,0,0,0
2025-11-30 03:45:00+00:00,321,11.999999999943611,18.3388997619886,0,0,0
2025-11-30 04:00:00+00:00,321,7.000000000061846,8.32621572672156,0,0,0
2025-11-30 04:15:00+00:00,321,4.999999999881766,5.921254181647628,0,0,0
2025-11-30 04:30:00+00:00,321,2.9999999999290594,4.62824558367012,0,0,0
2025-11-30 04:45:00+00:00,321,3.000000000156433,3.999033768336985,0,0,0
2025-11-30 05:00:00+00:00,321,2.9999999999290594,3.845364983119154,0,0,0
2025-11-30 05:15:00+00:00,321,17.00000000005275,3.7330467663805913,0,0,0
2025-11-30 05:30:00+00:00,321,14.99999999987267,9.684970815482473,0,0,0
2025-11-30 05:45:00+00:00,321,11.000000000194632,10.021370125058546,0,0,0
2025-11-30 06:00:00+00:00,321,8.999999999787178,9.225679138277162,0,0,0
2025-11-30 06:15:00+00:00,321,9.000000000014552,8.589665215858279,0,0,0
2025-11-30 06:30:00+00:00,321,9.999999999990903,8.505985359752703,0,0,0
2025-11-30 06:45:00+00:00,321,9.000000000014552,8.249341078451284,0,0,0
2025-11-30 07:00:00+00:00,321,8.000000000038199,8.007482324791008,0,0,0
2025-11-30 07:15:00+00:00,321,7.000000000061846,8.073564345520346,0,0,0
2025-11-30 07:30:00+00:00,321,8.000000000038199,7.527034593930464,0,0,0
2025-11-30 07:45:00+00:00,321,7.000000000061846,7.629714689536184,0,0,0
2025-11-30 08:00:00+00:00,321,8.999999999787178,7.879316375385279,0,0,0
2025-11-30 08:15:00+00:00,321,8.000000000038199,7.96241559810924,0,0,0
2025-11-30 08:30:00+00:00,321,8.000000000038199,7.694908309463049,0,0,0
2025-11-30 08:45:00+00:00,321,7.000000000061846,7.323952516205362,0,0,0
2025-11-30 09:00:00+00:00,321,8.000000000038199,7.101226396840144,0,0,0
2025-11-30 09:15:00+00:00,321,8.000000000038199,7.39216439132608,0,0,0
2025-11-30 09:30:00+00:00,321,6.999999999834472,7.344059795406768,0,0,0
2025-11-30 09:45:00+00:00,321,7.000000000061846,6.727972299168789,0,0,0
2025-11-30 10:00:00+00:00,321,7.000000000061846,6.708983597341405,0,0,0
2025-11-30 10:15:00+00:00,321,6.999999999834472,7.012043647711981,0,0,0
2025-11-30 10:30:00+00:00,321,6.0000000000854925,6.9568035780746325,0,0,0
2025-11-30 10:45:00+00:00,321,7.000000000061846,6.572164681807962,0,0,0
2025-11-30 11:00:00+00:00,321,7.000000000061846,6.539714977172212,0,0,0
2025-11-30 11:15:00+00:00,321,6.999999999834472,6.6374794472988,0,0,0
2025-11-30 11:30:00+00:00,321,7.000000000061846,6.529852574497495,0,0,0
2025-11-30 11:45:00+00:00,321,6.0000000000854925,6.520066320462991,0,0,0
2025-11-30 12:00:00+00:00,321,7.999999999810825,6.455537270487067,0,0,0
2025-11-30 12:15:00+00:00,321,7.000000000061846,6.778759404004656,0,0,0
2025-11-30 12:30:00+00:00,321,6.0000000000854925,6.7307693194874805,0,0,0
2025-11-30 12:45:00+00:00,321,7.000000000061846,6.573069235352296,0,0,0
2025-11-30 13:00:00+00:00,321,5.999999999858119,6.501486917576746,0,0,0
2025-11-30 13:15:00+00:00,321,6.0000000000854925,5.81652557224348,0,0,0
2025-11-30 13:30:00+00:00,321,4.999999999881766,5.599439932648503,0,0,0
2025-11-30 13:45:00+00:00,321,6.0000000000854925,5.457094183421498,0,0,0
2025-11-30 14:00:00+00:00,321,6.0000000000854925,6.159522699987004,0,0,0
2025-11-30 14:15:00+00:00,321,5.999999999858119,6.265335562188716,0,0,0
2025-11-30 14:30:00+00:00,321,7.000000000061846,6.234512669412037,0,0,0
2025-11-30 14:45:00+00:00,321,7.000000000061846,6.507487949620717,0,0,0
2025-11-30 15:00:00+00:00,321,6.999999999834472,6.605527881684435,0,0,0
2025-11-30 15:15:00+00:00,321,7.000000000061846,6.663614006749704,0,0,0
2025-11-30 15:30:00+00:00,321,7.000000000061846,6.715607952156201,0,0,0
2025-11-30 15:45:00+00:00,321,5.999999999858119,6.777519681066661,0,0,0
2025-11-30 16:00:00+00:00,321,7.000000000061846,6.643849973312889,0,0,0
2025-11-30 16:15:00+00:00,321,7.000000000061846,6.611329600431488,0,0,0
2025-11-30 16:30:00+00:00,321,7.000000000061846,6.800810204182379,0,0,0
2025-11-30 16:45:00+00:00,321,6.999999999834472,6.778400582381839,0,0,0
2025-11-30 17:00:00+00:00,321,8.000000000038199,6.749637164192711,0,0,0
2025-11-30 17:15:00+00:00,321,7.000000000061846,6.871552579381047,0,0,0
2025-11-30 17:30:00+00:00,321,7.000000000061846,6.920481542019016,0,0,0
2025-11-30 17:45:00+00:00,321,7.999999999810825,6.711581304363179,0,0,0
2025-11-30 18:00:00+00:00,321,8.000000000038199,7.038854314786585,0,0,0
2025-11-30 18:15:00+00:00,321,9.000000000014552,7.17580937485859,0,0,0
2025-11-30 18:30:00+00:00,321,10.999999999967258,7.681978904927071,0,0,0
2025-11-30 18:45:00+00:00,321,13.000000000147338,8.414506036861786,0,0,0
2025-11-30 19:00:00+00:00,321,12.999999999919964,9.969346181702877,0,0,0
2025-11-30 22:00:00+00:00,321,8.000000000038199,10.46101776062374,0,0,0
2025-11-30 22:15:00+00:00,321,9.000000000014552,7.540007264739289,0,0,0
2025-11-30 22:30:00+00:00,321,7.000000000061846,7.055743160171763,0,0,0
2025-11-30 22:45:00+00:00,321,7.999999999810825,5.679324759741702,0,0,0
2025-11-30 23:00:00+00:00,321,9.000000000014552,7.1733930977409575,0,0,0
2025-11-30 23:15:00+00:00,321,8.000000000038199,7.8933381090897505,0,0,0
2025-11-30 23:30:00+00:00,321,9.000000000014552,7.74705455214997,0,0,0
2025-11-30 23:45:00+00:00,321,8.000000000038199,8.038709612997902,0,0,0
2025-12-01 00:00:00+00:00,321,9.000000000014552,7.757701516572325,0,0,0
2025-12-01 00:15:00+00:00,321,9.000000000014552,9.008649744836886,0,0,0
2025-12-01 00:30:00+00:00,321,8.000000000038199,7.705443646901456,0,0,0
2025-12-01 00:45:00+00:00,321,7.999999999810825,7.697073353756346,0,0,0
2025-12-01 01:00:00+00:00,321,9.000000000014552,7.494085596506052,0,0,0
2025-12-01 01:15:00+00:00,321,8.000000000038199,6.929462754936735,0,0,0
2025-12-01 01:30:00+00:00,321,7.000000000061846,7.661944313064049,0,0,0
2025-12-01 01:45:00+00:00,321,8.000000000038199,6.395720494507891,0,0,0
2025-12-01 02:00:00+00:00,321,7.000000000061846,7.230132199511567,0,0,0
2025-12-01 02:45:00+00:00,321,8.000000000038199,7.292435343970389,0,0,0
2025-12-01 03:00:00+00:00,321,8.000000000038199,6.967600243801039,0,0,0
2025-12-01 03:15:00+00:00,321,8.000000000038199,7.635296327175353,0,0,0
2025-12-01 03:30:00+00:00,321,7.999999999810825,7.530193608731982,0,0,0
2025-12-01 03:45:00+00:00,321,8.000000000038199,6.795409996447352,0,0,0
2025-12-01 04:00:00+00:00,321,7.000000000061846,6.80389999294734,0,0,0
2025-12-01 04:15:00+00:00,321,8.000000000038199,7.580359986773395,0,0,0
2025-12-01 04:30:00+00:00,321,7.000000000061846,7.773555432710985,0,0,0
2025-12-01 04:45:00+00:00,321,7.999999999810825,7.614266899478654,0,0,0
2025-12-01 05:00:00+00:00,321,9.000000000014552,8.17229798015872,0,0,0
2025-12-01 05:15:00+00:00,321,28.99999999999636,14.536938915816425,0,0,0
2025-12-01 05:30:00+00:00,321,27.000000000043656,20.383896877759064,0,0,0
2025-12-01 05:45:00+00:00,321,23.000000000138243,19.572992315677165,0,0,0
2025-12-01 06:00:00+00:00,321,19.99999999998181,18.812563918150264,0,0,0
2025-12-01 06:15:00+00:00,321,19.99999999998181,19.102396026702216,0,0,0
2025-12-01 06:30:00+00:00,321,21.99999999993452,19.98102211281256,0,0,0
2025-12-01 06:45:00+00:00,321,23.999999999887223,20.5161059161415,0,0,0
2025-12-01 07:00:00+00:00,321,19.000000000005457,20.815087399191636,0,0,0
2025-12-01 07:15:00+00:00,321,22.00000000016189,19.893654239609447,0,0,0
2025-12-01 07:30:00+00:00,321,20.999999999958163,19.04511840405556,0,0,0
2025-12-01 07:45:00+00:00,321,18.000000000029104,19.189112021394426,0,0,0
2025-12-01 08:00:00+00:00,321,19.000000000005457,19.104994310607623,0,0,0
2025-12-01 08:15:00+00:00,321,12.999999999919964,16.23299642548865,0,0,0
2025-12-01 08:30:00+00:00,321,9.999999999990903,10.903199069126895,0,0,0
2025-12-01 08:45:00+00:00,321,10.999999999967258,10.278074690700134,0,0,0
2025-12-01 09:00:00+00:00,321,10.999999999967258,10.174388510029797,0,0,0
2025-12-01 09:15:00+00:00,321,11.000000000194632,11.399343226892936,0,0,0
2025-12-01 09:30:00+00:00,321,9.999999999990903,10.4773320299055,0,0,0
2025-12-01 09:45:00+00:00,321,9.000000000014552,9.826705933378689,0,0,0
2025-12-01 10:00:00+00:00,321,10.999999999967258,10.143856366606652,0,0,0
2025-12-01 10:15:00+00:00,321,9.000000000014552,10.254838971530022,0,0,0
2025-12-01 10:30:00+00:00,321,10.999999999967258,9.909008768240431,0,0,0
2025-12-01 10:45:00+00:00,321,9.000000000014552,10.100005133750086,0,0,0
2025-12-01 11:00:00+00:00,321,8.000000000038199,9.807279376870085,0,0,0
2025-12-01 11:15:00+00:00,321,8.999999999787178,9.443356948926514,0,0,0
2025-12-01 11:30:00+00:00,321,8.000000000038199,9.071351227447725,0,0,0
2025-12-01 11:45:00+00:00,321,9.000000000014552,8.670656794210922,0,0,0
2025-12-01 12:00:00+00:00,321,8.000000000038199,8.893620301193165,0,0,0
2025-12-01 12:15:00+00:00,321,9.000000000014552,8.502070627385446,0,0,0
2025-12-01 12:30:00+00:00,321,9.000000000014552,8.679246591580279,0,0,0
2025-12-01 12:45:00+00:00,321,8.000000000038199,8.729295285359544,0,0,0
2025-12-01 13:00:00+00:00,321,8.000000000038199,8.640821526222446,0,0,0
2025-12-01 13:15:00+00:00,321,6.999999999834472,8.580862548426513,0,0,0
2025-12-01 13:30:00+00:00,321,7.000000000061846,8.2312898125356,0,0,0
2025-12-01 13:45:00+00:00,321,7.000000000061846,8.056310909675972,0,0,0
2025-12-01 14:00:00+00:00,321,8.000000000038199,7.925595711474058,0,0,0
2025-12-01 14:15:00+00:00,321,7.999999999810825,7.922627933598527,0,0,0
2025-12-01 14:30:00+00:00,321,10.00000000021828,7.898878211106985,0,0,0
2025-12-01 14:45:00+00:00,321,8.999999999787178,8.035863557569982,0,0,0
2025-12-01 15:00:00+00:00,321,8.000000000038199,8.167479559572584,0,0,0
2025-12-01 15:15:00+00:00,321,8.000000000038199,7.960153925806583,0,0,0
2025-12-01 15:30:00+00:00,321,9.999999999990903,7.932685611384695,0,0,0
2025-12-01 15:45:00+00:00,321,10.999999999967258,8.452220958461279,0,0,0
2025-12-01 16:00:00+00:00,321,9.000000000014552,9.235825367701755,0,0,0
2025-12-01 16:15:00+00:00,321,9.000000000014552,8.944191074664793,0,0,0
2025-12-01 16:30:00+00:00,321,9.999999999990903,8.965320014789043,0,0,0
2025-12-01 16:45:00+00:00,321,9.000000000014552,8.9045678219909,0,0,0
2025-12-01 17:00:00+00:00,321,8.000000000038199,8.866720217154676,0,0,0
2025-12-01 17:15:00+00:00,321,8.000000000038199,8.656065099472137,0,0,0
2025-12-01 17:30:00+00:00,321,8.000000000038199,8.620799048915824,0,0,0
2025-12-01 17:45:00+00:00,321,9.000000000014552,8.283934194243908,0,0,0
2025-12-01 18:00:00+00:00,321,7.999999999810825,8.178491691337772,0,0,0
2025-12-01 18:15:00+00:00,321,9.999999999990903,8.218488187725432,0,0,0
2025-12-01 18:30:00+00:00,321,13.000000000147338,9.358203732009564,0,0,0
2025-12-01 18:45:00+00:00,321,9.999999999990903,10.235986414241198,0,0,0
2025-12-01 19:00:00+00:00,321,9.999999999990903,9.780481401235516,0,0,0
2025-12-01 19:15:00+00:00,321,9.000000000014552,10.105512064958138,0,0,0
2025-12-01 19:30:00+00:00,321,9.999999999990903,10.40325036376845,0,0,0
2025-12-01 19:45:00+00:00,321,9.999999999990903,9.348585927997348,0,0,0
2025-12-01 20:00:00+00:00,321,9.000000000014552,9.010279441114148,0,0,0
2025-12-01 20:15:00+00:00,321,9.000000000014552,8.775009852366752,0,0,0
2025-12-01 20:30:00+00:00,321,8.000000000038199,8.598400964788043,0,0,0
2025-12-01 20:45:00+00:00,321,9.000000000014552,7.07262912113875,0,0,0
2025-12-01 21:00:00+00:00,321,7.999999999810825,7.250294282658581,0,0,0
2025-12-01 21:15:00+00:00,321,6.0000000000854925,6.558930971152956,0,0,0
2025-12-01 21:30:00+00:00,321,6.0000000000854925,5.943587077924318,0,0,0
2025-12-01 21:45:00+00:00,321,2.9999999999290594,5.178306151566189,0,0,0
2025-12-01 22:00:00+00:00,321,2.9999999999290594,3.763688752053925,0,0,0
2025-12-01 22:15:00+00:00,321,4.000000000132786,3.788638717009488,0,0,0
2025-12-01 22:30:00+00:00,321,3.999999999905413,4.251978927530837,0,0,0
2025-12-01 22:45:00+00:00,321,5.000000000109139,4.493463067378706,0,0,0
2025-12-01 23:00:00+00:00,321,4.999999999881766,4.64871803021436,0,0,0
2025-12-01 23:15:00+00:00,321,4.000000000132786,4.772507740342457,0,0,0
2025-12-01 23:30:00+00:00,321,4.999999999881766,4.841517878197214,0,0,0
2025-12-01 23:45:00+00:00,321,5.000000000109139,4.801176116952231,0,0,0
2025-12-02 00:00:00+00:00,321,2.9999999999290594,4.9854751518668845,0,0,0
2025-12-02 00:15:00+00:00,321,3.999999999905413,4.931466151912961,0,0,0
2025-12-02 00:30:00+00:00,321,3.000000000156433,4.708842429393482,0,0,0
2025-12-02 00:45:00+00:00,321,3.999999999905413,4.477570283704938,0,0,0
2025-12-02 01:00:00+00:00,321,2.9999999999290594,4.320712666012552,0,0,0
2025-12-02 01:15:00+00:00,321,4.000000000132786,4.118110916026514,0,0,0
2025-12-02 01:30:00+00:00,321,3.999999999905413,4.490734984654752,0,0,0
2025-12-02 01:45:00+00:00,321,4.000000000132786,4.474756677981654,0,0,0
2025-12-02 02:00:00+00:00,321,3.999999999905413,4.401485605466404,0,0,0
2025-12-02 02:15:00+00:00,321,3.999999999905413,4.542689557752959,0,0,0
2025-12-02 02:30:00+00:00,321,5.000000000109139,4.4373795217521925,0,0,0
2025-12-02 02:45:00+00:00,321,3.999999999905413,4.473720162305133,0,0,0
2025-12-02 03:00:00+00:00,321,4.000000000132786,4.353022620587004,0,0,0
2025-12-02 03:15:00+00:00,321,3.999999999905413,4.492336269412844,0,0,0
2025-12-02 03:30:00+00:00,321,3.000000000156433,4.503049719674474,0,0,0
2025-12-02 03:45:00+00:00,321,3.999999999905413,4.01665651787534,0,0,0
2025-12-02 04:00:00+00:00,321,3.999999999905413,4.188176967270118,0,0,0
2025-12-02 04:15:00+00:00,321,5.000000000109139,5.412912396240374,0,0,0
2025-12-02 04:30:00+00:00,321,3.999999999905413,6.344439288836105,0,0,0
2025-12-02 04:45:00+00:00,321,5.000000000109139,4.683567570784061,0,0,0
2025-12-02 05:00:00+00:00,321,3.999999999905413,6.0625358690044,0,0,0
2025-12-02 05:15:00+00:00,321,20.999999999958163,10.774235578091671,0,0,0
2025-12-02 05:30:00+00:00,321,19.99999999998181,20.627491762727807,0,0,0
2025-12-02 05:45:00+00:00,321,14.000000000123691,14.724217266279368,0,0,0
2025-12-02 06:00:00+00:00,321,11.999999999943611,11.670025106198867,0,0,0
2025-12-02 06:15:00+00:00,321,16.000000000076398,10.277025339362668,0,0,0
2025-12-02 06:30:00+00:00,321,17.00000000005275,14.310520164284569,0,0,0
2025-12-02 06:45:00+00:00,321,14.99999999987267,14.770798312510806,0,0,0
2025-12-02 07:00:00+00:00,321,15.000000000100044,13.144018758922265,0,0,0
2025-12-02 07:15:00+00:00,321,13.999999999896318,13.054166247890418,0,0,0
2025-12-02 07:30:00+00:00,321,11.999999999943611,12.839422467423775,0,0,0
2025-12-02 07:45:00+00:00,321,11.000000000194632,11.943586788625543,0,0,0
2025-12-02 08:00:00+00:00,321,10.999999999967258,12.312218894589492,0,0,0
2025-12-02 08:15:00+00:00,321,11.999999999943611,11.288103331867031,0,0,0
2025-12-02 08:30:00+00:00,321,9.999999999990903,10.830473656422708,0,0,0
2025-12-02 08:45:00+00:00,321,9.000000000014552,9.83279436329381,0,0,0
2025-12-02 09:00:00+00:00,321,9.999999999990903,9.489028249660873,0,0,0
2025-12-02 09:15:00+00:00,321,9.999999999990903,9.956644934645713,0,0,0
2025-12-02 09:30:00+00:00,321,10.999999999967258,9.633658169652415,0,0,0
2025-12-02 09:45:00+00:00,321,10.999999999967258,9.927882093340225,0,0,0
2025-12-02 10:00:00+00:00,321,9.999999999990903,10.482255154871927,0,0,0
2025-12-02 10:15:00+00:00,321,10.999999999967258,10.550577791651136,0,0,0
2025-12-02 10:30:00+00:00,321,10.00000000021828,10.280555867227037,0,0,0
2025-12-02 10:45:00+00:00,321,9.999999999990903,10.173136672535405,0,0,0
2025-12-02 11:00:00+00:00,321,10.999999999967258,10.3370252758969,0,0,0
2025-12-02 11:15:00+00:00,321,9.999999999990903,10.52091558875405,0,0,0
2025-12-02 11:30:00+00:00,321,9.999999999990903,10.286270476544756,0,0,0
2025-12-02 11:45:00+00:00,321,9.000000000014552,10.104283302809264,0,0,0
2025-12-02 12:00:00+00:00,321,9.000000000014552,9.998630525817088,0,0,0
2025-12-02 12:15:00+00:00,321,10.999999999967258,10.027340870711525,0,0,0
2025-12-02 12:30:00+00:00,321,9.999999999990903,9.826587672232904,0,0,0
2025-12-02 12:45:00+00:00,321,10.999999999967258,9.609457324155985,0,0,0
2025-12-02 13:00:00+00:00,321,9.000000000014552,9.79572382071793,0,0,0
2025-12-02 13:15:00+00:00,321,9.000000000014552,9.295899722225286,0,0,0
2025-12-02 13:30:00+00:00,321,8.000000000038199,8.935029008726572,0,0,0
2025-12-02 13:45:00+00:00,321,9.999999999990903,8.669954726823514,0,0,0
2025-12-02 14:00:00+00:00,321,9.000000000014552,9.048387797354737,0,0,0
2025-12-02 14:15:00+00:00,321,8.000000000038199,9.104445887990725,0,0,0
2025-12-02 14:30:00+00:00,321,8.999999999787178,8.602821624105799,0,0,0
2025-12-02 14:45:00+00:00,321,7.000000000061846,8.609979019402079,0,0,0
2025-12-02 15:00:00+00:00,321,8.000000000038199,8.23700153743513,0,0,0
2025-12-02 15:15:00+00:00,321,8.000000000038199,8.141340961936216,0,0,0
2025-12-02 15:30:00+00:00,321,9.000000000014552,8.082410279224959,0,0,0
2025-12-02 15:45:00+00:00,321,9.000000000014552,8.237555634169398,0,0,0
2025-12-02 16:00:00+00:00,321,9.000000000014552,8.197998146230233,0,0,0
2025-12-02 18:15:00+00:00,321,9.999999999990903,8.183082242886911,0,0,0
2025-12-02 18:30:00+00:00,321,11.999999999943611,8.632454405937345,0,0,0
2025-12-02 18:45:00+00:00,321,9.000000000014552,9.645190073575414,0,0,0
2025-12-02 19:00:00+00:00,321,9.000000000014552,9.089861115855594,0,0,0
2025-12-02 19:15:00+00:00,321,8.000000000038199,8.540592609194455,0,0,0
2025-12-02 19:30:00+00:00,321,7.000000000061846,9.221863629895635,0,0,0
2025-12-02 19:45:00+00:00,321,5.999999999858119,7.760241246788483,0,0,0
2025-12-02 20:00:00+00:00,321,6.0000000000854925,6.409824434130774,0,0,0
2025-12-02 20:15:00+00:00,321,6.0000000000854925,6.080117840080596,0,0,0
2025-12-02 20:30:00+00:00,321,6.999999999834472,6.516175817208529,0,0,0
2025-12-02 20:45:00+00:00,321,9.999999999990903,6.448662836615211,0,0,0
2025-12-02 21:00:00+00:00,321,7.000000000061846,7.606469740227867,0,0,0
2025-12-02 21:15:00+00:00,321,2.9999999999290594,6.002238837396615,0,0,0
2025-12-02 21:30:00+00:00,321,4.000000000132786,4.0498611108066,0,0,0
2025-12-02 21:45:00+00:00,321,0.9999999999763532,4.088680908793712,0,0,0
2025-12-02 22:00:00+00:00,321,1.9999999999527065,3.6686886362100295,0,0,0
2025-12-02 22:15:00+00:00,321,0.9999999999763532,3.498459865335892,0,0,0
2025-12-02 22:30:00+00:00,321,3.000000000156433,3.1946989734556377,0,0,0
2025-12-02 22:45:00+00:00,321,1.9999999999527065,3.866117326393491,0,0,0
2025-12-02 23:00:00+00:00,321,3.999999999905413,3.1896032881710035,0,0,0
2025-12-02 23:15:00+00:00,321,3.000000000156433,3.57628716482382,0,0,0
2025-12-02 23:30:00+00:00,321,2.9999999999290594,4.235295020058048,0,0,0
2025-12-02 23:45:00+00:00,321,3.999999999905413,3.963288760140247,0,0,0
2025-12-03 00:00:00+00:00,321,3.000000000156433,4.455211139222721,0,0,0
2025-12-03 00:15:00+00:00,321,3.999999999905413,4.401080416821186,0,0,0
2025-12-03 00:30:00+00:00,321,3.999999999905413,4.438452381097905,0,0,0
2025-12-03 00:45:00+00:00,321,4.000000000132786,4.388470677931098,0,0,0
2025-12-03 01:00:00+00:00,321,3.999999999905413,4.362273887157746,0,0,0
2025-12-03 01:15:00+00:00,321,4.000000000132786,4.151792267229327,0,0,0
2025-12-03 01:30:00+00:00,321,3.999999999905413,4.349168316780824,0,0,0
2025-12-03 01:45:00+00:00,321,4.000000000132786,4.477789283156001,0,0,0
2025-12-03 02:00:00+00:00,321,4.999999999881766,4.493607865171837,0,0,0
2025-12-03 02:15:00+00:00,321,3.999999999905413,4.749305624644258,0,0,0
2025-12-03 02:30:00+00:00,321,4.000000000132786,4.73615484101221,0,0,0
2025-12-03 02:45:00+00:00,321,3.999999999905413,4.61881872814207,0,0,0
2025-12-03 03:00:00+00:00,321,4.000000000132786,4.576319998974721,0,0,0
2025-12-03 03:15:00+00:00,321,2.9999999999290594,4.576894575078138,0,0,0
2025-12-03 03:30:00+00:00,321,3.999999999905413,4.438572589225967,0,0,0
2025-12-03 03:45:00+00:00,321,4.000000000132786,4.410549312744352,0,0,0
2025-12-03 04:00:00+00:00,321,3.999999999905413,4.511547071440846,0,0,0
2025-12-03 04:15:00+00:00,321,4.000000000132786,4.7140464966916,0,0,0
2025-12-03 04:30:00+00:00,321,3.999999999905413,5.002570665815364,0,0,0
2025-12-03 04:45:00+00:00,321,4.000000000132786,4.843727198309725,0,0,0
2025-12-03 05:00:00+00:00,321,3.999999999905413,5.160892630512279,0,0,0
2025-12-03 05:15:00+00:00,321,19.99999999998181,8.0109782396371,0,0,0
2025-12-03 05:30:00+00:00,321,18.000000000029104,20.70998843049191,0,0,0
2025-12-03 07:30:00+00:00,321,9.999999999990903,13.0863459709836,0,0,0
2025-12-03 07:45:00+00:00,321,9.000000000014552,9.644561270410026,0,0,0
2025-12-03 08:00:00+00:00,321,9.999999999990903,8.771034547217509,0,0,0
2025-12-03 08:15:00+00:00,321,11.999999999943611,9.364712710096768,0,0,0
2025-12-03 08:30:00+00:00,321,9.999999999990903,10.354215254541096,0,0,0
2025-12-03 08:45:00+00:00,321,9.000000000014552,8.973703287816006,0,0,0
2025-12-03 09:00:00+00:00,321,9.000000000014552,8.771202420356158,0,0,0
2025-12-03 09:15:00+00:00,321,9.999999999990903,8.600402751011796,0,0,0
2025-12-03 09:30:00+00:00,321,9.999999999990903,8.628576594122919,0,0,0
2025-12-03 09:45:00+00:00,321,8.000000000038199,9.214046856601158,0,0,0
2025-12-03 10:00:00+00:00,321,9.000000000014552,8.745434758899002,0,0,0
2025-12-03 10:15:00+00:00,321,8.000000000038199,8.5367401802601,0,0,0
2025-12-03 10:30:00+00:00,321,9.000000000014552,8.361964051999218,0,0,0
2025-12-03 10:45:00+00:00,321,8.000000000038199,8.662179489150969,0,0,0
2025-12-03 11:00:00+00:00,321,7.999999999810825,8.647056484581615,0,0,0
2025-12-03 11:15:00+00:00,321,8.000000000038199,8.221676912034305,0,0,0
2025-12-03 11:30:00+00:00,321,7.000000000061846,7.760685735631538,0,0,0
2025-12-03 11:45:00+00:00,321,8.000000000038199,7.536921225717975,0,0,0
2025-12-03 12:00:00+00:00,321,8.000000000038199,8.178734270907539,0,0,0
2025-12-03 12:15:00+00:00,321,7.999999999810825,8.119194110632769,0,0,0
2025-12-03 12:30:00+00:00,321,9.000000000014552,8.017807965027014,0,0,0
2025-12-03 12:45:00+00:00,321,9.000000000014552,8.294652980679189,0,0,0
2025-12-03 13:00:00+00:00,321,9.000000000014552,8.576460349385172,0,0,0
2025-12-03 13:15:00+00:00,321,8.000000000038199,8.479613124242956,0,0,0
2025-12-03 13:30:00+00:00,321,8.000000000038199,8.123762452161845,0,0,0
2025-12-03 13:45:00+00:00,321,9.000000000014552,8.233132090433454,0,0,0
2025-12-03 14:00:00+00:00,321,7.000000000061846,8.543024750612133,0,0,0
2025-12-03 17:00:00+00:00,321,7.000000000061846,8.157607349876024,0,0,0
2025-12-03 17:15:00+00:00,321,7.000000000061846,7.99642750363661,0,0,0
2025-12-03 17:30:00+00:00,321,7.000000000061846,7.991916273587694,0,0,0
2025-12-03 17:45:00+00:00,321,6.999999999834472,7.717911544527059,0,0,0
2025-12-03 18:00:00+00:00,321,6.0000000000854925,7.260187260166109,1,0,1
2025-12-03 18:15:00+00:00,321,9.000000000014552,6.9871413117117775,1,0,1
2025-12-03 18:30:00+00:00,321,10.999999999967258,7.717167653075897,1,0,1
2025-12-03 18:45:00+00:00,321,4.999999999881766,8.408271078502619,1,0,1
2025-12-03 19:00:00+00:00,321,5.000000000109139,7.343364939064834,0,0,0
2025-12-03 19:15:00+00:00,321,4.999999999881766,6.744609334845993,0,0,0
2025-12-03 19:30:00+00:00,321,6.0000000000854925,6.598776035585647,0,0,0
2025-12-03 19:45:00+00:00,321,6.0000000000854925,6.328514992893611,0,0,0
2025-12-03 20:00:00+00:00,321,4.999999999881766,6.047425267433261,0,0,0
2025-12-03 20:15:00+00:00,321,6.0000000000854925,5.663114329514776,0,0,0
2025-12-03 20:30:00+00:00,321,6.0000000000854925,5.700837615927018,0,0,0
2025-12-03 20:45:00+00:00,321,4.999999999881766,5.141485832268277,0,0,0
2025-12-03 21:00:00+00:00,321,5.000000000109139,5.174433964367232,0,0,0
2025-12-03 21:15:00+00:00,321,2.9999999999290594,4.531644327289042,0,0,0
2025-12-03 21:30:00+00:00,321,2.9999999999290594,3.5198376946946963,0,0,0
2025-12-03 21:45:00+00:00,321,1.9999999999527065,2.733076181579749,0,0,0
2025-12-03 22:00:00+00:00,321,0.9999999999763532,2.3198103001043293,0,0,0
2025-12-03 22:15:00+00:00,321,2.00000000018008,2.43674259442789,0,0,0
2025-12-03 22:30:00+00:00,321,1.9999999999527065,2.2182288793871203,0,0,0
2025-12-03 22:45:00+00:00,321,2.9999999999290594,1.9123879614397152,0,0,0
2025-12-03 23:00:00+00:00,321,1.9999999999527065,3.4563680194094477,0,0,0
2025-12-03 23:15:00+00:00,321,3.000000000156433,3.319562913028088,0,0,0
2025-12-03 23:30:00+00:00,321,2.9999999999290594,3.46937065211222,0,0,0
2025-12-03 23:45:00+00:00,321,2.9999999999290594,3.348409979344722,0,0,0
2025-12-04 00:00:00+00:00,321,3.000000000156433,3.481071438720233,0,0,0
2025-12-04 00:15:00+00:00,321,2.9999999999290594,3.778616932202169,0,0,0
2025-12-04 00:30:00+00:00,321,2.9999999999290594,3.455193015604587,0,0,0
2025-12-04 00:45:00+00:00,321,3.000000000156433,3.489710956248137,0,0,0
2025-12-04 01:00:00+00:00,321,2.9999999999290594,3.43772346472734,0,0,0
2025-12-04 01:15:00+00:00,321,2.9999999999290594,3.792442363221208,0,0,0
2025-12-04 01:30:00+00:00,321,3.000000000156433,3.58612151653164,0,0,0
2025-12-04 01:45:00+00:00,321,2.9999999999290594,3.494470065985244,0,0,0
2025-12-04 02:00:00+00:00,321,2.9999999999290594,3.684185894039516,0,0,0
2025-12-04 02:15:00+00:00,321,2.9999999999290594,3.912523685048305,0,0,0
2025-12-04 02:30:00+00:00,321,3.000000000156433,3.701448704243007,0,0,0
2025-12-04 02:45:00+00:00,321,3.999999999905413,3.532025262927473,0,0,0
2025-12-04 03:00:00+00:00,321,3.000000000156433,3.893093126409464,0,0,0
2025-12-04 03:15:00+00:00,321,2.9999999999290594,3.943193559440011,0,0,0
2025-12-04 03:30:00+00:00,321,3.999999999905413,3.5090894511386512,0,0,0
2025-12-04 03:45:00+00:00,321,6.0000000000854925,3.732849778645839,0,0,0
2025-12-04 04:00:00+00:00,321,5.999999999858119,6.013167897917936,0,0,0
2025-12-04 04:15:00+00:00,321,6.0000000000854925,7.273902380217001,0,0,0
2025-12-04 04:30:00+00:00,321,7.000000000061846,6.134267888084002,0,0,0
2025-12-04 04:45:00+00:00,321,5.999999999858119,6.511274036936707,0,0,0
2025-12-04 10:00:00+00:00,321,9.000000000014552,6.965014362893843,0,0,0
2025-12-04 10:15:00+00:00,321,9.000000000014552,10.038906810769165,0,0,0
2025-12-04 10:30:00+00:00,321,9.000000000014552,8.570919382042481,0,0,0
2025-12-04 10:45:00+00:00,321,8.000000000038199,7.784223453386126,0,0,0
2025-12-04 11:00:00+00:00,321,7.999999999810825,7.81968824035572,0,0,0
2025-12-04 11:15:00+00:00,321,9.000000000014552,7.986190126597215,0,0,0
2025-12-04 11:30:00+00:00,321,9.999999999990903,8.360672986417443,0,0,0
2025-12-04 11:45:00+00:00,321,7.000000000061846,8.68563673163806,0,0,0
2025-12-04 12:00:00+00:00,321,8.000000000038199,8.434448327342732,0,0,0
2025-12-04 12:15:00+00:00,321,8.000000000038199,8.221313475342384,0,0,0
2025-12-04 12:30:00+00:00,321,9.999999999990903,8.158891204412324,0,0,0
2025-12-04 12:45:00+00:00,321,9.000000000014552,8.351459577835442,0,0,0
2025-12-04 13:00:00+00:00,321,9.000000000014552,8.417102013232647,0,0,0
2025-12-04 13:15:00+00:00,321,6.999999999834472,8.416298414324956,0,0,0
2025-12-04 13:30:00+00:00,321,8.000000000038199,8.192905705916065,0,0,0
2025-12-04 13:45:00+00:00,321,7.000000000061846,7.985993409276667,0,0,0
2025-12-04 14:00:00+00:00,321,7.000000000061846,7.979945649658021,0,0,0
2025-12-04 14:15:00+00:00,321,8.000000000038199,7.627883660869271,0,0,0
2025-12-04 14:30:00+00:00,321,7.999999999810825,7.734807312515891,0,0,0
2025-12-04 14:45:00+00:00,321,7.000000000061846,7.579583212954869,0,0,0
2025-12-04 15:00:00+00:00,321,8.000000000038199,7.427947329622015,0,0,0
2025-12-04 15:15:00+00:00,321,7.000000000061846,7.637439738332226,0,0,0
2025-12-04 15:30:00+00:00,321,7.999999999810825,7.950418437532221,0,0,0
2025-12-04 15:45:00+00:00,321,9.000000000014552,8.172769005649123,0,0,0
2025-12-04 16:00:00+00:00,321,9.000000000014552,8.716647111597078,0,0,0
2025-12-04 16:15:00+00:00,321,9.000000000014552,9.21923188673922,0,0,0
2025-12-04 16:30:00+00:00,321,9.000000000014552,9.37363248490704,0,0,0
2025-12-04 16:45:00+00:00,321,8.000000000038199,9.326543204190555,0,0,0
2025-12-04 17:00:00+00:00,321,8.000000000038199,9.191222455464915,0,0,0
2025-12-04 17:15:00+00:00,321,8.000000000038199,8.935221687861652,0,0,0
2025-12-04 17:30:00+00:00,321,8.000000000038199,9.460766720236776,0,0,0
2025-12-04 17:45:00+00:00,321,7.999999999810825,8.906473268647112,0,0,0
2025-12-04 18:00:00+00:00,321,8.000000000038199,8.466429025580814,0,0,0
2025-12-04 18:15:00+00:00,321,13.000000000147338,8.56600029526152,0,0,0
2025-12-04 18:30:00+00:00,321,17.99999999980173,13.735130654938018,0,0,0
2025-12-04 18:45:00+00:00,321,18.000000000029104,15.9809340424818,0,0,0
2025-12-04 19:00:00+00:00,321,15.000000000100044,16.71921356961252,0,0,0
2025-12-04 19:15:00+00:00,321,14.99999999987267,15.815317672624587,0,0,0
2025-12-04 19:30:00+00:00,321,15.000000000100044,15.66878922858049,0,0,0
2025-12-04 19:45:00+00:00,321,15.000000000100044,15.065278949417507,0,0,0
2025-12-04 20:00:00+00:00,321,13.999999999896318,15.006044537470864,0,0,0
2025-12-04 20:15:00+00:00,321,13.999999999896318,14.941637786826188,0,0,0
2025-12-04 20:30:00+00:00,321,15.000000000100044,15.004334654367923,0,0,0
2025-12-04 20:45:00+00:00,321,16.000000000076398,14.8868742230738,0,0,0
2025-12-04 21:00:00+00:00,321,15.999999999849024,14.867140187586164,0,0,0
2025-12-04 21:15:00+00:00,321,12.000000000170983,14.934622881788483,0,0,0
2025-12-04 21:30:00+00:00,321,13.999999999896318,12.984326984026993,0,0,0
2025-12-04 21:45:00+00:00,321,9.999999999990903,12.64545572806222,0,0,0
2025-12-04 22:00:00+00:00,321,12.999999999919964,11.62638443587016,0,0,0
2025-12-04 22:15:00+00:00,321,13.000000000147338,12.55258034676742,0,0,0
2025-12-04 22:30:00+00:00,321,14.99999999987267,12.638169687714672,0,0,0
2025-12-04 22:45:00+00:00,321,16.000000000076398,12.868214152911165,0,0,0
2025-12-04 23:00:00+00:00,321,16.000000000076398,13.72990408917802,0,0,0
2025-12-04 23:15:00+00:00,321,14.99999999987267,14.066639145031392,0,0,0
2025-12-04 23:30:00+00:00,321,15.000000000100044,14.55865050841502,0,0,0
2025-12-04 23:45:00+00:00,321,13.999999999896318,14.200581141862283,0,0,0
2025-12-05 00:00:00+00:00,321,14.000000000123691,14.51044726539362,0,0,0
2025-12-05 00:15:00+00:00,321,13.999999999896318,14.154116626125717,0,0,0
2025-12-05 00:30:00+00:00,321,14.000000000123691,14.419255807438049,0,0,0
2025-12-05 00:45:00+00:00,321,14.99999999987267,14.029865120645423,0,0,0
2025-12-05 01:00:00+00:00,321,14.000000000123691,13.849876271831857,0,0,0
2025-12-05 01:15:00+00:00,321,14.99999999987267,13.748039003221209,0,0,0
2025-12-05 01:30:00+00:00,321,15.000000000100044,14.1058037752131,0,0,0
2025-12-05 01:45:00+00:00,321,14.99999999987267,14.223158059917836,0,0,0
2025-12-05 02:00:00+00:00,321,15.000000000100044,14.42569959767416,0,0,0
2025-12-05 02:15:00+00:00,321,14.99999999987267,14.642328633869685,0,0,0
2025-12-05 02:30:00+00:00,321,16.000000000076398,14.577475375289222,0,0,0
2025-12-05 02:45:00+00:00,321,15.000000000100044,14.56750682602512,0,0,0
2025-12-05 03:00:00+00:00,321,13.999999999896318,14.149180809719256,0,0,0
2025-12-05 03:15:00+00:00,321,14.000000000123691,14.165338166651487,0,0,0
2025-12-05 03:30:00+00:00,321,13.999999999896318,13.872948156048786,0,0,0
2025-12-05 03:45:00+00:00,321,12.999999999919964,13.691980335701585,0,0,0
2025-12-05 04:00:00+00:00,321,13.000000000147338,13.322637509095657,0,0,0
2025-12-05 04:15:00+00:00,321,11.999999999943611,13.61217886829407,0,0,0
2025-12-05 04:30:00+00:00,321,11.999999999943611,13.053480910128512,0,0,0
2025-12-05 04:45:00+00:00,321,10.999999999967258,12.01820091836044,0,0,0
2025-12-05 05:00:00+00:00,321,12.000000000170983,11.338581227072948,0,0,0
2025-12-05 05:45:00+00:00,321,12.999999999919964,13.471835770616272,0,0,0
2025-12-05 06:00:00+00:00,321,10.999999999967258,13.074461591157805,0,0,0
2025-12-05 06:15:00+00:00,321,16.000000000076398,11.772550596989614,0,0,0
2025-12-05 06:30:00+00:00,321,19.000000000005457,14.17012630084663,0,0,0
2025-12-05 06:45:00+00:00,321,20.999999999958163,18.19588223176518,0,0,0
2025-12-05 07:00:00+00:00,321,18.000000000029104,17.818668404802803,0,0,0
2025-12-05 07:15:00+00:00,321,15.000000000100044,15.963166026432358,0,0,0
2025-12-05 07:30:00+00:00,321,15.999999999849024,15.22942657353245,0,0,0
2025-12-05 07:45:00+00:00,321,15.000000000100044,15.327701008795003,0,0,0
2025-12-05 08:00:00+00:00,321,13.999999999896318,14.621189309839952,0,0,0
2025-12-05 08:15:00+00:00,321,11.000000000194632,13.14398299213671,0,0,0
2025-12-05 08:30:00+00:00,321,8.999999999787178,9.546990633185796,0,0,0
2025-12-05 08:45:00+00:00,321,10.00000000021828,9.057416026288948,0,0,0
2025-12-05 09:00:00+00:00,321,9.999999999990903,9.321076077953524,0,0,0
2025-12-05 09:15:00+00:00,321,10.999999999967258,9.662930399210232,0,0,0
2025-12-05 09:30:00+00:00,321,9.999999999990903,9.996700273164446,0,0,0
2025-12-05 09:45:00+00:00,321,9.000000000014552,9.816148962803856,0,0,0
2025-12-05 10:00:00+00:00,321,9.000000000014552,9.693392162829545,0,0,0
2025-12-05 10:15:00+00:00,321,9.000000000014552,9.525337305834636,0,0,0
2025-12-05 10:30:00+00:00,321,8.999999999787178,9.308651735042588,0,0,0
2025-12-05 10:45:00+00:00,321,12.000000000170983,9.196921488924412,0,0,0
2025-12-05 11:00:00+00:00,321,9.999999999990903,9.3420215690809,0,0,0
2025-12-05 11:15:00+00:00,321,9.999999999990903,9.30061343843113,0,0,0
2025-12-05 11:30:00+00:00,321,9.999999999990903,9.030634203396245,0,0,0
2025-12-05 11:45:00+00:00,321,8.000000000038199,9.06704709862484,0,0,0
2025-12-05 12:00:00+00:00,321,6.999999999834472,8.786837697596027,0,0,0
2025-12-05 12:15:00+00:00,321,8.000000000038199,8.385834343171094,0,0,0
2025-12-05 12:30:00+00:00,321,9.000000000014552,8.330889637956385,0,0,0
2025-12-05 12:45:00+00:00,321,8.000000000038199,8.670637180167232,0,0,0
2025-12-05 13:00:00+00:00,321,9.000000000014552,8.16871322523238,0,0,0
2025-12-05 13:15:00+00:00,321,7.000000000061846,8.096497200780522,0,0,0
2025-12-05 13:30:00+00:00,321,9.000000000014552,7.894426688514598,0,0,0
2025-12-05 13:45:00+00:00,321,7.999999999810825,7.9441872289167,0,0,0
2025-12-05 14:00:00+00:00,321,8.000000000038199,8.041973043737892,0,0,0
2025-12-05 14:15:00+00:00,321,8.000000000038199,8.044675166698138,0,0,0
2025-12-05 14:30:00+00:00,321,8.000000000038199,8.024267042679533,0,0,0
2025-12-05 14:45:00+00:00,321,8.000000000038199,7.935779726776941,0,0,0
2025-12-05 15:00:00+00:00,321,8.000000000038199,7.883852122988809,0,0,0
2025-12-05 15:15:00+00:00,321,7.999999999810825,7.634032663566382,0,0,0
2025-12-05 15:30:00+00:00,321,8.000000000038199,7.748763281485635,0,0,0
2025-12-05 15:45:00+00:00,321,8.000000000038199,7.593612734588454,0,0,0
2025-12-05 16:00:00+00:00,321,8.000000000038199,7.581724028135373,0,0,0
2025-12-05 16:15:00+00:00,321,8.000000000038199,7.629878812931187,0,0,0
2025-12-05 16:30:00+00:00,321,8.000000000038199,7.739057791160446,0,0,0
2025-12-05 16:45:00+00:00,321,6.999999999834472,7.58486025603319,0,0,0
2025-12-05 17:00:00+00:00,321,7.000000000061846,7.26556352723016,0,0,0
2025-12-05 17:15:00+00:00,321,7.000000000061846,7.032620510194693,0,0,0
2025-12-05 17:30:00+00:00,321,7.000000000061846,7.0406394812042805,0,0,0
2025-12-05 17:45:00+00:00,321,6.999999999834472,6.857994660121502,0,0,0
2025-12-05 18:00:00+00:00,321,7.000000000061846,6.905899365860257,0,0,0
2025-12-05 18:15:00+00:00,321,6.0000000000854925,7.080327056403807,0,0,0
2025-12-05 18:30:00+00:00,321,7.999999999810825,7.152372323298827,0,0,0
2025-12-05 18:45:00+00:00,321,7.000000000061846,7.161907921392634,0,0,0
2025-12-05 19:00:00+00:00,321,5.000000000109139,7.302552440771269,0,0,0
2025-12-05 19:15:00+00:00,321,5.999999999858119,6.836557952576397,0,0,0
2025-12-05 19:30:00+00:00,321,8.000000000038199,6.943134897156598,0,0,0
2025-12-05 19:45:00+00:00,321,8.000000000038199,6.844789793648394,0,0,0
2025-12-05 20:00:00+00:00,321,7.000000000061846,7.218660291486918,0,0,0
2025-12-05 20:15:00+00:00,321,6.999999999834472,6.813124362318463,0,0,0
2025-12-05 20:30:00+00:00,321,7.000000000061846,6.962884508502462,0,0,0
2025-12-05 20:45:00+00:00,321,5.000000000109139,6.574534519792738,0,0,0
2025-12-05 21:00:00+00:00,321,5.999999999858119,5.257302073083732,0,0,0
2025-12-05 21:15:00+00:00,321,5.000000000109139,5.873072283320829,0,0,0
2025-12-05 21:30:00+00:00,321,4.999999999881766,6.547764234572791,0,0,0
2025-12-05 21:45:00+00:00,321,4.000000000132786,6.220436131761959,0,0,0
2025-12-05 22:00:00+00:00,321,4.999999999881766,5.618244897037194,0,0,0
2025-12-05 22:15:00+00:00,321,7.000000000061846,6.227230667249956,0,0,0
2025-12-05 22:30:00+00:00,321,8.000000000038199,7.27912865753518,0,0,0
2025-12-05 22:45:00+00:00,321,9.000000000014552,7.93031260053991,0,0,0
2025-12-05 23:00:00+00:00,321,9.999999999990903,9.93792852189545,0,0,0
2025-12-05 23:15:00+00:00,321,9.000000000014552,10.555162862805712,0,0,0
2025-12-05 23:30:00+00:00,321,9.000000000014552,10.319856641947306,0,0,0
2025-12-05 23:45:00+00:00,321,9.999999999990903,10.106552763041034,0,0,0
2025-12-06 00:00:00+00:00,321,9.000000000014552,10.96264346671776,0,0,0
2025-12-06 00:15:00+00:00,321,9.000000000014552,10.411873043505173,0,0,0
2025-12-06 00:30:00+00:00,321,9.000000000014552,10.23224301631442,0,0,0
2025-12-06 00:45:00+00:00,321,9.999999999990903,9.898056055489954,0,0,0
2025-12-06 01:00:00+00:00,321,7.999999999810825,9.6759598930574,0,0,0
2025-12-06 01:15:00+00:00,321,9.000000000014552,9.39762795982836,0,0,0
2025-12-06 01:30:00+00:00,321,8.000000000038199,9.104620106849389,0,0,0
2025-12-06 01:45:00+00:00,321,8.000000000038199,8.810284556177635,0,0,0
2025-12-06 02:00:00+00:00,321,7.000000000061846,8.420232183852265,0,0,0
2025-12-06 02:15:00+00:00,321,8.000000000038199,8.246375319668486,0,0,0
2025-12-06 02:30:00+00:00,321,7.999999999810825,8.16116152996955,0,0,0
2025-12-06 02:45:00+00:00,321,7.000000000061846,8.025948370042393,0,0,0
2025-12-06 03:00:00+00:00,321,7.000000000061846,7.686294282980898,0,0,0
2025-12-06 03:15:00+00:00,321,7.000000000061846,7.51881919404215,0,0,0
2025-12-06 03:30:00+00:00,321,5.999999999858119,7.310741592454056,0,0,0
2025-12-06 03:45:00+00:00,321,6.0000000000854925,7.055622591491427,0,0,0
2025-12-06 04:00:00+00:00,321,5.999999999858119,6.752590519977293,0,0,0
2025-12-06 07:45:00+00:00,321,11.999999999943611,6.849609368001805,0,0,0
2025-12-06 08:00:00+00:00,321,12.000000000170983,7.918354668050272,0,0,0
2025-12-06 08:15:00+00:00,321,10.999999999967258,9.32355148564405,0,0,0
2025-12-06 08:30:00+00:00,321,9.000000000014552,9.113417005444775,0,0,0
2025-12-06 08:45:00+00:00,321,7.999999999810825,8.440575985345237,0,0,0
2025-12-06 09:00:00+00:00,321,9.000000000014552,7.532032136886189,0,0,0
2025-12-06 09:15:00+00:00,321,8.000000000038199,7.906010800406833,0,0,0
2025-12-06 09:30:00+00:00,321,8.000000000038199,7.984559276552677,0,0,0
2025-12-06 09:45:00+00:00,321,8.000000000038199,8.03894584684765,0,0,0
2025-12-06 10:00:00+00:00,321,8.000000000038199,7.61792347641792,0,0,0
2025-12-06 10:15:00+00:00,321,8.000000000038199,7.290894487773373,0,0,0
2025-12-06 10:30:00+00:00,321,7.999999999810825,7.214999676362186,0,0,0
2025-12-06 10:45:00+00:00,321,7.000000000061846,7.126421789728434,0,0,0
2025-12-06 11:00:00+00:00,321,7.000000000061846,6.939585332132175,0,0,0
2025-12-06 11:15:00+00:00,321,8.000000000038199,6.790503889548246,0,0,0
2025-12-06 11:30:00+00:00,321,6.999999999834472,6.981138549016893,0,0,0
2025-12-06 11:45:00+00:00,321,6.0000000000854925,7.0029779213413,0,0,0
2025-12-06 12:00:00+00:00,321,8.000000000038199,6.725430549859897,0,0,0
2025-12-06 12:15:00+00:00,321,7.000000000061846,6.68347380287042,0,0,0
2025-12-06 12:30:00+00:00,321,6.999999999834472,6.711535730555779,0,0,0
2025-12-06 12:45:00+00:00,321,7.000000000061846,6.669812044556041,0,0,0
2025-12-06 13:00:00+00:00,321,7.000000000061846,6.670649679598372,0,0,0
2025-12-06 13:15:00+00:00,321,5.999999999858119,6.670041067360315,0,0,0
2025-12-06 13:30:00+00:00,321,7.000000000061846,6.493144603288078,0,0,0
2025-12-06 13:45:00+00:00,321,6.0000000000854925,6.481134462829203,0,0,0
2025-12-06 14:00:00+00:00,321,6.999999999834472,6.478637998885893,0,0,0
2025-12-06 14:15:00+00:00,321,6.0000000000854925,6.387236555286103,0,0,0
2025-12-06 14:30:00+00:00,321,7.000000000061846,6.340042858631144,0,0,0
2025-12-06 14:45:00+00:00,321,5.999999999858119,6.476909943948357,0,0,0
2025-12-06 15:00:00+00:00,321,6.0000000000854925,6.480666033315172,0,0,0
2025-12-06 15:15:00+00:00,321,7.000000000061846,6.320331898489023,0,0,0
2025-12-06 15:30:00+00:00,321,7.000000000061846,6.450737598619166,0,0,0
2025-12-06 15:45:00+00:00,321,5.999999999858119,6.563017037960689,0,0,0
2025-12-06 16:00:00+00:00,321,7.000000000061846,6.520878284183432,0,0,0
2025-12-06 16:15:00+00:00,321,7.000000000061846,6.3901622206560615,0,0,0
2025-12-06 16:30:00+00:00,321,7.999999999810825,6.44686497875748,0,0,0
2025-12-06 16:45:00+00:00,321,6.0000000000854925,6.696306002513401,0,0,0
2025-12-06 17:00:00+00:00,321,7.000000000061846,6.577443743979014,0,0,0
2025-12-06 17:15:00+00:00,321,8.000000000038199,6.475724448072331,0,0,0
2025-12-06 17:30:00+00:00,321,6.999999999834472,6.643041470894277,0,0,0
2025-12-06 17:45:00+00:00,321,7.000000000061846,6.569769172501296,0,0,0
2025-12-06 18:00:00+00:00,321,6.0000000000854925,6.528889178822087,0,0,0
2025-12-06 18:15:00+00:00,321,5.999999999858119,6.20248293606473,0,0,0
2025-12-06 18:30:00+00:00,321,8.000000000038199,6.09193789738076,0,0,0
2025-12-06 18:45:00+00:00,321,5.000000000109139,6.066252441842014,0,0,0
2025-12-06 19:00:00+00:00,321,4.999999999881766,5.889205122698447,0,0,0
2025-12-06 19:15:00+00:00,321,6.0000000000854925,5.499532051365041,0,0,0
2025-12-06 19:30:00+00:00,321,4.999999999881766,5.418825741971375,0,0,0
2025-12-06 19:45:00+00:00,321,6.0000000000854925,5.150195909876151,0,0,0
2025-12-06 20:00:00+00:00,321,6.0000000000854925,5.0870521017359,0,0,0
2025-12-06 20:15:00+00:00,321,4.999999999881766,5.074304271324972,0,0,0
2025-12-06 20:30:00+00:00,321,6.0000000000854925,4.997796521048443,0,0,0
2025-12-06 20:45:00+00:00,321,5.999999999858119,4.60670943580792,0,0,0
2025-12-06 21:00:00+00:00,321,5.000000000109139,4.89251554556094,0,0,0
2025-12-06 21:15:00+00:00,321,1.9999999999527065,4.864164599172959,0,0,0
2025-12-06 21:30:00+00:00,321,2.9999999999290594,3.371567530781888,0,0,0
2025-12-06 21:45:00+00:00,321,5.000000000109139,3.32797517445786,0,0,0
2025-12-06 22:00:00+00:00,321,3.999999999905413,4.267211684212315,0,0,0
2025-12-06 22:15:00+00:00,321,3.000000000156433,4.385923880890374,0,0,0
2025-12-06 22:30:00+00:00,321,2.9999999999290594,4.049464719636861,0,0,0
2025-12-06 22:45:00+00:00,321,2.9999999999290594,3.5389873831123007,0,0,0
2025-12-06 23:00:00+00:00,321,3.000000000156433,3.3965066431140114,0,0,0
2025-12-06 23:15:00+00:00,321,1.9999999999527065,3.4796757769238496,0,0,0
2025-12-06 23:30:00+00:00,321,2.9999999999290594,3.793190761575791,0,0,0
2025-12-06 23:45:00+00:00,321,1.9999999999527065,3.9157786067546345,0,0,0
2025-12-07 00:00:00+00:00,321,3.000000000156433,3.4191413937542685,0,0,0
2025-12-07 00:15:00+00:00,321,2.9999999999290594,3.5520536532913867,0,0,0
2025-12-07 00:30:00+00:00,321,2.9999999999290594,3.7896952433372,0,0,0
2025-12-07 00:45:00+00:00,321,3.000000000156433,3.58700760979956,0,0,0
2025-12-07 01:00:00+00:00,321,1.9999999999527065,3.405654286961284,0,0,0
2025-12-07 01:15:00+00:00,321,2.9999999999290594,3.1400940527036925,0,0,0
2025-12-07 01:30:00+00:00,321,2.9999999999290594,3.5419167621706795,0,0,0
2025-12-07 01:45:00+00:00,321,3.000000000156433,3.550060808764023,0,0,0
2025-12-07 02:00:00+00:00,321,1.9999999999527065,3.538389911939502,0,0,0
2025-12-07 07:30:00+00:00,321,8.000000000038199,3.291166825495436,0,0,0
2025-12-07 07:45:00+00:00,321,7.000000000061846,4.661259192061984,0,0,0
2025-12-07 08:00:00+00:00,321,6.999999999834472,5.830178965745109,0,0,0
2025-12-07 08:15:00+00:00,321,7.000000000061846,5.672892795620167,0,0,0
2025-12-07 08:30:00+00:00,321,7.000000000061846,6.094506183336997,0,0,0
2025-12-07 08:45:00+00:00,321,7.000000000061846,6.070153617443778,0,0,0
2025-12-07 09:00:00+00:00,321,5.999999999858119,6.066889032936512,0,0,0
2025-12-07 09:15:00+00:00,321,7.000000000061846,6.208608574974502,0,0,0
2025-12-07 09:30:00+00:00,321,7.000000000061846,6.51835384138368,0,0,0
2025-12-07 09:45:00+00:00,321,6.999999999834472,6.365052494988008,0,0,0
2025-12-07 10:00:00+00:00,321,6.0000000000854925,6.237233252648699,0,0,0
2025-12-07 10:15:00+00:00,321,6.0000000000854925,6.301940848110574,0,0,0
2025-12-07 10:30:00+00:00,321,5.999999999858119,6.30762257506093,0,0,0
2025-12-07 10:45:00+00:00,321,6.0000000000854925,6.22983962350267,0,0,0
2025-12-07 11:00:00+00:00,321,3.999999999905413,6.076601445865357,0,0,0
2025-12-07 11:15:00+00:00,321,4.000000000132786,5.862815292237742,0,0,0
2025-12-07 11:30:00+00:00,321,3.999999999905413,5.398702598469924,0,0,0
2025-12-07 11:45:00+00:00,321,2.9999999999290594,4.59133945293106,0,0,0
2025-12-07 12:00:00+00:00,321,4.000000000132786,3.124081782006409,0,0,0
2025-12-07 12:15:00+00:00,321,3.999999999905413,3.772298938654361,0,0,0
2025-12-07 12:30:00+00:00,321,4.000000000132786,4.220090747006195,0,0,0
2025-12-07 12:45:00+00:00,321,3.999999999905413,4.2500185327081095,0,0,0
2025-12-07 13:00:00+00:00,321,2.9999999999290594,4.122426366190795,0,0,0
2025-12-07 13:15:00+00:00,321,4.000000000132786,4.133842893386199,0,0,0
2025-12-07 13:30:00+00:00,321,2.9999999999290594,4.211390909082896,0,0,0
2025-12-07 13:45:00+00:00,321,4.000000000132786,3.901587701923329,0,0,0
2025-12-07 14:00:00+00:00,321,3.999999999905413,3.8164452655193633,0,0,0
2025-12-07 14:15:00+00:00,321,2.9999999999290594,3.9359315679291216,0,0,0
2025-12-07 14:30:00+00:00,321,3.000000000156433,3.798558916213683,0,0,0
2025-12-07 14:45:00+00:00,321,3.999999999905413,3.491868356833232,0,0,0
2025-12-07 15:00:00+00:00,321,2.9999999999290594,3.588594436411475,0,0,0
2025-12-07 15:15:00+00:00,321,3.000000000156433,3.774216662115493,0,0,0
2025-12-07 15:30:00+00:00,321,3.999999999905413,3.520850089424104,0,0,0
2025-12-07 15:45:00+00:00,321,4.000000000132786,3.8602763435038288,0,0,0
2025-12-07 16:00:00+00:00,321,2.9999999999290594,3.933355890651273,0,0,0
2025-12-07 16:15:00+00:00,321,3.999999999905413,3.415296969080389,0,0,0
2025-12-07 16:30:00+00:00,321,3.000000000156433,3.762526277440577,0,0,0
2025-12-07 16:45:00+00:00,321,3.999999999905413,3.6931707845904262,0,0,0
2025-12-07 17:00:00+00:00,321,3.999999999905413,3.59596340378198,0,0,0
2025-12-07 17:15:00+00:00,321,4.000000000132786,3.969719786825869,0,0,0
2025-12-07 17:30:00+00:00,321,2.9999999999290594,4.208459907539285,0,0,0
2025-12-07 17:45:00+00:00,321,4.000000000132786,3.841236767750621,0,0,0
2025-12-07 18:00:00+00:00,321,3.999999999905413,3.619592305206594,0,0,0
2025-12-07 18:15:00+00:00,321,3.999999999905413,3.962939384987002,0,0,0
2025-12-07 18:30:00+00:00,321,4.000000000132786,4.046577561249736,0,0,0
2025-12-07 18:45:00+00:00,321,3.999999999905413,4.021443390137524,0,0,0
2025-12-07 19:00:00+00:00,321,3.000000000156433,3.9030904116897824,0,0,0
2025-12-07 19:15:00+00:00,321,2.9999999999290594,3.641146300406344,0,0,0
2025-12-07 19:30:00+00:00,321,2.9999999999290594,3.618782252413204,0,0,0
2025-12-07 19:45:00+00:00,321,4.000000000132786,3.415632354805413,0,0,0
2025-12-07 20:00:00+00:00,321,3.999999999905413,3.494932330055394,0,0,0
2025-12-07 20:15:00+00:00,321,0.0,3.490557713262993,0,0,0
2025-12-07 20:30:00+00:00,321,0.0,1.2799766773399497,0,0,0
2025-12-07 20:45:00+00:00,321,0.0,0.7608416875081168,0,0,0
2025-12-07 21:00:00+00:00,321,0.0,0.4463573220130232,0,0,0
2025-12-07 21:15:00+00:00,321,0.0,0.2461974483560527,0,0,0
2025-12-07 21:30:00+00:00,321,0.0,0.204565775296571,0,0,0
2025-12-07 21:45:00+00:00,321,0.0,0.2173365368321071,0,0,0
2025-12-07 22:00:00+00:00,321,0.0,0.224813237222003,0,0,0
2025-12-07 22:15:00+00:00,321,0.0,0.1968173627131917,0,0,0
2025-12-07 22:30:00+00:00,321,0.0,0.1813652460283763,0,0,0
2025-12-07 22:45:00+00:00,321,0.0,0.1887903153326737,0,0,0
2025-12-07 23:00:00+00:00,321,0.0,0.1827558240377,0,0,0
2025-12-07 23:15:00+00:00,321,0.0,0.1709931666595143,0,0,0
2025-12-07 23:30:00+00:00,321,0.0,0.1646578305473403,0,0,0
2025-12-07 23:45:00+00:00,321,0.0,0.1615798678969571,0,0,0
2025-12-08 00:00:00+00:00,321,0.0,0.1483282738491738,0,0,0
2025-12-08 00:15:00+00:00,321,0.0,0.1504558207060031,0,0,0
2025-12-08 00:30:00+00:00,321,0.0,0.1477352374693419,0,0,0
2025-12-08 00:45:00+00:00,321,0.0,0.1366850313840477,0,0,0
2025-12-08 01:00:00+00:00,321,4.999999999881766,0.1337163881830596,0,0,0
2025-12-08 01:15:00+00:00,321,1.0000000002037268,0.9781886553910946,0,0,0
2025-12-08 01:30:00+00:00,321,0.9999999999763532,1.0017696394185296,0,0,0
2025-12-08 01:45:00+00:00,321,0.0,0.566337292595974,0,0,0
2025-12-08 02:00:00+00:00,321,0.9999999999763532,0.4162988000566545,0,0,0
2025-12-08 02:15:00+00:00,321,0.0,0.4462517523072753,0,0,0
2025-12-08 02:30:00+00:00,321,0.9999999999763532,0.3872982826923206,0,0,0
2025-12-08 02:45:00+00:00,321,0.9999999999763532,0.3574866669330023,0,0,0
2025-12-08 03:00:00+00:00,321,0.0,0.4631821333143859,0,0,0
2025-12-08 03:15:00+00:00,321,0.9999999999763532,0.3430328473836916,0,0,0
2025-12-08 03:30:00+00:00,321,0.9999999999763532,0.2918794214377143,0,0,0
2025-12-08 03:45:00+00:00,321,0.0,0.3396799996798165,0,0,0
2025-12-08 04:00:00+00:00,321,0.9999999999763532,0.38990291231775,0,0,0
2025-12-08 04:15:00+00:00,321,0.0,0.512545489331746,0,0,0
2025-12-08 04:30:00+00:00,321,0.9999999999763532,0.5342316990502725,0,0,0
2025-12-08 04:45:00+00:00,321,0.0,0.5024829080346547,0,0,0
2025-12-08 05:00:00+00:00,321,0.0,0.4327988258698405,0,0,0
2025-12-08 05:15:00+00:00,321,0.0,0.4201033476490594,0,0,0
2025-12-08 05:30:00+00:00,321,0.0,0.4340235498332485,0,0,0
2025-12-08 05:45:00+00:00,321,0.0,0.4127301978721789,0,0,0
2025-12-08 06:00:00+00:00,321,0.0,0.4209259837168031,0,0,0
2025-12-08 08:00:00+00:00,321,12.000000000170983,0.7274306062896914,0,0,0
2025-12-08 08:15:00+00:00,321,9.000000000014552,13.747445966841376,0,0,0
2025-12-08 08:30:00+00:00,321,9.000000000014552,7.153460037398218,0,0,0
2025-12-08 08:45:00+00:00,321,7.999999999810825,6.1855413058266775,0,0,0
2025-12-08 09:00:00+00:00,321,9.000000000014552,6.726746998321743,0,0,0
2025-12-08 09:15:00+00:00,321,8.000000000038199,6.9378953515147455,0,0,0
2025-12-08 09:30:00+00:00,321,8.000000000038199,6.821545132781894,0,0,0
2025-12-08 09:45:00+00:00,321,8.000000000038199,6.754301268405689,0,0,0
2025-12-08 10:00:00+00:00,321,8.000000000038199,7.108273030477934,0,0,0
2025-12-08 10:15:00+00:00,321,7.999999999810825,7.071622459190494,0,0,0
2025-12-08 10:30:00+00:00,321,7.000000000061846,7.016830628139847,0,0,0
2025-12-08 10:45:00+00:00,321,7.000000000061846,6.962034758903734,0,0,0
2025-12-08 11:00:00+00:00,321,7.000000000061846,6.929177485977759,0,0,0
2025-12-08 11:15:00+00:00,321,5.999999999858119,6.803338973609415,0,0,0
2025-12-08 11:30:00+00:00,321,8.000000000038199,6.517674272458153,0,0,0
2025-12-08 11:45:00+00:00,321,9.000000000014552,6.666917819344352,0,0,0
2025-12-08 12:00:00+00:00,321,6.0000000000854925,7.0266676479344925,0,0,0
2025-12-08 12:15:00+00:00,321,6.999999999834472,6.594934855882231,0,0,0
2025-12-08 12:30:00+00:00,321,7.000000000061846,6.2951506392498615,0,0,0
2025-12-08 12:45:00+00:00,321,6.0000000000854925,6.616091486421103,0,0,0
2025-12-08 13:00:00+00:00,321,6.999999999834472,6.672580509134654,0,0,0
2025-12-08 13:15:00+00:00,321,8.000000000038199,6.533198211155896,0,0,0
2025-12-08 13:30:00+00:00,321,7.000000000061846,6.809259530385891,0,0,0
2025-12-08 13:45:00+00:00,321,6.0000000000854925,6.804390920923252,0,0,0
2025-12-08 14:00:00+00:00,321,5.999999999858119,6.355798416109531,0,0,0
2025-12-08 14:15:00+00:00,321,6.0000000000854925,6.136338323460674,0,0,0
2025-12-08 14:30:00+00:00,321,7.000000000061846,5.932209778816295,0,0,0
2025-12-08 14:45:00+00:00,321,7.999999999810825,6.055408760099112,0,0,0
2025-12-08 15:00:00+00:00,321,7.000000000061846,6.547933838362354,0,0,0
2025-12-08 15:15:00+00:00,321,7.000000000061846,6.458616098462906,0,0,0
2025-12-08 15:30:00+00:00,321,7.000000000061846,6.288455327747595,0,0,0
2025-12-08 15:45:00+00:00,321,5.999999999858119,6.274937501900888,0,0,0
2025-12-08 16:00:00+00:00,321,6.0000000000854925,6.1422003265478935,0,0,0
2025-12-08 16:15:00+00:00,321,7.000000000061846,5.972729508663592,0,0,0
2025-12-08 16:30:00+00:00,321,6.999999999834472,6.081329007278512,0,0,0
2025-12-08 16:45:00+00:00,321,7.000000000061846,6.110465380739587,0,0,0
2025-12-08 17:00:00+00:00,321,6.0000000000854925,6.13428865589497,0,0,0
2025-12-08 17:15:00+00:00,321,6.999999999834472,6.08083259890804,0,0,0
2025-12-08 17:30:00+00:00,321,6.0000000000854925,6.1723932623919096,0,0,0
2025-12-08 17:45:00+00:00,321,6.0000000000854925,6.000105810145225,0,0,0
2025-12-08 18:00:00+00:00,321,5.999999999858119,5.966954326563886,0,0,0
2025-12-08 18:15:00+00:00,321,9.000000000014552,5.993244067713404,0,0,0
2025-12-08 18:30:00+00:00,321,9.999999999990903,6.3816655899942365,0,0,0
2025-12-08 18:45:00+00:00,321,7.000000000061846,6.687535640565359,0,0,0
2025-12-08 19:00:00+00:00,321,6.0000000000854925,6.490527859106251,0,0,0
2025-12-08 19:15:00+00:00,321,5.999999999858119,6.370525966945058,0,0,0
2025-12-08 19:30:00+00:00,321,6.0000000000854925,6.26701862020249,0,0,0
2025-12-08 19:45:00+00:00,321,6.0000000000854925,6.013470184944231,0,0,0
2025-12-08 20:00:00+00:00,321,5.999999999858119,5.907669148857099,0,0,0
2025-12-08 20:15:00+00:00,321,7.000000000061846,5.7091758920302205,0,0,0
2025-12-08 20:30:00+00:00,321,6.0000000000854925,5.753236822089189,0,0,0
2025-12-08 20:45:00+00:00,321,5.999999999858119,5.525916978314824,0,0,0
2025-12-08 21:00:00+00:00,321,6.0000000000854925,4.987184458086187,0,0,0
2025-12-08 21:15:00+00:00,321,2.9999999999290594,4.392128985521277,0,0,0
2025-12-08 21:30:00+00:00,321,2.9999999999290594,2.271041134234077,0,0,0
2025-12-08 21:45:00+00:00,321,0.0,1.5466033531127814,0,0,0
2025-12-08 22:00:00+00:00,321,0.0,0.5210995199155488,0,0,0
2025-12-08 22:15:00+00:00,321,0.0,0.3239302110378088,0,0,0
2025-12-08 22:30:00+00:00,321,0.0,0.2003101046992745,0,0,0
2025-12-08 22:45:00+00:00,321,0.0,0.1506721520702414,0,0,0
2025-12-08 23:00:00+00:00,321,0.0,0.1177436340149773,0,0,0
2025-12-08 23:15:00+00:00,321,0.0,0.0955163074440359,0,0,0
2025-12-08 23:30:00+00:00,321,0.9999999999763532,0.0821210693703982,0,0,0
2025-12-08 23:45:00+00:00,321,0.0,0.0908475881619534,0,0,0
2025-12-09 00:00:00+00:00,321,0.0,0.1111181254329043,0,0,0
2025-12-09 00:15:00+00:00,321,0.0,0.1400315333679054,0,0,0
2025-12-09 00:30:00+00:00,321,0.0,0.1489867865219154,0,0,0
2025-12-09 00:45:00+00:00,321,0.0,0.1464551326766887,0,0,0
2025-12-09 01:00:00+00:00,321,0.0,0.1408126338137152,0,0,0
2025-12-09 01:15:00+00:00,321,0.0,0.1399565384949692,0,0,0
2025-12-09 01:30:00+00:00,321,0.0,0.1458695957841502,0,0,0
2025-12-09 01:45:00+00:00,321,0.0,0.1369977023158268,0,0,0
2025-12-09 02:00:00+00:00,321,0.0,0.1377684188561532,0,0,0
2025-12-09 07:45:00+00:00,321,6.0000000000854925,0.1565087722773914,0,0,0
2025-12-09 08:00:00+00:00,321,7.000000000061846,9.87077638201768,0,0,0
2025-12-09 08:15:00+00:00,321,6.999999999834472,6.51504252930174,0,0,0
2025-12-09 08:30:00+00:00,321,7.000000000061846,5.552136628102329,0,0,0
2025-12-09 08:45:00+00:00,321,8.000000000038199,6.1613087317301565,0,0,0
2025-12-09 09:00:00+00:00,321,8.000000000038199,6.846725526695598,0,0,0
2025-12-09 09:15:00+00:00,321,8.000000000038199,6.915133542253225,0,0,0
2025-12-09 09:30:00+00:00,321,7.999999999810825,7.059313204565333,0,0,0
2025-12-09 09:45:00+00:00,321,6.0000000000854925,7.164691673387653,0,0,0
2025-12-09 10:00:00+00:00,321,7.000000000061846,6.805834860669088,0,0,0
2025-12-09 10:15:00+00:00,321,4.999999999881766,6.795583349980562,0,0,0
2025-12-09 10:30:00+00:00,321,6.0000000000854925,6.647935463236985,0,0,0
2025-12-09 10:45:00+00:00,321,7.000000000061846,6.555672155482069,0,0,0
2025-12-09 11:00:00+00:00,321,5.999999999858119,6.451375055039121,0,0,0
2025-12-09 11:15:00+00:00,321,6.0000000000854925,6.237232098881423,0,0,0
2025-12-09 11:30:00+00:00,321,4.999999999881766,6.124306261423556,0,0,0
2025-12-09 11:45:00+00:00,321,5.000000000109139,5.886747309958881,0,0,0
2025-12-09 12:00:00+00:00,321,6.0000000000854925,5.6859863235511465,0,0,0
2025-12-09 12:15:00+00:00,321,5.999999999858119,5.276256161892839,0,0,0
2025-12-09 12:30:00+00:00,321,6.0000000000854925,5.372635245962844,0,0,0
2025-12-09 12:45:00+00:00,321,4.999999999881766,5.636634793648366,0,0,0
2025-12-09 13:00:00+00:00,321,5.000000000109139,5.3859921212745565,0,0,0
2025-12-09 13:15:00+00:00,321,5.999999999858119,5.210302569883405,0,0,0
2025-12-09 13:30:00+00:00,321,5.000000000109139,5.26210289871891,0,0,0
2025-12-09 13:45:00+00:00,321,7.000000000061846,5.378804439587283,0,0,0
2025-12-09 14:00:00+00:00,321,6.999999999834472,5.578799612965613,0,0,0
2025-12-09 14:15:00+00:00,321,8.000000000038199,5.629366059809957,0,0,0
2025-12-09 14:30:00+00:00,321,6.0000000000854925,5.849895983165428,0,0,0
2025-12-09 14:45:00+00:00,321,4.999999999881766,5.961862463133354,0,0,0
2025-12-09 15:00:00+00:00,321,6.0000000000854925,5.857915242616834,0,0,0
2025-12-09 15:15:00+00:00,321,5.000000000109139,5.82669083882813,0,0,0
2025-12-09 15:30:00+00:00,321,5.999999999858119,5.6942351826904645,0,0,0
2025-12-09 15:45:00+00:00,321,6.0000000000854925,5.862961243798148,0,0,0
2025-12-09 16:00:00+00:00,321,5.999999999858119,5.892681423500848,0,0,0
2025-12-09 16:15:00+00:00,321,7.000000000061846,5.817666936521202,0,0,0
2025-12-09 16:30:00+00:00,321,6.0000000000854925,5.829639579543608,0,0,0
2025-12-09 16:45:00+00:00,321,5.999999999858119,5.876260430746064,0,0,0
2025-12-09 17:00:00+00:00,321,5.000000000109139,5.98114306808155,0,0,0
2025-12-09 17:15:00+00:00,321,4.999999999881766,5.831817892160578,0,0,0
2025-12-09 17:30:00+00:00,321,5.000000000109139,5.783062859939457,0,0,0
2025-12-09 17:45:00+00:00,321,4.999999999881766,5.672050833950552,0,0,0
2025-12-09 18:00:00+00:00,321,5.000000000109139,5.562763978480993,0,0,0
2025-12-09 18:15:00+00:00,321,8.000000000038199,5.466688623646378,0,0,0
2025-12-09 18:30:00+00:00,321,8.000000000038199,5.708207881285709,0,0,0
2025-12-09 18:45:00+00:00,321,5.999999999858119,5.985843227521901,0,0,0
2025-12-09 19:00:00+00:00,321,6.0000000000854925,5.922617646125968,0,0,0
2025-12-09 19:15:00+00:00,321,4.999999999881766,5.878148859334955,0,0,0
2025-12-09 19:30:00+00:00,321,6.0000000000854925,5.809898333010493,0,0,0
2025-12-09 19:45:00+00:00,321,6.0000000000854925,5.6174337986422085,0,0,0
2025-12-09 20:00:00+00:00,321,5.999999999858119,5.565061417569203,0,0,0
2025-12-09 20:15:00+00:00,321,5.000000000109139,5.455520444857119,0,0,0
2025-12-09 20:30:00+00:00,321,5.999999999858119,5.034779665753172,0,0,0
2025-12-09 20:45:00+00:00,321,5.000000000109139,5.068720181930343,0,0,0
2025-12-09 21:00:00+00:00,321,4.999999999881766,4.921338671206598,0,0,0
2025-12-09 21:15:00+00:00,321,3.000000000156433,3.8631160532117295,0,0,0
2025-12-09 21:30:00+00:00,321,2.9999999999290594,2.78959376003338,0,0,0
2025-12-09 21:45:00+00:00,321,0.0,1.831560506482075,0,0,0
2025-12-09 22:00:00+00:00,321,0.0,0.6942649890592221,0,0,0
2025-12-09 22:15:00+00:00,321,0.0,0.3837342955769487,0,0,0
2025-12-09 22:30:00+00:00,321,0.0,0.258485646728428,0,0,0
2025-12-09 22:45:00+00:00,321,0.0,0.1786316829098604,0,0,0
2025-12-09 23:00:00+00:00,321,0.0,0.1410794424962755,0,0,0
2025-12-09 23:15:00+00:00,321,0.0,0.1493978161139679,0,0,0
2025-12-09 23:30:00+00:00,321,0.0,0.1442707627815198,0,0,0
2025-12-09 23:45:00+00:00,321,0.0,0.1325481988161727,0,0,0
2025-12-10 00:00:00+00:00,321,0.0,0.133028742886601,0,0,0
2025-12-10 00:15:00+00:00,321,0.0,0.1392120701601702,0,0,0
2025-12-10 00:30:00+00:00,321,0.0,0.13786879660916,0,0,0
2025-12-10 00:45:00+00:00,321,0.0,0.1347764118678278,0,0,0
2025-12-10 01:00:00+00:00,321,0.0,0.1333457404456646,0,0,0
2025-12-10 01:15:00+00:00,321,0.0,0.1387393140188551,0,0,0
2025-12-10 01:30:00+00:00,321,0.0,0.1410889610763024,0,0,0
2025-12-10 01:45:00+00:00,321,0.9999999999763532,0.1332993013128081,0,0,0
2025-12-10 02:00:00+00:00,321,0.0,0.1506473460738089,0,0,0
2025-12-10 02:15:00+00:00,321,0.0,0.1641022916039762,0,0,0
2025-12-10 02:30:00+00:00,321,0.0,0.1590392723553422,0,0,0
2025-12-10 02:45:00+00:00,321,0.0,0.144560646809599,0,0,0
2025-12-10 03:00:00+00:00,321,0.0,0.1335929350845344,0,0,0
2025-12-10 03:15:00+00:00,321,0.0,0.1397811658690266,0,0,0
2025-12-10 03:30:00+00:00,321,0.0,0.1398431808601086,0,0,0
2025-12-10 03:45:00+00:00,321,0.0,0.1304021916829283,0,0,0
2025-12-10 04:00:00+00:00,321,0.0,0.1239566707959021,0,0,0
2025-12-10 04:15:00+00:00,321,0.0,0.1554914379818335,0,0,0
2025-12-10 04:30:00+00:00,321,0.0,0.2097309029491252,0,0,0
2025-12-10 04:45:00+00:00,321,0.0,0.2115276070395797,0,0,0
2025-12-10 05:00:00+00:00,321,0.0,0.2249490933187448,0,0,0
2025-12-10 05:15:00+00:00,321,11.999999999943611,4.544396267995889,0,0,0
2025-12-10 05:30:00+00:00,321,9.000000000014552,18.427715613123013,0,0,0
2025-12-10 05:45:00+00:00,321,8.000000000038199,7.208274655352564,0,0,0
2025-12-10 06:00:00+00:00,321,5.000000000109139,5.996763634788652,0,0,0
2025-12-10 06:15:00+00:00,321,23.999999999887223,6.063343794539374,0,0,0
2025-12-10 06:30:00+00:00,321,19.99999999998181,21.241838224146395,0,0,0
2025-12-10 06:45:00+00:00,321,13.000000000147338,10.274515895537505,0,0,0
2025-12-10 07:00:00+00:00,321,11.999999999943611,8.847233376305905,0,0,0
2025-12-10 07:15:00+00:00,321,6.0000000000854925,7.814713195861876,0,0,0
2025-12-10 07:30:00+00:00,321,5.999999999858119,6.805386333640567,0,0,0
2025-12-10 07:45:00+00:00,321,4.000000000132786,6.444855116162797,0,0,0
2025-12-10 08:00:00+00:00,321,4.999999999881766,6.419621072070762,0,0,0
2025-12-10 08:15:00+00:00,321,6.0000000000854925,7.088769460003663,0,0,0
2025-12-10 08:30:00+00:00,321,4.999999999881766,6.762300048487947,0,0,0
2025-12-10 08:45:00+00:00,321,6.0000000000854925,6.227351235930292,0,0,0
2025-12-10 09:00:00+00:00,321,6.0000000000854925,6.154412664721876,0,0,0
2025-12-10 09:15:00+00:00,321,6.999999999834472,5.935735114727923,0,0,0
2025-12-10 09:30:00+00:00,321,7.000000000061846,6.048054359040466,0,0,0
2025-12-10 09:45:00+00:00,321,4.999999999881766,6.0355007941946255,0,0,0
2025-12-10 10:00:00+00:00,321,6.0000000000854925,5.944193959511461,0,0,0
2025-12-10 10:15:00+00:00,321,4.000000000132786,6.358671008184797,0,0,0
2025-12-10 10:30:00+00:00,321,4.999999999881766,5.840943325987789,0,0,0
2025-12-10 10:45:00+00:00,321,5.000000000109139,5.5571506122417365,0,0,0
2025-12-10 11:00:00+00:00,321,5.999999999858119,5.447375713214456,0,0,0
2025-12-10 11:15:00+00:00,321,7.000000000061846,5.584994766353761,0,0,0
2025-12-10 11:30:00+00:00,321,6.0000000000854925,5.671830175959029,0,0,0
2025-12-10 11:45:00+00:00,321,4.999999999881766,5.482311786329851,0,0,0
2025-12-10 12:00:00+00:00,321,6.0000000000854925,5.581886228870566,0,0,0
2025-12-10 12:15:00+00:00,321,5.999999999858119,5.675621166785941,0,0,0
2025-12-10 12:30:00+00:00,321,5.000000000109139,5.744573472055992,0,0,0
2025-12-10 12:45:00+00:00,321,5.999999999858119,5.640847774856452,0,0,0
2025-12-10 13:00:00+00:00,321,5.000000000109139,5.689906824754784,0,0,0
2025-12-10 13:15:00+00:00,321,4.999999999881766,5.575824912486427,0,0,0
2025-12-10 13:30:00+00:00,321,5.000000000109139,5.381246388026805,0,0,0
2025-12-10 13:45:00+00:00,321,6.0000000000854925,5.339107922691368,0,0,0
2025-12-10 14:00:00+00:00,321,5.999999999858119,5.701434402050497,0,0,0
2025-12-10 14:15:00+00:00,321,6.0000000000854925,5.775930847523247,0,0,0
2025-12-10 17:00:00+00:00,321,5.999999999858119,5.735892238630017,0,0,0
2025-12-10 17:15:00+00:00,321,5.000000000109139,5.928331390118231,0,0,0
2025-12-10 17:30:00+00:00,321,4.999999999881766,5.822555736911169,0,0,0
2025-12-10 17:45:00+00:00,321,5.000000000109139,5.612370202509937,0,0,0
2025-12-10 18:00:00+00:00,321,4.999999999881766,5.372393531718535,0,0,0
2025-12-10 18:15:00+00:00,321,7.000000000061846,5.383746890155582,0,0,0
2025-12-10 18:30:00+00:00,321,8.000000000038199,5.871820157384617,0,0,0
2025-12-10 18:45:00+00:00,321,4.999999999881766,6.124074065759274,0,0,0
2025-12-10 19:00:00+00:00,321,5.000000000109139,5.755474842162689,0,0,0
2025-12-10 19:15:00+00:00,321,5.000000000109139,5.479815899270179,0,0,0
2025-12-10 19:30:00+00:00,321,4.999999999881766,5.611523337329398,0,0,0
2025-12-10 19:45:00+00:00,321,6.0000000000854925,5.120126138688841,0,0,0
2025-12-10 20:00:00+00:00,321,4.999999999881766,5.139069843592464,0,0,0
2025-12-10 20:15:00+00:00,321,5.000000000109139,5.054069933502304,0,0,0
2025-12-10 20:30:00+00:00,321,4.999999999881766,5.04349955038289,0,0,0
2025-12-10 20:45:00+00:00,321,5.000000000109139,4.808375624754082,0,0,0
2025-12-10 21:00:00+00:00,321,4.999999999881766,4.653073141128751,0,0,0
2025-12-10 21:15:00+00:00,321,1.9999999999527065,3.2357908997613447,0,0,0
2025-12-10 21:30:00+00:00,321,3.000000000156433,1.3238264679874217,0,0,0
2025-12-10 21:45:00+00:00,321,0.0,0.7369402446197895,0,0,0
2025-12-10 22:00:00+00:00,321,0.0,0.3569443963133114,0,0,0
2025-12-10 22:15:00+00:00,321,0.0,0.2201984565600709,0,0,0
2025-12-10 22:30:00+00:00,321,0.0,0.1545788080665668,0,0,0
2025-12-10 22:45:00+00:00,321,0.0,0.1257565477463651,0,0,0
2025-12-10 23:00:00+00:00,321,0.0,0.1175324946034805,0,0,0
2025-12-10 23:15:00+00:00,321,0.0,0.1181197621469327,0,0,0
2025-12-10 23:30:00+00:00,321,0.0,0.1291941973450217,0,0,0
2025-12-10 23:45:00+00:00,321,0.0,0.1367585840478886,0,0,0
2025-12-11 00:00:00+00:00,321,0.0,0.1462157259669316,0,0,0
2025-12-11 00:15:00+00:00,321,0.0,0.1726695905114521,0,0,0
2025-12-11 00:30:00+00:00,321,0.0,0.1901702209946951,0,0,0
2025-12-11 00:45:00+00:00,321,0.0,0.2100617457155005,0,0,0
2025-12-11 01:00:00+00:00,321,0.0,0.2223029280713815,0,0,0
2025-12-11 01:15:00+00:00,321,0.0,0.2188225890835151,0,0,0
2025-12-11 01:30:00+00:00,321,0.0,0.208830676032075,0,0,0
2025-12-11 01:45:00+00:00,321,0.0,0.2026839808695166,0,0,0
2025-12-11 02:00:00+00:00,321,0.0,0.2078805486803401,0,0,0
2025-12-11 02:15:00+00:00,321,0.0,0.225144945313835,0,0,0
2025-12-11 02:30:00+00:00,321,0.0,0.2348902406100435,0,0,0
2025-12-11 02:45:00+00:00,321,0.0,0.2354775081534961,0,0,0
2025-12-11 03:00:00+00:00,321,0.0,0.2597210430391383,0,0,0
2025-12-11 03:15:00+00:00,321,15.999999999849024,0.2913290744470918,0,0,0
2025-12-11 03:30:00+00:00,321,9.999999999990903,18.6029278654142,0,0,0
2025-12-11 03:45:00+00:00,321,6.0000000000854925,6.772021403113179,0,0,0
2025-12-11 04:00:00+00:00,321,4.000000000132786,4.622989164181857,0,0,0
2025-12-11 04:15:00+00:00,321,1.9999999999527065,3.529159449234953,0,0,0
2025-12-11 04:30:00+00:00,321,1.9999999999527065,3.421080443882391,0,0,0
2025-12-11 04:45:00+00:00,321,1.9999999999527065,2.916995338618801,0,0,0
2025-12-11 05:00:00+00:00,321,1.9999999999527065,2.5162939827783437,0,0,0
2025-12-11 05:15:00+00:00,321,15.000000000100044,4.57938772194053,0,0,0
2025-12-11 05:30:00+00:00,321,13.999999999896318,11.043864067874676,0,0,0
2025-12-11 05:45:00+00:00,321,9.999999999990903,9.30939014609919,0,0,0
2025-12-11 06:00:00+00:00,321,9.000000000014552,7.933589876487211,0,0,0
2025-12-11 06:15:00+00:00,321,9.999999999990903,7.628930127788547,0,0,0
2025-12-11 06:30:00+00:00,321,8.000000000038199,8.425438558684935,0,0,0
2025-12-11 06:45:00+00:00,321,7.000000000061846,7.799537694881467,0,0,0
2025-12-11 07:00:00+00:00,321,9.999999999990903,7.534879057639565,0,0,0
2025-12-11 07:15:00+00:00,321,6.0000000000854925,8.255979566915212,0,0,0
2025-12-11 07:30:00+00:00,321,4.999999999881766,7.381838174206436,0,0,0
2025-12-11 07:45:00+00:00,321,6.0000000000854925,6.485880772960593,0,0,0
2025-12-11 08:00:00+00:00,321,5.999999999858119,7.717587624364339,0,0,0
2025-12-11 08:15:00+00:00,321,7.000000000061846,7.992221445032179,0,0,0
2025-12-11 08:30:00+00:00,321,6.0000000000854925,6.977281793455251,0,0,0
2025-12-11 08:45:00+00:00,321,5.999999999858119,6.598621142328852,0,0,0
2025-12-11 09:00:00+00:00,321,6.0000000000854925,6.709902861418509,0,0,0
2025-12-11 09:15:00+00:00,321,7.000000000061846,6.369421523220167,0,0,0
2025-12-11 09:30:00+00:00,321,8.000000000038199,6.114983821833979,0,0,0
2025-12-11 09:45:00+00:00,321,7.999999999810825,6.217308845560529,0,0,0
2025-12-11 10:00:00+00:00,321,8.000000000038199,6.635109897755842,0,0,0
2025-12-11 10:15:00+00:00,321,7.000000000061846,7.246989893180295,0,0,0
2025-12-11 10:30:00+00:00,321,8.000000000038199,6.741443108999,0,0,0
2025-12-11 10:45:00+00:00,321,7.000000000061846,6.864738141407539,0,0,0
2025-12-11 11:00:00+00:00,321,5.999999999858119,6.934460297892459,0,0,0
2025-12-11 11:15:00+00:00,321,8.000000000038199,6.70345791741512,0,0,0
2025-12-11 11:30:00+00:00,321,7.000000000061846,6.746765437442901,0,0,0
2025-12-11 11:45:00+00:00,321,5.999999999858119,6.748456283385789,0,0,0
2025-12-11 12:00:00+00:00,321,7.000000000061846,6.72414929129997,0,0,0
2025-12-11 12:15:00+00:00,321,7.000000000061846,6.854594507959313,0,0,0
2025-12-11 12:30:00+00:00,321,8.000000000038199,6.871599018513903,0,0,0
2025-12-11 12:45:00+00:00,321,7.999999999810825,6.891933012985031,0,0,0
2025-12-11 13:00:00+00:00,321,8.000000000038199,6.974418431518194,0,0,0
2025-12-11 13:15:00+00:00,321,7.000000000061846,6.980497054411472,0,0,0
2025-12-11 13:30:00+00:00,321,6.0000000000854925,6.530278603064135,0,0,0
2025-12-11 13:45:00+00:00,321,5.999999999858119,6.164718979356009,0,0,0
2025-12-11 14:00:00+00:00,321,6.0000000000854925,6.147874842452775,0,0,0
2025-12-11 14:15:00+00:00,321,7.000000000061846,6.012514865639755,0,0,0
2025-12-11 14:30:00+00:00,321,5.999999999858119,6.393701978658639,0,0,0
2025-12-11 14:45:00+00:00,321,5.000000000109139,6.3744865615615325,0,0,0
2025-12-11 15:00:00+00:00,321,5.999999999858119,6.1951060365442014,0,0,0
2025-12-11 15:15:00+00:00,321,6.0000000000854925,6.077737329748517,0,0,0
2025-12-11 15:30:00+00:00,321,6.0000000000854925,6.057086049276506,0,0,0
2025-12-11 15:45:00+00:00,321,5.999999999858119,6.353911429729735,0,0,0
2025-12-11 16:00:00+00:00,321,8.000000000038199,6.621938778975555,0,0,0
2025-12-11 16:15:00+00:00,321,7.000000000061846,6.848200906599704,0,0,0
2025-12-11 16:30:00+00:00,321,9.000000000014552,6.999114820059642,0,0,0
2025-12-11 16:45:00+00:00,321,6.999999999834472,7.462094225920668,0,0,0
2025-12-11 17:00:00+00:00,321,7.000000000061846,7.502088126331957,0,0,0
2025-12-11 17:15:00+00:00,321,8.000000000038199,7.1267269611729205,0,0,0
2025-12-11 17:30:00+00:00,321,7.000000000061846,7.221884494139527,0,0,0
2025-12-11 17:45:00+00:00,321,6.999999999834472,7.057588899371444,0,0,0
2025-12-11 18:00:00+00:00,321,7.000000000061846,7.096238660906264,0,0,0
2025-12-11 18:15:00+00:00,321,9.000000000014552,6.942972792854328,0,0,0
2025-12-11 18:30:00+00:00,321,9.999999999990903,8.03487333680541,0,0,0
2025-12-11 18:45:00+00:00,321,9.000000000014552,8.071842924744645,0,0,0
2025-12-11 19:00:00+00:00,321,9.000000000014552,8.318045323757008,0,0,0
2025-12-11 19:15:00+00:00,321,12.999999999919964,8.622940440979963,0,0,0
2025-12-11 19:30:00+00:00,321,9.999999999990903,10.560195018779714,0,0,0
2025-12-11 19:45:00+00:00,321,9.000000000014552,9.920487598868736,0,0,0
2025-12-11 20:00:00+00:00,321,8.000000000038199,9.2342002864936,0,0,0
2025-12-11 20:15:00+00:00,321,9.000000000014552,8.181699452806699,0,0,0
2025-12-11 20:30:00+00:00,321,9.000000000014552,9.185958392268452,0,0,0
2025-12-11 20:45:00+00:00,321,9.999999999990903,9.714996455071477,0,0,0
2025-12-11 21:00:00+00:00,321,9.000000000014552,9.979792390619217,0,0,0
2025-12-11 21:15:00+00:00,321,8.000000000038199,8.345320959043814,0,0,0
2025-12-11 21:30:00+00:00,321,8.000000000038199,5.629789780842046,0,0,0
2025-12-11 21:45:00+00:00,321,5.999999999858119,7.114017637744828,0,0,0
2025-12-11 22:00:00+00:00,321,7.000000000061846,7.468416870592808,0,0,0
2025-12-11 22:15:00+00:00,321,9.000000000014552,8.014284936649938,0,0,0
2025-12-11 22:30:00+00:00,321,9.999999999990903,9.102445832417883,0,0,0
2025-12-11 22:45:00+00:00,321,9.999999999990903,10.795374902121406,0,0,0
2025-12-11 23:00:00+00:00,321,9.999999999990903,11.224744778792546,0,0,0
2025-12-11 23:15:00+00:00,321,9.999999999990903,11.052932678663549,0,0,0
2025-12-11 23:30:00+00:00,321,10.999999999967258,10.80991583110005,0,0,0
2025-12-11 23:45:00+00:00,321,10.999999999967258,10.918549942733248,0,0,0
2025-12-12 00:00:00+00:00,321,9.999999999990903,12.027449516844356,0,0,0
2025-12-12 00:15:00+00:00,321,11.000000000194632,11.72461675862714,0,0,0
2025-12-12 00:30:00+00:00,321,11.999999999943611,11.736268654346835,0,0,0
2025-12-12 00:45:00+00:00,321,10.999999999967258,11.99257343962731,0,0,0
2025-12-12 01:00:00+00:00,321,11.999999999943611,12.138552113564424,0,0,0
2025-12-12 01:15:00+00:00,321,12.000000000170983,12.37194596516296,0,0,0
2025-12-12 01:30:00+00:00,321,10.999999999967258,12.419505406044394,0,0,0
2025-12-12 01:45:00+00:00,321,16.999999999825377,12.12079851960593,0,0,0
2025-12-12 02:00:00+00:00,321,23.000000000138243,13.866042858902295,0,0,0
2025-12-12 02:15:00+00:00,321,19.000000000005457,19.153633677659336,0,0,0
2025-12-12 02:30:00+00:00,321,15.999999999849024,16.517751958026473,0,0,0
2025-12-12 02:45:00+00:00,321,15.000000000100044,14.367012071416308,0,0,0
2025-12-12 03:00:00+00:00,321,13.999999999896318,14.55586762174546,0,0,0
2025-12-12 03:15:00+00:00,321,13.000000000147338,14.53745118848694,0,0,0
2025-12-12 03:30:00+00:00,321,12.999999999919964,14.046534750248178,0,0,0
2025-12-12 06:15:00+00:00,321,19.99999999998181,13.895012801433818,0,0,0
2025-12-12 06:30:00+00:00,321,19.000000000005457,17.035664242987632,0,0,0
2025-12-12 06:45:00+00:00,321,19.99999999998181,18.852633101876307,0,0,0
2025-12-12 07:00:00+00:00,321,19.99999999998181,17.387011761390756,0,0,0
2025-12-12 07:15:00+00:00,321,22.99999999991087,17.207205207806783,0,0,0
2025-12-12 07:30:00+00:00,321,23.000000000138243,18.42680759827685,0,0,0
2025-12-12 07:45:00+00:00,321,16.999999999825377,18.88277873326201,0,0,0
2025-12-12 08:00:00+00:00,321,17.00000000005275,18.101725591910448,0,0,0
2025-12-12 08:15:00+00:00,321,12.999999999919964,15.782585295006232,0,0,0
2025-12-12 08:30:00+00:00,321,9.999999999990903,10.167585321287229,0,0,0
2025-12-12 08:45:00+00:00,321,9.000000000014552,10.13437355336572,0,0,0
2025-12-12 09:00:00+00:00,321,9.000000000014552,10.049221490216048,0,0,0
2025-12-12 09:15:00+00:00,321,9.999999999990903,10.070046412663086,0,0,0
2025-12-12 09:30:00+00:00,321,9.999999999990903,9.81993158881802,0,0,0
2025-12-12 09:45:00+00:00,321,9.000000000014552,9.73512969403659,0,0,0
2025-12-12 10:00:00+00:00,321,9.000000000014552,9.971171441533407,0,0,0
2025-12-12 10:15:00+00:00,321,9.000000000014552,9.710418306520555,0,0,0
2025-12-12 10:30:00+00:00,321,9.000000000014552,9.291378685154523,0,0,0
2025-12-12 10:45:00+00:00,321,8.000000000038199,8.927080129078998,0,0,0
2025-12-12 11:00:00+00:00,321,8.000000000038199,8.478586848251009,0,0,0
2025-12-12 11:15:00+00:00,321,8.000000000038199,8.24517049819059,0,0,0
2025-12-12 11:30:00+00:00,321,7.999999999810825,7.690642831843907,0,0,0
2025-12-12 11:45:00+00:00,321,7.000000000061846,7.235031672248837,0,0,0
2025-12-12 12:00:00+00:00,321,7.000000000061846,6.955181092842844,0,0,0
2025-12-12 12:15:00+00:00,321,7.000000000061846,6.810030246926217,0,0,0
2025-12-12 12:30:00+00:00,321,6.999999999834472,6.629962653496064,0,0,0
2025-12-12 12:45:00+00:00,321,5.000000000109139,6.424075767523158,0,0,0
2025-12-12 13:00:00+00:00,321,6.0000000000854925,6.140326608491771,0,0,0
2025-12-12 13:15:00+00:00,321,4.999999999881766,5.919929079931213,0,0,0
2025-12-12 13:30:00+00:00,321,7.000000000061846,5.633352614190142,0,0,0
2025-12-12 13:45:00+00:00,321,5.999999999858119,5.643761614111833,0,0,0
2025-12-12 14:00:00+00:00,321,5.000000000109139,5.770934746776618,0,0,0
2025-12-12 14:15:00+00:00,321,6.0000000000854925,5.545243733954058,0,0,0
2025-12-12 14:30:00+00:00,321,6.999999999834472,5.564101194753804,0,0,0
2025-12-12 14:45:00+00:00,321,7.000000000061846,5.823634220872352,0,0,0
2025-12-12 15:00:00+00:00,321,6.0000000000854925,6.271742431871997,0,0,0
2025-12-12 15:15:00+00:00,321,4.999999999881766,6.179622191259298,0,0,0
2025-12-12 15:30:00+00:00,321,5.000000000109139,5.992917551574314,0,0,0
2025-12-12 15:45:00+00:00,321,5.999999999858119,5.739318350555914,0,0,0
2025-12-12 16:00:00+00:00,321,5.000000000109139,5.760367103854485,0,0,0
2025-12-12 22:00:00+00:00,321,0.9999999999763532,5.747887668556123,0,0,0
2025-12-12 22:15:00+00:00,321,1.9999999999527065,3.22089958608309,0,0,0
2025-12-12 22:30:00+00:00,321,0.9999999999763532,2.4195318479727264,0,0,0
2025-12-12 22:45:00+00:00,321,1.9999999999527065,1.6313945755469057,0,0,0
2025-12-12 23:00:00+00:00,321,2.9999999999290594,1.8550451509419696,0,0,0
2025-12-12 23:15:00+00:00,321,2.00000000018008,3.3698388268502595,0,0,0
2025-12-12 23:30:00+00:00,321,1.9999999999527065,2.8758421184265592,0,0,0
2025-12-12 23:45:00+00:00,321,1.9999999999527065,2.255148278449853,0,0,0
2025-12-13 00:00:00+00:00,321,2.9999999999290594,2.124840648538165,0,0,0
2025-12-13 00:15:00+00:00,321,2.00000000018008,2.658127459334831,0,0,0
2025-12-13 00:30:00+00:00,321,1.9999999999527065,2.811028160043933,0,0,0
2025-12-13 00:45:00+00:00,321,2.9999999999290594,2.517982232744859,0,0,0
2025-12-13 01:00:00+00:00,321,1.9999999999527065,2.8454353029737662,0,0,0
2025-12-13 01:15:00+00:00,321,2.00000000018008,2.955167728943202,0,0,0
2025-12-13 01:30:00+00:00,321,2.9999999999290594,2.5747037395645123,0,0,0
2025-12-13 01:45:00+00:00,321,1.9999999999527065,2.4000187589184288,0,0,0
2025-12-13 02:00:00+00:00,321,1.9999999999527065,2.206176049539036,0,0,0
2025-12-13 02:15:00+00:00,321,3.000000000156433,1.9732814907291591,0,0,0
2025-12-13 02:30:00+00:00,321,1.9999999999527065,2.3632999711408,0,0,0
2025-12-13 02:45:00+00:00,321,2.9999999999290594,2.455666685287821,0,0,0
2025-12-13 03:00:00+00:00,321,1.9999999999527065,2.4255798960331925,0,0,0
2025-12-13 03:15:00+00:00,321,3.000000000156433,2.4491611685024464,0,0,0
2025-12-13 03:30:00+00:00,321,2.9999999999290594,2.544922410196187,0,0,0
2025-12-13 03:45:00+00:00,321,1.9999999999527065,2.2537871215060656,0,0,0
2025-12-13 05:30:00+00:00,321,16.000000000076398,2.0102104083719188,0,0,0
2025-12-13 05:45:00+00:00,321,9.999999999990903,14.836342677689554,0,0,0
2025-12-13 06:00:00+00:00,321,8.000000000038199,7.199652552499481,0,0,0
2025-12-13 06:15:00+00:00,321,6.999999999834472,5.840748050876337,0,0,0
2025-12-13 06:30:00+00:00,321,8.000000000038199,5.432804209402999,0,0,0
2025-12-13 06:45:00+00:00,321,7.000000000061846,7.61465139242336,0,0,0
2025-12-13 07:00:00+00:00,321,6.0000000000854925,6.74489402692133,0,0,0
2025-12-13 07:15:00+00:00,321,5.999999999858119,5.772545982777465,0,0,0
2025-12-13 07:30:00+00:00,321,5.000000000109139,6.1576013890307495,0,0,0
2025-12-13 07:45:00+00:00,321,8.000000000038199,5.700486582233314,0,0,0
2025-12-13 08:00:00+00:00,321,7.999999999810825,6.3140484819042655,0,0,0
2025-12-13 08:15:00+00:00,321,9.000000000014552,6.981017691894738,0,0,0
2025-12-13 08:30:00+00:00,321,7.000000000061846,6.721440534177886,0,0,0
2025-12-13 08:45:00+00:00,321,7.000000000061846,6.267302158510551,0,0,0
2025-12-13 09:00:00+00:00,321,4.999999999881766,6.237318054543481,0,0,0
2025-12-13 09:15:00+00:00,321,6.0000000000854925,6.21411348708982,0,0,0
2025-12-13 09:30:00+00:00,321,6.0000000000854925,6.055445392210124,0,0,0
2025-12-13 10:00:00+00:00,321,7.000000000061846,5.917425404942429,0,0,0
2025-12-13 10:15:00+00:00,321,7.000000000061846,5.803333108768589,0,0,0
2025-12-13 10:30:00+00:00,321,4.999999999881766,5.951575185659273,0,0,0
2025-12-13 10:45:00+00:00,321,6.0000000000854925,5.714940401782624,0,0,0
2025-12-13 11:00:00+00:00,321,4.999999999881766,5.712799875043941,0,0,0
2025-12-13 11:15:00+00:00,321,6.0000000000854925,5.612685180976268,0,0,0
2025-12-13 11:30:00+00:00,321,4.999999999881766,5.840152706961953,0,0,0
2025-12-13 11:45:00+00:00,321,6.0000000000854925,5.7150393373265365,0,0,0
2025-12-13 12:00:00+00:00,321,5.000000000109139,5.627864431700324,0,0,0
2025-12-13 12:15:00+00:00,321,6.999999999834472,5.387690178262918,0,0,0
2025-12-13 12:30:00+00:00,321,6.0000000000854925,5.484906032049797,0,0,0
2025-12-13 12:45:00+00:00,321,6.0000000000854925,5.794713025008239,0,0,0
2025-12-13 13:00:00+00:00,321,4.999999999881766,5.732762356452216,0,0,0
2025-12-13 13:15:00+00:00,321,6.0000000000854925,5.658686170709727,0,0,0
2025-12-13 13:30:00+00:00,321,4.999999999881766,5.739034523806033,0,0,0
2025-12-13 13:45:00+00:00,321,5.000000000109139,5.392117760184329,0,0,0
2025-12-13 14:00:00+00:00,321,4.999999999881766,5.205272000339407,0,0,0
2025-12-13 14:15:00+00:00,321,6.0000000000854925,5.248061550970747,0,0,0
2025-12-13 14:30:00+00:00,321,4.999999999881766,5.210364873316306,0,0,0
2025-12-13 14:45:00+00:00,321,6.0000000000854925,5.056812726759027,0,0,0
2025-12-13 15:00:00+00:00,321,6.0000000000854925,5.095817415952108,0,0,0
2025-12-13 15:15:00+00:00,321,4.999999999881766,5.606511949166363,0,0,0
2025-12-13 15:30:00+00:00,321,5.000000000109139,5.740658739688735,0,0,0
2025-12-13 15:45:00+00:00,321,6.999999999834472,5.8553971455371,0,0,0
2025-12-13 16:00:00+00:00,321,6.0000000000854925,6.278548216590936,0,0,0
2025-12-13 16:15:00+00:00,321,6.0000000000854925,6.437075551862968,0,0,0
2025-12-13 16:30:00+00:00,321,6.999999999834472,6.358482655677,0,0,0
2025-12-13 16:45:00+00:00,321,7.000000000061846,6.552432376971236,0,0,0
2025-12-13 17:00:00+00:00,321,7.000000000061846,6.827608756700585,0,0,0
2025-12-13 17:15:00+00:00,321,7.000000000061846,6.734563771616221,0,0,0
2025-12-13 17:30:00+00:00,321,5.999999999858119,6.830619223965327,0,0,0
2025-12-13 17:45:00+00:00,321,7.000000000061846,6.708664580689608,0,0,0
2025-12-13 18:00:00+00:00,321,7.000000000061846,6.54024628700278,0,0,0
2025-12-13 18:15:00+00:00,321,5.999999999858119,6.644526369378408,0,0,0
2025-12-13 18:30:00+00:00,321,5.000000000109139,6.717430616010365,0,0,0
2025-12-13 18:45:00+00:00,321,4.999999999881766,5.532510181413171,0,0,0
2025-12-13 19:00:00+00:00,321,7.000000000061846,5.265454015771871,0,0,0
2025-12-13 19:15:00+00:00,321,6.0000000000854925,6.252311260294292,0,0,0
2025-12-13 19:30:00+00:00,321,6.999999999834472,6.570328172746487,0,0,0
2025-12-13 19:45:00+00:00,321,7.000000000061846,6.620186783367044,0,0,0
2025-12-13 20:00:00+00:00,321,7.000000000061846,6.464547904470322,0,0,0
2025-12-13 20:15:00+00:00,321,7.000000000061846,6.218558663962189,0,0,0
2025-12-13 20:30:00+00:00,321,5.999999999858119,6.207138963906775,0,0,0
2025-12-13 20:45:00+00:00,321,6.0000000000854925,6.138528750634041,0,0,0
2025-12-13 21:00:00+00:00,321,7.000000000061846,5.781941109705427,0,0,0
2025-12-13 21:15:00+00:00,321,1.9999999999527065,5.477072240687999,0,0,0
2025-12-13 21:30:00+00:00,321,3.999999999905413,4.241041285865402,0,0,0
2025-12-13 21:45:00+00:00,321,4.000000000132786,4.389325475261658,0,0,0
2025-12-13 22:00:00+00:00,321,3.999999999905413,4.644562953701435,0,0,0
2025-12-13 22:15:00+00:00,321,3.999999999905413,4.6308281474963975,0,0,0
2025-12-13 22:30:00+00:00,321,4.000000000132786,4.581206347609228,0,0,0
2025-12-13 22:45:00+00:00,321,2.9999999999290594,4.804478343116874,0,0,0
2025-12-13 23:00:00+00:00,321,4.000000000132786,4.771817066406899,0,0,0
2025-12-13 23:15:00+00:00,321,4.999999999881766,4.404143524717891,0,0,0
2025-12-13 23:30:00+00:00,321,4.000000000132786,5.452573146350735,0,0,0
2025-12-13 23:45:00+00:00,321,3.999999999905413,5.436236378607095,0,0,0
2025-12-14 00:00:00+00:00,321,6.0000000000854925,5.23613736617393,0,0,0
2025-12-14 00:15:00+00:00,321,5.999999999858119,5.33295517025061,0,0,0
2025-12-14 00:30:00+00:00,321,5.000000000109139,5.778922277627935,0,0,0
2025-12-14 00:45:00+00:00,321,5.999999999858119,5.517711962331993,0,0,0
2025-12-14 01:00:00+00:00,321,7.000000000061846,5.706240708080235,0,0,0
2025-12-14 01:15:00+00:00,321,7.000000000061846,6.7104194607163095,0,0,0
2025-12-14 01:30:00+00:00,321,7.000000000061846,6.928049101581892,0,0,0
2025-12-14 01:45:00+00:00,321,6.999999999834472,7.356642492876326,0,0,0
2025-12-14 02:00:00+00:00,321,7.000000000061846,7.748077366840089,0,0,0
2025-12-14 02:15:00+00:00,321,7.000000000061846,7.534693301108139,0,0,0
2025-12-14 02:30:00+00:00,321,6.999999999834472,7.175619868583517,0,0,0
2025-12-14 02:45:00+00:00,321,6.0000000000854925,7.296187395151739,0,0,0
2025-12-14 03:00:00+00:00,321,7.000000000061846,7.03621161084105,0,0,0
2025-12-14 03:15:00+00:00,321,7.000000000061846,6.856167092756417,0,0,0
2025-12-14 03:30:00+00:00,321,5.999999999858119,6.800935676373637,0,0,0
2025-12-14 03:45:00+00:00,321,6.0000000000854925,6.685476742861448,0,0,0
2025-12-14 04:00:00+00:00,321,7.000000000061846,6.595682497077039,0,0,0
2025-12-14 04:15:00+00:00,321,5.999999999858119,6.708780822742659,0,0,0
2025-12-14 04:30:00+00:00,321,6.0000000000854925,6.497738616139044,0,0,0
2025-12-14 04:45:00+00:00,321,4.999999999881766,6.206748125242052,0,0,0
2025-12-14 05:00:00+00:00,321,5.000000000109139,6.10918094931965,0,0,0
2025-12-14 05:15:00+00:00,321,20.999999999958163,6.193756994156812,0,0,0
2025-12-14 05:30:00+00:00,321,19.000000000005457,15.339750954224897,0,0,0
2025-12-14 05:45:00+00:00,321,12.999999999919964,12.986186279992165,0,0,0
2025-12-14 06:00:00+00:00,321,10.999999999967258,11.472325929699654,0,0,0
2025-12-14 06:15:00+00:00,321,11.000000000194632,8.21373380122311,0,0,0
2025-12-14 06:30:00+00:00,321,11.999999999943611,8.98306610926024,0,0,0
2025-12-14 06:45:00+00:00,321,9.999999999990903,9.631309099478608,0,0,0
2025-12-14 07:00:00+00:00,321,8.000000000038199,9.843043854889604,0,0,0
2025-12-14 07:15:00+00:00,321,5.999999999858119,9.456643732876213,0,0,0
2025-12-14 07:30:00+00:00,321,7.000000000061846,7.010218964765086,0,0,0
2025-12-14 07:45:00+00:00,321,7.000000000061846,7.519604909557064,0,0,0
2025-12-14 08:00:00+00:00,321,8.000000000038199,8.39144511343398,0,0,0
2025-12-14 08:15:00+00:00,321,7.999999999810825,7.116963494042116,0,0,0
2025-12-14 08:30:00+00:00,321,7.000000000061846,6.610648012413228,0,0,0
2025-12-14 08:45:00+00:00,321,7.000000000061846,6.363522022696477,0,0,0
2025-12-14 09:00:00+00:00,321,7.000000000061846,6.654641735528374,0,0,0
2025-12-14 09:15:00+00:00,321,6.999999999834472,6.966993073772077,0,0,0
2025-12-14 09:30:00+00:00,321,6.0000000000854925,6.6834397667357806,0,0,0
2025-12-14 09:45:00+00:00,321,7.000000000061846,6.383439507180992,0,0,0
2025-12-14 10:00:00+00:00,321,5.999999999858119,6.367591648320529,0,0,0
2025-12-14 10:15:00+00:00,321,7.000000000061846,6.284670394198881,0,0,0
2025-12-14 10:30:00+00:00,321,6.0000000000854925,5.942422638301077,0,0,0
2025-12-14 10:45:00+00:00,321,4.999999999881766,5.470665371004716,0,0,0
2025-12-14 11:00:00+00:00,321,6.0000000000854925,5.164899664261611,0,0,0
2025-12-14 11:15:00+00:00,321,4.999999999881766,5.261837243803625,0,0,0
2025-12-14 11:30:00+00:00,321,5.000000000109139,5.2748586612798585,0,0,0
2025-12-14 11:45:00+00:00,321,6.0000000000854925,5.2581004800386815,0,0,0
2025-12-14 12:00:00+00:00,321,4.999999999881766,5.319015930906368,0,0,0
2025-12-14 12:15:00+00:00,321,6.0000000000854925,5.3468684498311445,0,0,0
2025-12-14 12:30:00+00:00,321,5.999999999858119,5.317442192341989,0,0,0
2025-12-14 12:45:00+00:00,321,5.000000000109139,5.364456189743721,0,0,0
2025-12-14 13:00:00+00:00,321,4.999999999881766,5.461807034301884,0,0,0
2025-12-14 13:15:00+00:00,321,6.0000000000854925,5.399861269256785,0,0,0
2025-12-14 13:30:00+00:00,321,4.999999999881766,5.546377598744486,0,0,0
2025-12-14 13:45:00+00:00,321,6.0000000000854925,5.659892434396719,0,0,0
2025-12-14 14:00:00+00:00,321,6.0000000000854925,5.643864587841211,0,0,0
2025-12-14 14:15:00+00:00,321,5.999999999858119,5.723745088307124,0,0,0
2025-12-14 14:30:00+00:00,321,6.0000000000854925,5.725151819058312,0,0,0
2025-12-14 14:45:00+00:00,321,5.000000000109139,5.653692954381286,0,0,0
2025-12-14 15:00:00+00:00,321,5.999999999858119,5.603180446157093,0,0,0
2025-12-14 15:15:00+00:00,321,6.0000000000854925,5.691334611758757,0,0,0
2025-12-14 15:30:00+00:00,321,5.999999999858119,5.768824506428928,0,0,0
2025-12-14 15:45:00+00:00,321,5.000000000109139,5.885271641612957,0,0,0
2025-12-14 16:00:00+00:00,321,6.0000000000854925,5.7546876844386805,0,0,0
2025-12-14 16:15:00+00:00,321,5.999999999858119,5.690572548473,0,0,0
2025-12-14 16:30:00+00:00,321,7.000000000061846,5.734455221487837,0,0,0
2025-12-14 16:45:00+00:00,321,5.999999999858119,5.825892720315,0,0,0
2025-12-14 17:00:00+00:00,321,6.0000000000854925,5.971627949356891,0,0,0
2025-12-14 17:15:00+00:00,321,6.0000000000854925,5.91790796810559,0,0,0
2025-12-14 17:30:00+00:00,321,5.999999999858119,5.983556749222812,0,0,0
2025-12-14 17:45:00+00:00,321,7.000000000061846,5.941148879228442,0,0,0
2025-12-14 18:00:00+00:00,321,7.000000000061846,6.2039392788087815,0,0,0
2025-12-14 18:15:00+00:00,321,7.000000000061846,6.67437375192328,0,0,0
2025-12-14 18:30:00+00:00,321,8.999999999787178,7.142212248666919,0,0,0
2025-12-14 18:45:00+00:00,321,9.000000000014552,6.881228937082518,0,0,0
2025-12-14 19:00:00+00:00,321,8.000000000038199,7.593916752265663,0,0,0
2025-12-14 19:15:00+00:00,321,8.000000000038199,7.556226636662604,0,0,0
2025-12-14 19:30:00+00:00,321,8.000000000038199,7.726084255026164,0,0,0
2025-12-14 19:45:00+00:00,321,8.000000000038199,7.314741415157913,0,0,0
2025-12-14 20:00:00+00:00,321,6.999999999834472,6.97711767006025,0,0,0
2025-12-14 20:15:00+00:00,321,4.000000000132786,6.269814198312087,0,0,0
2025-12-14 20:30:00+00:00,321,3.999999999905413,5.166946880071853,0,0,0
2025-12-14 20:45:00+00:00,321,5.000000000109139,3.893037889801128,0,0,0
2025-12-14 21:00:00+00:00,321,4.999999999881766,4.0314946500932205,0,0,0
2025-12-14 21:15:00+00:00,321,5.000000000109139,4.74945849880832,0,0,0
2025-12-14 21:30:00+00:00,321,4.999999999881766,5.308565395362743,0,0,0
2025-12-14 21:45:00+00:00,321,6.0000000000854925,5.702192427150788,0,0,0
2025-12-14 22:00:00+00:00,321,6.0000000000854925,6.016179807391771,0,0,0
2025-12-14 22:15:00+00:00,321,6.999999999834472,6.21068535607119,0,0,0
2025-12-14 22:30:00+00:00,321,9.000000000014552,7.984366597417595,0,0,0
2025-12-14 22:45:00+00:00,321,10.999999999967258,10.1907125863334,0,0,0
2025-12-14 23:00:00+00:00,321,12.000000000170983,10.930797182367323,0,0,0
2025-12-14 23:15:00+00:00,321,11.999999999943611,11.821183618321305,0,0,0
2025-12-14 23:30:00+00:00,321,10.999999999967258,12.13774678400582,0,0,0
2025-12-14 23:45:00+00:00,321,10.999999999967258,11.830104546898855,0,0,0
2025-12-15 00:00:00+00:00,321,11.999999999943611,11.448861764608909,0,0,0
2025-12-15 00:15:00+00:00,321,11.000000000194632,12.502019957201274,0,0,0
2025-12-15 00:30:00+00:00,321,11.999999999943611,11.936898976610571,0,0,0
2025-12-15 00:45:00+00:00,321,10.999999999967258,11.756212675478697,0,0,0
2025-12-15 01:00:00+00:00,321,10.999999999967258,11.727652320330131,0,0,0
2025-12-15 01:15:00+00:00,321,11.999999999943611,11.389950984383162,0,0,0
2025-12-15 01:30:00+00:00,321,12.000000000170983,11.803049281161751,0,0,0
2025-12-15 01:45:00+00:00,321,11.999999999943611,12.29300809256149,0,0,0
2025-12-15 02:00:00+00:00,321,11.999999999943611,12.352590365341827,0,0,0
2025-12-15 04:00:00+00:00,321,10.999999999967258,12.171304105226469,0,0,0
2025-12-15 04:15:00+00:00,321,9.999999999990903,12.895264803579163,0,0,0
2025-12-15 04:30:00+00:00,321,10.999999999967258,11.520233808298418,0,0,0
2025-12-15 04:45:00+00:00,321,10.999999999967258,11.154495350662522,0,0,0
2025-12-15 05:00:00+00:00,321,10.999999999967258,11.461573395571552,0,0,0
2025-12-15 05:15:00+00:00,321,33.00000000012915,12.425389619151677,0,0,0
2025-12-15 05:30:00+00:00,321,28.00000000002001,27.59357052307909,0,0,0
2025-12-15 05:45:00+00:00,321,22.99999999991087,23.215045632473466,0,0,0
2025-12-15 06:00:00+00:00,321,21.99999999993452,18.825106522206983,0,0,0
2025-12-15 06:15:00+00:00,321,21.000000000185537,19.69774801745704,0,0,0
2025-12-15 06:30:00+00:00,321,19.99999999998181,20.65459952487597,0,0,0
2025-12-15 06:45:00+00:00,321,18.000000000029104,19.789291374431773,0,0,0
2025-12-15 07:00:00+00:00,321,20.999999999958163,18.431401899569632,0,0,0
2025-12-15 07:15:00+00:00,321,20.999999999958163,18.906732095677757,0,0,0
2025-12-15 07:30:00+00:00,321,18.000000000029104,18.01058720724957,0,0,0
2025-12-15 07:45:00+00:00,321,17.00000000005275,16.82934757870444,0,0,0
2025-12-15 08:00:00+00:00,321,17.99999999980173,17.062855076379655,0,0,0
2025-12-15 08:15:00+00:00,321,11.000000000194632,14.934820175992671,0,0,0
2025-12-15 08:30:00+00:00,321,9.999999999990903,11.001997314732725,0,0,0
2025-12-15 08:45:00+00:00,321,9.999999999990903,10.3548215592446,0,0,0
2025-12-15 09:00:00+00:00,321,9.000000000014552,10.91255900615294,0,0,0
2025-12-15 09:15:00+00:00,321,9.000000000014552,10.564180707834442,0,0,0
2025-12-15 09:30:00+00:00,321,9.999999999990903,9.795767086990775,0,0,0
2025-12-15 09:45:00+00:00,321,11.999999999943611,9.758892684851803,0,0,0
2025-12-15 10:00:00+00:00,321,9.999999999990903,10.658047752102911,0,0,0
2025-12-15 10:15:00+00:00,321,9.000000000014552,10.030904857826895,0,0,0
2025-12-15 10:30:00+00:00,321,9.000000000014552,9.828250827761169,0,0,0
2025-12-15 10:45:00+00:00,321,9.000000000014552,9.66282079131902,0,0,0
2025-12-15 11:00:00+00:00,321,9.000000000014552,9.541418514126656,0,0,0
2025-12-15 11:15:00+00:00,321,9.999999999990903,9.502311572308743,0,0,0
2025-12-15 11:30:00+00:00,321,7.999999999810825,9.231241450314457,0,0,0
2025-12-15 11:45:00+00:00,321,8.000000000038199,8.763923879495906,0,0,0
2025-12-15 12:00:00+00:00,321,7.000000000061846,8.305323885772518,0,0,0
2025-12-15 12:15:00+00:00,321,7.000000000061846,7.987436195255228,0,0,0
2025-12-15 12:30:00+00:00,321,6.999999999834472,7.755985287749367,0,0,0
2025-12-15 12:45:00+00:00,321,7.000000000061846,7.3961209477570895,0,0,0
2025-12-15 13:00:00+00:00,321,8.000000000038199,7.149081490586034,0,0,0
2025-12-15 13:15:00+00:00,321,6.0000000000854925,7.101384462956947,0,0,0
2025-12-15 13:30:00+00:00,321,5.999999999858119,6.706172443373582,0,0,0
2025-12-15 13:45:00+00:00,321,6.0000000000854925,6.323815698778716,0,0,0
2025-12-15 14:00:00+00:00,321,6.0000000000854925,6.3784373491561634,0,0,0
2025-12-15 14:15:00+00:00,321,6.999999999834472,6.457126008026034,0,0,0
2025-12-15 14:30:00+00:00,321,7.000000000061846,6.619566633456227,0,0,0
2025-12-15 14:45:00+00:00,321,9.000000000014552,6.867772549343256,0,0,0
2025-12-15 15:00:00+00:00,321,8.000000000038199,7.386230566225931,0,0,0
2025-12-15 15:15:00+00:00,321,7.000000000061846,7.356127912671258,0,0,0
2025-12-15 15:30:00+00:00,321,7.999999999810825,7.359844485508873,0,0,0
2025-12-15 15:45:00+00:00,321,8.000000000038199,7.496526679620118,0,0,0
2025-12-15 16:00:00+00:00,321,6.0000000000854925,7.672297355272859,0,0,0
2025-12-15 16:15:00+00:00,321,7.000000000061846,7.437345629409984,0,0,0
2025-12-15 16:30:00+00:00,321,8.999999999787178,7.38097111809857,0,0,0
2025-12-15 16:45:00+00:00,321,8.000000000038199,7.866585418820763,0,0,0
2025-12-15 17:00:00+00:00,321,8.000000000038199,7.818736382353071,0,0,0
2025-12-15 17:15:00+00:00,321,7.000000000061846,7.563806887665516,0,0,0
2025-12-15 17:30:00+00:00,321,7.000000000061846,7.481533762311125,0,0,0
2025-12-15 17:45:00+00:00,321,6.999999999834472,7.100898438491958,0,0,0
2025-12-15 18:00:00+00:00,321,7.000000000061846,6.909350860666225,0,0,0
2025-12-15 18:15:00+00:00,321,9.999999999990903,7.13309777562883,0,0,0
2025-12-15 18:30:00+00:00,321,12.999999999919964,8.960137292185529,0,0,0
2025-12-15 18:45:00+00:00,321,8.000000000038199,9.905821486140654,0,0,0
2025-12-15 19:00:00+00:00,321,5.000000000109139,8.560566628275492,0,0,0
2025-12-15 19:15:00+00:00,321,4.999999999881766,6.834689714914835,0,0,0
2025-12-15 19:30:00+00:00,321,5.000000000109139,6.713320320089836,0,0,0
2025-12-15 19:45:00+00:00,321,4.999999999881766,6.0273407751355546,0,0,0
2025-12-15 20:00:00+00:00,321,6.0000000000854925,5.660962553545152,0,0,0
2025-12-15 20:15:00+00:00,321,4.999999999881766,5.904436004508103,0,0,0
2025-12-15 20:30:00+00:00,321,6.0000000000854925,5.420528125587021,0,0,0
2025-12-15 20:45:00+00:00,321,5.000000000109139,4.774706532328576,0,0,0
2025-12-15 21:00:00+00:00,321,5.999999999858119,4.503550022009502,0,0,0
2025-12-15 21:15:00+00:00,321,3.000000000156433,4.769628658326264,0,0,0
2025-12-15 21:30:00+00:00,321,2.9999999999290594,4.405963159932954,0,0,0
2025-12-15 21:45:00+00:00,321,0.9999999999763532,3.938064054352101,0,0,0
2025-12-15 22:00:00+00:00,321,1.9999999999527065,3.132364244617638,0,0,0
2025-12-15 22:15:00+00:00,321,1.9999999999527065,2.9645074750419185,0,0,0
2025-12-15 22:30:00+00:00,321,2.00000000018008,3.059486823074847,0,0,0
2025-12-15 22:45:00+00:00,321,1.9999999999527065,2.219599554910934,0,0,0
2025-12-15 23:00:00+00:00,321,2.9999999999290594,2.1899514856629803,0,0,0
2025-12-15 23:15:00+00:00,321,2.9999999999290594,2.4805967117026477,0,0,0
2025-12-15 23:30:00+00:00,321,3.000000000156433,3.8359675486566407,0,0,0
2025-12-15 23:45:00+00:00,321,2.9999999999290594,3.7034224755550897,0,0,0
2025-12-16 00:00:00+00:00,321,1.9999999999527065,4.118912856393745,0,0,0
2025-12-16 00:15:00+00:00,321,3.000000000156433,3.357241995731571,0,0,0
2025-12-16 00:30:00+00:00,321,2.9999999999290594,2.630627416312854,0,0,0
2025-12-16 00:45:00+00:00,321,2.9999999999290594,2.5660891361987224,0,0,0
2025-12-16 01:00:00+00:00,321,3.000000000156433,2.4637577667521544,0,0,0
2025-12-16 01:15:00+00:00,321,1.9999999999527065,2.4101811410848883,0,0,0
2025-12-16 01:30:00+00:00,321,3.999999999905413,2.11313741017469,0,0,0
2025-12-16 01:45:00+00:00,321,2.9999999999290594,3.172874239553544,0,0,0
2025-12-16 02:00:00+00:00,321,2.00000000018008,3.206905110130512,0,0,0
2025-12-16 02:15:00+00:00,321,3.999999999905413,2.848532447005112,0,0,0
2025-12-16 02:30:00+00:00,321,2.9999999999290594,3.013883738830678,0,0,0
2025-12-16 02:45:00+00:00,321,3.000000000156433,2.7678823116556925,0,0,0
2025-12-16 03:00:00+00:00,321,1.9999999999527065,2.549588966164627,0,0,0
2025-12-16 03:15:00+00:00,321,2.9999999999290594,2.1336199521825945,0,0,0
2025-12-16 03:30:00+00:00,321,3.000000000156433,2.962667648899526,0,0,0
2025-12-16 03:45:00+00:00,321,2.9999999999290594,2.665238127056436,0,0,0
2025-12-16 04:00:00+00:00,321,2.9999999999290594,2.8990394027242905,0,0,0
2025-12-16 04:15:00+00:00,321,2.9999999999290594,6.450774519171996,0,0,0
2025-12-16 04:30:00+00:00,321,3.000000000156433,3.459281462057327,0,0,0
2025-12-16 04:45:00+00:00,321,2.9999999999290594,2.9969525646085646,0,0,0
2025-12-16 05:00:00+00:00,321,2.9999999999290594,3.944703876859441,0,0,0
2025-12-16 05:15:00+00:00,321,19.000000000005457,9.859605030368414,0,0,0
2025-12-16 05:30:00+00:00,321,18.000000000029104,21.552824655702665,0,0,0
2025-12-16 05:45:00+00:00,321,13.000000000147338,12.556157602206463,0,0,0
2025-12-16 06:00:00+00:00,321,9.999999999990903,10.1700295772613,0,0,0
2025-12-16 06:15:00+00:00,321,10.999999999967258,9.010623840646016,0,0,0
2025-12-16 06:30:00+00:00,321,11.999999999943611,10.709769985315926,0,0,0
2025-12-16 06:45:00+00:00,321,12.999999999919964,11.262921784186052,0,0,0
2025-12-16 07:00:00+00:00,321,13.000000000147338,11.694833410166083,0,0,0
2025-12-16 07:15:00+00:00,321,9.000000000014552,12.26848303846052,0,0,0
2025-12-16 07:30:00+00:00,321,9.000000000014552,11.4158490215425,0,0,0
2025-12-16 07:45:00+00:00,321,9.999999999990903,10.514718704714989,0,0,0
2025-12-16 08:00:00+00:00,321,11.999999999943611,12.000286373866953,0,0,0
2025-12-16 08:15:00+00:00,321,11.999999999943611,11.8936113590683,0,0,0
2025-12-16 08:30:00+00:00,321,9.000000000014552,10.41703153699589,0,0,0
2025-12-16 08:45:00+00:00,321,9.000000000014552,9.412176965177936,0,0,0
2025-12-16 09:00:00+00:00,321,8.000000000038199,9.096779681325756,0,0,0
2025-12-16 09:15:00+00:00,321,9.999999999990903,9.019287479121031,0,0,0
2025-12-16 09:30:00+00:00,321,10.999999999967258,9.487023579018931,0,0,0
2025-12-16 09:45:00+00:00,321,9.999999999990903,9.92607933197157,0,0,0
2025-12-16 10:00:00+00:00,321,9.000000000014552,9.371699924719849,0,0,0
2025-12-16 10:15:00+00:00,321,7.000000000061846,8.929441313809205,0,0,0
2025-12-16 10:30:00+00:00,321,9.000000000014552,7.758996331897746,0,0,0
2025-12-16 10:45:00+00:00,321,8.000000000038199,8.013252026496154,0,0,0
2025-12-16 11:00:00+00:00,321,6.999999999834472,8.155850450756589,0,0,0
2025-12-16 11:15:00+00:00,321,8.000000000038199,7.951189730956186,0,0,0
2025-12-16 11:30:00+00:00,321,6.0000000000854925,7.608414991855097,0,0,0
2025-12-16 11:45:00+00:00,321,8.000000000038199,7.079850550518844,0,0,0
2025-12-16 12:00:00+00:00,321,7.999999999810825,7.202622349467745,0,0,0
2025-12-16 12:15:00+00:00,321,8.000000000038199,7.249193011793698,0,0,0
2025-12-16 12:30:00+00:00,321,6.0000000000854925,7.226939725459048,0,0,0
2025-12-16 12:45:00+00:00,321,5.999999999858119,6.536112915736734,0,0,0
2025-12-16 13:00:00+00:00,321,5.000000000109139,6.069398188319858,0,0,0
2025-12-16 13:15:00+00:00,321,3.999999999905413,5.900623092102947,0,0,0
2025-12-16 13:30:00+00:00,321,5.000000000109139,5.230095159060299,0,0,0
2025-12-16 13:45:00+00:00,321,4.999999999881766,5.23006891085477,0,0,0
2025-12-16 14:00:00+00:00,321,6.0000000000854925,5.096370503140011,0,0,0
2025-12-16 14:15:00+00:00,321,6.0000000000854925,5.254019316741871,0,0,0
2025-12-16 14:30:00+00:00,321,4.999999999881766,5.373265779779143,0,0,0
2025-12-16 14:45:00+00:00,321,6.0000000000854925,5.346623562726826,0,0,0
2025-12-16 15:00:00+00:00,321,5.999999999858119,5.412456081282741,0,0,0
2025-12-16 15:15:00+00:00,321,4.000000000132786,5.506265725629233,0,0,0
2025-12-16 15:30:00+00:00,321,5.999999999858119,5.703600888552889,0,0,0
2025-12-16 15:45:00+00:00,321,7.000000000061846,6.051334519405957,0,0,0
2025-12-16 16:00:00+00:00,321,7.000000000061846,6.499657331118928,0,0,0
2025-12-16 16:15:00+00:00,321,6.0000000000854925,6.602519145070609,0,0,0
2025-12-16 16:30:00+00:00,321,5.999999999858119,6.520422257667618,0,0,0
2025-12-16 16:45:00+00:00,321,7.000000000061846,6.5735145895208085,0,0,0
2025-12-16 17:00:00+00:00,321,7.000000000061846,6.764902947462463,0,0,0
2025-12-16 17:15:00+00:00,321,6.999999999834472,6.882368282267507,0,0,0
2025-12-16 17:30:00+00:00,321,7.000000000061846,7.0340731031951,0,0,0
2025-12-16 17:45:00+00:00,321,7.000000000061846,6.693146410828245,0,0,0
2025-12-16 18:00:00+00:00,321,7.000000000061846,6.493946183103036,0,0,0
2025-12-16 18:15:00+00:00,321,7.999999999810825,6.3887577974394265,0,0,0
2025-12-16 18:30:00+00:00,321,9.000000000014552,6.880615709775357,0,0,0
2025-12-16 18:45:00+00:00,321,6.0000000000854925,7.089523735360307,0,0,0
2025-12-16 19:00:00+00:00,321,6.0000000000854925,6.380690945087888,0,0,0
2025-12-16 19:45:00+00:00,321,7.000000000061846,6.219742429187301,0,0,0
2025-12-16 20:00:00+00:00,321,5.999999999858119,6.946387367107466,0,0,0
2025-12-16 20:15:00+00:00,321,6.0000000000854925,5.003229322709015,0,0,0
2025-12-16 20:30:00+00:00,321,7.000000000061846,4.824231127322748,0,0,0
2025-12-16 20:45:00+00:00,321,5.999999999858119,6.934033980884,0,0,0
2025-12-16 21:00:00+00:00,321,6.0000000000854925,5.891671588692583,0,0,0
2025-12-16 21:15:00+00:00,321,3.999999999905413,3.727523231740335,0,0,0
2025-12-16 21:30:00+00:00,321,4.000000000132786,3.510520266781724,0,0,0
2025-12-16 21:45:00+00:00,321,0.9999999999763532,4.335432428918966,0,0,0
2025-12-16 22:00:00+00:00,321,0.9999999999763532,3.397504363365879,0,0,0
2025-12-16 22:15:00+00:00,321,1.9999999999527065,2.7532019210575696,0,0,0
2025-12-16 22:30:00+00:00,321,1.9999999999527065,3.011062417288736,0,0,0
2025-12-16 22:45:00+00:00,321,3.000000000156433,3.586330456574266,0,0,0
2025-12-16 23:00:00+00:00,321,1.9999999999527065,3.916594392329177,0,0,0
2025-12-16 23:15:00+00:00,321,1.9999999999527065,3.2086119645943523,0,0,0
2025-12-16 23:30:00+00:00,321,2.9999999999290594,2.951593574253711,0,0,0
2025-12-16 23:45:00+00:00,321,3.000000000156433,3.315850594707303,0,0,0
2025-12-17 00:00:00+00:00,321,1.9999999999527065,4.0159196211382895,0,0,0
2025-12-17 00:15:00+00:00,321,2.9999999999290594,3.661286858582615,0,0,0
2025-12-17 00:30:00+00:00,321,2.9999999999290594,2.644793659368637,0,0,0
2025-12-17 00:45:00+00:00,321,2.00000000018008,2.713534536785372,0,0,0
2025-12-17 01:00:00+00:00,321,1.9999999999527065,2.439170409218282,0,0,0
2025-12-17 01:15:00+00:00,321,2.9999999999290594,2.298191297329626,0,0,0
2025-12-17 01:30:00+00:00,321,2.9999999999290594,2.716706243026925,0,0,0
2025-12-17 01:45:00+00:00,321,2.00000000018008,3.003709746881004,0,0,0
2025-12-17 02:00:00+00:00,321,2.9999999999290594,2.847537250619161,0,0,0
2025-12-17 02:15:00+00:00,321,2.9999999999290594,3.4139104292565308,0,0,0
2025-12-17 02:30:00+00:00,321,3.000000000156433,3.394238048207699,0,0,0
2025-12-17 02:45:00+00:00,321,2.9999999999290594,3.1620191643587927,0,0,0
2025-12-17 03:00:00+00:00,321,1.9999999999527065,3.263886286697706,0,0,0
2025-12-17 03:15:00+00:00,321,2.9999999999290594,3.162979098732373,0,0,0
2025-12-17 03:30:00+00:00,321,3.000000000156433,3.0245509662908154,0,0,0
2025-12-17 03:45:00+00:00,321,2.9999999999290594,3.1123252540168767,0,0,0
2025-12-17 04:00:00+00:00,321,2.9999999999290594,3.62175778216262,0,0,0
2025-12-17 04:15:00+00:00,321,3.000000000156433,4.158459022991515,0,0,0
2025-12-17 04:30:00+00:00,321,2.9999999999290594,4.12237675419793,0,0,0
2025-12-17 04:45:00+00:00,321,2.9999999999290594,3.727434626019066,0,0,0
2025-12-17 05:00:00+00:00,321,3.000000000156433,4.331920361331012,0,0,0
2025-12-17 05:15:00+00:00,321,19.000000000005457,9.859037376868653,0,0,0
2025-12-17 05:30:00+00:00,321,16.999999999825377,19.42325639860596,0,0,0
2025-12-17 05:45:00+00:00,321,12.000000000170983,12.51462659534181,0,0,0
2025-12-17 06:00:00+00:00,321,9.999999999990903,10.318109838291535,0,0,0
2025-12-17 06:15:00+00:00,321,10.999999999967258,9.4901058682966,0,0,0
2025-12-17 06:30:00+00:00,321,14.99999999987267,10.66545263047988,0,0,0
2025-12-17 06:45:00+00:00,321,15.000000000100044,12.371602142514732,0,0,0
2025-12-17 07:00:00+00:00,321,17.00000000005275,12.845671270990255,0,0,0
2025-12-17 07:15:00+00:00,321,13.999999999896318,13.880642630012016,0,0,0
2025-12-17 07:30:00+00:00,321,12.999999999919964,12.829073751842252,0,0,0
2025-12-17 07:45:00+00:00,321,14.000000000123691,12.023331144552898,0,0,0
2025-12-17 08:00:00+00:00,321,12.999999999919964,13.992491137275971,0,0,0
2025-12-17 08:15:00+00:00,321,10.999999999967258,13.301080521312034,0,0,0
2025-12-17 08:30:00+00:00,321,9.000000000014552,11.56768248752136,0,0,0
2025-12-17 08:45:00+00:00,321,8.000000000038199,9.573508820255952,0,0,0
2025-12-17 09:00:00+00:00,321,9.000000000014552,8.471799235366667,0,0,0
2025-12-17 09:15:00+00:00,321,9.000000000014552,8.637412720805688,0,0,0
2025-12-17 09:30:00+00:00,321,9.999999999990903,8.386907346737717,0,0,0
2025-12-17 09:45:00+00:00,321,9.000000000014552,8.56392409104847,0,0,0
2025-12-17 10:00:00+00:00,321,8.000000000038199,8.663225956070246,0,0,0
2025-12-17 10:15:00+00:00,321,9.000000000014552,8.789639044542007,0,0,0
2025-12-17 10:30:00+00:00,321,8.000000000038199,8.73006138683077,0,0,0
2025-12-17 10:45:00+00:00,321,7.999999999810825,8.156667029546135,0,0,0
2025-12-17 11:00:00+00:00,321,8.000000000038199,8.236461285908172,0,0,0
2025-12-17 11:15:00+00:00,321,9.999999999990903,8.269358075363348,0,0,0
2025-12-17 11:30:00+00:00,321,8.000000000038199,8.369030299680698,0,0,0
2025-12-17 11:45:00+00:00,321,7.000000000061846,7.9798435412541,0,0,0
2025-12-17 12:00:00+00:00,321,7.000000000061846,7.667449802063006,0,0,0
2025-12-17 12:15:00+00:00,321,6.999999999834472,7.7035852162617395,0,0,0
2025-12-17 12:30:00+00:00,321,7.000000000061846,7.288245438107821,0,0,0
2025-12-17 12:45:00+00:00,321,7.000000000061846,7.06513915242518,0,0,0
2025-12-17 13:00:00+00:00,321,5.999999999858119,6.869610500613824,0,0,0
2025-12-17 13:15:00+00:00,321,5.000000000109139,6.511177985810985,0,0,0
2025-12-17 13:30:00+00:00,321,6.0000000000854925,5.639931972081177,0,0,0
2025-12-17 13:45:00+00:00,321,5.999999999858119,5.420451976946809,0,0,0
2025-12-17 14:00:00+00:00,321,6.0000000000854925,6.168434398426348,0,0,0
2025-12-17 14:15:00+00:00,321,7.000000000061846,6.571252051892694,0,0,0
2025-12-17 14:30:00+00:00,321,5.999999999858119,6.634078718252972,0,0,0
2025-12-17 14:45:00+00:00,321,7.000000000061846,6.557311658781177,0,0,0
2025-12-17 15:00:00+00:00,321,6.0000000000854925,6.614844552437633,0,0,0
2025-12-17 15:15:00+00:00,321,5.999999999858119,6.509008903332223,0,0,0
2025-12-17 15:30:00+00:00,321,6.0000000000854925,6.420872909565155,0,0,0
2025-12-17 15:45:00+00:00,321,7.000000000061846,6.266535191713872,0,0,0
2025-12-17 16:00:00+00:00,321,6.999999999834472,6.371569549446143,0,0,0
2025-12-17 16:15:00+00:00,321,6.0000000000854925,6.534111994838439,0,0,0
2025-12-17 16:30:00+00:00,321,7.000000000061846,6.395821160702718,0,0,0
2025-12-17 16:45:00+00:00,321,5.999999999858119,6.446110703400836,0,0,0
2025-12-17 17:00:00+00:00,321,6.0000000000854925,6.352720165017329,0,0,0
2025-12-17 17:15:00+00:00,321,5.999999999858119,6.2846706826407,0,0,0
2025-12-17 17:30:00+00:00,321,6.0000000000854925,6.30518293415596,0,0,0
2025-12-17 17:45:00+00:00,321,6.0000000000854925,6.280031384424154,0,0,0
2025-12-17 18:00:00+00:00,321,5.999999999858119,6.428817751027262,0,0,0
2025-12-17 18:15:00+00:00,321,9.000000000014552,6.245979673925764,0,0,0
2025-12-17 18:30:00+00:00,321,7.000000000061846,7.201179275047366,0,0,0
2025-12-17 18:45:00+00:00,321,6.0000000000854925,6.462565155406622,0,0,0
2025-12-17 19:00:00+00:00,321,4.999999999881766,6.075661702419105,0,0,0
2025-12-17 19:15:00+00:00,321,5.000000000109139,5.800668194802992,0,0,0
2025-12-17 19:30:00+00:00,321,4.999999999881766,5.71493895957353,0,0,0
2025-12-17 19:45:00+00:00,321,6.0000000000854925,4.742248318659166,0,0,0
2025-12-17 20:00:00+00:00,321,4.999999999881766,5.010741789884465,0,0,0
2025-12-17 20:15:00+00:00,321,6.0000000000854925,5.032534290413287,0,0,0
2025-12-17 20:30:00+00:00,321,4.999999999881766,5.125976459882393,0,0,0
2025-12-17 20:45:00+00:00,321,6.0000000000854925,4.96147650408556,0,0,0
2025-12-17 21:00:00+00:00,321,6.0000000000854925,4.663123968421719,0,0,0
2025-12-17 21:15:00+00:00,321,2.9999999999290594,4.3883413117752825,0,0,0
2025-12-17 21:30:00+00:00,321,2.9999999999290594,3.162600230403137,0,0,0
2025-12-17 21:45:00+00:00,321,2.00000000018008,2.7333227993349807,0,0,0
2025-12-17 22:00:00+00:00,321,0.9999999999763532,2.17747435789917,0,0,0
2025-12-17 22:15:00+00:00,321,0.9999999999763532,2.1904409714297968,0,0,0
2025-12-17 22:30:00+00:00,321,1.9999999999527065,1.4183566399977368,0,0,0
2025-12-17 22:45:00+00:00,321,1.9999999999527065,1.6454538066878457,0,0,0
2025-12-17 23:00:00+00:00,321,1.9999999999527065,2.1796812262562204,0,0,0
2025-12-17 23:15:00+00:00,321,3.000000000156433,1.7371595564066649,0,0,0
2025-12-17 23:30:00+00:00,321,1.9999999999527065,2.685766819755377,0,0,0
2025-12-17 23:45:00+00:00,321,1.9999999999527065,2.4876840156369138,0,0,0
2025-12-18 00:00:00+00:00,321,2.9999999999290594,2.649588139283797,0,0,0
2025-12-18 00:15:00+00:00,321,3.000000000156433,3.4611985184967526,0,0,0
2025-12-18 00:30:00+00:00,321,1.9999999999527065,3.616960345718816,0,0,0
2025-12-18 00:45:00+00:00,321,2.9999999999290594,2.992536376139004,0,0,0
2025-12-18 01:00:00+00:00,321,1.9999999999527065,2.9608755598781755,0,0,0
2025-12-18 01:15:00+00:00,321,3.000000000156433,2.660346874911007,0,0,0
2025-12-18 01:30:00+00:00,321,1.9999999999527065,2.5951510916705,0,0,0
2025-12-18 01:45:00+00:00,321,2.9999999999290594,2.6451680568496787,0,0,0
2025-12-18 02:00:00+00:00,321,3.000000000156433,3.0668500937194274,0,0,0
2025-12-18 02:15:00+00:00,321,2.9999999999290594,3.2048687829989366,0,0,0
2025-12-18 02:30:00+00:00,321,1.9999999999527065,3.296315295632944,0,0,0
2025-12-18 02:45:00+00:00,321,2.9999999999290594,3.49135904069136,0,0,0
2025-12-18 03:00:00+00:00,321,3.000000000156433,3.329727170066371,0,0,0
2025-12-18 03:15:00+00:00,321,2.9999999999290594,3.6212507014448456,0,0,0
2025-12-18 03:30:00+00:00,321,2.9999999999290594,3.318806113805527,0,0,0
2025-12-18 03:45:00+00:00,321,3.000000000156433,3.315589482750668,0,0,0
2025-12-18 04:00:00+00:00,321,2.9999999999290594,3.460514875330532,0,0,0
2025-12-18 04:15:00+00:00,321,2.9999999999290594,3.9842006838509367,1,0,1
2025-12-18 04:30:00+00:00,321,3.000000000156433,4.030613892998951,1,0,1
2025-12-18 04:45:00+00:00,321,2.9999999999290594,4.60587728116015,1,0,1
2025-12-18 05:00:00+00:00,321,2.9999999999290594,5.248916780964036,1,0,1
2025-12-18 05:15:00+00:00,321,19.000000000005457,7.134460086339893,1,0,1
2025-12-18 05:30:00+00:00,321,19.000000000005457,21.92400197227733,0,0,0
2025-12-18 05:45:00+00:00,321,15.000000000100044,13.78882813772744,0,0,0
2025-12-18 06:00:00+00:00,321,12.999999999919964,11.13035680859899,0,0,0
2025-12-18 06:15:00+00:00,321,18.000000000029104,10.240719744490733,0,0,0
2025-12-18 06:30:00+00:00,321,13.999999999896318,14.17829266562572,0,0,0
2025-12-18 06:45:00+00:00,321,14.000000000123691,13.009793512225126,0,0,0
2025-12-18 07:00:00+00:00,321,13.999999999896318,11.825509091838796,0,0,0
2025-12-18 07:15:00+00:00,321,10.999999999967258,11.674456149422108,0,0,0
2025-12-18 07:30:00+00:00,321,11.000000000194632,11.104120140744165,0,0,0
2025-12-18 07:45:00+00:00,321,9.999999999990903,10.396812919252357,0,0,0
2025-12-18 08:00:00+00:00,321,12.999999999919964,10.6809656083885,0,0,0
2025-12-18 08:15:00+00:00,321,8.000000000038199,10.965550383369486,0,0,0
2025-12-18 08:30:00+00:00,321,8.000000000038199,8.202451687915353,0,0,0
2025-12-18 08:45:00+00:00,321,8.000000000038199,7.660241064122946,0,0,0
2025-12-18 09:00:00+00:00,321,5.999999999858119,8.120791212984486,0,0,0
2025-12-18 09:15:00+00:00,321,7.000000000061846,7.342331452027411,0,0,0
2025-12-18 09:30:00+00:00,321,8.000000000038199,7.191576181567918,0,0,0
2025-12-18 09:45:00+00:00,321,6.999999999834472,7.178962909265547,0,0,0
2025-12-18 10:00:00+00:00,321,8.000000000038199,7.351619278598712,0,0,0
2025-12-18 10:15:00+00:00,321,6.0000000000854925,6.906580088553061,0,0,0
2025-12-18 10:30:00+00:00,321,7.000000000061846,6.664261847075142,0,0,0
2025-12-18 10:45:00+00:00,321,5.999999999858119,6.620484166882417,0,0,0
2025-12-18 11:00:00+00:00,321,7.000000000061846,6.385155736003949,0,0,0
2025-12-18 11:15:00+00:00,321,6.0000000000854925,6.649396132608322,0,0,0
2025-12-18 11:30:00+00:00,321,5.999999999858119,6.137619005136964,0,0,0
2025-12-18 11:45:00+00:00,321,6.0000000000854925,5.856815413961046,0,0,0
2025-12-18 12:00:00+00:00,321,5.999999999858119,6.027879584453418,0,0,0
2025-12-18 12:15:00+00:00,321,5.000000000109139,5.9205607675147895,0,0,0
2025-12-18 12:30:00+00:00,321,5.000000000109139,5.734396956240401,0,0,0
2025-12-18 12:45:00+00:00,321,4.999999999881766,5.513273996505099,0,0,0
2025-12-18 13:00:00+00:00,321,5.000000000109139,5.468073721261141,0,0,0
2025-12-18 13:15:00+00:00,321,5.999999999858119,5.324691023694888,0,0,0
2025-12-18 13:30:00+00:00,321,5.000000000109139,5.446378281404407,0,0,0
2025-12-18 13:45:00+00:00,321,5.999999999858119,5.437596093341788,0,0,0
2025-12-18 14:00:00+00:00,321,6.0000000000854925,5.468733964584796,0,0,0
2025-12-18 14:15:00+00:00,321,6.0000000000854925,5.437945107942759,0,0,0
2025-12-18 14:30:00+00:00,321,4.999999999881766,5.489090169075985,0,0,0
2025-12-18 14:45:00+00:00,321,5.000000000109139,5.433323404677171,0,0,0
2025-12-18 15:00:00+00:00,321,3.999999999905413,5.328138768757208,0,0,0
2025-12-18 15:15:00+00:00,321,3.999999999905413,5.23669405888457,0,0,0
2025-12-18 15:30:00+00:00,321,5.000000000109139,5.114494889056807,0,0,0
2025-12-18 15:45:00+00:00,321,4.999999999881766,5.405454444568713,0,0,0
2025-12-18 16:00:00+00:00,321,6.0000000000854925,5.632626894573576,0,0,0
2025-12-18 16:15:00+00:00,321,5.000000000109139,5.7370474481150495,0,0,0
2025-12-18 16:30:00+00:00,321,5.999999999858119,5.608751411448958,0,0,0
2025-12-18 16:45:00+00:00,321,6.0000000000854925,5.888260187299455,0,0,0
2025-12-18 17:00:00+00:00,321,5.999999999858119,6.057737927787412,0,0,0
2025-12-18 17:15:00+00:00,321,6.0000000000854925,6.046243809742701,0,0,0
2025-12-18 17:30:00+00:00,321,6.0000000000854925,6.048806038420739,0,0,0
2025-12-18 17:45:00+00:00,321,5.999999999858119,5.8268151572521125,0,0,0
2025-12-18 18:00:00+00:00,321,5.000000000109139,5.685865177987173,0,0,0
2025-12-18 18:15:00+00:00,321,6.0000000000854925,5.297055413017988,0,0,0
2025-12-18 18:30:00+00:00,321,4.999999999881766,5.473957934368423,0,0,0
2025-12-18 18:45:00+00:00,321,3.999999999905413,5.096054515127313,0,0,0
2025-12-18 19:00:00+00:00,321,5.000000000109139,4.641222508995775,0,0,0
2025-12-18 19:15:00+00:00,321,3.999999999905413,4.861649530732324,0,0,0
2025-12-18 19:30:00+00:00,321,5.000000000109139,4.794645361507694,0,0,0
2025-12-18 19:45:00+00:00,321,4.999999999881766,4.316172880223556,0,0,0
2025-12-18 20:00:00+00:00,321,6.0000000000854925,4.242209980005472,0,0,0
2025-12-18 20:15:00+00:00,321,5.000000000109139,4.608269112833624,0,0,0
2025-12-18 20:30:00+00:00,321,8.999999999787178,4.558762545453138,0,0,0
2025-12-18 20:45:00+00:00,321,5.000000000109139,6.018071408840671,0,0,0
2025-12-18 21:00:00+00:00,321,6.0000000000854925,4.468567293429886,0,0,0
2025-12-18 21:15:00+00:00,321,1.9999999999527065,2.838702494035032,0,0,0
2025-12-18 21:30:00+00:00,321,2.9999999999290594,1.7026544153688317,0,0,0
2025-12-18 21:45:00+00:00,321,0.9999999999763532,1.51130240109637,0,0,0
2025-12-18 22:00:00+00:00,321,0.9999999999763532,1.103433842937787,0,0,0
2025-12-18 22:15:00+00:00,321,2.00000000018008,0.8049493451417611,0,0,0
2025-12-18 22:30:00+00:00,321,0.0,1.2005496074134787,0,0,0
2025-12-18 22:45:00+00:00,321,0.0,0.6000379694006597,0,0,0
2025-12-18 23:00:00+00:00,321,0.0,0.4344689040017604,0,0,0
2025-12-18 23:15:00+00:00,321,0.0,0.3116402820145194,0,0,0
2025-12-18 23:30:00+00:00,321,0.0,0.2706065488457922,0,0,0
2025-12-18 23:45:00+00:00,321,0.0,0.243137945982085,0,0,0
2025-12-19 00:00:00+00:00,321,0.0,0.2322983024246494,0,0,0
2025-12-19 00:15:00+00:00,321,0.0,0.2278326461831321,0,0,0
2025-12-19 00:30:00+00:00,321,0.0,0.1948677844586761,0,0,0
2025-12-19 00:45:00+00:00,321,0.0,0.1696193182756915,0,0,0
2025-12-19 01:00:00+00:00,321,0.0,0.1707523177406624,0,0,0
2025-12-19 01:15:00+00:00,321,0.0,0.1584745032737706,0,0,0
2025-12-19 01:30:00+00:00,321,0.0,0.1420471647989685,0,0,0
2025-12-19 01:45:00+00:00,321,0.0,0.1331161407577532,0,0,0
2025-12-19 02:00:00+00:00,321,0.9999999999763532,0.1319009353743716,0,0,0
2025-12-19 02:15:00+00:00,321,0.0,0.1521708957616847,0,0,0
2025-12-19 02:30:00+00:00,321,0.0,0.1561136069853828,0,0,0
2025-12-19 02:45:00+00:00,321,0.0,0.1415830619122227,0,0,0
2025-12-19 03:00:00+00:00,321,0.0,0.1342387563172407,0,0,0
2025-12-19 03:15:00+00:00,321,0.0,0.1370164510340608,0,0,0
2025-12-19 03:30:00+00:00,321,0.0,0.1382178112101311,0,0,0
2025-12-19 03:45:00+00:00,321,0.0,0.1330376845829892,0,0,0
2025-12-19 04:00:00+00:00,321,0.0,0.1342321221554039,0,0,0
2025-12-19 04:15:00+00:00,321,0.9999999999763532,0.1601376588020349,0,0,0
2025-12-19 04:30:00+00:00,321,0.0,0.2367489596915795,0,0,0
2025-12-19 04:45:00+00:00,321,0.0,0.2507337728432213,0,0,0
2025-12-19 05:00:00+00:00,321,0.0,0.2517992769225499,0,0,0
2025-12-19 05:15:00+00:00,321,10.999999999967258,1.759983380659266,0,0,0
2025-12-19 05:30:00+00:00,321,9.999999999990903,17.4205886966551,0,0,0
2025-12-19 05:45:00+00:00,321,8.000000000038199,7.186030022272485,0,0,0
2025-12-19 07:00:00+00:00,321,6.0000000000854925,5.964476034455172,0,0,0
2025-12-19 07:15:00+00:00,321,5.999999999858119,5.274321871054728,0,0,0
2025-12-19 07:30:00+00:00,321,6.0000000000854925,5.576742157470798,0,0,0
2025-12-19 07:45:00+00:00,321,4.999999999881766,5.069151835112453,0,0,0
2025-12-19 08:00:00+00:00,321,5.000000000109139,5.0618656505439965,0,0,0
2025-12-19 08:15:00+00:00,321,5.999999999858119,5.344917717809352,0,0,0
2025-12-19 08:30:00+00:00,321,7.000000000061846,5.238763917377602,0,0,0
2025-12-19 08:45:00+00:00,321,5.000000000109139,5.4172883470761874,0,0,0
2025-12-19 09:00:00+00:00,321,4.999999999881766,5.428677472298789,0,0,0
2025-12-19 09:15:00+00:00,321,6.0000000000854925,5.425685176868644,0,0,0
2025-12-19 09:30:00+00:00,321,5.999999999858119,5.983880669385531,0,0,0
2025-12-19 09:45:00+00:00,321,6.0000000000854925,6.115154002507179,0,0,0
2025-12-19 10:00:00+00:00,321,7.000000000061846,6.095080470998595,0,0,0
2025-12-19 10:15:00+00:00,321,5.999999999858119,6.542793228264413,0,0,0
2025-12-19 10:30:00+00:00,321,6.0000000000854925,6.267230336497624,0,0,0
2025-12-19 10:45:00+00:00,321,6.0000000000854925,6.0101787753478,0,0,0
2025-12-19 11:00:00+00:00,321,5.999999999858119,6.02941005674495,0,0,0
2025-12-19 11:15:00+00:00,321,6.0000000000854925,6.281502437700975,0,0,0
2025-12-19 11:30:00+00:00,321,4.999999999881766,6.226750123179528,0,0,0
2025-12-19 11:45:00+00:00,321,6.0000000000854925,6.010956991375419,0,0,0
2025-12-19 12:00:00+00:00,321,6.0000000000854925,6.065921887517458,0,0,0
2025-12-19 12:15:00+00:00,321,4.999999999881766,6.1346451699832345,0,0,0
2025-12-19 12:30:00+00:00,321,6.0000000000854925,5.8480222651093055,0,0,0
2025-12-19 12:45:00+00:00,321,4.999999999881766,5.631228240193321,0,0,0
2025-12-19 13:00:00+00:00,321,6.0000000000854925,5.46425965508871,0,0,0
2025-12-19 13:15:00+00:00,321,7.000000000061846,5.492954712566739,0,0,0
2025-12-19 13:30:00+00:00,321,4.999999999881766,5.688643738029451,0,0,0
2025-12-19 13:45:00+00:00,321,4.000000000132786,5.666277094059939,0,0,0
2025-12-19 14:00:00+00:00,321,3.999999999905413,5.18362285539462,0,0,0
2025-12-19 14:15:00+00:00,321,5.000000000109139,4.86584549387309,0,0,0
2025-12-19 14:30:00+00:00,321,3.999999999905413,5.014637773533488,0,0,0
2025-12-19 14:45:00+00:00,321,3.999999999905413,5.008821344253667,0,0,0
2025-12-19 15:00:00+00:00,321,4.000000000132786,4.942501503244578,0,0,0
2025-12-19 15:15:00+00:00,321,5.999999999858119,4.8335903432442455,0,0,0
2025-12-19 15:30:00+00:00,321,7.000000000061846,4.896444988460965,0,0,0
2025-12-19 15:45:00+00:00,321,6.0000000000854925,5.43495396627989,0,0,0
2025-12-19 16:00:00+00:00,321,4.999999999881766,5.718192006408036,0,0,0
2025-12-19 16:15:00+00:00,321,5.000000000109139,5.519997286863807,0,0,0
2025-12-19 16:30:00+00:00,321,4.999999999881766,5.328645849474983,0,0,0
2025-12-19 16:45:00+00:00,321,5.000000000109139,5.25665509808375,0,0,0
2025-12-19 17:00:00+00:00,321,4.999999999881766,5.301574142554198,0,0,0
2025-12-19 17:15:00+00:00,321,5.000000000109139,5.261602452162972,0,0,0
2025-12-19 17:30:00+00:00,321,6.0000000000854925,5.113664465059951,0,0,0
2025-12-19 17:45:00+00:00,321,4.999999999881766,5.039914939677461,0,0,0
2025-12-19 18:00:00+00:00,321,4.000000000132786,5.119150051573397,0,0,0
2025-12-19 18:15:00+00:00,321,6.999999999834472,5.035724312710346,0,0,0
2025-12-19 18:30:00+00:00,321,7.000000000061846,5.354290346275433,0,0,0
2025-12-19 18:45:00+00:00,321,4.999999999881766,5.548863967224132,0,0,0
2025-12-19 19:00:00+00:00,321,5.000000000109139,5.775249836388625,0,0,0
2025-12-19 19:15:00+00:00,321,3.999999999905413,5.698512197982366,0,0,0
2025-12-19 19:30:00+00:00,321,5.000000000109139,5.424904653306472,0,0,0
2025-12-19 19:45:00+00:00,321,4.999999999881766,4.859472804545358,0,0,0
2025-12-19 20:00:00+00:00,321,4.000000000132786,5.076634448559638,0,0,0
2025-12-19 20:15:00+00:00,321,4.999999999881766,5.070844988589892,0,0,0
2025-12-19 20:30:00+00:00,321,6.0000000000854925,4.8538099705341455,0,0,0
2025-12-19 20:45:00+00:00,321,5.000000000109139,5.0498806045233735,0,0,0
2025-12-19 21:00:00+00:00,321,3.999999999905413,5.043708814922564,0,0,0
2025-12-19 21:15:00+00:00,321,2.9999999999290594,3.915284650139624,0,0,0
2025-12-19 21:30:00+00:00,321,3.000000000156433,3.410842562069812,0,0,0
2025-12-19 21:45:00+00:00,321,0.9999999999763532,3.264023080230359,0,0,0
2025-12-19 22:00:00+00:00,321,1.9999999999527065,2.4810325472911323,0,0,0
2025-12-19 22:15:00+00:00,321,0.9999999999763532,3.5487587102826725,0,0,0
2025-12-19 22:30:00+00:00,321,1.9999999999527065,3.159827655528604,0,0,0
2025-12-19 22:45:00+00:00,321,3.000000000156433,2.813526931521796,0,0,0
2025-12-19 23:00:00+00:00,321,2.9999999999290594,3.750183924116687,0,0,0
2025-12-19 23:15:00+00:00,321,2.9999999999290594,4.175623835087006,0,0,0
2025-12-19 23:30:00+00:00,321,5.000000000109139,4.148709184736657,0,0,0
2025-12-19 23:45:00+00:00,321,5.999999999858119,4.579833869324045,0,0,0
2025-12-20 00:00:00+00:00,321,7.000000000061846,7.661788266039979,0,0,0
2025-12-20 00:15:00+00:00,321,8.000000000038199,6.325159837655184,0,0,0
2025-12-20 00:30:00+00:00,321,8.000000000038199,8.124514131542119,0,0,0
2025-12-20 00:45:00+00:00,321,6.999999999834472,7.893248403684047,0,0,0
2025-12-20 01:00:00+00:00,321,9.000000000014552,7.172469795478388,0,0,0
2025-12-20 01:15:00+00:00,321,8.000000000038199,8.319001219945122,0,0,0
2025-12-20 01:30:00+00:00,321,8.000000000038199,8.78563258767631,0,0,0
2025-12-20 01:45:00+00:00,321,8.000000000038199,8.36352279158901,0,0,0
2025-12-20 02:00:00+00:00,321,9.000000000014552,8.299249012622887,0,0,0
2025-12-20 02:15:00+00:00,321,8.000000000038199,8.686701658833751,0,0,0
2025-12-20 02:30:00+00:00,321,7.999999999810825,8.82739838618162,0,0,0
2025-12-20 02:45:00+00:00,321,9.000000000014552,8.819896591353473,0,0,0
2025-12-20 03:00:00+00:00,321,9.000000000014552,8.972807964409878,0,0,0
2025-12-20 03:15:00+00:00,321,9.999999999990903,9.121290313335775,0,0,0
2025-12-20 03:30:00+00:00,321,9.999999999990903,9.435250003162135,0,0,0
2025-12-20 03:45:00+00:00,321,9.999999999990903,9.771662004178246,0,0,0
2025-12-20 04:00:00+00:00,321,9.999999999990903,9.933339989439046,0,0,0
2025-12-20 04:15:00+00:00,321,11.000000000194632,10.277100334235604,0,0,0
2025-12-20 04:30:00+00:00,321,9.999999999990903,10.972130895027796,0,0,0
2025-12-20 04:45:00+00:00,321,9.999999999990903,11.053567827548951,0,0,0
2025-12-20 05:00:00+00:00,321,9.999999999990903,10.982436344336474,0,0,0
2025-12-20 05:15:00+00:00,321,28.00000000002001,11.602548757716562,0,0,0
2025-12-20 05:30:00+00:00,321,23.999999999887223,20.85101225086251,0,0,0
2025-12-20 05:45:00+00:00,321,18.000000000029104,17.771744689690415,0,0,0
2025-12-20 06:00:00+00:00,321,15.000000000100044,15.456489127204282,0,0,0
2025-12-20 06:15:00+00:00,321,14.99999999987267,14.078082208874145,0,0,0
2025-12-20 06:30:00+00:00,321,16.000000000076398,15.009591218077096,0,0,0
2025-12-20 06:45:00+00:00,321,14.99999999987267,15.453549328185192,0,0,0
2025-12-20 07:00:00+00:00,321,16.000000000076398,14.580542088708665,0,0,0
2025-12-20 07:15:00+00:00,321,15.000000000100044,14.736059533599594,0,0,0
2025-12-20 07:30:00+00:00,321,15.999999999849024,13.48944341301436,0,0,0
2025-12-20 07:45:00+00:00,321,17.00000000005275,14.640263390445757,0,0,0
2025-12-20 08:00:00+00:00,321,18.000000000029104,15.156916915308866,0,0,0
2025-12-20 08:15:00+00:00,321,9.999999999990903,12.956162947937711,0,0,0
2025-12-20 08:30:00+00:00,321,8.000000000038199,8.618432095349236,0,0,0
2025-12-20 08:45:00+00:00,321,8.000000000038199,8.084115547258795,0,0,0
2025-12-20 09:00:00+00:00,321,7.999999999810825,8.273488562211206,0,0,0
2025-12-20 09:15:00+00:00,321,7.000000000061846,8.340330338691746,0,0,0
2025-12-20 09:30:00+00:00,321,7.000000000061846,7.772460507566121,0,0,0
2025-12-20 09:45:00+00:00,321,8.000000000038199,7.468263419545108,0,0,0
2025-12-20 10:00:00+00:00,321,8.000000000038199,7.342887279412596,0,0,0
2025-12-20 10:15:00+00:00,321,7.999999999810825,6.945428009617524,0,0,0
2025-12-20 10:30:00+00:00,321,8.000000000038199,6.966792895149702,0,0,0
2025-12-20 10:45:00+00:00,321,7.000000000061846,7.200122135780788,0,0,0
2025-12-20 11:00:00+00:00,321,7.000000000061846,6.899344813965655,0,0,0
2025-12-20 11:15:00+00:00,321,5.999999999858119,6.781238849880646,0,0,0
2025-12-20 11:30:00+00:00,321,6.0000000000854925,6.465789069617412,0,0,0
2025-12-20 11:45:00+00:00,321,4.999999999881766,5.970910882994895,0,0,0
2025-12-20 12:00:00+00:00,321,6.0000000000854925,5.201272321856459,0,0,0
2025-12-20 12:15:00+00:00,321,7.000000000061846,4.791901847146423,0,0,0
2025-12-20 12:30:00+00:00,321,4.999999999881766,4.950884632050632,0,0,0
2025-12-20 12:45:00+00:00,321,6.0000000000854925,4.971498270865265,0,0,0
2025-12-20 13:00:00+00:00,321,4.999999999881766,5.133375713643892,0,0,0
2025-12-20 13:15:00+00:00,321,5.000000000109139,5.115218012697001,0,0,0
2025-12-20 13:30:00+00:00,321,6.0000000000854925,5.185597528087387,0,0,0
2025-12-20 13:45:00+00:00,321,4.999999999881766,5.358390835174116,0,0,0
2025-12-20 14:00:00+00:00,321,6.0000000000854925,5.376054435285085,0,0,0
2025-12-20 14:15:00+00:00,321,5.999999999858119,5.324487672212503,0,0,0
2025-12-20 14:30:00+00:00,321,5.000000000109139,5.280829695374655,0,0,0
2025-12-20 14:45:00+00:00,321,6.0000000000854925,5.338338359918318,0,0,0
2025-12-20 15:00:00+00:00,321,4.999999999881766,5.317176248984886,0,0,0
2025-12-20 15:15:00+00:00,321,6.0000000000854925,5.1866734160722,0,0,0
2025-12-20 15:30:00+00:00,321,5.999999999858119,5.270594048986174,0,0,0
2025-12-20 15:45:00+00:00,321,6.0000000000854925,5.372418626156787,0,0,0
2025-12-20 16:00:00+00:00,321,4.999999999881766,5.47144243326506,0,0,0
2025-12-20 16:15:00+00:00,321,5.000000000109139,5.235126377598389,0,0,0
2025-12-20 16:30:00+00:00,321,4.999999999881766,5.002364718356609,0,0,0
2025-12-20 16:45:00+00:00,321,6.0000000000854925,5.065055240178326,0,0,0
2025-12-20 17:00:00+00:00,321,7.000000000061846,5.174095333671745,0,0,0
2025-12-20 17:15:00+00:00,321,5.999999999858119,5.569888202968089,0,0,0
2025-12-20 17:30:00+00:00,321,5.000000000109139,5.589995193727676,0,0,0
2025-12-20 17:45:00+00:00,321,6.0000000000854925,5.093187259225698,0,0,0
2025-12-20 18:00:00+00:00,321,4.999999999881766,5.128549937791372,0,0,0
2025-12-20 18:15:00+00:00,321,4.000000000132786,5.123029305596919,0,0,0
2025-12-20 18:30:00+00:00,321,4.999999999881766,4.884163280029517,0,0,0
2025-12-20 18:45:00+00:00,321,6.0000000000854925,4.786882094170638,0,0,0
2025-12-20 19:00:00+00:00,321,4.999999999881766,5.0811002490220645,0,0,0
2025-12-20 19:15:00+00:00,321,5.000000000109139,4.95664813225667,0,0,0
2025-12-20 19:30:00+00:00,321,3.999999999905413,5.006123547920705,0,0,0
2025-12-20 19:45:00+00:00,321,6.0000000000854925,4.57840211624506,0,0,0
2025-12-20 20:00:00+00:00,321,4.999999999881766,4.6200326355372665,0,0,0
2025-12-20 20:15:00+00:00,321,4.000000000132786,4.590094249598504,0,0,0
2025-12-20 20:30:00+00:00,321,4.999999999881766,4.474103862034838,0,0,0
2025-12-20 20:45:00+00:00,321,4.000000000132786,4.547215786776462,0,0,0
2025-12-20 21:00:00+00:00,321,5.999999999858119,3.9175850818117066,0,0,0
2025-12-20 21:15:00+00:00,321,1.9999999999527065,4.220400894072058,0,0,0
2025-12-20 21:30:00+00:00,321,4.000000000132786,3.6373279436618553,0,0,0
2025-12-20 21:45:00+00:00,321,3.999999999905413,4.214469881279645,0,0,0
2025-12-20 22:00:00+00:00,321,5.000000000109139,4.012987357661721,0,0,0
2025-12-20 22:15:00+00:00,321,3.999999999905413,4.331976391154349,0,0,0
2025-12-20 22:30:00+00:00,321,4.000000000132786,4.416121503913948,0,0,0
2025-12-20 22:45:00+00:00,321,3.999999999905413,4.3124556583918485,0,0,0
2025-12-20 23:00:00+00:00,321,2.9999999999290594,4.245161893580959,0,0,0
2025-12-20 23:15:00+00:00,321,3.000000000156433,3.250496456908174,0,0,0
2025-12-20 23:30:00+00:00,321,2.9999999999290594,3.8941750716724735,0,0,0
2025-12-20 23:45:00+00:00,321,1.9999999999527065,3.9091991767531447,0,0,0
2025-12-21 00:00:00+00:00,321,3.000000000156433,3.4196619591270805,0,0,0
2025-12-21 00:15:00+00:00,321,1.9999999999527065,3.0222980193531823,0,0,0
2025-12-21 00:30:00+00:00,321,2.9999999999290594,3.065550230662174,0,0,0
2025-12-21 00:45:00+00:00,321,2.9999999999290594,3.0884682311686733,0,0,0
2025-12-21 01:00:00+00:00,321,2.00000000018008,3.002142714588916,0,0,0
2025-12-21 01:15:00+00:00,321,2.9999999999290594,2.8024868209001657,0,0,0
2025-12-21 01:30:00+00:00,321,1.9999999999527065,2.848699310597395,0,0,0
2025-12-21 01:45:00+00:00,321,2.9999999999290594,2.644557713960708,0,0,0
2025-12-21 02:00:00+00:00,321,2.00000000018008,2.709751622329392,0,0,0
2025-12-21 02:15:00+00:00,321,2.9999999999290594,2.5086365735888534,0,0,0
2025-12-21 02:30:00+00:00,321,1.9999999999527065,2.62866601194376,0,0,0
2025-12-21 02:45:00+00:00,321,2.9999999999290594,2.399603402699091,0,0,0
2025-12-21 03:00:00+00:00,321,2.00000000018008,2.394666720967172,0,0,0
2025-12-21 03:15:00+00:00,321,2.9999999999290594,2.5224972125374228,0,0,0
2025-12-21 03:30:00+00:00,321,2.9999999999290594,2.5567286222890395,0,0,0
2025-12-21 03:45:00+00:00,321,1.9999999999527065,2.7716324879652188,0,0,0
2025-12-21 04:00:00+00:00,321,3.000000000156433,2.53642087602344,0,0,0
2025-12-21 04:15:00+00:00,321,1.9999999999527065,2.9010500585339765,0,0,0
2025-12-21 04:30:00+00:00,321,2.9999999999290594,2.5045171917510274,0,0,0
2025-12-21 04:45:00+00:00,321,1.9999999999527065,2.628051919311142,0,0,0
2025-12-21 05:00:00+00:00,321,3.000000000156433,2.3141453027794747,0,0,0
2025-12-21 05:15:00+00:00,321,15.999999999849024,3.1241571374316184,0,0,0
2025-12-21 05:30:00+00:00,321,15.000000000100044,11.444741661666534,0,0,0
2025-12-21 05:45:00+00:00,321,9.000000000014552,8.234976387424041,0,0,0
2025-12-21 06:00:00+00:00,321,7.000000000061846,6.265000104353236,0,0,0
2025-12-21 06:15:00+00:00,321,5.999999999858119,4.7714405056122144,0,0,0
2025-12-21 06:30:00+00:00,321,7.000000000061846,5.373598641638251,0,0,0
2025-12-21 06:45:00+00:00,321,6.0000000000854925,6.0194149708335,0,0,0
2025-12-21 07:00:00+00:00,321,5.999999999858119,6.175030485942885,0,0,0
2025-12-21 07:15:00+00:00,321,5.000000000109139,6.523622808091069,0,0,0
2025-12-21 07:30:00+00:00,321,7.000000000061846,6.127792080805984,0,0,0
2025-12-21 07:45:00+00:00,321,5.999999999858119,6.39860375893046,0,0,0
2025-12-21 08:00:00+00:00,321,6.0000000000854925,6.897208902296075,0,0,0
2025-12-21 08:15:00+00:00,321,7.000000000061846,6.41858181619696,0,0,0
2025-12-21 08:30:00+00:00,321,5.999999999858119,5.983010151975836,0,0,0
2025-12-21 08:45:00+00:00,321,6.0000000000854925,5.510870987711138,0,0,0
2025-12-21 09:00:00+00:00,321,5.999999999858119,5.658114767466318,0,0,0
2025-12-21 09:15:00+00:00,321,6.0000000000854925,6.025253898575203,0,0,0
2025-12-21 09:30:00+00:00,321,6.0000000000854925,5.887634268552258,0,0,0
2025-12-21 09:45:00+00:00,321,5.999999999858119,5.564097733451977,0,0,0
2025-12-21 10:00:00+00:00,321,6.0000000000854925,5.5805570889686855,0,0,0
2025-12-21 10:15:00+00:00,321,4.999999999881766,5.916963321148415,0,0,0
2025-12-21 10:30:00+00:00,321,6.0000000000854925,5.567077049000266,0,0,0
2025-12-21 10:45:00+00:00,321,6.0000000000854925,5.333954621153392,0,0,0
2025-12-21 11:00:00+00:00,321,4.999999999881766,5.2372795957771086,0,0,0
2025-12-21 11:15:00+00:00,321,4.000000000132786,5.104458411744334,0,0,0
2025-12-21 11:30:00+00:00,321,4.999999999881766,4.715994055853383,0,0,0
2025-12-21 11:45:00+00:00,321,4.000000000132786,4.530131305727559,0,0,0
2025-12-21 12:00:00+00:00,321,4.999999999881766,4.457319072035859,0,0,0
2025-12-21 12:15:00+00:00,321,5.000000000109139,4.527966405655171,0,0,0
2025-12-21 12:30:00+00:00,321,2.9999999999290594,4.56250551071719,0,0,0
2025-12-21 12:45:00+00:00,321,2.9999999999290594,3.977337967927977,0,0,0
2025-12-21 13:00:00+00:00,321,1.9999999999527065,2.722208270724053,0,0,0
2025-12-21 13:15:00+00:00,321,2.00000000018008,2.2177463162239595,0,0,0
2025-12-21 13:30:00+00:00,321,1.9999999999527065,2.128773841181837,0,0,0
2025-12-21 13:45:00+00:00,321,1.9999999999527065,1.6518595226038522,0,0,0
2025-12-21 14:00:00+00:00,321,1.9999999999527065,1.7827532662917172,0,0,0
2025-12-21 14:15:00+00:00,321,1.9999999999527065,1.656975615147179,0,0,0
2025-12-21 14:30:00+00:00,321,2.00000000018008,1.3417089954390002,0,0,0
2025-12-21 14:45:00+00:00,321,1.9999999999527065,1.428439123780338,0,0,0
2025-12-21 15:00:00+00:00,321,1.9999999999527065,1.619229830273056,0,0,0
2025-12-21 15:15:00+00:00,321,2.9999999999290594,1.877950892671162,0,0,0
2025-12-21 15:30:00+00:00,321,2.00000000018008,2.56941285127888,0,0,0
2025-12-21 15:45:00+00:00,321,1.9999999999527065,2.816349695272832,0,0,0
2025-12-21 16:00:00+00:00,321,1.9999999999527065,2.6546505816487924,0,0,0
2025-12-21 16:15:00+00:00,321,2.9999999999290594,2.39636867192009,0,0,0
2025-12-21 16:30:00+00:00,321,2.00000000018008,2.7332613612275374,0,0,0
2025-12-21 16:45:00+00:00,321,2.9999999999290594,2.7547814284583287,0,0,0
2025-12-21 17:00:00+00:00,321,3.999999999905413,3.1876185921250264,0,0,0
2025-12-21 17:15:00+00:00,321,3.000000000156433,3.6946329682813137,0,0,0
2025-12-21 17:30:00+00:00,321,11.999999999943611,3.592004864313465,0,0,0
2025-12-21 17:45:00+00:00,321,12.999999999919964,8.925516197536464,0,0,0
2025-12-21 18:00:00+00:00,321,9.000000000014552,8.198082948125016,0,0,0
2025-12-21 18:15:00+00:00,321,6.0000000000854925,6.980598297489935,0,0,0
2025-12-21 18:30:00+00:00,321,5.999999999858119,5.206931838786753,0,0,0
2025-12-21 18:45:00+00:00,321,4.000000000132786,5.105574104700167,0,0,0
2025-12-21 19:00:00+00:00,321,3.999999999905413,4.953891638013545,0,0,0
2025-12-21 19:15:00+00:00,321,4.000000000132786,4.602773358746059,0,0,0
2025-12-21 19:30:00+00:00,321,4.999999999881766,5.006513232818153,0,0,0
2025-12-21 19:45:00+00:00,321,5.000000000109139,4.63137835026611,0,0,0
2025-12-21 20:00:00+00:00,321,3.999999999905413,4.5057059803855015,0,0,0
2025-12-21 20:15:00+00:00,321,1.9999999999527065,4.450102185614413,0,0,0
2025-12-21 20:30:00+00:00,321,1.9999999999527065,4.149573572757699,0,0,0
2025-12-21 20:45:00+00:00,321,3.000000000156433,3.523544424455238,0,0,0
2025-12-21 21:00:00+00:00,321,2.9999999999290594,3.491700014976627,0,0,0
2025-12-21 21:15:00+00:00,321,2.9999999999290594,3.584696613945856,0,0,0
2025-12-21 21:30:00+00:00,321,2.00000000018008,3.738724779642528,0,0,0
2025-12-21 21:45:00+00:00,321,2.9999999999290594,3.4250031083996704,0,0,0
2025-12-21 22:00:00+00:00,321,2.9999999999290594,3.0379818990395524,0,0,0
2025-12-21 22:15:00+00:00,321,3.000000000156433,3.183025372489064,0,0,0
2025-12-21 22:30:00+00:00,321,2.9999999999290594,3.612576318512072,0,0,0
2025-12-21 22:45:00+00:00,321,2.9999999999290594,3.689724986510384,0,0,0
2025-12-21 23:00:00+00:00,321,2.9999999999290594,3.5395603006752587,0,0,0
2025-12-21 23:15:00+00:00,321,3.000000000156433,3.5374633647064693,0,0,0
2025-12-21 23:30:00+00:00,321,1.9999999999527065,3.570871813893296,0,0,0
2025-12-21 23:45:00+00:00,321,2.9999999999290594,3.3267418693503368,0,0,0
2025-12-22 00:00:00+00:00,321,4.000000000132786,3.0895276779698038,0,0,0
2025-12-22 00:15:00+00:00,321,0.0,3.987696562641801,0,0,0
2025-12-22 00:30:00+00:00,321,0.0,2.8110823871059027,0,0,0
2025-12-22 00:45:00+00:00,321,0.0,1.97721208739646,0,0,0
2025-12-22 01:00:00+00:00,321,0.0,1.6267203758702626,0,0,0
2025-12-22 01:15:00+00:00,321,0.0,1.304774885843499,0,0,0
2025-12-22 01:30:00+00:00,321,0.0,1.032503980556779,0,0,0
2025-12-22 01:45:00+00:00,321,0.0,0.90606204790312,0,0,0
2025-12-22 02:00:00+00:00,321,0.0,0.8224877615032913,0,0,0
2025-12-22 02:15:00+00:00,321,0.0,0.6890473649956124,0,0,0
2025-12-22 02:30:00+00:00,321,0.0,0.6019399547550432,0,0,0
2025-12-22 02:45:00+00:00,321,0.0,0.6189568683078495,0,0,0
2025-12-22 03:00:00+00:00,321,0.0,0.6414253322394616,0,0,0
2025-12-22 03:15:00+00:00,321,0.0,0.6273914839785926,0,0,0
2025-12-22 03:30:00+00:00,321,0.0,0.6027360541754403,0,0,0
2025-12-22 03:45:00+00:00,321,0.0,0.6066259805462644,0,0,0
2025-12-22 04:00:00+00:00,321,0.0,0.6235344399751326,0,0,0
2025-12-22 04:15:00+00:00,321,0.0,0.6470268723641395,0,0,0
2025-12-22 04:30:00+00:00,321,0.0,0.6764369771114316,0,0,0
2025-12-22 04:45:00+00:00,321,0.9999999999763532,0.8450260283550977,0,0,0
2025-12-22 05:00:00+00:00,321,1.9999999999527065,2.6830546013314667,0,0,0
2025-12-22 05:15:00+00:00,321,6.0000000000854925,10.826487390484344,0,0,0
2025-12-22 05:30:00+00:00,321,2.9999999999290594,17.222647229027935,0,0,0
2025-12-22 05:45:00+00:00,321,2.9999999999290594,5.46169194601611,0,0,0
2025-12-22 06:00:00+00:00,321,4.000000000132786,4.72358108523904,0,0,0
2025-12-22 06:15:00+00:00,321,4.999999999881766,8.820836911683363,0,0,0
2025-12-22 06:30:00+00:00,321,4.000000000132786,9.665431766664463,0,0,0
2025-12-22 06:45:00+00:00,321,4.999999999881766,6.569403139833004,0,0,0
2025-12-22 07:00:00+00:00,321,5.000000000109139,6.80140929784041,0,0,0
2025-12-22 07:15:00+00:00,321,4.999999999881766,6.7543159789384575,0,0,0
2025-12-22 07:30:00+00:00,321,4.000000000132786,6.543165606652723,0,0,0
2025-12-22 07:45:00+00:00,321,4.999999999881766,6.556971297434775,0,0,0
2025-12-22 08:00:00+00:00,321,5.000000000109139,6.838398499823336,0,0,0
2025-12-22 08:15:00+00:00,321,7.999999999810825,6.616473094947619,0,0,0
2025-12-22 08:30:00+00:00,321,11.000000000194632,6.821817998742654,0,0,0
2025-12-22 08:45:00+00:00,321,13.999999999896318,11.158081259356138,0,0,0
2025-12-22 09:00:00+00:00,321,9.000000000014552,11.47071065551334,0,0,0
2025-12-22 09:15:00+00:00,321,7.000000000061846,8.988763412068822,0,0,0
2025-12-22 09:30:00+00:00,321,4.999999999881766,7.81071856511076,0,0,0
2025-12-22 09:45:00+00:00,321,5.000000000109139,7.439577015321648,0,0,0
2025-12-22 10:00:00+00:00,321,3.999999999905413,6.960410831462852,0,0,0
2025-12-22 10:15:00+00:00,321,1.9999999999527065,6.683732823623869,0,0,0
2025-12-22 10:30:00+00:00,321,3.000000000156433,6.076944403188129,0,0,0
2025-12-22 10:45:00+00:00,321,1.9999999999527065,5.045035791510801,0,0,0
2025-12-22 11:00:00+00:00,321,1.9999999999527065,3.5270727529507377,0,0,0
2025-12-22 11:15:00+00:00,321,2.9999999999290594,2.599534253551788,0,0,0
2025-12-22 11:30:00+00:00,321,1.0000000002037268,2.383767225732297,0,0,0
2025-12-22 11:45:00+00:00,321,1.9999999999527065,2.246633187511613,0,0,0
2025-12-22 12:00:00+00:00,321,1.9999999999527065,2.1736504847048934,0,0,0
2025-12-22 12:15:00+00:00,321,1.9999999999527065,2.182859855101429,0,0,0
2025-12-22 12:30:00+00:00,321,1.9999999999527065,2.2533417673375538,0,0,0
2025-12-22 12:45:00+00:00,321,2.00000000018008,2.1385459615672104,0,0,0
2025-12-22 13:00:00+00:00,321,1.9999999999527065,1.9724418365940952,0,0,0
2025-12-22 13:15:00+00:00,321,1.9999999999527065,1.862356574169587,0,0,0
2025-12-22 13:30:00+00:00,321,0.9999999999763532,1.80445764784484,0,0,0
2025-12-22 13:45:00+00:00,321,0.9999999999763532,1.8354440871328817,0,0,0
2025-12-22 14:00:00+00:00,321,1.9999999999527065,1.7849338864432394,0,0,0
2025-12-22 14:15:00+00:00,321,2.00000000018008,1.8148069403100011,0,0,0
2025-12-22 14:30:00+00:00,321,1.9999999999527065,1.9464587090981575,0,0,0
2025-12-22 14:45:00+00:00,321,1.9999999999527065,1.9627706708453656,0,0,0
2025-12-22 15:00:00+00:00,321,1.9999999999527065,1.936607555654382,0,0,0
2025-12-22 15:15:00+00:00,321,1.9999999999527065,1.921770396927641,0,0,0
2025-12-22 15:30:00+00:00,321,1.0000000002037268,1.951288955798871,0,0,0
2025-12-22 15:45:00+00:00,321,2.9999999999290594,2.01204489834066,0,0,0
2025-12-22 16:00:00+00:00,321,1.9999999999527065,2.58880306411829,0,0,0
2025-12-22 16:15:00+00:00,321,0.9999999999763532,2.4649804716228294,0,0,0
2025-12-22 16:30:00+00:00,321,0.9999999999763532,2.232054761096502,0,0,0
2025-12-22 16:45:00+00:00,321,0.9999999999763532,1.9073122507510456,0,0,0
2025-12-22 17:00:00+00:00,321,1.0000000002037268,1.7056288274061997,0,0,0
2025-12-22 17:15:00+00:00,321,0.9999999999763532,1.5055355838094142,0,0,0
2025-12-22 17:30:00+00:00,321,1.9999999999527065,1.4388864864639546,0,0,0
2025-12-22 17:45:00+00:00,321,0.9999999999763532,2.247275835884311,0,0,0
2025-12-22 18:00:00+00:00,321,1.9999999999527065,1.86474717996533,0,0,0
2025-12-22 18:15:00+00:00,321,0.9999999999763532,2.12529350219397,0,0,0
2025-12-22 18:30:00+00:00,321,3.000000000156433,2.10640604344505,0,0,0
2025-12-22 18:45:00+00:00,321,2.9999999999290594,2.181691088850904,0,0,0
2025-12-22 19:00:00+00:00,321,2.9999999999290594,2.764273760279288,0,0,0
2025-12-22 19:15:00+00:00,321,2.9999999999290594,3.016997973039798,0,0,0
2025-12-22 19:30:00+00:00,321,3.000000000156433,3.090875422369008,0,0,0
2025-12-22 19:45:00+00:00,321,3.999999999905413,2.290295202534927,0,0,0
2025-12-22 20:00:00+00:00,321,3.000000000156433,3.1806787540707155,0,0,0
2025-12-22 20:15:00+00:00,321,2.9999999999290594,2.673315363313457,0,0,0
2025-12-22 20:30:00+00:00,321,2.9999999999290594,2.3816271316563427,0,0,0
2025-12-22 20:45:00+00:00,321,4.000000000132786,2.1494833869012817,0,0,0
2025-12-22 21:00:00+00:00,321,2.9999999999290594,2.1271178966990467,0,0,0
2025-12-22 21:15:00+00:00,321,2.9999999999290594,1.923587580387243,0,0,0
2025-12-22 21:30:00+00:00,321,3.000000000156433,1.929300459054049,0,0,0
2025-12-22 21:45:00+00:00,321,2.9999999999290594,2.253332825641165,0,0,0
2025-12-22 22:00:00+00:00,321,3.999999999905413,2.3265059000484154,0,0,0
2025-12-22 22:15:00+00:00,321,3.000000000156433,3.108358169459474,0,0,0
2025-12-22 22:30:00+00:00,321,2.9999999999290594,2.8723800954941985,0,0,0
2025-12-22 22:45:00+00:00,321,2.9999999999290594,2.678206471237976,0,0,0
2025-12-22 23:00:00+00:00,321,2.9999999999290594,2.4833553692594146,0,0,0
2025-12-22 23:15:00+00:00,321,3.000000000156433,2.5789969075982766,0,0,0
2025-12-22 23:30:00+00:00,321,2.9999999999290594,2.698126551698861,0,0,0
2025-12-22 23:45:00+00:00,321,2.9999999999290594,2.749365933306896,0,0,0
2025-12-23 00:00:00+00:00,321,3.000000000156433,2.9569285220271926,0,0,0
2025-12-23 00:15:00+00:00,321,2.9999999999290594,2.988850594465565,0,0,0
2025-12-23 00:30:00+00:00,321,3.999999999905413,2.8923720700784648,0,0,0
2025-12-23 00:45:00+00:00,321,3.000000000156433,3.3306944597063355,0,0,0
2025-12-23 01:00:00+00:00,321,2.9999999999290594,2.9391287052672075,0,0,0
2025-12-23 01:15:00+00:00,321,2.9999999999290594,2.9599033667272887,0,0,0
2025-12-23 01:30:00+00:00,321,3.000000000156433,2.996978668593183,0,0,0
2025-12-23 01:45:00+00:00,321,2.9999999999290594,3.0003862481322106,0,0,0
2025-12-23 02:00:00+00:00,321,2.9999999999290594,2.968367908236752,0,0,0
2025-12-23 02:30:00+00:00,321,2.9999999999290594,3.022804451076865,0,0,0
2025-12-23 02:45:00+00:00,321,2.9999999999290594,3.0372109661678617,0,0,0
2025-12-23 03:00:00+00:00,321,3.000000000156433,2.869434888191003,0,0,0
2025-12-23 03:15:00+00:00,321,2.9999999999290594,3.02827893258028,0,0,0
2025-12-23 03:30:00+00:00,321,2.9999999999290594,3.0970499521670987,0,0,0
2025-12-23 03:45:00+00:00,321,4.000000000132786,3.0098384865403305,0,0,0
2025-12-23 04:00:00+00:00,321,2.9999999999290594,3.360861868449371,0,0,0
2025-12-23 04:15:00+00:00,321,2.9999999999290594,3.735786116363101,0,0,0
2025-12-23 04:30:00+00:00,321,3.000000000156433,3.703357684311501,0,0,0
2025-12-23 04:45:00+00:00,321,2.9999999999290594,3.5423595203628206,0,0,0
2025-12-23 05:00:00+00:00,321,2.9999999999290594,3.720232179716184,0,0,0
2025-12-23 05:15:00+00:00,321,4.000000000132786,4.401626509294978,0,0,0
2025-12-23 05:30:00+00:00,321,2.9999999999290594,5.224172294749272,0,0,0
2025-12-23 05:45:00+00:00,321,2.9999999999290594,4.83111233957735,0,0,0
2025-12-23 06:00:00+00:00,321,3.000000000156433,4.526659836325626,0,0,0
2025-12-23 06:15:00+00:00,321,4.999999999881766,5.577100690651795,0,0,0
2025-12-23 06:30:00+00:00,321,5.000000000109139,6.820170707514434,0,0,0
2025-12-23 06:45:00+00:00,321,3.999999999905413,6.204223394000481,0,0,0
2025-12-23 07:00:00+00:00,321,5.000000000109139,5.935605892793019,0,0,0
2025-12-23 07:15:00+00:00,321,4.999999999881766,5.931565399792684,0,0,0
2025-12-23 07:30:00+00:00,321,3.999999999905413,6.027809781533223,0,0,0
2025-12-23 07:45:00+00:00,321,5.000000000109139,5.89839257151674,0,0,0
2025-12-23 08:00:00+00:00,321,4.999999999881766,6.009574489737028,0,0,0
2025-12-23 08:15:00+00:00,321,18.000000000029104,6.2539637434752535,0,0,0
2025-12-23 08:30:00+00:00,321,17.00000000005275,11.789996135085431,0,0,0
2025-12-23 08:45:00+00:00,321,9.000000000014552,11.332640479369145,0,0,0
2025-12-23 09:00:00+00:00,321,7.000000000061846,8.983488388083234,0,0,0
2025-12-23 09:15:00+00:00,321,5.999999999858119,7.511648530422196,0,0,0
2025-12-23 09:30:00+00:00,321,6.0000000000854925,6.813016485078163,0,0,0
2025-12-23 09:45:00+00:00,321,5.000000000109139,6.852760883316029,0,0,0
2025-12-23 10:00:00+00:00,321,5.999999999858119,6.638310448179293,0,0,0
2025-12-23 10:15:00+00:00,321,5.000000000109139,6.9794324156576,0,0,0
2025-12-23 10:30:00+00:00,321,4.999999999881766,6.311511347664478,0,0,0
2025-12-23 10:45:00+00:00,321,6.0000000000854925,5.507004425127652,0,0,0
2025-12-23 11:00:00+00:00,321,4.999999999881766,5.826043863828148,0,0,0
2025-12-23 11:15:00+00:00,321,6.0000000000854925,5.865803261040602,0,0,0
2025-12-23 11:30:00+00:00,321,5.000000000109139,5.779739144859299,0,0,0
2025-12-23 11:45:00+00:00,321,4.999999999881766,5.7398130282754725,0,0,0
2025-12-23 12:00:00+00:00,321,5.000000000109139,5.911570036017045,0,0,0
2025-12-23 12:15:00+00:00,321,5.999999999858119,5.858919885472357,0,0,0
2025-12-23 12:30:00+00:00,321,5.000000000109139,5.681170498941382,0,0,0
2025-12-23 12:45:00+00:00,321,4.999999999881766,5.476507183164608,0,0,0
2025-12-23 13:00:00+00:00,321,5.000000000109139,5.318273770106122,0,0,0
2025-12-23 13:15:00+00:00,321,5.999999999858119,5.364372541616215,0,0,0
2025-12-23 13:30:00+00:00,321,5.000000000109139,5.470444136129555,0,0,0
2025-12-23 13:45:00+00:00,321,4.999999999881766,5.465900312155093,0,0,0
2025-12-23 14:00:00+00:00,321,5.000000000109139,5.504368643785773,0,0,0
2025-12-23 14:15:00+00:00,321,4.999999999881766,5.463761227625504,0,0,0
2025-12-23 14:30:00+00:00,321,5.000000000109139,5.320678221109175,0,0,0
2025-12-23 14:45:00+00:00,321,6.0000000000854925,5.205200755210118,0,0,0
2025-12-23 15:00:00+00:00,321,4.999999999881766,5.2705441485514894,0,0,0
2025-12-23 15:15:00+00:00,321,5.000000000109139,5.260786450257065,0,0,0
2025-12-23 15:30:00+00:00,321,5.999999999858119,5.171520701995489,0,0,0
2025-12-23 15:45:00+00:00,321,5.000000000109139,5.337924445908074,0,0,0
2025-12-23 16:00:00+00:00,321,4.999999999881766,5.42877063900632,0,0,0
2025-12-23 16:15:00+00:00,321,4.000000000132786,5.296921576013979,0,0,0
2025-12-23 16:30:00+00:00,321,2.9999999999290594,5.16281783543309,0,0,0
2025-12-23 16:45:00+00:00,321,5.000000000109139,4.771500068847836,0,0,0
2025-12-23 17:00:00+00:00,321,3.999999999905413,4.749220534307658,0,0,0
2025-12-23 17:15:00+00:00,321,4.999999999881766,4.809738512348784,0,0,0
2025-12-23 17:30:00+00:00,321,4.000000000132786,5.13551191375529,0,0,0
2025-12-23 17:45:00+00:00,321,3.999999999905413,4.592857305893011,0,0,0
2025-12-23 18:00:00+00:00,321,4.000000000132786,4.546897635450122,0,0,0
2025-12-23 18:15:00+00:00,321,6.999999999834472,4.692356248787608,0,0,0
2025-12-23 18:30:00+00:00,321,9.999999999990903,8.029374193526472,0,0,0
2025-12-23 18:45:00+00:00,321,10.00000000021828,10.120419315046892,0,0,0
2025-12-23 19:00:00+00:00,321,8.999999999787178,8.525000021343796,0,0,0
2025-12-23 19:15:00+00:00,321,9.999999999990903,8.800943656311643,0,0,0
2025-12-23 19:30:00+00:00,321,10.00000000021828,9.618731882403608,0,0,0
2025-12-23 19:45:00+00:00,321,9.999999999990903,9.468429465599918,0,0,0
2025-12-23 20:00:00+00:00,321,9.000000000014552,9.990800484198935,0,0,0
2025-12-23 20:15:00+00:00,321,10.999999999967258,10.393010679194504,0,0,0
2025-12-23 20:30:00+00:00,321,25.99999999983993,10.617150740356385,0,0,0
2025-12-23 20:45:00+00:00,321,23.000000000138243,15.433593769380572,0,0,0
2025-12-23 21:00:00+00:00,321,18.000000000029104,16.65829927251211,0,0,0
2025-12-23 21:15:00+00:00,321,17.99999999980173,13.738670412940596,0,0,0
2025-12-23 21:30:00+00:00,321,16.000000000076398,14.35697775741748,0,0,0
2025-12-23 21:45:00+00:00,321,15.000000000100044,15.411936403843946,0,0,0
2025-12-23 22:00:00+00:00,321,14.99999999987267,15.204799411027562,0,0,0
2025-12-23 22:15:00+00:00,321,14.000000000123691,15.204148686283933,0,0,0
2025-12-23 22:30:00+00:00,321,14.99999999987267,15.030634779422924,0,0,0
2025-12-23 22:45:00+00:00,321,16.000000000076398,12.935576278433151,0,0,0
2025-12-23 23:00:00+00:00,321,15.000000000100044,14.224835637537048,0,0,0
2025-12-23 23:15:00+00:00,321,14.99999999987267,15.026168546297768,0,0,0
2025-12-23 23:30:00+00:00,321,15.000000000100044,14.31759506522062,0,0,0
2025-12-23 23:45:00+00:00,321,15.999999999849024,14.5340152695392,0,0,0
2025-12-24 00:00:00+00:00,321,15.000000000100044,15.261205939380885,0,0,0
2025-12-24 00:15:00+00:00,321,14.99999999987267,15.495882203306625,0,0,0
2025-12-24 00:30:00+00:00,321,14.000000000123691,15.467944882487068,0,0,0
2025-12-24 00:45:00+00:00,321,14.99999999987267,14.487100784565015,0,0,0
2025-12-24 01:00:00+00:00,321,16.000000000076398,14.190579133347178,0,0,0
2025-12-24 01:15:00+00:00,321,15.000000000100044,15.37202644000198,0,0,0
2025-12-24 01:30:00+00:00,321,15.999999999849024,15.314866501617471,0,0,0
2025-12-24 01:45:00+00:00,321,15.000000000100044,15.56368679857894,0,0,0
2025-12-24 02:00:00+00:00,321,16.000000000076398,15.749322184440944,0,0,0
2025-12-24 02:15:00+00:00,321,14.99999999987267,16.39320624189082,0,0,0
2025-12-24 02:30:00+00:00,321,16.000000000076398,16.159827966150505,0,0,0
2025-12-24 02:45:00+00:00,321,15.999999999849024,15.938927683499458,0,0,0
2025-12-24 03:00:00+00:00,321,16.000000000076398,15.572875401164506,0,0,0
2025-12-24 03:15:00+00:00,321,16.000000000076398,15.752506582122535,0,0,0
2025-12-24 03:30:00+00:00,321,14.99999999987267,15.923977167137856,0,0,0
2025-12-24 03:45:00+00:00,321,16.000000000076398,15.5562899965729,0,0,0
2025-12-24 04:00:00+00:00,321,16.000000000076398,15.741531947793812,0,0,0
2025-12-24 04:15:00+00:00,321,15.999999999849024,16.333624545994116,0,0,0
2025-12-24 04:30:00+00:00,321,16.000000000076398,16.35689833948433,0,0,0
2025-12-24 04:45:00+00:00,321,17.00000000005275,16.089785062362875,0,0,0
2025-12-24 05:00:00+00:00,321,15.999999999849024,16.235053592541647,0,0,0
2025-12-24 05:15:00+00:00,321,15.000000000100044,17.12653726117504,0,0,0
2025-12-24 05:30:00+00:00,321,17.00000000005275,16.574991506353022,0,0,0
2025-12-24 05:45:00+00:00,321,15.999999999849024,16.87680202676376,0,0,0
2025-12-24 06:00:00+00:00,321,16.000000000076398,16.967189308928,0,0,0
2025-12-24 06:15:00+00:00,321,17.00000000005275,18.218868737203685,0,0,0
2025-12-24 06:30:00+00:00,321,16.000000000076398,18.636532491093163,0,0,0
2025-12-24 06:45:00+00:00,321,15.999999999849024,18.049904134711703,0,0,0
2025-12-24 07:00:00+00:00,321,16.000000000076398,18.04009595909896,0,0,0
2025-12-24 07:15:00+00:00,321,15.999999999849024,17.664349724111574,0,0,0
2025-12-24 07:30:00+00:00,321,16.000000000076398,17.859331778675955,0,0,0
2025-12-24 07:45:00+00:00,321,17.00000000005275,17.091795020962003,0,0,0
2025-12-24 08:00:00+00:00,321,16.000000000076398,16.752476680177807,0,0,0
2025-12-24 08:15:00+00:00,321,14.99999999987267,15.32538424410492,0,0,0
2025-12-24 08:30:00+00:00,321,11.999999999943611,12.97450034813783,0,0,0
2025-12-24 08:45:00+00:00,321,9.999999999990903,11.003028782677411,0,0,0
2025-12-24 09:00:00+00:00,321,11.000000000194632,9.689615882535398,0,0,0
2025-12-24 09:15:00+00:00,321,9.999999999990903,10.238794106907193,0,0,0
2025-12-24 09:30:00+00:00,321,10.999999999967258,9.87768167916417,0,0,0
2025-12-24 09:45:00+00:00,321,9.000000000014552,10.137137979758869,0,0,0
2025-12-24 10:00:00+00:00,321,9.000000000014552,9.733704791450808,0,0,0
2025-12-24 10:15:00+00:00,321,9.000000000014552,9.42861468755822,0,0,0
2025-12-24 10:30:00+00:00,321,9.000000000014552,9.056991439931402,0,0,0
2025-12-24 10:45:00+00:00,321,8.999999999787178,8.718906187923363,0,0,0
2025-12-24 11:00:00+00:00,321,9.000000000014552,8.745326304775062,0,0,0
2025-12-24 11:15:00+00:00,321,9.000000000014552,8.589931159215382,0,0,0
2025-12-24 11:30:00+00:00,321,9.000000000014552,8.61996256764077,0,0,0
2025-12-24 11:45:00+00:00,321,8.000000000038199,8.497554205383787,0,0,0
2025-12-24 12:00:00+00:00,321,8.000000000038199,8.396560340651849,0,0,0
2025-12-24 12:15:00+00:00,321,8.000000000038199,8.258679670782724,0,0,0
2025-12-24 12:30:00+00:00,321,9.000000000014552,8.079043586313773,0,0,0
2025-12-24 12:45:00+00:00,321,8.000000000038199,8.062985453367272,0,0,0
2025-12-24 13:00:00+00:00,321,6.999999999834472,7.998857914403374,0,0,0
2025-12-24 13:15:00+00:00,321,8.000000000038199,7.770416320394978,0,0,0
2025-12-24 13:30:00+00:00,321,7.000000000061846,7.698416915749176,0,0,0
2025-12-24 13:45:00+00:00,321,8.000000000038199,7.684226732022417,0,0,0
2025-12-24 14:00:00+00:00,321,7.999999999810825,7.62404392337495,0,0,0
2025-12-24 14:15:00+00:00,321,8.000000000038199,7.449227701701229,0,0,0
2025-12-24 14:30:00+00:00,321,8.000000000038199,7.40577480699668,0,0,0
2025-12-24 14:45:00+00:00,321,7.000000000061846,7.274804914668603,0,0,0
2025-12-24 15:00:00+00:00,321,7.000000000061846,7.322173695507685,0,0,0
2025-12-24 15:15:00+00:00,321,7.999999999810825,7.446454910495332,0,0,0
2025-12-24 15:30:00+00:00,321,9.000000000014552,7.90673305872157,0,0,0
2025-12-24 15:45:00+00:00,321,9.000000000014552,8.73183876531935,0,0,0
2025-12-24 16:00:00+00:00,321,9.000000000014552,8.672238032262594,0,0,0
2025-12-24 16:15:00+00:00,321,7.000000000061846,8.381582710759265,0,0,0
2025-12-24 16:30:00+00:00,321,7.000000000061846,8.112089500189363,0,0,0
2025-12-24 16:45:00+00:00,321,8.000000000038199,7.853223639998127,0,0,0
2025-12-24 17:00:00+00:00,321,6.999999999834472,7.9121595146621235,0,0,0
2025-12-24 17:15:00+00:00,321,7.000000000061846,7.901034025262074,0,0,0
2025-12-24 17:30:00+00:00,321,8.000000000038199,8.000727017390393,0,0,0
2025-12-24 17:45:00+00:00,321,7.000000000061846,8.142625970239791,0,0,0
2025-12-24 18:00:00+00:00,321,7.999999999810825,8.380905449368289,0,0,0
2025-12-24 18:15:00+00:00,321,12.000000000170983,8.974250750388439,0,0,0
2025-12-24 18:30:00+00:00,321,15.999999999849024,17.605064546404787,0,0,0
2025-12-24 18:45:00+00:00,321,16.000000000076398,15.953407462812477,0,0,0
2025-12-24 19:00:00+00:00,321,17.00000000005275,14.964056638764934,0,0,0
2025-12-24 19:15:00+00:00,321,16.999999999825377,15.885801315511625,0,0,0
2025-12-24 19:30:00+00:00,321,16.000000000076398,16.395704148043222,0,0,0
2025-12-24 19:45:00+00:00,321,17.00000000005275,15.355886389578888,0,0,0
2025-12-24 20:00:00+00:00,321,16.000000000076398,15.507598709993776,0,0,0
2025-12-24 20:15:00+00:00,321,16.999999999825377,15.828024111634493,0,0,0
2025-12-24 20:30:00+00:00,321,17.00000000005275,16.007136097318348,0,0,0
2025-12-24 20:45:00+00:00,321,17.00000000005275,15.942242456883225,0,0,0
2025-12-24 21:00:00+00:00,321,17.00000000005275,15.796230900578747,0,0,0
2025-12-24 21:15:00+00:00,321,16.999999999825377,15.62865658765427,0,0,0
2025-12-24 21:30:00+00:00,321,17.00000000005275,15.695554321847696,0,0,0
2025-12-24 21:45:00+00:00,321,17.00000000005275,15.882524616447965,0,0,0
2025-12-24 22:00:00+00:00,321,17.00000000005275,15.919045965800496,0,0,0
2025-12-24 22:15:00+00:00,321,16.999999999825377,16.07349732972846,0,0,0
2025-12-24 22:30:00+00:00,321,17.00000000005275,16.13030767662836,0,0,0
2025-12-24 22:45:00+00:00,321,18.000000000029104,16.15015247377449,0,0,0
2025-12-24 23:00:00+00:00,321,17.00000000005275,16.363140220447157,0,0,0
2025-12-24 23:15:00+00:00,321,17.00000000005275,16.407431038635856,0,0,0
2025-12-24 23:30:00+00:00,321,18.000000000029104,16.427072772741422,0,0,0
2025-12-24 23:45:00+00:00,321,16.999999999825377,16.57225130907267,0,0,0
2025-12-25 00:00:00+00:00,321,18.000000000029104,16.66624296020694,0,0,0
2025-12-25 00:15:00+00:00,321,18.000000000029104,16.765578861363355,0,0,0
2025-12-25 00:30:00+00:00,321,18.000000000029104,16.90038733741848,0,0,0
2025-12-25 00:45:00+00:00,321,17.00000000005275,17.02226785114672,0,0,0
2025-12-25 01:00:00+00:00,321,18.000000000029104,17.00802920919437,0,0,0
2025-12-25 01:15:00+00:00,321,16.999999999825377,17.067192087569907,0,0,0
2025-12-25 01:30:00+00:00,321,19.000000000005457,16.944170498005764,0,0,0
2025-12-25 01:45:00+00:00,321,17.00000000005275,17.01943535248429,0,0,0
2025-12-25 02:00:00+00:00,321,18.000000000029104,17.034016663317594,0,0,0
2025-12-25 02:15:00+00:00,321,18.000000000029104,17.140255554085943,0,0,0
2025-12-25 02:30:00+00:00,321,17.00000000005275,17.106323258500613,0,0,0
2025-12-25 02:45:00+00:00,321,17.99999999980173,16.96187851815686,0,0,0
2025-12-25 03:00:00+00:00,321,19.000000000005457,16.95429826715395,0,0,0
2025-12-25 03:15:00+00:00,321,18.000000000029104,17.138506442895622,0,0,0
2025-12-25 03:30:00+00:00,321,18.000000000029104,17.2367220360271,0,0,0
2025-12-25 03:45:00+00:00,321,17.00000000005275,17.147222000898054,0,0,0
2025-12-25 04:00:00+00:00,321,18.000000000029104,17.2187555720062,0,0,0
2025-12-25 04:15:00+00:00,321,19.000000000005457,17.52445544190412,0,0,0
2025-12-25 04:30:00+00:00,321,18.000000000029104,17.680922437263145,0,0,0
2025-12-25 04:45:00+00:00,321,18.000000000029104,17.723724895665885,0,0,0
2025-12-25 05:00:00+00:00,321,19.000000000005457,17.800775781887562,0,0,0
2025-12-25 05:15:00+00:00,321,17.99999999980173,18.33203946176587,0,0,0
2025-12-25 05:30:00+00:00,321,19.000000000005457,18.443736825516684,0,0,0
2025-12-25 05:45:00+00:00,321,18.000000000029104,18.44525172194999,0,0,0
2025-12-25 06:00:00+00:00,321,19.000000000005457,18.582560411692068,0,0,0
2025-12-25 06:15:00+00:00,321,19.000000000005457,19.22089484854468,0,0,0
2025-12-25 06:30:00+00:00,321,19.000000000005457,19.3668660229945,0,0,0
2025-12-25 06:45:00+00:00,321,19.000000000005457,19.432568454290053,0,0,0
2025-12-25 07:00:00+00:00,321,18.000000000029104,19.588215121115887,0,0,0
2025-12-25 07:15:00+00:00,321,19.000000000005457,19.17570986071713,0,0,0
2025-12-25 07:30:00+00:00,321,19.000000000005457,19.476511988528696,0,0,0
2025-12-25 07:45:00+00:00,321,19.99999999998181,19.08470300552571,0,0,0
2025-12-25 08:00:00+00:00,321,18.000000000029104,18.454478398855663,0,0,0
2025-12-25 08:15:00+00:00,321,19.99999999998181,16.05748419370572,0,0,0
2025-12-25 08:30:00+00:00,321,15.000000000100044,14.478696743727085,0,0,0
2025-12-25 08:45:00+00:00,321,11.999999999943611,12.774373068406405,0,0,0
2025-12-25 09:00:00+00:00,321,12.999999999919964,11.764886697859197,0,0,0
2025-12-25 09:15:00+00:00,321,11.999999999943611,12.34844949458849,0,0,0
2025-12-25 09:30:00+00:00,321,12.000000000170983,12.09694034299045,0,0,0
2025-12-25 09:45:00+00:00,321,12.999999999919964,11.905678034123694,0,0,0
2025-12-25 10:00:00+00:00,321,11.999999999943611,11.71809855040173,0,0,0
2025-12-25 10:15:00+00:00,321,10.999999999967258,11.528608428070813,0,0,0
2025-12-25 10:30:00+00:00,321,12.000000000170983,10.49558693574539,0,0,0
2025-12-25 10:45:00+00:00,321,9.999999999990903,10.20101745875844,0,0,0
2025-12-25 11:00:00+00:00,321,10.999999999967258,10.423626470745148,0,0,0
2025-12-25 11:15:00+00:00,321,9.999999999990903,10.018351869864691,0,0,0
2025-12-25 11:30:00+00:00,321,9.999999999990903,9.602073213589982,0,0,0
2025-12-25 11:45:00+00:00,321,9.999999999990903,9.416309182676706,0,0,0
2025-12-25 12:00:00+00:00,321,9.000000000014552,9.342712675679186,0,0,0
2025-12-25 12:15:00+00:00,321,9.999999999990903,8.900314458928156,0,0,0
2025-12-25 12:30:00+00:00,321,9.000000000014552,8.646811309035478,0,0,0
2025-12-25 12:45:00+00:00,321,9.999999999990903,8.433070152331624,0,0,0
2025-12-25 13:00:00+00:00,321,8.000000000038199,8.377355307460228,0,0,0
2025-12-25 13:15:00+00:00,321,9.000000000014552,8.12248292425283,0,0,0
2025-12-25 13:30:00+00:00,321,7.999999999810825,8.070872606465581,0,0,0
2025-12-25 13:45:00+00:00,321,9.000000000014552,7.975420285959974,0,0,0
2025-12-25 14:00:00+00:00,321,8.000000000038199,7.848832690187727,0,0,0
2025-12-25 14:15:00+00:00,321,9.000000000014552,7.7999043044333956,0,0,0
2025-12-25 14:30:00+00:00,321,8.000000000038199,7.8298310084784895,0,0,0
2025-12-25 14:45:00+00:00,321,9.000000000014552,7.808871095260166,0,0,0
2025-12-25 15:00:00+00:00,321,8.000000000038199,8.053887421512865,0,0,0
2025-12-25 15:15:00+00:00,321,9.000000000014552,8.30121964713019,0,0,0
2025-12-25 15:30:00+00:00,321,9.999999999990903,8.51448689392545,0,0,0
2025-12-25 15:45:00+00:00,321,9.999999999990903,9.568323790117889,0,0,0
2025-12-25 16:00:00+00:00,321,9.999999999990903,9.517709173489774,0,0,0
2025-12-25 16:15:00+00:00,321,9.000000000014552,9.326556472514229,0,0,0
2025-12-25 16:30:00+00:00,321,8.000000000038199,9.30516620410198,0,0,0
2025-12-25 16:45:00+00:00,321,7.999999999810825,9.108407924816294,0,0,0
2025-12-25 17:00:00+00:00,321,9.000000000014552,8.961990242430685,0,0,0
2025-12-25 17:15:00+00:00,321,8.000000000038199,9.170208315184624,0,0,0
2025-12-25 17:30:00+00:00,321,8.000000000038199,9.45457733568501,0,0,0
2025-12-25 17:45:00+00:00,321,9.000000000014552,9.168612655042004,0,0,0
2025-12-25 18:00:00+00:00,321,8.000000000038199,9.59993759036222,0,0,0
2025-12-25 18:15:00+00:00,321,13.999999999896318,9.877221902904708,0,0,0
2025-12-25 18:30:00+00:00,321,18.000000000029104,17.2428739231424,0,0,0
2025-12-25 18:45:00+00:00,321,18.000000000029104,18.41674097879429,0,0,0
2025-12-25 19:00:00+00:00,321,19.000000000005457,17.133446019623356,0,0,0
2025-12-25 19:15:00+00:00,321,18.000000000029104,17.746029524644314,0,0,0
2025-12-25 19:30:00+00:00,321,19.000000000005457,18.351276223557583,0,0,0
2025-12-25 19:45:00+00:00,321,18.000000000029104,17.90329723449284,0,0,0
2025-12-25 20:00:00+00:00,321,18.000000000029104,17.386491412349308,0,0,0
2025-12-25 20:15:00+00:00,321,17.99999999980173,17.457528863528797,0,0,0
2025-12-25 20:30:00+00:00,321,19.000000000005457,17.505501353095013,0,0,0
2025-12-25 20:45:00+00:00,321,18.000000000029104,17.395734241996845,0,0,0
2025-12-25 21:00:00+00:00,321,18.000000000029104,17.262481044229688,0,0,0
2025-12-25 21:15:00+00:00,321,18.000000000029104,17.10166896130948,0,0,0
2025-12-25 21:30:00+00:00,321,18.000000000029104,17.129681277001975,0,0,0
2025-12-25 21:45:00+00:00,321,18.000000000029104,17.17857678038894,0,0,0
2025-12-25 22:00:00+00:00,321,19.000000000005457,17.26527200727018,0,0,0
2025-12-25 22:15:00+00:00,321,18.000000000029104,17.43916319603042,0,0,0
2025-12-25 22:30:00+00:00,321,18.000000000029104,17.493589859738233,0,0,0
2025-12-25 22:45:00+00:00,321,17.99999999980173,17.330616770710193,0,0,0
2025-12-25 23:00:00+00:00,321,18.000000000029104,17.271362744719855,0,0,0
2025-12-25 23:15:00+00:00,321,19.000000000005457,17.20441193723174,0,0,0
2025-12-25 23:30:00+00:00,321,18.000000000029104,17.26541392064512,0,0,0
2025-12-25 23:45:00+00:00,321,19.000000000005457,17.2722188400386,0,0,0
2025-12-26 00:00:00+00:00,321,18.000000000029104,17.492759147299555,0,0,0
2025-12-26 00:15:00+00:00,321,19.000000000005457,17.456894291527032,0,0,0
2025-12-26 00:30:00+00:00,321,18.000000000029104,17.581268096338572,0,0,0
2025-12-26 00:45:00+00:00,321,18.000000000029104,17.580250473601193,0,0,0
2025-12-26 01:00:00+00:00,321,19.000000000005457,17.50410529469113,0,0,0
2025-12-26 01:15:00+00:00,321,18.000000000029104,17.536958817873458,0,0,0
2025-12-26 01:30:00+00:00,321,19.000000000005457,17.349690851315998,0,0,0
2025-12-26 01:45:00+00:00,321,17.99999999980173,17.433333209985104,0,0,0
2025-12-26 02:00:00+00:00,321,19.000000000005457,17.343184757646984,0,0,0
2025-12-26 02:15:00+00:00,321,18.000000000029104,17.50104665764262,0,0,0
2025-12-26 02:30:00+00:00,321,18.000000000029104,17.406198911189602,0,0,0
2025-12-26 02:45:00+00:00,321,19.000000000005457,17.351906084485798,0,0,0
2025-12-26 03:00:00+00:00,321,19.000000000005457,17.392448312794976,0,0,0
2025-12-26 03:15:00+00:00,321,18.000000000029104,17.49347102170881,0,0,0
2025-12-26 03:30:00+00:00,321,18.000000000029104,17.456015120862766,0,0,0
2025-12-26 04:30:00+00:00,321,18.999999999778083,17.342272127731718,0,0,0
2025-12-26 04:45:00+00:00,321,18.000000000029104,17.64121207515992,0,0,0
2025-12-26 05:00:00+00:00,321,19.000000000005457,17.73676246588398,0,0,0
2025-12-26 05:15:00+00:00,321,18.000000000029104,18.06471504523292,0,0,0
2025-12-26 05:30:00+00:00,321,18.000000000029104,18.05800242722151,0,0,0
2025-12-26 05:45:00+00:00,321,18.000000000029104,18.00401765638038,0,0,0
2025-12-26 06:00:00+00:00,321,19.000000000005457,18.004416859857855,0,0,0
2025-12-26 06:15:00+00:00,321,19.000000000005457,18.62945643638984,0,0,0
2025-12-26 06:30:00+00:00,321,19.000000000005457,18.908438517478867,0,0,0
2025-12-26 06:45:00+00:00,321,18.000000000029104,18.79213416099524,0,0,0
2025-12-26 07:00:00+00:00,321,19.000000000005457,18.91690370798242,0,0,0
2025-12-26 07:15:00+00:00,321,19.000000000005457,18.83409206175199,0,0,0
2025-12-26 07:30:00+00:00,321,19.000000000005457,19.17942845264748,0,0,0
2025-12-26 07:45:00+00:00,321,19.000000000005457,18.918995488053696,0,0,0
2025-12-26 08:00:00+00:00,321,19.000000000005457,17.794506210510114,0,0,0
2025-12-26 08:15:00+00:00,321,19.000000000005457,15.460717684270596,0,0,0
2025-12-26 08:30:00+00:00,321,13.999999999896318,14.512137534452863,0,0,0
2025-12-26 08:45:00+00:00,321,12.999999999919964,12.739657364840712,0,0,0
2025-12-26 09:00:00+00:00,321,14.000000000123691,12.242016194034145,0,0,0
2025-12-26 09:15:00+00:00,321,11.999999999943611,12.775819892570428,0,0,0
2025-12-26 09:30:00+00:00,321,12.999999999919964,12.255807751167064,0,0,0
2025-12-26 09:45:00+00:00,321,11.000000000194632,11.772428874542,0,0,0
2025-12-26 10:00:00+00:00,321,11.999999999943611,11.246257346536044,0,0,0
2025-12-26 10:15:00+00:00,321,10.999999999967258,10.94316499068174,0,0,0
2025-12-26 10:30:00+00:00,321,9.999999999990903,10.067158533171412,0,0,0
2025-12-26 10:45:00+00:00,321,10.999999999967258,9.65248188275934,0,0,0
2025-12-26 11:00:00+00:00,321,9.999999999990903,9.954190294766155,0,0,0
2025-12-26 11:15:00+00:00,321,9.999999999990903,9.214102237430405,0,0,0
2025-12-26 11:30:00+00:00,321,8.000000000038199,8.820746340952201,0,0,0
2025-12-26 11:45:00+00:00,321,9.000000000014552,8.644252830101086,0,0,0
2025-12-26 12:00:00+00:00,321,9.000000000014552,8.659571398223711,0,0,0
2025-12-26 12:15:00+00:00,321,9.000000000014552,8.3504379169126,0,0,0
2025-12-26 12:30:00+00:00,321,8.000000000038199,7.951192903816194,0,0,0
2025-12-26 12:45:00+00:00,321,8.000000000038199,7.693036898941478,0,0,0
2025-12-26 13:00:00+00:00,321,7.999999999810825,7.384311851246047,0,0,0
2025-12-26 13:15:00+00:00,321,8.000000000038199,7.437635224996244,0,0,0
2025-12-26 13:30:00+00:00,321,7.000000000061846,7.122430908720967,0,0,0
2025-12-26 13:45:00+00:00,321,6.0000000000854925,6.920934684116641,0,0,0
2025-12-26 14:00:00+00:00,321,3.999999999905413,6.663633620793394,0,0,0
2025-12-26 14:15:00+00:00,321,3.999999999905413,6.207049258501072,0,0,0
2025-12-26 14:30:00+00:00,321,4.000000000132786,5.729402586144685,0,0,0
2025-12-26 14:45:00+00:00,321,3.999999999905413,5.494921885772213,0,0,0
2025-12-26 15:00:00+00:00,321,1.9999999999527065,5.311613936947589,0,0,0
2025-12-26 15:15:00+00:00,321,2.00000000018008,4.806006652094763,0,0,0
2025-12-26 15:30:00+00:00,321,3.999999999905413,4.839901594464535,0,0,0
2025-12-26 15:45:00+00:00,321,8.000000000038199,5.5143735367190665,0,0,0
2025-12-26 16:00:00+00:00,321,7.000000000061846,6.309453026844205,0,0,0
2025-12-26 16:15:00+00:00,321,12.999999999919964,6.417603709988785,0,0,0
2025-12-26 16:30:00+00:00,321,12.999999999919964,8.491014075580134,0,0,0
2025-12-26 16:45:00+00:00,321,10.999999999967258,10.534399090024298,0,0,0
2025-12-26 17:00:00+00:00,321,9.000000000014552,10.032634354973528,0,0,0
2025-12-26 17:15:00+00:00,321,9.000000000014552,9.58374273599352,0,0,0
2025-12-26 17:30:00+00:00,321,7.000000000061846,9.694762838353356,0,0,0
2025-12-26 17:45:00+00:00,321,8.000000000038199,9.201509444497178,0,0,0
2025-12-26 18:00:00+00:00,321,7.000000000061846,8.755240626977198,0,0,0
2025-12-26 18:15:00+00:00,321,10.999999999967258,8.823378660992255,0,0,0
2025-12-26 18:30:00+00:00,321,15.999999999849024,10.343875769097778,0,0,0
2025-12-26 18:45:00+00:00,321,16.000000000076398,13.288833281677956,0,0,0
2025-12-26 19:00:00+00:00,321,16.000000000076398,14.44338800378156,0,0,0
2025-12-26 19:15:00+00:00,321,17.00000000005275,15.001468696454497,0,0,0
2025-12-26 19:30:00+00:00,321,15.999999999849024,15.974890609490435,0,0,0
2025-12-26 19:45:00+00:00,321,17.00000000005275,15.813651632678134,0,0,0
2025-12-26 20:00:00+00:00,321,16.000000000076398,15.678377034643532,0,0,0
2025-12-26 20:15:00+00:00,321,16.999999999825377,15.708539972538375,0,0,0
2025-12-26 20:30:00+00:00,321,16.000000000076398,15.794136812972924,0,0,0
2025-12-26 20:45:00+00:00,321,17.00000000005275,15.47341489314229,0,0,0
2025-12-26 21:00:00+00:00,321,17.00000000005275,15.268376603000837,0,0,0
2025-12-26 21:15:00+00:00,321,16.999999999825377,15.27384545988878,0,0,0
2025-12-26 21:30:00+00:00,321,16.000000000076398,15.423014877227502,0,0,0
2025-12-26 21:45:00+00:00,321,17.00000000005275,15.506476094434287,0,0,0
2025-12-26 22:00:00+00:00,321,15.999999999849024,15.598806320691208,0,0,0
2025-12-26 22:15:00+00:00,321,17.00000000005275,15.681758726529306,0,0,0
2025-12-26 22:30:00+00:00,321,17.00000000005275,15.699527896346025,0,0,0
2025-12-26 22:45:00+00:00,321,16.000000000076398,15.692960653011388,0,0,0
2025-12-26 23:00:00+00:00,321,16.999999999825377,15.530863273345783,0,0,0
2025-12-26 23:15:00+00:00,321,17.00000000005275,15.526400501522456,0,0,0
2025-12-26 23:30:00+00:00,321,16.000000000076398,15.603327934645607,0,0,0
2025-12-26 23:45:00+00:00,321,16.000000000076398,15.62008755809588,0,0,0
2025-12-27 00:00:00+00:00,321,16.999999999825377,15.571750478070468,0,0,0
2025-12-27 00:15:00+00:00,321,17.00000000005275,15.499083907497354,0,0,0
2025-12-27 00:30:00+00:00,321,16.000000000076398,15.718250077932666,0,0,0
2025-12-27 00:45:00+00:00,321,17.00000000005275,15.738479079581683,0,0,0
2025-12-27 01:00:00+00:00,321,15.999999999849024,15.717413596657613,0,0,0
2025-12-27 01:15:00+00:00,321,17.00000000005275,15.728271700491462,0,0,0
2025-12-27 01:30:00+00:00,321,16.000000000076398,15.728208243291284,0,0,0
2025-12-27 01:45:00+00:00,321,16.999999999825377,15.726567586224904,0,0,0
2025-12-27 02:00:00+00:00,321,17.00000000005275,15.782426075122151,0,0,0
2025-12-27 02:15:00+00:00,321,17.00000000005275,15.898398146630312,0,0,0
2025-12-27 02:30:00+00:00,321,17.00000000005275,15.994894626520647,0,0,0
2025-12-27 02:45:00+00:00,321,15.999999999849024,16.02254581305577,0,0,0
2025-12-27 03:00:00+00:00,321,17.00000000005275,15.821298802183048,0,0,0
2025-12-27 03:15:00+00:00,321,17.00000000005275,15.795343653543554,0,0,0
2025-12-27 03:30:00+00:00,321,16.000000000076398,15.73357441489167,0,0,0
2025-12-27 03:45:00+00:00,321,16.999999999825377,15.751985079313812,0,0,0
2025-12-27 04:00:00+00:00,321,17.00000000005275,15.77919437298225,0,0,0
2025-12-27 04:15:00+00:00,321,17.00000000005275,15.964086732718556,0,0,0
2025-12-27 04:30:00+00:00,321,16.000000000076398,16.102460349656326,0,0,0
2025-12-27 04:45:00+00:00,321,16.999999999825377,16.07275314983548,0,0,0
2025-12-27 05:00:00+00:00,321,17.00000000005275,16.105005560267045,0,0,0
2025-12-27 05:15:00+00:00,321,17.00000000005275,16.388449259412127,0,0,0
2025-12-27 05:30:00+00:00,321,15.999999999849024,16.386651689996217,0,0,0
2025-12-27 05:45:00+00:00,321,17.00000000005275,16.29965994492506,0,0,0
2025-12-27 06:00:00+00:00,321,17.00000000005275,16.264647723169453,0,0,0
2025-12-27 06:15:00+00:00,321,17.00000000005275,16.620937980582692,0,0,0
2025-12-27 07:45:00+00:00,321,18.000000000029104,16.72081499859152,0,0,0
2025-12-27 08:00:00+00:00,321,16.999999999825377,16.460605864849274,0,0,0
2025-12-27 08:15:00+00:00,321,13.000000000147338,16.613063518924417,0,0,0
2025-12-27 08:30:00+00:00,321,9.000000000014552,15.897126695092233,0,0,0
2025-12-27 08:45:00+00:00,321,9.000000000014552,10.754929590263409,0,0,0
2025-12-27 09:00:00+00:00,321,9.999999999990903,9.143203238324023,0,0,0
2025-12-27 09:15:00+00:00,321,9.000000000014552,9.086691140264954,0,0,0
2025-12-27 09:30:00+00:00,321,9.999999999990903,8.529743735498814,0,0,0
2025-12-27 09:45:00+00:00,321,9.000000000014552,8.42562143079817,0,0,0
2025-12-27 10:00:00+00:00,321,7.999999999810825,8.19835119901667,0,0,0
2025-12-27 10:15:00+00:00,321,9.000000000014552,7.930358462789128,0,0,0
2025-12-27 10:30:00+00:00,321,8.000000000038199,7.777748799875382,0,0,0
2025-12-27 10:45:00+00:00,321,8.000000000038199,7.60275374427389,0,0,0
2025-12-27 11:00:00+00:00,321,8.000000000038199,7.273573268101539,0,0,0
2025-12-27 11:15:00+00:00,321,8.000000000038199,7.1844695520317785,0,0,0
2025-12-27 11:30:00+00:00,321,8.000000000038199,7.282088935923417,0,0,0
2025-12-27 11:45:00+00:00,321,6.999999999834472,7.04852403832622,0,0,0
2025-12-27 12:00:00+00:00,321,7.000000000061846,6.810167256790234,0,0,0
2025-12-27 12:15:00+00:00,321,7.000000000061846,6.796361566008182,0,0,0
2025-12-27 12:30:00+00:00,321,6.999999999834472,6.765962105821773,0,0,0
2025-12-27 12:45:00+00:00,321,7.000000000061846,6.618062697812042,0,0,0
2025-12-27 13:00:00+00:00,321,7.000000000061846,6.502773656531236,0,0,0
2025-12-27 13:15:00+00:00,321,7.000000000061846,6.511610360097643,0,0,0
2025-12-27 13:30:00+00:00,321,5.999999999858119,6.521568237014443,0,0,0
2025-12-27 13:45:00+00:00,321,7.000000000061846,6.534919631931595,0,0,0
2025-12-27 14:00:00+00:00,321,7.000000000061846,6.642579387100263,0,0,0
2025-12-27 14:15:00+00:00,321,8.000000000038199,6.7731890155964285,0,0,0
2025-12-27 14:30:00+00:00,321,6.999999999834472,6.9746976431989705,0,0,0
2025-12-27 14:45:00+00:00,321,7.000000000061846,7.069183106727342,0,0,0
2025-12-27 15:00:00+00:00,321,7.000000000061846,7.04266434277355,0,0,0
2025-12-27 15:15:00+00:00,321,8.000000000038199,6.982361830771206,0,0,0
2025-12-27 15:30:00+00:00,321,6.999999999834472,7.045524531850601,0,0,0
2025-12-27 15:45:00+00:00,321,7.000000000061846,7.073372147264454,0,0,0
2025-12-27 16:00:00+00:00,321,7.000000000061846,7.023192789341187,0,0,0
2025-12-27 16:15:00+00:00,321,7.000000000061846,7.026015769423587,0,0,0
2025-12-27 16:30:00+00:00,321,6.999999999834472,7.087956919399583,0,0,0
2025-12-27 16:45:00+00:00,321,7.000000000061846,7.091177372308545,0,0,0
2025-12-27 17:00:00+00:00,321,8.000000000038199,7.051766989697062,0,0,0
2025-12-27 17:15:00+00:00,321,7.000000000061846,7.14148191398125,0,0,0
2025-12-27 17:30:00+00:00,321,7.999999999810825,7.168240661528438,0,0,0
2025-12-27 17:45:00+00:00,321,7.000000000061846,7.250364662462413,0,0,0
2025-12-27 18:00:00+00:00,321,7.000000000061846,7.244833502141567,0,0,0
2025-12-27 18:15:00+00:00,321,9.000000000014552,7.199137972294413,0,0,0
2025-12-27 18:30:00+00:00,321,13.999999999896318,8.284518000485532,0,0,0
2025-12-27 18:45:00+00:00,321,15.000000000100044,12.8249190358816,0,0,0
2025-12-27 19:00:00+00:00,321,14.99999999987267,13.419714333925786,0,0,0
2025-12-27 19:15:00+00:00,321,15.000000000100044,13.29179154097346,0,0,0
2025-12-27 19:30:00+00:00,321,13.999999999896318,13.88489310865657,0,0,0
2025-12-27 19:45:00+00:00,321,14.000000000123691,13.153575990152492,0,0,0
2025-12-27 20:00:00+00:00,321,13.999999999896318,13.006186835720548,0,0,0
2025-12-27 20:15:00+00:00,321,13.000000000147338,13.18918470958976,0,0,0
2025-12-27 20:30:00+00:00,321,12.999999999919964,13.20791381378006,0,0,0
2025-12-27 20:45:00+00:00,321,12.999999999919964,12.815848694441817,0,0,0
2025-12-27 21:00:00+00:00,321,12.000000000170983,12.313269399694232,0,0,0
2025-12-27 21:15:00+00:00,321,11.999999999943611,11.77661012715,0,0,0
2025-12-27 21:30:00+00:00,321,11.999999999943611,11.604201529339342,0,0,0
2025-12-27 21:45:00+00:00,321,11.999999999943611,11.675585110701611,0,0,0
2025-12-27 22:00:00+00:00,321,12.000000000170983,11.4081412792556,0,0,0
2025-12-27 22:15:00+00:00,321,9.999999999990903,11.280779217199376,0,0,0
2025-12-27 22:30:00+00:00,321,10.999999999967258,11.00711023441604,0,0,0
2025-12-27 22:45:00+00:00,321,10.999999999967258,10.774489406892378,0,0,0
2025-12-27 23:00:00+00:00,321,9.999999999990903,10.51663857346215,0,0,0
2025-12-27 23:15:00+00:00,321,10.999999999967258,10.183035995762948,0,0,0
2025-12-27 23:30:00+00:00,321,9.999999999990903,10.17122314950826,0,0,0
2025-12-27 23:45:00+00:00,321,9.999999999990903,10.09122727231475,0,0,0
2025-12-28 00:00:00+00:00,321,8.000000000038199,9.935329084222762,0,0,0
2025-12-28 00:15:00+00:00,321,7.000000000061846,9.501645271706892,0,0,0
2025-12-28 00:30:00+00:00,321,5.999999999858119,9.038366751679575,0,0,0
2025-12-28 00:45:00+00:00,321,7.000000000061846,8.18966881182342,0,0,0
2025-12-28 01:00:00+00:00,321,7.000000000061846,7.561912401798425,0,0,0
2025-12-28 01:15:00+00:00,321,7.000000000061846,7.543573847831032,0,0,0
2025-12-28 01:30:00+00:00,321,5.999999999858119,7.305482144326693,0,0,0
2025-12-28 01:45:00+00:00,321,6.0000000000854925,7.102105567504408,0,0,0
2025-12-28 02:00:00+00:00,321,6.999999999834472,6.877478616552082,0,0,0
2025-12-28 02:15:00+00:00,321,7.000000000061846,6.985801211020776,0,0,0
2025-12-28 02:30:00+00:00,321,6.0000000000854925,7.076939018798015,0,0,0
2025-12-28 02:45:00+00:00,321,7.000000000061846,7.057060185517246,0,0,0
2025-12-28 03:00:00+00:00,321,6.999999999834472,7.002192205826386,0,0,0
2025-12-28 03:15:00+00:00,321,7.000000000061846,7.034395869590543,0,0,0
2025-12-28 03:30:00+00:00,321,7.000000000061846,6.993515875911335,0,0,0
2025-12-28 03:45:00+00:00,321,6.999999999834472,7.004944517663136,0,0,0
2025-12-28 04:00:00+00:00,321,7.000000000061846,7.041940065366081,0,0,0
2025-12-28 04:15:00+00:00,321,7.000000000061846,7.118226580767448,0,0,0
2025-12-28 04:30:00+00:00,321,7.000000000061846,7.156659722496212,0,0,0
2025-12-28 04:45:00+00:00,321,6.999999999834472,7.297974869103985,0,0,0
2025-12-28 05:00:00+00:00,321,7.000000000061846,7.344059795406768,0,0,0
2025-12-28 05:15:00+00:00,321,14.000000000123691,7.502983738179903,0,0,0
2025-12-28 05:30:00+00:00,321,22.99999999991087,13.587249418762884,0,0,0
2025-12-28 05:45:00+00:00,321,19.99999999998181,15.448274304199607,0,0,0
2025-12-28 06:00:00+00:00,321,17.00000000005275,16.19947602482083,0,0,0
2025-12-28 06:15:00+00:00,321,17.00000000005275,16.52143709070582,0,0,0
2025-12-28 06:30:00+00:00,321,16.999999999825377,16.607012009562123,0,0,0
2025-12-28 06:45:00+00:00,321,16.000000000076398,17.4719567233144,0,0,0
2025-12-28 07:00:00+00:00,321,17.00000000005275,17.389471593223053,0,0,0
2025-12-28 07:15:00+00:00,321,15.999999999849024,17.253950088991402,0,0,0
2025-12-28 07:30:00+00:00,321,17.00000000005275,16.950382381019416,0,0,0
2025-12-28 07:45:00+00:00,321,17.00000000005275,16.14299219406002,0,0,0
2025-12-28 08:00:00+00:00,321,17.00000000005275,15.687894460902744,0,0,0
2025-12-28 08:15:00+00:00,321,12.999999999919964,13.54413890449747,0,0,0
2025-12-28 08:30:00+00:00,321,9.000000000014552,10.756085665073895,0,0,0
2025-12-28 08:45:00+00:00,321,10.999999999967258,9.79124201173455,0,0,0
2025-12-28 09:00:00+00:00,321,9.999999999990903,9.897757229765489,0,0,0
2025-12-28 09:15:00+00:00,321,9.000000000014552,9.5826241586195,0,0,0
2025-12-28 09:30:00+00:00,321,9.999999999990903,9.03294923743541,0,0,0
2025-12-28 09:45:00+00:00,321,9.000000000014552,8.694605541557562,0,0,0
2025-12-28 10:00:00+00:00,321,8.000000000038199,8.155692673081605,0,0,0
2025-12-28 10:15:00+00:00,321,9.000000000014552,7.546414711306211,0,0,0
2025-12-28 10:30:00+00:00,321,8.000000000038199,7.145949012431863,0,0,0
2025-12-28 10:45:00+00:00,321,9.000000000014552,7.563587671883087,0,0,0
2025-12-28 11:00:00+00:00,321,8.000000000038199,7.8564201522361135,0,0,0
2025-12-28 11:15:00+00:00,321,7.999999999810825,7.958440581401816,0,0,0
2025-12-28 11:30:00+00:00,321,8.000000000038199,8.005320741799538,0,0,0
2025-12-28 11:45:00+00:00,321,8.000000000038199,7.736064918846663,0,0,0
2025-12-28 12:00:00+00:00,321,8.000000000038199,7.522660950629203,0,0,0
2025-12-28 12:15:00+00:00,321,8.000000000038199,7.501704787154527,0,0,0
2025-12-28 12:30:00+00:00,321,8.000000000038199,7.20520851881676,0,0,0
2025-12-28 12:45:00+00:00,321,6.999999999834472,7.072317892416066,0,0,0
2025-12-28 13:00:00+00:00,321,7.000000000061846,6.89192753259047,0,0,0
2025-12-28 13:15:00+00:00,321,8.000000000038199,7.061255283332555,0,0,0
2025-12-28 13:30:00+00:00,321,8.000000000038199,7.524091045167728,0,0,0
2025-12-28 13:45:00+00:00,321,7.999999999810825,7.533495979117535,0,0,0
2025-12-28 14:00:00+00:00,321,7.000000000061846,7.526676349191286,0,0,0
2025-12-28 14:15:00+00:00,321,8.000000000038199,7.438841200241418,0,0,0
2025-12-28 14:30:00+00:00,321,7.000000000061846,7.533200614694895,0,0,0
2025-12-28 14:45:00+00:00,321,8.000000000038199,7.437002095203574,0,0,0
2025-12-28 15:00:00+00:00,321,7.999999999810825,7.506875395201641,0,0,0
2025-12-28 15:15:00+00:00,321,7.000000000061846,7.671239927564462,0,0,0
2025-12-28 15:30:00+00:00,321,8.000000000038199,7.634765305786603,0,0,0
2025-12-28 15:45:00+00:00,321,8.000000000038199,7.593509760859076,0,0,0
2025-12-28 16:00:00+00:00,321,8.000000000038199,7.709300402463096,0,0,0
2025-12-28 16:15:00+00:00,321,7.999999999810825,7.8566142735802895,0,0,0
2025-12-28 16:30:00+00:00,321,8.000000000038199,8.06190350810426,0,0,0
2025-12-28 16:45:00+00:00,321,8.000000000038199,8.251353825464157,0,0,0
2025-12-28 17:00:00+00:00,321,9.000000000014552,8.268241228640239,0,0,0
2025-12-28 17:15:00+00:00,321,8.000000000038199,8.56864184543978,0,0,0
2025-12-28 17:30:00+00:00,321,8.000000000038199,9.999687376641848,0,0,0
2025-12-28 17:45:00+00:00,321,8.000000000038199,8.921912982333712,0,0,0
2025-12-28 18:00:00+00:00,321,7.999999999810825,8.686044588370105,0,0,0
2025-12-28 18:15:00+00:00,321,12.000000000170983,9.095425735427442,0,0,0
2025-12-28 18:30:00+00:00,321,16.999999999825377,16.502213020354144,0,0,0
2025-12-28 18:45:00+00:00,321,17.00000000005275,17.630238594598474,0,0,0
2025-12-28 19:00:00+00:00,321,16.000000000076398,17.028573189309718,0,0,0
2025-12-28 19:15:00+00:00,321,17.00000000005275,16.230733887860538,0,0,0
2025-12-28 19:30:00+00:00,321,16.999999999825377,17.05064360353113,0,0,0
2025-12-28 19:45:00+00:00,321,17.00000000005275,16.55896452512297,0,0,0
2025-12-28 20:00:00+00:00,321,17.00000000005275,16.129646567979247,0,0,0
2025-12-28 20:15:00+00:00,321,17.00000000005275,16.320920414518763,0,0,0
2025-12-28 20:30:00+00:00,321,16.999999999825377,16.455912339570762,0,0,0
2025-12-28 20:45:00+00:00,321,17.00000000005275,16.107566923619625,0,0,0
2025-12-28 21:00:00+00:00,321,16.000000000076398,15.754459910120698,0,0,0
2025-12-28 21:15:00+00:00,321,17.00000000005275,15.650851608741483,0,0,0
2025-12-28 21:30:00+00:00,321,16.999999999825377,15.948812007752416,0,0,0
2025-12-28 21:45:00+00:00,321,17.00000000005275,16.166747108504303,0,0,0
2025-12-28 22:00:00+00:00,321,17.00000000005275,16.16939269686803,0,0,0
2025-12-28 22:15:00+00:00,321,17.00000000005275,16.188688300790812,0,0,0
2025-12-28 22:30:00+00:00,321,16.999999999825377,16.25669826663824,0,0,0
2025-12-28 22:45:00+00:00,321,17.00000000005275,16.203926105204122,0,0,0
2025-12-28 23:00:00+00:00,321,17.00000000005275,16.11056556476979,0,0,0
2025-12-28 23:15:00+00:00,321,17.00000000005275,16.17632222312731,0,0,0
2025-12-28 23:30:00+00:00,321,17.00000000005275,16.221699890089944,0,0,0
2025-12-28 23:45:00+00:00,321,16.999999999825377,16.262220196820877,0,0,0
2025-12-29 00:00:00+00:00,321,17.00000000005275,16.3075217151433,0,0,0
2025-12-29 00:15:00+00:00,321,16.000000000076398,16.585067355973788,0,0,0
2025-12-29 00:30:00+00:00,321,17.00000000005275,15.712140880206576,0,0,0
2025-12-29 00:45:00+00:00,321,16.999999999825377,15.781624206865375,0,0,0
2025-12-29 01:00:00+00:00,321,17.00000000005275,16.07354001911767,0,0,0
2025-12-29 01:15:00+00:00,321,17.00000000005275,15.978288454118076,0,0,0
2025-12-29 01:30:00+00:00,321,15.999999999849024,16.08704832638435,0,0,0
2025-12-29 01:45:00+00:00,321,17.00000000005275,16.040974937754324,0,0,0
2025-12-29 02:00:00+00:00,321,17.00000000005275,16.143045267354715,0,0,0
2025-12-29 02:15:00+00:00,321,17.00000000005275,16.19032203525354,0,0,0
2025-12-29 03:00:00+00:00,321,17.00000000005275,16.038504722016544,0,0,0
2025-12-29 03:15:00+00:00,321,17.00000000005275,15.953532069678278,0,0,0
2025-12-29 03:30:00+00:00,321,17.00000000005275,15.81167869063628,0,0,0
2025-12-29 03:45:00+00:00,321,16.999999999825377,15.847559699150668,0,0,0
2025-12-29 04:00:00+00:00,321,17.00000000005275,15.744621736558775,0,0,0
2025-12-29 04:15:00+00:00,321,16.000000000076398,16.17026725246319,0,0,0
2025-12-29 04:30:00+00:00,321,17.00000000005275,15.914397437445745,0,0,0
2025-12-29 04:45:00+00:00,321,15.999999999849024,15.901945981003824,0,0,0
2025-12-29 05:00:00+00:00,321,17.00000000005275,15.596423791266396,0,0,0
2025-12-29 05:15:00+00:00,321,16.000000000076398,16.3046926777827,0,0,0
2025-12-29 05:30:00+00:00,321,15.999999999849024,16.050277763300212,0,0,0
2025-12-29 05:45:00+00:00,321,17.00000000005275,15.70569824373774,0,0,0
2025-12-29 06:00:00+00:00,321,16.000000000076398,15.996770652111325,0,0,0
2025-12-29 06:15:00+00:00,321,15.999999999849024,16.79188475525474,0,0,0
2025-12-29 06:30:00+00:00,321,17.00000000005275,16.733925256148005,0,0,0
2025-12-29 06:45:00+00:00,321,16.000000000076398,16.492221395744522,0,0,0
2025-12-29 07:00:00+00:00,321,17.00000000005275,16.625996096320403,0,0,0
2025-12-29 07:15:00+00:00,321,17.99999999980173,16.455866188879725,0,0,0
2025-12-29 07:30:00+00:00,321,22.00000000016189,16.80872744994888,0,0,0
2025-12-29 07:45:00+00:00,321,18.000000000029104,17.50924302037088,0,0,0
2025-12-29 08:00:00+00:00,321,16.999999999825377,16.454553201719705,0,0,0
2025-12-29 08:15:00+00:00,321,16.000000000076398,13.516566174137107,0,0,0
2025-12-29 08:30:00+00:00,321,11.999999999943611,12.263135327136546,0,0,0
2025-12-29 08:45:00+00:00,321,10.999999999967258,10.836735151429224,0,0,0
2025-12-29 09:00:00+00:00,321,11.000000000194632,10.669577925374996,0,0,0
2025-12-29 09:15:00+00:00,321,11.999999999943611,10.881835914245633,0,0,0
2025-12-29 09:30:00+00:00,321,10.999999999967258,11.06158939453491,0,0,0
2025-12-29 09:45:00+00:00,321,9.999999999990903,10.526117348517616,0,0,0
2025-12-29 10:00:00+00:00,321,10.999999999967258,10.435659109665904,0,0,0
2025-12-29 10:15:00+00:00,321,9.999999999990903,10.59383021929149,0,0,0
2025-12-29 10:30:00+00:00,321,9.999999999990903,10.166012736490124,0,0,0
2025-12-29 10:45:00+00:00,321,9.999999999990903,10.073477716541724,0,0,0
2025-12-29 11:00:00+00:00,321,9.999999999990903,10.144659965514345,0,0,0
2025-12-29 11:15:00+00:00,321,9.000000000014552,10.1343049042128,0,0,0
2025-12-29 11:30:00+00:00,321,9.999999999990903,9.76718538714761,0,0,0
2025-12-29 11:45:00+00:00,321,9.000000000014552,9.598838050148252,0,0,0
2025-12-29 12:00:00+00:00,321,9.000000000014552,9.574788925048605,0,0,0
2025-12-29 12:15:00+00:00,321,9.999999999990903,9.334584962103843,0,0,0
2025-12-29 12:30:00+00:00,321,9.000000000014552,9.348038465424914,0,0,0
2025-12-29 12:45:00+00:00,321,8.000000000038199,9.31197746921548,0,0,0
2025-12-29 13:00:00+00:00,321,9.000000000014552,8.98984622265729,0,0,0
2025-12-29 13:15:00+00:00,321,8.000000000038199,8.844629900447753,0,0,0
2025-12-29 13:30:00+00:00,321,9.000000000014552,8.717957791222542,0,0,0
2025-12-29 13:45:00+00:00,321,5.999999999858119,8.508367312293876,0,0,0
2025-12-29 14:00:00+00:00,321,6.0000000000854925,8.137308545306812,0,0,0
2025-12-29 14:15:00+00:00,321,4.999999999881766,7.701459976939462,0,0,0
2025-12-29 14:30:00+00:00,321,6.0000000000854925,7.25359203797503,0,0,0
2025-12-29 14:45:00+00:00,321,6.0000000000854925,7.101233607885618,0,0,0
2025-12-29 15:00:00+00:00,321,5.999999999858119,7.031033503306642,0,0,0
2025-12-29 15:15:00+00:00,321,6.0000000000854925,6.84103918467614,0,0,0
2025-12-29 15:30:00+00:00,321,4.999999999881766,6.773703595801496,0,0,0
2025-12-29 15:45:00+00:00,321,6.0000000000854925,6.570346633022902,0,0,0
2025-12-29 16:00:00+00:00,321,6.0000000000854925,6.548283429846963,0,0,0
2025-12-29 16:15:00+00:00,321,4.999999999881766,6.477082143714291,0,0,0
2025-12-29 16:30:00+00:00,321,5.000000000109139,6.343830676598048,0,0,0
2025-12-29 16:45:00+00:00,321,3.999999999905413,6.151356623649736,0,0,0
2025-12-29 17:00:00+00:00,321,5.000000000109139,5.937669117124214,0,0,0
2025-12-29 17:15:00+00:00,321,4.999999999881766,5.845860970559655,0,0,0
2025-12-29 17:30:00+00:00,321,4.000000000132786,5.8235996078540735,0,0,0
2025-12-29 17:45:00+00:00,321,3.999999999905413,5.606759432247052,0,0,0
2025-12-29 18:00:00+00:00,321,3.999999999905413,5.356710084694893,0,0,0
2025-12-29 18:15:00+00:00,321,5.000000000109139,5.330270353799503,0,0,0
2025-12-29 18:30:00+00:00,321,8.000000000038199,5.983101876474273,0,0,0
2025-12-29 18:45:00+00:00,321,8.000000000038199,7.579919247673986,0,0,0
2025-12-29 19:00:00+00:00,321,9.000000000014552,8.826744200136165,0,0,0
2025-12-29 19:15:00+00:00,321,7.999999999810825,8.643322893676679,0,0,0
2025-12-29 19:30:00+00:00,321,8.000000000038199,8.221815940991055,0,0,0
2025-12-29 19:45:00+00:00,321,7.000000000061846,8.029116614982119,0,0,0
2025-12-29 20:00:00+00:00,321,6.0000000000854925,7.898852251343277,0,0,0
2025-12-29 20:15:00+00:00,321,6.999999999834472,7.634097851417472,0,0,0
2025-12-29 20:30:00+00:00,321,6.0000000000854925,7.604979649790993,0,0,0
2025-12-29 20:45:00+00:00,321,6.0000000000854925,7.216347564982302,0,0,0
2025-12-29 21:00:00+00:00,321,6.999999999834472,6.717481093328686,0,0,0
2025-12-29 21:15:00+00:00,321,7.000000000061846,6.422969881589172,0,0,0
2025-12-29 21:30:00+00:00,321,7.000000000061846,6.420803683528598,0,0,0
2025-12-29 21:45:00+00:00,321,6.999999999834472,6.528682077596057,0,0,0
2025-12-29 22:00:00+00:00,321,8.000000000038199,6.730413959166492,0,0,0
2025-12-29 22:15:00+00:00,321,7.000000000061846,7.758625684160351,0,0,0
2025-12-29 22:30:00+00:00,321,7.000000000061846,7.300478255650951,0,0,0
2025-12-29 22:45:00+00:00,321,8.000000000038199,7.140697640675432,0,0,0
2025-12-29 23:00:00+00:00,321,6.999999999834472,7.817035729388339,0,0,0
2025-12-29 23:15:00+00:00,321,8.000000000038199,7.5765589004828175,0,0,0
2025-12-29 23:30:00+00:00,321,7.000000000061846,7.589340334365657,0,0,0
2025-12-29 23:45:00+00:00,321,8.000000000038199,7.602192724935965,0,0,0
2025-12-30 00:00:00+00:00,321,8.000000000038199,8.05056255266543,0,0,0
2025-12-30 00:15:00+00:00,321,8.999999999787178,8.916802947068582,0,0,0
2025-12-30 00:30:00+00:00,321,13.000000000147338,9.543182047407926,0,0,0
2025-12-30 00:45:00+00:00,321,22.99999999991087,11.265845430463276,0,0,0
2025-12-30 01:00:00+00:00,321,21.99999999993452,15.58298586380355,0,0,0
2025-12-30 01:15:00+00:00,321,17.00000000005275,17.35500164208714,0,0,0
2025-12-30 01:30:00+00:00,321,17.00000000005275,15.62544449955806,0,0,0
2025-12-30 01:45:00+00:00,321,15.000000000100044,15.160051700997588,0,0,0
2025-12-30 02:00:00+00:00,321,14.99999999987267,14.89518480876238,0,0,0
2025-12-30 02:15:00+00:00,321,15.000000000100044,14.910810278980406,0,0,0
2025-12-30 02:30:00+00:00,321,13.999999999896318,15.134127704074544,0,0,0
2025-12-30 02:45:00+00:00,321,14.000000000123691,14.97293718548783,0,0,0
2025-12-30 03:00:00+00:00,321,13.999999999896318,14.184179186267553,0,0,0
2025-12-30 03:15:00+00:00,321,14.000000000123691,14.03281299603545,0,0,0
2025-12-30 03:30:00+00:00,321,14.99999999987267,14.500872150770611,0,0,0
2025-12-30 03:45:00+00:00,321,14.000000000123691,14.305846253049744,0,0,0
2025-12-30 04:00:00+00:00,321,13.999999999896318,14.11301251315316,0,0,0
2025-12-30 04:15:00+00:00,321,15.000000000100044,14.351994636552703,0,0,0
2025-12-30 04:30:00+00:00,321,13.999999999896318,14.719110692316068,0,0,0
2025-12-30 04:45:00+00:00,321,15.000000000100044,14.497233168782302,0,0,0
2025-12-30 05:00:00+00:00,321,14.99999999987267,14.253421375565685,0,0,0
2025-12-30 05:15:00+00:00,321,15.000000000100044,15.025099004032974,0,0,0
2025-12-30 05:30:00+00:00,321,14.99999999987267,15.503179781326931,0,0,0
2025-12-30 05:45:00+00:00,321,15.000000000100044,15.0961491466525,0,0,0
2025-12-30 06:00:00+00:00,321,15.999999999849024,15.33294488106414,0,0,0
2025-12-30 06:15:00+00:00,321,15.000000000100044,16.704357662167546,0,0,0
2025-12-30 06:30:00+00:00,321,17.00000000005275,16.621408717631276,0,0,0
2025-12-30 06:45:00+00:00,321,15.999999999849024,16.789916428281987,0,0,0
2025-12-30 07:00:00+00:00,321,17.00000000005275,16.907593767823986,0,0,0
2025-12-30 07:15:00+00:00,321,16.000000000076398,17.048751425198592,0,0,0
2025-12-30 07:30:00+00:00,321,17.00000000005275,17.10686668288758,0,0,0
2025-12-30 07:45:00+00:00,321,15.999999999849024,16.94093764209859,1,0,1
2025-12-30 08:00:00+00:00,321,17.00000000005275,16.08887127868033,1,0,1
2025-12-30 08:15:00+00:00,321,17.00000000005275,14.149831534462884,1,0,1
2025-12-30 08:30:00+00:00,321,16.000000000076398,13.696846926071489,1,0,1
2025-12-30 08:45:00+00:00,321,11.999999999943611,12.713856821016194,0,0,0
2025-12-30 09:00:00+00:00,321,11.999999999943611,11.331160195954116,0,0,0
2025-12-30 09:15:00+00:00,321,12.999999999919964,11.112711668764437,0,0,0
2025-12-30 09:30:00+00:00,321,12.000000000170983,11.964666693640565,0,0,0
2025-12-30 09:45:00+00:00,321,11.999999999943611,11.948460878482742,0,0,0
2025-12-30 10:00:00+00:00,321,11.999999999943611,12.007160519296992,0,0,0
2025-12-30 10:15:00+00:00,321,10.999999999967258,11.851050614909868,0,0,0
2025-12-30 10:30:00+00:00,321,10.999999999967258,11.010536346341938,0,0,0
2025-12-30 10:45:00+00:00,321,9.999999999990903,10.247940020103552,0,0,0
2025-12-30 11:00:00+00:00,321,10.00000000021828,10.305275331114004,0,0,0
2025-12-30 11:15:00+00:00,321,9.999999999990903,10.226089975431842,0,0,0
2025-12-30 11:30:00+00:00,321,8.999999999787178,9.825362948269497,0,0,0
2025-12-30 11:45:00+00:00,321,9.000000000014552,9.616897392434868,0,0,0
2025-12-30 12:00:00+00:00,321,9.000000000014552,9.56468480812958,0,0,0
2025-12-30 12:15:00+00:00,321,8.000000000038199,9.370285406039546,0,0,0
2025-12-30 12:30:00+00:00,321,9.000000000014552,8.927095704937223,0,0,0
2025-12-30 12:45:00+00:00,321,8.000000000038199,8.508571529101717,0,0,0
2025-12-30 13:00:00+00:00,321,4.999999999881766,8.343306481380028,0,0,0
2025-12-30 13:15:00+00:00,321,5.000000000109139,7.515290396828694,0,0,0
2025-12-30 13:30:00+00:00,321,5.000000000109139,6.784829085201546,0,0,0
2025-12-30 13:45:00+00:00,321,3.999999999905413,6.341744088479514,0,0,0
2025-12-30 14:00:00+00:00,321,4.999999999881766,5.9998923631991765,0,0,0
2025-12-30 14:15:00+00:00,321,4.000000000132786,5.716699608436611,0,0,0
2025-12-30 14:30:00+00:00,321,1.9999999999527065,5.428789387724555,0,0,0
2025-12-30 14:45:00+00:00,321,2.9999999999290594,4.945257997487703,0,0,0
2025-12-30 15:00:00+00:00,321,2.00000000018008,4.60101912771345,0,0,0
2025-12-30 15:15:00+00:00,321,2.9999999999290594,4.382544568649608,0,0,0
2025-12-30 15:30:00+00:00,321,1.9999999999527065,4.3027910546945005,0,0,0
2025-12-30 15:45:00+00:00,321,9.000000000014552,4.68366708321161,0,0,0
2025-12-30 16:00:00+00:00,321,10.999999999967258,7.178292570478227,0,0,0
2025-12-30 16:15:00+00:00,321,6.0000000000854925,8.442951592166395,0,0,0
2025-12-30 16:30:00+00:00,321,5.999999999858119,6.93878000257357,0,0,0
2025-12-30 16:45:00+00:00,321,13.000000000147338,6.844498755853039,0,0,0
2025-12-30 17:00:00+00:00,321,15.999999999849024,11.040188742217175,0,0,0
2025-12-30 17:15:00+00:00,321,12.000000000170983,15.273352801261954,0,0,0
2025-12-30 17:30:00+00:00,321,9.999999999990903,12.291947203551263,0,0,0
2025-12-30 17:45:00+00:00,321,9.000000000014552,11.300150392878734,0,0,0
2025-12-30 18:00:00+00:00,321,9.000000000014552,10.191211590680243,0,0,0
2025-12-30 18:15:00+00:00,321,10.999999999967258,9.564496167179964,0,0,0
2025-12-30 18:30:00+00:00,321,17.00000000005275,11.682279268436604,0,0,0
2025-12-30 18:45:00+00:00,321,15.999999999849024,15.15418364063217,0,0,0
2025-12-30 19:00:00+00:00,321,16.000000000076398,13.095052298847826,0,0,0
2025-12-30 19:15:00+00:00,321,17.00000000005275,13.453200121575328,0,0,0
2025-12-30 19:30:00+00:00,321,15.999999999849024,15.975962459289786,0,0,0
2025-12-30 19:45:00+00:00,321,17.00000000005275,15.58137520468634,0,0,0
2025-12-30 20:00:00+00:00,321,17.00000000005275,15.43537057098552,0,0,0
2025-12-30 20:15:00+00:00,321,17.00000000005275,15.442564309950988,0,0,0
2025-12-30 20:30:00+00:00,321,15.999999999849024,15.96375675527764,0,0,0
2025-12-30 20:45:00+00:00,321,17.00000000005275,15.578756152969962,0,0,0
2025-12-30 21:00:00+00:00,321,16.000000000076398,15.242580674245415,0,0,0
2025-12-30 21:15:00+00:00,321,16.999999999825377,14.831763375371356,0,0,0
2025-12-30 21:30:00+00:00,321,16.000000000076398,14.969132061011784,0,0,0
2025-12-30 21:45:00+00:00,321,17.00000000005275,15.229755397206096,0,0,0
2025-12-30 22:00:00+00:00,321,16.000000000076398,15.331575359307603,0,0,0
2025-12-30 22:15:00+00:00,321,15.999999999849024,15.318132816775652,0,0,0
2025-12-30 22:30:00+00:00,321,17.00000000005275,15.368214392922283,0,0,0
2025-12-30 22:45:00+00:00,321,16.000000000076398,15.62931308123428,0,0,0
2025-12-30 23:00:00+00:00,321,16.999999999825377,15.466397680570036,0,0,0
2025-12-30 23:15:00+00:00,321,16.000000000076398,15.512624520247758,0,0,0
2025-12-30 23:30:00+00:00,321,17.00000000005275,15.360193402819965,0,0,0
2025-12-30 23:45:00+00:00,321,16.000000000076398,15.627634349847789,0,0,0
2025-12-31 00:00:00+00:00,321,15.999999999849024,15.559030193853252,0,0,0
2025-12-31 00:15:00+00:00,321,17.00000000005275,15.585047645925648,0,0,0
2025-12-31 00:30:00+00:00,321,16.000000000076398,15.645963096793338,0,0,0
2025-12-31 00:45:00+00:00,321,15.999999999849024,15.532651612623486,0,0,0
2025-12-31 01:00:00+00:00,321,17.00000000005275,15.55221489055429,0,0,0
2025-12-31 01:15:00+00:00,321,16.000000000076398,15.528508434335595,0,0,0
2025-12-31 01:30:00+00:00,321,15.999999999849024,15.410294593010285,0,0,0
2025-12-31 01:45:00+00:00,321,17.00000000005275,15.3054863736641,0,0,0
2025-12-31 02:00:00+00:00,321,16.000000000076398,15.519334830724612,0,0,0
2025-12-31 02:15:00+00:00,321,15.999999999849024,15.615880922607811,0,0,0
2025-12-31 02:30:00+00:00,321,16.000000000076398,15.390459026002365,0,0,0
2025-12-31 02:45:00+00:00,321,16.000000000076398,15.34478368708254,0,0,0
2025-12-31 03:00:00+00:00,321,17.00000000005275,15.325354246155747,0,0,0
2025-12-31 05:15:00+00:00,321,16.000000000076398,15.507384109280451,0,0,0
2025-12-31 05:30:00+00:00,321,14.99999999987267,15.944423077034749,0,0,0
2025-12-31 05:45:00+00:00,321,16.000000000076398,15.64948093321767,0,0,0
2025-12-31 06:00:00+00:00,321,14.99999999987267,15.585720292247522,0,0,0
2025-12-31 06:15:00+00:00,321,15.000000000100044,16.382207378449305,0,0,0
2025-12-31 06:30:00+00:00,321,17.00000000005275,16.842010174557856,0,0,0
2025-12-31 06:45:00+00:00,321,15.999999999849024,16.888865817400966,0,0,0
2025-12-31 07:00:00+00:00,321,17.00000000005275,17.15858430103149,0,0,0
2025-12-31 07:15:00+00:00,321,16.000000000076398,17.11861664882573,0,0,0
2025-12-31 07:30:00+00:00,321,17.00000000005275,17.17449590553395,0,0,0
2025-12-31 07:45:00+00:00,321,16.999999999825377,17.241057893450076,0,0,0
2025-12-31 08:00:00+00:00,321,17.00000000005275,17.030937258458113,0,0,0
2025-12-31 08:15:00+00:00,321,18.000000000029104,15.907313306371485,0,0,0
2025-12-31 08:30:00+00:00,321,18.000000000029104,14.77157825918934,0,0,0
2025-12-31 08:45:00+00:00,321,13.999999999896318,14.235419144759229,0,0,0
2025-12-31 09:00:00+00:00,321,11.999999999943611,13.105266600541704,0,0,0
2025-12-31 09:15:00+00:00,321,13.000000000147338,11.605076661818142,0,0,0
2025-12-31 09:30:00+00:00,321,11.999999999943611,11.894359000263108,0,0,0
2025-12-31 09:45:00+00:00,321,12.999999999919964,12.127860729101949,0,0,0
2025-12-31 10:00:00+00:00,321,12.000000000170983,12.28416042820596,0,0,0
2025-12-31 10:15:00+00:00,321,8.000000000038199,12.200306930125354,0,0,0
2025-12-31 10:30:00+00:00,321,8.999999999787178,10.804775797885746,0,0,0
2025-12-31 10:45:00+00:00,321,9.000000000014552,9.780425443522631,0,0,0
2025-12-31 11:00:00+00:00,321,9.000000000014552,9.229723092579324,0,0,0
2025-12-31 11:15:00+00:00,321,8.000000000038199,9.311189446166017,0,0,0
2025-12-31 11:30:00+00:00,321,8.000000000038199,8.721522932105191,0,0,0
2025-12-31 11:45:00+00:00,321,12.999999999919964,8.550606732265958,0,0,0
2025-12-31 12:00:00+00:00,321,9.999999999990903,8.861896027732161,0,0,0
2025-12-31 12:15:00+00:00,321,9.999999999990903,8.475386297827557,0,0,0
2025-12-31 12:30:00+00:00,321,9.000000000014552,8.67433846558844,0,0,0
2025-12-31 12:45:00+00:00,321,8.000000000038199,8.522383854045607,0,0,0
2025-12-31 13:00:00+00:00,321,7.000000000061846,8.359481144821398,0,0,0
2025-12-31 13:15:00+00:00,321,6.0000000000854925,8.233894730602849,0,0,0
2025-12-31 13:30:00+00:00,321,6.999999999834472,8.014371180753814,0,0,0
2025-12-31 13:45:00+00:00,321,6.0000000000854925,7.843165096886501,0,0,0
2025-12-31 14:00:00+00:00,321,6.0000000000854925,7.365610725912191,0,0,0
2025-12-31 14:15:00+00:00,321,6.999999999834472,7.105431878560937,0,0,0
2025-12-31 14:30:00+00:00,321,6.0000000000854925,7.046347456360163,0,0,0
2025-12-31 14:45:00+00:00,321,4.999999999881766,6.895168753310398,0,0,0
2025-12-31 15:00:00+00:00,321,6.0000000000854925,6.701647079675535,0,0,0
2025-12-31 15:15:00+00:00,321,6.0000000000854925,6.590144991036176,0,0,0
2025-12-31 15:30:00+00:00,321,5.999999999858119,6.643674312245128,0,0,0
2025-12-31 15:45:00+00:00,321,6.0000000000854925,6.586596002895391,0,0,0
2025-12-31 16:00:00+00:00,321,6.0000000000854925,6.472385157133949,0,0,0
2025-12-31 16:15:00+00:00,321,4.999999999881766,6.360133408207048,0,0,0
2025-12-31 16:30:00+00:00,321,5.000000000109139,6.233824447231941,0,0,0
2025-12-31 16:45:00+00:00,321,3.999999999905413,6.040812161849405,0,0,0
2025-12-31 17:00:00+00:00,321,4.999999999881766,5.904060453259785,0,0,0
2025-12-31 17:15:00+00:00,321,5.000000000109139,5.7803013179645,0,0,0
2025-12-31 17:30:00+00:00,321,5.000000000109139,5.899599123645552,0,0,0
2025-12-31 17:45:00+00:00,321,3.999999999905413,5.868577494455594,0,0,0
2025-12-31 18:00:00+00:00,321,4.999999999881766,5.681008394639114,0,0,0
2025-12-31 18:15:00+00:00,321,5.000000000109139,5.644647418937934,0,0,0
2025-12-31 18:30:00+00:00,321,9.000000000014552,5.896429724938551,0,0,0
2025-12-31 18:45:00+00:00,321,9.000000000014552,7.693748773350732,0,0,0
2025-12-31 19:00:00+00:00,321,9.999999999990903,9.29749768990246,0,0,0
2025-12-31 19:15:00+00:00,321,9.000000000014552,9.46881828517191,0,0,0
2025-12-31 19:30:00+00:00,321,8.000000000038199,9.501697191234308,0,0,0
2025-12-31 19:45:00+00:00,321,8.000000000038199,8.500781869338223,0,0,0
2025-12-31 20:00:00+00:00,321,8.999999999787178,8.380696617491342,0,0,0
2025-12-31 20:15:00+00:00,321,8.000000000038199,8.981941186166202,0,0,0
2025-12-31 20:30:00+00:00,321,9.000000000014552,9.118696067615833,0,0,0
2025-12-31 20:45:00+00:00,321,8.000000000038199,8.846773023162807,0,0,0
2025-12-31 21:00:00+00:00,321,9.000000000014552,8.395046021102182,0,0,0
2025-12-31 21:15:00+00:00,321,8.000000000038199,8.047155766341405,0,0,0
2025-12-31 21:30:00+00:00,321,9.000000000014552,8.006066075459795,0,0,0
2025-12-31 21:45:00+00:00,321,9.999999999990903,8.36678333791081,0,0,0
2025-12-31 22:00:00+00:00,321,9.000000000014552,9.348470551269752,0,0,0
2025-12-31 22:15:00+00:00,321,9.000000000014552,9.033416513182166,0,0,0
2025-12-31 22:30:00+00:00,321,10.999999999967258,9.283680749889466,0,0,0
2025-12-31 22:45:00+00:00,321,23.999999999887223,9.945314939996004,0,0,0
2025-12-31 23:00:00+00:00,321,20.999999999958163,16.652586970728944,0,0,0
2025-12-31 23:15:00+00:00,321,16.000000000076398,16.37504479120028,0,0,0
2025-12-31 23:30:00+00:00,321,16.000000000076398,14.64529035446702,0,0,0
2025-12-31 23:45:00+00:00,321,14.99999999987267,14.011770588456894,0,0,0
