timestamp,building_id,y_true,y_pred,over_flag,under_flag,anomaly_point
2025-10-02 08:15:00+00:00,271,69.99999999970896,65.49915111817312,0,0,0
2025-10-02 08:30:00+00:00,271,60.00000000130967,62.20052909254444,0,0,0
2025-10-02 08:45:00+00:00,271,59.99999999949068,61.844465960192565,0,0,0
2025-10-02 09:00:00+00:00,271,59.99999999949068,57.09732377015748,0,0,0
2025-10-02 09:15:00+00:00,271,59.99999999949068,56.07824006077041,0,0,0
2025-10-02 09:30:00+00:00,271,50.000000001091394,55.41103514471427,0,0,0
2025-10-02 09:45:00+00:00,271,59.99999999949068,52.36883691777024,0,0,0
2025-10-02 10:00:00+00:00,271,40.00000000087312,49.75029440300784,0,0,0
2025-10-02 10:15:00+00:00,271,49.9999999992724,50.22005823885673,0,0,0
2025-10-02 10:30:00+00:00,271,40.00000000087312,47.92841864572105,0,0,0
2025-10-02 10:45:00+00:00,271,49.9999999992724,48.16566645707181,0,0,0
2025-10-02 11:00:00+00:00,271,30.00000000065484,39.780001262086095,0,0,0
2025-10-02 11:15:00+00:00,271,39.999999999054126,39.761828291059146,0,0,0
2025-10-02 11:30:00+00:00,271,30.00000000065484,30.4829560190545,0,0,0
2025-10-02 11:45:00+00:00,271,29.999999998835847,30.475464980281178,0,0,0
2025-10-02 12:00:00+00:00,271,30.00000000065484,30.09765276007898,0,0,0
2025-10-02 12:15:00+00:00,271,20.00000000043656,29.80773558623247,0,0,0
2025-10-02 12:30:00+00:00,271,20.00000000043656,29.792973636310435,0,0,0
2025-10-02 12:45:00+00:00,271,29.999999998835847,27.14512352102205,0,0,0
2025-10-02 13:00:00+00:00,271,10.00000000021828,20.521411515596284,0,0,0
2025-10-02 13:15:00+00:00,271,30.00000000065484,20.42819416610804,0,0,0
2025-10-02 13:30:00+00:00,271,19.999999998617568,19.609901305128894,0,0,0
2025-10-02 13:45:00+00:00,271,10.00000000021828,19.924698164478404,0,0,0
2025-10-02 14:00:00+00:00,271,20.00000000043656,20.252252855289324,0,0,0
2025-10-02 14:15:00+00:00,271,20.00000000043656,19.683910126677866,0,0,0
2025-10-02 14:30:00+00:00,271,20.00000000043656,19.023513853758736,0,0,0
2025-10-02 14:45:00+00:00,271,19.999999998617568,19.00420770400333,0,0,0
2025-10-02 15:00:00+00:00,271,10.00000000021828,19.8286469110924,0,0,0
2025-10-02 15:15:00+00:00,271,20.00000000043656,19.911378529035915,0,0,0
2025-10-02 15:30:00+00:00,271,10.00000000021828,20.04811606698725,0,0,0
2025-10-02 15:45:00+00:00,271,20.00000000043656,19.937028182686756,0,0,0
2025-10-02 16:00:00+00:00,271,10.00000000021828,15.463451033757451,0,0,0
2025-10-02 16:15:00+00:00,271,19.999999998617568,19.78485586994336,0,0,0
2025-10-02 16:30:00+00:00,271,20.00000000043656,14.835826978760425,0,0,0
2025-10-02 16:45:00+00:00,271,10.00000000021828,19.261436404132763,0,0,0
2025-10-02 17:00:00+00:00,271,20.00000000043656,20.30100442460524,0,0,0
2025-10-02 17:15:00+00:00,271,19.999999998617568,19.8732418966096,0,0,0
2025-10-02 17:30:00+00:00,271,10.00000000021828,20.28696698169118,0,0,0
2025-10-02 17:45:00+00:00,271,20.00000000043656,20.333053092595996,0,0,0
2025-10-02 18:00:00+00:00,271,20.00000000043656,20.22917869484648,0,0,0
2025-10-02 18:15:00+00:00,271,20.00000000043656,20.157806619409754,0,0,0
2025-10-02 18:30:00+00:00,271,19.999999998617568,20.360701122247693,0,0,0
2025-10-02 18:45:00+00:00,271,20.00000000043656,20.456029782778984,0,0,0
2025-10-02 19:00:00+00:00,271,20.00000000043656,20.449617369366276,0,0,0
2025-10-02 19:15:00+00:00,271,20.00000000043656,20.43495782664351,0,0,0
2025-10-02 19:30:00+00:00,271,29.999999998835847,20.63926784581539,0,0,0
2025-10-02 19:45:00+00:00,271,30.00000000065484,20.36944784555796,0,0,0
2025-10-02 20:00:00+00:00,271,20.00000000043656,28.81901896119941,0,0,0
2025-10-02 20:15:00+00:00,271,19.999999998617568,29.243971512213008,0,0,0
2025-10-02 20:30:00+00:00,271,30.00000000065484,20.8355097090068,0,0,0
2025-10-02 20:45:00+00:00,271,20.00000000043656,20.48694335788802,0,0,0
2025-10-02 21:00:00+00:00,271,30.00000000065484,20.97463419607027,0,0,0
2025-10-02 21:15:00+00:00,271,19.999999998617568,20.59416656676157,0,0,0
2025-10-02 21:30:00+00:00,271,30.00000000065484,28.285545405403667,0,0,0
2025-10-02 21:45:00+00:00,271,20.00000000043656,20.71980967243229,0,0,0
2025-10-02 22:00:00+00:00,271,29.999999998835847,29.12896870596256,0,0,0
2025-10-02 22:15:00+00:00,271,20.00000000043656,20.864338771218392,0,0,0
2025-10-02 22:30:00+00:00,271,30.00000000065484,30.056714285821965,0,0,0
2025-10-02 22:45:00+00:00,271,29.999999998835847,30.014347374696523,0,0,0
2025-10-02 23:00:00+00:00,271,30.00000000065484,30.014906785986035,0,0,0
2025-10-02 23:15:00+00:00,271,30.00000000065484,30.21705476905354,0,0,0
2025-10-02 23:30:00+00:00,271,29.999999998835847,30.219257480914635,0,0,0
2025-10-02 23:45:00+00:00,271,30.00000000065484,30.351107228522885,0,0,0
2025-10-03 00:00:00+00:00,271,30.00000000065484,30.285315866908476,0,0,0
2025-10-03 00:15:00+00:00,271,39.999999999054126,30.53885790786391,0,0,0
2025-10-03 00:30:00+00:00,271,40.00000000087312,30.221431001938555,0,0,0
2025-10-03 00:45:00+00:00,271,49.9999999992724,33.11597048952044,0,0,0
2025-10-03 01:00:00+00:00,271,30.00000000065484,31.4450075321336,0,0,0
2025-10-03 01:15:00+00:00,271,49.9999999992724,39.82825706570832,0,0,0
2025-10-03 01:30:00+00:00,271,40.00000000087312,38.161513859177695,0,0,0
2025-10-03 01:45:00+00:00,271,39.999999999054126,39.69594122178186,0,0,0
2025-10-03 02:00:00+00:00,271,40.00000000087312,39.49031139393892,0,0,0
2025-10-03 02:15:00+00:00,271,29.999999998835847,40.07438463402072,0,0,0
2025-10-03 02:30:00+00:00,271,40.00000000087312,40.70892069643068,0,0,0
2025-10-03 02:45:00+00:00,271,39.999999999054126,40.65729024061544,0,0,0
2025-10-03 03:00:00+00:00,271,40.00000000087312,40.47037508917133,0,0,0
2025-10-03 03:15:00+00:00,271,49.9999999992724,40.27073656102444,0,0,0
2025-10-03 03:30:00+00:00,271,50.000000001091394,40.46880165519365,0,0,0
2025-10-03 03:45:00+00:00,271,39.999999999054126,41.84389298648812,0,0,0
2025-10-03 04:00:00+00:00,271,50.000000001091394,47.77849833428514,0,0,0
2025-10-03 04:15:00+00:00,271,39.999999999054126,43.39865439914698,0,0,0
2025-10-03 04:30:00+00:00,271,40.00000000087312,47.00339642740879,0,0,0
2025-10-03 04:45:00+00:00,271,49.9999999992724,48.03073779394883,0,0,0
2025-10-03 05:00:00+00:00,271,30.00000000065484,40.82048137658578,0,0,0
2025-10-03 05:15:00+00:00,271,49.9999999992724,44.7625268781991,0,0,0
2025-10-03 05:30:00+00:00,271,40.00000000087312,40.13376358222242,0,0,0
2025-10-03 05:45:00+00:00,271,39.999999999054126,40.87249274889927,0,0,0
2025-10-03 06:00:00+00:00,271,40.00000000087312,39.91955834778577,0,0,0
2025-10-03 06:15:00+00:00,271,39.999999999054126,40.25035848544482,0,0,0
2025-10-03 06:30:00+00:00,271,40.00000000087312,57.73456453112032,0,0,0
2025-10-03 06:45:00+00:00,271,49.9999999992724,47.19320769273155,0,0,0
2025-10-03 07:00:00+00:00,271,40.00000000087312,40.328852168076175,0,0,0
2025-10-03 07:15:00+00:00,271,39.999999999054126,40.14885859481127,0,0,0
2025-10-03 07:30:00+00:00,271,40.00000000087312,42.95378221225894,0,0,0
2025-10-03 07:45:00+00:00,271,39.999999999054126,40.84165956822704,0,0,0
2025-10-03 08:00:00+00:00,271,40.00000000087312,39.9139192522891,0,0,0
2025-10-03 08:15:00+00:00,271,39.999999999054126,39.71867370586823,0,0,0
2025-10-03 08:30:00+00:00,271,40.00000000087312,39.55316261614977,0,0,0
2025-10-03 08:45:00+00:00,271,29.999999998835847,39.620684372308986,0,0,0
2025-10-03 09:00:00+00:00,271,40.00000000087312,39.51317212629354,0,0,0
2025-10-03 09:15:00+00:00,271,29.999999998835847,30.48736048570007,0,0,0
2025-10-03 09:30:00+00:00,271,40.00000000087312,34.29984365284788,0,0,0
2025-10-03 09:45:00+00:00,271,30.00000000065484,30.165004156598275,0,0,0
2025-10-03 10:00:00+00:00,271,29.999999998835847,30.428504101337676,0,0,0
2025-10-03 10:15:00+00:00,271,40.00000000087312,30.219698693240492,0,0,0
2025-10-03 10:30:00+00:00,271,20.00000000043656,30.019386861685277,0,0,0
2025-10-03 10:45:00+00:00,271,29.999999998835847,30.367529706395825,0,0,0
2025-10-03 11:00:00+00:00,271,40.00000000087312,29.87758782398272,0,0,0
2025-10-03 11:15:00+00:00,271,19.999999998617568,28.851077199956453,0,0,0
2025-10-03 11:30:00+00:00,271,30.00000000065484,29.69297635598404,0,0,0
2025-10-03 11:45:00+00:00,271,20.00000000043656,22.83857490680612,0,0,0
2025-10-03 12:00:00+00:00,271,29.999999998835847,21.424238169810906,0,0,0
2025-10-03 12:15:00+00:00,271,20.00000000043656,20.452164150275408,0,0,0
2025-10-03 12:30:00+00:00,271,20.00000000043656,20.99636079261981,0,0,0
2025-10-03 12:45:00+00:00,271,30.00000000065484,20.478792893317475,0,0,0
2025-10-03 13:00:00+00:00,271,19.999999998617568,20.175992989509503,0,0,0
2025-10-03 13:15:00+00:00,271,20.00000000043656,20.565659082297245,0,0,0
2025-10-03 13:30:00+00:00,271,30.00000000065484,20.3576001939705,0,0,0
2025-10-03 13:45:00+00:00,271,10.00000000021828,20.1711080703963,0,0,0
2025-10-03 14:00:00+00:00,271,19.999999998617568,20.67366900815964,0,0,0
2025-10-03 14:15:00+00:00,271,20.00000000043656,20.348061011211623,0,0,0
2025-10-03 14:30:00+00:00,271,20.00000000043656,20.25553084274284,0,0,0
2025-10-03 14:45:00+00:00,271,20.00000000043656,19.85792005685974,0,0,0
2025-10-03 15:00:00+00:00,271,19.999999998617568,20.19316294422951,0,0,0
2025-10-03 15:15:00+00:00,271,10.00000000021828,19.947107156664256,0,0,0
2025-10-03 15:30:00+00:00,271,20.00000000043656,20.109272306488563,0,0,0
2025-10-03 15:45:00+00:00,271,10.00000000021828,19.790604072175707,0,0,0
2025-10-03 16:00:00+00:00,271,20.00000000043656,19.72342782067948,0,0,0
2025-10-03 16:15:00+00:00,271,20.00000000043656,19.217633878064177,0,0,0
2025-10-03 16:30:00+00:00,271,9.99999999839929,19.70873956565785,0,0,0
2025-10-03 16:45:00+00:00,271,20.00000000043656,20.149028312570746,0,0,0
2025-10-03 17:00:00+00:00,271,10.00000000021828,19.968133173121544,0,0,0
2025-10-03 17:15:00+00:00,271,20.00000000043656,20.182704010830392,0,0,0
2025-10-03 17:30:00+00:00,271,20.00000000043656,19.41589230171239,0,0,0
2025-10-03 17:45:00+00:00,271,19.999999998617568,20.05983642738308,0,0,0
2025-10-03 18:00:00+00:00,271,20.00000000043656,19.69032445424383,0,0,0
2025-10-03 18:15:00+00:00,271,20.00000000043656,20.30395700600498,0,0,0
2025-10-03 18:30:00+00:00,271,20.00000000043656,20.37403224260973,0,0,0
2025-10-03 18:45:00+00:00,271,19.999999998617568,20.336246857306172,0,0,0
2025-10-03 19:00:00+00:00,271,20.00000000043656,20.63505288034232,0,0,0
2025-10-03 19:15:00+00:00,271,20.00000000043656,20.46663993428545,0,0,0
2025-10-03 19:30:00+00:00,271,20.00000000043656,20.484602348454068,0,0,0
2025-10-03 19:45:00+00:00,271,29.999999998835847,20.53636775207396,0,0,0
2025-10-03 20:00:00+00:00,271,20.00000000043656,20.25690329062848,0,0,0
2025-10-03 20:15:00+00:00,271,20.00000000043656,20.559989360348453,0,0,0
2025-10-03 20:30:00+00:00,271,20.00000000043656,20.39194680294691,0,0,0
2025-10-03 20:45:00+00:00,271,19.999999998617568,20.307656107175145,0,0,0
2025-10-03 21:00:00+00:00,271,20.00000000043656,20.443698807494,0,0,0
2025-10-03 21:15:00+00:00,271,20.00000000043656,20.38554204614723,0,0,0
2025-10-03 21:30:00+00:00,271,29.999999998835847,20.33142797648036,0,0,0
2025-10-03 21:45:00+00:00,271,20.00000000043656,19.92706405790471,0,0,0
2025-10-03 22:00:00+00:00,271,20.00000000043656,20.373520206613343,0,0,0
2025-10-03 22:15:00+00:00,271,30.00000000065484,20.425393759892284,0,0,0
2025-10-03 22:30:00+00:00,271,19.999999998617568,20.365249150387573,0,0,0
2025-10-03 22:45:00+00:00,271,20.00000000043656,20.856867831054267,0,0,0
2025-10-03 23:00:00+00:00,271,30.00000000065484,21.59129972366797,0,0,0
2025-10-03 23:15:00+00:00,271,29.999999998835847,21.01305795148521,0,0,0
2025-10-03 23:30:00+00:00,271,20.00000000043656,26.244330176105237,0,0,0
2025-10-03 23:45:00+00:00,271,40.00000000087312,30.20253065267375,0,0,0
2025-10-04 00:00:00+00:00,271,29.999999998835847,29.68317828399708,0,0,0
2025-10-04 00:15:00+00:00,271,40.00000000087312,30.348221642487164,0,0,0
2025-10-04 00:30:00+00:00,271,30.00000000065484,30.210057103282335,0,0,0
2025-10-04 00:45:00+00:00,271,29.999999998835847,37.489818339579394,0,0,0
2025-10-04 01:00:00+00:00,271,30.00000000065484,38.8911909950997,0,0,0
2025-10-04 01:15:00+00:00,271,39.999999999054126,39.37370691995023,0,0,0
2025-10-04 01:30:00+00:00,271,40.00000000087312,30.44936932892133,0,0,0
2025-10-04 01:45:00+00:00,271,39.999999999054126,30.324702441411947,0,0,0
2025-10-04 02:00:00+00:00,271,40.00000000087312,32.908817952761126,0,0,0
2025-10-04 02:15:00+00:00,271,30.00000000065484,30.93983856055688,0,0,0
2025-10-04 02:30:00+00:00,271,29.999999998835847,39.50497380789156,0,0,0
2025-10-04 02:45:00+00:00,271,30.00000000065484,30.8668308411616,0,0,0
2025-10-04 03:00:00+00:00,271,39.999999999054126,30.588212435455947,0,0,0
2025-10-04 03:15:00+00:00,271,30.00000000065484,30.10545819852485,0,0,0
2025-10-04 03:30:00+00:00,271,30.00000000065484,30.920071099866416,0,0,0
2025-10-04 03:45:00+00:00,271,29.999999998835847,30.32642900765024,0,0,0
2025-10-04 04:00:00+00:00,271,30.00000000065484,30.519055035338177,0,0,0
2025-10-04 04:15:00+00:00,271,20.00000000043656,30.176303881815763,0,0,0
2025-10-04 04:30:00+00:00,271,29.999999998835847,30.313276860617776,0,0,0
2025-10-04 04:45:00+00:00,271,40.00000000087312,29.604443418055283,0,0,0
2025-10-04 05:00:00+00:00,271,29.999999998835847,28.68128367086259,0,0,0
2025-10-04 05:15:00+00:00,271,20.00000000043656,29.975000040334827,0,0,0
2025-10-04 05:30:00+00:00,271,20.00000000043656,30.05696121159219,0,0,0
2025-10-04 05:45:00+00:00,271,20.00000000043656,29.375376219188883,0,0,0
2025-10-04 06:00:00+00:00,271,29.999999998835847,22.751723073975786,0,0,0
2025-10-04 06:15:00+00:00,271,20.00000000043656,20.48197421603148,0,0,0
2025-10-04 06:30:00+00:00,271,20.00000000043656,20.59691911914589,0,0,0
2025-10-04 06:45:00+00:00,271,20.00000000043656,20.872239438788824,0,0,0
2025-10-04 07:00:00+00:00,271,19.999999998617568,21.0448051403379,0,0,0
2025-10-04 07:15:00+00:00,271,20.00000000043656,20.71041500824436,0,0,0
2025-10-04 07:30:00+00:00,271,30.00000000065484,20.5143712599151,0,0,0
2025-10-04 07:45:00+00:00,271,20.00000000043656,20.168904879996887,0,0,0
2025-10-04 08:00:00+00:00,271,19.999999998617568,20.285912283246283,0,0,0
2025-10-04 08:15:00+00:00,271,10.00000000021828,20.305931455090118,0,0,0
2025-10-04 08:30:00+00:00,271,20.00000000043656,20.30129154759387,0,0,0
2025-10-04 08:45:00+00:00,271,20.00000000043656,19.839788240127827,0,0,0
2025-10-04 09:00:00+00:00,271,19.999999998617568,19.677736982422346,0,0,0
2025-10-04 09:15:00+00:00,271,20.00000000043656,20.07432656754255,0,0,0
2025-10-04 09:30:00+00:00,271,20.00000000043656,20.46993323496502,0,0,0
2025-10-04 09:45:00+00:00,271,30.00000000065484,22.59125625662921,0,0,0
2025-10-04 10:00:00+00:00,271,19.999999998617568,20.538088575852477,0,0,0
2025-10-04 10:15:00+00:00,271,20.00000000043656,21.146476347688,0,0,0
2025-10-04 10:30:00+00:00,271,20.00000000043656,20.46867180796831,0,0,0
2025-10-04 10:45:00+00:00,271,20.00000000043656,20.72538272964158,0,0,0
2025-10-04 11:00:00+00:00,271,19.999999998617568,20.596621468314343,0,0,0
2025-10-04 11:15:00+00:00,271,30.00000000065484,20.519594027078263,0,0,0
2025-10-04 11:30:00+00:00,271,20.00000000043656,20.192190554374687,0,0,0
2025-10-04 11:45:00+00:00,271,20.00000000043656,20.6295286340411,0,0,0
2025-10-04 12:00:00+00:00,271,19.999999998617568,20.625254329817047,0,0,0
2025-10-04 12:15:00+00:00,271,30.00000000065484,20.624138378467904,0,0,0
2025-10-04 12:30:00+00:00,271,20.00000000043656,20.132579993628823,0,0,0
2025-10-04 12:45:00+00:00,271,20.00000000043656,20.613340639942205,0,0,0
2025-10-04 13:00:00+00:00,271,29.999999998835847,20.538390054990536,0,0,0
2025-10-04 13:15:00+00:00,271,20.00000000043656,20.261974839684296,0,0,0
2025-10-04 13:30:00+00:00,271,20.00000000043656,20.75010114773264,0,0,0
2025-10-04 13:45:00+00:00,271,19.999999998617568,20.45397781048691,0,0,0
2025-10-04 14:00:00+00:00,271,20.00000000043656,20.498907772824182,0,0,0
2025-10-04 14:15:00+00:00,271,20.00000000043656,20.330036387062133,0,0,0
2025-10-04 14:30:00+00:00,271,20.00000000043656,20.19180293834004,0,0,0
2025-10-04 14:45:00+00:00,271,10.00000000021828,19.944305793371868,0,0,0
2025-10-04 15:00:00+00:00,271,19.999999998617568,20.05088010429112,0,0,0
2025-10-04 15:15:00+00:00,271,10.00000000021828,18.32777465509266,0,0,0
2025-10-04 15:30:00+00:00,271,20.00000000043656,12.946540486203364,0,0,0
2025-10-04 15:45:00+00:00,271,10.00000000021828,11.153533988346588,0,0,0
2025-10-04 16:00:00+00:00,271,20.00000000043656,19.83427069336301,0,0,0
2025-10-04 16:15:00+00:00,271,19.999999998617568,17.41814605727742,0,0,0
2025-10-04 16:30:00+00:00,271,10.00000000021828,18.440434059217583,0,0,0
2025-10-04 16:45:00+00:00,271,10.00000000021828,20.11320397727952,0,0,0
2025-10-04 17:00:00+00:00,271,20.00000000043656,19.94627641415049,0,0,0
2025-10-04 17:15:00+00:00,271,20.00000000043656,19.88687353903307,0,0,0
2025-10-04 17:30:00+00:00,271,19.999999998617568,19.56478279869576,0,0,0
2025-10-04 17:45:00+00:00,271,20.00000000043656,20.348755848844107,0,0,0
2025-10-04 18:00:00+00:00,271,20.00000000043656,21.73918146188462,0,0,0
2025-10-04 18:15:00+00:00,271,30.00000000065484,28.984217086860276,0,0,0
2025-10-04 18:30:00+00:00,271,19.999999998617568,20.86717841757593,0,0,0
2025-10-04 18:45:00+00:00,271,20.00000000043656,21.122446067693023,0,0,0
2025-10-04 19:00:00+00:00,271,20.00000000043656,20.87932467707156,0,0,0
2025-10-04 19:15:00+00:00,271,30.00000000065484,21.320736074869984,0,0,0
2025-10-04 19:30:00+00:00,271,19.999999998617568,20.79427789076307,0,0,0
2025-10-04 19:45:00+00:00,271,20.00000000043656,28.79342577506967,0,0,0
2025-10-04 20:00:00+00:00,271,30.00000000065484,29.035007229395458,0,0,0
2025-10-04 20:15:00+00:00,271,29.999999998835847,29.24397869028773,0,0,0
2025-10-04 20:30:00+00:00,271,30.00000000065484,29.39095455547525,0,0,0
2025-10-04 20:45:00+00:00,271,30.00000000065484,29.946965351725108,0,0,0
2025-10-04 21:00:00+00:00,271,29.999999998835847,30.42457913008312,0,0,0
2025-10-04 21:15:00+00:00,271,30.00000000065484,30.41748527811073,0,0,0
2025-10-04 21:30:00+00:00,271,30.00000000065484,30.44374267542084,0,0,0
2025-10-04 21:45:00+00:00,271,29.999999998835847,30.20601728283233,0,0,0
2025-10-04 22:00:00+00:00,271,30.00000000065484,30.23784390904521,0,0,0
2025-10-04 22:15:00+00:00,271,29.999999998835847,30.385566772541488,0,0,0
2025-10-04 22:30:00+00:00,271,20.00000000043656,30.362864914907234,0,0,0
2025-10-04 22:45:00+00:00,271,40.00000000087312,30.5655938434884,0,0,0
2025-10-04 23:00:00+00:00,271,29.999999998835847,30.11002201842911,0,0,0
2025-10-04 23:15:00+00:00,271,20.00000000043656,30.380122920677085,0,0,0
2025-10-04 23:30:00+00:00,271,30.00000000065484,30.7705403186184,0,0,0
2025-10-04 23:45:00+00:00,271,29.999999998835847,30.300126627738575,0,0,0
2025-10-05 00:00:00+00:00,271,20.00000000043656,30.13408723172104,0,0,0
2025-10-05 00:15:00+00:00,271,30.00000000065484,30.501340504016408,0,0,0
2025-10-05 00:30:00+00:00,271,29.999999998835847,30.326268218776605,0,0,0
2025-10-05 00:45:00+00:00,271,40.00000000087312,29.93683852391617,0,0,0
2025-10-05 01:00:00+00:00,271,30.00000000065484,29.98514696675297,0,0,0
2025-10-05 01:15:00+00:00,271,29.999999998835847,30.243427015559096,0,0,0
2025-10-05 01:30:00+00:00,271,30.00000000065484,30.167532274513157,0,0,0
2025-10-05 01:45:00+00:00,271,30.00000000065484,30.232259366916377,0,0,0
2025-10-05 02:00:00+00:00,271,29.999999998835847,30.189421574089582,0,0,0
2025-10-05 03:00:00+00:00,271,30.00000000065484,30.18940578232521,0,0,0
2025-10-05 03:15:00+00:00,271,29.999999998835847,30.307298002917896,0,0,0
2025-10-05 03:30:00+00:00,271,30.00000000065484,30.187536133130923,0,0,0
2025-10-05 03:45:00+00:00,271,40.00000000087312,30.497961066440247,0,0,0
2025-10-05 04:00:00+00:00,271,29.999999998835847,30.128283040505902,0,0,0
2025-10-05 04:15:00+00:00,271,30.00000000065484,30.34306299945813,0,0,0
2025-10-05 04:30:00+00:00,271,30.00000000065484,30.31825940154712,0,0,0
2025-10-05 04:45:00+00:00,271,29.999999998835847,30.42523377049719,0,0,0
2025-10-05 05:00:00+00:00,271,30.00000000065484,30.318452731026127,0,0,0
2025-10-05 05:15:00+00:00,271,29.999999998835847,30.43867878297805,0,0,0
2025-10-05 05:30:00+00:00,271,40.00000000087312,30.3154704802509,0,0,0
2025-10-05 05:45:00+00:00,271,30.00000000065484,30.261128147808066,0,0,0
2025-10-05 06:00:00+00:00,271,19.999999998617568,30.53615703761754,0,0,0
2025-10-05 06:15:00+00:00,271,40.00000000087312,30.6193461381896,0,0,0
2025-10-05 06:30:00+00:00,271,39.999999999054126,30.04945246690123,0,0,0
2025-10-05 06:45:00+00:00,271,30.00000000065484,30.22549666345754,0,0,0
2025-10-05 07:00:00+00:00,271,40.00000000087312,30.734923668955624,0,0,0
2025-10-05 07:15:00+00:00,271,19.999999998617568,30.52868418330016,0,0,0
2025-10-05 07:30:00+00:00,271,40.00000000087312,35.94745872587605,0,0,0
2025-10-05 07:45:00+00:00,271,39.999999999054126,30.267983209161574,0,0,0
2025-10-05 08:00:00+00:00,271,30.00000000065484,30.12725179043841,0,0,0
2025-10-05 08:15:00+00:00,271,20.00000000043656,30.19697817261198,0,0,0
2025-10-05 08:30:00+00:00,271,29.999999998835847,30.42579461740165,0,0,0
2025-10-05 08:45:00+00:00,271,40.00000000087312,30.069674060452044,0,0,0
2025-10-05 09:00:00+00:00,271,30.00000000065484,29.450243538473853,0,0,0
2025-10-05 09:15:00+00:00,271,29.999999998835847,30.014597171696632,0,0,0
2025-10-05 09:30:00+00:00,271,20.00000000043656,29.80974927545939,0,0,0
2025-10-05 09:45:00+00:00,271,40.00000000087312,30.230095416658745,0,0,0
2025-10-05 10:00:00+00:00,271,19.999999998617568,29.110605755224803,0,0,0
2025-10-05 10:15:00+00:00,271,30.00000000065484,29.80495910693243,0,0,0
2025-10-05 10:30:00+00:00,271,39.999999999054126,28.702951407199468,0,0,0
2025-10-05 10:45:00+00:00,271,50.000000001091394,28.80392299153394,0,0,0
2025-10-05 11:00:00+00:00,271,39.999999999054126,29.82665124872334,0,0,0
2025-10-05 11:15:00+00:00,271,40.00000000087312,30.90987631961683,0,0,0
2025-10-05 11:30:00+00:00,271,30.00000000065484,30.337832575681944,0,0,0
2025-10-05 11:45:00+00:00,271,29.999999998835847,30.371031649780463,0,0,0
2025-10-05 12:00:00+00:00,271,20.00000000043656,29.150433542054135,0,0,0
2025-10-05 12:15:00+00:00,271,30.00000000065484,22.52905584652592,0,0,0
2025-10-05 12:30:00+00:00,271,29.999999998835847,21.04824295958841,0,0,0
2025-10-05 12:45:00+00:00,271,40.00000000087312,28.893330697501387,0,0,0
2025-10-05 13:00:00+00:00,271,29.999999998835847,26.52245233757887,0,0,0
2025-10-05 13:15:00+00:00,271,20.00000000043656,28.905013731908696,0,0,0
2025-10-05 13:30:00+00:00,271,30.00000000065484,28.072551829979027,0,0,0
2025-10-05 13:45:00+00:00,271,20.00000000043656,20.872633754359875,0,0,0
2025-10-05 14:00:00+00:00,271,29.999999998835847,28.37584367117418,0,0,0
2025-10-05 14:15:00+00:00,271,20.00000000043656,20.77021315600945,0,0,0
2025-10-05 14:30:00+00:00,271,30.00000000065484,29.251270178583955,0,0,0
2025-10-05 14:45:00+00:00,271,19.999999998617568,21.030909344764893,0,0,0
2025-10-05 15:00:00+00:00,271,30.00000000065484,29.412910850415702,0,0,0
2025-10-05 15:15:00+00:00,271,20.00000000043656,20.87951322116742,0,0,0
2025-10-05 15:30:00+00:00,271,19.999999998617568,21.02854536549185,0,0,0
2025-10-05 15:45:00+00:00,271,30.00000000065484,21.54670760938065,0,0,0
2025-10-05 16:00:00+00:00,271,30.00000000065484,20.80199575669741,0,0,0
2025-10-05 16:15:00+00:00,271,29.999999998835847,28.972089011820596,0,0,0
2025-10-05 16:30:00+00:00,271,30.00000000065484,29.914151979507977,0,0,0
2025-10-05 16:45:00+00:00,271,30.00000000065484,30.079189316295203,0,0,0
2025-10-05 17:00:00+00:00,271,29.999999998835847,29.73774696506262,0,0,0
2025-10-05 17:15:00+00:00,271,30.00000000065484,29.4833469049095,0,0,0
2025-10-05 17:30:00+00:00,271,30.00000000065484,29.33091426732308,0,0,0
2025-10-05 17:45:00+00:00,271,29.999999998835847,29.913043684771868,0,0,0
2025-10-05 18:00:00+00:00,271,30.00000000065484,29.94105444646587,0,0,0
2025-10-05 18:15:00+00:00,271,30.00000000065484,29.84119546371233,0,0,0
2025-10-05 18:30:00+00:00,271,29.999999998835847,29.86938950558074,0,0,0
2025-10-05 18:45:00+00:00,271,30.00000000065484,30.0102769277944,0,0,0
2025-10-05 19:00:00+00:00,271,29.999999998835847,29.81735229219828,0,0,0
2025-10-05 19:15:00+00:00,271,20.00000000043656,29.60803389102809,0,0,0
2025-10-05 19:30:00+00:00,271,40.00000000087312,29.564539065095648,0,0,0
2025-10-05 19:45:00+00:00,271,29.999999998835847,29.14265633736881,0,0,0
2025-10-05 20:00:00+00:00,271,30.00000000065484,29.66691180961463,0,0,0
2025-10-05 20:15:00+00:00,271,30.00000000065484,29.655594857017824,0,0,0
2025-10-05 20:30:00+00:00,271,29.999999998835847,29.4852036335693,0,0,0
2025-10-05 20:45:00+00:00,271,30.00000000065484,29.961934508737272,0,0,0
2025-10-05 21:00:00+00:00,271,30.00000000065484,30.1982132800014,0,0,0
2025-10-05 21:15:00+00:00,271,29.999999998835847,30.09560222340185,0,0,0
2025-10-05 21:30:00+00:00,271,30.00000000065484,29.70288162055342,0,0,0
2025-10-05 21:45:00+00:00,271,29.999999998835847,30.101411678538447,0,0,0
2025-10-05 22:00:00+00:00,271,30.00000000065484,30.02939740468382,0,0,0
2025-10-05 22:15:00+00:00,271,30.00000000065484,30.071792071031496,0,0,0
2025-10-05 22:30:00+00:00,271,29.999999998835847,29.95471862949472,0,0,0
2025-10-05 22:45:00+00:00,271,30.00000000065484,30.13011105686684,0,0,0
2025-10-05 23:00:00+00:00,271,30.00000000065484,30.17914783501813,0,0,0
2025-10-05 23:15:00+00:00,271,29.999999998835847,30.09281090941407,0,0,0
2025-10-05 23:30:00+00:00,271,20.00000000043656,29.880085793983795,0,0,0
2025-10-05 23:45:00+00:00,271,30.00000000065484,30.408375822758163,0,0,0
2025-10-06 00:00:00+00:00,271,29.999999998835847,30.11359765671417,0,0,0
2025-10-06 00:15:00+00:00,271,30.00000000065484,30.124272410893077,0,0,0
2025-10-06 00:30:00+00:00,271,40.00000000087312,30.17226597551901,0,0,0
2025-10-06 00:45:00+00:00,271,29.999999998835847,30.03747991681372,0,0,0
2025-10-06 01:00:00+00:00,271,40.00000000087312,30.2748086011396,0,0,0
2025-10-06 01:15:00+00:00,271,39.999999999054126,30.09791021369212,0,0,0
2025-10-06 01:30:00+00:00,271,40.00000000087312,30.21135777042083,0,0,0
2025-10-06 01:45:00+00:00,271,29.999999998835847,30.72446377847988,0,0,0
2025-10-06 02:00:00+00:00,271,30.00000000065484,39.29874867838553,0,0,0
2025-10-06 02:15:00+00:00,271,40.00000000087312,38.64377902995149,0,0,0
2025-10-06 02:30:00+00:00,271,29.999999998835847,31.208219117564656,0,0,0
2025-10-06 02:45:00+00:00,271,40.00000000087312,39.38467501811585,0,0,0
2025-10-06 03:00:00+00:00,271,29.999999998835847,34.5039220594756,0,0,0
2025-10-06 03:15:00+00:00,271,40.00000000087312,39.44116168074543,0,0,0
2025-10-06 03:30:00+00:00,271,39.999999999054126,36.7270263523022,0,0,0
2025-10-06 03:45:00+00:00,271,40.00000000087312,39.400166260429,0,0,0
2025-10-06 04:00:00+00:00,271,39.999999999054126,39.37260245352064,0,0,0
2025-10-06 04:15:00+00:00,271,40.00000000087312,39.524346953010976,0,0,0
2025-10-06 04:30:00+00:00,271,30.00000000065484,39.56305496018466,0,0,0
2025-10-06 04:45:00+00:00,271,39.999999999054126,39.891563856394455,0,0,0
2025-10-06 05:00:00+00:00,271,40.00000000087312,39.45823018534279,0,0,0
2025-10-06 05:15:00+00:00,271,39.999999999054126,39.406571017228686,0,0,0
2025-10-06 05:30:00+00:00,271,59.99999999949068,39.454470788345006,0,0,0
2025-10-06 05:45:00+00:00,271,70.00000000152795,43.71366085827819,0,0,0
2025-10-06 06:00:00+00:00,271,49.9999999992724,58.60702027267442,0,0,0
2025-10-06 06:15:00+00:00,271,39.999999999054126,51.23619798053373,0,0,0
2025-10-06 06:30:00+00:00,271,50.000000001091394,49.08557405787996,0,0,0
2025-10-06 06:45:00+00:00,271,59.99999999949068,48.55026195788036,0,0,0
2025-10-06 07:00:00+00:00,271,40.00000000087312,48.35870498478674,0,0,0
2025-10-06 07:15:00+00:00,271,39.999999999054126,48.96099713557368,0,0,0
2025-10-06 07:30:00+00:00,271,50.000000001091394,49.10504482481551,0,0,0
2025-10-06 07:45:00+00:00,271,49.9999999992724,48.33118328925004,0,0,0
2025-10-06 08:00:00+00:00,271,40.00000000087312,44.37230568096668,0,0,0
2025-10-06 08:15:00+00:00,271,49.9999999992724,46.50109868571836,0,0,0
2025-10-06 08:30:00+00:00,271,39.999999999054126,41.66596478458808,0,0,0
2025-10-06 08:45:00+00:00,271,40.00000000087312,42.84728255331673,0,0,0
2025-10-06 09:00:00+00:00,271,39.999999999054126,40.11435215403786,0,0,0
2025-10-06 09:15:00+00:00,271,40.00000000087312,39.77095305963777,0,0,0
2025-10-06 09:30:00+00:00,271,40.00000000087312,39.60085565871427,0,0,0
2025-10-06 09:45:00+00:00,271,39.999999999054126,39.59559173725608,0,0,0
2025-10-06 10:00:00+00:00,271,40.00000000087312,39.39398545956045,0,0,0
2025-10-06 10:15:00+00:00,271,29.999999998835847,39.33999293862543,0,0,0
2025-10-06 10:30:00+00:00,271,40.00000000087312,39.37787020328535,0,0,0
2025-10-06 10:45:00+00:00,271,39.999999999054126,37.060027766207405,0,0,0
2025-10-06 11:00:00+00:00,271,40.00000000087312,38.529517479550016,0,0,0
2025-10-06 11:15:00+00:00,271,39.999999999054126,32.194392789995085,0,0,0
2025-10-06 11:30:00+00:00,271,40.00000000087312,37.616676932568645,0,0,0
2025-10-06 11:45:00+00:00,271,29.999999998835847,39.254317352971846,0,0,0
2025-10-06 12:00:00+00:00,271,40.00000000087312,39.35136492312839,0,0,0
2025-10-06 12:15:00+00:00,271,39.999999999054126,31.36781068833422,0,0,0
2025-10-06 12:30:00+00:00,271,30.00000000065484,33.7754364839564,0,0,0
2025-10-06 12:45:00+00:00,271,40.00000000087312,39.3010571472141,0,0,0
2025-10-06 13:00:00+00:00,271,39.999999999054126,37.47817263116061,0,0,0
2025-10-06 13:15:00+00:00,271,40.00000000087312,33.382998697251764,0,0,0
2025-10-06 13:30:00+00:00,271,39.999999999054126,33.65230570443618,0,0,0
2025-10-06 13:45:00+00:00,271,30.00000000065484,37.9383896276376,0,0,0
2025-10-06 14:00:00+00:00,271,39.999999999054126,39.25202419736933,0,0,0
2025-10-06 14:15:00+00:00,271,30.00000000065484,30.800708331033636,0,0,0
2025-10-06 14:30:00+00:00,271,30.00000000065484,31.04929175797545,0,0,0
2025-10-06 14:45:00+00:00,271,39.999999999054126,30.533400656926705,0,0,0
2025-10-06 15:00:00+00:00,271,30.00000000065484,30.41939943136825,0,0,0
2025-10-06 15:15:00+00:00,271,39.999999999054126,30.85116541090201,0,0,0
2025-10-06 15:30:00+00:00,271,30.00000000065484,30.3940455143957,0,0,0
2025-10-06 15:45:00+00:00,271,30.00000000065484,30.95782011625808,0,0,0
2025-10-06 16:00:00+00:00,271,39.999999999054126,30.38896917995674,0,0,0
2025-10-06 16:15:00+00:00,271,20.00000000043656,30.343635331282133,0,0,0
2025-10-06 16:30:00+00:00,271,30.00000000065484,30.741461459406704,0,0,0
2025-10-06 16:45:00+00:00,271,29.999999998835847,30.350302327078094,0,0,0
2025-10-06 17:00:00+00:00,271,30.00000000065484,30.435263933566624,0,0,0
2025-10-06 17:15:00+00:00,271,39.999999999054126,30.211914789018767,0,0,0
2025-10-06 17:30:00+00:00,271,30.00000000065484,30.173535059128756,0,0,0
2025-10-06 17:45:00+00:00,271,30.00000000065484,30.357752211556384,0,0,0
2025-10-06 18:00:00+00:00,271,29.999999998835847,30.24328106137321,0,0,0
2025-10-06 18:15:00+00:00,271,40.00000000087312,30.422691774971195,0,0,0
2025-10-06 18:30:00+00:00,271,29.999999998835847,30.076625308006747,0,0,0
2025-10-06 18:45:00+00:00,271,30.00000000065484,30.459477972274325,0,0,0
2025-10-06 19:00:00+00:00,271,30.00000000065484,30.325561896224578,0,0,0
2025-10-06 19:15:00+00:00,271,29.999999998835847,30.14757052726705,0,0,0
2025-10-06 19:30:00+00:00,271,40.00000000087312,29.76033397350142,0,0,0
2025-10-06 19:45:00+00:00,271,29.999999998835847,29.1225213592529,0,0,0
2025-10-06 20:00:00+00:00,271,20.00000000043656,29.25382844441264,0,0,0
2025-10-06 20:15:00+00:00,271,20.00000000043656,21.917036925960865,0,0,0
2025-10-06 20:30:00+00:00,271,30.00000000065484,20.56062294507669,0,0,0
2025-10-06 20:45:00+00:00,271,19.999999998617568,20.427524212467908,0,0,0
2025-10-06 21:00:00+00:00,271,30.00000000065484,20.70437106933372,0,0,0
2025-10-06 21:15:00+00:00,271,20.00000000043656,20.41150370677905,0,0,0
2025-10-06 21:30:00+00:00,271,20.00000000043656,20.686344531030976,0,0,0
2025-10-06 21:45:00+00:00,271,29.999999998835847,20.540918651443725,0,0,0
2025-10-06 22:00:00+00:00,271,20.00000000043656,20.13048590996509,0,0,0
2025-10-06 22:15:00+00:00,271,20.00000000043656,20.335294566060558,0,0,0
2025-10-06 22:30:00+00:00,271,19.999999998617568,20.43150852247345,0,0,0
2025-10-06 22:45:00+00:00,271,20.00000000043656,20.859553388074573,0,0,0
2025-10-06 23:00:00+00:00,271,20.00000000043656,20.87351235070508,0,0,0
2025-10-06 23:15:00+00:00,271,30.00000000065484,21.17242652340028,0,0,0
2025-10-06 23:30:00+00:00,271,19.999999998617568,20.508607744456693,0,0,0
2025-10-06 23:45:00+00:00,271,20.00000000043656,23.18363596477205,0,0,0
2025-10-07 00:00:00+00:00,271,20.00000000043656,24.76414943828103,0,0,0
2025-10-07 00:15:00+00:00,271,20.00000000043656,21.09227901235442,0,0,0
2025-10-07 00:30:00+00:00,271,29.999999998835847,21.07235171986695,0,0,0
2025-10-07 00:45:00+00:00,271,20.00000000043656,20.611423615454797,0,0,0
2025-10-07 01:00:00+00:00,271,20.00000000043656,20.976771348182297,0,0,0
2025-10-07 01:15:00+00:00,271,29.999999998835847,20.90924480663994,0,0,0
2025-10-07 01:30:00+00:00,271,30.00000000065484,20.43683848221903,0,0,0
2025-10-07 01:45:00+00:00,271,20.00000000043656,20.232656711315407,0,0,0
2025-10-07 02:00:00+00:00,271,30.00000000065484,20.737557701436067,0,0,0
2025-10-07 09:30:00+00:00,271,30.00000000065484,20.3698153629834,0,0,0
2025-10-07 09:45:00+00:00,271,29.999999998835847,24.919876812161966,0,0,0
2025-10-07 10:00:00+00:00,271,30.00000000065484,30.007065935704897,0,0,0
2025-10-07 10:15:00+00:00,271,30.00000000065484,29.889582386832693,0,0,0
2025-10-07 10:30:00+00:00,271,39.999999999054126,29.99021995142373,0,0,0
2025-10-07 10:45:00+00:00,271,30.00000000065484,30.202082262273173,0,0,0
2025-10-07 11:00:00+00:00,271,29.999999998835847,30.130863797635364,0,0,0
2025-10-07 11:15:00+00:00,271,30.00000000065484,30.004444502818718,0,0,0
2025-10-07 11:30:00+00:00,271,30.00000000065484,30.164528010975467,0,0,0
2025-10-07 11:45:00+00:00,271,29.999999998835847,29.964223836033277,0,0,0
2025-10-07 12:00:00+00:00,271,30.00000000065484,29.992079551313413,0,0,0
2025-10-07 12:15:00+00:00,271,20.00000000043656,29.26515257508416,0,0,0
2025-10-07 12:30:00+00:00,271,29.999999998835847,29.31727257559501,0,0,0
2025-10-07 12:45:00+00:00,271,30.00000000065484,28.919350261269248,0,0,0
2025-10-07 13:00:00+00:00,271,30.00000000065484,22.60160608329265,0,0,0
2025-10-07 13:15:00+00:00,271,19.999999998617568,27.399359442533346,0,0,0
2025-10-07 13:30:00+00:00,271,30.00000000065484,29.26484296079476,0,0,0
2025-10-07 13:45:00+00:00,271,20.00000000043656,20.839271977234464,0,0,0
2025-10-07 14:00:00+00:00,271,20.00000000043656,20.78012559865355,0,0,0
2025-10-07 14:15:00+00:00,271,29.999999998835847,20.354866783118755,0,0,0
2025-10-07 14:30:00+00:00,271,20.00000000043656,20.06036473368216,0,0,0
2025-10-07 14:45:00+00:00,271,20.00000000043656,20.572729964430543,0,0,0
2025-10-07 15:00:00+00:00,271,20.00000000043656,20.42075768070256,0,0,0
2025-10-07 15:15:00+00:00,271,19.999999998617568,20.504126711680826,0,0,0
2025-10-07 15:30:00+00:00,271,20.00000000043656,20.291039342746565,0,0,0
2025-10-07 15:45:00+00:00,271,20.00000000043656,20.31418719808982,0,0,0
2025-10-07 16:00:00+00:00,271,20.00000000043656,20.136107778082447,0,0,0
2025-10-07 16:15:00+00:00,271,19.999999998617568,20.131538694256733,0,0,0
2025-10-07 16:30:00+00:00,271,20.00000000043656,20.23079806850235,0,0,0
2025-10-07 16:45:00+00:00,271,20.00000000043656,20.306241547917832,0,0,0
2025-10-07 17:00:00+00:00,271,20.00000000043656,20.27234763618683,0,0,0
2025-10-07 17:15:00+00:00,271,19.999999998617568,20.285044214743998,0,0,0
2025-10-07 17:30:00+00:00,271,20.00000000043656,20.27289508401848,0,0,0
2025-10-07 19:30:00+00:00,271,30.00000000065484,20.368164405798787,0,0,0
2025-10-07 19:45:00+00:00,271,20.00000000043656,20.104207456969156,0,0,0
2025-10-07 20:00:00+00:00,271,10.00000000021828,20.32530555728616,0,0,0
2025-10-07 20:15:00+00:00,271,19.999999998617568,20.692152072014306,0,0,0
2025-10-07 20:30:00+00:00,271,10.00000000021828,20.050579582229688,0,0,0
2025-10-07 20:45:00+00:00,271,20.00000000043656,13.435560703822969,0,0,0
2025-10-07 21:00:00+00:00,271,10.00000000021828,10.822810416817834,0,0,0
2025-10-07 21:15:00+00:00,271,20.00000000043656,10.81693396631723,0,0,0
2025-10-07 21:30:00+00:00,271,20.00000000043656,10.386877325642445,0,0,0
2025-10-07 21:45:00+00:00,271,9.99999999839929,10.249716759821194,0,0,0
2025-10-07 22:00:00+00:00,271,10.00000000021828,10.30183341056384,0,0,0
2025-10-07 22:15:00+00:00,271,20.00000000043656,10.478017818846268,0,0,0
2025-10-07 22:30:00+00:00,271,10.00000000021828,10.5366291915917,0,0,0
2025-10-07 22:45:00+00:00,271,10.00000000021828,10.596603441456493,0,0,0
2025-10-07 23:00:00+00:00,271,20.00000000043656,13.444273929451224,0,0,0
2025-10-07 23:15:00+00:00,271,9.99999999839929,10.847384316337948,0,0,0
2025-10-07 23:30:00+00:00,271,10.00000000021828,19.463683923169658,0,0,0
2025-10-07 23:45:00+00:00,271,20.00000000043656,19.571634510281072,0,0,0
2025-10-08 00:00:00+00:00,271,10.00000000021828,11.013364373604505,0,0,0
2025-10-08 00:15:00+00:00,271,20.00000000043656,18.283519431778668,0,0,0
2025-10-08 00:30:00+00:00,271,10.00000000021828,16.703540964105166,0,0,0
2025-10-08 00:45:00+00:00,271,19.999999998617568,16.132041796772043,0,0,0
2025-10-08 01:00:00+00:00,271,10.00000000021828,11.07465938921699,0,0,0
2025-10-08 01:15:00+00:00,271,20.00000000043656,18.668272850230966,0,0,0
2025-10-08 01:30:00+00:00,271,10.00000000021828,10.89828356560881,0,0,0
2025-10-08 01:45:00+00:00,271,10.00000000021828,13.495362679894583,0,0,0
2025-10-08 02:00:00+00:00,271,20.00000000043656,11.46989949629064,0,0,0
2025-10-08 04:45:00+00:00,271,19.999999998617568,10.696300199721453,0,0,0
2025-10-08 05:00:00+00:00,271,20.00000000043656,11.799943543412972,0,0,0
2025-10-08 05:15:00+00:00,271,10.00000000021828,11.919266115027344,0,0,0
2025-10-08 05:30:00+00:00,271,20.00000000043656,19.87540010440746,0,0,0
2025-10-08 05:45:00+00:00,271,20.00000000043656,18.786756065641917,0,0,0
2025-10-08 06:00:00+00:00,271,9.99999999839929,19.73747579143646,0,0,0
2025-10-08 06:15:00+00:00,271,20.00000000043656,19.96285776674381,0,0,0
2025-10-08 06:30:00+00:00,271,59.99999999949068,19.73491561145452,0,0,0
2025-10-08 06:45:00+00:00,271,60.00000000130967,70.64010737110499,0,0,0
2025-10-08 07:00:00+00:00,271,39.999999999054126,45.88637219537054,0,0,0
2025-10-08 07:15:00+00:00,271,30.00000000065484,37.21107838514189,0,0,0
2025-10-08 07:30:00+00:00,271,30.00000000065484,30.38140348920637,0,0,0
2025-10-08 07:45:00+00:00,271,29.999999998835847,30.12569175553353,0,0,0
2025-10-08 08:00:00+00:00,271,30.00000000065484,30.013487919883897,0,0,0
2025-10-08 08:15:00+00:00,271,29.999999998835847,30.05569308505908,0,0,0
2025-10-08 08:30:00+00:00,271,30.00000000065484,30.25310066758432,0,0,0
2025-10-08 08:45:00+00:00,271,30.00000000065484,30.01417988628649,0,0,0
2025-10-08 09:45:00+00:00,271,19.999999998617568,29.55476300587115,0,0,0
2025-10-08 10:00:00+00:00,271,30.00000000065484,29.44795612533111,0,0,0
2025-10-08 10:15:00+00:00,271,30.00000000065484,21.14529914343462,0,0,0
2025-10-08 10:30:00+00:00,271,29.999999998835847,21.037436607373056,0,0,0
2025-10-08 10:45:00+00:00,271,30.00000000065484,21.05557225241148,0,0,0
2025-10-08 11:00:00+00:00,271,30.00000000065484,24.605819294508173,0,0,0
2025-10-08 11:15:00+00:00,271,19.999999998617568,28.377726240902955,0,0,0
2025-10-08 11:30:00+00:00,271,30.00000000065484,29.231686955144525,0,0,0
2025-10-08 11:45:00+00:00,271,30.00000000065484,20.969067838397383,0,0,0
2025-10-08 12:00:00+00:00,271,19.999999998617568,20.71047817530185,0,0,0
2025-10-08 12:15:00+00:00,271,20.00000000043656,25.92276247814554,0,0,0
2025-10-08 12:30:00+00:00,271,20.00000000043656,21.00647709258584,0,0,0
2025-10-08 12:45:00+00:00,271,20.00000000043656,20.56675302088392,0,0,0
2025-10-08 13:00:00+00:00,271,19.999999998617568,20.298806019588973,0,0,0
2025-10-08 13:15:00+00:00,271,20.00000000043656,20.3547184362413,0,0,0
2025-10-08 13:30:00+00:00,271,20.00000000043656,20.307274233600268,0,0,0
2025-10-08 13:45:00+00:00,271,20.00000000043656,20.332178324557304,0,0,0
2025-10-08 14:00:00+00:00,271,19.999999998617568,20.223142412548874,0,0,0
2025-10-08 14:15:00+00:00,271,20.00000000043656,20.06236406675964,0,0,0
2025-10-08 14:30:00+00:00,271,20.00000000043656,20.058932947045527,0,0,0
2025-10-08 14:45:00+00:00,271,20.00000000043656,19.937864667660293,0,0,0
2025-10-08 15:00:00+00:00,271,20.00000000043656,20.01802844900884,0,0,0
2025-10-08 15:15:00+00:00,271,19.999999998617568,20.116876280304083,0,0,0
2025-10-08 15:30:00+00:00,271,20.00000000043656,20.158430633371708,0,0,0
2025-10-08 15:45:00+00:00,271,10.00000000021828,20.18222451543938,0,0,0
2025-10-08 16:00:00+00:00,271,20.00000000043656,20.30332150712348,0,0,0
2025-10-08 16:15:00+00:00,271,19.999999998617568,20.056163167281888,0,0,0
2025-10-08 16:30:00+00:00,271,10.00000000021828,19.97646931055807,0,0,0
2025-10-08 16:45:00+00:00,271,20.00000000043656,20.300716344539985,0,0,0
2025-10-08 17:00:00+00:00,271,30.00000000065484,20.16077355695892,0,0,0
2025-10-08 17:15:00+00:00,271,19.999999998617568,19.83742521793141,0,0,0
2025-10-08 17:30:00+00:00,271,20.00000000043656,20.28799966737361,0,0,0
2025-10-08 17:45:00+00:00,271,20.00000000043656,20.44602833200841,0,0,0
2025-10-08 18:00:00+00:00,271,10.00000000021828,20.359982357699494,0,0,0
2025-10-08 18:15:00+00:00,271,30.00000000065484,20.729523043137604,0,0,0
2025-10-08 18:30:00+00:00,271,19.999999998617568,20.24810201395038,0,0,0
2025-10-08 18:45:00+00:00,271,20.00000000043656,20.38856736537075,0,0,0
2025-10-08 19:00:00+00:00,271,30.00000000065484,20.41239283096717,0,0,0
2025-10-08 19:15:00+00:00,271,29.999999998835847,20.293864632954676,0,0,0
2025-10-08 19:30:00+00:00,271,20.00000000043656,20.209706013757675,0,0,0
2025-10-08 19:45:00+00:00,271,20.00000000043656,20.739440271164845,0,0,0
2025-10-08 20:00:00+00:00,271,20.00000000043656,20.267400507092752,0,0,0
2025-10-08 20:15:00+00:00,271,19.999999998617568,20.005690774187457,0,0,0
2025-10-08 22:00:00+00:00,271,20.00000000043656,19.64065122013441,0,0,0
2025-10-08 22:15:00+00:00,271,10.00000000021828,17.92581012762532,0,0,0
2025-10-08 22:30:00+00:00,271,19.999999998617568,20.2457734465126,0,0,0
2025-10-08 22:45:00+00:00,271,10.00000000021828,20.06388390444612,0,0,0
2025-10-08 23:00:00+00:00,271,20.00000000043656,19.54829236838217,0,0,0
2025-10-08 23:15:00+00:00,271,10.00000000021828,10.89761744027519,0,0,0
2025-10-08 23:30:00+00:00,271,20.00000000043656,11.010016519557093,0,0,0
2025-10-08 23:45:00+00:00,271,10.00000000021828,10.627333257852808,0,0,0
2025-10-09 00:00:00+00:00,271,19.999999998617568,12.37985541431292,0,0,0
2025-10-09 00:15:00+00:00,271,10.00000000021828,11.267697916931926,0,0,0
2025-10-09 00:30:00+00:00,271,20.00000000043656,19.66285252669182,0,0,0
2025-10-09 00:45:00+00:00,271,10.00000000021828,19.568121081976884,0,0,0
2025-10-09 01:00:00+00:00,271,20.00000000043656,19.8521555843247,0,0,0
2025-10-09 01:15:00+00:00,271,19.999999998617568,18.857438088829305,0,0,0
2025-10-09 01:30:00+00:00,271,10.00000000021828,14.535136471842248,0,0,0
2025-10-09 01:45:00+00:00,271,20.00000000043656,19.971505911161305,0,0,0
2025-10-09 02:00:00+00:00,271,30.00000000065484,15.550912524400312,0,0,0
2025-10-09 02:15:00+00:00,271,10.00000000021828,14.316771782376986,0,0,0
2025-10-09 02:30:00+00:00,271,19.999999998617568,20.050062760850157,0,0,0
2025-10-09 02:45:00+00:00,271,20.00000000043656,20.120332284010548,0,0,0
2025-10-09 03:00:00+00:00,271,20.00000000043656,19.72562909692563,0,0,0
2025-10-09 03:15:00+00:00,271,10.00000000021828,19.93446513147493,0,0,0
2025-10-09 03:30:00+00:00,271,19.999999998617568,20.25623907944812,0,0,0
2025-10-09 03:45:00+00:00,271,20.00000000043656,19.90772249631404,0,0,0
2025-10-09 04:00:00+00:00,271,10.00000000021828,19.79612640432367,0,0,0
2025-10-09 04:15:00+00:00,271,20.00000000043656,20.32808395073945,0,0,0
2025-10-09 04:30:00+00:00,271,20.00000000043656,19.89007496035628,0,0,0
2025-10-09 04:45:00+00:00,271,19.999999998617568,20.204358826632777,0,0,0
2025-10-09 05:00:00+00:00,271,20.00000000043656,19.96113120050552,0,0,0
2025-10-09 05:15:00+00:00,271,10.00000000021828,20.2031816223794,0,0,0
2025-10-09 05:30:00+00:00,271,30.00000000065484,20.284561848123097,0,0,0
2025-10-09 05:45:00+00:00,271,19.999999998617568,19.769217237829373,0,0,0
2025-10-09 06:00:00+00:00,271,20.00000000043656,20.2016311582408,0,0,0
2025-10-09 06:15:00+00:00,271,20.00000000043656,20.17834261263312,0,0,0
2025-10-09 07:30:00+00:00,271,30.00000000065484,20.714338065345657,0,0,0
2025-10-09 07:45:00+00:00,271,30.00000000065484,29.440314825527068,0,0,0
2025-10-09 08:00:00+00:00,271,19.999999998617568,30.29221734647848,0,0,0
2025-10-09 08:15:00+00:00,271,20.00000000043656,30.200251853220664,0,0,0
2025-10-09 08:30:00+00:00,271,30.00000000065484,29.77999567722441,0,0,0
2025-10-09 08:45:00+00:00,271,39.999999999054126,30.08744649490985,0,0,0
2025-10-09 09:00:00+00:00,271,30.00000000065484,29.1718811507664,0,0,0
2025-10-09 09:15:00+00:00,271,20.00000000043656,30.05065694783853,0,0,0
2025-10-09 09:30:00+00:00,271,29.999999998835847,30.057453627517685,0,0,0
2025-10-09 09:45:00+00:00,271,40.00000000087312,29.941228634412305,0,0,0
2025-10-09 10:00:00+00:00,271,30.00000000065484,29.380017083761757,0,0,0
2025-10-09 10:15:00+00:00,271,29.999999998835847,30.023562587016567,0,0,0
2025-10-09 10:30:00+00:00,271,20.00000000043656,29.68553747788698,0,0,0
2025-10-09 10:45:00+00:00,271,30.00000000065484,30.40923719172405,0,0,0
2025-10-09 11:00:00+00:00,271,19.999999998617568,29.56573828211149,0,0,0
2025-10-09 11:15:00+00:00,271,30.00000000065484,28.88579706881808,0,0,0
2025-10-09 11:30:00+00:00,271,20.00000000043656,20.64617315369191,0,0,0
2025-10-09 11:45:00+00:00,271,29.999999998835847,26.398197950096485,0,0,0
2025-10-09 12:00:00+00:00,271,20.00000000043656,20.69038052317447,0,0,0
2025-10-09 12:15:00+00:00,271,20.00000000043656,20.523992751264053,0,0,0
2025-10-09 12:30:00+00:00,271,20.00000000043656,20.18207999686844,0,0,0
2025-10-09 12:45:00+00:00,271,19.999999998617568,20.35229990360041,0,0,0
2025-10-09 13:00:00+00:00,271,20.00000000043656,20.68366184524055,0,0,0
2025-10-09 13:15:00+00:00,271,30.00000000065484,20.438855999752462,0,0,0
2025-10-09 13:30:00+00:00,271,20.00000000043656,20.04822134541641,0,0,0
2025-10-09 13:45:00+00:00,271,19.999999998617568,20.549288286562252,0,0,0
2025-10-09 14:00:00+00:00,271,30.00000000065484,20.91157720238424,0,0,0
2025-10-09 14:15:00+00:00,271,30.00000000065484,20.33881086559463,0,0,0
2025-10-09 14:30:00+00:00,271,19.999999998617568,20.14041079460536,0,0,0
2025-10-09 14:45:00+00:00,271,30.00000000065484,20.860406143350804,0,0,0
2025-10-09 15:00:00+00:00,271,30.00000000065484,20.750929976093143,0,0,0
2025-10-09 15:15:00+00:00,271,29.999999998835847,20.65441932592533,0,0,0
2025-10-09 15:30:00+00:00,271,20.00000000043656,20.903624852675847,0,0,0
2025-10-09 15:45:00+00:00,271,30.00000000065484,25.805145417083622,0,0,0
2025-10-09 16:00:00+00:00,271,29.999999998835847,22.009339310192004,0,0,0
2025-10-09 16:15:00+00:00,271,20.00000000043656,21.008813316636648,0,0,0
2025-10-09 16:30:00+00:00,271,30.00000000065484,27.186156267327,0,0,0
2025-10-09 16:45:00+00:00,271,20.00000000043656,20.94260179838221,0,0,0
2025-10-09 17:00:00+00:00,271,29.999999998835847,29.60994230182584,0,0,0
2025-10-09 17:15:00+00:00,271,30.00000000065484,22.36489519193064,0,0,0
2025-10-09 17:30:00+00:00,271,20.00000000043656,27.981901838547444,0,0,0
2025-10-09 17:45:00+00:00,271,29.999999998835847,29.213083778172948,0,0,0
2025-10-09 18:00:00+00:00,271,20.00000000043656,29.12776709625515,0,0,0
2025-10-09 18:15:00+00:00,271,30.00000000065484,29.16365220591229,0,0,0
2025-10-09 18:30:00+00:00,271,19.999999998617568,20.949866967071145,0,0,0
2025-10-09 18:45:00+00:00,271,30.00000000065484,29.24838842085475,0,0,0
2025-10-09 19:00:00+00:00,271,30.00000000065484,23.412524190308872,0,0,0
2025-10-09 19:15:00+00:00,271,29.999999998835847,24.076946884605203,0,0,0
2025-10-09 19:30:00+00:00,271,20.00000000043656,21.03998625951208,0,0,0
2025-10-09 19:45:00+00:00,271,30.00000000065484,21.746226502948943,0,0,0
2025-10-09 20:00:00+00:00,271,19.999999998617568,20.723654249250032,0,0,0
2025-10-09 20:15:00+00:00,271,20.00000000043656,20.534045884172578,0,0,0
2025-10-09 20:30:00+00:00,271,20.00000000043656,20.200284551424133,0,0,0
2025-10-09 20:45:00+00:00,271,20.00000000043656,20.125926396905665,0,0,0
2025-10-09 21:00:00+00:00,271,20.00000000043656,20.430861538672406,0,0,0
2025-10-09 21:15:00+00:00,271,19.999999998617568,20.36683502636144,0,0,0
2025-10-09 21:30:00+00:00,271,30.00000000065484,20.30753551551992,0,0,0
2025-10-09 21:45:00+00:00,271,20.00000000043656,15.066642278089258,0,0,0
2025-10-09 22:00:00+00:00,271,10.00000000021828,20.13128315479685,0,0,0
2025-10-09 22:15:00+00:00,271,19.999999998617568,20.36207357013334,0,0,0
2025-10-09 22:30:00+00:00,271,20.00000000043656,20.232751461901653,0,0,0
2025-10-09 22:45:00+00:00,271,10.00000000021828,20.05605214639295,0,0,0
2025-10-09 23:00:00+00:00,271,20.00000000043656,20.53299214280431,0,0,0
2025-10-09 23:15:00+00:00,271,19.999999998617568,20.49234414130413,0,0,0
2025-10-09 23:30:00+00:00,271,10.00000000021828,20.362825832363548,0,0,0
2025-10-09 23:45:00+00:00,271,20.00000000043656,20.51912314537691,0,0,0
2025-10-10 00:00:00+00:00,271,10.00000000021828,20.350775280530797,0,0,0
2025-10-10 00:15:00+00:00,271,20.00000000043656,20.30137864156709,0,0,0
2025-10-10 00:30:00+00:00,271,20.00000000043656,19.63026980994222,0,0,0
2025-10-10 00:45:00+00:00,271,19.999999998617568,19.45495825554523,0,0,0
2025-10-10 01:00:00+00:00,271,20.00000000043656,19.452817275126684,0,0,0
2025-10-10 01:15:00+00:00,271,20.00000000043656,20.19818951068377,0,0,0
2025-10-10 01:30:00+00:00,271,20.00000000043656,20.153065261790864,0,0,0
2025-10-10 01:45:00+00:00,271,19.999999998617568,19.93516762572044,0,0,0
2025-10-10 02:00:00+00:00,271,20.00000000043656,20.1253818203039,0,0,0
2025-10-10 02:15:00+00:00,271,20.00000000043656,19.91125985153395,0,0,0
2025-10-10 03:45:00+00:00,271,29.999999998835847,20.19254467272733,0,0,0
2025-10-10 04:00:00+00:00,271,0.0,20.029952666726597,0,0,0
2025-10-10 04:15:00+00:00,271,20.00000000043656,20.75996190823878,0,0,0
2025-10-10 04:30:00+00:00,271,10.00000000021828,20.657949024532208,0,0,0
2025-10-10 04:45:00+00:00,271,20.00000000043656,20.535273813487283,0,0,0
2025-10-10 05:00:00+00:00,271,20.00000000043656,19.80139223993512,0,0,0
2025-10-10 05:15:00+00:00,271,19.999999998617568,19.664115867841787,0,0,0
2025-10-10 05:30:00+00:00,271,20.00000000043656,18.44682733109772,0,0,0
2025-10-10 07:15:00+00:00,271,30.00000000065484,20.03023117602556,0,0,0
2025-10-10 07:30:00+00:00,271,30.00000000065484,19.891240679690117,0,0,0
2025-10-10 07:45:00+00:00,271,29.999999998835847,25.399977554139817,0,0,0
2025-10-10 08:00:00+00:00,271,30.00000000065484,28.715692968358187,0,0,0
2025-10-10 08:15:00+00:00,271,30.00000000065484,21.786505072870423,0,0,0
2025-10-10 08:30:00+00:00,271,29.999999998835847,29.66185605232319,0,0,0
2025-10-10 08:45:00+00:00,271,30.00000000065484,28.39150527312725,0,0,0
2025-10-10 09:00:00+00:00,271,30.00000000065484,21.104490353060804,0,0,0
2025-10-10 09:15:00+00:00,271,29.999999998835847,27.001984576039234,0,0,0
2025-10-10 09:30:00+00:00,271,30.00000000065484,29.63872446728262,0,0,0
2025-10-10 09:45:00+00:00,271,20.00000000043656,27.50654676103332,0,0,0
2025-10-10 10:00:00+00:00,271,29.999999998835847,29.8556621554944,0,0,0
2025-10-10 10:15:00+00:00,271,30.00000000065484,20.958588806389063,0,0,0
2025-10-10 10:30:00+00:00,271,20.00000000043656,21.03893730352696,0,0,0
2025-10-10 10:45:00+00:00,271,19.999999998617568,21.199856339580617,0,0,0
2025-10-10 11:00:00+00:00,271,30.00000000065484,20.856834333372262,0,0,0
2025-10-10 11:15:00+00:00,271,20.00000000043656,20.24528916573845,0,0,0
2025-10-10 11:30:00+00:00,271,20.00000000043656,20.806828993672664,0,0,0
2025-10-10 11:45:00+00:00,271,29.999999998835847,20.42091081296316,0,0,0
2025-10-10 12:00:00+00:00,271,20.00000000043656,20.067224101880495,0,0,0
2025-10-10 12:15:00+00:00,271,20.00000000043656,20.394187319334847,0,0,0
2025-10-10 12:30:00+00:00,271,19.999999998617568,20.49373381656909,0,0,0
2025-10-10 12:45:00+00:00,271,20.00000000043656,20.18124542604816,0,0,0
2025-10-10 13:00:00+00:00,271,20.00000000043656,19.41485483064681,0,0,0
2025-10-10 13:15:00+00:00,271,10.00000000021828,19.495008084152435,0,0,0
2025-10-10 13:30:00+00:00,271,20.00000000043656,19.48828749206526,0,0,0
2025-10-10 13:45:00+00:00,271,9.99999999839929,10.85247979230948,0,0,0
2025-10-10 14:00:00+00:00,271,20.00000000043656,12.613879791577997,0,0,0
2025-10-10 14:15:00+00:00,271,20.00000000043656,10.670474443970916,0,0,0
2025-10-10 14:30:00+00:00,271,10.00000000021828,10.897064249983767,0,0,0
2025-10-10 14:45:00+00:00,271,20.00000000043656,19.575358495443588,0,0,0
2025-10-10 15:00:00+00:00,271,10.00000000021828,12.003693672757024,0,0,0
2025-10-10 15:15:00+00:00,271,9.99999999839929,19.84297243407172,0,0,0
2025-10-10 15:30:00+00:00,271,10.00000000021828,14.220933957079197,0,0,0
2025-10-10 15:45:00+00:00,271,20.00000000043656,11.166822040260328,0,0,0
2025-10-10 16:00:00+00:00,271,20.00000000043656,10.441798210907368,0,0,0
2025-10-10 16:15:00+00:00,271,10.00000000021828,10.37665574724726,0,0,0
2025-10-10 16:30:00+00:00,271,10.00000000021828,19.61012238983014,0,0,0
2025-10-10 16:45:00+00:00,271,19.999999998617568,19.424369129413343,0,0,0
2025-10-10 17:00:00+00:00,271,10.00000000021828,11.756871266812134,0,0,0
2025-10-10 17:15:00+00:00,271,20.00000000043656,19.5914507818796,0,0,0
2025-10-10 17:30:00+00:00,271,10.00000000021828,11.10690904329978,0,0,0
2025-10-10 17:45:00+00:00,271,20.00000000043656,19.685747713805085,0,0,0
2025-10-10 18:00:00+00:00,271,19.999999998617568,13.801542978355345,0,0,0
2025-10-10 18:15:00+00:00,271,10.00000000021828,19.669860241767623,0,0,0
2025-10-10 18:30:00+00:00,271,20.00000000043656,20.150458185054116,0,0,0
2025-10-10 18:45:00+00:00,271,20.00000000043656,19.78609815540749,0,0,0
2025-10-10 19:00:00+00:00,271,20.00000000043656,20.0430100631728,0,0,0
2025-10-10 19:15:00+00:00,271,19.999999998617568,19.784317035801365,0,0,0
2025-10-10 19:30:00+00:00,271,20.00000000043656,20.181532549036785,0,0,0
2025-10-10 19:45:00+00:00,271,20.00000000043656,20.13699307396405,0,0,0
2025-10-10 20:00:00+00:00,271,10.00000000021828,20.259430930005045,0,0,0
2025-10-10 20:15:00+00:00,271,19.999999998617568,20.02648804933047,0,0,0
2025-10-10 20:30:00+00:00,271,10.00000000021828,13.593803753622607,0,0,0
2025-10-10 20:45:00+00:00,271,20.00000000043656,19.239177672977625,0,0,0
2025-10-10 21:00:00+00:00,271,10.00000000021828,12.161837186587274,0,0,0
2025-10-10 21:15:00+00:00,271,20.00000000043656,18.18604787667558,0,0,0
2025-10-10 21:30:00+00:00,271,19.999999998617568,10.66280634602127,0,0,0
2025-10-10 21:45:00+00:00,271,10.00000000021828,10.339873378250648,0,0,0
2025-10-10 22:00:00+00:00,271,10.00000000021828,10.871709375934582,0,0,0
2025-10-10 22:15:00+00:00,271,20.00000000043656,10.965060716150848,0,0,0
2025-10-10 22:30:00+00:00,271,10.00000000021828,10.69811290285633,0,0,0
2025-10-10 22:45:00+00:00,271,10.00000000021828,10.857165639483902,0,0,0
2025-10-10 23:00:00+00:00,271,20.00000000043656,19.49067922656054,0,0,0
2025-10-10 23:15:00+00:00,271,9.99999999839929,11.052451383123175,0,0,0
2025-10-10 23:30:00+00:00,271,10.00000000021828,19.38014261839821,0,0,0
2025-10-10 23:45:00+00:00,271,10.00000000021828,19.09939950257671,0,0,0
2025-10-11 00:00:00+00:00,271,20.00000000043656,14.988078728864007,0,0,0
2025-10-11 00:15:00+00:00,271,10.00000000021828,10.754023405355394,0,0,0
2025-10-11 00:30:00+00:00,271,10.00000000021828,11.716532401063038,0,0,0
2025-10-11 00:45:00+00:00,271,10.00000000021828,10.927805551299627,0,0,0
2025-10-11 01:00:00+00:00,271,19.999999998617568,11.8544452291145,0,0,0
2025-10-11 01:15:00+00:00,271,10.00000000021828,10.756352929869802,0,0,0
2025-10-11 01:30:00+00:00,271,20.00000000043656,10.889997196156983,0,0,0
2025-10-11 01:45:00+00:00,271,10.00000000021828,10.496102738823373,0,0,0
2025-10-11 02:00:00+00:00,271,20.00000000043656,10.748372824939178,0,0,0
2025-10-11 03:45:00+00:00,271,10.00000000021828,10.525358657211392,0,0,0
2025-10-11 04:00:00+00:00,271,10.00000000021828,11.173487121903031,0,0,0
2025-10-11 04:15:00+00:00,271,19.999999998617568,11.239234457992524,0,0,0
2025-10-11 04:30:00+00:00,271,10.00000000021828,10.696709828518564,0,0,0
2025-10-11 04:45:00+00:00,271,10.00000000021828,17.538423791367293,0,0,0
2025-10-11 05:00:00+00:00,271,10.00000000021828,11.491852920001204,0,0,0
2025-10-11 05:15:00+00:00,271,20.00000000043656,14.948831887548332,0,0,0
2025-10-11 05:30:00+00:00,271,10.00000000021828,10.68379312233678,0,0,0
2025-10-11 05:45:00+00:00,271,9.99999999839929,12.214024661000453,0,0,0
2025-10-11 06:00:00+00:00,271,10.00000000021828,10.96369783903149,0,0,0
2025-10-11 06:15:00+00:00,271,20.00000000043656,10.88329765975564,0,0,0
2025-10-11 06:30:00+00:00,271,20.00000000043656,10.604719451268402,0,0,0
2025-10-11 06:45:00+00:00,271,29.999999998835847,10.558125132673712,0,0,0
2025-10-11 07:00:00+00:00,271,20.00000000043656,10.53716898281032,0,0,0
2025-10-11 07:15:00+00:00,271,10.00000000021828,19.092468353631208,0,0,0
2025-10-11 07:30:00+00:00,271,20.00000000043656,20.27383780449781,0,0,0
2025-10-11 07:45:00+00:00,271,20.00000000043656,20.070283875862657,0,0,0
2025-10-11 08:00:00+00:00,271,10.00000000021828,19.95914718065409,0,0,0
2025-10-11 08:15:00+00:00,271,19.999999998617568,20.27583713757529,0,0,0
2025-10-11 08:30:00+00:00,271,20.00000000043656,20.211230636827292,0,0,0
2025-10-11 08:45:00+00:00,271,10.00000000021828,19.769072719258432,0,0,0
2025-10-11 09:00:00+00:00,271,10.00000000021828,19.976766004312985,0,0,0
2025-10-11 09:15:00+00:00,271,20.00000000043656,19.465585634431008,0,0,0
2025-10-11 09:30:00+00:00,271,19.999999998617568,10.960294474539609,0,0,0
2025-10-11 09:45:00+00:00,271,10.00000000021828,10.671917715527094,0,0,0
2025-10-11 10:00:00+00:00,271,20.00000000043656,12.820526034800686,0,0,0
2025-10-11 10:15:00+00:00,271,10.00000000021828,10.334971231758123,0,0,0
2025-10-11 10:30:00+00:00,271,20.00000000043656,19.220235212341155,0,0,0
2025-10-11 10:45:00+00:00,271,9.99999999839929,10.681982333355162,0,0,0
2025-10-11 11:00:00+00:00,271,20.00000000043656,11.146200867217008,0,0,0
2025-10-11 11:15:00+00:00,271,10.00000000021828,10.359954760075349,0,0,0
2025-10-11 11:30:00+00:00,271,10.00000000021828,11.10485132854794,0,0,0
2025-10-11 11:45:00+00:00,271,10.00000000021828,10.965742154710526,0,0,0
2025-10-11 12:00:00+00:00,271,20.00000000043656,10.61413325698891,0,0,0
2025-10-11 12:15:00+00:00,271,10.00000000021828,10.366748089986306,0,0,0
2025-10-11 12:30:00+00:00,271,19.999999998617568,10.58237745444656,0,0,0
2025-10-11 12:45:00+00:00,271,10.00000000021828,10.386655283864574,0,0,0
2025-10-11 13:00:00+00:00,271,10.00000000021828,10.573486212565356,0,0,0
2025-10-11 13:15:00+00:00,271,10.00000000021828,10.826742087608793,0,0,0
2025-10-11 13:30:00+00:00,271,10.00000000021828,10.725517835044323,0,0,0
2025-10-11 13:45:00+00:00,271,10.00000000021828,10.70001748534757,0,0,0
2025-10-11 14:00:00+00:00,271,19.999999998617568,10.454741715234755,0,0,0
2025-10-11 14:15:00+00:00,271,10.00000000021828,10.230958057897444,0,0,0
2025-10-11 14:30:00+00:00,271,10.00000000021828,10.402521700216202,0,0,0
2025-10-11 14:45:00+00:00,271,10.00000000021828,10.753659716236466,0,0,0
2025-10-11 15:00:00+00:00,271,10.00000000021828,10.542643461126849,0,0,0
2025-10-11 15:15:00+00:00,271,10.00000000021828,10.605822003544734,0,0,0
2025-10-11 15:30:00+00:00,271,10.00000000021828,10.518486847016874,0,0,0
2025-10-11 15:45:00+00:00,271,19.999999998617568,10.566099495144565,0,0,0
2025-10-11 16:00:00+00:00,271,10.00000000021828,10.183682300743076,0,0,0
2025-10-11 16:15:00+00:00,271,10.00000000021828,10.743786513734149,0,0,0
2025-10-11 16:30:00+00:00,271,10.00000000021828,10.672155070531026,0,0,0
2025-10-11 16:45:00+00:00,271,10.00000000021828,10.860595802121388,0,0,0
2025-10-11 17:00:00+00:00,271,10.00000000021828,10.698195211446404,0,0,0
2025-10-11 17:15:00+00:00,271,20.00000000043656,10.564388242132338,0,0,0
2025-10-11 17:30:00+00:00,271,10.00000000021828,10.296521635274209,0,0,0
2025-10-11 17:45:00+00:00,271,9.99999999839929,10.631582678084513,0,0,0
2025-10-11 18:00:00+00:00,271,10.00000000021828,10.80347364061031,0,0,0
2025-10-11 18:15:00+00:00,271,10.00000000021828,10.819085474578689,0,0,0
2025-10-11 18:30:00+00:00,271,20.00000000043656,10.724047765342544,0,0,0
2025-10-11 18:45:00+00:00,271,10.00000000021828,10.44773974261873,0,0,0
2025-10-11 19:00:00+00:00,271,10.00000000021828,10.744490922132918,0,0,0
2025-10-11 19:15:00+00:00,271,10.00000000021828,10.6372256018877,0,0,0
2025-10-11 19:30:00+00:00,271,9.99999999839929,10.871008795842329,0,0,0
2025-10-11 19:45:00+00:00,271,20.00000000043656,10.762610296868656,0,0,0
2025-10-11 22:00:00+00:00,271,10.00000000021828,10.523877102590069,0,0,0
2025-10-11 22:15:00+00:00,271,10.00000000021828,10.82315496440419,0,0,0
2025-10-11 22:30:00+00:00,271,20.00000000043656,10.551134644977228,0,0,0
2025-10-11 22:45:00+00:00,271,9.99999999839929,10.624458199660005,0,0,0
2025-10-11 23:00:00+00:00,271,10.00000000021828,12.190633708193488,0,0,0
2025-10-11 23:15:00+00:00,271,10.00000000021828,11.210663806470697,0,0,0
2025-10-11 23:30:00+00:00,271,10.00000000021828,11.48291382428856,0,0,0
2025-10-11 23:45:00+00:00,271,10.00000000021828,10.774393824321985,0,0,0
2025-10-12 00:00:00+00:00,271,20.00000000043656,11.03438560467865,0,0,0
2025-10-12 00:15:00+00:00,271,10.00000000021828,10.509096011135457,0,0,0
2025-10-12 00:30:00+00:00,271,9.99999999839929,10.836067842279457,0,0,0
2025-10-12 00:45:00+00:00,271,20.00000000043656,17.363601303127595,0,0,0
2025-10-12 01:00:00+00:00,271,10.00000000021828,10.756798927578808,0,0,0
2025-10-12 01:15:00+00:00,271,20.00000000043656,11.083696106745766,0,0,0
2025-10-12 01:30:00+00:00,271,20.00000000043656,10.569479889797352,0,0,0
2025-10-12 01:45:00+00:00,271,9.99999999839929,10.399882082874075,0,0,0
2025-10-12 02:00:00+00:00,271,10.00000000021828,11.899366577762107,0,0,0
2025-10-12 10:00:00+00:00,271,10.00000000021828,19.413730265608013,0,0,0
2025-10-12 10:15:00+00:00,271,20.00000000043656,19.57073677240329,0,0,0
2025-10-12 10:30:00+00:00,271,10.00000000021828,19.838896244709822,0,0,0
2025-10-12 10:45:00+00:00,271,10.00000000021828,19.93851260853797,0,0,0
2025-10-12 11:00:00+00:00,271,19.999999998617568,11.05496275219705,0,0,0
2025-10-12 11:15:00+00:00,271,10.00000000021828,10.746906583543916,0,0,0
2025-10-12 11:30:00+00:00,271,10.00000000021828,10.710763541735318,0,0,0
2025-10-12 11:45:00+00:00,271,20.00000000043656,10.507911150269043,0,0,0
2025-10-12 12:00:00+00:00,271,20.00000000043656,10.390881734257189,0,0,0
2025-10-12 12:15:00+00:00,271,19.999999998617568,10.13993432804233,0,0,0
2025-10-12 12:30:00+00:00,271,10.00000000021828,10.590520262404077,0,0,0
2025-10-12 12:45:00+00:00,271,10.00000000021828,10.780442548615763,0,0,0
2025-10-12 13:00:00+00:00,271,10.00000000021828,10.574590678994948,0,0,0
2025-10-12 13:15:00+00:00,271,10.00000000021828,10.5935025131793,0,0,0
2025-10-12 13:30:00+00:00,271,10.00000000021828,10.329994433288558,0,0,0
2025-10-12 13:45:00+00:00,271,10.00000000021828,10.253112467700042,0,0,0
2025-10-12 14:00:00+00:00,271,19.999999998617568,10.437969904392318,0,0,0
2025-10-12 14:15:00+00:00,271,0.0,10.091848884060028,0,0,0
2025-10-12 14:30:00+00:00,271,10.00000000021828,10.679382913231445,0,0,0
2025-10-12 14:45:00+00:00,271,20.00000000043656,10.484365151048223,0,0,0
2025-10-12 15:00:00+00:00,271,10.00000000021828,10.199183113822516,0,0,0
2025-10-12 15:15:00+00:00,271,10.00000000021828,10.577967245341224,0,0,0
2025-10-12 15:30:00+00:00,271,10.00000000021828,10.394867001339357,0,0,0
2025-10-12 15:45:00+00:00,271,10.00000000021828,10.452684000482918,0,0,0
2025-10-12 16:00:00+00:00,271,9.99999999839929,10.58581144539056,0,0,0
2025-10-12 16:15:00+00:00,271,10.00000000021828,10.80458767780619,0,0,0
2025-10-12 17:15:00+00:00,271,20.00000000043656,10.53274728878544,0,0,0
2025-10-12 17:30:00+00:00,271,9.99999999839929,10.238235668582554,0,0,0
2025-10-12 17:45:00+00:00,271,10.00000000021828,10.471482899625077,0,0,0
2025-10-12 18:00:00+00:00,271,10.00000000021828,10.611158662826718,0,0,0
2025-10-12 18:15:00+00:00,271,20.00000000043656,10.725090978867897,0,0,0
2025-10-12 18:30:00+00:00,271,10.00000000021828,10.310303538728393,0,0,0
2025-10-12 18:45:00+00:00,271,10.00000000021828,10.851840465121466,0,0,0
2025-10-12 19:00:00+00:00,271,10.00000000021828,14.401048121999324,0,0,0
2025-10-12 19:15:00+00:00,271,19.999999998617568,10.87088246172733,0,0,0
2025-10-12 19:30:00+00:00,271,10.00000000021828,10.618204660967669,0,0,0
2025-10-12 19:45:00+00:00,271,20.00000000043656,10.920078114598995,0,0,0
2025-10-12 20:00:00+00:00,271,10.00000000021828,10.490731624782754,0,0,0
2025-10-12 20:15:00+00:00,271,10.00000000021828,11.740706242552328,0,0,0
2025-10-12 20:30:00+00:00,271,20.00000000043656,10.930033625691388,0,0,0
2025-10-12 20:45:00+00:00,271,9.99999999839929,10.525538587617596,0,0,0
2025-10-12 21:00:00+00:00,271,10.00000000021828,19.551672763034965,0,0,0
2025-10-12 21:15:00+00:00,271,20.00000000043656,14.756804989829996,0,0,0
2025-10-12 22:00:00+00:00,271,0.0,10.782601713490251,0,0,0
2025-10-12 22:15:00+00:00,271,19.999999998617568,14.67430785566053,0,0,0
2025-10-12 22:30:00+00:00,271,10.00000000021828,10.647673050367274,0,0,0
2025-10-12 22:45:00+00:00,271,10.00000000021828,10.729051361957715,0,0,0
2025-10-12 23:00:00+00:00,271,20.00000000043656,10.700400315999072,0,0,0
2025-10-12 23:15:00+00:00,271,10.00000000021828,10.556337313531184,0,0,0
2025-10-12 23:30:00+00:00,271,10.00000000021828,10.81221557853743,0,0,0
2025-10-12 23:45:00+00:00,271,10.00000000021828,10.789094521339775,0,0,0
2025-10-13 00:00:00+00:00,271,9.99999999839929,10.983040357698783,0,0,0
2025-10-13 00:15:00+00:00,271,10.00000000021828,10.59786678260646,0,0,0
2025-10-13 00:30:00+00:00,271,20.00000000043656,11.100381780691617,0,0,0
2025-10-13 00:45:00+00:00,271,10.00000000021828,10.410471178694706,0,0,0
2025-10-13 01:00:00+00:00,271,10.00000000021828,10.557849494604628,0,0,0
2025-10-13 01:15:00+00:00,271,10.00000000021828,11.357042934380193,0,0,0
2025-10-13 01:30:00+00:00,271,10.00000000021828,10.833334431427708,0,0,0
2025-10-13 01:45:00+00:00,271,19.999999998617568,10.764294751735278,0,0,0
2025-10-13 02:00:00+00:00,271,20.00000000043656,10.496872228432895,0,0,0
2025-10-13 02:15:00+00:00,271,10.00000000021828,10.186103704613846,0,0,0
2025-10-13 02:30:00+00:00,271,20.00000000043656,11.394116254671946,0,0,0
2025-10-13 02:45:00+00:00,271,10.00000000021828,10.729656234387091,0,0,0
2025-10-13 03:00:00+00:00,271,10.00000000021828,13.662089256931576,0,0,0
2025-10-13 03:15:00+00:00,271,19.999999998617568,19.476270437914515,0,0,0
2025-10-13 03:30:00+00:00,271,10.00000000021828,11.004383166520196,0,0,0
2025-10-13 03:45:00+00:00,271,20.00000000043656,16.516818185063435,0,0,0
2025-10-13 04:00:00+00:00,271,10.00000000021828,11.349912713495907,0,0,0
2025-10-13 04:15:00+00:00,271,20.00000000043656,19.678747655342317,0,0,0
2025-10-13 04:30:00+00:00,271,9.99999999839929,11.420807207694882,0,0,0
2025-10-13 04:45:00+00:00,271,10.00000000021828,19.88898293592286,0,0,0
2025-10-13 05:00:00+00:00,271,20.00000000043656,19.193762472789576,0,0,0
2025-10-13 05:15:00+00:00,271,20.00000000043656,11.45004398455033,0,0,0
2025-10-13 05:30:00+00:00,271,59.99999999949068,15.726078603149734,0,0,0
2025-10-13 05:45:00+00:00,271,69.99999999970896,65.74253187656097,0,0,0
2025-10-13 06:00:00+00:00,271,40.00000000087312,43.76304984062886,0,0,0
2025-10-13 06:15:00+00:00,271,29.999999998835847,31.608201539333827,0,0,0
2025-10-13 06:30:00+00:00,271,40.00000000087312,29.876540782150855,0,0,0
2025-10-13 06:45:00+00:00,271,30.00000000065484,30.366207026494877,0,0,0
2025-10-13 07:00:00+00:00,271,29.999999998835847,30.653820995434263,0,0,0
2025-10-13 07:15:00+00:00,271,40.00000000087312,36.04945821050981,0,0,0
2025-10-13 07:30:00+00:00,271,29.999999998835847,39.275759697762645,0,0,0
2025-10-13 07:45:00+00:00,271,30.00000000065484,38.69240809345892,0,0,0
2025-10-13 08:00:00+00:00,271,40.00000000087312,38.83302370591001,0,0,0
2025-10-13 08:15:00+00:00,271,29.999999998835847,38.508544102307305,0,0,0
2025-10-13 08:30:00+00:00,271,40.00000000087312,39.354285920999374,0,0,0
2025-10-13 08:45:00+00:00,271,29.999999998835847,30.679715660702072,0,0,0
2025-10-13 09:00:00+00:00,271,30.00000000065484,30.248980931235806,0,0,0
2025-10-13 09:15:00+00:00,271,30.00000000065484,30.04797139081822,0,0,0
2025-10-13 09:30:00+00:00,271,29.999999998835847,30.031528814336077,0,0,0
2025-10-13 09:45:00+00:00,271,30.00000000065484,29.031065030761585,0,0,0
2025-10-13 10:00:00+00:00,271,30.00000000065484,28.956884892496067,0,0,0
2025-10-13 10:15:00+00:00,271,29.999999998835847,29.182313764558224,0,0,0
2025-10-13 10:30:00+00:00,271,30.00000000065484,29.32973610599307,0,0,0
2025-10-13 10:45:00+00:00,271,30.00000000065484,29.700618612864712,0,0,0
2025-10-13 11:00:00+00:00,271,29.999999998835847,28.96924218738834,0,0,0
2025-10-13 11:15:00+00:00,271,30.00000000065484,29.41375307784901,0,0,0
2025-10-13 11:30:00+00:00,271,29.999999998835847,29.829755048230417,0,0,0
2025-10-13 11:45:00+00:00,271,30.00000000065484,29.330362991184916,0,0,0
2025-10-13 12:00:00+00:00,271,30.00000000065484,29.396874552962466,0,0,0
2025-10-13 12:15:00+00:00,271,19.999999998617568,29.44707609337096,0,0,0
2025-10-13 12:30:00+00:00,271,20.00000000043656,29.69662329647794,0,0,0
2025-10-13 12:45:00+00:00,271,30.00000000065484,28.694128117758904,0,0,0
2025-10-13 13:00:00+00:00,271,20.00000000043656,20.74352603129304,0,0,0
2025-10-13 13:15:00+00:00,271,29.999999998835847,21.416523175106448,0,0,0
2025-10-13 13:30:00+00:00,271,20.00000000043656,20.77372371308376,0,0,0
2025-10-13 13:45:00+00:00,271,30.00000000065484,21.06914359900734,0,0,0
2025-10-13 14:00:00+00:00,271,19.999999998617568,20.387667713339717,0,0,0
2025-10-13 14:15:00+00:00,271,20.00000000043656,20.896005565634265,0,0,0
2025-10-13 14:30:00+00:00,271,30.00000000065484,20.73915123402296,0,0,0
2025-10-13 14:45:00+00:00,271,20.00000000043656,20.457148605358007,0,0,0
2025-10-13 15:00:00+00:00,271,19.999999998617568,21.21620320839988,0,0,0
2025-10-13 15:15:00+00:00,271,30.00000000065484,20.85827760492844,0,0,0
2025-10-13 15:30:00+00:00,271,20.00000000043656,20.71021210799906,0,0,0
2025-10-13 15:45:00+00:00,271,20.00000000043656,20.649557376651217,0,0,0
2025-10-13 16:00:00+00:00,271,19.999999998617568,20.843844889366693,0,0,0
2025-10-13 16:15:00+00:00,271,30.00000000065484,20.524950784969448,0,0,0
2025-10-13 16:30:00+00:00,271,20.00000000043656,20.1511032547019,0,0,0
2025-10-13 16:45:00+00:00,271,19.999999998617568,20.670195777073857,0,0,0
2025-10-13 17:00:00+00:00,271,20.00000000043656,20.59729237903111,0,0,0
2025-10-13 17:15:00+00:00,271,30.00000000065484,20.60983773948093,0,0,0
2025-10-13 17:30:00+00:00,271,20.00000000043656,20.518143098909057,0,0,0
2025-10-13 17:45:00+00:00,271,19.999999998617568,20.854841699831177,0,0,0
2025-10-13 18:00:00+00:00,271,20.00000000043656,21.069998268436823,0,0,0
2025-10-13 18:15:00+00:00,271,30.00000000065484,20.86850779701328,0,0,0
2025-10-13 18:30:00+00:00,271,29.999999998835847,20.542264301183764,0,0,0
2025-10-13 18:45:00+00:00,271,20.00000000043656,20.7295029445284,0,0,0
2025-10-13 19:00:00+00:00,271,30.00000000065484,28.46946012161661,0,0,0
2025-10-13 19:15:00+00:00,271,20.00000000043656,20.91548781748936,0,0,0
2025-10-13 19:30:00+00:00,271,29.999999998835847,28.733911400525,0,0,0
2025-10-13 19:45:00+00:00,271,20.00000000043656,20.773211677087367,0,0,0
2025-10-13 20:00:00+00:00,271,10.00000000021828,20.79845361609436,0,0,0
2025-10-13 20:15:00+00:00,271,20.00000000043656,19.739342090862543,0,0,0
2025-10-13 20:30:00+00:00,271,19.999999998617568,15.05374662759331,0,0,0
2025-10-13 20:45:00+00:00,271,20.00000000043656,11.975831257940484,0,0,0
2025-10-13 21:00:00+00:00,271,20.00000000043656,19.23616383867365,0,0,0
2025-10-13 21:15:00+00:00,271,10.00000000021828,19.597490892483727,0,0,0
2025-10-13 21:30:00+00:00,271,20.00000000043656,20.01721301972113,0,0,0
2025-10-13 21:45:00+00:00,271,19.999999998617568,17.67276289528695,0,0,0
2025-10-13 22:00:00+00:00,271,20.00000000043656,11.680217085461262,0,0,0
2025-10-13 22:15:00+00:00,271,10.00000000021828,11.614431466306623,0,0,0
2025-10-13 22:30:00+00:00,271,20.00000000043656,20.15432381755769,0,0,0
2025-10-13 22:45:00+00:00,271,10.00000000021828,20.02767099604362,0,0,0
2025-10-13 23:00:00+00:00,271,19.999999998617568,20.38745237109824,0,0,0
2025-10-13 23:15:00+00:00,271,10.00000000021828,20.292115096877296,0,0,0
2025-10-13 23:30:00+00:00,271,20.00000000043656,20.474870793292805,0,0,0
2025-10-13 23:45:00+00:00,271,20.00000000043656,20.340718319315755,0,0,0
2025-10-14 00:00:00+00:00,271,19.999999998617568,20.43533778606513,0,0,0
2025-10-14 00:15:00+00:00,271,20.00000000043656,20.715253987679382,0,0,0
2025-10-14 00:30:00+00:00,271,30.00000000065484,23.642938953068573,0,0,0
2025-10-14 00:45:00+00:00,271,30.00000000065484,20.84486800428284,0,0,0
2025-10-14 01:00:00+00:00,271,19.999999998617568,20.75089265010462,0,0,0
2025-10-14 01:15:00+00:00,271,30.00000000065484,29.278231505754515,0,0,0
2025-10-14 01:30:00+00:00,271,20.00000000043656,21.25289944049991,0,0,0
2025-10-14 01:45:00+00:00,271,19.999999998617568,29.12838153945081,0,0,0
2025-10-14 02:00:00+00:00,271,30.00000000065484,28.599428735111022,0,0,0
2025-10-14 02:15:00+00:00,271,20.00000000043656,22.39335577964016,0,0,0
2025-10-14 02:30:00+00:00,271,20.00000000043656,29.248174992766536,0,0,0
2025-10-14 02:45:00+00:00,271,29.999999998835847,29.846816374753057,0,0,0
2025-10-14 03:00:00+00:00,271,30.00000000065484,28.7594931017352,0,0,0
2025-10-14 03:15:00+00:00,271,20.00000000043656,28.77387844200382,0,0,0
2025-10-14 03:30:00+00:00,271,29.999999998835847,29.95891636758847,0,0,0
2025-10-14 03:45:00+00:00,271,30.00000000065484,29.36762964095568,0,0,0
2025-10-14 04:00:00+00:00,271,30.00000000065484,29.224691682064897,0,0,0
2025-10-14 04:15:00+00:00,271,29.999999998835847,29.59292930767295,0,0,0
2025-10-14 04:30:00+00:00,271,30.00000000065484,29.606110645542586,0,0,0
2025-10-14 04:45:00+00:00,271,20.00000000043656,29.9969936612638,0,0,0
2025-10-14 05:00:00+00:00,271,29.999999998835847,30.20252060336915,0,0,0
2025-10-14 05:15:00+00:00,271,20.00000000043656,30.1120581989568,0,0,0
2025-10-14 05:30:00+00:00,271,30.00000000065484,30.203232189842637,0,0,0
2025-10-14 05:45:00+00:00,271,19.999999998617568,30.066686067217045,0,0,0
2025-10-14 06:00:00+00:00,271,20.00000000043656,30.25789657857105,0,0,0
2025-10-14 06:15:00+00:00,271,30.00000000065484,29.812151537797583,0,0,0
2025-10-14 06:30:00+00:00,271,90.00000000014552,33.26468775563399,0,0,0
2025-10-14 06:45:00+00:00,271,90.00000000014552,85.48494395749958,0,0,0
2025-10-14 07:00:00+00:00,271,59.99999999949068,54.029697931340486,0,0,0
2025-10-14 07:15:00+00:00,271,39.999999999054126,45.64170129768711,0,0,0
2025-10-14 07:30:00+00:00,271,40.00000000087312,42.18045472545232,0,0,0
2025-10-14 07:45:00+00:00,271,39.999999999054126,40.10167088870675,0,0,0
2025-10-14 08:00:00+00:00,271,40.00000000087312,40.01562969978097,0,0,0
2025-10-14 08:15:00+00:00,271,30.00000000065484,40.25228795192841,0,0,0
2025-10-14 08:30:00+00:00,271,39.999999999054126,40.14985395450518,0,0,0
2025-10-14 08:45:00+00:00,271,40.00000000087312,39.49477711348872,0,0,0
2025-10-14 09:00:00+00:00,271,39.999999999054126,38.16102575009703,0,0,0
2025-10-14 09:15:00+00:00,271,40.00000000087312,39.0393904827571,0,0,0
2025-10-14 09:30:00+00:00,271,39.999999999054126,30.94706353202741,0,0,0
2025-10-14 09:45:00+00:00,271,40.00000000087312,30.892213470433017,0,0,0
2025-10-14 10:00:00+00:00,271,29.999999998835847,30.59443726184942,0,0,0
2025-10-14 10:15:00+00:00,271,30.00000000065484,31.722094615233228,0,0,0
2025-10-14 10:30:00+00:00,271,40.00000000087312,30.51128644434251,0,0,0
2025-10-14 10:45:00+00:00,271,29.999999998835847,30.509150249307112,0,0,0
2025-10-14 11:00:00+00:00,271,40.00000000087312,30.733823030832543,0,0,0
2025-10-14 11:15:00+00:00,271,29.999999998835847,30.41022680895819,0,0,0
2025-10-14 11:30:00+00:00,271,30.00000000065484,30.507267679578334,0,0,0
2025-10-14 11:45:00+00:00,271,30.00000000065484,30.32562889158859,0,0,0
2025-10-14 12:00:00+00:00,271,29.999999998835847,30.20969437124004,0,0,0
2025-10-14 12:15:00+00:00,271,30.00000000065484,30.07787716423717,0,0,0
2025-10-14 12:30:00+00:00,271,30.00000000065484,30.05153889395193,0,0,0
2025-10-14 12:45:00+00:00,271,39.999999999054126,30.27353712483829,0,0,0
2025-10-14 13:00:00+00:00,271,30.00000000065484,29.7002855501979,0,0,0
2025-10-14 13:15:00+00:00,271,29.999999998835847,30.282473827859363,0,0,0
2025-10-14 13:30:00+00:00,271,20.00000000043656,29.698813566342864,0,0,0
2025-10-14 13:45:00+00:00,271,30.00000000065484,29.375082875202168,0,0,0
2025-10-14 14:00:00+00:00,271,29.999999998835847,20.902347155376447,0,0,0
2025-10-14 14:15:00+00:00,271,30.00000000065484,22.013074780274067,0,0,0
2025-10-14 14:30:00+00:00,271,20.00000000043656,29.20306031463992,0,0,0
2025-10-14 14:45:00+00:00,271,29.999999998835847,30.151897470705684,0,0,0
2025-10-14 15:00:00+00:00,271,30.00000000065484,29.570171939594232,0,0,0
2025-10-14 15:15:00+00:00,271,30.00000000065484,29.0315780238346,0,0,0
2025-10-14 15:30:00+00:00,271,19.999999998617568,23.233037867657217,0,0,0
2025-10-14 15:45:00+00:00,271,30.00000000065484,29.01158038621492,0,0,0
2025-10-14 16:00:00+00:00,271,20.00000000043656,23.85218509495329,0,0,0
2025-10-14 16:15:00+00:00,271,30.00000000065484,28.81432737156522,0,0,0
2025-10-14 16:30:00+00:00,271,19.999999998617568,21.031426166144428,0,0,0
2025-10-14 16:45:00+00:00,271,30.00000000065484,29.0929534338839,0,0,0
2025-10-14 17:00:00+00:00,271,20.00000000043656,28.632144485512026,0,0,0
2025-10-14 17:15:00+00:00,271,29.999999998835847,29.5973931130695,0,0,0
2025-10-14 17:30:00+00:00,271,20.00000000043656,27.896114753466605,0,0,0
2025-10-14 17:45:00+00:00,271,30.00000000065484,28.709754786415026,0,0,0
2025-10-14 18:00:00+00:00,271,19.999999998617568,25.80832004026123,0,0,0
2025-10-14 19:15:00+00:00,271,30.00000000065484,28.62763617605224,0,0,0
2025-10-14 19:30:00+00:00,271,30.00000000065484,27.381333861307223,0,0,0
2025-10-14 19:45:00+00:00,271,19.999999998617568,25.80482288225973,0,0,0
2025-10-14 20:00:00+00:00,271,10.00000000021828,28.916523056907884,0,0,0
2025-10-14 20:15:00+00:00,271,20.00000000043656,17.387666994957836,0,0,0
2025-10-14 20:30:00+00:00,271,10.00000000021828,18.06066413877125,0,0,0
2025-10-14 20:45:00+00:00,271,20.00000000043656,17.353679289717213,0,0,0
2025-10-14 21:00:00+00:00,271,9.99999999839929,17.836405771426072,0,0,0
2025-10-14 21:15:00+00:00,271,20.00000000043656,11.653386399250529,0,0,0
2025-10-14 21:30:00+00:00,271,20.00000000043656,10.852223295772973,0,0,0
2025-10-14 21:45:00+00:00,271,10.00000000021828,10.49403545330524,0,0,0
2025-10-14 22:00:00+00:00,271,20.00000000043656,10.887581534745983,0,0,0
2025-10-14 22:15:00+00:00,271,10.00000000021828,10.479441948869866,0,0,0
2025-10-14 22:30:00+00:00,271,9.99999999839929,11.701682400091157,0,0,0
2025-10-14 22:45:00+00:00,271,20.00000000043656,11.088881547920405,0,0,0
2025-10-14 23:00:00+00:00,271,10.00000000021828,18.93190247885356,0,0,0
2025-10-14 23:15:00+00:00,271,10.00000000021828,19.30102396472828,0,0,0
2025-10-14 23:30:00+00:00,271,20.00000000043656,19.97511409005174,0,0,0
2025-10-14 23:45:00+00:00,271,10.00000000021828,19.20997247965093,0,0,0
2025-10-15 00:00:00+00:00,271,19.999999998617568,19.6270214918642,0,0,0
2025-10-15 00:15:00+00:00,271,10.00000000021828,18.71054788200005,0,0,0
2025-10-15 00:30:00+00:00,271,20.00000000043656,19.6927458581146,0,0,0
2025-10-15 00:45:00+00:00,271,10.00000000021828,11.814504507242969,0,0,0
2025-10-15 01:00:00+00:00,271,20.00000000043656,19.74913872723456,0,0,0
2025-10-15 01:15:00+00:00,271,19.999999998617568,11.94086924869178,0,0,0
2025-10-15 01:30:00+00:00,271,20.00000000043656,17.767174676407887,0,0,0
2025-10-15 01:45:00+00:00,271,20.00000000043656,18.699068704914666,0,0,0
2025-10-15 02:00:00+00:00,271,20.00000000043656,12.661209145023571,0,0,0
2025-10-15 02:15:00+00:00,271,10.00000000021828,19.411407440630008,0,0,0
2025-10-15 02:30:00+00:00,271,19.999999998617568,19.84456883788849,0,0,0
2025-10-15 04:00:00+00:00,271,20.00000000043656,19.416228235609083,0,0,0
2025-10-15 04:15:00+00:00,271,10.00000000021828,19.57597580986914,0,0,0
2025-10-15 04:30:00+00:00,271,20.00000000043656,20.105991447805167,0,0,0
2025-10-15 04:45:00+00:00,271,19.999999998617568,19.977910667960984,0,0,0
2025-10-15 05:00:00+00:00,271,20.00000000043656,19.98032058691221,0,0,0
2025-10-15 05:15:00+00:00,271,20.00000000043656,19.71590902668392,0,0,0
2025-10-15 05:30:00+00:00,271,10.00000000021828,19.984845645213,0,0,0
2025-10-15 05:45:00+00:00,271,20.00000000043656,20.1400260498006,0,0,0
2025-10-15 06:00:00+00:00,271,19.999999998617568,20.012975084408968,0,0,0
2025-10-15 06:15:00+00:00,271,30.00000000065484,19.90449140561533,0,0,0
2025-10-15 06:30:00+00:00,271,69.99999999970896,56.84483547057032,0,0,0
2025-10-15 06:45:00+00:00,271,79.99999999992724,59.97498903969764,0,0,0
2025-10-15 07:00:00+00:00,271,50.000000001091394,46.09933131603655,0,0,0
2025-10-15 07:15:00+00:00,271,29.999999998835847,39.65731169489173,0,0,0
2025-10-15 07:30:00+00:00,271,40.00000000087312,36.807822761302354,0,0,0
2025-10-15 07:45:00+00:00,271,39.999999999054126,37.98605778620976,0,0,0
2025-10-15 08:00:00+00:00,271,30.00000000065484,39.47671899165722,0,0,0
2025-10-15 08:15:00+00:00,271,39.999999999054126,39.7157278240049,0,0,0
2025-10-15 08:30:00+00:00,271,30.00000000065484,39.57763123724072,0,0,0
2025-10-15 08:45:00+00:00,271,40.00000000087312,39.37680976238068,0,0,0
2025-10-15 09:00:00+00:00,271,39.999999999054126,31.047431201009136,0,0,0
2025-10-15 09:15:00+00:00,271,30.00000000065484,35.897591205210986,0,0,0
2025-10-15 09:30:00+00:00,271,29.999999998835847,35.71745215629851,0,0,0
2025-10-15 09:45:00+00:00,271,40.00000000087312,30.677963253394807,0,0,0
2025-10-15 10:00:00+00:00,271,30.00000000065484,30.350960795798684,0,0,0
2025-10-15 10:15:00+00:00,271,29.999999998835847,30.63605191074465,0,0,0
2025-10-15 10:30:00+00:00,271,40.00000000087312,30.62107270442789,0,0,0
2025-10-15 10:45:00+00:00,271,29.999999998835847,30.2024292025511,0,0,0
2025-10-15 11:00:00+00:00,271,30.00000000065484,30.646250519300757,0,0,0
2025-10-15 11:15:00+00:00,271,30.00000000065484,30.38826381448134,0,0,0
2025-10-15 11:30:00+00:00,271,39.999999999054126,30.18210950864584,0,0,0
2025-10-15 11:45:00+00:00,271,30.00000000065484,29.616504976269265,0,0,0
2025-10-15 12:00:00+00:00,271,29.999999998835847,30.23954559129115,0,0,0
2025-10-15 12:15:00+00:00,271,30.00000000065484,30.145701356611077,0,0,0
2025-10-15 12:30:00+00:00,271,30.00000000065484,30.359097861296423,0,0,0
2025-10-15 12:45:00+00:00,271,20.00000000043656,30.291247827853542,0,0,0
2025-10-15 13:00:00+00:00,271,29.999999998835847,30.556940913687757,0,0,0
2025-10-15 13:15:00+00:00,271,30.00000000065484,30.156032041741938,0,0,0
2025-10-15 13:30:00+00:00,271,39.999999999054126,30.011061730629983,0,0,0
2025-10-15 13:45:00+00:00,271,30.00000000065484,29.50639809551325,0,0,0
2025-10-15 14:00:00+00:00,271,30.00000000065484,30.235663688484888,0,0,0
2025-10-15 17:15:00+00:00,271,29.999999998835847,30.141317945651338,0,0,0
2025-10-15 17:30:00+00:00,271,30.00000000065484,30.217466312003907,0,0,0
2025-10-15 17:45:00+00:00,271,29.999999998835847,30.085906558614173,0,0,0
2025-10-15 18:00:00+00:00,271,30.00000000065484,30.074257500427187,0,0,0
2025-10-15 18:15:00+00:00,271,30.00000000065484,30.26790568595465,0,0,0
2025-10-15 18:30:00+00:00,271,29.999999998835847,30.109917697076572,0,0,0
2025-10-15 18:45:00+00:00,271,30.00000000065484,30.29729750922396,0,0,0
2025-10-15 19:00:00+00:00,271,30.00000000065484,30.130895381164112,0,0,0
2025-10-15 19:15:00+00:00,271,29.999999998835847,30.02143644128577,0,0,0
2025-10-15 19:30:00+00:00,271,40.00000000087312,30.033733918888743,0,0,0
2025-10-15 19:45:00+00:00,271,29.999999998835847,29.799995228997357,0,0,0
2025-10-15 20:00:00+00:00,271,20.00000000043656,29.90270917133449,0,0,0
2025-10-15 20:15:00+00:00,271,20.00000000043656,21.56121976230258,0,0,0
2025-10-15 20:30:00+00:00,271,20.00000000043656,20.16291740860735,0,0,0
2025-10-15 20:45:00+00:00,271,19.999999998617568,20.400019744310526,0,0,0
2025-10-15 21:00:00+00:00,271,30.00000000065484,20.45967911596445,0,0,0
2025-10-15 21:15:00+00:00,271,20.00000000043656,20.35792751417754,0,0,0
2025-10-15 21:30:00+00:00,271,20.00000000043656,20.46716824058452,0,0,0
2025-10-15 21:45:00+00:00,271,19.999999998617568,20.517047246169124,0,0,0
2025-10-15 22:00:00+00:00,271,20.00000000043656,20.427493586015792,0,0,0
2025-10-15 22:15:00+00:00,271,20.00000000043656,20.321356659115885,0,0,0
2025-10-15 22:30:00+00:00,271,20.00000000043656,20.36354938229489,0,0,0
2025-10-15 22:45:00+00:00,271,19.999999998617568,20.5410143591066,0,0,0
2025-10-15 23:00:00+00:00,271,20.00000000043656,20.643425386690737,0,0,0
2025-10-15 23:15:00+00:00,271,20.00000000043656,21.0210935668603,0,0,0
2025-10-15 23:30:00+00:00,271,10.00000000021828,20.96412932299297,0,0,0
2025-10-15 23:45:00+00:00,271,20.00000000043656,21.26823755055246,0,0,0
2025-10-16 00:00:00+00:00,271,19.999999998617568,20.51894608620059,0,0,0
2025-10-16 00:15:00+00:00,271,20.00000000043656,20.285911326169654,0,0,0
2025-10-16 00:30:00+00:00,271,20.00000000043656,20.20638400077924,0,0,0
2025-10-16 00:45:00+00:00,271,20.00000000043656,20.25552797151295,0,0,0
2025-10-16 01:00:00+00:00,271,29.999999998835847,20.165105285780697,0,0,0
2025-10-16 01:15:00+00:00,271,30.00000000065484,20.03599756271386,0,0,0
2025-10-16 01:30:00+00:00,271,20.00000000043656,20.08805870301204,0,0,0
2025-10-16 01:45:00+00:00,271,19.999999998617568,20.5554355897488,0,0,0
2025-10-16 02:00:00+00:00,271,20.00000000043656,20.67705227404232,0,0,0
2025-10-16 02:15:00+00:00,271,30.00000000065484,20.760383979032063,0,0,0
2025-10-16 02:30:00+00:00,271,20.00000000043656,20.399932650337306,0,0,0
2025-10-16 02:45:00+00:00,271,19.999999998617568,21.277438885261382,0,0,0
2025-10-16 03:00:00+00:00,271,20.00000000043656,22.058741691615484,0,0,0
2025-10-16 03:15:00+00:00,271,30.00000000065484,28.907094416499625,0,0,0
2025-10-16 03:30:00+00:00,271,20.00000000043656,22.836880881173208,0,0,0
2025-10-16 03:45:00+00:00,271,29.999999998835847,28.772460532978307,0,0,0
2025-10-16 04:00:00+00:00,271,30.00000000065484,20.874827373993,0,0,0
2025-10-16 04:15:00+00:00,271,29.999999998835847,20.87746507718187,0,0,0
2025-10-16 04:30:00+00:00,271,20.00000000043656,27.347660077200835,0,0,0
2025-10-16 04:45:00+00:00,271,30.00000000065484,29.40402917930078,0,0,0
2025-10-16 05:00:00+00:00,271,29.999999998835847,26.592156228451664,0,0,0
2025-10-16 08:45:00+00:00,271,39.999999999054126,27.15599399737154,0,0,0
2025-10-16 09:00:00+00:00,271,40.00000000087312,30.047294259103367,0,0,0
2025-10-16 09:15:00+00:00,271,39.999999999054126,41.23356139201957,0,0,0
2025-10-16 09:30:00+00:00,271,50.000000001091394,39.80268397818777,0,0,0
2025-10-16 09:45:00+00:00,271,39.999999999054126,39.68761656926488,0,0,0
2025-10-16 10:00:00+00:00,271,40.00000000087312,39.681690350779576,0,0,0
2025-10-16 10:15:00+00:00,271,29.999999998835847,39.4397298941088,0,0,0
2025-10-16 10:30:00+00:00,271,40.00000000087312,39.69159992219379,0,0,0
2025-10-16 10:45:00+00:00,271,39.999999999054126,36.77878697053895,0,0,0
2025-10-16 11:00:00+00:00,271,30.00000000065484,39.252338118503566,0,0,0
2025-10-16 11:15:00+00:00,271,30.00000000065484,39.23238498494712,0,0,0
2025-10-16 11:30:00+00:00,271,29.999999998835847,32.674492096357994,0,0,0
2025-10-16 11:45:00+00:00,271,30.00000000065484,30.389528112707936,0,0,0
2025-10-16 12:00:00+00:00,271,39.999999999054126,30.221928681785517,0,0,0
2025-10-16 12:15:00+00:00,271,30.00000000065484,30.00040516090702,0,0,0
2025-10-16 12:30:00+00:00,271,30.00000000065484,30.409147226520947,0,0,0
2025-10-16 12:45:00+00:00,271,29.999999998835847,30.32048364763236,0,0,0
2025-10-16 13:00:00+00:00,271,20.00000000043656,30.407420660282657,0,0,0
2025-10-16 13:15:00+00:00,271,40.00000000087312,30.3318250056832,0,0,0
2025-10-16 13:30:00+00:00,271,19.999999998617568,29.57847362227212,0,0,0
2025-10-16 13:45:00+00:00,271,30.00000000065484,30.326698903259548,0,0,0
2025-10-16 14:00:00+00:00,271,30.00000000065484,29.81631051428787,0,0,0
2025-10-16 14:15:00+00:00,271,29.999999998835847,30.1033267888726,0,0,0
2025-10-16 14:30:00+00:00,271,20.00000000043656,29.524821820616932,0,0,0
2025-10-16 14:45:00+00:00,271,30.00000000065484,30.036479293198347,0,0,0
2025-10-16 15:00:00+00:00,271,29.999999998835847,28.855349111488938,0,0,0
2025-10-16 15:15:00+00:00,271,30.00000000065484,20.85169100356929,0,0,0
2025-10-16 15:30:00+00:00,271,30.00000000065484,29.67316486976865,0,0,0
2025-10-16 15:45:00+00:00,271,19.999999998617568,28.544190578943667,0,0,0
2025-10-16 16:00:00+00:00,271,30.00000000065484,30.096172162534284,0,0,0
2025-10-16 16:15:00+00:00,271,20.00000000043656,28.67101423863597,0,0,0
2025-10-16 16:30:00+00:00,271,19.999999998617568,29.183751293654627,0,0,0
2025-10-16 16:45:00+00:00,271,20.00000000043656,21.15597820445836,0,0,0
2025-10-16 17:00:00+00:00,271,20.00000000043656,21.187682324862752,0,0,0
2025-10-16 17:15:00+00:00,271,30.00000000065484,20.69496587730287,0,0,0
2025-10-16 17:30:00+00:00,271,19.999999998617568,20.7945286448398,0,0,0
2025-10-16 17:45:00+00:00,271,30.00000000065484,28.95372558254452,0,0,0
2025-10-16 18:00:00+00:00,271,20.00000000043656,21.88737616415888,0,0,0
2025-10-16 18:15:00+00:00,271,29.999999998835847,29.85213915642392,0,0,0
2025-10-16 18:30:00+00:00,271,20.00000000043656,26.64521464259701,0,0,0
2025-10-16 18:45:00+00:00,271,30.00000000065484,29.315416325473524,0,0,0
2025-10-16 19:00:00+00:00,271,20.00000000043656,21.979132057634995,0,0,0
2025-10-16 19:15:00+00:00,271,29.999999998835847,28.591649137734127,0,0,0
2025-10-16 19:30:00+00:00,271,30.00000000065484,21.17637350741729,0,0,0
2025-10-16 21:15:00+00:00,271,10.00000000021828,20.91907111238745,0,0,0
2025-10-16 21:30:00+00:00,271,20.00000000043656,18.18093230209484,0,0,0
2025-10-16 21:45:00+00:00,271,20.00000000043656,19.934894858881243,0,0,0
2025-10-16 22:00:00+00:00,271,10.00000000021828,20.158749339889084,0,0,0
2025-10-16 22:15:00+00:00,271,19.999999998617568,20.2270396285812,0,0,0
2025-10-16 22:30:00+00:00,271,10.00000000021828,18.80686998807199,0,0,0
2025-10-16 22:45:00+00:00,271,20.00000000043656,16.30603258542135,0,0,0
2025-10-16 23:00:00+00:00,271,10.00000000021828,10.811593478728737,0,0,0
2025-10-16 23:15:00+00:00,271,20.00000000043656,18.59565753225348,0,0,0
2025-10-16 23:30:00+00:00,271,19.999999998617568,10.586247872333278,0,0,0
2025-10-16 23:45:00+00:00,271,10.00000000021828,11.714763723453084,0,0,0
2025-10-17 00:00:00+00:00,271,20.00000000043656,19.9040942188144,0,0,0
2025-10-17 00:15:00+00:00,271,20.00000000043656,19.86182301535183,0,0,0
2025-10-17 00:30:00+00:00,271,20.00000000043656,20.2570602511956,0,0,0
2025-10-17 00:45:00+00:00,271,29.999999998835847,19.909133227264835,0,0,0
2025-10-17 01:00:00+00:00,271,10.00000000021828,20.020133060515484,0,0,0
2025-10-17 01:15:00+00:00,271,20.00000000043656,20.55108759062433,0,0,0
2025-10-17 01:30:00+00:00,271,30.00000000065484,20.47366104843405,0,0,0
2025-10-17 01:45:00+00:00,271,9.99999999839929,20.14849617796515,0,0,0
2025-10-17 02:00:00+00:00,271,20.00000000043656,20.57308695401307,0,0,0
2025-10-17 02:15:00+00:00,271,20.00000000043656,20.59591610283895,0,0,0
2025-10-17 02:30:00+00:00,271,20.00000000043656,20.56029945317617,0,0,0
2025-10-17 02:45:00+00:00,271,19.999999998617568,20.222288700196017,0,0,0
2025-10-17 03:00:00+00:00,271,20.00000000043656,20.41610628828677,0,0,0
2025-10-17 03:15:00+00:00,271,20.00000000043656,20.108231964193106,0,0,0
2025-10-17 03:30:00+00:00,271,20.00000000043656,20.320533573215148,0,0,0
2025-10-17 03:45:00+00:00,271,20.00000000043656,20.414211276561826,0,0,0
2025-10-17 04:00:00+00:00,271,19.999999998617568,20.145450760132427,0,0,0
2025-10-17 04:15:00+00:00,271,20.00000000043656,20.347803557598485,0,0,0
2025-10-17 04:30:00+00:00,271,20.00000000043656,20.393370932970512,0,0,0
2025-10-17 04:45:00+00:00,271,20.00000000043656,20.369016203998385,0,0,0
2025-10-17 05:00:00+00:00,271,19.999999998617568,20.500672622127624,0,0,0
2025-10-17 05:15:00+00:00,271,30.00000000065484,20.312573566893725,0,0,0
2025-10-17 05:30:00+00:00,271,20.00000000043656,20.209010219048565,0,0,0
2025-10-17 05:45:00+00:00,271,19.999999998617568,20.838753241701674,0,0,0
2025-10-17 06:00:00+00:00,271,20.00000000043656,20.68496538360893,0,0,0
2025-10-17 06:15:00+00:00,271,30.00000000065484,20.852579170680784,0,0,0
2025-10-17 06:30:00+00:00,271,79.99999999992724,37.647493842938175,0,0,0
2025-10-17 06:45:00+00:00,271,90.00000000014552,78.44924778937995,0,0,0
2025-10-17 07:00:00+00:00,271,69.99999999970896,51.0144203558103,0,0,0
2025-10-17 08:15:00+00:00,271,40.00000000087312,45.04030114231818,0,0,0
2025-10-17 08:30:00+00:00,271,39.999999999054126,41.97854409738876,0,0,0
2025-10-17 08:45:00+00:00,271,40.00000000087312,40.41238390208133,0,0,0
2025-10-17 09:00:00+00:00,271,49.9999999992724,40.33508273692942,0,0,0
2025-10-17 09:15:00+00:00,271,30.00000000065484,40.57953542114149,0,0,0
2025-10-17 09:30:00+00:00,271,39.999999999054126,44.75418882660932,0,0,0
2025-10-17 09:45:00+00:00,271,40.00000000087312,39.78451292131408,0,0,0
2025-10-17 10:00:00+00:00,271,39.999999999054126,39.61393889622946,0,0,0
2025-10-17 10:15:00+00:00,271,40.00000000087312,39.504598633853085,0,0,0
2025-10-17 10:30:00+00:00,271,30.00000000065484,39.52481592055907,0,0,0
2025-10-17 10:45:00+00:00,271,39.999999999054126,39.369484297864126,0,0,0
2025-10-17 11:00:00+00:00,271,30.00000000065484,31.07765185263895,0,0,0
2025-10-17 11:15:00+00:00,271,29.999999998835847,34.2950161583324,0,0,0
2025-10-17 11:30:00+00:00,271,40.00000000087312,30.519113417012534,0,0,0
2025-10-17 11:45:00+00:00,271,29.999999998835847,30.393213814805303,0,0,0
2025-10-17 12:00:00+00:00,271,30.00000000065484,30.6644799578488,0,0,0
2025-10-17 12:15:00+00:00,271,30.00000000065484,30.409166368053523,0,0,0
2025-10-17 12:30:00+00:00,271,29.999999998835847,30.27110710727786,0,0,0
2025-10-17 12:45:00+00:00,271,30.00000000065484,29.931240104176226,0,0,0
2025-10-17 13:00:00+00:00,271,40.00000000087312,30.215068356510542,0,0,0
2025-10-17 13:15:00+00:00,271,29.999999998835847,30.16258418834245,0,0,0
2025-10-17 13:30:00+00:00,271,30.00000000065484,30.45802512995186,0,0,0
2025-10-17 13:45:00+00:00,271,29.999999998835847,30.4746438085337,0,0,0
2025-10-17 14:00:00+00:00,271,30.00000000065484,30.365999340866438,0,0,0
2025-10-17 14:15:00+00:00,271,30.00000000065484,30.306562010990376,0,0,0
2025-10-17 14:30:00+00:00,271,29.999999998835847,30.276794535144283,0,0,0
2025-10-17 14:45:00+00:00,271,30.00000000065484,30.138889363705854,0,0,0
2025-10-17 15:00:00+00:00,271,30.00000000065484,30.21380884366709,0,0,0
2025-10-17 15:15:00+00:00,271,29.999999998835847,30.277309920908877,0,0,0
2025-10-17 15:30:00+00:00,271,40.00000000087312,30.155133825325844,0,0,0
2025-10-17 15:45:00+00:00,271,29.999999998835847,30.10391443392266,0,0,0
2025-10-17 16:00:00+00:00,271,20.00000000043656,30.406594703152034,0,0,0
2025-10-17 16:15:00+00:00,271,30.00000000065484,30.56466260792861,0,0,0
2025-10-17 16:30:00+00:00,271,39.999999999054126,30.426075997930504,0,0,0
2025-10-17 16:45:00+00:00,271,40.00000000087312,30.06912948385028,0,0,0
2025-10-17 17:00:00+00:00,271,30.00000000065484,30.402122284065825,0,0,0
2025-10-17 17:15:00+00:00,271,29.999999998835847,31.51780565174718,0,0,0
2025-10-17 17:30:00+00:00,271,30.00000000065484,30.904683221829167,0,0,0
2025-10-17 17:45:00+00:00,271,39.999999999054126,31.26329600632007,0,0,0
2025-10-17 18:00:00+00:00,271,30.00000000065484,30.49389540492126,0,0,0
2025-10-17 18:15:00+00:00,271,40.00000000087312,33.37684660868208,0,0,0
2025-10-17 18:30:00+00:00,271,39.999999999054126,30.95641512776705,0,0,0
2025-10-17 18:45:00+00:00,271,30.00000000065484,32.471135325508364,0,0,0
2025-10-17 19:00:00+00:00,271,39.999999999054126,38.02909943635848,0,0,0
2025-10-17 19:15:00+00:00,271,30.00000000065484,30.815058738005305,0,0,0
2025-10-17 19:30:00+00:00,271,39.999999999054126,30.296824713369347,0,0,0
2025-10-17 19:45:00+00:00,271,30.00000000065484,29.599192417131576,0,0,0
2025-10-17 20:00:00+00:00,271,20.00000000043656,29.14451976556501,0,0,0
2025-10-17 20:15:00+00:00,271,29.999999998835847,21.80728512063412,0,0,0
2025-10-17 20:30:00+00:00,271,20.00000000043656,20.980371870459702,0,0,0
2025-10-17 20:45:00+00:00,271,30.00000000065484,20.982303251096543,0,0,0
2025-10-17 21:00:00+00:00,271,29.999999998835847,20.916443937041493,0,0,0
2025-10-17 21:15:00+00:00,271,20.00000000043656,28.62675614409209,0,0,0
2025-10-17 21:30:00+00:00,271,30.00000000065484,29.19849888742723,0,0,0
2025-10-17 21:45:00+00:00,271,29.999999998835847,29.016997439933714,0,0,0
2025-10-17 22:00:00+00:00,271,20.00000000043656,25.736307202021543,0,0,0
2025-10-17 22:15:00+00:00,271,20.00000000043656,28.418324474418444,0,0,0
2025-10-17 22:30:00+00:00,271,30.00000000065484,29.66179671357221,0,0,0
2025-10-17 22:45:00+00:00,271,19.999999998617568,28.838342338334137,0,0,0
2025-10-17 23:00:00+00:00,271,20.00000000043656,29.79408288812317,0,0,0
2025-10-17 23:15:00+00:00,271,20.00000000043656,29.89836787174642,0,0,0
2025-10-17 23:30:00+00:00,271,30.00000000065484,29.562367936763295,0,0,0
2025-10-17 23:45:00+00:00,271,19.999999998617568,29.03752051262259,0,0,0
2025-10-18 00:00:00+00:00,271,20.00000000043656,29.681786216040543,0,0,0
2025-10-18 00:15:00+00:00,271,30.00000000065484,29.180061763250745,0,0,0
2025-10-18 00:30:00+00:00,271,29.999999998835847,28.7683407966298,0,0,0
2025-10-18 00:45:00+00:00,271,30.00000000065484,29.335489093608565,0,0,0
2025-10-18 01:00:00+00:00,271,30.00000000065484,29.85382648252043,0,0,0
2025-10-18 01:15:00+00:00,271,29.999999998835847,30.153300066505132,0,0,0
2025-10-18 01:30:00+00:00,271,20.00000000043656,30.13437052640315,0,0,0
2025-10-18 01:45:00+00:00,271,30.00000000065484,30.399151518210147,0,0,0
2025-10-18 02:00:00+00:00,271,29.999999998835847,30.04711863554199,0,0,0
2025-10-18 02:15:00+00:00,271,20.00000000043656,29.66769709098853,0,0,0
2025-10-18 02:30:00+00:00,271,30.00000000065484,30.25438506442012,0,0,0
2025-10-18 02:45:00+00:00,271,29.999999998835847,30.12942531146233,0,0,0
2025-10-18 04:45:00+00:00,271,30.00000000065484,29.97933081207998,0,0,0
2025-10-18 05:00:00+00:00,271,19.999999998617568,29.94680934823462,0,0,0
2025-10-18 05:15:00+00:00,271,30.00000000065484,30.460398679991197,0,0,0
2025-10-18 05:30:00+00:00,271,30.00000000065484,30.15702931558911,0,0,0
2025-10-18 05:45:00+00:00,271,29.999999998835847,30.250580684820783,0,0,0
2025-10-18 06:00:00+00:00,271,30.00000000065484,30.132824847647697,0,0,0
2025-10-18 06:15:00+00:00,271,30.00000000065484,30.249490574540623,0,0,0
2025-10-18 06:30:00+00:00,271,39.999999999054126,30.391008710252635,0,0,0
2025-10-18 06:45:00+00:00,271,30.00000000065484,30.287316157062588,0,0,0
2025-10-18 07:00:00+00:00,271,39.999999999054126,30.523173336071743,0,0,0
2025-10-18 07:15:00+00:00,271,30.00000000065484,30.154766786438717,0,0,0
2025-10-18 07:30:00+00:00,271,39.999999999054126,34.9327048311575,0,0,0
2025-10-18 07:45:00+00:00,271,30.00000000065484,30.8529819423434,0,0,0
2025-10-18 08:00:00+00:00,271,40.00000000087312,38.96858978206775,0,0,0
2025-10-18 08:15:00+00:00,271,29.999999998835847,35.630229934812846,0,0,0
2025-10-18 08:30:00+00:00,271,40.00000000087312,39.39697728110197,0,0,0
2025-10-18 08:45:00+00:00,271,39.999999999054126,34.32978005271895,0,0,0
2025-10-18 09:00:00+00:00,271,30.00000000065484,30.879844212082887,0,0,0
2025-10-18 09:15:00+00:00,271,39.999999999054126,36.3687896989264,0,0,0
2025-10-18 09:30:00+00:00,271,40.00000000087312,32.95664977143681,0,0,0
2025-10-18 09:45:00+00:00,271,30.00000000065484,36.45491415351888,0,0,0
2025-10-18 10:00:00+00:00,271,39.999999999054126,38.56117566027623,0,0,0
2025-10-18 10:15:00+00:00,271,30.00000000065484,35.87919619240617,0,0,0
2025-10-18 10:30:00+00:00,271,29.999999998835847,39.29089682172316,0,0,0
2025-10-18 10:45:00+00:00,271,40.00000000087312,39.269814337744776,0,0,0
2025-10-18 11:00:00+00:00,271,30.00000000065484,30.88919293659264,0,0,0
2025-10-18 11:15:00+00:00,271,29.999999998835847,31.174071580527027,0,0,0
2025-10-18 11:30:00+00:00,271,20.00000000043656,31.26720087896542,0,0,0
2025-10-18 11:45:00+00:00,271,30.00000000065484,30.76777149593139,0,0,0
2025-10-18 12:00:00+00:00,271,29.999999998835847,30.16773613183508,0,0,0
2025-10-18 12:15:00+00:00,271,30.00000000065484,30.22640780040812,0,0,0
2025-10-18 12:30:00+00:00,271,29.999999998835847,30.072839591401674,0,0,0
2025-10-18 12:45:00+00:00,271,20.00000000043656,30.03759476600917,0,0,0
2025-10-18 13:00:00+00:00,271,30.00000000065484,29.77503993444068,0,0,0
2025-10-18 13:15:00+00:00,271,20.00000000043656,21.02471514482354,0,0,0
2025-10-18 13:30:00+00:00,271,39.999999999054126,25.72880419979036,0,0,0
2025-10-18 13:45:00+00:00,271,50.000000001091394,20.66155433219276,0,0,0
2025-10-18 14:00:00+00:00,271,39.999999999054126,45.3017553357636,0,0,0
2025-10-18 14:15:00+00:00,271,30.00000000065484,38.34717524023813,0,0,0
2025-10-18 14:30:00+00:00,271,19.999999998617568,30.456568459322884,0,0,0
2025-10-18 14:45:00+00:00,271,30.00000000065484,30.063769854729205,0,0,0
2025-10-18 15:00:00+00:00,271,30.00000000065484,29.836002844462985,0,0,0
2025-10-18 17:45:00+00:00,271,30.00000000065484,30.23060840973176,0,0,0
2025-10-18 18:00:00+00:00,271,30.00000000065484,30.446867530613744,0,0,0
2025-10-18 18:15:00+00:00,271,39.999999999054126,30.618965221691354,0,0,0
2025-10-18 18:30:00+00:00,271,30.00000000065484,30.40996361288528,0,0,0
2025-10-18 18:45:00+00:00,271,39.999999999054126,31.04570367769422,0,0,0
2025-10-18 19:00:00+00:00,271,30.00000000065484,30.61028740789836,0,0,0
2025-10-18 19:15:00+00:00,271,40.00000000087312,34.17908355213711,0,0,0
2025-10-18 19:30:00+00:00,271,39.999999999054126,30.669439528939044,0,0,0
2025-10-18 19:45:00+00:00,271,40.00000000087312,37.91200781036575,0,0,0
2025-10-18 20:00:00+00:00,271,39.999999999054126,39.42463488151996,0,0,0
2025-10-18 20:15:00+00:00,271,40.00000000087312,39.56580368426246,0,0,0
2025-10-18 20:30:00+00:00,271,29.999999998835847,39.51897583897036,0,0,0
2025-10-18 20:45:00+00:00,271,40.00000000087312,39.78311750358935,0,0,0
2025-10-18 21:00:00+00:00,271,39.999999999054126,39.91119158389712,0,0,0
2025-10-18 21:15:00+00:00,271,40.00000000087312,39.71021314846997,0,0,0
2025-10-18 21:30:00+00:00,271,49.9999999992724,39.74643275640887,0,0,0
2025-10-18 21:45:00+00:00,271,40.00000000087312,39.64724707706367,0,0,0
2025-10-18 22:00:00+00:00,271,39.999999999054126,40.326777225945015,0,0,0
2025-10-18 22:15:00+00:00,271,40.00000000087312,40.41368169798993,0,0,0
2025-10-18 22:30:00+00:00,271,39.999999999054126,40.71664621897805,0,0,0
2025-10-18 22:45:00+00:00,271,40.00000000087312,40.33487409422435,0,0,0
2025-10-18 23:00:00+00:00,271,49.9999999992724,44.120707462644255,0,0,0
2025-10-18 23:15:00+00:00,271,40.00000000087312,40.41573175612874,0,0,0
2025-10-18 23:30:00+00:00,271,39.999999999054126,48.04136517283461,0,0,0
2025-10-18 23:45:00+00:00,271,50.000000001091394,48.0130280480102,0,0,0
2025-10-19 00:00:00+00:00,271,39.999999999054126,47.30028159765101,0,0,0
2025-10-19 00:15:00+00:00,271,59.99999999949068,48.67099908875204,0,0,0
2025-10-19 00:30:00+00:00,271,50.000000001091394,45.24170834807502,0,0,0
2025-10-19 00:45:00+00:00,271,49.9999999992724,48.71179352297642,0,0,0
2025-10-19 01:00:00+00:00,271,50.000000001091394,48.85412995920603,0,0,0
2025-10-19 01:15:00+00:00,271,49.9999999992724,49.34854426070534,0,0,0
2025-10-19 01:30:00+00:00,271,40.00000000087312,48.97428901579394,0,0,0
2025-10-19 01:45:00+00:00,271,49.9999999992724,50.19188573121247,0,0,0
2025-10-19 02:00:00+00:00,271,49.9999999992724,49.334184282967385,0,0,0
2025-10-19 02:15:00+00:00,271,50.000000001091394,49.16544784500999,0,0,0
2025-10-19 02:30:00+00:00,271,49.9999999992724,49.57776794160054,0,0,0
2025-10-19 02:45:00+00:00,271,50.000000001091394,49.31985493168155,0,0,0
2025-10-19 03:00:00+00:00,271,49.9999999992724,49.49563545362663,0,0,0
2025-10-19 03:15:00+00:00,271,49.9999999992724,49.68953917861397,0,0,0
2025-10-19 03:30:00+00:00,271,50.000000001091394,49.37316792821015,0,0,0
2025-10-19 03:45:00+00:00,271,49.9999999992724,49.45335946478093,0,0,0
2025-10-19 04:00:00+00:00,271,50.000000001091394,50.03757052389727,0,0,0
2025-10-19 04:15:00+00:00,271,59.99999999949068,49.79649440603147,0,0,0
2025-10-19 04:30:00+00:00,271,49.9999999992724,49.50128986234937,0,0,0
2025-10-19 04:45:00+00:00,271,50.000000001091394,50.1262953556901,0,0,0
2025-10-19 05:00:00+00:00,271,49.9999999992724,50.19016682158721,0,0,0
2025-10-19 05:15:00+00:00,271,49.9999999992724,50.55353436276981,0,0,0
2025-10-19 05:30:00+00:00,271,50.000000001091394,50.05248560607991,0,0,0
2025-10-19 05:45:00+00:00,271,49.9999999992724,50.32818109976132,0,0,0
2025-10-19 07:15:00+00:00,271,49.9999999992724,50.88420433800735,0,0,0
2025-10-19 07:30:00+00:00,271,59.99999999949068,50.32790928999875,0,0,0
2025-10-19 07:45:00+00:00,271,60.00000000130967,51.18361236224298,0,0,0
2025-10-19 08:00:00+00:00,271,49.9999999992724,50.551091903213205,0,0,0
2025-10-19 08:15:00+00:00,271,49.9999999992724,51.55208303601015,0,0,0
2025-10-19 08:30:00+00:00,271,60.00000000130967,50.96227499276878,0,0,0
2025-10-19 08:45:00+00:00,271,49.9999999992724,49.8151459153728,0,0,0
2025-10-19 09:00:00+00:00,271,49.9999999992724,50.52330988283347,0,0,0
2025-10-19 09:15:00+00:00,271,60.00000000130967,50.54178529007511,0,0,0
2025-10-19 09:30:00+00:00,271,49.9999999992724,50.05992783394517,0,0,0
2025-10-19 09:45:00+00:00,271,50.000000001091394,51.01848218902276,0,0,0
2025-10-19 10:00:00+00:00,271,49.9999999992724,49.45332118171577,0,0,0
2025-10-19 10:15:00+00:00,271,39.999999999054126,48.51685998353653,0,0,0
2025-10-19 10:30:00+00:00,271,50.000000001091394,46.43026735857688,0,0,0
2025-10-19 10:45:00+00:00,271,39.999999999054126,40.432201130756496,0,0,0
2025-10-19 11:00:00+00:00,271,40.00000000087312,40.28162426475325,0,0,0
2025-10-19 11:15:00+00:00,271,39.999999999054126,39.815922262116814,0,0,0
2025-10-19 11:30:00+00:00,271,30.00000000065484,39.54096371743955,0,0,0
2025-10-19 11:45:00+00:00,271,40.00000000087312,39.30914253057389,0,0,0
2025-10-19 12:00:00+00:00,271,29.999999998835847,30.24379453298454,0,0,0
2025-10-19 12:15:00+00:00,271,30.00000000065484,30.064303424949745,0,0,0
2025-10-19 12:30:00+00:00,271,30.00000000065484,29.423707631864776,0,0,0
2025-10-19 12:45:00+00:00,271,29.999999998835847,29.17085085777553,0,0,0
2025-10-19 13:00:00+00:00,271,20.00000000043656,25.53410514412452,0,0,0
2025-10-19 13:15:00+00:00,271,30.00000000065484,28.54434562535753,0,0,0
2025-10-19 13:30:00+00:00,271,19.999999998617568,20.73880477228335,0,0,0
2025-10-19 13:45:00+00:00,271,30.00000000065484,20.99465719622061,0,0,0
2025-10-19 14:00:00+00:00,271,20.00000000043656,20.471094168915705,0,0,0
2025-10-19 14:15:00+00:00,271,19.999999998617568,20.60216581322477,0,0,0
2025-10-19 14:30:00+00:00,271,20.00000000043656,20.592230400741585,0,0,0
2025-10-19 14:45:00+00:00,271,20.00000000043656,20.5533060942498,0,0,0
2025-10-19 15:00:00+00:00,271,20.00000000043656,20.42313888735492,0,0,0
2025-10-19 15:15:00+00:00,271,20.00000000043656,20.255979711681725,0,0,0
2025-10-19 15:30:00+00:00,271,19.999999998617568,20.384665363955285,0,0,0
2025-10-19 15:45:00+00:00,271,20.00000000043656,20.3205086892228,0,0,0
2025-10-19 16:00:00+00:00,271,10.00000000021828,20.4665719818448,0,0,0
2025-10-19 16:15:00+00:00,271,20.00000000043656,20.459695386267143,0,0,0
2025-10-19 16:30:00+00:00,271,10.00000000021828,20.236811380960862,0,0,0
2025-10-19 16:45:00+00:00,271,19.999999998617568,20.33143659017001,0,0,0
2025-10-19 17:00:00+00:00,271,20.00000000043656,20.01632485260964,0,0,0
2025-10-19 17:15:00+00:00,271,10.00000000021828,19.898946103628283,0,0,0
2025-10-19 17:30:00+00:00,271,20.00000000043656,20.254704885612213,0,0,0
2025-10-19 17:45:00+00:00,271,19.999999998617568,19.940728240933552,0,0,0
2025-10-19 18:00:00+00:00,271,20.00000000043656,20.16424774512133,0,0,0
2025-10-19 18:15:00+00:00,271,20.00000000043656,19.994236481094426,0,0,0
2025-10-19 18:30:00+00:00,271,20.00000000043656,20.36450837307691,0,0,0
2025-10-19 18:45:00+00:00,271,29.999999998835847,20.464384104671453,0,0,0
2025-10-19 19:00:00+00:00,271,20.00000000043656,20.733961964541805,0,0,0
2025-10-19 19:15:00+00:00,271,20.00000000043656,28.57082984982865,0,0,0
2025-10-19 19:30:00+00:00,271,30.00000000065484,21.62525967368636,0,0,0
2025-10-19 19:45:00+00:00,271,19.999999998617568,22.38995815760805,0,0,0
2025-10-19 20:00:00+00:00,271,30.00000000065484,29.24816542200025,0,0,0
2025-10-19 20:15:00+00:00,271,30.00000000065484,26.473047563463822,0,0,0
2025-10-19 20:30:00+00:00,271,29.999999998835847,28.63227608354848,0,0,0
2025-10-19 20:45:00+00:00,271,30.00000000065484,29.88456395552977,0,0,0
2025-10-19 21:00:00+00:00,271,30.00000000065484,30.408159523440062,0,0,0
2025-10-19 21:15:00+00:00,271,29.999999998835847,30.177778736900684,0,0,0
2025-10-19 21:30:00+00:00,271,30.00000000065484,30.06252948341833,0,0,0
2025-10-19 21:45:00+00:00,271,29.999999998835847,30.24751708253212,0,0,0
2025-10-19 22:00:00+00:00,271,20.00000000043656,30.17688913417425,0,0,0
2025-10-19 22:15:00+00:00,271,40.00000000087312,30.563506459361065,0,0,0
2025-10-19 22:30:00+00:00,271,29.999999998835847,29.99553029109842,0,0,0
2025-10-19 22:45:00+00:00,271,30.00000000065484,30.34595145672374,0,0,0
2025-10-19 23:00:00+00:00,271,20.00000000043656,30.386226198338704,0,0,0
2025-10-19 23:15:00+00:00,271,29.999999998835847,30.450402014603767,0,0,0
2025-10-19 23:30:00+00:00,271,30.00000000065484,29.94484446991577,0,0,0
2025-10-19 23:45:00+00:00,271,30.00000000065484,29.932547949389427,0,0,0
2025-10-20 00:00:00+00:00,271,29.999999998835847,29.91334229268004,0,0,0
2025-10-20 00:15:00+00:00,271,20.00000000043656,29.923584448222748,0,0,0
2025-10-20 00:30:00+00:00,271,40.00000000087312,30.36004058177576,0,0,0
2025-10-20 00:45:00+00:00,271,39.999999999054126,29.690415218925477,0,0,0
2025-10-20 01:00:00+00:00,271,30.00000000065484,29.77767907324449,0,0,0
2025-10-20 01:15:00+00:00,271,29.999999998835847,30.015026899102946,0,0,0
2025-10-20 01:30:00+00:00,271,30.00000000065484,30.105781211887063,0,0,0
2025-10-20 01:45:00+00:00,271,30.00000000065484,30.10388954993031,0,0,0
2025-10-20 02:00:00+00:00,271,29.999999998835847,30.005835613698626,0,0,0
2025-10-20 06:00:00+00:00,271,40.00000000087312,29.935930258195476,0,0,0
2025-10-20 06:15:00+00:00,271,29.999999998835847,29.486268859857116,0,0,0
2025-10-20 06:30:00+00:00,271,40.00000000087312,30.02693341090307,0,0,0
2025-10-20 06:45:00+00:00,271,40.00000000087312,29.250910796309853,0,0,0
2025-10-20 07:00:00+00:00,271,29.999999998835847,29.93998539187154,0,0,0
2025-10-20 07:15:00+00:00,271,40.00000000087312,30.916286818876287,0,0,0
2025-10-20 07:30:00+00:00,271,39.999999999054126,37.46897799598808,0,0,0
2025-10-20 07:45:00+00:00,271,40.00000000087312,38.90413067112057,0,0,0
2025-10-20 08:00:00+00:00,271,29.999999998835847,35.3860012065319,0,0,0
2025-10-20 08:15:00+00:00,271,30.00000000065484,39.46465216952178,0,0,0
2025-10-20 08:30:00+00:00,271,30.00000000065484,30.78790073158753,0,0,0
2025-10-20 08:45:00+00:00,271,29.999999998835847,30.288661806802622,0,0,0
2025-10-20 09:00:00+00:00,271,40.00000000087312,29.770373228798828,0,0,0
2025-10-20 09:15:00+00:00,271,29.999999998835847,29.4073837328846,0,0,0
2025-10-20 09:30:00+00:00,271,30.00000000065484,30.0338023498677,0,0,0
2025-10-20 09:45:00+00:00,271,30.00000000065484,29.785336643351226,0,0,0
2025-10-20 10:00:00+00:00,271,29.999999998835847,29.509946935652703,0,0,0
2025-10-20 10:15:00+00:00,271,30.00000000065484,29.264193584302134,0,0,0
2025-10-20 10:30:00+00:00,271,30.00000000065484,29.28038540670755,0,0,0
2025-10-20 10:45:00+00:00,271,29.999999998835847,29.57782950970096,0,0,0
2025-10-20 11:00:00+00:00,271,30.00000000065484,29.0185407259976,0,0,0
2025-10-20 11:15:00+00:00,271,30.00000000065484,29.687888536625536,0,0,0
2025-10-20 11:30:00+00:00,271,29.999999998835847,29.20800935788725,0,0,0
2025-10-20 11:45:00+00:00,271,30.00000000065484,28.882321923579045,0,0,0
2025-10-20 12:00:00+00:00,271,20.00000000043656,28.63924168725261,0,0,0
2025-10-20 12:15:00+00:00,271,29.999999998835847,29.43844661194772,0,0,0
2025-10-20 12:30:00+00:00,271,30.00000000065484,23.74317454547553,0,0,0
2025-10-20 12:45:00+00:00,271,30.00000000065484,27.749022124930367,0,0,0
2025-10-20 13:00:00+00:00,271,29.999999998835847,25.770201592290867,0,0,0
2025-10-20 13:15:00+00:00,271,20.00000000043656,29.102528028478044,0,0,0
2025-10-20 13:30:00+00:00,271,20.00000000043656,29.09008746791907,0,0,0
2025-10-20 13:45:00+00:00,271,19.999999998617568,20.940991038416,0,0,0
2025-10-20 14:00:00+00:00,271,30.00000000065484,20.47746734218664,0,0,0
2025-10-20 14:15:00+00:00,271,20.00000000043656,20.078750175720693,0,0,0
2025-10-20 14:30:00+00:00,271,20.00000000043656,20.409894860966094,0,0,0
2025-10-20 14:45:00+00:00,271,19.999999998617568,20.281098187803607,0,0,0
2025-10-20 15:00:00+00:00,271,20.00000000043656,20.324408776485008,0,0,0
2025-10-20 15:15:00+00:00,271,20.00000000043656,20.31852275521812,0,0,0
2025-10-20 15:30:00+00:00,271,20.00000000043656,20.20043481245485,0,0,0
2025-10-20 15:45:00+00:00,271,29.999999998835847,20.17931500248794,0,0,0
2025-10-20 16:00:00+00:00,271,20.00000000043656,19.796406827775897,0,0,0
2025-10-20 16:15:00+00:00,271,20.00000000043656,20.363644132881134,0,0,0
2025-10-20 16:30:00+00:00,271,20.00000000043656,20.28948696445471,0,0,0
2025-10-20 16:45:00+00:00,271,19.999999998617568,20.372563129984577,0,0,0
2025-10-20 17:00:00+00:00,271,30.00000000065484,20.296714807155126,0,0,0
2025-10-20 17:15:00+00:00,271,20.00000000043656,20.09724089618839,0,0,0
2025-10-20 17:30:00+00:00,271,19.999999998617568,20.4596772018112,0,0,0
2025-10-20 17:45:00+00:00,271,20.00000000043656,20.542165722291003,0,0,0
2025-10-20 18:00:00+00:00,271,20.00000000043656,20.710242734451175,0,0,0
2025-10-20 18:15:00+00:00,271,20.00000000043656,20.64475572320472,0,0,0
2025-10-20 18:30:00+00:00,271,29.999999998835847,20.54392387205804,0,0,0
2025-10-20 18:45:00+00:00,271,20.00000000043656,20.36870898240055,0,0,0
2025-10-20 21:45:00+00:00,271,10.00000000021828,20.688640557863373,0,0,0
2025-10-20 22:00:00+00:00,271,19.999999998617568,20.779999264538557,0,0,0
2025-10-20 22:15:00+00:00,271,10.00000000021828,20.12006238840124,0,0,0
2025-10-20 22:30:00+00:00,271,10.00000000021828,19.80191193254454,0,0,0
2025-10-20 22:45:00+00:00,271,10.00000000021828,11.201774478742744,0,0,0
2025-10-20 23:00:00+00:00,271,10.00000000021828,10.694374561544382,0,0,0
2025-10-20 23:15:00+00:00,271,20.00000000043656,10.103115590133823,0,0,0
2025-10-20 23:30:00+00:00,271,0.0,10.03225363654023,0,0,0
2025-10-20 23:45:00+00:00,271,19.999999998617568,10.42801247914667,0,0,0
2025-10-21 00:00:00+00:00,271,10.00000000021828,10.136504165404844,0,0,0
2025-10-21 00:15:00+00:00,271,10.00000000021828,10.409736143843816,0,0,0
2025-10-21 00:30:00+00:00,271,10.00000000021828,10.441763756148736,0,0,0
2025-10-21 00:45:00+00:00,271,10.00000000021828,10.736348114175405,0,0,0
2025-10-21 01:00:00+00:00,271,10.00000000021828,10.589547872549254,0,0,0
2025-10-21 01:15:00+00:00,271,10.00000000021828,10.458091483435428,0,0,0
2025-10-21 01:30:00+00:00,271,9.99999999839929,10.542302741847006,0,0,0
2025-10-21 01:45:00+00:00,271,20.00000000043656,10.32942210146456,0,0,0
2025-10-21 02:00:00+00:00,271,10.00000000021828,10.209879402225573,0,0,0
2025-10-21 02:15:00+00:00,271,10.00000000021828,10.44956393067315,0,0,0
2025-10-21 02:30:00+00:00,271,20.00000000043656,10.501336033829444,0,0,0
2025-10-21 02:45:00+00:00,271,10.00000000021828,10.347725234913018,0,0,0
2025-10-21 03:00:00+00:00,271,10.00000000021828,10.583583370998802,0,0,0
2025-10-21 03:15:00+00:00,271,9.99999999839929,10.610794973707788,0,0,0
2025-10-21 03:30:00+00:00,271,10.00000000021828,10.816210416385886,0,0,0
2025-10-21 03:45:00+00:00,271,20.00000000043656,10.522242415708138,0,0,0
2025-10-21 04:00:00+00:00,271,10.00000000021828,10.370909459168168,0,0,0
2025-10-21 04:15:00+00:00,271,10.00000000021828,10.510491428860188,0,0,0
2025-10-21 04:30:00+00:00,271,10.00000000021828,10.640621309766551,0,0,0
2025-10-21 04:45:00+00:00,271,19.999999998617568,11.03184743745917,0,0,0
2025-10-21 05:00:00+00:00,271,10.00000000021828,10.520496707937276,0,0,0
2025-10-21 05:15:00+00:00,271,20.00000000043656,10.79445415046085,0,0,0
2025-10-21 05:30:00+00:00,271,20.00000000043656,10.55637942490285,0,0,0
2025-10-21 05:45:00+00:00,271,10.00000000021828,10.833430139090584,0,0,0
2025-10-21 06:00:00+00:00,271,19.999999998617568,19.597198984111955,0,0,0
2025-10-21 06:15:00+00:00,271,10.00000000021828,13.222896362758622,0,0,0
2025-10-21 06:30:00+00:00,271,79.99999999992724,20.319577453663012,0,0,0
2025-10-21 06:45:00+00:00,271,100.0000000003638,79.66479636081293,0,0,0
2025-10-21 07:00:00+00:00,271,40.00000000087312,57.2162118289824,0,0,0
2025-10-21 07:15:00+00:00,271,29.999999998835847,41.91915940672728,0,0,0
2025-10-21 07:30:00+00:00,271,20.00000000043656,35.7629649783027,0,0,0
2025-10-21 07:45:00+00:00,271,40.00000000087312,30.60248627629732,0,0,0
2025-10-21 08:00:00+00:00,271,29.999999998835847,30.34696404379697,0,0,0
2025-10-21 08:15:00+00:00,271,40.00000000087312,37.540759700221926,0,0,0
2025-10-21 08:30:00+00:00,271,29.999999998835847,37.63067130703441,0,0,0
2025-10-21 08:45:00+00:00,271,30.00000000065484,31.373584731635543,0,0,0
2025-10-21 09:45:00+00:00,271,40.00000000087312,30.41694931519862,0,0,0
2025-10-21 10:00:00+00:00,271,29.999999998835847,30.239763804762507,0,0,0
2025-10-21 10:15:00+00:00,271,30.00000000065484,30.706800929296055,0,0,0
2025-10-21 10:30:00+00:00,271,29.999999998835847,30.38548829225793,0,0,0
2025-10-21 10:45:00+00:00,271,30.00000000065484,30.523961967213843,0,0,0
2025-10-21 11:00:00+00:00,271,30.00000000065484,30.244896128184248,0,0,0
2025-10-21 11:15:00+00:00,271,29.999999998835847,30.348988260866804,0,0,0
2025-10-21 11:30:00+00:00,271,30.00000000065484,30.261317170442247,0,0,0
2025-10-21 11:45:00+00:00,271,40.00000000087312,30.23738834056992,0,0,0
2025-10-21 12:00:00+00:00,271,29.999999998835847,29.85093323987168,0,0,0
2025-10-21 12:15:00+00:00,271,30.00000000065484,30.252133541650952,0,0,0
2025-10-21 12:30:00+00:00,271,20.00000000043656,30.181487408837143,0,0,0
2025-10-21 12:45:00+00:00,271,29.999999998835847,30.482272666341565,0,0,0
2025-10-21 13:00:00+00:00,271,40.00000000087312,29.665856154093103,0,0,0
2025-10-21 13:15:00+00:00,271,19.999999998617568,29.31707158950297,0,0,0
2025-10-21 13:30:00+00:00,271,40.00000000087312,30.247789849371312,0,0,0
2025-10-21 13:45:00+00:00,271,20.00000000043656,29.175373523384756,0,0,0
2025-10-21 14:00:00+00:00,271,29.999999998835847,30.30587865827744,0,0,0
2025-10-21 14:15:00+00:00,271,30.00000000065484,23.478237071639725,0,0,0
2025-10-21 14:30:00+00:00,271,20.00000000043656,22.704794735637652,0,0,0
2025-10-21 14:45:00+00:00,271,29.999999998835847,28.81063879823797,0,0,0
2025-10-21 15:00:00+00:00,271,20.00000000043656,25.0297745716746,0,0,0
2025-10-21 15:15:00+00:00,271,20.00000000043656,29.97320647873253,0,0,0
2025-10-21 15:30:00+00:00,271,20.00000000043656,28.43209585002971,0,0,0
2025-10-21 15:45:00+00:00,271,29.999999998835847,26.861840802366128,0,0,0
2025-10-21 16:00:00+00:00,271,20.00000000043656,20.549027004642603,0,0,0
2025-10-21 16:15:00+00:00,271,30.00000000065484,20.82447748670705,0,0,0
2025-10-21 16:30:00+00:00,271,20.00000000043656,20.512684890895223,0,0,0
2025-10-21 16:45:00+00:00,271,29.999999998835847,20.743239865381035,0,0,0
2025-10-21 17:00:00+00:00,271,20.00000000043656,20.65567405338564,0,0,0
2025-10-21 17:15:00+00:00,271,30.00000000065484,29.11843033520325,0,0,0
2025-10-21 17:30:00+00:00,271,19.999999998617568,26.586623368460785,0,0,0
2025-10-21 17:45:00+00:00,271,30.00000000065484,30.114751891128456,0,0,0
2025-10-21 18:00:00+00:00,271,30.00000000065484,29.544903202441635,0,0,0
2025-10-21 18:15:00+00:00,271,29.999999998835847,29.435893610040495,0,0,0
2025-10-21 18:30:00+00:00,271,30.00000000065484,29.81251044153337,0,0,0
2025-10-21 18:45:00+00:00,271,20.00000000043656,29.621054918562404,0,0,0
2025-10-21 19:00:00+00:00,271,29.999999998835847,30.12364313300966,0,0,0
2025-10-21 19:15:00+00:00,271,40.00000000087312,29.27548086752345,0,0,0
2025-10-21 19:30:00+00:00,271,29.999999998835847,29.13976740156489,0,0,0
2025-10-21 19:45:00+00:00,271,20.00000000043656,29.40396888347317,0,0,0
2025-10-21 20:00:00+00:00,271,20.00000000043656,21.16282513066053,0,0,0
2025-10-21 20:15:00+00:00,271,10.00000000021828,19.35445946706536,0,0,0
2025-10-21 20:30:00+00:00,271,20.00000000043656,18.79802851417548,0,0,0
2025-10-21 20:45:00+00:00,271,19.999999998617568,19.13831232414895,0,0,0
2025-10-21 21:00:00+00:00,271,20.00000000043656,20.08034275123095,0,0,0
2025-10-21 21:15:00+00:00,271,20.00000000043656,19.883979339307693,0,0,0
2025-10-21 21:30:00+00:00,271,20.00000000043656,19.89070950216115,0,0,0
2025-10-21 21:45:00+00:00,271,19.999999998617568,15.499511766975978,0,0,0
2025-10-21 22:00:00+00:00,271,10.00000000021828,16.757839749561395,0,0,0
2025-10-21 22:15:00+00:00,271,20.00000000043656,19.722554966794043,0,0,0
2025-10-21 22:30:00+00:00,271,10.00000000021828,16.342301004268315,0,0,0
2025-10-21 22:45:00+00:00,271,20.00000000043656,20.06488979198295,0,0,0
2025-10-21 23:00:00+00:00,271,19.999999998617568,19.88115309202296,0,0,0
2025-10-21 23:15:00+00:00,271,10.00000000021828,20.083185268818376,0,0,0
2025-10-21 23:30:00+00:00,271,20.00000000043656,20.3936800687216,0,0,0
2025-10-21 23:45:00+00:00,271,20.00000000043656,20.176187276065143,0,0,0
2025-10-22 00:00:00+00:00,271,20.00000000043656,20.08841282136468,0,0,0
2025-10-22 00:15:00+00:00,271,9.99999999839929,20.000235437403507,0,0,0
2025-10-22 00:30:00+00:00,271,20.00000000043656,20.408311856222127,0,0,0
2025-10-22 00:45:00+00:00,271,30.00000000065484,20.130506965650923,0,0,0
2025-10-22 01:00:00+00:00,271,20.00000000043656,19.856116924491147,0,0,0
2025-10-22 01:15:00+00:00,271,19.999999998617568,20.216203606990344,0,0,0
2025-10-22 01:30:00+00:00,271,20.00000000043656,20.13712897884533,0,0,0
2025-10-22 01:45:00+00:00,271,20.00000000043656,20.17299064012508,0,0,0
2025-10-22 02:00:00+00:00,271,20.00000000043656,20.08506305316401,0,0,0
2025-10-22 06:00:00+00:00,271,20.00000000043656,20.038333786764667,0,0,0
2025-10-22 06:15:00+00:00,271,30.00000000065484,20.08958906854143,0,0,0
2025-10-22 06:30:00+00:00,271,79.99999999992724,21.099563322575936,0,0,0
2025-10-22 06:45:00+00:00,271,79.99999999992724,67.64192318416451,0,0,0
2025-10-22 07:00:00+00:00,271,39.999999999054126,50.55826997792892,0,0,0
2025-10-22 07:15:00+00:00,271,30.00000000065484,40.96695621215815,0,0,0
2025-10-22 07:30:00+00:00,271,40.00000000087312,38.29152123427557,0,0,0
2025-10-22 07:45:00+00:00,271,29.999999998835847,38.20149860657415,0,0,0
2025-10-22 08:00:00+00:00,271,40.00000000087312,38.82371709277192,0,0,0
2025-10-22 08:15:00+00:00,271,29.999999998835847,39.40645042557346,0,0,0
2025-10-22 08:30:00+00:00,271,40.00000000087312,39.43700413987008,0,0,0
2025-10-22 08:45:00+00:00,271,39.999999999054126,30.955198683371894,0,0,0
2025-10-22 09:00:00+00:00,271,30.00000000065484,30.589413566625044,0,0,0
2025-10-22 09:15:00+00:00,271,30.00000000065484,30.862467528811067,0,0,0
2025-10-22 09:30:00+00:00,271,39.999999999054126,30.608358898491403,0,0,0
2025-10-22 09:45:00+00:00,271,30.00000000065484,30.195403303019354,0,0,0
2025-10-22 10:00:00+00:00,271,39.999999999054126,30.2528704906551,0,0,0
2025-10-22 10:15:00+00:00,271,30.00000000065484,30.292920797800623,0,0,0
2025-10-22 10:30:00+00:00,271,30.00000000065484,30.528358777246385,0,0,0
2025-10-22 10:45:00+00:00,271,29.999999998835847,30.44101404995223,0,0,0
2025-10-22 11:00:00+00:00,271,20.00000000043656,30.24399408346164,0,0,0
2025-10-22 11:15:00+00:00,271,30.00000000065484,30.04407321770927,0,0,0
2025-10-22 11:30:00+00:00,271,29.999999998835847,28.49415365571532,0,0,0
2025-10-22 11:45:00+00:00,271,30.00000000065484,28.29929859655899,0,0,0
2025-10-22 12:00:00+00:00,271,30.00000000065484,20.800518987459228,0,0,0
2025-10-22 12:15:00+00:00,271,29.999999998835847,28.43011135163997,0,0,0
2025-10-22 12:30:00+00:00,271,20.00000000043656,28.3657321565913,0,0,0
2025-10-22 12:45:00+00:00,271,40.00000000087312,29.510451793574376,0,0,0
2025-10-22 13:00:00+00:00,271,19.999999998617568,20.77932165428539,0,0,0
2025-10-22 13:15:00+00:00,271,30.00000000065484,29.14380195809344,0,0,0
2025-10-22 13:30:00+00:00,271,20.00000000043656,27.24768385256027,0,0,0
2025-10-22 13:45:00+00:00,271,29.999999998835847,29.307642949094717,0,0,0
2025-10-22 14:00:00+00:00,271,20.00000000043656,20.591169959836915,0,0,0
2025-10-22 14:15:00+00:00,271,20.00000000043656,21.070639509778097,0,0,0
2025-10-22 14:30:00+00:00,271,20.00000000043656,20.75677197183511,0,0,0
2025-10-22 14:45:00+00:00,271,29.999999998835847,20.459631262133016,0,0,0
2025-10-22 15:00:00+00:00,271,20.00000000043656,20.2157729225074,0,0,0
2025-10-22 15:15:00+00:00,271,20.00000000043656,20.12637813707444,0,0,0
2025-10-22 15:30:00+00:00,271,29.999999998835847,20.638686900301728,0,0,0
2025-10-22 15:45:00+00:00,271,20.00000000043656,20.33431739082259,0,0,0
2025-10-22 16:00:00+00:00,271,20.00000000043656,23.05095356049678,0,0,0
2025-10-22 16:15:00+00:00,271,30.00000000065484,21.088325328801,0,0,0
2025-10-22 16:30:00+00:00,271,19.999999998617568,20.689721097377248,0,0,0
2025-10-22 16:45:00+00:00,271,30.00000000065484,28.78032052479202,0,0,0
2025-10-22 17:00:00+00:00,271,30.00000000065484,28.674520010327125,0,0,0
2025-10-22 17:15:00+00:00,271,19.999999998617568,26.246896098546948,0,0,0
2025-10-22 17:30:00+00:00,271,20.00000000043656,30.142196541996544,0,0,0
2025-10-22 17:45:00+00:00,271,20.00000000043656,30.105636214777803,0,0,0
2025-10-22 18:00:00+00:00,271,30.00000000065484,29.88080838683851,0,0,0
2025-10-22 18:15:00+00:00,271,29.999999998835847,28.74268396490424,0,0,0
2025-10-22 18:30:00+00:00,271,30.00000000065484,29.653537620804297,0,0,0
2025-10-22 18:45:00+00:00,271,29.999999998835847,29.680107503633696,0,0,0
2025-10-22 19:00:00+00:00,271,30.00000000065484,30.017322925935343,0,0,0
2025-10-22 19:15:00+00:00,271,30.00000000065484,29.648835981865503,0,0,0
2025-10-22 19:30:00+00:00,271,29.999999998835847,29.61147553858512,0,0,0
2025-10-22 19:45:00+00:00,271,30.00000000065484,29.25587802401313,0,0,0
2025-10-22 20:00:00+00:00,271,20.00000000043656,21.82278689079019,0,0,0
2025-10-22 20:15:00+00:00,271,20.00000000043656,20.363892015727988,0,0,0
2025-10-22 20:30:00+00:00,271,9.99999999839929,20.21754447134724,0,0,0
2025-10-22 20:45:00+00:00,271,30.00000000065484,20.2307167169889,0,0,0
2025-10-22 21:00:00+00:00,271,20.00000000043656,20.004351823983814,0,0,0
2025-10-22 21:15:00+00:00,271,20.00000000043656,20.24984485049136,0,0,0
2025-10-22 21:30:00+00:00,271,19.999999998617568,20.18207616856192,0,0,0
2025-10-22 21:45:00+00:00,271,20.00000000043656,20.320193811011936,0,0,0
2025-10-22 22:00:00+00:00,271,20.00000000043656,20.242135598246676,0,0,0
2025-10-22 22:15:00+00:00,271,20.00000000043656,20.1150032813416,0,0,0
2025-10-22 22:30:00+00:00,271,19.999999998617568,20.350239317618687,0,0,0
2025-10-22 22:45:00+00:00,271,20.00000000043656,20.32002153721876,0,0,0
2025-10-22 23:00:00+00:00,271,20.00000000043656,20.8329476148716,0,0,0
2025-10-22 23:15:00+00:00,271,20.00000000043656,20.74694088070446,0,0,0
2025-10-22 23:30:00+00:00,271,19.999999998617568,20.782538388834663,0,0,0
2025-10-22 23:45:00+00:00,271,20.00000000043656,20.811525368690003,0,0,0
2025-10-23 00:00:00+00:00,271,20.00000000043656,20.82331272444984,0,0,0
2025-10-23 00:15:00+00:00,271,20.00000000043656,20.81570587940444,0,0,0
2025-10-23 00:30:00+00:00,271,19.999999998617568,21.048204676523262,0,0,0
2025-10-23 00:45:00+00:00,271,30.00000000065484,20.994906993220724,0,0,0
2025-10-23 01:00:00+00:00,271,30.00000000065484,20.82101765469407,0,0,0
2025-10-23 01:15:00+00:00,271,29.999999998835847,20.600117669239214,0,0,0
2025-10-23 01:30:00+00:00,271,20.00000000043656,20.656012858512224,0,0,0
2025-10-23 01:45:00+00:00,271,20.00000000043656,20.97639904537371,0,0,0
2025-10-23 02:00:00+00:00,271,20.00000000043656,20.8799515622634,0,0,0
2025-10-23 02:15:00+00:00,271,19.999999998617568,20.768266462146556,0,0,0
2025-10-23 02:30:00+00:00,271,20.00000000043656,20.720684440470983,0,0,0
2025-10-23 05:00:00+00:00,271,20.00000000043656,20.682020458822223,0,0,0
2025-10-23 05:15:00+00:00,271,19.999999998617568,20.864441178417668,0,0,0
2025-10-23 05:30:00+00:00,271,20.00000000043656,20.47150092648293,0,0,0
2025-10-23 05:45:00+00:00,271,10.00000000021828,20.30558690750376,0,0,0
2025-10-23 06:00:00+00:00,271,20.00000000043656,20.26911271718161,0,0,0
2025-10-23 06:15:00+00:00,271,29.999999998835847,19.75698388436053,0,0,0
2025-10-23 06:30:00+00:00,271,100.0000000003638,58.49369474321587,0,0,0
2025-10-23 06:45:00+00:00,271,69.99999999970896,72.76122653544726,0,0,0
2025-10-23 07:00:00+00:00,271,40.00000000087312,45.40810951905823,0,0,0
2025-10-23 07:15:00+00:00,271,29.999999998835847,37.26184077245484,0,0,0
2025-10-23 07:30:00+00:00,271,30.00000000065484,36.37314439758727,0,0,0
2025-10-23 07:45:00+00:00,271,30.00000000065484,30.681157975181616,0,0,0
2025-10-23 08:00:00+00:00,271,29.999999998835847,30.545937403686867,0,0,0
2025-10-23 08:15:00+00:00,271,40.00000000087312,31.009966436376217,0,0,0
2025-10-23 08:30:00+00:00,271,30.00000000065484,30.65961226611491,0,0,0
2025-10-23 08:45:00+00:00,271,19.999999998617568,30.406107551148,0,0,0
2025-10-23 09:00:00+00:00,271,30.00000000065484,30.36862460205913,0,0,0
2025-10-23 09:15:00+00:00,271,30.00000000065484,29.880085793983795,0,0,0
2025-10-23 09:30:00+00:00,271,29.999999998835847,29.183754643422827,0,0,0
2025-10-23 09:45:00+00:00,271,30.00000000065484,22.70886709669304,0,0,0
2025-10-23 10:00:00+00:00,271,30.00000000065484,22.86895204046473,0,0,0
2025-10-23 10:15:00+00:00,271,29.999999998835847,28.731311501862965,0,0,0
2025-10-23 10:30:00+00:00,271,20.00000000043656,29.058906389892293,0,0,0
2025-10-23 10:45:00+00:00,271,30.00000000065484,29.37557433405104,0,0,0
2025-10-23 11:00:00+00:00,271,29.999999998835847,20.97075229326401,0,0,0
2025-10-23 11:15:00+00:00,271,20.00000000043656,24.119831095648493,0,0,0
2025-10-23 11:30:00+00:00,271,20.00000000043656,26.10026286679252,0,0,0
2025-10-23 11:45:00+00:00,271,29.999999998835847,20.87590695643025,0,0,0
2025-10-23 12:00:00+00:00,271,20.00000000043656,20.21158475517993,0,0,0
2025-10-23 12:15:00+00:00,271,20.00000000043656,20.48918674550584,0,0,0
2025-10-23 12:30:00+00:00,271,20.00000000043656,20.47129419793112,0,0,0
2025-10-23 12:45:00+00:00,271,19.999999998617568,20.26362483979229,0,0,0
2025-10-23 13:00:00+00:00,271,20.00000000043656,20.25369421269224,0,0,0
2025-10-23 13:15:00+00:00,271,20.00000000043656,20.224623010093573,0,0,0
2025-10-23 13:30:00+00:00,271,20.00000000043656,20.011795008925706,0,0,0
2025-10-23 13:45:00+00:00,271,19.999999998617568,19.600972737259163,0,0,0
2025-10-23 14:00:00+00:00,271,20.00000000043656,19.598635556131725,0,0,0
2025-10-23 14:15:00+00:00,271,10.00000000021828,19.63749573848938,0,0,0
2025-10-23 14:30:00+00:00,271,20.00000000043656,20.24873655575525,0,0,0
2025-10-23 14:45:00+00:00,271,20.00000000043656,20.098286023867,0,0,0
2025-10-23 15:00:00+00:00,271,19.999999998617568,20.220010857819563,0,0,0
2025-10-23 15:15:00+00:00,271,30.00000000065484,20.331731369771678,0,0,0
2025-10-23 15:30:00+00:00,271,20.00000000043656,20.19297727136353,0,0,0
2025-10-23 15:45:00+00:00,271,20.00000000043656,20.60432880640577,0,0,0
2025-10-23 16:00:00+00:00,271,19.999999998617568,20.540005600339885,0,0,0
2025-10-23 16:15:00+00:00,271,30.00000000065484,20.952831033390424,0,0,0
2025-10-23 16:30:00+00:00,271,20.00000000043656,28.5735632606804,0,0,0
2025-10-23 16:45:00+00:00,271,29.999999998835847,30.453471359352207,0,0,0
2025-10-23 17:00:00+00:00,271,30.00000000065484,30.23718639740125,0,0,0
2025-10-23 17:15:00+00:00,271,30.00000000065484,30.46627225926191,0,0,0
2025-10-23 17:30:00+00:00,271,29.999999998835847,30.48442130337314,0,0,0
2025-10-23 17:45:00+00:00,271,30.00000000065484,30.375789277702047,0,0,0
2025-10-23 18:00:00+00:00,271,30.00000000065484,30.315994001166835,0,0,0
2025-10-23 18:15:00+00:00,271,29.999999998835847,30.275189996176163,0,0,0
2025-10-23 18:30:00+00:00,271,30.00000000065484,30.347310505536583,0,0,0
2025-10-23 18:45:00+00:00,271,29.999999998835847,30.246304466443476,0,0,0
2025-10-23 19:00:00+00:00,271,40.00000000087312,30.22443622255287,0,0,0
2025-10-23 19:15:00+00:00,271,30.00000000065484,29.97302798394126,0,0,0
2025-10-23 19:30:00+00:00,271,19.999999998617568,30.1144106933103,0,0,0
2025-10-23 19:45:00+00:00,271,20.00000000043656,28.31614505937847,0,0,0
2025-10-23 20:00:00+00:00,271,20.00000000043656,20.80005480529428,0,0,0
2025-10-23 20:15:00+00:00,271,20.00000000043656,20.55018602444004,0,0,0
2025-10-23 20:30:00+00:00,271,10.00000000021828,20.49493399066156,0,0,0
2025-10-23 20:45:00+00:00,271,19.999999998617568,20.455277520548776,0,0,0
2025-10-23 21:00:00+00:00,271,20.00000000043656,20.429058406303817,0,0,0
2025-10-23 21:15:00+00:00,271,10.00000000021828,20.392614842433787,0,0,0
2025-10-23 21:30:00+00:00,271,20.00000000043656,20.33664212995385,0,0,0
2025-10-23 21:45:00+00:00,271,10.00000000021828,19.265916479832,0,0,0
2025-10-23 22:00:00+00:00,271,19.999999998617568,19.86305668712631,0,0,0
2025-10-23 22:15:00+00:00,271,10.00000000021828,15.666527381154856,0,0,0
2025-10-23 22:30:00+00:00,271,10.00000000021828,20.128455950435487,0,0,0
2025-10-23 22:45:00+00:00,271,10.00000000021828,19.95184755720652,0,0,0
2025-10-23 23:00:00+00:00,271,10.00000000021828,20.05960098653241,0,0,0
2025-10-23 23:15:00+00:00,271,10.00000000021828,19.553312235300037,0,0,0
2025-10-23 23:30:00+00:00,271,19.999999998617568,13.616048128628314,0,0,0
2025-10-23 23:45:00+00:00,271,10.00000000021828,10.980222724103708,0,0,0
2025-10-24 00:00:00+00:00,271,20.00000000043656,16.214808826550822,0,0,0
2025-10-24 00:15:00+00:00,271,10.00000000021828,18.857639074921345,0,0,0
2025-10-24 00:30:00+00:00,271,10.00000000021828,20.11619197051452,0,0,0
2025-10-24 00:45:00+00:00,271,30.00000000065484,20.00985788582909,0,0,0
2025-10-24 01:00:00+00:00,271,9.99999999839929,18.76635884852972,0,0,0
2025-10-24 01:15:00+00:00,271,20.00000000043656,20.28054404043555,0,0,0
2025-10-24 01:30:00+00:00,271,20.00000000043656,20.13619487205566,0,0,0
2025-10-24 01:45:00+00:00,271,10.00000000021828,20.261614021795253,0,0,0
2025-10-24 02:00:00+00:00,271,20.00000000043656,20.20121578698392,0,0,0
2025-10-24 02:15:00+00:00,271,9.99999999839929,20.26261320979568,0,0,0
2025-10-24 02:30:00+00:00,271,20.00000000043656,20.278931366316087,0,0,0
2025-10-24 02:45:00+00:00,271,20.00000000043656,19.99641095919497,0,0,0
2025-10-24 03:00:00+00:00,271,10.00000000021828,20.236912831083515,0,0,0
2025-10-24 03:15:00+00:00,271,20.00000000043656,20.263670779470463,0,0,0
2025-10-24 03:30:00+00:00,271,19.999999998617568,20.259153377782702,0,0,0
2025-10-24 03:45:00+00:00,271,20.00000000043656,20.19424156959013,0,0,0
2025-10-24 06:00:00+00:00,271,30.00000000065484,19.781300330267506,0,0,0
2025-10-24 06:15:00+00:00,271,39.999999999054126,20.62542181822708,0,0,0
2025-10-24 06:30:00+00:00,271,110.00000000058208,70.11589735999904,0,0,0
2025-10-24 06:45:00+00:00,271,90.00000000014552,69.07849137563093,0,0,0
2025-10-24 07:00:00+00:00,271,49.9999999992724,49.81332746977815,0,0,0
2025-10-24 07:15:00+00:00,271,40.00000000087312,47.14244052003545,0,0,0
2025-10-24 07:30:00+00:00,271,30.00000000065484,47.97579393884482,0,0,0
2025-10-24 07:45:00+00:00,271,39.999999999054126,46.90370732575686,0,0,0
2025-10-24 08:00:00+00:00,271,40.00000000087312,44.15091471520127,0,0,0
2025-10-24 08:15:00+00:00,271,49.9999999992724,47.451606897577946,0,0,0
2025-10-24 08:30:00+00:00,271,30.00000000065484,45.84490780750602,0,0,0
2025-10-24 08:45:00+00:00,271,49.9999999992724,40.67916135573593,0,0,0
2025-10-24 09:00:00+00:00,271,40.00000000087312,39.6510715552722,0,0,0
2025-10-24 09:15:00+00:00,271,39.999999999054126,39.91203955379021,0,0,0
2025-10-24 09:30:00+00:00,271,40.00000000087312,39.8146206379017,0,0,0
2025-10-24 09:45:00+00:00,271,39.999999999054126,39.64639527886406,0,0,0
2025-10-24 10:00:00+00:00,271,40.00000000087312,39.620410648393154,0,0,0
2025-10-24 10:15:00+00:00,271,29.999999998835847,39.76250781546557,0,0,0
2025-10-24 10:30:00+00:00,271,50.000000001091394,39.85474320433269,0,0,0
2025-10-24 10:45:00+00:00,271,39.999999999054126,39.592994231285616,0,0,0
2025-10-24 11:00:00+00:00,271,50.000000001091394,39.84984105784017,0,0,0
2025-10-24 11:15:00+00:00,271,39.999999999054126,39.55281041195038,0,0,0
2025-10-24 11:30:00+00:00,271,50.000000001091394,39.9707294068192,0,0,0
2025-10-24 11:45:00+00:00,271,49.9999999992724,39.55938744254324,0,0,0
2025-10-24 12:00:00+00:00,271,30.00000000065484,39.89809877561565,0,0,0
2025-10-24 12:15:00+00:00,271,39.999999999054126,40.38855077987188,0,0,0
2025-10-24 12:30:00+00:00,271,40.00000000087312,39.77838571673674,0,0,0
2025-10-24 12:45:00+00:00,271,29.999999998835847,39.79015775927053,0,0,0
2025-10-24 13:00:00+00:00,271,30.00000000065484,39.9099263285939,0,0,0
2025-10-24 13:15:00+00:00,271,30.00000000065484,39.38972072610269,0,0,0
2025-10-24 13:30:00+00:00,271,39.999999999054126,37.12366379125385,0,0,0
2025-10-24 13:45:00+00:00,271,30.00000000065484,30.2902448115466,0,0,0
2025-10-24 14:00:00+00:00,271,39.999999999054126,30.542133024087533,0,0,0
2025-10-24 14:15:00+00:00,271,40.00000000087312,30.236316414745705,0,0,0
2025-10-24 14:30:00+00:00,271,29.999999998835847,30.37952379070748,0,0,0
2025-10-24 14:45:00+00:00,271,50.000000001091394,30.496508224117783,0,0,0
2025-10-24 15:00:00+00:00,271,29.999999998835847,30.22138889056689,0,0,0
2025-10-24 15:15:00+00:00,271,40.00000000087312,30.81589426590221,0,0,0
2025-10-24 15:30:00+00:00,271,30.00000000065484,30.31900592131755,0,0,0
2025-10-24 15:45:00+00:00,271,39.999999999054126,30.963662112000044,0,0,0
2025-10-24 16:00:00+00:00,271,30.00000000065484,30.196769529906916,0,0,0
2025-10-24 16:15:00+00:00,271,39.999999999054126,30.460406336604223,0,0,0
2025-10-24 16:30:00+00:00,271,30.00000000065484,30.23259242958319,0,0,0
2025-10-24 16:45:00+00:00,271,39.999999999054126,30.493722174051456,0,0,0
2025-10-24 17:00:00+00:00,271,40.00000000087312,30.388416946741945,0,0,0
2025-10-24 17:15:00+00:00,271,30.00000000065484,30.94046448867209,0,0,0
2025-10-24 17:30:00+00:00,271,39.999999999054126,39.47212119553265,0,0,0
2025-10-24 17:45:00+00:00,271,40.00000000087312,39.41726156317197,0,0,0
2025-10-24 18:00:00+00:00,271,39.999999999054126,39.50462734615195,0,0,0
2025-10-24 18:15:00+00:00,271,40.00000000087312,39.49755454986539,0,0,0
2025-10-24 18:30:00+00:00,271,49.9999999992724,39.884651848981534,0,0,0
2025-10-24 18:45:00+00:00,271,50.000000001091394,39.69743234716947,0,0,0
2025-10-24 19:00:00+00:00,271,49.9999999992724,40.14008603043203,0,0,0
2025-10-24 19:15:00+00:00,271,39.999999999054126,40.10163069148834,0,0,0
2025-10-24 19:30:00+00:00,271,40.00000000087312,40.77565382144779,0,0,0
2025-10-24 19:45:00+00:00,271,39.999999999054126,39.48870541935585,0,0,0
2025-10-24 20:00:00+00:00,271,30.00000000065484,38.024232701701216,0,0,0
2025-10-24 20:15:00+00:00,271,30.00000000065484,30.672531843526578,0,0,0
2025-10-24 20:30:00+00:00,271,29.999999998835847,29.688339319717684,0,0,0
2025-10-24 20:45:00+00:00,271,30.00000000065484,30.026416110985224,0,0,0
2025-10-24 21:00:00+00:00,271,30.00000000065484,30.55814300193348,0,0,0
2025-10-24 21:15:00+00:00,271,29.999999998835847,30.53491858045992,0,0,0
2025-10-24 21:30:00+00:00,271,40.00000000087312,30.36193463642408,0,0,0
2025-10-24 21:45:00+00:00,271,29.999999998835847,30.14220706983946,0,0,0
2025-10-24 22:00:00+00:00,271,30.00000000065484,30.28370032155912,0,0,0
2025-10-24 22:15:00+00:00,271,40.00000000087312,30.194217006538,0,0,0
2025-10-24 22:30:00+00:00,271,29.999999998835847,30.20559616911568,0,0,0
2025-10-24 22:45:00+00:00,271,30.00000000065484,30.41217350282109,0,0,0
2025-10-24 23:00:00+00:00,271,30.00000000065484,30.878419124982656,0,0,0
2025-10-24 23:15:00+00:00,271,39.999999999054126,31.042766409520542,0,0,0
2025-10-24 23:30:00+00:00,271,30.00000000065484,30.42155955331937,0,0,0
2025-10-24 23:45:00+00:00,271,39.999999999054126,39.3402379502424,0,0,0
2025-10-25 00:00:00+00:00,271,30.00000000065484,33.1199222589206,0,0,0
2025-10-25 00:15:00+00:00,271,39.999999999054126,39.44017397766455,0,0,0
2025-10-25 00:30:00+00:00,271,50.000000001091394,37.0247728915103,0,0,0
2025-10-25 00:45:00+00:00,271,39.999999999054126,36.37218157849873,0,0,0
2025-10-25 01:00:00+00:00,271,40.00000000087312,39.63033361888017,0,0,0
2025-10-25 01:15:00+00:00,271,39.999999999054126,39.66762515264328,0,0,0
2025-10-25 01:30:00+00:00,271,40.00000000087312,39.91206826608907,0,0,0
2025-10-25 01:45:00+00:00,271,39.999999999054126,39.625934894694375,0,0,0
2025-10-25 02:00:00+00:00,271,30.00000000065484,39.8052336303268,0,0,0
2025-10-25 02:15:00+00:00,271,40.00000000087312,39.92558984470023,0,0,0
2025-10-25 02:30:00+00:00,271,39.999999999054126,39.83372197325855,0,0,0
2025-10-25 02:45:00+00:00,271,49.9999999992724,39.92459257085306,0,0,0
2025-10-25 03:00:00+00:00,271,40.00000000087312,39.62383698272413,0,0,0
2025-10-25 03:15:00+00:00,271,30.00000000065484,39.96036618108296,0,0,0
2025-10-25 03:30:00+00:00,271,49.9999999992724,40.42506325325918,0,0,0
2025-10-25 03:45:00+00:00,271,40.00000000087312,39.6431718447784,0,0,0
2025-10-25 04:00:00+00:00,271,29.999999998835847,39.96243920906085,0,0,0
2025-10-25 04:15:00+00:00,271,50.000000001091394,40.04068596592199,0,0,0
2025-10-25 04:30:00+00:00,271,39.999999999054126,39.79241263180789,0,0,0
2025-10-25 04:45:00+00:00,271,40.00000000087312,40.132115496267694,0,0,0
2025-10-25 05:00:00+00:00,271,39.999999999054126,40.09031421742985,0,0,0
2025-10-25 05:15:00+00:00,271,30.00000000065484,39.82220834141453,0,0,0
2025-10-25 05:30:00+00:00,271,39.999999999054126,39.81208438483548,0,0,0
2025-10-25 05:45:00+00:00,271,30.00000000065484,39.617437968384216,0,0,0
2025-10-25 06:00:00+00:00,271,49.9999999992724,39.64552625328515,0,0,0
2025-10-25 06:15:00+00:00,271,30.00000000065484,32.91323677555613,0,0,0
2025-10-25 06:30:00+00:00,271,49.9999999992724,39.54212943677339,0,0,0
2025-10-25 06:45:00+00:00,271,40.00000000087312,34.4070592051084,0,0,0
2025-10-25 07:00:00+00:00,271,39.999999999054126,39.6033153456502,0,0,0
2025-10-25 07:15:00+00:00,271,40.00000000087312,37.290306145547504,0,0,0
2025-10-25 07:30:00+00:00,271,30.00000000065484,39.42476121563495,0,0,0
2025-10-25 07:45:00+00:00,271,39.999999999054126,39.47983523316048,0,0,0
2025-10-25 08:00:00+00:00,271,40.00000000087312,37.5022067394621,0,0,0
2025-10-25 08:15:00+00:00,271,39.999999999054126,34.98806979997817,0,0,0
2025-10-25 08:30:00+00:00,271,30.00000000065484,39.37605367184396,0,0,0
2025-10-25 08:45:00+00:00,271,39.999999999054126,39.50013291430328,0,0,0
2025-10-25 09:00:00+00:00,271,30.00000000065484,36.97250406558368,0,0,0
2025-10-25 09:15:00+00:00,271,49.9999999992724,39.23548208491779,0,0,0
2025-10-25 09:30:00+00:00,271,40.00000000087312,30.755755398857275,0,0,0
2025-10-25 09:45:00+00:00,271,39.999999999054126,39.3627885897693,0,0,0
2025-10-25 10:00:00+00:00,271,40.00000000087312,39.428306227467885,0,0,0
2025-10-25 10:15:00+00:00,271,39.999999999054126,39.5010785060125,0,0,0
2025-10-25 10:30:00+00:00,271,40.00000000087312,39.48967015259765,0,0,0
2025-10-25 10:45:00+00:00,271,30.00000000065484,39.63104185558545,0,0,0
2025-10-25 11:00:00+00:00,271,39.999999999054126,39.72345334655228,0,0,0
2025-10-25 11:15:00+00:00,271,30.00000000065484,39.10679930387412,0,0,0
2025-10-25 11:30:00+00:00,271,39.999999999054126,39.37848847478753,0,0,0
2025-10-25 11:45:00+00:00,271,30.00000000065484,30.329267696931147,0,0,0
2025-10-25 12:00:00+00:00,271,39.999999999054126,30.39653582778374,0,0,0
2025-10-25 12:15:00+00:00,271,30.00000000065484,30.04343676175114,0,0,0
2025-10-25 12:30:00+00:00,271,20.00000000043656,30.25747163654788,0,0,0
2025-10-25 12:45:00+00:00,271,39.999999999054126,30.372111232217712,0,0,0
2025-10-25 13:00:00+00:00,271,30.00000000065484,30.080890041464517,0,0,0
2025-10-25 13:15:00+00:00,271,30.00000000065484,30.39214188898109,0,0,0
2025-10-25 13:30:00+00:00,271,39.999999999054126,30.380144933439546,0,0,0
2025-10-25 13:45:00+00:00,271,30.00000000065484,30.286955339173545,0,0,0
2025-10-25 14:00:00+00:00,271,29.999999998835847,30.324126281281437,0,0,0
2025-10-25 14:15:00+00:00,271,30.00000000065484,30.34645296487721,0,0,0
2025-10-25 14:30:00+00:00,271,40.00000000087312,30.21055669728256,0,0,0
2025-10-25 14:45:00+00:00,271,29.999999998835847,29.89296469563874,0,0,0
2025-10-25 15:00:00+00:00,271,30.00000000065484,30.35981949707451,0,0,0
2025-10-25 15:15:00+00:00,271,20.00000000043656,30.22061748680411,0,0,0
2025-10-25 15:30:00+00:00,271,29.999999998835847,30.39886343814489,0,0,0
2025-10-25 15:45:00+00:00,271,30.00000000065484,30.05219162021275,0,0,0
2025-10-25 16:00:00+00:00,271,30.00000000065484,29.72975633228908,0,0,0
2025-10-25 16:15:00+00:00,271,29.999999998835847,29.785750578993163,0,0,0
2025-10-25 16:30:00+00:00,271,30.00000000065484,29.818933382788995,0,0,0
2025-10-25 16:45:00+00:00,271,29.999999998835847,29.99816560159572,0,0,0
2025-10-25 17:00:00+00:00,271,30.00000000065484,30.178174009548364,0,0,0
2025-10-25 17:15:00+00:00,271,30.00000000065484,30.240539993908435,0,0,0
2025-10-25 17:30:00+00:00,271,29.999999998835847,30.26910298881723,0,0,0
2025-10-25 17:45:00+00:00,271,30.00000000065484,30.445422344904312,0,0,0
2025-10-25 18:00:00+00:00,271,30.00000000065484,30.368711696032346,0,0,0
2025-10-25 18:15:00+00:00,271,29.999999998835847,30.412745834645094,0,0,0
2025-10-25 18:30:00+00:00,271,40.00000000087312,30.36891842458416,0,0,0
2025-10-25 18:45:00+00:00,271,29.999999998835847,30.29419562387013,0,0,0
2025-10-25 19:00:00+00:00,271,40.00000000087312,30.76056088061029,0,0,0
2025-10-25 19:15:00+00:00,271,30.00000000065484,30.48905164010309,0,0,0
2025-10-25 19:30:00+00:00,271,39.999999999054126,35.278778954734975,0,0,0
2025-10-25 19:45:00+00:00,271,30.00000000065484,31.786943256368307,0,0,0
2025-10-25 20:00:00+00:00,271,39.999999999054126,39.34101318231169,0,0,0
2025-10-25 20:15:00+00:00,271,40.00000000087312,38.788046846817934,0,0,0
2025-10-25 20:30:00+00:00,271,29.999999998835847,38.54455698169439,0,0,0
2025-10-25 20:45:00+00:00,271,50.000000001091394,39.76928200384395,0,0,0
2025-10-25 21:00:00+00:00,271,39.999999999054126,39.58817056507665,0,0,0
2025-10-25 21:15:00+00:00,271,40.00000000087312,40.06813300948164,0,0,0
2025-10-25 21:30:00+00:00,271,39.999999999054126,39.82123595155971,0,0,0
2025-10-25 21:45:00+00:00,271,40.00000000087312,40.48656882572999,0,0,0
2025-10-25 22:00:00+00:00,271,39.999999999054126,40.16847483739439,0,0,0
2025-10-25 22:15:00+00:00,271,40.00000000087312,40.73234418984302,0,0,0
2025-10-25 22:30:00+00:00,271,40.00000000087312,40.572560246671074,0,0,0
2025-10-25 22:45:00+00:00,271,49.9999999992724,41.37836708595138,0,0,0
2025-10-25 23:00:00+00:00,271,39.999999999054126,42.39896871887167,0,0,0
2025-10-25 23:15:00+00:00,271,40.00000000087312,48.29855463282226,0,0,0
2025-10-25 23:30:00+00:00,271,49.9999999992724,48.33568154940522,0,0,0
2025-10-25 23:45:00+00:00,271,40.00000000087312,48.25341507070329,0,0,0
2025-10-26 00:00:00+00:00,271,49.9999999992724,49.06881756026358,0,0,0
2025-10-26 00:15:00+00:00,271,60.00000000130967,48.90251975355628,0,0,0
2025-10-26 00:30:00+00:00,271,49.9999999992724,49.03607405464035,0,0,0
2025-10-26 00:45:00+00:00,271,49.9999999992724,49.725655422276965,0,0,0
2025-10-26 01:00:00+00:00,271,60.00000000130967,50.175489094408505,0,0,0
2025-10-26 01:15:00+00:00,271,39.999999999054126,49.43225401096345,0,0,0
2025-10-26 01:30:00+00:00,271,50.000000001091394,50.60701580478507,0,0,0
2025-10-26 01:45:00+00:00,271,39.999999999054126,49.918008683125706,0,0,0
2025-10-26 02:00:00+00:00,271,239.9999999997817,50.66976174856676,0,0,0
2025-10-26 02:30:00+00:00,271,250.0,78.38010474541161,0,0,0
2025-10-26 02:45:00+00:00,271,49.9999999992724,81.02303740098141,0,0,0
2025-10-26 03:00:00+00:00,271,50.000000001091394,79.59515563699763,0,0,0
2025-10-26 03:15:00+00:00,271,59.99999999949068,74.5205745624237,0,0,0
2025-10-26 03:30:00+00:00,271,59.99999999949068,71.56815777987066,0,0,0
2025-10-26 03:45:00+00:00,271,40.00000000087312,73.50707252393558,0,0,0
2025-10-26 04:00:00+00:00,271,49.9999999992724,82.07955429147265,0,0,0
2025-10-26 04:15:00+00:00,271,59.99999999949068,76.1921280360905,0,0,0
2025-10-26 04:30:00+00:00,271,50.000000001091394,86.59969704669777,0,0,0
2025-10-26 04:45:00+00:00,271,49.9999999992724,73.38777866462007,0,0,0
2025-10-26 05:00:00+00:00,271,60.00000000130967,81.36653220304437,0,0,0
2025-10-26 05:15:00+00:00,271,59.99999999949068,70.4046818336554,0,0,0
2025-10-26 05:30:00+00:00,271,49.9999999992724,66.19722749796662,0,0,0
2025-10-26 05:45:00+00:00,271,50.000000001091394,60.7842547539143,0,0,0
2025-10-26 06:00:00+00:00,271,59.99999999949068,58.171722680380526,0,0,0
2025-10-26 06:15:00+00:00,271,49.9999999992724,59.9990154913861,0,0,0
2025-10-26 06:30:00+00:00,271,60.00000000130967,66.59820049404657,0,0,0
2025-10-26 06:45:00+00:00,271,59.99999999949068,74.54589115340774,0,0,0
2025-10-26 07:00:00+00:00,271,59.99999999949068,76.58652017327105,0,0,0
2025-10-26 07:15:00+00:00,271,59.99999999949068,63.10420084542227,0,0,0
2025-10-26 07:30:00+00:00,271,60.00000000130967,59.84322638606261,0,0,0
2025-10-26 07:45:00+00:00,271,49.9999999992724,58.06248961058657,0,0,0
2025-10-26 08:00:00+00:00,271,59.99999999949068,58.35215842304791,0,0,0
2025-10-26 08:15:00+00:00,271,60.00000000130967,58.861916577059546,0,0,0
2025-10-26 08:30:00+00:00,271,59.99999999949068,64.54765233200276,0,0,0
2025-10-26 08:45:00+00:00,271,49.9999999992724,64.84029191031978,0,0,0
2025-10-26 09:00:00+00:00,271,50.000000001091394,63.620176169214346,0,0,0
2025-10-26 09:15:00+00:00,271,59.99999999949068,60.33840252055842,0,0,0
2025-10-26 09:30:00+00:00,271,40.00000000087312,56.78612456185549,0,0,0
2025-10-26 09:45:00+00:00,271,49.9999999992724,53.4387643659837,0,0,0
2025-10-26 10:00:00+00:00,271,59.99999999949068,50.49008783889586,0,0,0
2025-10-26 10:15:00+00:00,271,40.00000000087312,51.4289149305014,0,0,0
2025-10-26 10:30:00+00:00,271,49.9999999992724,51.97215162498716,0,0,0
2025-10-26 10:45:00+00:00,271,40.00000000087312,49.81072804965443,0,0,0
2025-10-26 11:00:00+00:00,271,49.9999999992724,49.25622847740139,0,0,0
2025-10-26 11:15:00+00:00,271,40.00000000087312,47.28347533204993,0,0,0
2025-10-26 11:30:00+00:00,271,39.999999999054126,47.94176412223253,0,0,0
2025-10-26 11:45:00+00:00,271,40.00000000087312,40.67150665685908,0,0,0
2025-10-26 12:00:00+00:00,271,39.999999999054126,40.47717798984857,0,0,0
2025-10-26 12:15:00+00:00,271,40.00000000087312,40.26877072562896,0,0,0
2025-10-26 12:30:00+00:00,271,39.999999999054126,43.394270988187245,0,0,0
2025-10-26 12:45:00+00:00,271,40.00000000087312,40.967683590396014,0,0,0
2025-10-26 13:00:00+00:00,271,39.999999999054126,40.04508277595452,0,0,0
2025-10-26 13:15:00+00:00,271,40.00000000087312,40.43056644387457,0,0,0
2025-10-26 13:30:00+00:00,271,39.999999999054126,41.17569271073806,0,0,0
2025-10-26 13:45:00+00:00,271,50.000000001091394,40.49861650633286,0,0,0
2025-10-26 14:00:00+00:00,271,39.999999999054126,48.39623387355379,0,0,0
2025-10-26 14:15:00+00:00,271,40.00000000087312,48.12278559579672,0,0,0
2025-10-26 14:30:00+00:00,271,49.9999999992724,47.943115514432336,0,0,0
2025-10-26 14:45:00+00:00,271,40.00000000087312,46.57997711315448,0,0,0
2025-10-26 15:00:00+00:00,271,29.999999998835847,47.82430019343121,0,0,0
2025-10-26 15:15:00+00:00,271,40.00000000087312,47.13001766539411,0,0,0
2025-10-26 15:30:00+00:00,271,39.999999999054126,43.01463314431568,0,0,0
2025-10-26 15:45:00+00:00,271,40.00000000087312,41.1610398675517,0,0,0
2025-10-26 16:00:00+00:00,271,39.999999999054126,41.79327320359285,0,0,0
2025-10-26 16:15:00+00:00,271,40.00000000087312,41.08730668407182,0,0,0
2025-10-26 16:30:00+00:00,271,49.9999999992724,41.28036626747259,0,0,0
2025-10-26 16:45:00+00:00,271,40.00000000087312,40.42506516741244,0,0,0
2025-10-26 17:00:00+00:00,271,49.9999999992724,41.278101824168935,0,0,0
2025-10-26 17:15:00+00:00,271,40.00000000087312,40.24521898394836,0,0,0
2025-10-26 17:30:00+00:00,271,49.9999999992724,44.82431765950528,0,0,0
2025-10-26 17:45:00+00:00,271,49.9999999992724,41.04324287608358,0,0,0
2025-10-26 18:00:00+00:00,271,40.00000000087312,48.53550000795832,0,0,0
2025-10-26 18:15:00+00:00,271,49.9999999992724,48.76053934983257,0,0,0
2025-10-26 18:30:00+00:00,271,50.000000001091394,48.68888876509688,0,0,0
2025-10-26 18:45:00+00:00,271,49.9999999992724,49.27705063653676,0,0,0
2025-10-26 19:00:00+00:00,271,40.00000000087312,48.83211719674448,0,0,0
2025-10-26 19:15:00+00:00,271,49.9999999992724,49.33245006011606,0,0,0
2025-10-26 19:30:00+00:00,271,40.00000000087312,48.53225743234008,0,0,0
2025-10-26 19:45:00+00:00,271,59.99999999949068,49.110400625630064,0,0,0
2025-10-26 20:00:00+00:00,271,39.999999999054126,47.85810413995911,0,0,0
2025-10-26 20:15:00+00:00,271,50.000000001091394,49.77911389445314,0,0,0
2025-10-26 20:30:00+00:00,271,49.9999999992724,47.85323836237848,0,0,0
2025-10-26 20:45:00+00:00,271,50.000000001091394,49.497051927037205,0,0,0
2025-10-26 21:00:00+00:00,271,49.9999999992724,49.13471420030716,0,0,0
2025-10-26 21:15:00+00:00,271,49.9999999992724,49.03402973896131,0,0,0
2025-10-26 21:30:00+00:00,271,50.000000001091394,48.55886416261968,0,0,0
2025-10-26 21:45:00+00:00,271,39.999999999054126,47.704585220399046,0,0,0
2025-10-26 22:00:00+00:00,271,50.000000001091394,49.69230321591784,0,0,0
2025-10-26 22:15:00+00:00,271,49.9999999992724,48.35680614475528,0,0,0
2025-10-26 22:30:00+00:00,271,40.00000000087312,49.42800076242523,0,0,0
2025-10-26 22:45:00+00:00,271,59.99999999949068,50.30144037875369,0,0,0
2025-10-26 23:00:00+00:00,271,49.9999999992724,49.41855633025259,0,0,0
2025-10-26 23:15:00+00:00,271,40.00000000087312,49.879675849990505,0,0,0
2025-10-26 23:30:00+00:00,271,59.99999999949068,50.65187590052844,0,0,0
2025-10-26 23:45:00+00:00,271,50.000000001091394,49.225108173740544,0,0,0
2025-10-27 00:00:00+00:00,271,49.9999999992724,50.858171853705,0,0,0
2025-10-27 00:15:00+00:00,271,59.99999999949068,51.61730589410706,0,0,0
2025-10-27 00:30:00+00:00,271,50.000000001091394,56.62314206859021,0,0,0
2025-10-27 00:45:00+00:00,271,59.99999999949068,54.11665025721685,0,0,0
2025-10-27 01:00:00+00:00,271,49.9999999992724,50.828766631362896,0,0,0
2025-10-27 01:15:00+00:00,271,50.000000001091394,50.361173445308026,0,0,0
2025-10-27 01:30:00+00:00,271,59.99999999949068,49.710545096462056,0,0,0
2025-10-27 01:45:00+00:00,271,40.00000000087312,49.897519586657154,0,0,0
2025-10-27 02:00:00+00:00,271,49.9999999992724,50.84692428916378,0,0,0
2025-10-27 02:15:00+00:00,271,49.9999999992724,49.70583627944855,0,0,0
2025-10-27 02:30:00+00:00,271,50.000000001091394,50.18450475625145,0,0,0
2025-10-27 02:45:00+00:00,271,49.9999999992724,48.9366873892031,0,0,0
2025-10-27 03:00:00+00:00,271,50.000000001091394,49.40900470549754,0,0,0
2025-10-27 03:15:00+00:00,271,49.9999999992724,48.95795746020073,0,0,0
2025-10-27 03:30:00+00:00,271,49.9999999992724,48.607422402456585,0,0,0
2025-10-27 03:45:00+00:00,271,50.000000001091394,49.11904877004757,0,0,0
2025-10-27 04:00:00+00:00,271,49.9999999992724,46.91474050513324,0,0,0
2025-10-27 04:15:00+00:00,271,50.000000001091394,48.50402750009809,0,0,0
2025-10-27 04:30:00+00:00,271,39.999999999054126,49.18413380910995,0,0,0
2025-10-27 04:45:00+00:00,271,40.00000000087312,49.37023927372613,0,0,0
2025-10-27 05:00:00+00:00,271,49.9999999992724,48.95876523287541,0,0,0
2025-10-27 05:15:00+00:00,271,59.99999999949068,48.32664291772319,0,0,0
2025-10-27 05:30:00+00:00,271,100.0000000003638,56.61241898204156,0,0,0
2025-10-27 05:45:00+00:00,271,69.99999999970896,82.08358166992647,0,0,0
2025-10-27 06:00:00+00:00,271,59.99999999949068,65.47817965508366,0,0,0
2025-10-27 06:15:00+00:00,271,50.000000001091394,61.56829575650329,0,0,0
2025-10-27 07:15:00+00:00,271,49.9999999992724,61.69696896678067,0,0,0
2025-10-27 07:30:00+00:00,271,59.99999999949068,59.21491706419938,0,0,0
2025-10-27 07:45:00+00:00,271,50.000000001091394,60.12293777327831,0,0,0
2025-10-27 08:00:00+00:00,271,59.99999999949068,59.566413026878806,0,0,0
2025-10-27 08:15:00+00:00,271,49.9999999992724,59.825922440614576,0,0,0
2025-10-27 08:30:00+00:00,271,50.000000001091394,59.00807366319117,0,0,0
2025-10-27 08:45:00+00:00,271,49.9999999992724,56.54579879206664,0,0,0
2025-10-27 09:00:00+00:00,271,59.99999999949068,53.83671682822328,0,0,0
2025-10-27 09:15:00+00:00,271,60.00000000130967,54.98379613763456,0,0,0
2025-10-27 09:30:00+00:00,271,59.99999999949068,58.02464297237877,0,0,0
2025-10-27 09:45:00+00:00,271,69.99999999970896,57.43575755100755,0,0,0
2025-10-27 10:00:00+00:00,271,69.99999999970896,57.84845282163658,0,0,0
2025-10-27 10:15:00+00:00,271,69.99999999970896,60.11325215779523,0,0,0
2025-10-27 10:30:00+00:00,271,60.00000000130967,60.46141366550004,0,0,0
2025-10-27 10:45:00+00:00,271,49.9999999992724,60.28006678588207,0,0,0
2025-10-27 11:00:00+00:00,271,59.99999999949068,59.23105337616033,0,0,0
2025-10-27 11:15:00+00:00,271,60.00000000130967,57.073301146775535,0,0,0
2025-10-27 11:30:00+00:00,271,59.99999999949068,57.38848562215969,0,0,0
2025-10-27 11:45:00+00:00,271,49.9999999992724,57.812960591935536,0,0,0
2025-10-27 12:00:00+00:00,271,50.000000001091394,55.403347905232046,0,0,0
2025-10-27 12:15:00+00:00,271,49.9999999992724,51.20930029895898,0,0,0
2025-10-27 12:30:00+00:00,271,50.000000001091394,50.0611299221909,0,0,0
2025-10-27 12:45:00+00:00,271,49.9999999992724,48.56408597270621,0,0,0
2025-10-27 13:00:00+00:00,271,40.00000000087312,48.40489350289084,0,0,0
2025-10-27 13:15:00+00:00,271,49.9999999992724,47.618172685741314,0,0,0
2025-10-27 13:30:00+00:00,271,39.999999999054126,40.63382463583143,0,0,0
2025-10-27 13:45:00+00:00,271,40.00000000087312,45.81919307264442,0,0,0
2025-10-27 14:00:00+00:00,271,39.999999999054126,40.36484207762417,0,0,0
2025-10-27 14:15:00+00:00,271,50.000000001091394,40.373982159428856,0,0,0
2025-10-27 14:30:00+00:00,271,49.9999999992724,40.00641879430576,0,0,0
2025-10-27 14:45:00+00:00,271,40.00000000087312,40.18508011690343,0,0,0
2025-10-27 15:00:00+00:00,271,49.9999999992724,40.6450071191619,0,0,0
2025-10-27 15:15:00+00:00,271,50.000000001091394,40.3362733402556,0,0,0
2025-10-27 15:30:00+00:00,271,39.999999999054126,40.99302506537239,0,0,0
2025-10-27 15:45:00+00:00,271,40.00000000087312,42.879597288610285,0,0,0
2025-10-27 16:00:00+00:00,271,49.9999999992724,41.252561277253776,0,0,0
2025-10-27 16:15:00+00:00,271,40.00000000087312,40.57138687072421,0,0,0
2025-10-27 16:30:00+00:00,271,49.9999999992724,48.44528213662463,0,0,0
2025-10-27 16:45:00+00:00,271,49.9999999992724,48.22665137985657,0,0,0
2025-10-27 17:00:00+00:00,271,50.000000001091394,49.46915122915551,0,0,0
2025-10-27 17:15:00+00:00,271,49.9999999992724,49.4077987889453,0,0,0
2025-10-27 17:30:00+00:00,271,50.000000001091394,49.73459834629613,0,0,0
2025-10-27 17:45:00+00:00,271,49.9999999992724,49.68572618532498,0,0,0
2025-10-27 18:00:00+00:00,271,59.99999999949068,50.03275834260785,0,0,0
2025-10-27 18:15:00+00:00,271,10.00000000021828,50.02892620778629,0,0,0
2025-10-27 18:30:00+00:00,271,0.0,47.30442382530029,0,0,0
2025-10-27 18:45:00+00:00,271,0.0,23.39919450556178,0,0,0
2025-10-27 19:00:00+00:00,271,0.0,18.11861417156621,0,0,0
2025-10-27 19:15:00+00:00,271,0.0,19.887134820952724,0,0,0
2025-10-27 19:30:00+00:00,271,0.0,21.2718725275885,0,0,0
2025-10-27 19:45:00+00:00,271,0.0,20.82995196502357,0,0,0
2025-10-27 20:00:00+00:00,271,0.0,20.315249553147748,0,0,0
2025-10-27 20:15:00+00:00,271,0.0,12.421675834683338,0,0,0
2025-10-27 20:30:00+00:00,271,0.0,8.063478101657907,0,0,0
2025-10-27 20:45:00+00:00,271,0.0,7.374560945201651,0,0,0
2025-10-27 21:00:00+00:00,271,0.0,7.2750422031896385,0,0,0
2025-10-27 21:15:00+00:00,271,0.0,6.695704578266948,0,0,0
2025-10-27 21:30:00+00:00,271,0.0,5.9321182173878775,0,0,0
2025-10-27 21:45:00+00:00,271,0.0,4.340381106253396,0,0,0
2025-10-27 22:00:00+00:00,271,0.0,3.04291060370484,0,0,0
2025-10-27 22:15:00+00:00,271,0.0,2.400337011766535,0,0,0
2025-10-27 22:30:00+00:00,271,0.0,1.9060260745431317,0,0,0
2025-10-27 22:45:00+00:00,271,0.0,1.772980938225558,0,0,0
2025-10-27 23:00:00+00:00,271,0.0,1.9485891863774685,0,0,0
2025-10-27 23:15:00+00:00,271,0.0,2.0708652964682024,0,0,0
2025-10-27 23:30:00+00:00,271,0.0,2.0146810700533138,0,0,0
2025-10-27 23:45:00+00:00,271,0.0,1.86902549207516,0,0,0
2025-10-28 00:00:00+00:00,271,0.0,1.847992776081469,0,0,0
2025-10-28 00:15:00+00:00,271,0.0,1.771606576186656,0,0,0
2025-10-28 00:30:00+00:00,271,1159.9999999998545,1.5595375367853954,0,0,0
2025-10-28 00:45:00+00:00,271,50.000000001091394,103.51403574069218,0,0,0
2025-10-28 01:00:00+00:00,271,39.999999999054126,105.89937696409024,0,0,0
2025-10-28 01:15:00+00:00,271,50.000000001091394,106.1032802256949,0,0,0
2025-10-28 01:30:00+00:00,271,39.999999999054126,103.10685705975136,0,0,0
2025-10-28 01:45:00+00:00,271,49.9999999992724,98.4802108172775,0,0,0
2025-10-28 02:00:00+00:00,271,50.000000001091394,92.26863802095944,0,0,0
2025-10-28 02:15:00+00:00,271,49.9999999992724,90.54828895245184,0,0,0
2025-10-28 02:30:00+00:00,271,60.00000000130967,88.95235984568336,0,0,0
2025-10-28 02:45:00+00:00,271,49.9999999992724,89.62789515671626,0,0,0
2025-10-28 03:00:00+00:00,271,49.9999999992724,85.93110245537666,0,0,0
2025-10-28 03:15:00+00:00,271,50.000000001091394,84.5323962153441,0,0,0
2025-10-28 03:30:00+00:00,271,49.9999999992724,83.92494350737486,0,0,0
2025-10-28 03:45:00+00:00,271,50.000000001091394,82.42768900103185,0,0,0
2025-10-28 04:00:00+00:00,271,39.999999999054126,82.15879257972118,0,0,0
2025-10-28 04:15:00+00:00,271,49.9999999992724,81.49564184026447,0,0,0
2025-10-28 04:30:00+00:00,271,50.000000001091394,80.80815455629158,0,0,0
2025-10-28 04:45:00+00:00,271,39.999999999054126,80.6761468910396,0,0,0
2025-10-28 05:00:00+00:00,271,40.00000000087312,82.13785174308384,0,0,0
2025-10-28 05:15:00+00:00,271,39.999999999054126,94.10443350073496,0,0,0
2025-10-28 05:30:00+00:00,271,50.000000001091394,93.41386825832396,0,0,0
2025-10-28 05:45:00+00:00,271,49.9999999992724,91.04014211689255,0,0,0
2025-10-28 07:15:00+00:00,271,49.9999999992724,70.70967152878998,0,0,0
2025-10-28 07:30:00+00:00,271,60.00000000130967,4.08458132153071,0,0,0
2025-10-28 07:45:00+00:00,271,49.9999999992724,5.690988503230866,0,0,0
2025-10-28 08:30:00+00:00,271,49.9999999992724,62.36088919584691,0,0,0
2025-10-28 08:45:00+00:00,271,59.99999999949068,91.08276648163114,0,0,0
2025-10-28 09:00:00+00:00,271,30.00000000065484,91.02497436647994,0,0,0
2025-10-28 09:15:00+00:00,271,49.9999999992724,75.8384499386975,0,0,0
2025-10-28 09:30:00+00:00,271,50.000000001091394,82.60958332848148,0,0,0
2025-10-28 09:45:00+00:00,271,39.999999999054126,58.27994507725451,0,0,0
2025-10-28 10:00:00+00:00,271,50.000000001091394,7.137435639659383,0,0,0
2025-10-28 10:15:00+00:00,271,39.999999999054126,7.530041871850681,0,0,0
2025-10-28 10:30:00+00:00,271,40.00000000087312,52.39588007499256,0,0,0
2025-10-28 10:45:00+00:00,271,39.999999999054126,58.231379180804566,0,0,0
2025-10-28 11:00:00+00:00,271,50.000000001091394,60.43310716712775,0,0,0
2025-10-28 11:15:00+00:00,271,39.999999999054126,11.59676766004618,0,0,0
2025-10-28 11:30:00+00:00,271,40.00000000087312,49.10527452320641,0,0,0
2025-10-28 11:45:00+00:00,271,39.999999999054126,47.6779938033455,0,0,0
2025-10-28 12:00:00+00:00,271,40.00000000087312,43.00646353821256,0,0,0
2025-10-28 12:15:00+00:00,271,49.9999999992724,38.71760409278774,0,0,0
2025-10-28 12:30:00+00:00,271,50.000000001091394,51.58156865278906,0,0,0
2025-10-28 12:45:00+00:00,271,49.9999999992724,49.020952243905896,0,0,0
2025-10-28 13:00:00+00:00,271,49.9999999992724,49.362031384557866,0,0,0
2025-10-28 13:15:00+00:00,271,40.00000000087312,35.50101597624021,0,0,0
2025-10-28 13:30:00+00:00,271,49.9999999992724,47.62729936847319,0,0,0
2025-10-28 13:45:00+00:00,271,40.00000000087312,37.58876474976741,0,0,0
2025-10-28 14:00:00+00:00,271,39.999999999054126,40.05944466784574,0,0,0
2025-10-28 14:15:00+00:00,271,40.00000000087312,36.54790180461621,0,0,0
2025-10-28 14:30:00+00:00,271,29.999999998835847,42.41546489164503,0,0,0
2025-10-28 14:45:00+00:00,271,40.00000000087312,40.84726612311834,0,0,0
2025-10-28 15:00:00+00:00,271,39.999999999054126,40.11382193358553,0,0,0
2025-10-28 15:15:00+00:00,271,40.00000000087312,38.465230642396016,0,0,0
2025-10-28 15:30:00+00:00,271,40.00000000087312,39.81350660070582,0,0,0
2025-10-28 15:45:00+00:00,271,39.999999999054126,38.95124563940131,0,0,0
2025-10-28 16:00:00+00:00,271,40.00000000087312,38.703347479325686,0,0,0
2025-10-28 16:15:00+00:00,271,29.999999998835847,38.47704096799495,0,0,0
2025-10-28 16:30:00+00:00,271,40.00000000087312,40.06122483037524,0,0,0
2025-10-28 16:45:00+00:00,271,49.9999999992724,39.03611919483999,0,0,0
2025-10-28 17:00:00+00:00,271,40.00000000087312,38.91820735417642,0,0,0
2025-10-28 17:15:00+00:00,271,39.999999999054126,39.006457475961376,0,0,0
2025-10-28 17:30:00+00:00,271,40.00000000087312,41.56174488217559,0,0,0
2025-10-28 17:45:00+00:00,271,39.999999999054126,40.38152775157002,0,0,0
2025-10-28 18:00:00+00:00,271,50.000000001091394,39.82746652041296,0,0,0
2025-10-28 18:15:00+00:00,271,39.999999999054126,38.97945451595746,0,0,0
2025-10-28 18:30:00+00:00,271,50.000000001091394,45.73771713923784,0,0,0
2025-10-28 18:45:00+00:00,271,39.999999999054126,40.43178384534635,0,0,0
2025-10-28 19:00:00+00:00,271,49.9999999992724,47.76356028226341,0,0,0
2025-10-28 19:15:00+00:00,271,40.00000000087312,39.265932434938506,0,0,0
2025-10-28 19:30:00+00:00,271,49.9999999992724,39.538662905224015,0,0,0
2025-10-28 19:45:00+00:00,271,40.00000000087312,35.748550447196905,0,0,0
2025-10-28 20:00:00+00:00,271,30.00000000065484,38.10525689493902,0,0,0
2025-10-28 20:15:00+00:00,271,29.999999998835847,30.425363932918703,0,0,0
2025-10-28 20:30:00+00:00,271,30.00000000065484,29.57663029268512,0,0,0
2025-10-28 21:30:00+00:00,271,29.999999998835847,29.44064740965556,0,0,0
2025-10-28 21:45:00+00:00,271,40.00000000087312,29.92726871470517,0,0,0
2025-10-28 22:00:00+00:00,271,30.00000000065484,30.08431494018054,0,0,0
2025-10-28 22:15:00+00:00,271,29.999999998835847,30.24108744174009,0,0,0
2025-10-28 22:30:00+00:00,271,30.00000000065484,30.19493672816283,0,0,0
2025-10-28 22:45:00+00:00,271,39.999999999054126,30.16426385782593,0,0,0
2025-10-28 23:00:00+00:00,271,30.00000000065484,29.92398115648537,0,0,0
2025-10-28 23:15:00+00:00,271,30.00000000065484,30.35571746664364,0,0,0
2025-10-28 23:30:00+00:00,271,29.999999998835847,30.553173860076942,0,0,0
2025-10-28 23:45:00+00:00,271,40.00000000087312,39.138767577428055,0,0,0
2025-10-29 00:00:00+00:00,271,39.999999999054126,30.848476025575184,0,0,0
2025-10-29 00:15:00+00:00,271,50.000000001091394,36.648403464325966,0,0,0
2025-10-29 00:30:00+00:00,271,39.999999999054126,39.17287587432391,0,0,0
2025-10-29 00:45:00+00:00,271,40.00000000087312,39.57853663173152,0,0,0
2025-10-29 01:00:00+00:00,271,29.999999998835847,39.34089833311624,0,0,0
2025-10-29 01:15:00+00:00,271,40.00000000087312,39.78654192376706,0,0,0
2025-10-29 01:30:00+00:00,271,30.00000000065484,39.17681520172789,0,0,0
2025-10-29 01:45:00+00:00,271,39.999999999054126,39.71715578233501,0,0,0
2025-10-29 02:00:00+00:00,271,40.00000000087312,39.27859838704356,0,0,0
2025-10-29 02:15:00+00:00,271,39.999999999054126,39.42063812951824,0,0,0
2025-10-29 02:30:00+00:00,271,30.00000000065484,39.26656984797327,0,0,0
2025-10-29 02:45:00+00:00,271,39.999999999054126,39.55088668792657,0,0,0
2025-10-29 03:00:00+00:00,271,40.00000000087312,33.15702429151121,0,0,0
2025-10-29 03:15:00+00:00,271,29.999999998835847,39.18214994685661,0,0,0
2025-10-29 03:30:00+00:00,271,40.00000000087312,42.43171413864816,0,0,0
2025-10-29 03:45:00+00:00,271,39.999999999054126,30.69117856748476,0,0,0
2025-10-29 04:00:00+00:00,271,40.00000000087312,30.239297229905983,0,0,0
2025-10-29 04:15:00+00:00,271,30.00000000065484,30.035629887690323,0,0,0
2025-10-29 04:30:00+00:00,271,29.999999998835847,37.1573997853411,0,0,0
2025-10-29 04:45:00+00:00,271,30.00000000065484,39.79542550903523,0,0,0
2025-10-29 05:00:00+00:00,271,39.999999999054126,39.67267086063012,0,0,0
2025-10-29 06:15:00+00:00,271,49.9999999992724,31.998396895497272,0,0,0
2025-10-29 06:30:00+00:00,271,90.00000000014552,39.72341506348712,0,0,0
2025-10-29 06:45:00+00:00,271,69.99999999970896,33.98618667176322,0,0,0
2025-10-29 07:00:00+00:00,271,60.00000000130967,58.15374112467933,0,0,0
2025-10-29 07:15:00+00:00,271,39.999999999054126,52.56414180294209,0,0,0
2025-10-29 07:30:00+00:00,271,50.000000001091394,51.25187106740634,0,0,0
2025-10-29 07:45:00+00:00,271,49.9999999992724,51.18716503068895,0,0,0
2025-10-29 08:00:00+00:00,271,39.999999999054126,49.73365658289342,0,0,0
2025-10-29 08:15:00+00:00,271,50.000000001091394,48.95785792423133,0,0,0
2025-10-29 08:30:00+00:00,271,49.9999999992724,50.81708646818547,0,0,0
2025-10-29 08:45:00+00:00,271,40.00000000087312,46.20169448978925,0,0,0
2025-10-29 09:00:00+00:00,271,39.999999999054126,38.92461593928261,0,0,0
2025-10-29 09:15:00+00:00,271,40.00000000087312,39.947076215015954,0,0,0
2025-10-29 09:30:00+00:00,271,39.999999999054126,39.89192754551338,0,0,0
2025-10-29 09:45:00+00:00,271,50.000000001091394,39.29463899134162,0,0,0
2025-10-29 10:00:00+00:00,271,29.999999998835847,31.62010374428912,0,0,0
2025-10-29 10:15:00+00:00,271,40.00000000087312,39.39090750112236,0,0,0
2025-10-29 10:30:00+00:00,271,39.999999999054126,39.664642901868056,0,0,0
2025-10-29 10:45:00+00:00,271,40.00000000087312,38.389326809122096,0,0,0
2025-10-29 11:00:00+00:00,271,30.00000000065484,30.188034291516196,0,0,0
2025-10-29 11:15:00+00:00,271,39.999999999054126,31.896428037315623,0,0,0
2025-10-29 11:30:00+00:00,271,40.00000000087312,30.587913827547773,0,0,0
2025-10-29 11:45:00+00:00,271,39.999999999054126,30.856079042314075,0,0,0
2025-10-29 12:00:00+00:00,271,30.00000000065484,30.632928969705,0,0,0
2025-10-29 12:15:00+00:00,271,29.999999998835847,30.778217030257707,0,0,0
2025-10-29 12:30:00+00:00,271,40.00000000087312,39.402176121349406,0,0,0
2025-10-29 12:45:00+00:00,271,30.00000000065484,30.391368571065048,0,0,0
2025-10-29 13:00:00+00:00,271,39.999999999054126,30.204360583187945,0,0,0
2025-10-29 13:15:00+00:00,271,30.00000000065484,30.078917985070948,0,0,0
2025-10-29 13:30:00+00:00,271,29.999999998835847,30.57553117012484,0,0,0
2025-10-29 13:45:00+00:00,271,30.00000000065484,30.37059617991438,0,0,0
2025-10-29 14:00:00+00:00,271,30.00000000065484,30.5816823016179,0,0,0
2025-10-29 14:15:00+00:00,271,39.999999999054126,30.275446971250982,0,0,0
2025-10-29 14:30:00+00:00,271,30.00000000065484,30.50464433253889,0,0,0
2025-10-29 14:45:00+00:00,271,29.999999998835847,30.79995224049691,0,0,0
2025-10-29 15:00:00+00:00,271,30.00000000065484,30.40660140268844,0,0,0
2025-10-29 15:45:00+00:00,271,30.00000000065484,30.53841765261468,0,0,0
2025-10-29 16:00:00+00:00,271,30.00000000065484,30.50897606136068,0,0,0
2025-10-29 16:15:00+00:00,271,29.999999998835847,30.40736802106808,0,0,0
2025-10-29 16:30:00+00:00,271,30.00000000065484,30.35209301745051,0,0,0
2025-10-29 16:45:00+00:00,271,29.999999998835847,30.2622373996208,0,0,0
2025-10-29 17:00:00+00:00,271,30.00000000065484,30.899555205252256,0,0,0
2025-10-29 17:15:00+00:00,271,30.00000000065484,30.49774859542866,0,0,0
2025-10-29 17:30:00+00:00,271,39.999999999054126,30.26117456602456,0,0,0
2025-10-29 17:45:00+00:00,271,40.00000000087312,30.188251547910923,0,0,0
2025-10-29 18:00:00+00:00,271,29.999999998835847,30.417207725888385,0,0,0
2025-10-29 18:15:00+00:00,271,40.00000000087312,31.016235288294613,0,0,0
2025-10-29 18:30:00+00:00,271,30.00000000065484,30.48642159352725,0,0,0
2025-10-29 18:45:00+00:00,271,39.999999999054126,31.05948845237829,0,0,0
2025-10-29 19:00:00+00:00,271,40.00000000087312,30.90440375545357,0,0,0
2025-10-29 19:15:00+00:00,271,29.999999998835847,30.53844732199017,0,0,0
2025-10-29 19:30:00+00:00,271,40.00000000087312,30.243784483679946,0,0,0
2025-10-29 19:45:00+00:00,271,29.999999998835847,29.86134719066925,0,0,0
2025-10-29 20:00:00+00:00,271,30.00000000065484,29.11125752440899,0,0,0
2025-10-29 20:15:00+00:00,271,20.00000000043656,21.327485379256014,0,0,0
2025-10-29 20:30:00+00:00,271,20.00000000043656,20.807663564492945,0,0,0
2025-10-29 20:45:00+00:00,271,19.999999998617568,20.69525108613824,0,0,0
2025-10-29 21:00:00+00:00,271,30.00000000065484,20.87320895741376,0,0,0
2025-10-29 21:15:00+00:00,271,20.00000000043656,20.58133599747638,0,0,0
2025-10-29 21:30:00+00:00,271,19.999999998617568,20.53067314613282,0,0,0
2025-10-29 21:45:00+00:00,271,20.00000000043656,20.522591591079543,0,0,0
2025-10-29 22:00:00+00:00,271,10.00000000021828,20.47257763769029,0,0,0
2025-10-29 22:15:00+00:00,271,20.00000000043656,20.565252324730015,0,0,0
2025-10-29 22:30:00+00:00,271,20.00000000043656,20.058902320593408,0,0,0
2025-10-29 22:45:00+00:00,271,10.00000000021828,19.852471419612197,0,0,0
2025-10-29 23:00:00+00:00,271,29.999999998835847,20.49871444334517,0,0,0
2025-10-29 23:15:00+00:00,271,20.00000000043656,20.285320809889708,0,0,0
2025-10-29 23:30:00+00:00,271,20.00000000043656,20.308276292830584,0,0,0
2025-10-29 23:45:00+00:00,271,19.999999998617568,20.39827307946303,0,0,0
2025-10-30 00:00:00+00:00,271,20.00000000043656,20.534339706697608,0,0,0
2025-10-30 00:15:00+00:00,271,20.00000000043656,20.294012022755503,0,0,0
2025-10-30 00:30:00+00:00,271,30.00000000065484,20.50331989608278,0,0,0
2025-10-30 00:45:00+00:00,271,19.999999998617568,20.181217670825923,0,0,0
2025-10-30 01:00:00+00:00,271,20.00000000043656,20.712327247348625,0,0,0
2025-10-30 01:15:00+00:00,271,30.00000000065484,21.29117484903739,0,0,0
2025-10-30 01:30:00+00:00,271,29.999999998835847,20.490555365084973,0,0,0
2025-10-30 01:45:00+00:00,271,30.00000000065484,20.282775943133828,0,0,0
2025-10-30 02:00:00+00:00,271,20.00000000043656,20.58570122398017,0,0,0
2025-10-30 02:15:00+00:00,271,29.999999998835847,28.710015589796367,0,0,0
2025-10-30 02:30:00+00:00,271,30.00000000065484,28.6047285469428,0,0,0
2025-10-30 02:45:00+00:00,271,20.00000000043656,29.88961109913156,0,0,0
2025-10-30 03:00:00+00:00,271,29.999999998835847,30.138256257515927,0,0,0
2025-10-30 03:15:00+00:00,271,30.00000000065484,30.15786675763928,0,0,0
2025-10-30 03:30:00+00:00,271,20.00000000043656,30.157732288372934,0,0,0
2025-10-30 03:45:00+00:00,271,30.00000000065484,30.335890667202182,0,0,0
2025-10-30 04:00:00+00:00,271,29.999999998835847,30.17208891634269,0,0,0
2025-10-30 04:15:00+00:00,271,30.00000000065484,29.862204252790303,0,0,0
2025-10-30 04:30:00+00:00,271,39.999999999054126,30.01369369135908,0,0,0
2025-10-30 04:45:00+00:00,271,30.00000000065484,29.948757477712466,0,0,0
2025-10-30 05:00:00+00:00,271,30.00000000065484,30.273938618484056,0,0,0
2025-10-30 05:15:00+00:00,271,39.999999999054126,30.679690776709723,0,0,0
2025-10-30 05:30:00+00:00,271,30.00000000065484,30.945052714030385,0,0,0
2025-10-30 05:45:00+00:00,271,39.999999999054126,37.59631034190857,0,0,0
2025-10-30 06:00:00+00:00,271,30.00000000065484,36.81125675224635,0,0,0
2025-10-30 06:15:00+00:00,271,49.9999999992724,39.6677189461529,0,0,0
2025-10-30 06:30:00+00:00,271,90.00000000014552,83.25441562126366,0,0,0
2025-10-30 06:45:00+00:00,271,90.00000000014552,77.54911722002855,0,0,0
2025-10-30 07:00:00+00:00,271,50.000000001091394,62.914558025586174,0,0,0
2025-10-30 07:15:00+00:00,271,39.999999999054126,55.91735547947539,0,0,0
2025-10-30 07:30:00+00:00,271,49.9999999992724,52.91098254489921,0,0,0
2025-10-30 07:45:00+00:00,271,50.000000001091394,54.40188589073376,0,0,0
2025-10-30 08:00:00+00:00,271,49.9999999992724,54.43457962837229,0,0,0
2025-10-30 08:15:00+00:00,271,60.00000000130967,53.103473624782495,0,0,0
2025-10-30 08:30:00+00:00,271,49.9999999992724,52.64976187815121,0,0,0
2025-10-30 08:45:00+00:00,271,49.9999999992724,50.445028671213706,0,0,0
2025-10-30 09:00:00+00:00,271,60.00000000130967,48.79582102267528,0,0,0
2025-10-30 09:15:00+00:00,271,39.999999999054126,49.74216690827638,0,0,0
2025-10-30 09:30:00+00:00,271,50.000000001091394,50.8301677915474,0,0,0
2025-10-30 09:45:00+00:00,271,49.9999999992724,48.73876777068148,0,0,0
2025-10-30 10:00:00+00:00,271,39.999999999054126,48.54106253732469,0,0,0
2025-10-30 10:15:00+00:00,271,50.000000001091394,48.30323665169017,0,0,0
2025-10-30 10:30:00+00:00,271,39.999999999054126,43.50676003267225,0,0,0
2025-10-30 10:45:00+00:00,271,40.00000000087312,43.04174521105527,0,0,0
2025-10-30 11:00:00+00:00,271,39.999999999054126,40.12287779264688,0,0,0
2025-10-30 11:15:00+00:00,271,50.000000001091394,39.88084459815232,0,0,0
2025-10-30 11:30:00+00:00,271,29.999999998835847,39.62450693636426,0,0,0
2025-10-30 11:45:00+00:00,271,40.00000000087312,39.87050817056168,0,0,0
2025-10-30 12:00:00+00:00,271,40.00000000087312,39.43742908189326,0,0,0
2025-10-30 12:15:00+00:00,271,39.999999999054126,39.31300529184758,0,0,0
2025-10-30 12:30:00+00:00,271,30.00000000065484,39.30737959542371,0,0,0
2025-10-30 12:45:00+00:00,271,39.999999999054126,39.3333202003697,0,0,0
2025-10-30 13:00:00+00:00,271,40.00000000087312,34.24857497199832,0,0,0
2025-10-30 13:15:00+00:00,271,29.999999998835847,39.360744274090266,0,0,0
2025-10-30 13:30:00+00:00,271,40.00000000087312,39.40900773432551,0,0,0
2025-10-30 13:45:00+00:00,271,39.999999999054126,34.720244347415075,0,0,0
2025-10-30 14:00:00+00:00,271,40.00000000087312,39.37116492442424,0,0,0
2025-10-30 14:15:00+00:00,271,39.999999999054126,39.28940378218229,0,0,0
2025-10-30 14:30:00+00:00,271,30.00000000065484,39.37201863677709,0,0,0
2025-10-30 14:45:00+00:00,271,40.00000000087312,39.24108289734932,0,0,0
2025-10-30 15:00:00+00:00,271,39.999999999054126,31.11086432581028,0,0,0
2025-10-30 15:15:00+00:00,271,30.00000000065484,38.39112228487766,0,0,0
2025-10-30 15:30:00+00:00,271,39.999999999054126,39.422234533335015,0,0,0
2025-10-30 15:45:00+00:00,271,40.00000000087312,39.35904450599759,0,0,0
2025-10-30 16:00:00+00:00,271,39.999999999054126,39.41115158597395,0,0,0
2025-10-30 16:15:00+00:00,271,30.00000000065484,39.42942600712354,0,0,0
2025-10-30 16:30:00+00:00,271,39.999999999054126,39.6014586169904,0,0,0
2025-10-30 16:45:00+00:00,271,40.00000000087312,39.41020408011147,0,0,0
2025-10-30 17:00:00+00:00,271,40.00000000087312,39.51846284589735,0,0,0
2025-10-30 17:15:00+00:00,271,39.999999999054126,39.65278663659095,0,0,0
2025-10-30 17:30:00+00:00,271,49.9999999992724,39.86175091940849,0,0,0
2025-10-30 17:45:00+00:00,271,40.00000000087312,39.8397764400121,0,0,0
2025-10-30 18:00:00+00:00,271,39.999999999054126,40.39664956230448,0,0,0
2025-10-30 18:15:00+00:00,271,40.00000000087312,40.46861789648092,0,0,0
2025-10-30 18:30:00+00:00,271,40.00000000087312,41.06921984994146,0,0,0
2025-10-30 18:45:00+00:00,271,49.9999999992724,40.87110881609408,0,0,0
2025-10-30 19:00:00+00:00,271,39.999999999054126,40.81714500745792,0,0,0
2025-10-30 19:15:00+00:00,271,50.000000001091394,42.04324247749312,0,0,0
2025-10-30 19:30:00+00:00,271,49.9999999992724,40.74469239250732,0,0,0
2025-10-30 19:45:00+00:00,271,40.00000000087312,40.39893888960047,0,0,0
2025-10-30 20:00:00+00:00,271,29.999999998835847,39.40468940457654,0,0,0
2025-10-30 20:15:00+00:00,271,30.00000000065484,33.61915831247561,0,0,0
2025-10-30 20:30:00+00:00,271,30.00000000065484,30.03543129428985,0,0,0
2025-10-30 20:45:00+00:00,271,39.999999999054126,29.99927246071688,0,0,0
2025-10-30 21:00:00+00:00,271,30.00000000065484,30.57437980694044,0,0,0
2025-10-30 21:15:00+00:00,271,29.999999998835847,39.40963174828747,0,0,0
2025-10-30 21:30:00+00:00,271,40.00000000087312,39.44026777117416,0,0,0
2025-10-30 21:45:00+00:00,271,40.00000000087312,34.34409887616187,0,0,0
2025-10-30 22:00:00+00:00,271,29.999999998835847,30.492637806231063,0,0,0
2025-10-30 22:15:00+00:00,271,30.00000000065484,31.021990190063363,0,0,0
2025-10-30 22:30:00+00:00,271,39.999999999054126,32.25309125671374,0,0,0
2025-10-30 22:45:00+00:00,271,30.00000000065484,30.52051362012041,0,0,0
2025-10-30 23:00:00+00:00,271,39.999999999054126,39.332353552974645,0,0,0
2025-10-30 23:15:00+00:00,271,30.00000000065484,31.51223737992104,0,0,0
2025-10-30 23:30:00+00:00,271,40.00000000087312,39.46006394416349,0,0,0
2025-10-30 23:45:00+00:00,271,39.999999999054126,39.480493701881066,0,0,0
2025-10-31 00:00:00+00:00,271,40.00000000087312,39.699319702281386,0,0,0
2025-10-31 00:15:00+00:00,271,49.9999999992724,39.938288337410654,0,0,0
2025-10-31 00:30:00+00:00,271,49.9999999992724,40.46410049479316,0,0,0
2025-10-31 00:45:00+00:00,271,50.000000001091394,42.14007183417831,0,0,0
2025-10-31 01:00:00+00:00,271,39.999999999054126,43.160244696768906,0,0,0
2025-10-31 01:15:00+00:00,271,40.00000000087312,48.19140033346598,0,0,0
2025-10-31 01:30:00+00:00,271,49.9999999992724,42.47495677488892,0,0,0
2025-10-31 01:45:00+00:00,271,50.000000001091394,40.77640416952474,0,0,0
2025-10-31 02:00:00+00:00,271,39.999999999054126,41.11712536351755,0,0,0
2025-10-31 02:15:00+00:00,271,50.000000001091394,47.60354089824078,0,0,0
2025-10-31 02:30:00+00:00,271,39.999999999054126,47.14487149467251,0,0,0
2025-10-31 02:45:00+00:00,271,50.000000001091394,48.68513319640561,0,0,0
2025-10-31 03:00:00+00:00,271,49.9999999992724,46.04172487375132,0,0,0
2025-10-31 03:15:00+00:00,271,39.999999999054126,47.3134777702084,0,0,0
2025-10-31 03:30:00+00:00,271,60.00000000130967,48.051318769773744,0,0,0
2025-10-31 04:45:00+00:00,271,50.000000001091394,46.50852560035756,0,0,0
2025-10-31 05:00:00+00:00,271,49.9999999992724,48.2698997585571,0,0,0
2025-10-31 05:15:00+00:00,271,50.000000001091394,48.17816970614996,0,0,0
2025-10-31 05:30:00+00:00,271,49.9999999992724,49.39229797586586,0,0,0
2025-10-31 05:45:00+00:00,271,49.9999999992724,49.1115031779064,0,0,0
2025-10-31 06:00:00+00:00,271,50.000000001091394,49.58422629469143,0,0,0
2025-10-31 06:15:00+00:00,271,59.99999999949068,49.78797259572897,0,0,0
2025-10-31 06:30:00+00:00,271,110.00000000058208,90.95363770287848,0,0,0
2025-10-31 06:45:00+00:00,271,90.00000000014552,88.45069855995106,0,0,0
2025-10-31 07:00:00+00:00,271,59.99999999949068,69.12411713267731,0,0,0
2025-10-31 07:15:00+00:00,271,49.9999999992724,62.86804027312179,0,0,0
2025-10-31 07:30:00+00:00,271,70.00000000152795,62.97147345854545,0,0,0
2025-10-31 07:45:00+00:00,271,59.99999999949068,61.32065026465766,0,0,0
2025-10-31 08:00:00+00:00,271,49.9999999992724,61.94907826402286,0,0,0
2025-10-31 08:15:00+00:00,271,60.00000000130967,58.99749605229009,0,0,0
2025-10-31 08:30:00+00:00,271,59.99999999949068,59.261373563759534,0,0,0
2025-10-31 08:45:00+00:00,271,49.9999999992724,58.72208768159731,0,0,0
2025-10-31 09:00:00+00:00,271,50.000000001091394,53.32866227061084,0,0,0
2025-10-31 09:15:00+00:00,271,59.99999999949068,50.45246324246594,0,0,0
2025-10-31 09:30:00+00:00,271,49.9999999992724,50.602751071327305,0,0,0
2025-10-31 09:45:00+00:00,271,50.000000001091394,49.828724918581685,0,0,0
2025-10-31 10:00:00+00:00,271,49.9999999992724,48.859811166074365,0,0,0
2025-10-31 10:15:00+00:00,271,40.00000000087312,48.12790404160734,0,0,0
2025-10-31 10:30:00+00:00,271,39.999999999054126,48.05507816677152,0,0,0
2025-10-31 10:45:00+00:00,271,50.000000001091394,41.38955722589488,0,0,0
2025-10-31 11:00:00+00:00,271,39.999999999054126,39.62478831689312,0,0,0
2025-10-31 11:15:00+00:00,271,40.00000000087312,39.656346961649945,0,0,0
2025-10-31 11:30:00+00:00,271,39.999999999054126,39.68048443422734,0,0,0
2025-10-31 11:45:00+00:00,271,40.00000000087312,39.56937549424101,0,0,0
2025-10-31 12:00:00+00:00,271,39.999999999054126,39.47928395702231,0,0,0
2025-10-31 12:15:00+00:00,271,40.00000000087312,38.74962022017311,0,0,0
2025-10-31 12:30:00+00:00,271,39.999999999054126,36.75565442842175,0,0,0
2025-10-31 12:45:00+00:00,271,30.00000000065484,39.36172049225161,0,0,0
2025-10-31 13:00:00+00:00,271,39.999999999054126,39.34252919169165,0,0,0
2025-10-31 13:15:00+00:00,271,30.00000000065484,30.57015622777771,0,0,0
2025-10-31 13:30:00+00:00,271,30.00000000065484,37.14486973811734,0,0,0
2025-10-31 13:45:00+00:00,271,39.999999999054126,30.516274727731624,0,0,0
2025-10-31 14:00:00+00:00,271,30.00000000065484,30.29617294418516,0,0,0
2025-10-31 14:15:00+00:00,271,20.00000000043656,30.364220135413564,0,0,0
2025-10-31 14:30:00+00:00,271,29.999999998835847,30.66520350778014,0,0,0
2025-10-31 14:45:00+00:00,271,30.00000000065484,30.41466955866891,0,0,0
2025-10-31 15:00:00+00:00,271,29.999999998835847,30.20755817620464,0,0,0
2025-10-31 15:15:00+00:00,271,30.00000000065484,30.227805610824436,0,0,0
2025-10-31 15:30:00+00:00,271,30.00000000065484,30.24683803666401,0,0,0
2025-10-31 15:45:00+00:00,271,29.999999998835847,30.24366867740786,0,0,0
2025-10-31 16:00:00+00:00,271,30.00000000065484,30.36301709009121,0,0,0
2025-10-31 16:15:00+00:00,271,30.00000000065484,30.207515107756347,0,0,0
2025-10-31 16:30:00+00:00,271,39.999999999054126,30.171595543340565,0,0,0
2025-10-31 16:45:00+00:00,271,30.00000000065484,30.16385805733533,0,0,0
2025-10-31 17:00:00+00:00,271,29.999999998835847,30.38750580979136,0,0,0
2025-10-31 17:15:00+00:00,271,40.00000000087312,30.49049299750601,0,0,0
2025-10-31 17:30:00+00:00,271,30.00000000065484,30.37542367442986,0,0,0
2025-10-31 17:45:00+00:00,271,29.999999998835847,35.8713376362074,0,0,0
2025-10-31 18:00:00+00:00,271,40.00000000087312,37.9474904693005,0,0,0
2025-10-31 18:15:00+00:00,271,29.999999998835847,30.87555363755614,0,0,0
2025-10-31 18:30:00+00:00,271,30.00000000065484,35.47238311473752,1,0,1
2025-10-31 18:45:00+00:00,271,30.00000000065484,36.90865844075554,1,0,1
2025-10-31 19:00:00+00:00,271,39.999999999054126,30.380654098206048,1,0,1
2025-10-31 19:15:00+00:00,271,40.00000000087312,30.055148986995626,1,0,1
2025-10-31 19:30:00+00:00,271,29.999999998835847,30.177564351735843,0,0,0
2025-10-31 19:45:00+00:00,271,30.00000000065484,30.0090059300314,0,0,0
2025-10-31 20:00:00+00:00,271,30.00000000065484,29.03188046004929,0,0,0
2025-10-31 20:15:00+00:00,271,19.999999998617568,21.605696070317816,0,0,0
2025-10-31 20:30:00+00:00,271,20.00000000043656,21.010816478020647,0,0,0
2025-10-31 20:45:00+00:00,271,20.00000000043656,21.038315203718263,0,0,0
2025-10-31 21:00:00+00:00,271,30.00000000065484,21.105523038743243,0,0,0
2025-10-31 21:15:00+00:00,271,29.999999998835847,20.799725570933987,0,0,0
2025-10-31 21:30:00+00:00,271,20.00000000043656,20.84958447790938,0,0,0
2025-10-31 21:45:00+00:00,271,20.00000000043656,28.701271737715988,0,0,0
2025-10-31 22:00:00+00:00,271,20.00000000043656,29.077346385298668,0,0,0
2025-10-31 22:15:00+00:00,271,29.999999998835847,28.89629428528235,0,0,0
2025-10-31 22:30:00+00:00,271,30.00000000065484,20.81626098384912,0,0,0
2025-10-31 22:45:00+00:00,271,20.00000000043656,29.38403536998761,0,0,0
2025-10-31 23:00:00+00:00,271,39.999999999054126,30.2536658213336,0,0,0
2025-10-31 23:15:00+00:00,271,30.00000000065484,30.12984451102573,0,0,0
2025-10-31 23:30:00+00:00,271,29.999999998835847,30.51718203637569,0,0,0
2025-10-31 23:45:00+00:00,271,20.00000000043656,30.42673542372772,0,0,0
2025-11-01 00:00:00+00:00,271,40.00000000087312,38.57158099738414,0,0,0
2025-11-01 00:15:00+00:00,271,29.999999998835847,30.32634095660039,0,0,0
2025-11-01 00:30:00+00:00,271,50.000000001091394,30.768204094567597,0,0,0
2025-11-01 00:45:00+00:00,271,29.999999998835847,30.24633796412548,0,0,0
2025-11-01 01:00:00+00:00,271,30.00000000065484,39.42451237571147,0,0,0
2025-11-01 01:15:00+00:00,271,39.999999999054126,39.47246000065923,0,0,0
2025-11-01 01:30:00+00:00,271,30.00000000065484,33.23641379786709,0,0,0
2025-11-01 01:45:00+00:00,271,30.00000000065484,30.63110669580384,0,0,0
2025-11-01 02:00:00+00:00,271,29.999999998835847,30.480895433072774,0,0,0
2025-11-01 02:15:00+00:00,271,30.00000000065484,31.296148618678977,0,0,0
2025-11-01 02:30:00+00:00,271,30.00000000065484,30.469716778048827,0,0,0
2025-11-01 02:45:00+00:00,271,29.999999998835847,31.15653889376472,0,0,0
2025-11-01 03:00:00+00:00,271,30.00000000065484,30.4307111200436,0,0,0
2025-11-01 03:15:00+00:00,271,39.999999999054126,30.577766901129632,0,0,0
2025-11-01 03:30:00+00:00,271,30.00000000065484,30.160707361073445,0,0,0
2025-11-01 03:45:00+00:00,271,30.00000000065484,30.22600295699416,0,0,0
2025-11-01 04:00:00+00:00,271,39.999999999054126,30.20037914441229,0,0,0
2025-11-01 04:15:00+00:00,271,30.00000000065484,30.19443187024116,0,0,0
2025-11-01 04:30:00+00:00,271,30.00000000065484,30.371414480431973,0,0,0
2025-11-01 04:45:00+00:00,271,29.999999998835847,30.59695245922981,0,0,0
2025-11-01 05:00:00+00:00,271,30.00000000065484,30.385214568342104,0,0,0
2025-11-01 05:15:00+00:00,271,29.999999998835847,30.4645849331654,0,0,0
2025-11-01 05:30:00+00:00,271,40.00000000087312,30.58740657693453,0,0,0
2025-11-01 05:45:00+00:00,271,30.00000000065484,30.15285167610456,0,0,0
2025-11-01 06:00:00+00:00,271,39.999999999054126,30.3543986150492,0,0,0
2025-11-01 06:15:00+00:00,271,30.00000000065484,30.2962408966258,0,0,0
2025-11-01 06:30:00+00:00,271,29.999999998835847,30.66630414590322,0,0,0
2025-11-01 06:45:00+00:00,271,40.00000000087312,30.78309046445137,0,0,0
2025-11-01 07:00:00+00:00,271,30.00000000065484,30.516049814723864,0,0,0
2025-11-01 07:15:00+00:00,271,29.999999998835847,30.92587672669649,0,0,0
2025-11-01 07:30:00+00:00,271,40.00000000087312,31.58725113193021,0,0,0
2025-11-01 07:45:00+00:00,271,29.999999998835847,30.45164334299127,0,0,0
2025-11-01 08:00:00+00:00,271,20.00000000043656,30.300252961853573,0,0,0
2025-11-01 08:15:00+00:00,271,30.00000000065484,30.377988639794943,0,0,0
2025-11-01 08:30:00+00:00,271,20.00000000043656,29.81288274434196,0,0,0
2025-11-01 08:45:00+00:00,271,29.999999998835847,29.28985807264073,0,0,0
2025-11-01 09:00:00+00:00,271,20.00000000043656,21.012837823860597,0,0,0
2025-11-01 09:15:00+00:00,271,20.00000000043656,21.05102709550149,0,0,0
2025-11-01 09:30:00+00:00,271,19.999999998617568,20.638410305156015,0,0,0
2025-11-01 09:45:00+00:00,271,20.00000000043656,20.321161415483616,0,0,0
2025-11-01 10:00:00+00:00,271,20.00000000043656,19.65571943457765,0,0,0
2025-11-01 10:15:00+00:00,271,20.00000000043656,19.50880530083268,0,0,0
2025-11-01 10:30:00+00:00,271,20.00000000043656,19.3558682838629,0,0,0
2025-11-01 10:45:00+00:00,271,19.999999998617568,14.90039136813676,0,0,0
2025-11-01 11:00:00+00:00,271,10.00000000021828,18.942799753348652,0,0,0
2025-11-01 11:15:00+00:00,271,10.00000000021828,19.56270498533471,0,0,0
2025-11-01 11:30:00+00:00,271,10.00000000021828,11.860396331592144,0,0,0
2025-11-01 11:45:00+00:00,271,10.00000000021828,10.374408531322924,0,0,0
2025-11-01 12:00:00+00:00,271,10.00000000021828,10.165028877248488,0,0,0
2025-11-01 12:15:00+00:00,271,10.00000000021828,10.15045260019243,0,0,0
2025-11-01 12:30:00+00:00,271,9.99999999839929,10.214496339882722,0,0,0
2025-11-01 12:45:00+00:00,271,10.00000000021828,10.184340769463663,0,0,0
2025-11-01 13:00:00+00:00,271,10.00000000021828,10.261006435734078,0,0,0
2025-11-01 13:15:00+00:00,271,10.00000000021828,10.16339610451982,0,0,0
2025-11-01 13:30:00+00:00,271,20.00000000043656,10.195496454648524,0,0,0
2025-11-01 13:45:00+00:00,271,10.00000000021828,10.119902714202322,0,0,0
2025-11-01 14:00:00+00:00,271,19.999999998617568,10.300947157605606,0,0,0
2025-11-01 14:15:00+00:00,271,10.00000000021828,10.268774069653116,0,0,0
2025-11-01 14:30:00+00:00,271,20.00000000043656,10.907017846922898,0,0,0
2025-11-01 14:45:00+00:00,271,10.00000000021828,10.501877739201325,0,0,0
2025-11-01 15:00:00+00:00,271,20.00000000043656,19.687196727821032,0,0,0
2025-11-01 15:15:00+00:00,271,20.00000000043656,17.945367988534088,0,0,0
2025-11-01 15:30:00+00:00,271,29.999999998835847,19.978647616965134,0,0,0
2025-11-01 15:45:00+00:00,271,20.00000000043656,20.180431910913708,0,0,0
2025-11-01 16:00:00+00:00,271,30.00000000065484,20.34735086035308,0,0,0
2025-11-01 16:15:00+00:00,271,19.999999998617568,20.38678815991788,0,0,0
2025-11-01 16:30:00+00:00,271,20.00000000043656,20.719736934608505,0,0,0
2025-11-01 16:45:00+00:00,271,20.00000000043656,21.1491647759382,0,0,0
2025-11-01 18:30:00+00:00,271,30.00000000065484,20.78512632403884,0,0,0
2025-11-01 18:45:00+00:00,271,20.00000000043656,20.70989340148168,0,0,0
2025-11-01 19:00:00+00:00,271,19.999999998617568,29.67842639853528,0,0,0
2025-11-01 19:15:00+00:00,271,30.00000000065484,30.196494370376143,0,0,0
2025-11-01 19:30:00+00:00,271,30.00000000065484,29.212982806588613,0,0,0
2025-11-01 19:45:00+00:00,271,29.999999998835847,29.494268106320312,0,0,0
2025-11-01 20:00:00+00:00,271,20.00000000043656,29.40596199555257,0,0,0
2025-11-01 20:15:00+00:00,271,30.00000000065484,30.20194731446852,0,0,0
2025-11-01 20:30:00+00:00,271,29.999999998835847,29.29495019884406,0,0,0
2025-11-01 20:45:00+00:00,271,30.00000000065484,29.972135031446623,0,0,0
2025-11-01 21:00:00+00:00,271,30.00000000065484,30.149302835965106,0,0,0
2025-11-01 21:15:00+00:00,271,29.999999998835847,30.32327735431172,0,0,0
2025-11-01 21:30:00+00:00,271,30.00000000065484,30.18602634474905,0,0,0
2025-11-01 21:45:00+00:00,271,29.999999998835847,30.1244662189104,0,0,0
2025-11-01 22:00:00+00:00,271,30.00000000065484,30.190011133292906,0,0,0
2025-11-01 22:15:00+00:00,271,30.00000000065484,30.167883043097596,0,0,0
2025-11-01 22:30:00+00:00,271,29.999999998835847,30.17371068269013,0,0,0
2025-11-01 22:45:00+00:00,271,30.00000000065484,30.302031210229813,0,0,0
2025-11-01 23:00:00+00:00,271,40.00000000087312,30.32550638578011,0,0,0
2025-11-01 23:15:00+00:00,271,29.999999998835847,30.17616606278122,0,0,0
2025-11-01 23:30:00+00:00,271,30.00000000065484,30.39066224851302,0,0,0
2025-11-01 23:45:00+00:00,271,39.999999999054126,30.389352967684875,0,0,0
2025-11-02 00:00:00+00:00,271,30.00000000065484,30.31557193037355,0,0,0
2025-11-02 00:15:00+00:00,271,40.00000000087312,31.16627044892598,0,0,0
2025-11-02 00:30:00+00:00,271,39.999999999054126,30.745236169630545,0,0,0
2025-11-02 00:45:00+00:00,271,40.00000000087312,38.61297647573139,0,0,0
2025-11-02 01:00:00+00:00,271,29.999999998835847,38.94618270403515,0,0,0
2025-11-02 01:15:00+00:00,271,40.00000000087312,39.81315822481295,0,0,0
2025-11-02 01:30:00+00:00,271,39.999999999054126,39.45383337531025,0,0,0
2025-11-02 01:45:00+00:00,271,30.00000000065484,39.53967166399073,0,0,0
2025-11-02 02:00:00+00:00,271,39.999999999054126,39.75633849951656,0,0,0
2025-11-02 02:15:00+00:00,271,30.00000000065484,39.526762614421976,0,0,0
2025-11-02 02:30:00+00:00,271,40.00000000087312,39.61805815403966,0,0,0
2025-11-02 02:45:00+00:00,271,39.999999999054126,39.37206649060853,0,0,0
2025-11-02 03:00:00+00:00,271,40.00000000087312,39.41426017086417,0,0,0
2025-11-02 03:15:00+00:00,271,39.999999999054126,38.74479655396414,0,0,0
2025-11-02 07:30:00+00:00,271,40.00000000087312,39.40968534457868,0,0,0
2025-11-02 07:45:00+00:00,271,39.999999999054126,39.26023017238434,0,0,0
2025-11-02 08:00:00+00:00,271,30.00000000065484,39.42963464982861,0,0,0
2025-11-02 08:15:00+00:00,271,30.00000000065484,39.38315709458264,0,0,0
2025-11-02 08:30:00+00:00,271,39.999999999054126,31.140081961133145,0,0,0
2025-11-02 08:45:00+00:00,271,30.00000000065484,30.892383830072934,0,0,0
2025-11-02 09:00:00+00:00,271,39.999999999054126,30.634568441970075,0,0,0
2025-11-02 09:15:00+00:00,271,30.00000000065484,30.183363757567832,0,0,0
2025-11-02 09:30:00+00:00,271,30.00000000065484,30.46382022893902,0,0,0
2025-11-02 09:45:00+00:00,271,39.999999999054126,30.29208622698034,0,0,0
2025-11-02 10:00:00+00:00,271,20.00000000043656,30.09467577322521,0,0,0
2025-11-02 10:15:00+00:00,271,29.999999998835847,30.226244140304605,0,0,0
2025-11-02 10:30:00+00:00,271,30.00000000065484,28.868795081046425,0,0,0
2025-11-02 10:45:00+00:00,271,20.00000000043656,28.892534409746258,0,0,0
2025-11-02 11:00:00+00:00,271,20.00000000043656,21.052498122279896,0,0,0
2025-11-02 11:15:00+00:00,271,19.999999998617568,20.54304240448295,0,0,0
2025-11-02 11:30:00+00:00,271,20.00000000043656,20.227518166895575,0,0,0
2025-11-02 11:45:00+00:00,271,20.00000000043656,19.888253643531748,0,0,0
2025-11-02 12:00:00+00:00,271,20.00000000043656,19.82735485764357,0,0,0
2025-11-02 12:15:00+00:00,271,19.999999998617568,11.221291185356478,0,0,0
2025-11-02 12:30:00+00:00,271,20.00000000043656,11.398258482321232,0,0,0
2025-11-02 12:45:00+00:00,271,20.00000000043656,19.60005681492544,0,0,0
2025-11-02 13:00:00+00:00,271,20.00000000043656,19.84407115804154,0,0,0
2025-11-02 13:15:00+00:00,271,19.999999998617568,20.266903784322423,0,0,0
2025-11-02 13:30:00+00:00,271,20.00000000043656,20.261647519477258,0,0,0
2025-11-02 13:45:00+00:00,271,20.00000000043656,20.31147675707717,0,0,0
2025-11-02 14:00:00+00:00,271,20.00000000043656,20.328707007624786,0,0,0
2025-11-02 14:15:00+00:00,271,20.00000000043656,20.08137352276013,0,0,0
2025-11-02 14:30:00+00:00,271,9.99999999839929,20.162967176592044,0,0,0
2025-11-02 14:45:00+00:00,271,20.00000000043656,20.3332894905233,0,0,0
2025-11-02 15:00:00+00:00,271,20.00000000043656,20.11900481872645,0,0,0
2025-11-02 15:15:00+00:00,271,20.00000000043656,19.886631398646,0,0,0
2025-11-02 15:30:00+00:00,271,19.999999998617568,19.864086501578857,0,0,0
2025-11-02 15:45:00+00:00,271,20.00000000043656,20.06684605661214,0,0,0
2025-11-02 16:00:00+00:00,271,20.00000000043656,20.25343197369596,0,0,0
2025-11-02 16:15:00+00:00,271,20.00000000043656,20.30761303872685,0,0,0
2025-11-02 16:30:00+00:00,271,19.999999998617568,20.57164272538027,0,0,0
2025-11-02 16:45:00+00:00,271,30.00000000065484,20.731946361161636,0,0,0
2025-11-02 17:00:00+00:00,271,20.00000000043656,21.523247747056416,0,0,0
2025-11-02 17:15:00+00:00,271,20.00000000043656,29.50283394214774,0,0,0
2025-11-02 17:30:00+00:00,271,29.999999998835847,29.47462697974484,0,0,0
2025-11-02 17:45:00+00:00,271,30.00000000065484,29.03984046637071,0,0,0
2025-11-02 18:00:00+00:00,271,30.00000000065484,29.6606185522422,0,0,0
2025-11-02 18:15:00+00:00,271,39.999999999054126,29.831113139966632,0,0,0
2025-11-02 18:30:00+00:00,271,20.00000000043656,29.635305789564683,0,0,0
2025-11-02 18:45:00+00:00,271,29.999999998835847,30.34918350449907,0,0,0
2025-11-02 19:00:00+00:00,271,30.00000000065484,30.1379758340637,0,0,0
2025-11-02 19:15:00+00:00,271,30.00000000065484,29.913732301406263,0,0,0
2025-11-02 19:30:00+00:00,271,29.999999998835847,29.82087816249864,0,0,0
2025-11-02 19:45:00+00:00,271,20.00000000043656,30.160105838412267,0,0,0
2025-11-02 20:00:00+00:00,271,40.00000000087312,30.15241812039173,0,0,0
2025-11-02 20:15:00+00:00,271,19.999999998617568,29.613016431957423,0,0,0
2025-11-02 20:30:00+00:00,271,30.00000000065484,30.15235112502772,0,0,0
2025-11-02 21:30:00+00:00,271,20.00000000043656,29.73246294499522,0,0,0
2025-11-02 21:45:00+00:00,271,29.999999998835847,30.68196000539652,0,0,0
2025-11-02 22:00:00+00:00,271,30.00000000065484,30.15236356702389,0,0,0
2025-11-02 22:15:00+00:00,271,30.00000000065484,30.05517913490943,0,0,0
2025-11-02 22:30:00+00:00,271,29.999999998835847,30.088066202026976,0,0,0
2025-11-02 22:45:00+00:00,271,30.00000000065484,30.036772637185067,0,0,0
2025-11-02 23:00:00+00:00,271,29.999999998835847,30.32212790528057,0,0,0
2025-11-02 23:15:00+00:00,271,30.00000000065484,30.118514159356124,0,0,0
2025-11-02 23:30:00+00:00,271,30.00000000065484,30.272722652627213,0,0,0
2025-11-02 23:45:00+00:00,271,29.999999998835847,30.274178844717877,0,0,0
2025-11-03 00:00:00+00:00,271,30.00000000065484,30.350960795798684,0,0,0
2025-11-03 00:15:00+00:00,271,40.00000000087312,30.304144435426124,0,0,0
2025-11-03 00:30:00+00:00,271,39.999999999054126,30.37054162654654,0,0,0
2025-11-03 00:45:00+00:00,271,40.00000000087312,31.82280587472468,0,0,0
2025-11-03 01:00:00+00:00,271,39.999999999054126,39.41230773454149,0,0,0
2025-11-03 01:15:00+00:00,271,40.00000000087312,39.462925603283495,0,0,0
2025-11-03 01:30:00+00:00,271,39.999999999054126,39.59443176038202,0,0,0
2025-11-03 01:45:00+00:00,271,40.00000000087312,39.79245091487304,0,0,0
2025-11-03 02:00:00+00:00,271,29.999999998835847,39.83332957184076,0,0,0
2025-11-03 02:15:00+00:00,271,50.000000001091394,40.23681393699457,0,0,0
2025-11-03 02:30:00+00:00,271,29.999999998835847,39.805449929644894,0,0,0
2025-11-03 02:45:00+00:00,271,50.000000001091394,40.7291858369681,0,0,0
2025-11-03 03:00:00+00:00,271,49.9999999992724,39.94521948635615,0,0,0
2025-11-03 03:15:00+00:00,271,40.00000000087312,41.06166277288075,0,0,0
2025-11-03 03:30:00+00:00,271,39.999999999054126,47.91014613872471,0,0,0
2025-11-03 03:45:00+00:00,271,50.000000001091394,48.72075558852816,0,0,0
2025-11-03 04:00:00+00:00,271,49.9999999992724,46.02561535993598,0,0,0
2025-11-03 04:15:00+00:00,271,40.00000000087312,47.92661934165898,0,0,0
2025-11-03 04:30:00+00:00,271,39.999999999054126,49.431346702319374,0,0,0
2025-11-03 04:45:00+00:00,271,49.9999999992724,48.68825709452189,0,0,0
2025-11-03 05:00:00+00:00,271,50.000000001091394,48.50900812687416,0,0,0
2025-11-03 05:15:00+00:00,271,69.99999999970896,48.37257493929077,0,0,0
2025-11-03 05:30:00+00:00,271,100.0000000003638,78.14577410362533,0,0,0
2025-11-03 05:45:00+00:00,271,100.0000000003638,83.57237944717775,0,0,0
2025-11-03 06:00:00+00:00,271,59.99999999949068,70.52682395301811,0,0,0
2025-11-03 06:15:00+00:00,271,49.9999999992724,65.68804741823877,0,0,0
2025-11-03 06:30:00+00:00,271,69.99999999970896,65.02551303613099,0,0,0
2025-11-03 06:45:00+00:00,271,70.00000000152795,65.97883792450902,0,0,0
2025-11-03 07:00:00+00:00,271,69.99999999970896,66.79835584357299,0,0,0
2025-11-03 07:15:00+00:00,271,59.99999999949068,64.9826857711471,0,0,0
2025-11-03 07:30:00+00:00,271,69.99999999970896,66.69591418953674,0,0,0
2025-11-03 07:45:00+00:00,271,59.99999999949068,62.52381809282097,0,0,0
2025-11-03 08:00:00+00:00,271,50.000000001091394,64.65858899819591,0,0,0
2025-11-03 08:15:00+00:00,271,59.99999999949068,62.75897947712102,0,0,0
2025-11-03 08:30:00+00:00,271,59.99999999949068,63.77877907982639,0,0,0
2025-11-03 08:45:00+00:00,271,50.000000001091394,61.88751526695432,0,0,0
2025-11-03 09:00:00+00:00,271,49.9999999992724,61.030472287429816,0,0,0
2025-11-03 09:15:00+00:00,271,60.00000000130967,56.37561908255307,0,0,0
2025-11-03 09:30:00+00:00,271,59.99999999949068,53.02898626491915,0,0,0
2025-11-03 09:45:00+00:00,271,49.9999999992724,51.73634325688607,0,0,0
2025-11-03 10:00:00+00:00,271,50.000000001091394,50.56715930565687,0,0,0
2025-11-03 10:15:00+00:00,271,39.999999999054126,48.906635183059954,0,0,0
2025-11-03 10:30:00+00:00,271,50.000000001091394,49.29093207596033,0,0,0
2025-11-03 10:45:00+00:00,271,39.999999999054126,43.02248117267153,0,0,0
2025-11-03 11:00:00+00:00,271,40.00000000087312,46.08608346134122,0,0,0
2025-11-03 11:15:00+00:00,271,39.999999999054126,40.107269786985015,0,0,0
2025-11-03 11:30:00+00:00,271,40.00000000087312,39.8496592132807,0,0,0
2025-11-03 11:45:00+00:00,271,39.999999999054126,39.42307293246181,0,0,0
2025-11-03 12:00:00+00:00,271,30.00000000065484,38.39794432708748,0,0,0
2025-11-03 12:15:00+00:00,271,39.999999999054126,30.8247481817949,0,0,0
2025-11-03 12:30:00+00:00,271,40.00000000087312,30.58629062558539,0,0,0
2025-11-03 12:45:00+00:00,271,39.999999999054126,31.261429706893978,0,0,0
2025-11-03 13:00:00+00:00,271,30.00000000065484,36.93922459704834,0,0,0
2025-11-03 13:15:00+00:00,271,39.999999999054126,39.24453028736612,0,0,0
2025-11-03 13:30:00+00:00,271,40.00000000087312,30.81424139456434,0,0,0
2025-11-03 13:45:00+00:00,271,30.00000000065484,30.7536632293468,0,0,0
2025-11-03 14:00:00+00:00,271,39.999999999054126,30.936149030153,0,0,0
2025-11-03 14:15:00+00:00,271,40.00000000087312,30.254887051111904,0,0,0
2025-11-03 14:30:00+00:00,271,29.999999998835847,30.54432568664403,0,0,0
2025-11-03 14:45:00+00:00,271,30.00000000065484,30.744533675385032,0,0,0
2025-11-03 15:00:00+00:00,271,39.999999999054126,31.04177296397989,0,0,0
2025-11-03 15:15:00+00:00,271,40.00000000087312,30.420249315414598,0,0,0
2025-11-03 15:30:00+00:00,271,40.00000000087312,35.41514801818424,0,0,0
2025-11-03 15:45:00+00:00,271,29.999999998835847,38.99403462132003,0,0,0
2025-11-03 16:00:00+00:00,271,30.00000000065484,39.35122327578733,0,0,0
2025-11-03 16:15:00+00:00,271,39.999999999054126,39.22056317442864,0,0,0
2025-11-03 17:30:00+00:00,271,39.999999999054126,32.39314506518374,0,0,0
2025-11-03 17:45:00+00:00,271,40.00000000087312,32.06296989856327,0,0,0
2025-11-03 18:00:00+00:00,271,29.999999998835847,39.31546306463024,0,0,0
2025-11-03 18:15:00+00:00,271,30.00000000065484,39.41130088992803,0,0,0
2025-11-03 18:30:00+00:00,271,39.999999999054126,39.39079456608016,0,0,0
2025-11-03 18:45:00+00:00,271,30.00000000065484,38.29128005096513,0,0,0
2025-11-03 19:00:00+00:00,271,40.00000000087312,37.73221330903963,0,0,0
2025-11-03 19:15:00+00:00,271,29.999999998835847,30.99869303076602,0,0,0
2025-11-03 19:30:00+00:00,271,40.00000000087312,37.40883817186652,0,0,0
2025-11-03 19:45:00+00:00,271,29.999999998835847,30.091697350756505,0,0,0
2025-11-03 20:00:00+00:00,271,20.00000000043656,29.650000744122707,0,0,0
2025-11-03 20:15:00+00:00,271,30.00000000065484,22.87427625775054,0,0,0
2025-11-03 20:30:00+00:00,271,20.00000000043656,20.839644280043053,0,0,0
2025-11-03 20:45:00+00:00,271,19.999999998617568,20.80044242132893,0,0,0
2025-11-03 21:00:00+00:00,271,20.00000000043656,20.684278202589475,0,0,0
2025-11-03 21:15:00+00:00,271,30.00000000065484,20.731537689441154,0,0,0
2025-11-03 21:30:00+00:00,271,20.00000000043656,20.21668884484113,0,0,0
2025-11-03 22:00:00+00:00,271,20.00000000043656,20.44019686410936,0,0,0
2025-11-03 22:15:00+00:00,271,30.00000000065484,20.331774438219966,0,0,0
2025-11-03 22:30:00+00:00,271,19.999999998617568,19.836112108796748,0,0,0
2025-11-03 22:45:00+00:00,271,20.00000000043656,20.575189651366465,0,0,0
2025-11-03 23:00:00+00:00,271,30.00000000065484,20.734641488948228,0,0,0
2025-11-03 23:15:00+00:00,271,20.00000000043656,20.578300150409945,0,0,0
2025-11-03 23:30:00+00:00,271,29.999999998835847,22.12911745028167,0,0,0
2025-11-03 23:45:00+00:00,271,20.00000000043656,21.459629906465928,0,0,0
2025-11-04 00:00:00+00:00,271,20.00000000043656,29.592048318636177,0,0,0
2025-11-04 00:15:00+00:00,271,29.999999998835847,29.34517710178321,0,0,0
2025-11-04 00:30:00+00:00,271,30.00000000065484,28.87185150526038,0,0,0
2025-11-04 00:45:00+00:00,271,30.00000000065484,29.05439329504936,0,0,0
2025-11-04 01:00:00+00:00,271,29.999999998835847,29.237698831988094,0,0,0
2025-11-04 01:15:00+00:00,271,30.00000000065484,29.57249954995538,0,0,0
2025-11-04 01:30:00+00:00,271,20.00000000043656,28.98390268718773,0,0,0
2025-11-04 01:45:00+00:00,271,29.999999998835847,30.04969843559482,0,0,0
2025-11-04 02:00:00+00:00,271,20.00000000043656,28.441785293819308,0,0,0
2025-11-04 02:15:00+00:00,271,20.00000000043656,29.31942312677984,0,0,0
2025-11-04 02:30:00+00:00,271,20.00000000043656,29.14193996551218,0,0,0
2025-11-04 02:45:00+00:00,271,19.999999998617568,28.65640207120633,0,0,0
2025-11-04 03:00:00+00:00,271,30.00000000065484,21.216398452032152,0,0,0
2025-11-04 03:15:00+00:00,271,20.00000000043656,20.6292424681291,0,0,0
2025-11-04 03:30:00+00:00,271,20.00000000043656,20.890527259011225,0,0,0
2025-11-04 03:45:00+00:00,271,29.999999998835847,20.72500277021996,0,0,0
2025-11-04 04:00:00+00:00,271,20.00000000043656,20.304659500250487,0,0,0
2025-11-04 04:15:00+00:00,271,20.00000000043656,20.362701412401805,0,0,0
2025-11-04 04:30:00+00:00,271,29.999999998835847,20.439501069400247,0,0,0
2025-11-04 04:45:00+00:00,271,20.00000000043656,20.294914546016425,0,0,0
2025-11-04 05:00:00+00:00,271,20.00000000043656,20.4383248222235,0,0,0
2025-11-04 05:15:00+00:00,271,30.00000000065484,20.643935508533865,0,0,0
2025-11-04 05:30:00+00:00,271,19.999999998617568,20.327034037677706,0,0,0
2025-11-04 05:45:00+00:00,271,20.00000000043656,20.56219159367124,0,0,0
2025-11-04 06:00:00+00:00,271,30.00000000065484,20.75417446586465,0,0,0
2025-11-04 06:15:00+00:00,271,39.999999999054126,20.681379217480952,0,0,0
2025-11-04 06:30:00+00:00,271,79.99999999992724,70.1250929522482,0,0,0
2025-11-04 06:45:00+00:00,271,69.99999999970896,63.506613284751865,0,0,0
2025-11-04 07:00:00+00:00,271,30.00000000065484,47.70551549888221,0,0,0
2025-11-04 07:15:00+00:00,271,40.00000000087312,39.95434616908804,0,0,0
2025-11-04 07:30:00+00:00,271,29.999999998835847,38.92314204127432,0,0,0
2025-11-04 07:45:00+00:00,271,30.00000000065484,39.148786255577946,0,0,0
2025-11-04 08:00:00+00:00,271,39.999999999054126,38.878756655538815,0,0,0
2025-11-04 08:15:00+00:00,271,30.00000000065484,39.269923444480455,0,0,0
2025-11-04 08:30:00+00:00,271,30.00000000065484,39.38914648012543,0,0,0
2025-11-04 08:45:00+00:00,271,39.999999999054126,30.71103982168485,0,0,0
2025-11-04 09:00:00+00:00,271,30.00000000065484,30.165839684495182,0,0,0
2025-11-04 09:15:00+00:00,271,39.999999999054126,30.239073273974856,0,0,0
2025-11-04 09:30:00+00:00,271,30.00000000065484,29.77475855391182,0,0,0
2025-11-04 09:45:00+00:00,271,30.00000000065484,29.83398676254449,0,0,0
2025-11-04 10:00:00+00:00,271,29.999999998835847,29.74880646404629,0,0,0
2025-11-04 10:15:00+00:00,271,30.00000000065484,30.14278801535312,0,0,0
2025-11-04 10:30:00+00:00,271,30.00000000065484,29.410402352571715,0,0,0
2025-11-04 10:45:00+00:00,271,29.999999998835847,29.83992159471945,0,0,0
2025-11-04 11:00:00+00:00,271,30.00000000065484,28.95797691692949,0,0,0
2025-11-04 11:15:00+00:00,271,29.999999998835847,21.048581764715,0,0,0
2025-11-04 11:30:00+00:00,271,20.00000000043656,20.828525920846715,0,0,0
2025-11-04 11:45:00+00:00,271,20.00000000043656,20.28034496849677,0,0,0
2025-11-04 12:00:00+00:00,271,30.00000000065484,20.17682181787001,0,0,0
2025-11-04 12:15:00+00:00,271,19.999999998617568,20.150914710606035,0,0,0
2025-11-04 12:30:00+00:00,271,20.00000000043656,20.772590534355302,0,0,0
2025-11-04 12:45:00+00:00,271,30.00000000065484,21.26922812486323,0,0,0
2025-11-04 13:00:00+00:00,271,29.999999998835847,24.35090767689698,0,0,0
2025-11-04 13:15:00+00:00,271,30.00000000065484,29.4487744258487,0,0,0
2025-11-04 13:30:00+00:00,271,20.00000000043656,30.001042095403463,0,0,0
2025-11-04 13:45:00+00:00,271,29.999999998835847,29.53191088720618,0,0,0
2025-11-04 14:00:00+00:00,271,20.00000000043656,20.882553853617004,0,0,0
2025-11-04 14:15:00+00:00,271,20.00000000043656,29.068790120237527,0,0,0
2025-11-04 14:30:00+00:00,271,30.00000000065484,21.020582487940544,0,0,0
2025-11-04 14:45:00+00:00,271,19.999999998617568,20.59410627093396,0,0,0
2025-11-04 15:00:00+00:00,271,20.00000000043656,22.805868727171408,0,0,0
2025-11-04 15:15:00+00:00,271,30.00000000065484,21.0028488150862,0,0,0
2025-11-04 15:30:00+00:00,271,20.00000000043656,20.56926726118768,0,0,0
2025-11-04 15:45:00+00:00,271,19.999999998617568,20.341903180182165,0,0,0
2025-11-04 16:00:00+00:00,271,30.00000000065484,20.645839133948478,0,0,0
2025-11-04 16:15:00+00:00,271,20.00000000043656,20.33664212995385,0,0,0
2025-11-04 16:30:00+00:00,271,29.999999998835847,21.199874524036563,0,0,0
2025-11-04 16:45:00+00:00,271,20.00000000043656,23.46258551899125,0,0,0
2025-11-04 17:00:00+00:00,271,30.00000000065484,29.774784873519117,0,0,0
2025-11-04 17:15:00+00:00,271,29.999999998835847,28.859066875653365,0,0,0
2025-11-04 17:30:00+00:00,271,30.00000000065484,29.881019422235152,0,0,0
2025-11-04 17:45:00+00:00,271,20.00000000043656,29.299917905085653,0,0,0
2025-11-04 18:00:00+00:00,271,29.999999998835847,30.29577862861411,0,0,0
2025-11-04 18:15:00+00:00,271,30.00000000065484,29.923974935487283,0,0,0
2025-11-04 18:30:00+00:00,271,30.00000000065484,29.621989982428705,0,0,0
2025-11-04 18:45:00+00:00,271,29.999999998835847,30.15734419379997,0,0,0
2025-11-04 19:00:00+00:00,271,30.00000000065484,29.922894874511726,0,0,0
2025-11-04 19:15:00+00:00,271,30.00000000065484,29.912695308879,0,0,0
2025-11-04 19:30:00+00:00,271,29.999999998835847,29.642960488441528,0,0,0
2025-11-04 19:45:00+00:00,271,20.00000000043656,28.843092309642685,0,0,0
2025-11-04 20:00:00+00:00,271,20.00000000043656,21.11421903699218,0,0,0
2025-11-04 20:15:00+00:00,271,20.00000000043656,20.23978310389317,0,0,0
2025-11-04 20:30:00+00:00,271,19.999999998617568,20.043487644410558,0,0,0
2025-11-04 20:45:00+00:00,271,10.00000000021828,20.108015664875,0,0,0
2025-11-04 21:00:00+00:00,271,20.00000000043656,20.331446160936306,0,0,0
2025-11-04 21:15:00+00:00,271,20.00000000043656,20.06970771573214,0,0,0
2025-11-04 21:30:00+00:00,271,19.999999998617568,19.36775134728562,0,0,0
2025-11-04 21:45:00+00:00,271,20.00000000043656,13.931487186395724,0,0,0
2025-11-04 22:00:00+00:00,271,20.00000000043656,14.186425602152523,0,0,0
2025-11-04 22:15:00+00:00,271,20.00000000043656,19.587808148230533,0,0,0
2025-11-04 22:30:00+00:00,271,10.00000000021828,20.04908462853556,0,0,0
2025-11-04 22:45:00+00:00,271,19.999999998617568,20.47308775953342,0,0,0
2025-11-04 23:00:00+00:00,271,20.00000000043656,20.40606655445105,0,0,0
2025-11-04 23:15:00+00:00,271,20.00000000043656,20.52040562805945,0,0,0
2025-11-04 23:30:00+00:00,271,20.00000000043656,20.512948086968134,0,0,0
2025-11-04 23:45:00+00:00,271,19.999999998617568,20.660568543265136,0,0,0
2025-11-05 00:00:00+00:00,271,20.00000000043656,20.55156038647894,0,0,0
2025-11-05 00:15:00+00:00,271,20.00000000043656,20.99983306662897,0,0,0
2025-11-05 00:30:00+00:00,271,20.00000000043656,26.09108737315257,0,0,0
2025-11-05 00:45:00+00:00,271,29.999999998835847,26.639074996023503,0,0,0
2025-11-05 01:00:00+00:00,271,30.00000000065484,21.08013753824193,0,0,0
2025-11-05 01:15:00+00:00,271,20.00000000043656,28.48730290120664,0,0,0
2025-11-05 01:30:00+00:00,271,19.999999998617568,29.570245634494643,0,0,0
2025-11-05 01:45:00+00:00,271,20.00000000043656,28.87565779901297,0,0,0
2025-11-05 02:00:00+00:00,271,30.00000000065484,22.644652040286203,0,0,0
2025-11-05 02:15:00+00:00,271,20.00000000043656,20.880099909140853,0,0,0
2025-11-05 02:30:00+00:00,271,19.999999998617568,29.2364843017462,0,0,0
2025-11-05 02:45:00+00:00,271,20.00000000043656,28.98169136163697,0,0,0
2025-11-05 03:00:00+00:00,271,20.00000000043656,29.260985463442527,0,0,0
2025-11-05 03:15:00+00:00,271,30.00000000065484,28.98842296010537,0,0,0
2025-11-05 03:30:00+00:00,271,29.999999998835847,21.167227683152834,0,0,0
2025-11-05 03:45:00+00:00,271,20.00000000043656,20.987396812914824,0,0,0
2025-11-05 04:00:00+00:00,271,20.00000000043656,23.171858179778496,0,0,0
2025-11-05 04:15:00+00:00,271,29.999999998835847,23.68262557109516,0,0,0
2025-11-05 04:30:00+00:00,271,30.00000000065484,20.823334737212303,0,0,0
2025-11-05 04:45:00+00:00,271,20.00000000043656,20.79457075621147,0,0,0
2025-11-05 05:00:00+00:00,271,20.00000000043656,24.135267784593808,0,0,0
2025-11-05 08:00:00+00:00,271,40.00000000087312,23.8245672132154,0,0,0
2025-11-05 08:15:00+00:00,271,49.9999999992724,21.326743644868728,0,0,0
2025-11-05 09:00:00+00:00,271,40.00000000087312,56.34366803637845,0,0,0
2025-11-05 09:15:00+00:00,271,39.999999999054126,39.919654055448646,0,0,0
2025-11-05 09:30:00+00:00,271,30.00000000065484,39.68680305413043,0,0,0
2025-11-05 09:45:00+00:00,271,29.999999998835847,39.65310055772518,0,0,0
2025-11-05 10:00:00+00:00,271,40.00000000087312,32.556226137341774,0,0,0
2025-11-05 10:15:00+00:00,271,49.9999999992724,30.641056464436456,0,0,0
2025-11-05 10:30:00+00:00,271,30.00000000065484,30.7261683319557,0,0,0
2025-11-05 10:45:00+00:00,271,30.00000000065484,31.301697748972543,0,0,0
2025-11-05 11:00:00+00:00,271,29.999999998835847,30.18932778057997,0,0,0
2025-11-05 11:15:00+00:00,271,20.00000000043656,29.61971740397371,0,0,0
2025-11-05 11:30:00+00:00,271,30.00000000065484,21.298642917971627,0,0,0
2025-11-05 11:45:00+00:00,271,19.999999998617568,20.76049978530414,0,0,0
2025-11-05 12:00:00+00:00,271,20.00000000043656,21.89404411703147,0,0,0
2025-11-05 12:15:00+00:00,271,30.00000000065484,21.073379620166243,0,0,0
2025-11-05 12:30:00+00:00,271,20.00000000043656,20.444980333099917,0,0,0
2025-11-05 12:45:00+00:00,271,19.999999998617568,20.53141009513697,0,0,0
2025-11-05 13:00:00+00:00,271,20.00000000043656,20.480084946766304,0,0,0
2025-11-05 13:15:00+00:00,271,10.00000000021828,20.37281388406132,0,0,0
2025-11-05 13:30:00+00:00,271,20.00000000043656,20.2029720225977,0,0,0
2025-11-05 13:45:00+00:00,271,20.00000000043656,19.795281305660477,0,0,0
2025-11-05 14:00:00+00:00,271,19.999999998617568,19.599092081683644,0,0,0
2025-11-05 14:15:00+00:00,271,20.00000000043656,19.92304625021716,0,0,0
2025-11-05 14:30:00+00:00,271,10.00000000021828,20.23317257561831,0,0,0
2025-11-05 14:45:00+00:00,271,30.00000000065484,20.24296634076044,0,0,0
2025-11-05 15:00:00+00:00,271,19.999999998617568,18.01648548158756,0,0,0
2025-11-05 15:15:00+00:00,271,10.00000000021828,19.81068353984715,0,0,0
2025-11-05 15:30:00+00:00,271,20.00000000043656,19.88274375337996,0,0,0
2025-11-05 15:45:00+00:00,271,20.00000000043656,19.938840885821637,0,0,0
2025-11-05 16:00:00+00:00,271,29.999999998835847,19.877890417795506,0,0,0
2025-11-05 16:15:00+00:00,271,20.00000000043656,19.66357320539328,0,0,0
2025-11-05 16:30:00+00:00,271,30.00000000065484,20.388887986041382,0,0,0
2025-11-05 16:45:00+00:00,271,20.00000000043656,20.17513353469688,0,0,0
2025-11-05 17:00:00+00:00,271,19.999999998617568,27.9568910335463,0,0,0
2025-11-05 17:15:00+00:00,271,30.00000000065484,22.54966936295621,0,0,0
2025-11-05 17:30:00+00:00,271,20.00000000043656,20.67200178067233,0,0,0
2025-11-05 17:45:00+00:00,271,29.999999998835847,30.16060782510405,0,0,0
2025-11-05 18:00:00+00:00,271,30.00000000065484,29.806745490460017,0,0,0
2025-11-05 18:15:00+00:00,271,30.00000000065484,30.252132584574323,0,0,0
2025-11-05 18:30:00+00:00,271,39.999999999054126,30.15336849748409,0,0,0
2025-11-05 18:45:00+00:00,271,30.00000000065484,30.127705444760444,0,0,0
2025-11-05 19:00:00+00:00,271,20.00000000043656,30.62456890535276,0,0,0
2025-11-05 19:15:00+00:00,271,39.999999999054126,30.57882159957453,0,0,0
2025-11-05 19:30:00+00:00,271,30.00000000065484,29.958163148281635,0,0,0
2025-11-05 19:45:00+00:00,271,19.999999998617568,30.2243673130356,0,0,0
2025-11-05 20:00:00+00:00,271,20.00000000043656,29.42029948198975,0,0,0
2025-11-05 20:15:00+00:00,271,20.00000000043656,21.51651471297307,0,0,0
2025-11-05 20:30:00+00:00,271,20.00000000043656,20.40128308546049,0,0,0
2025-11-05 20:45:00+00:00,271,19.999999998617568,20.524288487942343,0,0,0
2025-11-05 21:00:00+00:00,271,20.00000000043656,20.59450154358164,0,0,0
2025-11-05 21:15:00+00:00,271,20.00000000043656,20.53866952136613,0,0,0
2025-11-05 21:30:00+00:00,271,20.00000000043656,20.60448768112615,0,0,0
2025-11-05 21:45:00+00:00,271,29.999999998835847,20.51818425320409,0,0,0
2025-11-05 22:00:00+00:00,271,20.00000000043656,20.42586942697678,0,0,0
2025-11-05 22:15:00+00:00,271,10.00000000021828,20.974596870081747,0,0,0
2025-11-05 22:30:00+00:00,271,20.00000000043656,26.57015973629281,0,0,0
2025-11-05 22:45:00+00:00,271,20.00000000043656,21.275882678663017,0,0,0
2025-11-05 23:00:00+00:00,271,19.999999998617568,21.04731363818189,0,0,0
2025-11-05 23:15:00+00:00,271,30.00000000065484,20.916196054194643,0,0,0
2025-11-05 23:30:00+00:00,271,20.00000000043656,20.96119684020244,0,0,0
2025-11-05 23:45:00+00:00,271,29.999999998835847,29.240535607115756,0,0,0
2025-11-06 00:00:00+00:00,271,20.00000000043656,29.543346517304958,0,0,0
2025-11-06 00:15:00+00:00,271,40.00000000087312,30.118246656438384,0,0,0
2025-11-06 00:30:00+00:00,271,29.999999998835847,29.431758560465926,0,0,0
2025-11-06 00:45:00+00:00,271,50.000000001091394,30.23491573309951,0,0,0
2025-11-06 01:00:00+00:00,271,59.99999999949068,30.032651943759927,0,0,0
2025-11-06 01:15:00+00:00,271,39.999999999054126,39.75285091228135,0,0,0
2025-11-06 01:30:00+00:00,271,40.00000000087312,40.538327529813486,0,0,0
2025-11-06 01:45:00+00:00,271,30.00000000065484,39.65401169467576,0,0,0
2025-11-06 02:00:00+00:00,271,39.999999999054126,40.78339274306797,0,0,0
2025-11-06 02:15:00+00:00,271,40.00000000087312,39.25853040429166,0,0,0
2025-11-06 02:30:00+00:00,271,49.9999999992724,39.98674512712491,0,0,0
2025-11-06 02:45:00+00:00,271,40.00000000087312,39.49869729936013,0,0,0
2025-11-06 03:00:00+00:00,271,39.999999999054126,44.58043156465743,0,0,0
2025-11-06 03:15:00+00:00,271,40.00000000087312,43.2974033484369,0,0,0
2025-11-06 03:30:00+00:00,271,39.999999999054126,46.98164398979027,0,0,0
2025-11-06 03:45:00+00:00,271,40.00000000087312,41.90394380248321,0,0,0
2025-11-06 04:00:00+00:00,271,49.9999999992724,43.21992225287878,0,0,0
2025-11-06 04:15:00+00:00,271,40.00000000087312,40.20910082613212,0,0,0
2025-11-06 04:30:00+00:00,271,39.999999999054126,47.2910209241911,0,0,0
2025-11-06 04:45:00+00:00,271,50.000000001091394,47.276890644844045,0,0,0
2025-11-06 05:00:00+00:00,271,39.999999999054126,45.09524499742219,0,0,0
2025-11-06 05:15:00+00:00,271,40.00000000087312,47.828886504636245,0,0,0
2025-11-06 05:30:00+00:00,271,49.9999999992724,48.13015508583819,0,0,0
2025-11-06 05:45:00+00:00,271,49.9999999992724,47.05173262546783,0,0,0
2025-11-06 06:00:00+00:00,271,50.000000001091394,48.63488284508905,0,0,0
2025-11-06 06:15:00+00:00,271,69.99999999970896,55.987999219597626,0,0,0
2025-11-06 06:30:00+00:00,271,110.00000000058208,94.0060613365242,0,0,0
2025-11-06 06:45:00+00:00,271,99.9999999985448,80.20155556067522,0,0,0
2025-11-06 07:00:00+00:00,271,60.00000000130967,67.2540583095921,0,0,0
2025-11-06 07:15:00+00:00,271,59.99999999949068,62.20774927863183,0,0,0
2025-11-06 07:30:00+00:00,271,69.99999999970896,62.46516460870387,0,0,0
2025-11-06 07:45:00+00:00,271,50.000000001091394,61.09208122417654,0,0,0
2025-11-06 08:00:00+00:00,271,59.99999999949068,59.98390133726468,0,0,0
2025-11-06 08:15:00+00:00,271,59.99999999949068,58.1077708200466,0,0,0
2025-11-06 08:30:00+00:00,271,59.99999999949068,58.635181295399136,0,0,0
2025-11-06 08:45:00+00:00,271,70.00000000152795,57.05177840754792,0,0,0
2025-11-06 09:00:00+00:00,271,59.99999999949068,53.85216787331802,0,0,0
2025-11-06 09:15:00+00:00,271,49.9999999992724,53.51546065870624,0,0,0
2025-11-06 09:30:00+00:00,271,50.000000001091394,55.31963049836091,0,0,0
2025-11-06 09:45:00+00:00,271,49.9999999992724,50.42667959808707,0,0,0
2025-11-06 10:00:00+00:00,271,49.9999999992724,49.53207327503689,0,0,0
2025-11-06 10:15:00+00:00,271,40.00000000087312,48.95877671779495,0,0,0
2025-11-06 10:30:00+00:00,271,49.9999999992724,48.26493061670057,0,0,0
2025-11-06 10:45:00+00:00,271,30.00000000065484,41.25051887572799,0,0,0
2025-11-06 11:00:00+00:00,271,49.9999999992724,40.3647865671797,0,0,0
2025-11-06 11:15:00+00:00,271,30.00000000065484,32.055081672989004,0,0,0
2025-11-06 11:30:00+00:00,271,30.00000000065484,39.088149708686046,0,0,0
2025-11-06 11:45:00+00:00,271,29.999999998835847,30.40083884430665,0,0,0
2025-11-06 12:00:00+00:00,271,40.00000000087312,30.366777444165617,0,0,0
2025-11-06 12:15:00+00:00,271,20.00000000043656,30.14794187299901,0,0,0
2025-11-06 12:30:00+00:00,271,29.999999998835847,30.330698526491148,0,0,0
2025-11-06 12:45:00+00:00,271,30.00000000065484,30.069222320283263,0,0,0
2025-11-06 13:00:00+00:00,271,29.999999998835847,29.890078631064707,0,0,0
2025-11-06 13:15:00+00:00,271,30.00000000065484,29.0206970196422,0,0,0
2025-11-06 13:30:00+00:00,271,20.00000000043656,22.06933652989589,0,0,0
2025-11-06 13:45:00+00:00,271,20.00000000043656,28.39930736180493,0,0,0
2025-11-06 14:00:00+00:00,271,29.999999998835847,23.80513568642163,0,0,0
2025-11-06 14:15:00+00:00,271,20.00000000043656,21.01923205281736,0,0,0
2025-11-06 14:30:00+00:00,271,20.00000000043656,20.937445069506435,0,0,0
2025-11-06 14:45:00+00:00,271,20.00000000043656,23.57085146285184,0,0,0
2025-11-06 15:00:00+00:00,271,29.999999998835847,21.063480576594948,0,0,0
2025-11-06 15:15:00+00:00,271,10.00000000021828,20.47420371088256,0,0,0
2025-11-06 15:30:00+00:00,271,20.00000000043656,20.72820419154317,0,0,0
2025-11-06 15:45:00+00:00,271,20.00000000043656,20.36204964321762,0,0,0
2025-11-06 16:00:00+00:00,271,19.999999998617568,20.258609758257567,0,0,0
2025-11-06 16:15:00+00:00,271,20.00000000043656,20.37905306660422,0,0,0
2025-11-06 16:30:00+00:00,271,20.00000000043656,20.207252069281527,0,0,0
2025-11-06 16:45:00+00:00,271,30.00000000065484,20.558687736133336,0,0,0
2025-11-06 17:00:00+00:00,271,29.999999998835847,21.57223475722301,0,0,0
2025-11-06 17:15:00+00:00,271,30.00000000065484,30.2192297256924,0,0,0
2025-11-06 17:30:00+00:00,271,29.999999998835847,30.352367698442965,0,0,0
2025-11-06 17:45:00+00:00,271,30.00000000065484,32.19289496507108,0,0,0
2025-11-06 18:00:00+00:00,271,40.00000000087312,31.658367667907054,0,0,0
2025-11-06 18:15:00+00:00,271,49.9999999992724,32.779427892088805,0,0,0
2025-11-06 18:30:00+00:00,271,40.00000000087312,39.38833105083773,0,0,0
2025-11-06 18:45:00+00:00,271,39.999999999054126,39.92746380073935,0,0,0
2025-11-06 19:00:00+00:00,271,40.00000000087312,39.912410899522165,0,0,0
2025-11-06 19:15:00+00:00,271,49.9999999992724,39.52328651210631,0,0,0
2025-11-06 19:30:00+00:00,271,39.999999999054126,39.48336110346084,0,0,0
2025-11-06 19:45:00+00:00,271,30.00000000065484,39.556941154680125,0,0,0
2025-11-06 20:00:00+00:00,271,30.00000000065484,36.21687483979614,0,0,0
2025-11-06 20:15:00+00:00,271,29.999999998835847,29.53336707929684,0,0,0
2025-11-06 20:30:00+00:00,271,30.00000000065484,29.16435326454286,0,0,0
2025-11-06 20:45:00+00:00,271,30.00000000065484,29.542950287580645,0,0,0
2025-11-06 21:00:00+00:00,271,29.999999998835847,30.091636097852263,0,0,0
2025-11-06 21:15:00+00:00,271,30.00000000065484,30.34137663043825,0,0,0
2025-11-06 21:30:00+00:00,271,39.999999999054126,30.41393835212453,0,0,0
2025-11-06 21:45:00+00:00,271,30.00000000065484,30.230822794896607,0,0,0
2025-11-06 22:00:00+00:00,271,40.00000000087312,30.436408597214623,0,0,0
2025-11-06 22:15:00+00:00,271,29.999999998835847,30.39517965020078,0,0,0
2025-11-06 22:30:00+00:00,271,30.00000000065484,36.13836584393873,0,0,0
2025-11-06 22:45:00+00:00,271,39.999999999054126,39.32294740386717,0,0,0
2025-11-06 23:00:00+00:00,271,40.00000000087312,39.38272641009969,0,0,0
2025-11-06 23:15:00+00:00,271,30.00000000065484,39.51712676692359,0,0,0
2025-11-06 23:30:00+00:00,271,39.999999999054126,40.08994095754464,0,0,0
2025-11-06 23:45:00+00:00,271,40.00000000087312,39.858324585077526,0,0,0
2025-11-07 00:00:00+00:00,271,39.999999999054126,39.795812167993255,0,0,0
2025-11-07 00:15:00+00:00,271,40.00000000087312,40.349984420039256,0,0,0
2025-11-07 00:30:00+00:00,271,59.99999999949068,40.23663783489488,0,0,0
2025-11-07 00:45:00+00:00,271,39.999999999054126,39.65005705404571,0,0,0
2025-11-07 01:00:00+00:00,271,40.00000000087312,41.47920085125131,0,0,0
2025-11-07 01:15:00+00:00,271,49.9999999992724,40.39978111703378,0,0,0
2025-11-07 01:30:00+00:00,271,40.00000000087312,39.63068582307955,0,0,0
2025-11-07 01:45:00+00:00,271,39.999999999054126,39.812706484644174,0,0,0
2025-11-07 02:00:00+00:00,271,40.00000000087312,39.72612550449978,0,0,0
2025-11-07 02:15:00+00:00,271,49.9999999992724,40.0063001168038,0,0,0
2025-11-07 02:30:00+00:00,271,40.00000000087312,39.6071321672457,0,0,0
2025-11-07 02:45:00+00:00,271,49.9999999992724,40.50891847916486,0,0,0
2025-11-07 03:00:00+00:00,271,50.000000001091394,39.774528697922825,0,0,0
2025-11-07 03:15:00+00:00,271,39.999999999054126,40.142675879789465,0,0,0
2025-11-07 03:30:00+00:00,271,40.00000000087312,40.50647219130174,0,0,0
2025-11-07 03:45:00+00:00,271,39.999999999054126,40.69087788782524,0,0,0
2025-11-07 04:00:00+00:00,271,40.00000000087312,40.13972808377287,0,0,0
2025-11-07 04:15:00+00:00,271,29.999999998835847,40.03253167304493,0,0,0
2025-11-07 04:30:00+00:00,271,40.00000000087312,40.09336154941583,0,0,0
2025-11-07 04:45:00+00:00,271,39.999999999054126,39.70756587451481,0,0,0
2025-11-07 05:00:00+00:00,271,30.00000000065484,39.560989588819794,0,0,0
2025-11-07 05:15:00+00:00,271,40.00000000087312,39.52232560717103,0,0,0
2025-11-07 05:30:00+00:00,271,39.999999999054126,33.9016346940718,0,0,0
2025-11-07 05:45:00+00:00,271,40.00000000087312,36.81335466421661,0,0,0
2025-11-07 06:00:00+00:00,271,39.999999999054126,35.6744239052226,0,0,0
2025-11-07 06:15:00+00:00,271,50.000000001091394,39.33823766008828,0,0,0
2025-11-07 06:30:00+00:00,271,89.99999999832653,72.60551016794756,0,0,0
2025-11-07 06:45:00+00:00,271,80.00000000174623,70.60771989798766,0,0,0
2025-11-07 07:00:00+00:00,271,59.99999999949068,55.68063597442372,0,0,0
2025-11-07 07:15:00+00:00,271,39.999999999054126,51.17845180506069,0,0,0
2025-11-07 07:30:00+00:00,271,50.000000001091394,50.58005304199956,0,0,0
2025-11-07 07:45:00+00:00,271,49.9999999992724,49.21795306886391,0,0,0
2025-11-07 08:00:00+00:00,271,50.000000001091394,49.3310603848511,0,0,0
2025-11-07 08:15:00+00:00,271,39.999999999054126,49.32666548897182,0,0,0
2025-11-07 08:30:00+00:00,271,49.9999999992724,49.81436111253721,0,0,0
2025-11-07 08:45:00+00:00,271,50.000000001091394,48.092258679645695,0,0,0
2025-11-07 09:00:00+00:00,271,49.9999999992724,46.846313354483215,0,0,0
2025-11-07 09:15:00+00:00,271,40.00000000087312,40.75374442326216,0,0,0
2025-11-07 09:30:00+00:00,271,49.9999999992724,41.24893012852425,0,0,0
2025-11-07 09:45:00+00:00,271,40.00000000087312,39.90575156033923,0,0,0
2025-11-07 10:00:00+00:00,271,49.9999999992724,40.18625540700355,0,0,0
2025-11-07 10:15:00+00:00,271,40.00000000087312,39.71668872894018,0,0,0
2025-11-07 10:30:00+00:00,271,39.999999999054126,40.12731288574456,0,0,0
2025-11-07 10:45:00+00:00,271,40.00000000087312,40.15529972052285,0,0,0
2025-11-07 11:00:00+00:00,271,39.999999999054126,39.83300033748046,0,0,0
2025-11-07 11:15:00+00:00,271,30.00000000065484,39.46769567320125,0,0,0
2025-11-07 11:30:00+00:00,271,39.999999999054126,39.23578069282597,0,0,0
2025-11-07 11:45:00+00:00,271,30.00000000065484,30.346722860486523,0,0,0
2025-11-07 12:00:00+00:00,271,39.999999999054126,30.44067141651913,0,0,0
2025-11-07 12:15:00+00:00,271,30.00000000065484,30.23258525150847,0,0,0
2025-11-07 12:30:00+00:00,271,40.00000000087312,30.375440901809178,0,0,0
2025-11-07 12:45:00+00:00,271,39.999999999054126,30.29893793856565,0,0,0
2025-11-07 13:00:00+00:00,271,30.00000000065484,30.44868884743828,0,0,0
2025-11-07 13:15:00+00:00,271,29.999999998835847,30.60177612543877,0,0,0
2025-11-07 13:30:00+00:00,271,30.00000000065484,30.304303310146494,0,0,0
2025-11-07 13:45:00+00:00,271,30.00000000065484,30.322212128023907,0,0,0
2025-11-07 14:00:00+00:00,271,29.999999998835847,30.118024136122195,0,0,0
2025-11-07 14:15:00+00:00,271,30.00000000065484,30.24717157786913,0,0,0
2025-11-07 14:30:00+00:00,271,20.00000000043656,30.046374508463128,0,0,0
2025-11-07 14:45:00+00:00,271,20.00000000043656,30.43831796508901,0,0,0
2025-11-07 15:00:00+00:00,271,29.999999998835847,30.26707398636425,0,0,0
2025-11-07 15:15:00+00:00,271,30.00000000065484,29.57660397307783,0,0,0
2025-11-07 15:30:00+00:00,271,29.999999998835847,29.15210364077133,0,0,0
2025-11-07 15:45:00+00:00,271,30.00000000065484,29.78244005093427,0,0,0
2025-11-07 16:00:00+00:00,271,30.00000000065484,29.815882701034816,0,0,0
2025-11-07 16:15:00+00:00,271,29.999999998835847,30.163879113021164,0,0,0
2025-11-07 16:30:00+00:00,271,30.00000000065484,30.05961805631363,0,0,0
2025-11-07 16:45:00+00:00,271,30.00000000065484,30.097437896375823,0,0,0
2025-11-07 17:00:00+00:00,271,29.999999998835847,30.163049327584027,0,0,0
2025-11-07 17:15:00+00:00,271,30.00000000065484,30.23803628144759,0,0,0
2025-11-07 17:30:00+00:00,271,30.00000000065484,30.197698372775125,0,0,0
2025-11-07 17:45:00+00:00,271,29.999999998835847,30.252478089237307,0,0,0
2025-11-07 18:00:00+00:00,271,30.00000000065484,30.21374471953296,0,0,0
2025-11-07 18:15:00+00:00,271,39.999999999054126,30.276838560669205,0,0,0
2025-11-07 18:30:00+00:00,271,30.00000000065484,30.138131837554187,0,0,0
2025-11-07 18:45:00+00:00,271,40.00000000087312,30.499485689509864,0,0,0
2025-11-07 19:00:00+00:00,271,29.999999998835847,30.25775349561505,0,0,0
2025-11-07 19:15:00+00:00,271,30.00000000065484,30.58005048596586,0,0,0
2025-11-07 19:30:00+00:00,271,29.999999998835847,30.0992505995107,0,0,0
2025-11-07 19:45:00+00:00,271,40.00000000087312,29.503135899824112,0,0,0
2025-11-07 20:00:00+00:00,271,20.00000000043656,29.415376279811397,0,0,0
2025-11-07 20:15:00+00:00,271,19.999999998617568,28.73002997625705,0,0,0
2025-11-07 20:30:00+00:00,271,30.00000000065484,21.24912185904618,0,0,0
2025-11-07 20:45:00+00:00,271,20.00000000043656,20.92259506853455,0,0,0
2025-11-07 21:00:00+00:00,271,30.00000000065484,28.22942386750796,0,0,0
2025-11-07 21:15:00+00:00,271,29.999999998835847,29.02064629458087,0,0,0
2025-11-07 21:30:00+00:00,271,20.00000000043656,29.685099615329325,0,0,0
2025-11-07 21:45:00+00:00,271,30.00000000065484,29.88234066652116,0,0,0
2025-11-07 22:00:00+00:00,271,19.999999998617568,29.6980593899594,0,0,0
2025-11-07 22:15:00+00:00,271,30.00000000065484,29.477904010121726,0,0,0
2025-11-07 22:30:00+00:00,271,30.00000000065484,28.458114935259257,0,0,0
2025-11-07 22:45:00+00:00,271,29.999999998835847,29.649756211044057,0,0,0
2025-11-07 23:00:00+00:00,271,20.00000000043656,29.52141271366528,0,0,0
2025-11-07 23:15:00+00:00,271,30.00000000065484,30.28068026625706,0,0,0
2025-11-07 23:30:00+00:00,271,29.999999998835847,30.068306876487856,0,0,0
2025-11-07 23:45:00+00:00,271,20.00000000043656,29.740277954207382,0,0,0
2025-11-08 00:00:00+00:00,271,40.00000000087312,30.333336229680015,0,0,0
2025-11-08 00:15:00+00:00,271,29.999999998835847,29.63478370426369,0,0,0
2025-11-08 00:30:00+00:00,271,40.00000000087312,30.215789992288627,0,0,0
2025-11-08 00:45:00+00:00,271,39.999999999054126,30.14570757760916,0,0,0
2025-11-08 01:00:00+00:00,271,30.00000000065484,30.4738484778552,0,0,0
2025-11-08 01:15:00+00:00,271,39.999999999054126,30.490158020685943,0,0,0
2025-11-08 01:30:00+00:00,271,30.00000000065484,30.437304420939142,0,0,0
2025-11-08 01:45:00+00:00,271,30.00000000065484,30.50197313166802,0,0,0
2025-11-08 02:00:00+00:00,271,29.999999998835847,30.43668614943697,0,0,0
2025-11-08 02:15:00+00:00,271,40.00000000087312,30.793223991796708,0,0,0
2025-11-08 02:30:00+00:00,271,29.999999998835847,30.2497260153913,0,0,0
2025-11-08 02:45:00+00:00,271,30.00000000065484,35.21866497168239,0,0,0
2025-11-08 03:00:00+00:00,271,40.00000000087312,31.11249135607917,0,0,0
2025-11-08 03:15:00+00:00,271,29.999999998835847,30.2550933011254,0,0,0
2025-11-08 03:30:00+00:00,271,40.00000000087312,31.100779609373003,0,0,0
2025-11-08 03:45:00+00:00,271,49.9999999992724,30.253323187900502,0,0,0
2025-11-08 04:00:00+00:00,271,40.00000000087312,30.20127927498164,0,0,0
2025-11-08 04:15:00+00:00,271,29.999999998835847,31.130899767956794,0,0,0
2025-11-08 04:30:00+00:00,271,40.00000000087312,39.53984776609042,0,0,0
2025-11-08 04:45:00+00:00,271,30.00000000065484,37.07651436821448,0,0,0
2025-11-08 05:00:00+00:00,271,39.999999999054126,39.582229033365294,0,0,0
2025-11-08 05:15:00+00:00,271,40.00000000087312,38.653736455197134,0,0,0
2025-11-08 05:30:00+00:00,271,39.999999999054126,39.46467131105436,0,0,0
2025-11-08 05:45:00+00:00,271,30.00000000065484,39.45825315518188,0,0,0
2025-11-08 06:00:00+00:00,271,39.999999999054126,39.70505450544093,0,0,0
2025-11-08 06:15:00+00:00,271,50.000000001091394,39.31562385350387,0,0,0
2025-11-08 06:30:00+00:00,271,39.999999999054126,39.39894120234419,0,0,0
2025-11-08 06:45:00+00:00,271,50.000000001091394,39.865600281609375,0,0,0
2025-11-08 08:30:00+00:00,271,39.999999999054126,39.71996767347032,0,0,0
2025-11-08 08:45:00+00:00,271,40.00000000087312,40.31350831556385,0,0,0
2025-11-08 09:00:00+00:00,271,39.999999999054126,40.18268742533152,0,0,0
2025-11-08 09:15:00+00:00,271,40.00000000087312,39.966684800986044,0,0,0
2025-11-08 09:30:00+00:00,271,39.999999999054126,39.6019046146994,0,0,0
2025-11-08 09:45:00+00:00,271,30.00000000065484,39.54685356701296,0,0,0
2025-11-08 10:00:00+00:00,271,39.999999999054126,39.44597386203485,0,0,0
2025-11-08 10:15:00+00:00,271,40.00000000087312,38.992989493641424,0,0,0
2025-11-08 10:30:00+00:00,271,39.999999999054126,38.37065998655471,0,0,0
2025-11-08 10:45:00+00:00,271,40.00000000087312,39.28725227392083,0,0,0
2025-11-08 11:00:00+00:00,271,39.999999999054126,39.22959414949764,0,0,0
2025-11-08 11:15:00+00:00,271,30.00000000065484,34.33799846973014,0,0,0
2025-11-08 11:30:00+00:00,271,30.00000000065484,35.58043898027809,0,0,0
2025-11-08 11:45:00+00:00,271,39.999999999054126,30.92409273586048,0,0,0
2025-11-08 12:00:00+00:00,271,30.00000000065484,30.25842775610001,0,0,0
2025-11-08 12:15:00+00:00,271,29.999999998835847,30.691354669584456,0,0,0
2025-11-08 12:30:00+00:00,271,40.00000000087312,30.370778024473847,0,0,0
2025-11-08 12:45:00+00:00,271,30.00000000065484,30.232181365171133,0,0,0
2025-11-08 13:00:00+00:00,271,29.999999998835847,30.43088722214329,0,0,0
2025-11-08 13:15:00+00:00,271,30.00000000065484,30.36118141711724,0,0,0
2025-11-08 13:30:00+00:00,271,30.00000000065484,30.223069038588683,0,0,0
2025-11-08 13:45:00+00:00,271,29.999999998835847,30.24394096570874,0,0,0
2025-11-08 14:00:00+00:00,271,30.00000000065484,30.23475637984082,0,0,0
2025-11-08 14:15:00+00:00,271,29.999999998835847,30.25318154055945,0,0,0
2025-11-08 14:30:00+00:00,271,20.00000000043656,30.1526334626332,0,0,0
2025-11-08 14:45:00+00:00,271,30.00000000065484,30.415462018117523,0,0,0
2025-11-08 15:00:00+00:00,271,20.00000000043656,29.851664446416056,0,0,0
2025-11-08 15:15:00+00:00,271,29.999999998835847,29.925426342194804,0,0,0
2025-11-08 15:30:00+00:00,271,20.00000000043656,28.67492102543458,0,0,0
2025-11-08 15:45:00+00:00,271,30.00000000065484,29.67923847805478,0,0,0
2025-11-08 16:00:00+00:00,271,29.999999998835847,28.323954326130863,0,0,0
2025-11-08 16:15:00+00:00,271,30.00000000065484,28.859609538101875,0,0,0
2025-11-08 16:30:00+00:00,271,20.00000000043656,28.99004472645281,0,0,0
2025-11-08 16:45:00+00:00,271,29.999999998835847,29.857004455466235,0,0,0
2025-11-08 17:00:00+00:00,271,30.00000000065484,29.25859181479399,0,0,0
2025-11-08 17:15:00+00:00,271,30.00000000065484,29.043102662059848,0,0,0
2025-11-08 17:30:00+00:00,271,19.999999998617568,29.810862834116957,0,0,0
2025-11-08 17:45:00+00:00,271,30.00000000065484,30.15483330326441,0,0,0
2025-11-08 18:00:00+00:00,271,30.00000000065484,29.933904605510698,0,0,0
2025-11-08 18:15:00+00:00,271,19.999999998617568,29.78443459862861,0,0,0
2025-11-08 22:00:00+00:00,271,29.999999998835847,30.214197895316683,0,0,0
2025-11-08 22:15:00+00:00,271,30.00000000065484,29.447699150256284,0,0,0
2025-11-08 22:30:00+00:00,271,29.999999998835847,29.0589465871107,0,0,0
2025-11-08 22:45:00+00:00,271,30.00000000065484,29.683780285196573,0,0,0
2025-11-08 23:00:00+00:00,271,20.00000000043656,30.345260447397774,0,0,0
2025-11-08 23:15:00+00:00,271,29.999999998835847,30.239467589545907,0,0,0
2025-11-08 23:30:00+00:00,271,30.00000000065484,30.02990704798864,0,0,0
2025-11-08 23:45:00+00:00,271,30.00000000065484,29.831587371436186,0,0,0
2025-11-09 00:00:00+00:00,271,29.999999998835847,30.108946264298385,0,0,0
2025-11-09 00:15:00+00:00,271,40.00000000087312,30.3006597194208,0,0,0
2025-11-09 00:30:00+00:00,271,30.00000000065484,30.109766957507546,0,0,0
2025-11-09 00:45:00+00:00,271,39.999999999054126,30.35599023348283,0,0,0
2025-11-09 01:00:00+00:00,271,30.00000000065484,30.18941391747656,0,0,0
2025-11-09 01:15:00+00:00,271,39.999999999054126,30.18070643430807,0,0,0
2025-11-09 01:30:00+00:00,271,30.00000000065484,30.080256935274587,0,0,0
2025-11-09 01:45:00+00:00,271,30.00000000065484,30.403067875775044,0,0,0
2025-11-09 02:00:00+00:00,271,29.999999998835847,30.369163436201124,0,0,0
2025-11-09 02:15:00+00:00,271,20.00000000043656,30.625448458774592,0,0,0
2025-11-09 02:30:00+00:00,271,30.00000000065484,31.65984348006861,0,0,0
2025-11-09 02:45:00+00:00,271,39.999999999054126,30.35350279132468,0,0,0
2025-11-09 03:00:00+00:00,271,30.00000000065484,30.25127360830001,0,0,0
2025-11-09 03:15:00+00:00,271,29.999999998835847,30.21269097816469,0,0,0
2025-11-09 03:30:00+00:00,271,30.00000000065484,30.65123210315346,0,0,0
2025-11-09 03:45:00+00:00,271,40.00000000087312,30.34680038369345,0,0,0
2025-11-09 04:00:00+00:00,271,29.999999998835847,30.130446512225223,0,0,0
2025-11-09 04:15:00+00:00,271,30.00000000065484,30.388548066240084,0,0,0
2025-11-09 04:30:00+00:00,271,39.999999999054126,30.301729731091758,0,0,0
2025-11-09 04:45:00+00:00,271,40.00000000087312,30.220064775051,0,0,0
2025-11-09 05:00:00+00:00,271,29.999999998835847,30.3737746313985,0,0,0
2025-11-09 05:15:00+00:00,271,30.00000000065484,30.386188872350186,0,0,0
2025-11-09 08:45:00+00:00,271,29.999999998835847,30.51637617785427,0,0,0
2025-11-09 09:00:00+00:00,271,30.00000000065484,30.415775939251755,0,0,0
2025-11-09 09:15:00+00:00,271,30.00000000065484,30.69192125894868,0,0,0
2025-11-09 09:30:00+00:00,271,39.999999999054126,30.37970180696043,0,0,0
2025-11-09 09:45:00+00:00,271,30.00000000065484,29.9204150889666,0,0,0
2025-11-09 10:00:00+00:00,271,30.00000000065484,30.24268815240169,0,0,0
2025-11-09 10:15:00+00:00,271,19.999999998617568,30.231144851182183,0,0,0
2025-11-09 10:30:00+00:00,271,30.00000000065484,30.034006207189627,0,0,0
2025-11-09 10:45:00+00:00,271,30.00000000065484,29.22515634276816,0,0,0
2025-11-09 11:00:00+00:00,271,29.999999998835847,29.34013187233469,0,0,0
2025-11-09 11:15:00+00:00,271,30.00000000065484,29.66920448667883,0,0,0
2025-11-09 11:30:00+00:00,271,20.00000000043656,29.1123227506968,0,0,0
2025-11-09 11:45:00+00:00,271,29.999999998835847,29.53442847727814,0,0,0
2025-11-09 12:00:00+00:00,271,30.00000000065484,27.29513714742928,0,0,0
2025-11-09 12:15:00+00:00,271,20.00000000043656,27.7618373809895,0,0,0
2025-11-09 12:30:00+00:00,271,29.999999998835847,21.10421758622161,0,0,0
2025-11-09 12:45:00+00:00,271,20.00000000043656,20.783181544329192,0,0,0
2025-11-09 13:00:00+00:00,271,20.00000000043656,21.639684732635068,0,0,0
2025-11-09 13:15:00+00:00,271,20.00000000043656,21.114048677352255,0,0,0
2025-11-09 13:30:00+00:00,271,29.999999998835847,20.84742722718815,0,0,0
2025-11-09 13:45:00+00:00,271,20.00000000043656,20.35162803580702,0,0,0
2025-11-09 14:00:00+00:00,271,30.00000000065484,20.661037510813227,0,0,0
2025-11-09 14:15:00+00:00,271,29.999999998835847,20.41634460036733,0,0,0
2025-11-09 14:30:00+00:00,271,20.00000000043656,20.44865072197122,0,0,0
2025-11-09 14:45:00+00:00,271,30.00000000065484,26.553340550157245,0,0,0
2025-11-09 15:00:00+00:00,271,19.999999998617568,22.681175520054733,0,0,0
2025-11-09 15:15:00+00:00,271,20.00000000043656,29.97340459359468,0,0,0
2025-11-09 15:30:00+00:00,271,20.00000000043656,29.456180284802063,0,0,0
2025-11-09 15:45:00+00:00,271,30.00000000065484,29.66016633353511,0,0,0
2025-11-09 16:00:00+00:00,271,19.999999998617568,28.81397899567235,0,0,0
2025-11-09 16:15:00+00:00,271,30.00000000065484,30.10401492696868,0,0,0
2025-11-09 16:30:00+00:00,271,30.00000000065484,29.109822866542476,0,0,0
2025-11-09 16:45:00+00:00,271,29.999999998835847,29.1758343557815,0,0,0
2025-11-09 17:00:00+00:00,271,30.00000000065484,29.873996872471604,0,0,0
2025-11-09 17:15:00+00:00,271,30.00000000065484,30.00635769899961,0,0,0
2025-11-09 17:30:00+00:00,271,29.999999998835847,30.15100451821105,0,0,0
2025-11-09 17:45:00+00:00,271,40.00000000087312,30.250972129161948,0,0,0
2025-11-09 18:00:00+00:00,271,29.999999998835847,30.358168539889892,0,0,0
2025-11-09 18:15:00+00:00,271,40.00000000087312,31.40882812141311,0,0,0
2025-11-09 18:30:00+00:00,271,30.00000000065484,30.635943761085606,0,0,0
2025-11-09 18:45:00+00:00,271,39.999999999054126,39.21075122483056,0,0,0
2025-11-09 19:00:00+00:00,271,30.00000000065484,35.5951167074568,0,0,0
2025-11-09 19:15:00+00:00,271,59.99999999949068,39.43804543924218,0,0,0
2025-11-09 19:30:00+00:00,271,20.00000000043656,38.09413087912965,0,0,0
2025-11-09 19:45:00+00:00,271,39.999999999054126,40.13498098369421,0,0,0
2025-11-09 20:00:00+00:00,271,30.00000000065484,39.563801479955096,0,0,0
2025-11-09 20:15:00+00:00,271,30.00000000065484,38.5232314002523,0,0,0
2025-11-09 20:30:00+00:00,271,39.999999999054126,30.3295988454447,0,0,0
2025-11-09 20:45:00+00:00,271,30.00000000065484,30.40664542821336,0,0,0
2025-11-09 21:00:00+00:00,271,39.999999999054126,39.48588969991403,0,0,0
2025-11-09 21:15:00+00:00,271,40.00000000087312,30.71513993796247,0,0,0
2025-11-09 21:30:00+00:00,271,39.999999999054126,39.13443967691279,0,0,0
2025-11-09 21:45:00+00:00,271,30.00000000065484,30.567792248504663,0,0,0
2025-11-09 22:00:00+00:00,271,39.999999999054126,39.773184962336046,0,0,0
2025-11-09 22:15:00+00:00,271,30.00000000065484,38.855899751490696,0,0,0
2025-11-09 22:30:00+00:00,271,40.00000000087312,39.60930664534625,0,0,0
2025-11-09 22:45:00+00:00,271,29.999999998835847,39.467266902871565,0,0,0
2025-11-09 23:00:00+00:00,271,40.00000000087312,39.98231769064026,0,0,0
2025-11-09 23:15:00+00:00,271,39.999999999054126,39.56279846364815,0,0,0
2025-11-09 23:30:00+00:00,271,50.000000001091394,39.76583269967389,0,0,0
2025-11-09 23:45:00+00:00,271,39.999999999054126,39.5289696331279,0,0,0
2025-11-10 00:00:00+00:00,271,40.00000000087312,40.41912363570108,0,0,0
2025-11-10 00:15:00+00:00,271,49.9999999992724,40.35209190277579,0,0,0
2025-11-10 00:30:00+00:00,271,49.9999999992724,40.47615200370254,0,0,0
2025-11-10 00:45:00+00:00,271,50.000000001091394,40.70191106720162,0,0,0
2025-11-10 01:00:00+00:00,271,49.9999999992724,40.85521560159684,0,0,0
2025-11-10 01:15:00+00:00,271,50.000000001091394,43.32823461495587,0,0,0
2025-11-10 01:30:00+00:00,271,39.999999999054126,44.06710734312703,0,0,0
2025-11-10 01:45:00+00:00,271,50.000000001091394,48.65849201136737,0,0,0
2025-11-10 02:00:00+00:00,271,49.9999999992724,43.41213386638647,0,0,0
2025-11-10 02:15:00+00:00,271,49.9999999992724,48.19654557742221,0,0,0
2025-11-10 02:30:00+00:00,271,50.000000001091394,48.52443620212982,0,0,0
2025-11-10 02:45:00+00:00,271,59.99999999949068,49.14653983913215,0,0,0
2025-11-10 03:00:00+00:00,271,49.9999999992724,48.65492402969534,0,0,0
2025-11-10 03:15:00+00:00,271,50.000000001091394,50.68805339709567,0,0,0
2025-11-10 03:30:00+00:00,271,49.9999999992724,50.12760463651824,0,0,0
2025-11-10 03:45:00+00:00,271,50.000000001091394,50.79723669890493,0,0,0
2025-11-10 04:00:00+00:00,271,59.99999999949068,50.67104040294279,0,0,0
2025-11-10 04:15:00+00:00,271,49.9999999992724,50.4593695074191,0,0,0
2025-11-10 04:30:00+00:00,271,60.00000000130967,53.39920647476368,0,0,0
2025-11-10 04:45:00+00:00,271,49.9999999992724,52.44182740978621,0,0,0
2025-11-10 05:00:00+00:00,271,59.99999999949068,56.82052955250626,0,0,0
2025-11-10 05:15:00+00:00,271,69.99999999970896,54.56899912672877,0,0,0
2025-11-10 05:30:00+00:00,271,100.0000000003638,69.89250801823277,0,0,0
2025-11-10 05:45:00+00:00,271,100.0000000003638,88.9321463872839,0,0,0
2025-11-10 06:00:00+00:00,271,79.99999999992724,77.27356720199471,0,0,0
2025-11-10 06:15:00+00:00,271,69.99999999970896,71.45943387484321,0,0,0
2025-11-10 06:30:00+00:00,271,69.99999999970896,72.2354622318962,0,0,0
2025-11-10 06:45:00+00:00,271,70.00000000152795,74.38339485506988,0,0,0
2025-11-10 07:00:00+00:00,271,69.99999999970896,73.93199157726717,0,0,0
2025-11-10 07:15:00+00:00,271,69.99999999970896,72.42552616544894,0,0,0
2025-11-10 07:30:00+00:00,271,69.99999999970896,73.72058483489302,0,0,0
2025-11-10 07:45:00+00:00,271,69.99999999970896,69.86395650824352,0,0,0
2025-11-10 08:00:00+00:00,271,69.99999999970896,69.73002320481446,0,0,0
2025-11-10 08:15:00+00:00,271,70.00000000152795,68.90710957787164,0,0,0
2025-11-10 08:30:00+00:00,271,69.99999999970896,70.43772011888029,0,0,0
2025-11-10 08:45:00+00:00,271,59.99999999949068,70.37379505669197,0,0,0
2025-11-10 09:00:00+00:00,271,69.99999999970896,68.91819635353923,0,0,0
2025-11-10 09:15:00+00:00,271,69.99999999970896,63.96282108723096,0,0,0
2025-11-10 09:30:00+00:00,271,60.00000000130967,64.88023646049783,0,0,0
2025-11-10 09:45:00+00:00,271,59.99999999949068,62.27273861003134,0,0,0
2025-11-10 10:00:00+00:00,271,69.99999999970896,61.07697472666814,0,0,0
2025-11-10 10:15:00+00:00,271,59.99999999949068,59.78442359799142,0,0,0
2025-11-10 10:30:00+00:00,271,60.00000000130967,61.06813899523141,0,0,0
2025-11-10 10:45:00+00:00,271,49.9999999992724,58.84653444148208,0,0,0
2025-11-10 11:00:00+00:00,271,69.99999999970896,58.98609918379478,0,0,0
2025-11-10 11:15:00+00:00,271,50.000000001091394,54.49884158153394,0,0,0
2025-11-10 11:30:00+00:00,271,59.99999999949068,58.09161536655308,0,0,0
2025-11-10 11:45:00+00:00,271,49.9999999992724,50.62339330005646,0,0,0
2025-11-10 12:00:00+00:00,271,50.000000001091394,52.305091785988125,0,0,0
2025-11-10 12:15:00+00:00,271,49.9999999992724,49.813744755188296,0,0,0
2025-11-10 12:30:00+00:00,271,49.9999999992724,49.75877027363216,0,0,0
2025-11-10 12:45:00+00:00,271,50.000000001091394,49.01649609512238,0,0,0
2025-11-10 13:00:00+00:00,271,49.9999999992724,49.42710876700721,0,0,0
2025-11-10 13:15:00+00:00,271,50.000000001091394,49.25358694590601,0,0,0
2025-11-10 13:30:00+00:00,271,49.9999999992724,49.08931814165168,0,0,0
2025-11-10 13:45:00+00:00,271,49.9999999992724,48.2930456997471,0,0,0
2025-11-10 14:00:00+00:00,271,50.000000001091394,48.32411623542326,0,0,0
2025-11-10 14:15:00+00:00,271,49.9999999992724,48.38988654135184,0,0,0
2025-11-10 14:30:00+00:00,271,40.00000000087312,48.62679363342275,0,0,0
2025-11-10 14:45:00+00:00,271,49.9999999992724,49.08626315305267,0,0,0
2025-11-10 15:00:00+00:00,271,40.00000000087312,48.18427202673495,0,0,0
2025-11-10 15:15:00+00:00,271,39.999999999054126,49.33953625547542,0,0,0
2025-11-10 15:30:00+00:00,271,50.000000001091394,48.88220675918741,0,0,0
2025-11-10 15:45:00+00:00,271,39.999999999054126,48.15894012252486,0,0,0
2025-11-10 16:00:00+00:00,271,50.000000001091394,49.00597590881901,0,0,0
2025-11-10 16:15:00+00:00,271,39.999999999054126,48.01822688825765,0,0,0
2025-11-10 16:30:00+00:00,271,49.9999999992724,48.94468472151304,0,0,0
2025-11-10 17:30:00+00:00,271,49.9999999992724,46.58598755438311,0,0,0
2025-11-10 17:45:00+00:00,271,40.00000000087312,48.51402320840889,0,0,0
2025-11-10 18:00:00+00:00,271,49.9999999992724,49.19002940114313,0,0,0
2025-11-10 18:15:00+00:00,271,49.9999999992724,49.29330562599967,0,0,0
2025-11-10 18:30:00+00:00,271,50.000000001091394,49.124247610295,0,0,0
2025-11-10 18:45:00+00:00,271,49.9999999992724,49.09462417448154,0,0,0
2025-11-10 19:00:00+00:00,271,50.000000001091394,49.98700242313996,0,0,0
2025-11-10 19:15:00+00:00,271,49.9999999992724,49.408173962983774,0,0,0
2025-11-10 19:30:00+00:00,271,49.9999999992724,48.84028297454108,0,0,0
2025-11-10 19:45:00+00:00,271,40.00000000087312,45.95223438065548,0,0,0
2025-11-10 20:00:00+00:00,271,39.999999999054126,39.94245544905229,0,0,0
2025-11-10 20:15:00+00:00,271,30.00000000065484,37.25504265716074,0,0,0
2025-11-10 20:30:00+00:00,271,40.00000000087312,30.67725501668952,0,0,0
2025-11-10 20:45:00+00:00,271,29.999999998835847,30.25624083600329,0,0,0
2025-11-10 21:00:00+00:00,271,30.00000000065484,38.66178355549177,0,0,0
2025-11-10 21:15:00+00:00,271,39.999999999054126,39.42859909291629,0,0,0
2025-11-10 21:30:00+00:00,271,40.00000000087312,31.462227254838297,0,0,0
2025-11-10 22:00:00+00:00,271,30.00000000065484,30.714554207065667,0,0,0
2025-11-10 22:15:00+00:00,271,40.00000000087312,31.507035668443717,0,0,0
2025-11-10 22:30:00+00:00,271,29.999999998835847,30.824438088967177,0,0,0
2025-11-10 22:45:00+00:00,271,40.00000000087312,37.25958972822399,0,0,0
2025-11-10 23:00:00+00:00,271,39.999999999054126,33.86987219199305,0,0,0
2025-11-10 23:15:00+00:00,271,30.00000000065484,39.35842623449541,0,0,0
2025-11-10 23:30:00+00:00,271,39.999999999054126,39.69016239309739,0,0,0
2025-11-10 23:45:00+00:00,271,40.00000000087312,39.576748812589,0,0,0
2025-11-11 00:00:00+00:00,271,39.999999999054126,39.69167074586432,0,0,0
2025-11-11 00:15:00+00:00,271,40.00000000087312,39.997851044325074,0,0,0
2025-11-11 00:30:00+00:00,271,49.9999999992724,41.22106005709468,0,0,0
2025-11-11 00:45:00+00:00,271,40.00000000087312,40.13225905776201,0,0,0
2025-11-11 01:00:00+00:00,271,39.999999999054126,42.569180968990615,0,0,0
2025-11-11 01:15:00+00:00,271,50.000000001091394,40.33760176261632,0,0,0
2025-11-11 01:30:00+00:00,271,39.999999999054126,39.91776478618347,0,0,0
2025-11-11 01:45:00+00:00,271,40.00000000087312,40.21393406310737,0,0,0
2025-11-11 02:00:00+00:00,271,39.999999999054126,40.11825511252995,0,0,0
2025-11-11 02:15:00+00:00,271,40.00000000087312,40.04764582716635,0,0,0
2025-11-11 02:30:00+00:00,271,39.999999999054126,40.19085320312813,0,0,0
2025-11-11 02:45:00+00:00,271,40.00000000087312,40.09772581884299,0,0,0
2025-11-11 03:00:00+00:00,271,39.999999999054126,40.17682628805698,0,0,0
2025-11-11 03:15:00+00:00,271,50.000000001091394,40.07342755739196,0,0,0
2025-11-11 03:30:00+00:00,271,29.999999998835847,39.909933985206926,0,0,0
2025-11-11 03:45:00+00:00,271,40.00000000087312,40.56903437637071,0,0,0
2025-11-11 04:00:00+00:00,271,40.00000000087312,39.87639993428834,0,0,0
2025-11-11 04:15:00+00:00,271,39.999999999054126,39.72415201249127,0,0,0
2025-11-11 04:30:00+00:00,271,40.00000000087312,39.64145484930639,0,0,0
2025-11-11 04:45:00+00:00,271,39.999999999054126,39.673627937258885,0,0,0
2025-11-11 05:00:00+00:00,271,30.00000000065484,39.632996206061385,0,0,0
2025-11-11 05:15:00+00:00,271,39.999999999054126,39.67325659152692,0,0,0
2025-11-11 05:30:00+00:00,271,40.00000000087312,39.588107398019154,0,0,0
2025-11-11 05:45:00+00:00,271,39.999999999054126,39.298564919672806,0,0,0
2025-11-11 06:00:00+00:00,271,40.00000000087312,39.51065118645338,0,0,0
2025-11-11 06:15:00+00:00,271,39.999999999054126,46.58183384181427,0,0,0
2025-11-11 06:30:00+00:00,271,100.0000000003638,70.32037103927443,0,0,0
2025-11-11 06:45:00+00:00,271,79.99999999992724,83.95083051602964,0,0,0
2025-11-11 07:00:00+00:00,271,59.99999999949068,61.780996466479536,0,0,0
2025-11-11 07:15:00+00:00,271,50.000000001091394,56.64655981954279,0,0,0
2025-11-11 07:30:00+00:00,271,49.9999999992724,55.24369603863487,0,0,0
2025-11-11 07:45:00+00:00,271,50.000000001091394,52.21687994726832,0,0,0
2025-11-11 08:00:00+00:00,271,49.9999999992724,51.3704911447752,0,0,0
2025-11-11 08:15:00+00:00,271,40.00000000087312,50.46421997177366,0,0,0
2025-11-11 08:30:00+00:00,271,49.9999999992724,51.02144529826542,0,0,0
2025-11-11 10:00:00+00:00,271,49.9999999992724,48.40554048669188,0,0,0
2025-11-11 10:15:00+00:00,271,50.000000001091394,48.396111367745306,0,0,0
2025-11-11 10:30:00+00:00,271,39.999999999054126,41.61284128923198,0,0,0
2025-11-11 10:45:00+00:00,271,40.00000000087312,42.737031153989776,0,0,0
2025-11-11 11:00:00+00:00,271,49.9999999992724,39.97749785273781,0,0,0
2025-11-11 11:15:00+00:00,271,40.00000000087312,40.21763603550743,0,0,0
2025-11-11 11:30:00+00:00,271,39.999999999054126,40.24121266118036,0,0,0
2025-11-11 11:45:00+00:00,271,40.00000000087312,40.09282750065698,0,0,0
2025-11-11 12:00:00+00:00,271,49.9999999992724,40.31520425535002,0,0,0
2025-11-11 12:15:00+00:00,271,30.00000000065484,39.78516947588141,0,0,0
2025-11-11 12:30:00+00:00,271,39.999999999054126,40.09296149138501,0,0,0
2025-11-11 12:45:00+00:00,271,40.00000000087312,39.41226945147634,0,0,0
2025-11-11 13:00:00+00:00,271,39.999999999054126,30.890464891432263,0,0,0
2025-11-11 13:15:00+00:00,271,30.00000000065484,34.03731179111848,0,0,0
2025-11-11 13:30:00+00:00,271,40.00000000087312,39.13008114994541,0,0,0
2025-11-11 13:45:00+00:00,271,29.999999998835847,35.83686756434587,0,0,0
2025-11-11 14:00:00+00:00,271,40.00000000087312,39.55094602667755,0,0,0
2025-11-11 14:15:00+00:00,271,39.999999999054126,39.1561251191673,0,0,0
2025-11-11 14:30:00+00:00,271,30.00000000065484,37.73732696946711,0,0,0
2025-11-11 14:45:00+00:00,271,30.00000000065484,39.34457159321743,0,0,0
2025-11-11 15:00:00+00:00,271,29.999999998835847,39.12755829595199,0,0,0
2025-11-11 15:15:00+00:00,271,40.00000000087312,38.558564755232965,0,0,0
2025-11-11 15:30:00+00:00,271,29.999999998835847,30.34821781418065,0,0,0
2025-11-11 15:45:00+00:00,271,30.00000000065484,32.58000757741327,0,0,0
2025-11-11 16:00:00+00:00,271,40.00000000087312,33.022356910307884,0,0,0
2025-11-11 16:15:00+00:00,271,39.999999999054126,38.29284200002326,0,0,0
2025-11-11 16:30:00+00:00,271,30.00000000065484,38.81893170962811,0,0,0
2025-11-11 16:45:00+00:00,271,29.999999998835847,39.43700031156357,0,0,0
2025-11-11 17:00:00+00:00,271,40.00000000087312,39.45836609022408,0,0,0
2025-11-11 17:15:00+00:00,271,39.999999999054126,39.42993134358353,0,0,0
2025-11-11 17:30:00+00:00,271,30.00000000065484,39.48027740256297,0,0,0
2025-11-11 17:45:00+00:00,271,40.00000000087312,39.76230300106701,0,0,0
2025-11-11 18:00:00+00:00,271,39.999999999054126,39.57983251348687,0,0,0
2025-11-11 18:15:00+00:00,271,40.00000000087312,39.856157763590005,0,0,0
2025-11-11 18:30:00+00:00,271,39.999999999054126,39.794173652804815,0,0,0
2025-11-11 18:45:00+00:00,271,50.000000001091394,39.75950833731103,0,0,0
2025-11-11 19:00:00+00:00,271,39.999999999054126,39.73199812669387,0,0,0
2025-11-11 19:15:00+00:00,271,40.00000000087312,40.23865918073483,0,0,0
2025-11-11 19:30:00+00:00,271,39.999999999054126,39.89004976116775,0,0,0
2025-11-11 19:45:00+00:00,271,40.00000000087312,38.97647609348875,0,0,0
2025-11-11 20:00:00+00:00,271,29.999999998835847,36.786044482614855,0,0,0
2025-11-11 20:15:00+00:00,271,20.00000000043656,29.901158707195894,0,0,0
2025-11-11 20:30:00+00:00,271,30.00000000065484,28.975808211599965,0,0,0
2025-11-11 20:45:00+00:00,271,39.999999999054126,29.16822511804452,0,0,0
2025-11-11 21:00:00+00:00,271,30.00000000065484,29.972938497276477,0,0,0
2025-11-11 21:15:00+00:00,271,20.00000000043656,30.299219319094508,0,0,0
2025-11-11 21:30:00+00:00,271,39.999999999054126,30.739264011467064,0,0,0
2025-11-11 21:45:00+00:00,271,30.00000000065484,30.340382227820967,0,0,0
2025-11-11 22:00:00+00:00,271,29.999999998835847,30.49599235981488,0,0,0
2025-11-11 22:15:00+00:00,271,40.00000000087312,30.60615857932188,0,0,0
2025-11-11 22:30:00+00:00,271,30.00000000065484,30.432463527350865,0,0,0
2025-11-11 22:45:00+00:00,271,39.999999999054126,30.84279768993673,0,0,0
2025-11-11 23:00:00+00:00,271,30.00000000065484,30.95158954740483,0,0,0
2025-11-11 23:15:00+00:00,271,39.999999999054126,39.37801185062641,0,0,0
2025-11-11 23:30:00+00:00,271,30.00000000065484,35.320887455170656,0,0,0
2025-11-11 23:45:00+00:00,271,39.999999999054126,39.529143821074335,0,0,0
2025-11-12 00:00:00+00:00,271,30.00000000065484,39.43513592629074,0,0,0
2025-11-12 00:15:00+00:00,271,40.00000000087312,39.94781507817336,0,0,0
2025-11-12 00:30:00+00:00,271,49.9999999992724,39.57494185191389,0,0,0
2025-11-12 00:45:00+00:00,271,49.9999999992724,39.5378206777907,0,0,0
2025-11-12 01:00:00+00:00,271,40.00000000087312,39.837337808762015,0,0,0
2025-11-12 01:15:00+00:00,271,39.999999999054126,40.07100998182771,0,0,0
2025-11-12 01:30:00+00:00,271,40.00000000087312,40.087490841375,0,0,0
2025-11-12 01:45:00+00:00,271,39.999999999054126,39.90951861395004,0,0,0
2025-11-12 02:00:00+00:00,271,40.00000000087312,39.92718242021049,0,0,0
2025-11-12 02:15:00+00:00,271,30.00000000065484,40.031561197343365,0,0,0
2025-11-12 02:30:00+00:00,271,39.999999999054126,41.39255287574291,0,0,0
2025-11-12 02:45:00+00:00,271,40.00000000087312,40.28389253636341,0,0,0
2025-11-12 03:00:00+00:00,271,49.9999999992724,40.37794445667193,0,0,0
2025-11-12 03:15:00+00:00,271,40.00000000087312,39.714479796080994,0,0,0
2025-11-12 03:30:00+00:00,271,39.999999999054126,40.19923910854934,0,0,0
2025-11-12 03:45:00+00:00,271,40.00000000087312,39.9291425131462,0,0,0
2025-11-12 04:00:00+00:00,271,39.999999999054126,40.16210836365986,0,0,0
2025-11-12 04:15:00+00:00,271,40.00000000087312,39.94229083187214,0,0,0
2025-11-12 04:30:00+00:00,271,39.999999999054126,40.0443400844906,0,0,0
2025-11-12 04:45:00+00:00,271,40.00000000087312,40.24957176845598,0,0,0
2025-11-12 05:00:00+00:00,271,39.999999999054126,40.389946197596615,0,0,0
2025-11-12 05:15:00+00:00,271,40.00000000087312,40.25474189640455,0,0,0
2025-11-12 05:30:00+00:00,271,39.999999999054126,40.171225475625455,0,0,0
2025-11-12 05:45:00+00:00,271,50.000000001091394,40.13866764286821,0,0,0
2025-11-12 06:00:00+00:00,271,39.999999999054126,39.965019487652,0,0,0
2025-11-12 06:15:00+00:00,271,50.000000001091394,50.6599536272752,0,0,0
2025-11-12 06:30:00+00:00,271,99.9999999985448,81.47121341639193,0,0,0
2025-11-12 06:45:00+00:00,271,100.0000000003638,80.50668307484433,0,0,0
2025-11-12 07:00:00+00:00,271,50.000000001091394,63.977835705383,0,0,0
2025-11-12 07:15:00+00:00,271,59.99999999949068,57.73144063300404,0,0,0
2025-11-12 07:30:00+00:00,271,49.9999999992724,57.08293699427392,0,0,0
2025-11-12 07:45:00+00:00,271,50.000000001091394,56.90627596183037,0,0,0
2025-11-12 08:00:00+00:00,271,49.9999999992724,55.62929455575036,0,0,0
2025-11-12 08:15:00+00:00,271,49.9999999992724,55.33024256402063,0,0,0
2025-11-12 08:30:00+00:00,271,60.00000000130967,54.44646652010152,0,0,0
2025-11-12 08:45:00+00:00,271,49.9999999992724,50.004134094794814,0,0,0
2025-11-12 09:00:00+00:00,271,49.9999999992724,49.40944113244026,0,0,0
2025-11-12 09:15:00+00:00,271,50.000000001091394,48.45032018799843,0,0,0
2025-11-12 09:30:00+00:00,271,49.9999999992724,48.21691599638879,0,0,0
2025-11-12 09:45:00+00:00,271,30.00000000065484,41.69423299989522,0,0,0
2025-11-12 10:00:00+00:00,271,49.9999999992724,44.15372277803006,0,0,0
2025-11-12 10:15:00+00:00,271,40.00000000087312,39.972900056613234,0,0,0
2025-11-12 10:30:00+00:00,271,39.999999999054126,40.77051431995133,0,0,0
2025-11-12 10:45:00+00:00,271,40.00000000087312,40.06576520190208,0,0,0
2025-11-12 11:00:00+00:00,271,30.00000000065484,39.60625931336027,0,0,0
2025-11-12 11:15:00+00:00,271,39.999999999054126,37.21912165713002,0,0,0
2025-11-12 11:30:00+00:00,271,30.00000000065484,30.215233452229004,0,0,0
2025-11-12 11:45:00+00:00,271,29.999999998835847,30.220198765779024,0,0,0
2025-11-12 12:00:00+00:00,271,30.00000000065484,30.152802386658177,0,0,0
2025-11-12 12:15:00+00:00,271,20.00000000043656,30.22842866770976,0,0,0
2025-11-12 12:30:00+00:00,271,29.999999998835847,30.09924246435936,0,0,0
2025-11-12 12:45:00+00:00,271,30.00000000065484,29.50148781386938,0,0,0
2025-11-12 13:00:00+00:00,271,30.00000000065484,29.286221659989742,0,0,0
2025-11-12 13:15:00+00:00,271,19.999999998617568,28.821663842463003,0,0,0
2025-11-12 13:30:00+00:00,271,30.00000000065484,29.758974446150265,0,0,0
2025-11-12 13:45:00+00:00,271,20.00000000043656,20.848346977828392,0,0,0
2025-11-12 14:00:00+00:00,271,20.00000000043656,20.95492224582427,0,0,0
2025-11-12 14:15:00+00:00,271,29.999999998835847,21.254185751488965,0,0,0
2025-11-12 14:30:00+00:00,271,20.00000000043656,20.601482460511832,0,0,0
2025-11-12 14:45:00+00:00,271,20.00000000043656,29.41069808925,0,0,0
2025-11-12 15:00:00+00:00,271,19.999999998617568,28.841345644795197,0,0,0
2025-11-12 15:15:00+00:00,271,30.00000000065484,21.166515618141037,0,0,0
2025-11-12 15:30:00+00:00,271,20.00000000043656,20.46728500393323,0,0,0
2025-11-12 15:45:00+00:00,271,30.00000000065484,20.870769369087046,0,0,0
2025-11-12 16:00:00+00:00,271,29.999999998835847,20.467329986534786,0,0,0
2025-11-12 16:15:00+00:00,271,30.00000000065484,29.16076805549152,0,0,0
2025-11-12 16:30:00+00:00,271,29.999999998835847,29.96440807328431,0,0,0
2025-11-12 16:45:00+00:00,271,30.00000000065484,30.159456940457964,0,0,0
2025-11-12 17:00:00+00:00,271,30.00000000065484,30.294525815307058,0,0,0
2025-11-12 17:15:00+00:00,271,19.999999998617568,30.29076354707939,0,0,0
2025-11-12 17:30:00+00:00,271,40.00000000087312,30.951742679665436,0,0,0
2025-11-12 17:45:00+00:00,271,30.00000000065484,30.06349421666012,0,0,0
2025-11-12 18:00:00+00:00,271,39.999999999054126,30.57535411094852,0,0,0
2025-11-12 18:15:00+00:00,271,30.00000000065484,30.33451821931654,0,0,0
2025-11-12 18:30:00+00:00,271,29.999999998835847,39.4466974119662,0,0,0
2025-11-12 18:45:00+00:00,271,40.00000000087312,39.056738453730055,0,0,0
2025-11-12 19:00:00+00:00,271,39.999999999054126,32.6273685143876,0,0,0
2025-11-12 19:15:00+00:00,271,30.00000000065484,31.707289596862896,0,0,0
2025-11-12 19:30:00+00:00,271,40.00000000087312,36.72734410174294,0,0,0
2025-11-12 19:45:00+00:00,271,29.999999998835847,29.74036696233386,0,0,0
2025-11-12 20:00:00+00:00,271,20.00000000043656,29.343231364996942,0,0,0
2025-11-12 20:15:00+00:00,271,20.00000000043656,22.933183845712577,0,0,0
2025-11-12 20:30:00+00:00,271,20.00000000043656,20.97770928327849,0,0,0
2025-11-12 20:45:00+00:00,271,29.999999998835847,20.86232699614473,0,0,0
2025-11-12 21:00:00+00:00,271,30.00000000065484,20.941127900373917,0,0,0
2025-11-12 21:15:00+00:00,271,20.00000000043656,22.276200029513305,0,0,0
2025-11-12 21:30:00+00:00,271,29.999999998835847,29.1558893573764,0,0,0
2025-11-12 21:45:00+00:00,271,20.00000000043656,28.719721303888647,0,0,0
2025-11-12 22:00:00+00:00,271,30.00000000065484,28.88565829270691,0,0,0
2025-11-12 22:15:00+00:00,271,19.999999998617568,20.92559646084235,0,0,0
2025-11-12 22:30:00+00:00,271,30.00000000065484,29.725243715984465,0,0,0
2025-11-12 22:45:00+00:00,271,30.00000000065484,29.35499431530275,0,0,0
2025-11-12 23:00:00+00:00,271,29.999999998835847,30.22523107469306,0,0,0
2025-11-12 23:15:00+00:00,271,30.00000000065484,30.186026823287364,0,0,0
2025-11-12 23:30:00+00:00,271,30.00000000065484,30.219125404339863,0,0,0
2025-11-12 23:45:00+00:00,271,29.999999998835847,30.376966481955424,0,0,0
2025-11-13 00:00:00+00:00,271,30.00000000065484,30.25503635506599,0,0,0
2025-11-13 00:15:00+00:00,271,30.00000000065484,30.465097926238418,0,0,0
2025-11-13 00:30:00+00:00,271,39.999999999054126,30.402044760858896,0,0,0
2025-11-13 00:45:00+00:00,271,40.00000000087312,30.320250120934944,0,0,0
2025-11-13 01:00:00+00:00,271,29.999999998835847,30.33011662390086,0,0,0
2025-11-13 01:15:00+00:00,271,30.00000000065484,30.45393075613401,0,0,0
2025-11-13 01:30:00+00:00,271,29.999999998835847,30.27399125769864,0,0,0
2025-11-13 01:45:00+00:00,271,30.00000000065484,30.156299066121363,0,0,0
2025-11-13 02:00:00+00:00,271,30.00000000065484,29.98885276745954,0,0,0
2025-11-13 02:15:00+00:00,271,29.999999998835847,30.136455996377222,0,0,0
2025-11-13 02:30:00+00:00,271,30.00000000065484,30.177083899268204,0,0,0
2025-11-13 02:45:00+00:00,271,30.00000000065484,30.612034072745853,0,0,0
2025-11-13 03:00:00+00:00,271,39.999999999054126,30.723728743628985,0,0,0
2025-11-13 03:15:00+00:00,271,30.00000000065484,30.292696841869493,0,0,0
2025-11-13 03:30:00+00:00,271,39.999999999054126,30.59792006370149,0,0,0
2025-11-13 03:45:00+00:00,271,40.00000000087312,30.264344403819024,0,0,0
2025-11-13 04:00:00+00:00,271,20.00000000043656,30.29465502065194,0,0,0
2025-11-13 04:15:00+00:00,271,39.999999999054126,30.86925511626225,0,0,0
2025-11-13 04:30:00+00:00,271,30.00000000065484,30.30818904125928,0,0,0
2025-11-13 04:45:00+00:00,271,29.999999998835847,30.59217186146914,0,0,0
2025-11-13 05:00:00+00:00,271,30.00000000065484,30.43847779688601,0,0,0
2025-11-13 05:15:00+00:00,271,20.00000000043656,30.510605005782832,0,0,0
2025-11-13 05:30:00+00:00,271,29.999999998835847,30.44727907356411,0,0,0
2025-11-13 05:45:00+00:00,271,20.00000000043656,30.41065940759439,0,0,0
2025-11-13 06:00:00+00:00,271,20.00000000043656,30.427043602402183,0,0,0
2025-11-13 07:00:00+00:00,271,40.00000000087312,29.58206696647481,0,0,0
2025-11-13 07:15:00+00:00,271,30.00000000065484,52.79041768782071,0,0,0
2025-11-13 07:30:00+00:00,271,39.999999999054126,31.083549358825387,0,0,0
2025-11-13 07:45:00+00:00,271,30.00000000065484,30.28967343679923,0,0,0
2025-11-13 08:00:00+00:00,271,39.999999999054126,30.41981575970177,0,0,0
2025-11-13 08:15:00+00:00,271,40.00000000087312,30.074295304954024,0,0,0
2025-11-13 08:30:00+00:00,271,39.999999999054126,30.59395106692201,0,0,0
2025-11-13 08:45:00+00:00,271,30.00000000065484,30.35166711835071,0,0,0
2025-11-13 09:00:00+00:00,271,30.00000000065484,30.30139953965483,0,0,0
2025-11-13 09:15:00+00:00,271,29.999999998835847,30.47285598939117,0,0,0
2025-11-13 09:30:00+00:00,271,30.00000000065484,30.28293561733274,0,0,0
2025-11-13 09:45:00+00:00,271,30.00000000065484,30.105606545402317,0,0,0
2025-11-13 10:00:00+00:00,271,39.999999999054126,29.31370890076781,0,0,0
2025-11-13 10:15:00+00:00,271,30.00000000065484,24.980563605576872,0,0,0
2025-11-13 10:30:00+00:00,271,19.999999998617568,29.622732673892624,0,0,0
2025-11-13 10:45:00+00:00,271,30.00000000065484,26.21188001446872,0,0,0
2025-11-13 11:00:00+00:00,271,20.00000000043656,20.54590214944969,0,0,0
2025-11-13 11:15:00+00:00,271,30.00000000065484,20.680862396101418,0,0,0
2025-11-13 11:30:00+00:00,271,19.999999998617568,20.352319045132987,0,0,0
2025-11-13 11:45:00+00:00,271,20.00000000043656,20.628265292891133,0,0,0
2025-11-13 12:00:00+00:00,271,20.00000000043656,20.287293344821585,0,0,0
2025-11-13 12:15:00+00:00,271,20.00000000043656,20.097219840502557,0,0,0
2025-11-13 12:30:00+00:00,271,19.999999998617568,19.662745334109403,0,0,0
2025-11-13 12:45:00+00:00,271,20.00000000043656,19.323492295665112,0,0,0
2025-11-13 13:00:00+00:00,271,10.00000000021828,19.78775389797525,0,0,0
2025-11-13 13:15:00+00:00,271,20.00000000043656,20.334362373424145,0,0,0
2025-11-13 13:30:00+00:00,271,29.999999998835847,20.31269798685547,0,0,0
2025-11-13 13:45:00+00:00,271,20.00000000043656,19.522193845792444,0,0,0
2025-11-13 14:00:00+00:00,271,20.00000000043656,20.17345099398351,0,0,0
2025-11-13 19:30:00+00:00,271,30.00000000065484,20.284076610272315,1,0,1
2025-11-13 19:45:00+00:00,271,30.00000000065484,20.065196056504156,1,0,1
2025-11-13 20:00:00+00:00,271,9.99999999839929,20.230255406053843,1,0,1
2025-11-13 20:15:00+00:00,271,10.00000000021828,29.23345563275448,1,0,1
2025-11-13 20:30:00+00:00,271,20.00000000043656,20.842542308074947,0,0,0
2025-11-13 20:45:00+00:00,271,10.00000000021828,20.397437551566124,0,0,0
2025-11-13 21:00:00+00:00,271,20.00000000043656,20.543488402191954,0,0,0
2025-11-13 21:15:00+00:00,271,19.999999998617568,19.91441150487246,0,0,0
2025-11-13 21:30:00+00:00,271,10.00000000021828,17.366789325378008,0,0,0
2025-11-13 21:45:00+00:00,271,20.00000000043656,20.00543810595746,0,0,0
2025-11-13 22:00:00+00:00,271,10.00000000021828,19.409495201525736,0,0,0
2025-11-13 22:15:00+00:00,271,10.00000000021828,19.372596069180418,0,0,0
2025-11-13 22:30:00+00:00,271,10.00000000021828,19.251380399994357,0,0,0
2025-11-13 22:45:00+00:00,271,10.00000000021828,19.885764287220333,0,0,0
2025-11-13 23:00:00+00:00,271,19.999999998617568,19.598994459867512,0,0,0
2025-11-13 23:15:00+00:00,271,10.00000000021828,11.176281785659022,0,0,0
2025-11-13 23:30:00+00:00,271,20.00000000043656,19.29985920247108,0,0,0
2025-11-13 23:45:00+00:00,271,10.00000000021828,10.75761818517303,0,0,0
2025-11-14 00:00:00+00:00,271,10.00000000021828,19.713515378035385,0,0,0
2025-11-14 00:15:00+00:00,271,10.00000000021828,11.466804310473222,0,0,0
2025-11-14 00:30:00+00:00,271,10.00000000021828,11.424918808892048,0,0,0
2025-11-14 00:45:00+00:00,271,19.999999998617568,11.987806200719564,0,0,0
2025-11-14 01:00:00+00:00,271,10.00000000021828,10.64927136833731,0,0,0
2025-11-14 01:15:00+00:00,271,20.00000000043656,19.18043613781068,0,0,0
2025-11-14 01:30:00+00:00,271,10.00000000021828,10.729330828333314,0,0,0
2025-11-14 01:45:00+00:00,271,20.00000000043656,18.755229961490468,0,0,0
2025-11-14 02:00:00+00:00,271,19.999999998617568,10.725517835044323,0,0,0
2025-11-14 02:30:00+00:00,271,20.00000000043656,10.51833562890953,0,0,0
2025-11-14 02:45:00+00:00,271,20.00000000043656,11.354355463206629,0,0,0
2025-11-14 03:00:00+00:00,271,19.999999998617568,19.52480379375908,0,0,0
2025-11-14 03:15:00+00:00,271,10.00000000021828,20.057220736956676,0,0,0
2025-11-14 03:30:00+00:00,271,20.00000000043656,20.33094560985945,0,0,0
2025-11-14 03:45:00+00:00,271,20.00000000043656,20.225245109902268,0,0,0
2025-11-14 04:00:00+00:00,271,10.00000000021828,20.02691681966016,0,0,0
2025-11-14 04:15:00+00:00,271,19.999999998617568,20.36987565881101,0,0,0
2025-11-14 04:30:00+00:00,271,20.00000000043656,20.177407548766816,0,0,0
2025-11-14 04:45:00+00:00,271,20.00000000043656,20.155020569343428,0,0,0
2025-11-14 05:00:00+00:00,271,20.00000000043656,20.33126814468335,0,0,0
2025-11-14 05:15:00+00:00,271,19.999999998617568,20.3187849942144,0,0,0
2025-11-14 05:30:00+00:00,271,20.00000000043656,20.10115246837014,0,0,0
2025-11-14 05:45:00+00:00,271,20.00000000043656,20.2978719127993,0,0,0
2025-11-14 06:00:00+00:00,271,20.00000000043656,20.283042967513254,0,0,0
2025-11-14 06:15:00+00:00,271,29.999999998835847,20.211377069551496,0,0,0
2025-11-14 06:30:00+00:00,271,100.0000000003638,29.04687306543886,0,0,0
2025-11-14 06:45:00+00:00,271,90.00000000014552,72.24987197761885,0,0,0
2025-11-14 07:00:00+00:00,271,49.9999999992724,49.51530529250097,0,0,0
2025-11-14 07:15:00+00:00,271,40.00000000087312,42.443888153366025,0,0,0
2025-11-14 07:30:00+00:00,271,30.00000000065484,39.72419412386294,0,0,0
2025-11-14 07:45:00+00:00,271,39.999999999054126,39.587603975712426,0,0,0
2025-11-14 08:00:00+00:00,271,30.00000000065484,39.43674381502706,0,0,0
2025-11-14 08:15:00+00:00,271,39.999999999054126,39.79342904718764,0,0,0
2025-11-14 08:30:00+00:00,271,40.00000000087312,39.76556854652435,0,0,0
2025-11-14 08:45:00+00:00,271,39.999999999054126,39.54211029524082,0,0,0
2025-11-14 09:00:00+00:00,271,50.000000001091394,39.3834021061996,0,0,0
2025-11-14 09:15:00+00:00,271,29.999999998835847,39.360097290289225,0,0,0
2025-11-14 09:30:00+00:00,271,40.00000000087312,39.334669678416255,0,0,0
2025-11-14 09:45:00+00:00,271,39.999999999054126,30.9139745217412,0,0,0
2025-11-14 10:00:00+00:00,271,40.00000000087312,30.82760792676164,0,0,0
2025-11-14 10:15:00+00:00,271,39.999999999054126,30.62083152111744,0,0,0
2025-11-14 10:30:00+00:00,271,30.00000000065484,37.77770028997484,0,0,0
2025-11-14 10:45:00+00:00,271,40.00000000087312,39.26880749313131,0,0,0
2025-11-14 11:00:00+00:00,271,39.999999999054126,30.830452358502324,0,0,0
2025-11-14 11:15:00+00:00,271,30.00000000065484,35.796753611604544,0,0,0
2025-11-14 11:30:00+00:00,271,39.999999999054126,30.742632921200308,0,0,0
2025-11-14 11:45:00+00:00,271,30.00000000065484,30.454550941789453,0,0,0
2025-11-14 12:00:00+00:00,271,30.00000000065484,30.789663666737717,0,0,0
2025-11-14 12:15:00+00:00,271,39.999999999054126,30.39306451085121,0,0,0
2025-11-14 12:30:00+00:00,271,30.00000000065484,30.34974148017364,0,0,0
2025-11-14 12:45:00+00:00,271,29.999999998835847,30.47603922625844,0,0,0
2025-11-14 13:00:00+00:00,271,30.00000000065484,30.540605529788028,0,0,0
2025-11-14 13:15:00+00:00,271,30.00000000065484,30.514161502535316,0,0,0
2025-11-14 13:30:00+00:00,271,29.999999998835847,30.10542422230453,0,0,0
2025-11-14 13:45:00+00:00,271,40.00000000087312,30.234823375204837,0,0,0
2025-11-14 14:00:00+00:00,271,29.999999998835847,29.97071520826786,0,0,0
2025-11-14 14:15:00+00:00,271,40.00000000087312,30.27364671011228,0,0,0
2025-11-14 14:30:00+00:00,271,30.00000000065484,30.27260110389536,0,0,0
2025-11-14 14:45:00+00:00,271,29.999999998835847,30.461986470118312,0,0,0
2025-11-14 15:00:00+00:00,271,30.00000000065484,30.515290852957254,0,0,0
2025-11-14 15:15:00+00:00,271,39.999999999054126,30.676009859995503,0,0,0
2025-11-14 15:30:00+00:00,271,30.00000000065484,30.25154350390932,0,0,0
2025-11-14 15:45:00+00:00,271,30.00000000065484,30.835473182496813,0,0,0
2025-11-14 16:00:00+00:00,271,39.999999999054126,30.70685356851064,0,0,0
2025-11-14 16:15:00+00:00,271,30.00000000065484,30.361053168848983,0,0,0
2025-11-14 16:30:00+00:00,271,30.00000000065484,35.86201379568999,0,0,0
2025-11-14 16:45:00+00:00,271,39.999999999054126,30.99430196319325,0,0,0
2025-11-14 17:00:00+00:00,271,30.00000000065484,31.485808665894385,0,0,0
2025-11-14 17:15:00+00:00,271,39.999999999054126,39.30178835375848,0,0,0
2025-11-14 17:30:00+00:00,271,30.00000000065484,38.65483135086044,0,0,0
2025-11-14 17:45:00+00:00,271,39.999999999054126,39.36041886803649,0,0,0
2025-11-14 18:00:00+00:00,271,30.00000000065484,38.84572602692696,0,0,0
2025-11-14 18:15:00+00:00,271,40.00000000087312,39.441684244584735,0,0,0
2025-11-14 18:30:00+00:00,271,39.999999999054126,39.34450268370016,0,0,0
2025-11-14 18:45:00+00:00,271,40.00000000087312,39.365675132881655,0,0,0
2025-11-14 19:00:00+00:00,271,29.999999998835847,39.40044764095786,0,0,0
2025-11-14 19:15:00+00:00,271,40.00000000087312,39.289985684772574,0,0,0
2025-11-14 19:30:00+00:00,271,29.999999998835847,30.20731220751105,0,0,0
2025-11-14 19:45:00+00:00,271,40.00000000087312,29.285428243464494,0,0,0
2025-11-14 20:00:00+00:00,271,20.00000000043656,29.04575089309164,0,0,0
2025-11-14 20:15:00+00:00,271,19.999999998617568,26.919274492319868,0,0,0
2025-11-14 20:30:00+00:00,271,30.00000000065484,21.10891970369872,0,0,0
2025-11-14 20:45:00+00:00,271,30.00000000065484,20.76426013937855,0,0,0
2025-11-14 21:00:00+00:00,271,19.999999998617568,23.46561083821477,0,0,0
2025-11-14 21:15:00+00:00,271,30.00000000065484,29.322204391463025,0,0,0
2025-11-14 21:30:00+00:00,271,30.00000000065484,29.599387182225527,0,0,0
2025-11-14 21:45:00+00:00,271,19.999999998617568,28.7076243338394,0,0,0
2025-11-14 22:00:00+00:00,271,20.00000000043656,29.74483028919209,0,0,0
2025-11-14 22:15:00+00:00,271,20.00000000043656,29.07610122860465,0,0,0
2025-11-14 22:30:00+00:00,271,20.00000000043656,29.083153926282,0,0,0
2025-11-14 22:45:00+00:00,271,29.999999998835847,29.53906647062113,0,0,0
2025-11-14 23:00:00+00:00,271,20.00000000043656,29.62349354981249,0,0,0
2025-11-14 23:15:00+00:00,271,30.00000000065484,30.164824226192067,0,0,0
2025-11-14 23:30:00+00:00,271,20.00000000043656,30.276919433644338,0,0,0
2025-11-14 23:45:00+00:00,271,29.999999998835847,30.38734597799436,0,0,0
2025-11-15 00:00:00+00:00,271,20.00000000043656,30.07094410113841,0,0,0
2025-11-15 00:15:00+00:00,271,30.00000000065484,30.303986517782377,0,0,0
2025-11-15 00:30:00+00:00,271,29.999999998835847,29.9544851027973,0,0,0
2025-11-15 00:45:00+00:00,271,40.00000000087312,30.13500506820802,0,0,0
2025-11-15 01:00:00+00:00,271,29.999999998835847,30.07433310948086,0,0,0
2025-11-15 01:15:00+00:00,271,30.00000000065484,30.20695761062009,0,0,0
2025-11-15 01:30:00+00:00,271,20.00000000043656,30.51232200125483,0,0,0
2025-11-15 01:45:00+00:00,271,29.999999998835847,30.625859044648333,0,0,0
2025-11-15 02:00:00+00:00,271,30.00000000065484,30.43021726850316,0,0,0
2025-11-15 02:15:00+00:00,271,30.00000000065484,30.24280539428872,0,0,0
2025-11-15 02:30:00+00:00,271,29.999999998835847,30.533793058344497,0,0,0
2025-11-15 02:45:00+00:00,271,30.00000000065484,30.74872088563587,0,0,0
2025-11-15 03:00:00+00:00,271,30.00000000065484,34.082910750019245,0,0,0
2025-11-15 03:15:00+00:00,271,29.999999998835847,30.881640644915077,0,0,0
2025-11-15 03:30:00+00:00,271,40.00000000087312,30.89402330233801,0,0,0
2025-11-15 03:45:00+00:00,271,29.999999998835847,30.125090232872356,0,0,0
2025-11-15 04:00:00+00:00,271,30.00000000065484,30.4605154433399,0,0,0
2025-11-15 04:15:00+00:00,271,30.00000000065484,30.319577296064924,0,0,0
2025-11-15 04:30:00+00:00,271,29.999999998835847,30.6239113937088,0,0,0
2025-11-15 07:15:00+00:00,271,30.00000000065484,30.567956865684813,0,0,0
2025-11-15 07:30:00+00:00,271,39.999999999054126,31.042385493022294,0,0,0
2025-11-15 07:45:00+00:00,271,30.00000000065484,30.926220317206216,0,0,0
2025-11-15 08:00:00+00:00,271,39.999999999054126,37.79075002980802,0,0,0
2025-11-15 08:15:00+00:00,271,30.00000000065484,30.54085341263488,0,0,0
2025-11-15 08:30:00+00:00,271,69.99999999970896,38.2311813811386,0,0,0
2025-11-15 08:45:00+00:00,271,60.00000000130967,69.60826391610325,0,0,0
2025-11-15 09:00:00+00:00,271,59.99999999949068,56.43456351796532,0,0,0
2025-11-15 09:15:00+00:00,271,49.9999999992724,48.63640651108204,0,0,0
2025-11-15 09:30:00+00:00,271,40.00000000087312,48.38996693578865,0,0,0
2025-11-15 09:45:00+00:00,271,39.999999999054126,47.20375850548702,0,0,0
2025-11-15 10:00:00+00:00,271,50.000000001091394,44.040850902893546,0,0,0
2025-11-15 10:15:00+00:00,271,39.999999999054126,40.57534151135425,0,0,0
2025-11-15 10:30:00+00:00,271,50.000000001091394,47.49405516021684,0,0,0
2025-11-15 10:45:00+00:00,271,39.999999999054126,40.01357581333565,0,0,0
2025-11-15 11:00:00+00:00,271,50.000000001091394,40.37705628956044,0,0,0
2025-11-15 11:15:00+00:00,271,39.999999999054126,39.71886129288747,0,0,0
2025-11-15 11:30:00+00:00,271,40.00000000087312,40.60848698916157,0,0,0
2025-11-15 11:45:00+00:00,271,49.9999999992724,39.88054599024414,0,0,0
2025-11-15 12:00:00+00:00,271,39.999999999054126,39.76377307076879,0,0,0
2025-11-15 12:15:00+00:00,271,40.00000000087312,40.12123736330518,0,0,0
2025-11-15 12:30:00+00:00,271,40.00000000087312,40.23299328709255,0,0,0
2025-11-15 12:45:00+00:00,271,39.999999999054126,40.32243784051021,0,0,0
2025-11-15 13:00:00+00:00,271,40.00000000087312,40.022130164243535,0,0,0
2025-11-15 13:15:00+00:00,271,39.999999999054126,40.042873843095336,0,0,0
2025-11-15 13:30:00+00:00,271,40.00000000087312,40.161155115337614,0,0,0
2025-11-15 13:45:00+00:00,271,39.999999999054126,39.89049001641698,0,0,0
2025-11-15 14:00:00+00:00,271,40.00000000087312,39.97509941870613,0,0,0
2025-11-15 22:00:00+00:00,271,39.999999999054126,39.75854168991597,0,0,0
2025-11-15 22:15:00+00:00,271,40.00000000087312,39.666382867179145,0,0,0
2025-11-15 22:30:00+00:00,271,39.999999999054126,30.682073897515345,0,0,0
2025-11-15 22:45:00+00:00,271,40.00000000087312,35.51532522891684,0,0,0
2025-11-15 23:00:00+00:00,271,39.999999999054126,39.6115442905043,0,0,0
2025-11-15 23:15:00+00:00,271,40.00000000087312,39.62195345591872,0,0,0
2025-11-15 23:30:00+00:00,271,39.999999999054126,39.64004794666211,0,0,0
2025-11-15 23:45:00+00:00,271,40.00000000087312,39.54947212866926,0,0,0
2025-11-16 00:00:00+00:00,271,39.999999999054126,39.79795219133517,0,0,0
2025-11-16 00:15:00+00:00,271,50.000000001091394,40.636217327403344,1,0,1
2025-11-16 00:30:00+00:00,271,49.9999999992724,40.07942268539453,1,0,1
2025-11-16 00:45:00+00:00,271,49.9999999992724,40.33947380450218,1,0,1
2025-11-16 01:00:00+00:00,271,0.0,41.23225019703817,1,0,1
2025-11-16 01:15:00+00:00,271,0.0,44.535814566377766,1,0,1
2025-11-16 01:30:00+00:00,271,0.0,13.978502618707068,0,0,0
2025-11-16 01:45:00+00:00,271,0.0,10.709622706393834,0,0,0
2025-11-16 02:00:00+00:00,271,0.0,13.10952297946864,0,0,0
2025-11-16 02:15:00+00:00,271,0.0,11.882164082436727,0,0,0
2025-11-16 02:30:00+00:00,271,0.0,7.596857305457867,0,0,0
2025-11-16 02:45:00+00:00,271,0.0,6.0891668355548205,0,0,0
2025-11-16 03:00:00+00:00,271,0.0,4.418765682149068,0,0,0
2025-11-16 03:15:00+00:00,271,0.0,2.535349897632845,0,0,0
2025-11-16 03:30:00+00:00,271,0.0,2.1678784118661127,0,0,0
2025-11-16 03:45:00+00:00,271,0.0,2.3502244794845133,0,0,0
2025-11-16 04:00:00+00:00,271,0.0,2.450774950102332,0,0,0
2025-11-16 04:15:00+00:00,271,0.0,2.177311359119201,0,0,0
2025-11-16 04:30:00+00:00,271,0.0,1.7945534454378702,0,0,0
2025-11-16 04:45:00+00:00,271,0.0,1.4096937914797785,0,0,0
2025-11-16 05:00:00+00:00,271,0.0,1.2278875150800026,0,0,0
2025-11-16 05:15:00+00:00,271,0.0,0.7962727536535894,0,0,0
2025-11-16 05:30:00+00:00,271,0.0,0.8795805317276191,0,0,0
2025-11-16 05:45:00+00:00,271,0.0,0.9127681209065948,0,0,0
2025-11-16 06:00:00+00:00,271,0.0,1.0128668513556391,0,0,0
2025-11-16 06:15:00+00:00,271,0.0,1.0847547910952675,0,0,0
2025-11-16 06:30:00+00:00,271,1020.0000000004366,1.236015009811453,0,0,0
2025-11-16 06:45:00+00:00,271,50.000000001091394,76.65895556084234,0,0,0
2025-11-16 07:00:00+00:00,271,59.99999999949068,82.69733194211297,0,0,0
2025-11-16 07:15:00+00:00,271,39.999999999054126,85.88734108360312,0,0,0
2025-11-16 07:30:00+00:00,271,50.000000001091394,87.71501289695368,0,0,0
2025-11-16 07:45:00+00:00,271,59.99999999949068,87.43136601064052,0,0,0
2025-11-16 08:00:00+00:00,271,49.9999999992724,87.35813050700759,0,0,0
2025-11-16 08:15:00+00:00,271,40.00000000087312,87.1534539274869,0,0,0
2025-11-16 08:30:00+00:00,271,49.9999999992724,85.8525647472204,0,0,0
2025-11-16 08:45:00+00:00,271,50.000000001091394,82.32915221964095,0,0,0
2025-11-16 09:00:00+00:00,271,49.9999999992724,81.36291062508113,0,0,0
2025-11-16 09:15:00+00:00,271,50.000000001091394,80.89427996796068,0,0,0
2025-11-16 09:30:00+00:00,271,49.9999999992724,80.14275277260403,0,0,0
2025-11-16 09:45:00+00:00,271,49.9999999992724,79.83648825139994,0,0,0
2025-11-16 10:00:00+00:00,271,50.000000001091394,80.28258549637279,0,0,0
2025-11-16 10:15:00+00:00,271,49.9999999992724,80.66293923356267,0,0,0
2025-11-16 10:30:00+00:00,271,50.000000001091394,79.17695908990648,0,0,0
2025-11-16 10:45:00+00:00,271,49.9999999992724,78.29221831274558,0,0,0
2025-11-16 11:00:00+00:00,271,49.9999999992724,78.4940006925409,0,0,0
2025-11-16 11:15:00+00:00,271,50.000000001091394,78.40021483953517,0,0,0
2025-11-16 11:30:00+00:00,271,59.99999999949068,77.5516247607959,0,0,0
2025-11-16 11:45:00+00:00,271,49.9999999992724,76.59921866598148,0,0,0
2025-11-16 12:00:00+00:00,271,50.000000001091394,75.40795687107999,0,0,0
2025-11-16 12:15:00+00:00,271,49.9999999992724,16.37598435914099,0,0,0
2025-11-16 12:30:00+00:00,271,50.000000001091394,4.238192120447138,0,0,0
2025-11-16 12:45:00+00:00,271,49.9999999992724,70.38358020814445,0,0,0
2025-11-16 13:00:00+00:00,271,59.99999999949068,92.25022386662204,0,0,0
2025-11-16 13:15:00+00:00,271,50.000000001091394,93.2853290387746,0,0,0
2025-11-16 13:30:00+00:00,271,49.9999999992724,29.56079211009404,0,0,0
2025-11-16 13:45:00+00:00,271,40.00000000087312,83.22440552649218,0,0,0
2025-11-16 14:00:00+00:00,271,59.99999999949068,79.92673292087925,0,0,0
2025-11-16 14:15:00+00:00,271,49.9999999992724,2.858623584683308,0,0,0
2025-11-16 14:30:00+00:00,271,60.00000000130967,3.603504839929837,0,0,0
2025-11-16 14:45:00+00:00,271,49.9999999992724,72.41639565441054,0,0,0
2025-11-16 15:00:00+00:00,271,49.9999999992724,85.14301876110778,0,0,0
2025-11-16 15:15:00+00:00,271,60.00000000130967,89.9805664094958,0,0,0
2025-11-16 15:30:00+00:00,271,59.99999999949068,24.67617112625864,0,0,0
2025-11-16 15:45:00+00:00,271,49.9999999992724,77.5046973795344,0,0,0
2025-11-16 16:00:00+00:00,271,60.00000000130967,53.442573530966186,0,0,0
2025-11-16 16:15:00+00:00,271,49.9999999992724,10.214572906013023,0,0,0
2025-11-16 16:30:00+00:00,271,49.9999999992724,9.12543118740052,0,0,0
2025-11-16 16:45:00+00:00,271,60.00000000130967,72.23279773056171,0,0,0
2025-11-16 17:00:00+00:00,271,49.9999999992724,68.29213807590685,0,0,0
2025-11-16 17:15:00+00:00,271,59.99999999949068,73.35883283905977,0,0,0
2025-11-16 17:30:00+00:00,271,60.00000000130967,49.669834884981,0,0,0
2025-11-16 17:45:00+00:00,271,49.9999999992724,69.2608029884907,0,0,0
2025-11-16 18:00:00+00:00,271,49.9999999992724,50.45077878759932,0,0,0
2025-11-16 18:15:00+00:00,271,50.000000001091394,60.39741203718141,0,0,0
2025-11-16 18:30:00+00:00,271,59.99999999949068,49.40626746633928,0,0,0
2025-11-16 18:45:00+00:00,271,50.000000001091394,64.11159673501888,0,0,0
2025-11-16 19:00:00+00:00,271,59.99999999949068,63.67887559300962,0,0,0
2025-11-16 19:15:00+00:00,271,49.9999999992724,60.148886034837325,0,0,0
2025-11-16 19:30:00+00:00,271,60.00000000130967,56.28743404197887,0,0,0
2025-11-16 19:45:00+00:00,271,49.9999999992724,55.35829639416292,0,0,0
2025-11-16 20:00:00+00:00,271,59.99999999949068,52.22212855550045,0,0,0
2025-11-16 20:15:00+00:00,271,59.99999999949068,57.79460003388935,0,0,0
2025-11-16 20:30:00+00:00,271,70.00000000152795,52.40330698963176,0,0,0
2025-11-16 20:45:00+00:00,271,59.99999999949068,62.842742823670335,0,0,0
2025-11-16 21:00:00+00:00,271,59.99999999949068,64.94205212579635,0,0,0
2025-11-16 21:15:00+00:00,271,59.99999999949068,68.6939762692592,0,0,0
2025-11-16 21:30:00+00:00,271,70.00000000152795,65.66420855356954,0,0,0
2025-11-16 21:45:00+00:00,271,69.99999999970896,65.36579588902782,0,0,0
2025-11-16 22:00:00+00:00,271,69.99999999970896,53.46380531889865,0,0,0
2025-11-16 22:15:00+00:00,271,59.99999999949068,60.351947069008666,0,0,0
2025-11-16 22:30:00+00:00,271,69.99999999970896,62.01563337278702,0,0,0
2025-11-16 22:45:00+00:00,271,70.00000000152795,67.71152179660814,0,0,0
2025-11-16 23:00:00+00:00,271,69.99999999970896,66.46693552025849,0,0,0
2025-11-16 23:15:00+00:00,271,69.99999999970896,69.97257322068856,0,0,0
2025-11-16 23:30:00+00:00,271,69.99999999970896,67.69681727128382,0,0,0
2025-11-16 23:45:00+00:00,271,69.99999999970896,74.1078103822774,0,0,0
2025-11-17 00:00:00+00:00,271,69.99999999970896,68.92544333777222,0,0,0
2025-11-17 00:15:00+00:00,271,79.99999999992724,76.11608255547551,0,0,0
2025-11-17 00:30:00+00:00,271,79.99999999992724,72.38122117415026,0,0,0
2025-11-17 00:45:00+00:00,271,70.00000000152795,82.46887392252077,0,0,0
2025-11-17 01:00:00+00:00,271,79.99999999992724,76.71642609824629,0,0,0
2025-11-17 01:15:00+00:00,271,69.99999999970896,78.48880950890648,0,0,0
2025-11-17 01:30:00+00:00,271,69.99999999970896,71.45062494155208,0,0,0
2025-11-17 01:45:00+00:00,271,79.99999999992724,79.94587828176101,0,0,0
2025-11-17 02:00:00+00:00,271,79.99999999992724,66.801410832172,0,0,0
2025-11-17 02:15:00+00:00,271,59.99999999949068,71.5362220469221,0,0,0
2025-11-17 02:30:00+00:00,271,69.99999999970896,72.19353844724986,0,0,0
2025-11-17 02:45:00+00:00,271,70.00000000152795,75.23892182521442,0,0,0
2025-11-17 03:00:00+00:00,271,69.99999999970896,70.89826922094747,0,0,0
2025-11-17 03:15:00+00:00,271,69.99999999970896,75.07616903034005,0,0,0
2025-11-17 03:30:00+00:00,271,69.99999999970896,70.04490141567742,0,0,0
2025-11-17 03:45:00+00:00,271,59.99999999949068,74.04666084231249,0,0,0
2025-11-17 04:00:00+00:00,271,70.00000000152795,70.82218162896082,0,0,0
2025-11-17 04:15:00+00:00,271,59.99999999949068,72.9009788647792,0,0,0
2025-11-17 07:00:00+00:00,271,90.00000000014552,70.96881342510031,0,0,0
2025-11-17 07:15:00+00:00,271,79.99999999992724,86.81902838355808,0,0,0
2025-11-17 07:30:00+00:00,271,69.99999999970896,85.96466904690064,0,0,0
2025-11-17 07:45:00+00:00,271,79.99999999992724,82.60587752777491,0,0,0
2025-11-17 08:00:00+00:00,271,79.99999999992724,77.32061326075818,0,0,0
2025-11-17 08:15:00+00:00,271,69.99999999970896,82.12986206738694,0,0,0
2025-11-17 08:30:00+00:00,271,79.99999999992724,78.31874847689488,0,0,0
2025-11-17 08:45:00+00:00,271,79.99999999992724,81.66590960082789,0,0,0
2025-11-17 09:00:00+00:00,271,79.99999999992724,76.15210691978214,0,0,0
2025-11-17 09:15:00+00:00,271,70.00000000152795,77.50282916595506,0,0,0
2025-11-17 09:30:00+00:00,271,79.99999999992724,73.55971173851754,0,0,0
2025-11-17 09:45:00+00:00,271,69.99999999970896,68.49152393582375,0,0,0
2025-11-17 10:00:00+00:00,271,69.99999999970896,71.118293481287,0,0,0
2025-11-17 10:15:00+00:00,271,79.99999999992724,77.68808091821839,0,0,0
2025-11-17 10:30:00+00:00,271,69.99999999970896,79.19773148105715,1,0,1
2025-11-17 10:45:00+00:00,271,69.99999999970896,82.16723782389337,1,0,1
2025-11-17 11:00:00+00:00,271,20.00000000043656,74.6542360560902,1,0,1
2025-11-17 11:15:00+00:00,271,129.99999999919964,76.72633375550724,1,0,1
2025-11-17 11:30:00+00:00,271,79.99999999992724,66.2630743700255,0,0,0
2025-11-17 11:45:00+00:00,271,70.00000000152795,73.86965143397607,0,0,0
2025-11-17 12:00:00+00:00,271,79.99999999992724,72.76682734787877,0,0,0
2025-11-17 12:15:00+00:00,271,69.99999999970896,79.00625490240034,0,0,0
2025-11-17 12:30:00+00:00,271,69.99999999970896,76.05990215736713,0,0,0
2025-11-17 12:45:00+00:00,271,69.99999999970896,77.76076514571315,0,0,0
2025-11-17 13:00:00+00:00,271,59.99999999949068,69.79897483345704,0,0,0
2025-11-17 13:15:00+00:00,271,79.99999999992724,73.49143772012812,0,0,0
2025-11-17 13:30:00+00:00,271,60.00000000130967,69.53309128937371,0,0,0
2025-11-17 13:45:00+00:00,271,59.99999999949068,69.18691667275021,0,0,0
2025-11-17 14:00:00+00:00,271,69.99999999970896,63.18649029396329,0,0,0
2025-11-17 14:15:00+00:00,271,69.99999999970896,67.65316692039922,0,0,0
2025-11-17 14:30:00+00:00,271,70.00000000152795,67.65019232623702,0,0,0
2025-11-17 14:45:00+00:00,271,59.99999999949068,70.57827256427389,0,0,0
2025-11-17 15:00:00+00:00,271,59.99999999949068,66.84450607861193,0,0,0
2025-11-17 15:15:00+00:00,271,79.99999999992724,69.26446284951909,0,0,0
2025-11-17 15:30:00+00:00,271,79.99999999992724,69.35749069783483,0,0,0
2025-11-17 15:45:00+00:00,271,69.99999999970896,70.63101897143827,0,0,0
2025-11-17 16:00:00+00:00,271,79.99999999992724,71.40143503114018,0,0,0
2025-11-17 16:15:00+00:00,271,79.99999999992724,73.70129399836367,0,0,0
2025-11-17 16:30:00+00:00,271,90.00000000014552,74.39931295355946,0,0,0
2025-11-17 16:45:00+00:00,271,79.99999999992724,76.02200192286813,0,0,0
2025-11-17 17:00:00+00:00,271,70.00000000152795,77.75587256998692,0,0,0
2025-11-17 17:15:00+00:00,271,89.99999999832653,79.93165995136411,0,0,0
2025-11-17 17:30:00+00:00,271,79.99999999992724,80.44650592473425,0,0,0
2025-11-17 17:45:00+00:00,271,80.00000000174623,82.34476022530282,0,0,0
2025-11-17 18:00:00+00:00,271,89.99999999832653,80.46348063582198,0,0,0
2025-11-17 18:15:00+00:00,271,79.99999999992724,82.39792774618384,0,0,0
2025-11-17 18:30:00+00:00,271,80.00000000174623,82.68941500423983,0,0,0
2025-11-17 18:45:00+00:00,271,69.99999999970896,84.28241545652429,0,0,0
2025-11-17 19:00:00+00:00,271,90.00000000014552,81.4645674762818,0,0,0
2025-11-17 19:15:00+00:00,271,79.99999999992724,80.11198850144908,0,0,0
2025-11-17 19:30:00+00:00,271,79.99999999992724,82.8609652474858,0,0,0
2025-11-17 22:00:00+00:00,271,69.99999999970896,66.38797287007905,0,0,0
2025-11-17 22:15:00+00:00,271,59.99999999949068,63.8196041405029,0,0,0
2025-11-17 22:30:00+00:00,271,69.99999999970896,63.63059681954832,0,0,0
2025-11-17 22:45:00+00:00,271,69.99999999970896,67.6704364110886,0,0,0
2025-11-17 23:00:00+00:00,271,79.99999999992724,71.20845775632948,0,0,0
2025-11-17 23:15:00+00:00,271,70.00000000152795,72.18572104534613,0,0,0
2025-11-17 23:30:00+00:00,271,69.99999999970896,75.4751091956605,0,0,0
2025-11-17 23:45:00+00:00,271,69.99999999970896,75.78480387950208,0,0,0
2025-11-18 00:00:00+00:00,271,79.99999999992724,73.79192149849447,0,0,0
2025-11-18 00:15:00+00:00,271,79.99999999992724,71.49592529254467,0,0,0
2025-11-18 00:30:00+00:00,271,79.99999999992724,74.4677209626769,0,0,0
2025-11-18 00:45:00+00:00,271,79.99999999992724,77.67334959474847,0,0,0
2025-11-18 01:00:00+00:00,271,69.99999999970896,77.78620041419914,0,0,0
2025-11-18 01:15:00+00:00,271,90.00000000014552,77.71448091994618,0,0,0
2025-11-18 01:30:00+00:00,271,69.99999999970896,75.37349445583149,0,0,0
2025-11-18 01:45:00+00:00,271,79.99999999992724,81.07592162718032,0,0,0
2025-11-18 02:00:00+00:00,271,79.99999999992724,75.89117337602278,0,0,0
2025-11-18 05:15:00+00:00,271,69.99999999970896,78.43827586290782,0,0,0
2025-11-18 05:30:00+00:00,271,90.00000000014552,80.75869666442364,0,0,0
2025-11-18 05:45:00+00:00,271,79.99999999992724,81.31819600498534,0,0,0
2025-11-18 06:00:00+00:00,271,79.99999999992724,82.97182534754864,0,0,0
2025-11-18 06:15:00+00:00,271,90.00000000014552,81.24514426006513,0,0,0
2025-11-18 06:30:00+00:00,271,119.99999999898137,82.67467985246341,0,0,0
2025-11-18 06:45:00+00:00,271,120.00000000080036,109.31480062149312,0,0,0
2025-11-18 07:00:00+00:00,271,90.00000000014552,101.40905671661736,0,0,0
2025-11-18 07:15:00+00:00,271,90.00000000014552,93.6991077201474,0,0,0
2025-11-18 07:30:00+00:00,271,90.00000000014552,95.03739945506594,0,0,0
2025-11-18 07:45:00+00:00,271,99.9999999985448,96.64956823807124,0,0,0
2025-11-18 08:00:00+00:00,271,100.0000000003638,95.15095468291538,0,0,0
2025-11-18 08:15:00+00:00,271,79.99999999992724,95.38570643841832,0,0,0
2025-11-18 08:30:00+00:00,271,90.00000000014552,97.06885968082572,0,0,0
2025-11-18 08:45:00+00:00,271,79.99999999992724,92.68476728253248,0,0,0
2025-11-18 09:00:00+00:00,271,90.00000000014552,91.80980017190451,0,0,0
2025-11-18 09:15:00+00:00,271,79.99999999992724,86.31324401170907,0,0,0
2025-11-18 09:30:00+00:00,271,90.00000000014552,86.84389706267986,0,0,0
2025-11-18 09:45:00+00:00,271,79.99999999992724,80.61997797785077,0,0,0
2025-11-18 10:00:00+00:00,271,79.99999999992724,82.5709518874381,0,0,0
2025-11-18 10:15:00+00:00,271,79.99999999992724,78.08917259180029,0,0,0
2025-11-18 10:30:00+00:00,271,79.99999999992724,79.33900747638208,0,0,0
2025-11-18 10:45:00+00:00,271,69.99999999970896,78.59009118606868,0,0,0
2025-11-18 11:00:00+00:00,271,80.00000000174623,77.86927849388228,0,0,0
2025-11-18 11:15:00+00:00,271,69.99999999970896,73.69727810482938,0,0,0
2025-11-18 11:30:00+00:00,271,79.99999999992724,76.75207911682097,0,0,0
2025-11-18 11:45:00+00:00,271,79.99999999992724,74.10333509196131,0,0,0
2025-11-18 12:00:00+00:00,271,79.99999999992724,76.9409715885801,0,0,0
2025-11-18 12:15:00+00:00,271,79.99999999992724,75.64442370790167,0,0,0
2025-11-18 12:30:00+00:00,271,79.99999999992724,76.5240843223171,0,0,0
2025-11-18 12:45:00+00:00,271,79.99999999992724,75.65590862744682,0,0,0
2025-11-18 13:00:00+00:00,271,79.99999999992724,75.3542419023673,0,0,0
2025-11-18 13:15:00+00:00,271,69.99999999970896,76.20430587911487,0,0,0
2025-11-18 13:30:00+00:00,271,79.99999999992724,77.2711477122772,0,0,0
2025-11-18 13:45:00+00:00,271,69.99999999970896,75.44355629336344,0,0,0
2025-11-18 14:00:00+00:00,271,79.99999999992724,77.3406123339928,0,0,0
2025-11-18 14:15:00+00:00,271,70.00000000152795,74.45405773672469,0,0,0
2025-11-18 14:30:00+00:00,271,69.99999999970896,76.43079614915833,0,0,0
2025-11-18 14:45:00+00:00,271,79.99999999992724,74.25867628542254,0,0,0
2025-11-18 15:00:00+00:00,271,79.99999999992724,73.68108436827072,0,0,0
2025-11-18 15:15:00+00:00,271,69.99999999970896,74.02988520316354,0,0,0
2025-11-18 15:30:00+00:00,271,79.99999999992724,75.39128076790043,0,0,0
2025-11-18 15:45:00+00:00,271,69.99999999970896,74.11702511605914,0,0,0
2025-11-18 16:00:00+00:00,271,69.99999999970896,76.95657959424196,0,0,0
2025-11-18 16:15:00+00:00,271,79.99999999992724,76.0327250094168,0,0,0
2025-11-18 16:30:00+00:00,271,69.99999999970896,75.59556686015658,0,0,0
2025-11-18 16:45:00+00:00,271,80.00000000174623,78.37370764522495,0,0,0
2025-11-18 17:00:00+00:00,271,79.99999999992724,76.0189660758017,0,0,0
2025-11-18 17:15:00+00:00,271,69.99999999970896,77.66465933895931,0,0,0
2025-11-18 17:30:00+00:00,271,79.99999999992724,78.59476937663007,0,0,0
2025-11-18 17:45:00+00:00,271,69.99999999970896,78.23469800735694,0,0,0
2025-11-18 18:00:00+00:00,271,79.99999999992724,79.1043246303964,0,0,0
2025-11-18 18:15:00+00:00,271,90.00000000014552,78.232550327402,0,0,0
2025-11-18 18:30:00+00:00,271,90.00000000014552,79.41619379233853,0,0,0
2025-11-18 18:45:00+00:00,271,79.99999999992724,80.9252892507326,0,0,0
2025-11-18 19:00:00+00:00,271,79.99999999992724,82.82820260032999,0,0,0
2025-11-18 19:15:00+00:00,271,79.99999999992724,81.76528095303907,0,0,0
2025-11-18 19:30:00+00:00,271,79.99999999992724,83.18611863303515,0,0,0
2025-11-18 19:45:00+00:00,271,69.99999999970896,66.3063878299368,0,0,0
2025-11-18 20:00:00+00:00,271,50.000000001091394,63.672918748072206,0,0,0
2025-11-18 20:15:00+00:00,271,69.99999999970896,61.93574810073744,0,0,0
2025-11-18 20:30:00+00:00,271,59.99999999949068,64.13738420770427,0,0,0
2025-11-18 20:45:00+00:00,271,69.99999999970896,69.17589114998687,0,0,0
2025-11-18 21:00:00+00:00,271,69.99999999970896,71.75605106362937,0,0,0
2025-11-18 21:15:00+00:00,271,79.99999999992724,74.61749962677177,0,0,0
2025-11-18 21:30:00+00:00,271,69.99999999970896,71.06511830379294,0,0,0
2025-11-18 21:45:00+00:00,271,70.00000000152795,69.0019214170234,0,0,0
2025-11-18 22:00:00+00:00,271,69.99999999970896,63.18397126827638,0,0,0
2025-11-18 22:15:00+00:00,271,59.99999999949068,64.41983666238474,0,0,0
2025-11-18 22:30:00+00:00,271,79.99999999992724,69.29926981235393,0,0,0
2025-11-18 22:45:00+00:00,271,59.99999999949068,67.11373556258941,0,0,0
2025-11-18 23:00:00+00:00,271,70.00000000152795,74.09177360628586,0,0,0
2025-11-18 23:15:00+00:00,271,69.99999999970896,67.97782645440813,0,0,0
2025-11-18 23:30:00+00:00,271,69.99999999970896,70.78610366836298,0,0,0
2025-11-18 23:45:00+00:00,271,59.99999999949068,70.68789994963889,0,0,0
2025-11-19 00:00:00+00:00,271,69.99999999970896,72.70461353870269,0,0,0
2025-11-19 00:15:00+00:00,271,79.99999999992724,69.51592133465371,0,0,0
2025-11-19 00:30:00+00:00,271,70.00000000152795,72.1306967958053,0,0,0
2025-11-19 00:45:00+00:00,271,69.99999999970896,73.19929582165804,0,0,0
2025-11-19 01:00:00+00:00,271,69.99999999970896,68.8070146757291,0,0,0
2025-11-19 01:15:00+00:00,271,69.99999999970896,70.31966280256916,0,0,0
2025-11-19 01:30:00+00:00,271,69.99999999970896,68.30016603466892,0,0,0
2025-11-19 01:45:00+00:00,271,59.99999999949068,68.142106743582,0,0,0
2025-11-19 02:00:00+00:00,271,79.99999999992724,67.37325263293822,0,0,0
2025-11-19 02:30:00+00:00,271,59.99999999949068,66.71336743893885,0,0,0
2025-11-19 02:45:00+00:00,271,69.99999999970896,71.21559371967354,0,0,0
2025-11-19 03:00:00+00:00,271,59.99999999949068,66.66520734297951,0,0,0
2025-11-19 03:15:00+00:00,271,79.99999999992724,71.19740160711402,0,0,0
2025-11-19 03:30:00+00:00,271,60.00000000130967,64.44313956414186,0,0,0
2025-11-19 03:45:00+00:00,271,69.99999999970896,70.01766301482283,0,0,0
2025-11-19 04:00:00+00:00,271,59.99999999949068,62.90984538026615,0,0,0
2025-11-19 04:15:00+00:00,271,69.99999999970896,66.84705573075095,0,0,0
2025-11-19 04:30:00+00:00,271,60.00000000130967,63.72354044512072,0,0,0
2025-11-19 04:45:00+00:00,271,69.99999999970896,66.29833307302913,0,0,0
2025-11-19 05:00:00+00:00,271,69.99999999970896,63.268075334105546,0,0,0
2025-11-19 05:15:00+00:00,271,69.99999999970896,65.5027344130712,0,0,0
2025-11-19 05:30:00+00:00,271,59.99999999949068,66.03902655953866,0,0,0
2025-11-19 05:45:00+00:00,271,69.99999999970896,66.73549122228933,0,0,0
2025-11-19 06:00:00+00:00,271,60.00000000130967,63.55252999309339,0,0,0
2025-11-19 06:15:00+00:00,271,90.00000000014552,90.26338638160172,0,0,0
2025-11-19 06:30:00+00:00,271,119.99999999898137,115.65384836814935,0,0,0
2025-11-19 06:45:00+00:00,271,110.00000000058208,101.0493566930762,0,0,0
2025-11-19 07:00:00+00:00,271,79.99999999992724,86.73503533861786,0,0,0
2025-11-19 07:15:00+00:00,271,69.99999999970896,80.37952587394692,0,0,0
2025-11-19 07:30:00+00:00,271,79.99999999992724,81.42831341358426,0,0,0
2025-11-19 07:45:00+00:00,271,79.99999999992724,81.58148395725146,0,0,0
2025-11-19 08:00:00+00:00,271,79.99999999992724,79.59144983629106,0,0,0
2025-11-19 08:15:00+00:00,271,79.99999999992724,78.48786008889076,0,0,0
2025-11-19 08:30:00+00:00,271,69.99999999970896,80.09455439357954,0,0,0
2025-11-19 08:45:00+00:00,271,79.99999999992724,80.05965172308181,0,0,0
2025-11-19 09:00:00+00:00,271,80.00000000174623,75.20357507116096,0,0,0
2025-11-19 09:15:00+00:00,271,69.99999999970896,76.53595590082026,0,0,0
2025-11-19 09:30:00+00:00,271,90.00000000014552,76.35079219960679,0,0,0
2025-11-19 09:45:00+00:00,271,79.99999999992724,73.99257835617436,0,0,0
2025-11-19 10:00:00+00:00,271,79.99999999992724,76.80026218261939,0,0,0
2025-11-19 10:15:00+00:00,271,79.99999999992724,75.11564269881674,0,0,0
2025-11-19 10:30:00+00:00,271,79.99999999992724,77.28891488281356,0,0,0
2025-11-19 10:45:00+00:00,271,69.99999999970896,76.63439314624178,0,0,0
2025-11-19 11:00:00+00:00,271,79.99999999992724,77.31209145045567,0,0,0
2025-11-19 11:15:00+00:00,271,69.99999999970896,72.19763473522097,0,0,0
2025-11-19 11:30:00+00:00,271,69.99999999970896,74.72726865947783,0,0,0
2025-11-19 11:45:00+00:00,271,79.99999999992724,71.38661948492694,0,0,0
2025-11-19 12:00:00+00:00,271,60.00000000130967,70.52838973038277,0,0,0
2025-11-19 12:15:00+00:00,271,79.99999999992724,72.02185038496937,0,0,0
2025-11-19 12:30:00+00:00,271,69.99999999970896,67.6212197025311,0,0,0
2025-11-19 12:45:00+00:00,271,79.99999999992724,72.28898961358964,0,0,0
2025-11-19 13:00:00+00:00,271,69.99999999970896,70.04806742516536,0,0,0
2025-11-19 13:15:00+00:00,271,69.99999999970896,72.6884887116613,0,0,0
2025-11-19 13:30:00+00:00,271,69.99999999970896,69.11500193486498,0,0,0
2025-11-19 13:45:00+00:00,271,69.99999999970896,71.91298100429435,0,0,0
2025-11-19 14:00:00+00:00,271,80.00000000174623,69.3606107676446,0,0,0
2025-11-19 14:15:00+00:00,271,59.99999999949068,70.04043378197434,0,0,0
2025-11-19 14:30:00+00:00,271,79.99999999992724,73.46231579246812,0,0,0
2025-11-19 14:45:00+00:00,271,69.99999999970896,67.69572620392704,0,0,0
2025-11-19 15:00:00+00:00,271,69.99999999970896,72.54450610363021,0,0,0
2025-11-19 15:15:00+00:00,271,79.99999999992724,69.06053661807535,0,0,0
2025-11-19 15:30:00+00:00,271,69.99999999970896,71.39724686381271,0,0,0
2025-11-19 15:45:00+00:00,271,70.00000000152795,73.78280247237562,0,0,0
2025-11-19 16:00:00+00:00,271,69.99999999970896,74.09136780579526,0,0,0
2025-11-19 16:15:00+00:00,271,79.99999999992724,73.31973817292807,0,0,0
2025-11-19 16:30:00+00:00,271,79.99999999992724,73.34875673631215,0,0,0
2025-11-19 16:45:00+00:00,271,79.99999999992724,75.16686161168161,0,0,0
2025-11-19 17:00:00+00:00,271,69.99999999970896,75.15846613549411,0,0,0
2025-11-19 17:15:00+00:00,271,79.99999999992724,76.76077702922315,0,0,0
2025-11-19 17:30:00+00:00,271,79.99999999992724,75.11126311616353,0,0,0
2025-11-19 17:45:00+00:00,271,79.99999999992724,76.61828363242644,0,0,0
2025-11-19 18:00:00+00:00,271,69.99999999970896,76.77205139190998,0,0,0
2025-11-19 18:15:00+00:00,271,79.99999999992724,78.02977258791276,0,0,0
2025-11-19 18:30:00+00:00,271,69.99999999970896,76.78740672934185,0,0,0
2025-11-19 18:45:00+00:00,271,79.99999999992724,78.38522701952874,0,0,0
2025-11-19 22:00:00+00:00,271,59.99999999949068,74.26052535746932,0,0,0
2025-11-19 22:15:00+00:00,271,60.00000000130967,65.23313358336175,0,0,0
2025-11-19 22:30:00+00:00,271,69.99999999970896,60.34028604736382,0,0,0
2025-11-19 22:45:00+00:00,271,69.99999999970896,62.36710253732083,0,0,0
2025-11-19 23:00:00+00:00,271,79.99999999992724,65.43893568499787,0,0,0
2025-11-19 23:15:00+00:00,271,69.99999999970896,69.02230332090953,0,0,0
2025-11-19 23:30:00+00:00,271,59.99999999949068,73.36768005541606,0,0,0
2025-11-19 23:45:00+00:00,271,79.99999999992724,73.37229316476669,0,0,0
2025-11-20 00:00:00+00:00,271,70.00000000152795,69.41928339329426,0,0,0
2025-11-20 00:15:00+00:00,271,69.99999999970896,70.0389713688856,0,0,0
2025-11-20 00:30:00+00:00,271,79.99999999992724,72.66669033436459,0,0,0
2025-11-20 00:45:00+00:00,271,79.99999999992724,75.62513669967883,0,0,0
2025-11-20 01:00:00+00:00,271,79.99999999992724,76.13435889077837,0,0,0
2025-11-20 01:15:00+00:00,271,69.99999999970896,76.70621217646413,0,0,0
2025-11-20 01:30:00+00:00,271,79.99999999992724,81.28390586353002,0,0,0
2025-11-20 01:45:00+00:00,271,79.99999999992724,76.8155026708558,0,0,0
2025-11-20 02:00:00+00:00,271,79.99999999992724,80.01917120999167,0,0,0
2025-11-20 02:15:00+00:00,271,79.99999999992724,76.43197909587147,0,0,0
2025-11-20 02:30:00+00:00,271,69.99999999970896,79.31079285736615,0,0,0
2025-11-20 02:45:00+00:00,271,79.99999999992724,81.46536376403694,0,0,0
2025-11-20 03:00:00+00:00,271,70.00000000152795,78.29696924113075,0,0,0
2025-11-20 03:15:00+00:00,271,79.99999999992724,80.35785765907173,0,0,0
2025-11-20 03:30:00+00:00,271,79.99999999992724,75.97866932142426,0,0,0
2025-11-20 03:45:00+00:00,271,79.99999999992724,76.7025178606771,0,0,0
2025-11-20 04:00:00+00:00,271,69.99999999970896,77.29708066061015,0,0,0
2025-11-20 04:15:00+00:00,271,69.99999999970896,78.07685310143486,0,0,0
2025-11-20 04:30:00+00:00,271,79.99999999992724,77.41804748987273,0,0,0
2025-11-20 04:45:00+00:00,271,69.99999999970896,76.98732472386433,0,0,0
2025-11-20 05:00:00+00:00,271,79.99999999992724,79.08602532525447,0,0,0
2025-11-20 05:15:00+00:00,271,79.99999999992724,75.82525759444663,0,0,0
2025-11-20 05:30:00+00:00,271,79.99999999992724,78.7752395740561,0,0,0
2025-11-20 05:45:00+00:00,271,79.99999999992724,78.8115625462709,0,0,0
2025-11-20 06:00:00+00:00,271,100.0000000003638,81.01015132125174,0,0,0
2025-11-20 06:15:00+00:00,271,90.00000000014552,118.7297778037975,0,0,0
2025-11-20 06:30:00+00:00,271,129.99999999919964,121.04445614554076,0,0,0
2025-11-20 06:45:00+00:00,271,110.00000000058208,104.79091378249628,0,0,0
2025-11-20 07:00:00+00:00,271,110.00000000058208,98.63149783413928,0,0,0
2025-11-20 07:15:00+00:00,271,100.0000000003638,95.3018129294475,0,0,0
2025-11-20 07:30:00+00:00,271,99.9999999985448,102.12652729721614,0,0,0
2025-11-20 07:45:00+00:00,271,110.00000000058208,100.5048872838926,0,0,0
2025-11-20 08:00:00+00:00,271,100.0000000003638,102.2125110615442,0,0,0
2025-11-20 08:15:00+00:00,271,90.00000000014552,100.7363237259535,0,0,0
2025-11-20 08:30:00+00:00,271,100.0000000003638,103.91076314484694,0,0,0
2025-11-20 08:45:00+00:00,271,109.99999999876307,100.94051028224028,0,0,0
2025-11-20 09:00:00+00:00,271,90.00000000014552,99.78764640168474,0,0,0
2025-11-20 09:15:00+00:00,271,100.0000000003638,99.58633873189729,0,0,0
2025-11-20 09:30:00+00:00,271,100.0000000003638,95.41702964232448,0,0,0
2025-11-20 09:45:00+00:00,271,100.0000000003638,94.86655744852528,0,0,0
2025-11-20 10:00:00+00:00,271,90.00000000014552,94.57316369382478,0,0,0
2025-11-20 10:15:00+00:00,271,89.99999999832653,91.31317693754602,0,0,0
2025-11-20 10:30:00+00:00,271,90.00000000014552,91.6462702308076,0,0,0
2025-11-20 10:45:00+00:00,271,79.99999999992724,91.13427251748465,0,0,0
2025-11-20 11:00:00+00:00,271,90.00000000014552,87.04799173961027,0,0,0
2025-11-20 11:15:00+00:00,271,79.99999999992724,83.70488862058322,0,0,0
2025-11-20 11:30:00+00:00,271,90.00000000014552,85.82683469913273,0,0,0
2025-11-20 11:45:00+00:00,271,79.99999999992724,79.3076000497326,0,0,0
2025-11-20 12:00:00+00:00,271,70.00000000152795,83.16025076591295,0,0,0
2025-11-20 12:15:00+00:00,271,79.99999999992724,76.97476787849497,0,0,0
2025-11-20 12:30:00+00:00,271,69.99999999970896,77.19349817123242,0,0,0
2025-11-20 12:45:00+00:00,271,79.99999999992724,77.35031709100845,0,0,0
2025-11-20 13:00:00+00:00,271,59.99999999949068,73.27165464309903,0,0,0
2025-11-20 13:15:00+00:00,271,79.99999999992724,73.76975560377234,0,0,0
2025-11-20 13:30:00+00:00,271,69.99999999970896,68.73574692164492,0,0,0
2025-11-20 13:45:00+00:00,271,60.00000000130967,69.82148910407206,0,0,0
2025-11-20 14:00:00+00:00,271,69.99999999970896,67.63870357838535,0,0,0
2025-11-20 14:15:00+00:00,271,69.99999999970896,67.16164299031877,0,0,0
2025-11-20 14:30:00+00:00,271,69.99999999970896,71.65952797146538,0,0,0
2025-11-20 14:45:00+00:00,271,79.99999999992724,72.37764170755868,0,0,0
2025-11-20 15:00:00+00:00,271,69.99999999970896,72.78765716362717,0,0,0
2025-11-20 15:15:00+00:00,271,79.99999999992724,74.51622943452912,0,0,0
2025-11-20 15:30:00+00:00,271,79.99999999992724,75.03722749646894,0,0,0
2025-11-20 15:45:00+00:00,271,69.99999999970896,75.14225325740286,0,0,0
2025-11-20 16:00:00+00:00,271,70.00000000152795,77.74726653694108,0,0,0
2025-11-20 16:15:00+00:00,271,79.99999999992724,76.05119658835191,0,0,0
2025-11-20 16:30:00+00:00,271,69.99999999970896,77.00571208005613,0,0,0
2025-11-20 16:45:00+00:00,271,79.99999999992724,79.66434462064414,0,0,0
2025-11-20 17:00:00+00:00,271,90.00000000014552,77.99598778291744,0,0,0
2025-11-20 17:15:00+00:00,271,79.99999999992724,78.95271220748084,0,0,0
2025-11-20 17:30:00+00:00,271,90.00000000014552,82.35074386838583,0,0,0
2025-11-20 17:45:00+00:00,271,90.00000000014552,80.48998017351917,0,0,0
2025-11-20 18:00:00+00:00,271,79.99999999992724,83.91750510781613,0,0,0
2025-11-20 18:15:00+00:00,271,90.00000000014552,85.22065681723302,0,0,0
2025-11-20 18:30:00+00:00,271,90.00000000014552,86.05321777659377,0,0,0
2025-11-20 18:45:00+00:00,271,79.99999999992724,86.75953650031418,0,0,0
2025-11-20 19:00:00+00:00,271,89.99999999832653,87.62438922512939,0,0,0
2025-11-20 19:15:00+00:00,271,100.0000000003638,85.53334140846285,0,0,0
2025-11-20 19:30:00+00:00,271,90.00000000014552,87.11811100173993,0,0,0
2025-11-20 19:45:00+00:00,271,79.99999999992724,73.73166395394757,0,0,0
2025-11-20 20:00:00+00:00,271,50.000000001091394,67.86653758401559,0,0,0
2025-11-20 20:15:00+00:00,271,69.99999999970896,65.40044971960207,0,0,0
2025-11-20 20:30:00+00:00,271,69.99999999970896,67.21348974545211,0,0,0
2025-11-20 20:45:00+00:00,271,59.99999999949068,73.00298026356623,0,0,0
2025-11-20 21:00:00+00:00,271,79.99999999992724,78.06934962066536,0,0,0
2025-11-20 21:15:00+00:00,271,90.00000000014552,79.7709323306362,0,0,0
2025-11-20 21:30:00+00:00,271,79.99999999992724,80.36436578014731,0,0,0
2025-11-20 21:45:00+00:00,271,90.00000000014552,77.01905755656759,0,0,0
2025-11-20 22:00:00+00:00,271,69.99999999970896,72.44666990233156,0,0,0
2025-11-20 22:15:00+00:00,271,69.99999999970896,74.83844268067492,0,0,0
2025-11-20 22:30:00+00:00,271,70.00000000152795,77.41388612069088,0,0,0
2025-11-20 22:45:00+00:00,271,79.99999999992724,78.6243583576849,0,0,0
2025-11-20 23:00:00+00:00,271,69.99999999970896,76.65002029343621,0,0,0
2025-11-20 23:15:00+00:00,271,79.99999999992724,80.47769896621888,0,0,0
2025-11-20 23:30:00+00:00,271,79.99999999992724,80.17362040803489,0,0,0
2025-11-20 23:45:00+00:00,271,69.99999999970896,81.01585932626568,0,0,0
2025-11-21 00:00:00+00:00,271,90.00000000014552,80.7573644137564,0,0,0
2025-11-21 00:15:00+00:00,271,79.99999999992724,76.81414362204296,0,0,0
2025-11-21 00:30:00+00:00,271,79.99999999992724,83.74672052587317,0,0,0
2025-11-21 00:45:00+00:00,271,79.99999999992724,81.26483324047204,0,0,0
2025-11-21 01:00:00+00:00,271,79.99999999992724,83.15286596264542,0,0,0
2025-11-21 01:15:00+00:00,271,79.99999999992724,81.18683149522786,0,0,0
2025-11-21 01:30:00+00:00,271,79.99999999992724,84.08482890066946,0,0,0
2025-11-21 01:45:00+00:00,271,90.00000000014552,79.05211418614414,0,0,0
2025-11-21 02:00:00+00:00,271,79.99999999992724,79.13737822884735,0,0,0
2025-11-21 03:30:00+00:00,271,79.99999999992724,80.04716761553624,0,0,0
2025-11-21 03:45:00+00:00,271,69.99999999970896,82.45625199594065,0,0,0
2025-11-21 04:00:00+00:00,271,90.00000000014552,83.48685125132499,0,0,0
2025-11-21 04:15:00+00:00,271,79.99999999992724,80.84726070734283,0,0,0
2025-11-21 04:30:00+00:00,271,90.00000000014552,84.24068691551022,0,0,0
2025-11-21 04:45:00+00:00,271,70.00000000152795,80.97738484578942,0,0,0
2025-11-21 05:00:00+00:00,271,79.99999999992724,84.35795560067928,0,0,0
2025-11-21 05:15:00+00:00,271,89.99999999832653,80.5492232168396,0,0,0
2025-11-21 05:30:00+00:00,271,80.00000000174623,81.367198328378,0,0,0
2025-11-21 05:45:00+00:00,271,89.99999999832653,81.8144555502249,0,0,0
2025-11-21 06:00:00+00:00,271,79.99999999992724,85.61975394312059,0,0,0
2025-11-21 06:15:00+00:00,271,110.00000000058208,103.98551465785982,0,0,0
2025-11-21 06:30:00+00:00,271,120.00000000080036,130.353588309317,0,0,0
2025-11-21 06:45:00+00:00,271,119.99999999898137,113.78583386074318,0,0,0
2025-11-21 07:00:00+00:00,271,120.00000000080036,97.06764227935392,0,0,0
2025-11-21 07:15:00+00:00,271,100.0000000003638,99.92424037814176,0,0,0
2025-11-21 07:30:00+00:00,271,99.9999999985448,105.12473445399571,0,0,0
2025-11-21 07:45:00+00:00,271,130.00000000101863,105.17704443421738,0,0,0
2025-11-21 08:00:00+00:00,271,69.99999999970896,103.47865453188008,0,0,0
2025-11-21 08:15:00+00:00,271,100.0000000003638,110.37204871852876,0,0,0
2025-11-21 08:30:00+00:00,271,100.0000000003638,99.74234987899864,0,0,0
2025-11-21 08:45:00+00:00,271,109.99999999876307,105.22445418209976,0,0,0
2025-11-21 09:00:00+00:00,271,90.00000000014552,94.6004824891162,0,0,0
2025-11-21 09:15:00+00:00,271,100.0000000003638,100.35128031328269,0,0,0
2025-11-21 09:30:00+00:00,271,100.0000000003638,88.75001087652382,0,0,0
2025-11-21 09:45:00+00:00,271,100.0000000003638,94.45622424301604,0,0,0
2025-11-21 10:00:00+00:00,271,90.00000000014552,91.02879501638196,0,0,0
2025-11-21 10:15:00+00:00,271,89.99999999832653,93.92177734028884,0,0,0
2025-11-21 10:30:00+00:00,271,90.00000000014552,92.33952294439212,0,0,0
2025-11-21 10:45:00+00:00,271,90.00000000014552,93.50847336892392,0,0,0
2025-11-21 11:00:00+00:00,271,90.00000000014552,88.04350456578416,0,0,0
2025-11-21 11:15:00+00:00,271,90.00000000014552,88.89210230113646,0,0,0
2025-11-21 11:30:00+00:00,271,79.99999999992724,84.64469575865661,0,0,0
2025-11-21 11:45:00+00:00,271,79.99999999992724,86.66989287495775,0,0,0
2025-11-21 12:00:00+00:00,271,79.99999999992724,81.51830541483358,0,0,0
2025-11-21 12:15:00+00:00,271,79.99999999992724,81.66122758195998,0,0,0
2025-11-21 12:30:00+00:00,271,79.99999999992724,81.01842429163077,0,0,0
2025-11-21 12:45:00+00:00,271,79.99999999992724,82.21722019375389,0,0,0
2025-11-21 13:00:00+00:00,271,79.99999999992724,77.39561744200105,0,0,0
2025-11-21 13:15:00+00:00,271,79.99999999992724,79.68693162908295,0,0,0
2025-11-21 13:30:00+00:00,271,80.00000000174623,75.44813494795545,0,0,0
2025-11-21 13:45:00+00:00,271,69.99999999970896,77.5204164060852,0,0,0
2025-11-21 14:00:00+00:00,271,79.99999999992724,78.32896622698355,0,0,0
2025-11-21 14:15:00+00:00,271,69.99999999970896,76.3158474177374,0,0,0
2025-11-21 14:30:00+00:00,271,69.99999999970896,79.64893568692106,0,0,0
2025-11-21 14:45:00+00:00,271,79.99999999992724,78.58121717156679,0,0,0
2025-11-21 15:00:00+00:00,271,90.00000000014552,76.60160752924688,0,0,0
2025-11-21 15:15:00+00:00,271,69.99999999970896,77.75207106161747,0,0,0
2025-11-21 15:30:00+00:00,271,69.99999999970896,80.40598712857894,0,0,0
2025-11-21 15:45:00+00:00,271,79.99999999992724,77.32603031447697,0,0,0
2025-11-21 16:00:00+00:00,271,79.99999999992724,77.07354584319631,0,0,0
2025-11-21 16:15:00+00:00,271,90.00000000014552,78.15003500877658,0,0,0
2025-11-21 16:30:00+00:00,271,79.99999999992724,79.89462874244403,0,0,0
2025-11-21 16:45:00+00:00,271,79.99999999992724,84.77281769279583,0,0,0
2025-11-21 17:00:00+00:00,271,90.00000000014552,83.76566298650965,0,0,0
2025-11-21 17:15:00+00:00,271,79.99999999992724,86.12593645884716,0,0,0
2025-11-21 17:30:00+00:00,271,90.00000000014552,86.45425202557794,0,0,0
2025-11-21 17:45:00+00:00,271,79.99999999992724,87.05168222709077,0,0,0
2025-11-21 18:00:00+00:00,271,90.00000000014552,88.47329322500289,0,0,0
2025-11-21 18:15:00+00:00,271,90.00000000014552,87.33108734978526,0,0,0
2025-11-21 18:30:00+00:00,271,100.0000000003638,88.95892921966319,0,0,0
2025-11-21 18:45:00+00:00,271,90.00000000014552,88.31545980400037,0,0,0
2025-11-21 19:00:00+00:00,271,90.00000000014552,90.48590286948254,0,0,0
2025-11-21 19:15:00+00:00,271,90.00000000014552,89.92695480505903,0,0,0
2025-11-21 19:30:00+00:00,271,100.0000000003638,89.89936037169853,0,0,0
2025-11-21 19:45:00+00:00,271,89.99999999832653,89.10702342889142,0,0,0
2025-11-21 20:00:00+00:00,271,60.00000000130967,84.00760430164786,0,0,0
2025-11-21 20:15:00+00:00,271,59.99999999949068,69.18833314616079,0,0,0
2025-11-21 20:30:00+00:00,271,79.99999999992724,69.70228712411291,0,0,0
2025-11-21 20:45:00+00:00,271,79.99999999992724,78.3518173885719,0,0,0
2025-11-21 21:00:00+00:00,271,90.00000000014552,83.83818259682427,0,0,0
2025-11-21 21:15:00+00:00,271,100.0000000003638,86.83081191101141,0,0,0
2025-11-21 21:30:00+00:00,271,100.0000000003638,88.11625004618317,0,0,0
2025-11-21 21:45:00+00:00,271,90.00000000014552,86.93991864669037,0,0,0
2025-11-21 22:00:00+00:00,271,79.99999999992724,84.51026094707407,0,0,0
2025-11-21 22:15:00+00:00,271,69.99999999970896,83.1612040142352,0,0,0
2025-11-21 22:30:00+00:00,271,90.00000000014552,85.05197780387336,0,0,0
2025-11-21 22:45:00+00:00,271,79.99999999992724,84.44837254395175,0,0,0
2025-11-21 23:00:00+00:00,271,90.00000000014552,87.48625626945332,0,0,0
2025-11-21 23:15:00+00:00,271,90.00000000014552,84.8970385825962,0,0,0
2025-11-21 23:30:00+00:00,271,89.99999999832653,87.54682007852142,0,0,0
2025-11-21 23:45:00+00:00,271,79.99999999992724,88.6328493839372,0,0,0
2025-11-22 00:00:00+00:00,271,90.00000000014552,90.25263649690746,0,0,0
2025-11-22 00:15:00+00:00,271,100.0000000003638,86.28963101712424,0,0,0
2025-11-22 00:30:00+00:00,271,90.00000000014552,87.89383309427173,0,0,0
2025-11-22 00:45:00+00:00,271,90.00000000014552,90.81989964308168,0,0,0
2025-11-22 01:00:00+00:00,271,90.00000000014552,90.29682281070416,0,0,0
2025-11-22 01:15:00+00:00,271,100.0000000003638,92.59082829726616,0,0,0
2025-11-22 01:30:00+00:00,271,90.00000000014552,90.34005970448516,0,0,0
2025-11-22 01:45:00+00:00,271,99.9999999985448,94.48652911738918,0,0,0
2025-11-22 02:00:00+00:00,271,90.00000000014552,89.77899841486533,0,0,0
2025-11-22 02:15:00+00:00,271,90.00000000014552,94.8205794872795,0,0,0
2025-11-22 02:30:00+00:00,271,100.0000000003638,93.0792972387476,0,0,0
2025-11-22 02:45:00+00:00,271,90.00000000014552,95.51126723549898,0,0,0
2025-11-22 03:00:00+00:00,271,79.99999999992724,94.32974465237176,0,0,0
2025-11-22 03:15:00+00:00,271,90.00000000014552,98.49596812689344,0,0,0
2025-11-22 03:30:00+00:00,271,100.0000000003638,94.0257464886246,0,0,0
2025-11-22 03:45:00+00:00,271,100.0000000003638,93.27709817976724,0,0,0
2025-11-22 04:00:00+00:00,271,90.00000000014552,93.45725062775252,0,0,0
2025-11-22 04:15:00+00:00,271,99.9999999985448,93.98371933970236,0,0,0
2025-11-22 04:30:00+00:00,271,100.0000000003638,91.31399619514023,0,0,0
2025-11-22 04:45:00+00:00,271,90.00000000014552,94.75738945994208,0,0,0
2025-11-22 05:00:00+00:00,271,100.0000000003638,93.59189216788688,0,0,0
2025-11-22 05:15:00+00:00,271,90.00000000014552,92.43345427304544,0,0,0
2025-11-22 05:30:00+00:00,271,90.00000000014552,95.41054449108798,0,0,0
2025-11-22 05:45:00+00:00,271,29.999999998835847,94.2766919806862,0,0,0
2025-11-22 06:00:00+00:00,271,0.0,97.2719589980622,0,0,0
2025-11-22 06:15:00+00:00,271,0.0,86.67915737672418,0,0,0
2025-11-22 06:30:00+00:00,271,0.0,45.35855400537415,0,0,0
2025-11-22 06:45:00+00:00,271,0.0,18.98455509250832,0,0,0
2025-11-22 10:00:00+00:00,271,90.00000000014552,17.248184561235206,0,0,0
2025-11-22 10:15:00+00:00,271,90.00000000014552,85.86184839051938,0,0,0
2025-11-22 10:30:00+00:00,271,89.99999999832653,81.14984622598595,0,0,0
2025-11-22 10:45:00+00:00,271,80.00000000174623,61.6861654857952,0,0,0
2025-11-22 11:00:00+00:00,271,79.99999999992724,67.25033719565947,0,0,0
2025-11-22 11:15:00+00:00,271,89.99999999832653,72.49614693573209,0,0,0
2025-11-22 11:30:00+00:00,271,80.00000000174623,75.72510143939985,0,0,0
2025-11-22 11:45:00+00:00,271,79.99999999992724,75.04997958547058,0,0,0
2025-11-22 12:00:00+00:00,271,69.99999999970896,74.74118072535353,0,0,0
2025-11-22 12:15:00+00:00,271,69.99999999970896,74.84364917753538,0,0,0
2025-11-22 12:30:00+00:00,271,69.99999999970896,72.42169785893388,0,0,0
2025-11-22 12:45:00+00:00,271,69.99999999970896,72.5563049443096,0,0,0
2025-11-22 13:00:00+00:00,271,79.99999999992724,67.99384791717361,0,0,0
2025-11-22 13:15:00+00:00,271,69.99999999970896,66.4917620880086,0,0,0
2025-11-22 13:30:00+00:00,271,70.00000000152795,66.35091869131988,0,0,0
2025-11-22 13:45:00+00:00,271,69.99999999970896,67.1137585324285,0,0,0
2025-11-22 14:00:00+00:00,271,69.99999999970896,68.37034654970283,0,0,0
2025-11-22 14:15:00+00:00,271,79.99999999992724,68.35846731458663,0,0,0
2025-11-22 14:30:00+00:00,271,69.99999999970896,67.33042919626085,0,0,0
2025-11-22 14:45:00+00:00,271,69.99999999970896,71.06564661009202,0,0,0
2025-11-22 15:00:00+00:00,271,79.99999999992724,68.46049933982577,0,0,0
2025-11-22 15:15:00+00:00,271,79.99999999992724,70.03135303892064,0,0,0
2025-11-22 15:30:00+00:00,271,79.99999999992724,70.2760277649106,0,0,0
2025-11-22 15:45:00+00:00,271,79.99999999992724,72.92366158088088,0,0,0
2025-11-22 16:00:00+00:00,271,70.00000000152795,74.73237562036891,0,0,0
2025-11-22 16:15:00+00:00,271,79.99999999992724,75.84421919661567,0,0,0
2025-11-22 16:30:00+00:00,271,69.99999999970896,73.63735745125581,0,0,0
2025-11-22 16:45:00+00:00,271,90.00000000014552,77.13731777312404,0,0,0
2025-11-22 17:00:00+00:00,271,79.99999999992724,73.68010049349635,0,0,0
2025-11-22 17:15:00+00:00,271,79.99999999992724,78.23067445720962,0,0,0
2025-11-22 17:30:00+00:00,271,90.00000000014552,76.5902221456711,0,0,0
2025-11-22 17:45:00+00:00,271,79.99999999992724,79.51713092191437,0,0,0
2025-11-22 18:00:00+00:00,271,79.99999999992724,79.89460194429842,0,0,0
2025-11-22 18:15:00+00:00,271,90.00000000014552,82.33993273078734,0,0,0
2025-11-22 20:45:00+00:00,271,90.00000000014552,81.02975225060881,0,0,0
2025-11-22 21:00:00+00:00,271,79.99999999992724,85.28909545280258,0,0,0
2025-11-22 21:15:00+00:00,271,90.00000000014552,84.17542577434816,0,0,0
2025-11-22 21:30:00+00:00,271,90.00000000014552,88.1148335727726,0,0,0
2025-11-22 21:45:00+00:00,271,90.00000000014552,87.87717996093124,0,0,0
2025-11-22 22:00:00+00:00,271,90.00000000014552,90.32535900746736,0,0,0
2025-11-22 22:15:00+00:00,271,90.00000000014552,87.52490685202928,0,0,0
2025-11-22 22:30:00+00:00,271,90.00000000014552,90.75840172722388,0,0,0
2025-11-22 22:45:00+00:00,271,79.99999999992724,92.39668721727487,0,0,0
2025-11-22 23:00:00+00:00,271,90.00000000014552,96.48955268235514,0,0,0
2025-11-22 23:15:00+00:00,271,90.00000000014552,90.50673651353746,0,0,0
2025-11-22 23:30:00+00:00,271,89.99999999832653,96.89418171115696,0,0,0
2025-11-22 23:45:00+00:00,271,90.00000000014552,93.0424459602337,0,0,0
2025-11-23 00:00:00+00:00,271,100.0000000003638,96.4032396836668,0,0,0
2025-11-23 00:15:00+00:00,271,100.0000000003638,91.700302948961,0,0,0
2025-11-23 00:30:00+00:00,271,90.00000000014552,95.66295239623832,0,0,0
2025-11-23 00:45:00+00:00,271,100.0000000003638,96.51780558443622,0,0,0
2025-11-23 01:00:00+00:00,271,100.0000000003638,95.92441041799026,0,0,0
2025-11-23 01:15:00+00:00,271,29.999999998835847,96.54788076041848,0,0,0
2025-11-23 01:30:00+00:00,271,159.99999999985448,102.04526000651464,0,0,0
2025-11-23 01:45:00+00:00,271,100.0000000003638,81.51588975342257,0,0,0
2025-11-23 02:00:00+00:00,271,90.00000000014552,93.50453786982644,0,0,0
2025-11-23 02:15:00+00:00,271,90.00000000014552,91.66500596289224,0,0,0
2025-11-23 02:30:00+00:00,271,90.00000000014552,103.3190754031067,0,0,0
2025-11-23 02:45:00+00:00,271,109.99999999876307,93.92058290865612,0,0,0
2025-11-23 03:00:00+00:00,271,90.00000000014552,100.65793532175132,0,0,0
2025-11-23 03:15:00+00:00,271,100.0000000003638,97.03158728859518,0,0,0
2025-11-23 03:30:00+00:00,271,100.0000000003638,92.00532709885422,0,0,0
2025-11-23 03:45:00+00:00,271,100.0000000003638,102.32229923578282,0,0,0
2025-11-23 04:00:00+00:00,271,100.0000000003638,98.55513077577704,0,0,0
2025-11-23 04:15:00+00:00,271,29.999999998835847,98.94024309796514,0,0,0
2025-11-23 04:30:00+00:00,271,159.99999999985448,109.11292636234144,0,0,0
2025-11-23 04:45:00+00:00,271,100.0000000003638,86.92894672021824,0,0,0
2025-11-23 05:00:00+00:00,271,100.0000000003638,99.05287953225096,0,0,0
2025-11-23 05:15:00+00:00,271,100.0000000003638,90.47754184805368,0,0,0
2025-11-23 05:30:00+00:00,271,100.0000000003638,100.84947315331236,0,0,0
2025-11-23 05:45:00+00:00,271,99.9999999985448,103.10588466989653,0,0,0
2025-11-23 06:00:00+00:00,271,90.00000000014552,106.6425814210832,0,0,0
2025-11-23 06:15:00+00:00,271,100.0000000003638,101.24433234388776,0,0,0
2025-11-23 06:30:00+00:00,271,110.00000000058208,95.37925191363396,0,0,0
2025-11-23 06:45:00+00:00,271,100.0000000003638,101.15530124757372,0,0,0
2025-11-23 07:00:00+00:00,271,89.99999999832653,101.24364324871505,0,0,0
2025-11-23 07:15:00+00:00,271,100.0000000003638,97.50091469750136,0,0,0
2025-11-23 07:30:00+00:00,271,100.0000000003638,97.8178755071085,0,0,0
2025-11-23 07:45:00+00:00,271,100.0000000003638,100.04291788010836,0,0,0
2025-11-23 08:00:00+00:00,271,100.0000000003638,95.76686029166984,0,0,0
2025-11-23 08:15:00+00:00,271,79.99999999992724,92.41384568707534,0,0,0
2025-11-23 08:30:00+00:00,271,99.9999999985448,94.03793581656852,0,0,0
2025-11-23 08:45:00+00:00,271,90.00000000014552,95.29845167632728,0,0,0
2025-11-23 09:00:00+00:00,271,100.0000000003638,88.23752313996695,0,0,0
2025-11-23 09:15:00+00:00,271,79.99999999992724,82.88072313740997,0,0,0
2025-11-23 09:30:00+00:00,271,90.00000000014552,86.37224970002555,0,0,0
2025-11-23 09:45:00+00:00,271,90.00000000014552,79.4908342844625,0,0,0
2025-11-23 10:00:00+00:00,271,79.99999999992724,80.65108296828555,0,0,0
2025-11-23 10:15:00+00:00,271,90.00000000014552,78.84331069220022,0,0,0
2025-11-23 10:30:00+00:00,271,79.99999999992724,76.70259825511393,0,0,0
2025-11-23 10:45:00+00:00,271,69.99999999970896,79.62974438636112,0,0,0
2025-11-23 11:00:00+00:00,271,90.00000000014552,73.61467856346064,0,0,0
2025-11-23 11:15:00+00:00,271,79.99999999992724,71.76989421998779,0,0,0
2025-11-23 11:30:00+00:00,271,79.99999999992724,75.41762334503049,0,0,0
2025-11-23 11:45:00+00:00,271,79.99999999992724,75.71139610207597,0,0,0
2025-11-23 12:00:00+00:00,271,79.99999999992724,75.06934698813023,0,0,0
2025-11-23 12:15:00+00:00,271,79.99999999992724,74.83313664784505,0,0,0
2025-11-23 12:30:00+00:00,271,79.99999999992724,74.88265196431072,0,0,0
2025-11-23 12:45:00+00:00,271,79.99999999992724,78.29796460082467,0,0,0
2025-11-23 13:00:00+00:00,271,79.99999999992724,74.4150932330145,0,0,0
2025-11-23 13:15:00+00:00,271,80.00000000174623,75.60104516677963,0,0,0
2025-11-23 13:30:00+00:00,271,79.99999999992724,75.11009165436992,0,0,0
2025-11-23 13:45:00+00:00,271,69.99999999970896,75.60199075848884,0,0,0
2025-11-23 14:00:00+00:00,271,69.99999999970896,74.64378477930411,0,0,0
2025-11-23 14:15:00+00:00,271,79.99999999992724,74.26492408165511,0,0,0
2025-11-23 14:30:00+00:00,271,69.99999999970896,72.20299053603553,0,0,0
2025-11-23 14:45:00+00:00,271,69.99999999970896,77.52928276397407,0,0,0
2025-11-23 15:00:00+00:00,271,79.99999999992724,73.4895771631618,0,0,0
2025-11-23 15:15:00+00:00,271,69.99999999970896,74.55514799856114,0,0,0
2025-11-23 15:30:00+00:00,271,70.00000000152795,76.12046596643525,0,0,0
2025-11-23 15:45:00+00:00,271,79.99999999992724,75.74157081402761,0,0,0
2025-11-23 16:00:00+00:00,271,69.99999999970896,72.51772709955743,0,0,0
2025-11-23 16:15:00+00:00,271,79.99999999992724,75.2863545429359,0,0,0
2025-11-23 16:30:00+00:00,271,79.99999999992724,73.30159200004672,0,0,0
2025-11-23 16:45:00+00:00,271,79.99999999992724,76.87935116691384,0,0,0
2025-11-23 17:00:00+00:00,271,69.99999999970896,75.15076358278583,0,0,0
2025-11-23 17:15:00+00:00,271,79.99999999992724,78.62688503998484,0,0,0
2025-11-23 17:30:00+00:00,271,79.99999999992724,76.02615180713045,0,0,0
2025-11-23 17:45:00+00:00,271,69.99999999970896,78.58662274036604,0,0,0
2025-11-23 18:00:00+00:00,271,100.0000000003638,77.42415746707076,0,0,0
2025-11-23 18:15:00+00:00,271,90.00000000014552,76.08281457185971,0,0,0
2025-11-23 18:30:00+00:00,271,90.00000000014552,78.79989003970651,0,0,0
2025-11-23 18:45:00+00:00,271,79.99999999992724,80.63489688833991,0,0,0
2025-11-23 19:00:00+00:00,271,79.99999999992724,81.39594508199951,0,0,0
2025-11-23 19:15:00+00:00,271,79.99999999992724,81.50377316330244,0,0,0
2025-11-23 19:30:00+00:00,271,90.00000000014552,81.30326943788315,0,0,0
2025-11-23 21:15:00+00:00,271,79.99999999992724,79.80024184531544,0,0,0
2025-11-23 21:30:00+00:00,271,79.99999999992724,80.54392101231625,0,0,0
2025-11-23 21:45:00+00:00,271,79.99999999992724,77.9897974112826,0,0,0
2025-11-23 22:00:00+00:00,271,79.99999999992724,80.72069306564873,0,0,0
2025-11-23 22:15:00+00:00,271,69.99999999970896,82.30158458442607,0,0,0
2025-11-23 22:30:00+00:00,271,69.99999999970896,80.35601241533148,0,0,0
2025-11-23 22:45:00+00:00,271,79.99999999992724,78.60833689491942,0,0,0
2025-11-23 23:00:00+00:00,271,79.99999999992724,74.99136055611213,0,0,0
2025-11-23 23:15:00+00:00,271,69.99999999970896,77.5248878680948,0,0,0
2025-11-23 23:30:00+00:00,271,80.00000000174623,77.48766141554243,0,0,0
2025-11-23 23:45:00+00:00,271,69.99999999970896,76.94647669334874,0,0,0
2025-11-24 00:00:00+00:00,271,79.99999999992724,79.99780543133116,0,0,0
2025-11-24 00:15:00+00:00,271,79.99999999992724,80.38648190688477,0,0,0
2025-11-24 00:30:00+00:00,271,90.00000000014552,77.56068253401051,0,0,0
2025-11-24 00:45:00+00:00,271,79.99999999992724,76.00640923043233,0,0,0
2025-11-24 01:00:00+00:00,271,69.99999999970896,78.11830217607331,0,0,0
2025-11-24 01:15:00+00:00,271,79.99999999992724,80.08914116816726,0,0,0
2025-11-24 01:30:00+00:00,271,69.99999999970896,75.29526684050295,0,0,0
2025-11-24 01:45:00+00:00,271,69.99999999970896,79.43389970997065,0,0,0
2025-11-24 02:00:00+00:00,271,79.99999999992724,76.3475917353602,0,0,0
2025-11-24 02:15:00+00:00,271,69.99999999970896,76.29901818229723,0,0,0
2025-11-24 02:30:00+00:00,271,79.99999999992724,71.80526011557383,0,0,0
2025-11-24 02:45:00+00:00,271,70.00000000152795,70.89327328094532,0,0,0
2025-11-24 03:00:00+00:00,271,69.99999999970896,72.33276247028273,0,0,0
2025-11-24 03:15:00+00:00,271,69.99999999970896,72.33445458176239,0,0,0
2025-11-24 03:30:00+00:00,271,69.99999999970896,70.68260157342206,0,0,0
2025-11-24 03:45:00+00:00,271,69.99999999970896,71.43549164589808,0,0,0
2025-11-24 08:00:00+00:00,271,79.99999999992724,70.69721804769652,0,0,0
2025-11-24 08:15:00+00:00,271,79.99999999992724,68.11574119661284,0,0,0
2025-11-24 08:30:00+00:00,271,79.99999999992724,66.28829525334666,0,0,0
2025-11-24 08:45:00+00:00,271,69.99999999970896,66.66096557936083,0,0,0
2025-11-24 09:00:00+00:00,271,79.99999999992724,67.08036421469771,0,0,0
2025-11-24 09:15:00+00:00,271,69.99999999970896,68.6938269653051,0,0,0
2025-11-24 09:30:00+00:00,271,79.99999999992724,69.07750750085657,0,0,0
2025-11-24 09:45:00+00:00,271,69.99999999970896,69.72010406263396,0,0,0
2025-11-24 10:00:00+00:00,271,70.00000000152795,70.71512686557394,0,0,0
2025-11-24 10:15:00+00:00,271,79.99999999992724,69.74919153553532,0,0,0
2025-11-24 10:30:00+00:00,271,79.99999999992724,66.30445836345321,0,0,0
2025-11-24 10:45:00+00:00,271,59.99999999949068,66.01442586187294,0,0,0
2025-11-24 11:00:00+00:00,271,69.99999999970896,65.89290392816567,0,0,0
2025-11-24 11:15:00+00:00,271,69.99999999970896,64.04509522254592,0,0,0
2025-11-24 11:30:00+00:00,271,69.99999999970896,63.09652509085959,0,0,0
2025-11-24 11:45:00+00:00,271,60.00000000130967,64.67559816404228,0,0,0
2025-11-24 12:00:00+00:00,271,69.99999999970896,64.0805683107144,0,0,0
2025-11-24 12:15:00+00:00,271,79.99999999992724,63.67475633519943,0,0,0
2025-11-24 12:30:00+00:00,271,10.00000000021828,63.28137104263232,0,0,0
2025-11-24 12:45:00+00:00,271,0.0,65.36904229295259,0,0,0
2025-11-24 13:00:00+00:00,271,0.0,45.50623667165202,0,0,0
2025-11-24 13:15:00+00:00,271,0.0,16.1442454808654,0,0,0
2025-11-24 13:30:00+00:00,271,0.0,17.526913987829793,0,0,0
2025-11-24 13:45:00+00:00,271,0.0,20.10782424954925,0,0,0
2025-11-24 14:00:00+00:00,271,0.0,23.828043315531065,0,0,0
2025-11-24 14:15:00+00:00,271,0.0,8.241211059925671,0,0,0
2025-11-24 14:30:00+00:00,271,0.0,1.8969950994741251,0,0,0
2025-11-24 14:45:00+00:00,271,0.0,1.6825754798726251,0,0,0
2025-11-24 15:00:00+00:00,271,0.0,3.7172667963310992,0,0,0
2025-11-24 15:15:00+00:00,271,0.0,2.175596277800455,0,0,0
2025-11-24 15:30:00+00:00,271,0.0,2.0888583370889435,0,0,0
2025-11-24 15:45:00+00:00,271,0.0,2.2215933805787955,0,0,0
2025-11-24 16:00:00+00:00,271,0.0,2.3335330630788924,0,0,0
2025-11-24 16:15:00+00:00,271,1079.9999999999272,2.0821090327029097,0,0,0
2025-11-24 16:30:00+00:00,271,69.99999999970896,2.135257412051363,0,0,0
2025-11-24 16:45:00+00:00,271,69.99999999970896,2.1393269018768635,0,0,0
2025-11-24 17:00:00+00:00,271,69.99999999970896,2.1114568304472883,0,0,0
2025-11-24 17:15:00+00:00,271,69.99999999970896,2.1171839769938074,0,0,0
2025-11-24 17:30:00+00:00,271,79.99999999992724,2.106372839395302,0,0,0
2025-11-24 17:45:00+00:00,271,70.00000000152795,2.074081073940846,0,0,0
2025-11-24 18:00:00+00:00,271,59.99999999949068,2.06208698962919,0,0,0
2025-11-24 18:15:00+00:00,271,69.99999999970896,2.0022122757337897,0,0,0
2025-11-24 18:30:00+00:00,271,69.99999999970896,1.96884858445512,0,0,0
2025-11-24 18:45:00+00:00,271,79.99999999992724,1.933390809512716,0,0,0
2025-11-24 19:00:00+00:00,271,69.99999999970896,1.905118765899065,0,0,0
2025-11-24 19:15:00+00:00,271,79.99999999992724,1.8942961433810128,0,0,0
2025-11-24 19:30:00+00:00,271,70.00000000152795,1.878343590132797,0,0,0
2025-11-24 19:45:00+00:00,271,59.99999999949068,1.8359297822525456,0,0,0
2025-11-24 20:00:00+00:00,271,39.999999999054126,1.8219373219400337,0,0,0
2025-11-24 20:15:00+00:00,271,50.000000001091394,1.8053760679559223,0,0,0
2025-11-24 20:30:00+00:00,271,49.9999999992724,1.7913108698196218,0,0,0
2025-11-24 20:45:00+00:00,271,50.000000001091394,1.788998572684534,0,0,0
2025-11-24 21:00:00+00:00,271,49.9999999992724,1.7901470646390472,0,0,0
2025-11-24 21:15:00+00:00,271,59.99999999949068,1.8132508944573829,0,0,0
2025-11-24 21:30:00+00:00,271,60.00000000130967,1.8467792029161991,0,0,0
2025-11-24 21:45:00+00:00,271,69.99999999970896,1.85536609442946,0,0,0
2025-11-24 22:00:00+00:00,271,49.9999999992724,1.8728155155250616,0,0,0
2025-11-24 22:15:00+00:00,271,59.99999999949068,1.913108441595977,0,0,0
2025-11-24 22:30:00+00:00,271,60.00000000130967,1.9668387235347176,0,0,0
2025-11-24 22:45:00+00:00,271,59.99999999949068,2.0265909316216373,0,0,0
2025-11-24 23:00:00+00:00,271,69.99999999970896,2.0865690097929424,0,0,0
2025-11-24 23:15:00+00:00,271,59.99999999949068,2.4919369017521618,0,0,0
2025-11-24 23:30:00+00:00,271,70.00000000152795,3.072365594031641,0,0,0
2025-11-24 23:45:00+00:00,271,59.99999999949068,4.887606896127839,0,0,0
2025-11-25 00:00:00+00:00,271,79.99999999992724,7.962705589262214,0,0,0
2025-11-25 00:15:00+00:00,271,79.99999999992724,12.11957842512088,0,0,0
2025-11-25 00:30:00+00:00,271,69.99999999970896,18.477104450248632,0,0,0
2025-11-25 00:45:00+00:00,271,79.99999999992724,25.15240145034977,0,0,0
2025-11-25 01:00:00+00:00,271,69.99999999970896,30.883364339923475,0,0,0
2025-11-25 01:15:00+00:00,271,60.00000000130967,35.93030886976524,0,0,0
2025-11-25 01:30:00+00:00,271,69.99999999970896,41.4157351858448,0,0,0
2025-11-25 01:45:00+00:00,271,69.99999999970896,49.67633152113704,0,0,0
2025-11-25 02:00:00+00:00,271,59.99999999949068,52.80210933591767,0,0,0
2025-11-25 02:15:00+00:00,271,69.99999999970896,58.60686714041381,0,0,0
2025-11-25 02:30:00+00:00,271,60.00000000130967,63.196608508082576,0,0,0
2025-11-25 02:45:00+00:00,271,69.99999999970896,65.13541223125856,0,0,0
2025-11-25 03:00:00+00:00,271,69.99999999970896,67.98088909962017,0,0,0
2025-11-25 03:15:00+00:00,271,69.99999999970896,70.26669818193342,0,0,0
2025-11-25 03:30:00+00:00,271,69.99999999970896,72.08272045855868,0,0,0
2025-11-25 03:45:00+00:00,271,69.99999999970896,74.18948730177603,0,0,0
2025-11-25 04:00:00+00:00,271,70.00000000152795,75.48381859298225,0,0,0
2025-11-25 04:15:00+00:00,271,69.99999999970896,76.71919779216319,0,0,0
2025-11-25 04:30:00+00:00,271,69.99999999970896,78.46014314972179,0,0,0
2025-11-25 04:45:00+00:00,271,59.99999999949068,79.46232105753839,0,0,0
2025-11-25 05:00:00+00:00,271,79.99999999992724,80.79949109864802,0,0,0
2025-11-25 05:15:00+00:00,271,59.99999999949068,81.74899533712404,0,0,0
2025-11-25 05:30:00+00:00,271,70.00000000152795,80.68618853902858,0,0,0
2025-11-25 05:45:00+00:00,271,69.99999999970896,72.60608824223132,0,0,0
2025-11-25 06:00:00+00:00,271,69.99999999970896,73.47814583990785,0,0,0
2025-11-25 06:15:00+00:00,271,90.00000000014552,96.18566171119038,0,0,0
2025-11-25 06:30:00+00:00,271,119.99999999898137,115.5795868783704,0,0,0
2025-11-25 06:45:00+00:00,271,110.00000000058208,101.56957760879348,0,0,0
2025-11-25 07:00:00+00:00,271,100.0000000003638,87.30168595574968,0,0,0
2025-11-25 07:15:00+00:00,271,69.99999999970896,77.5502733685961,0,0,0
2025-11-25 07:30:00+00:00,271,79.99999999992724,89.84685897615113,0,0,0
2025-11-25 07:45:00+00:00,271,90.00000000014552,82.65411418986456,0,0,0
2025-11-25 08:00:00+00:00,271,79.99999999992724,87.34791658522543,0,0,0
2025-11-25 08:15:00+00:00,271,90.00000000014552,78.2364705132734,0,0,0
2025-11-25 08:30:00+00:00,271,79.99999999992724,88.07544795534575,0,0,0
2025-11-25 08:45:00+00:00,271,79.99999999992724,79.22097312991002,0,0,0
2025-11-25 09:00:00+00:00,271,79.99999999992724,86.64859217750801,0,0,0
2025-11-25 09:15:00+00:00,271,90.00000000014552,80.8689748618962,0,0,0
2025-11-25 09:30:00+00:00,271,79.99999999992724,83.54264881878186,0,0,0
2025-11-25 09:45:00+00:00,271,79.99999999992724,78.05356934121032,0,0,0
2025-11-25 10:00:00+00:00,271,79.99999999992724,83.89248712474027,0,0,0
2025-11-25 10:15:00+00:00,271,79.99999999992724,76.84690244089226,0,0,0
2025-11-25 10:30:00+00:00,271,79.99999999992724,84.10400105969684,0,0,0
2025-11-25 10:45:00+00:00,271,79.99999999992724,75.92888985180906,0,0,0
2025-11-25 11:00:00+00:00,271,69.99999999970896,84.10339618726746,0,0,0
2025-11-25 11:15:00+00:00,271,79.99999999992724,78.67119768789655,0,0,0
2025-11-25 11:30:00+00:00,271,80.00000000174623,83.02118753175371,0,0,0
2025-11-25 11:45:00+00:00,271,79.99999999992724,75.5566559527376,0,0,0
2025-11-25 12:00:00+00:00,271,69.99999999970896,83.25098163031966,0,0,0
2025-11-25 12:15:00+00:00,271,69.99999999970896,75.94155006145434,0,0,0
2025-11-25 12:30:00+00:00,271,79.99999999992724,84.5628695352039,0,0,0
2025-11-25 12:45:00+00:00,271,100.0000000003638,73.64695884399555,0,0,0
2025-11-25 13:00:00+00:00,271,79.99999999992724,80.24122830109069,0,0,0
2025-11-25 13:15:00+00:00,271,79.99999999992724,78.40895103500252,0,0,0
2025-11-25 13:30:00+00:00,271,69.99999999970896,84.93807802843754,0,0,0
2025-11-25 13:45:00+00:00,271,79.99999999992724,78.738334699251,0,0,0
2025-11-25 14:00:00+00:00,271,79.99999999992724,83.31202397770215,0,0,0
2025-11-25 14:15:00+00:00,271,79.99999999992724,76.29613929579791,0,0,0
2025-11-25 14:30:00+00:00,271,69.99999999970896,85.19878953041905,0,0,0
2025-11-25 14:45:00+00:00,271,79.99999999992724,79.6410838302587,0,0,0
2025-11-25 15:00:00+00:00,271,79.99999999992724,85.23469904553022,0,0,0
2025-11-25 15:15:00+00:00,271,90.00000000014552,77.45021674951872,1,0,1
2025-11-25 15:30:00+00:00,271,30.00000000065484,81.70086586761681,1,0,1
2025-11-25 15:45:00+00:00,271,0.0,85.97055315401427,1,0,1
2025-11-25 16:00:00+00:00,271,0.0,72.11383693391302,1,0,1
2025-11-25 16:15:00+00:00,271,0.0,62.633767055933234,0,0,0
2025-11-25 16:30:00+00:00,271,0.0,57.14354674302021,0,0,0
2025-11-25 16:45:00+00:00,271,0.0,31.0211096795649,0,0,0
2025-11-25 17:00:00+00:00,271,0.0,14.27693825308788,0,0,0
2025-11-25 17:15:00+00:00,271,0.0,24.59013567979264,0,0,0
2025-11-25 17:30:00+00:00,271,0.0,8.639879415483552,0,0,0
2025-11-25 17:45:00+00:00,271,0.0,8.976873753083957,0,0,0
2025-11-25 18:00:00+00:00,271,0.0,33.48875183642354,0,0,0
2025-11-25 18:15:00+00:00,271,0.0,34.538322264743215,0,0,0
2025-11-25 18:30:00+00:00,271,0.0,17.524035101330476,0,0,0
2025-11-25 18:45:00+00:00,271,0.0,11.189393735473072,0,0,0
2025-11-25 19:00:00+00:00,271,0.0,5.6777042796236366,0,0,0
2025-11-25 19:15:00+00:00,271,1270.0000000004366,3.712519696252436,0,0,0
2025-11-25 19:30:00+00:00,271,79.99999999992724,3.735822598009552,0,0,0
2025-11-25 19:45:00+00:00,271,59.99999999949068,3.809996036738667,0,0,0
2025-11-25 20:00:00+00:00,271,59.99999999949068,3.916093723496793,0,0,0
2025-11-25 20:15:00+00:00,271,60.00000000130967,4.018657883341529,0,0,0
2025-11-25 20:30:00+00:00,271,49.9999999992724,4.220195251519883,0,0,0
2025-11-25 20:45:00+00:00,271,69.99999999970896,4.515916616581521,0,0,0
2025-11-25 21:00:00+00:00,271,69.99999999970896,4.977870707139715,0,0,0
2025-11-25 21:15:00+00:00,271,69.99999999970896,5.371133493898341,0,0,0
2025-11-25 21:30:00+00:00,271,79.99999999992724,5.3944363956554575,0,0,0
2025-11-25 21:45:00+00:00,271,79.99999999992724,5.063758763804888,0,0,0
2025-11-25 22:00:00+00:00,271,60.00000000130967,5.4737818764864095,0,0,0
2025-11-25 22:15:00+00:00,271,69.99999999970896,5.925273205338964,0,0,0
2025-11-25 22:30:00+00:00,271,59.99999999949068,6.034066019883689,0,0,0
2025-11-25 22:45:00+00:00,271,69.99999999970896,5.95265325353461,0,0,0
2025-11-25 23:00:00+00:00,271,70.00000000152795,5.893417866827225,0,0,0
2025-11-25 23:15:00+00:00,271,59.99999999949068,5.9242548758059606,0,0,0
2025-11-25 23:30:00+00:00,271,69.99999999970896,6.097102914960523,0,0,0
2025-11-25 23:45:00+00:00,271,69.99999999970896,6.084909758710083,0,0,0
2025-11-26 00:00:00+00:00,271,69.99999999970896,5.786248254244882,0,0,0
2025-11-26 00:15:00+00:00,271,79.99999999992724,5.728563331676092,0,0,0
2025-11-26 00:30:00+00:00,271,79.99999999992724,5.693335255124591,0,0,0
2025-11-26 00:45:00+00:00,271,70.00000000152795,5.575350676637232,0,0,0
2025-11-26 01:00:00+00:00,271,79.99999999992724,5.545918656149517,0,0,0
2025-11-26 01:15:00+00:00,271,69.99999999970896,5.390263541554052,0,0,0
2025-11-26 01:30:00+00:00,271,69.99999999970896,5.105717003209847,0,0,0
2025-11-26 01:45:00+00:00,271,69.99999999970896,4.952385670669017,0,0,0
2025-11-26 02:00:00+00:00,271,79.99999999992724,5.438775841712783,0,0,0
2025-11-26 02:15:00+00:00,271,69.99999999970896,7.272873467548862,0,0,0
2025-11-26 02:30:00+00:00,271,69.99999999970896,7.501074990604543,0,0,0
2025-11-26 02:45:00+00:00,271,70.00000000152795,8.46304993755334,0,0,0
2025-11-26 03:00:00+00:00,271,69.99999999970896,8.29729383621791,0,0,0
2025-11-26 03:15:00+00:00,271,69.99999999970896,8.534371287928742,0,0,0
2025-11-26 03:30:00+00:00,271,79.99999999992724,8.702598561119633,0,0,0
2025-11-26 03:45:00+00:00,271,69.99999999970896,9.8493409795576,0,0,0
2025-11-26 04:00:00+00:00,271,69.99999999970896,12.142442985782022,0,0,0
2025-11-26 04:15:00+00:00,271,69.99999999970896,14.166698338680463,0,0,0
2025-11-26 04:30:00+00:00,271,60.00000000130967,13.990810624152957,0,0,0
2025-11-26 04:45:00+00:00,271,79.99999999992724,30.041635543535808,0,0,0
2025-11-26 05:00:00+00:00,271,79.99999999992724,38.3087084163749,0,0,0
2025-11-26 05:15:00+00:00,271,69.99999999970896,35.32781860411615,0,0,0
2025-11-26 05:30:00+00:00,271,69.99999999970896,44.54331421884076,0,0,0
2025-11-26 05:45:00+00:00,271,79.99999999992724,53.64884268599714,0,0,0
2025-11-26 06:00:00+00:00,271,69.99999999970896,61.80302454216714,0,0,0
2025-11-26 06:15:00+00:00,271,90.00000000014552,61.09386521501255,0,0,0
2025-11-26 06:30:00+00:00,271,120.00000000080036,66.5619119765904,0,0,0
2025-11-26 06:45:00+00:00,271,119.99999999898137,71.29291402635803,0,0,0
2025-11-26 07:00:00+00:00,271,100.0000000003638,71.2149965038572,0,0,0
2025-11-26 07:15:00+00:00,271,79.99999999992724,66.32033435057113,0,0,0
2025-11-26 07:30:00+00:00,271,79.99999999992724,68.90745029715148,0,0,0
2025-11-26 07:45:00+00:00,271,90.00000000014552,69.01153812298921,0,0,0
2025-11-26 08:15:00+00:00,271,79.99999999992724,72.65567629652078,0,0,0
2025-11-26 08:30:00+00:00,271,90.00000000014552,75.43058216258395,0,0,0
2025-11-26 08:45:00+00:00,271,79.99999999992724,77.40389041238008,0,0,0
2025-11-26 09:00:00+00:00,271,79.99999999992724,78.81280291758178,0,0,0
2025-11-26 09:15:00+00:00,271,79.99999999992724,79.22696825791259,0,0,0
2025-11-26 09:30:00+00:00,271,90.00000000014552,78.43065753294286,0,0,0
2025-11-26 09:45:00+00:00,271,79.99999999992724,78.76964641823761,0,0,0
2025-11-26 10:00:00+00:00,271,79.99999999992724,79.47109170776437,0,0,0
2025-11-26 10:15:00+00:00,271,79.99999999992724,84.37774794536209,0,0,0
2025-11-26 10:30:00+00:00,271,79.99999999992724,79.90921841857288,0,0,0
2025-11-26 10:45:00+00:00,271,79.99999999992724,86.30387231736023,0,0,0
2025-11-26 11:00:00+00:00,271,79.99999999992724,76.87877309263006,0,0,0
2025-11-26 11:15:00+00:00,271,79.99999999992724,84.6594959916438,0,0,0
2025-11-26 11:30:00+00:00,271,79.99999999992724,77.48756187957304,0,0,0
2025-11-26 11:45:00+00:00,271,70.00000000152795,83.38595623312082,0,0,0
2025-11-26 12:00:00+00:00,271,79.99999999992724,77.13709573134616,0,0,0
2025-11-26 12:15:00+00:00,271,79.99999999992724,84.53664946388231,0,0,0
2025-11-26 12:30:00+00:00,271,69.99999999970896,74.86091866822478,0,0,0
2025-11-26 12:45:00+00:00,271,79.99999999992724,84.5617746395406,0,0,0
2025-11-26 13:00:00+00:00,271,79.99999999992724,70.07298204396531,0,0,0
2025-11-26 13:15:00+00:00,271,69.99999999970896,79.48312024683466,0,0,0
2025-11-26 13:30:00+00:00,271,69.99999999970896,71.47218596384484,0,0,0
2025-11-26 13:45:00+00:00,271,79.99999999992724,80.42474965880922,0,0,0
2025-11-26 14:00:00+00:00,271,69.99999999970896,70.1498927218527,0,0,0
2025-11-26 14:15:00+00:00,271,79.99999999992724,81.97134337951822,0,0,0
2025-11-26 14:30:00+00:00,271,70.00000000152795,70.63745052638355,0,0,0
2025-11-26 14:45:00+00:00,271,79.99999999992724,82.85985503859644,0,0,0
2025-11-26 15:00:00+00:00,271,69.99999999970896,70.91110553269243,0,0,0
2025-11-26 15:15:00+00:00,271,79.99999999992724,83.59228664105602,0,0,0
2025-11-26 15:30:00+00:00,271,69.99999999970896,72.16407962861655,0,0,0
2025-11-26 15:45:00+00:00,271,79.99999999992724,84.09762692934927,0,0,0
2025-11-26 16:00:00+00:00,271,69.99999999970896,71.19258559751808,0,0,0
2025-11-26 16:15:00+00:00,271,79.99999999992724,84.76998474597468,0,0,0
2025-11-26 16:30:00+00:00,271,79.99999999992724,73.02691866420484,0,0,0
2025-11-26 16:45:00+00:00,271,69.99999999970896,84.69173798911355,0,0,0
2025-11-26 17:00:00+00:00,271,79.99999999992724,76.37548860493538,0,0,0
2025-11-26 17:15:00+00:00,271,79.99999999992724,84.63951223163522,0,0,0
2025-11-26 17:30:00+00:00,271,70.00000000152795,77.82659670454596,0,0,0
2025-11-26 17:45:00+00:00,271,79.99999999992724,88.06675769955658,0,0,0
2025-11-26 18:00:00+00:00,271,79.99999999992724,76.86506392699967,0,0,0
2025-11-26 18:15:00+00:00,271,79.99999999992724,84.30293517944496,0,0,0
2025-11-26 18:30:00+00:00,271,79.99999999992724,79.27041570855191,0,0,0
2025-11-26 18:45:00+00:00,271,90.00000000014552,88.82179928029406,0,0,0
2025-11-26 19:00:00+00:00,271,79.99999999992724,78.95348169709037,0,0,0
2025-11-26 19:15:00+00:00,271,90.00000000014552,88.73422294045575,0,0,0
2025-11-26 19:30:00+00:00,271,79.99999999992724,82.68413576955558,0,0,0
2025-11-26 19:45:00+00:00,271,79.99999999992724,81.0025100214477,0,0,0
2025-11-26 20:00:00+00:00,271,49.9999999992724,75.98868034296113,0,0,0
2025-11-26 20:15:00+00:00,271,59.99999999949068,60.673195581912665,0,0,0
2025-11-26 20:30:00+00:00,271,70.00000000152795,55.03850263773464,0,0,0
2025-11-26 20:45:00+00:00,271,69.99999999970896,61.24787798611305,0,0,0
2025-11-26 21:00:00+00:00,271,79.99999999992724,67.16696050806817,0,0,0
2025-11-26 22:00:00+00:00,271,90.00000000014552,73.19322412752517,0,0,0
2025-11-26 22:15:00+00:00,271,69.99999999970896,73.2801687967885,0,0,0
2025-11-26 22:30:00+00:00,271,79.99999999992724,76.24260425749144,0,0,0
2025-11-26 22:45:00+00:00,271,69.99999999970896,71.27911680967779,0,0,0
2025-11-26 23:00:00+00:00,271,79.99999999992724,76.72480243290121,0,0,0
2025-11-26 23:15:00+00:00,271,79.99999999992724,67.28111295173397,0,0,0
2025-11-26 23:30:00+00:00,271,79.99999999992724,76.82859547913729,0,0,0
2025-11-26 23:45:00+00:00,271,79.99999999992724,76.7892519730821,0,0,0
2025-11-27 00:00:00+00:00,271,79.99999999992724,82.33404479536719,0,0,0
2025-11-27 00:15:00+00:00,271,79.99999999992724,74.3022347569508,0,0,0
2025-11-27 00:30:00+00:00,271,90.00000000014552,79.54568243190363,0,0,0
2025-11-27 00:45:00+00:00,271,79.99999999992724,75.07710696543624,0,0,0
2025-11-27 01:00:00+00:00,271,79.99999999992724,82.26922390945434,0,0,0
2025-11-27 01:15:00+00:00,271,90.00000000014552,77.38355444817213,0,0,0
2025-11-27 01:30:00+00:00,271,79.99999999992724,84.37597543944563,0,0,0
2025-11-27 01:45:00+00:00,271,90.00000000014552,81.59818303027012,0,0,0
2025-11-27 02:00:00+00:00,271,90.00000000014552,83.35378314516834,0,0,0
2025-11-27 02:15:00+00:00,271,79.99999999992724,78.44302296298648,0,0,0
2025-11-27 02:30:00+00:00,271,79.99999999992724,85.16510808969963,0,0,0
2025-11-27 02:45:00+00:00,271,79.99999999992724,81.41845935261452,0,0,0
2025-11-27 03:00:00+00:00,271,100.0000000003638,84.14812612058932,0,0,0
2025-11-27 03:15:00+00:00,271,90.00000000014552,77.76254147993613,0,0,0
2025-11-27 03:45:00+00:00,271,90.00000000014552,87.54567158656691,0,0,0
2025-11-27 04:00:00+00:00,271,90.00000000014552,81.8145857126464,0,0,0
2025-11-27 04:15:00+00:00,271,90.00000000014552,89.20141415432653,0,0,0
2025-11-27 04:30:00+00:00,271,99.9999999985448,84.76310527916714,0,0,0
2025-11-27 04:45:00+00:00,271,90.00000000014552,87.41294419969009,0,0,0
2025-11-27 05:00:00+00:00,271,79.99999999992724,87.96873773954522,0,0,0
2025-11-27 05:15:00+00:00,271,90.00000000014552,90.7166119333056,0,0,0
2025-11-27 05:30:00+00:00,271,90.00000000014552,88.79219115770665,0,0,0
2025-11-27 05:45:00+00:00,271,90.00000000014552,91.76673172361018,0,0,0
2025-11-27 06:00:00+00:00,271,90.00000000014552,88.15755747348057,0,0,0
2025-11-27 06:15:00+00:00,271,100.0000000003638,100.65236896407842,0,0,0
2025-11-27 06:30:00+00:00,271,129.99999999919964,133.4166393218485,0,0,0
2025-11-27 06:45:00+00:00,271,120.00000000080036,130.74995585265933,0,0,0
2025-11-27 07:00:00+00:00,271,100.0000000003638,104.95857829462946,0,0,0
2025-11-27 07:15:00+00:00,271,90.00000000014552,99.0677410181424,0,0,0
2025-11-27 07:30:00+00:00,271,99.9999999985448,106.68472341920088,0,0,0
2025-11-27 07:45:00+00:00,271,90.00000000014552,103.00405171659617,0,0,0
2025-11-27 08:00:00+00:00,271,90.00000000014552,102.16562196334785,0,0,0
2025-11-27 08:15:00+00:00,271,90.00000000014552,93.48207336719612,0,0,0
2025-11-27 08:30:00+00:00,271,79.99999999992724,95.997086988872,0,0,0
2025-11-27 08:45:00+00:00,271,100.0000000003638,91.7901609594823,0,0,0
2025-11-27 09:00:00+00:00,271,90.00000000014552,84.71713114622789,0,0,0
2025-11-27 09:15:00+00:00,271,90.00000000014552,85.60432969617145,0,0,0
2025-11-27 09:30:00+00:00,271,79.99999999992724,84.63371617557144,0,0,0
2025-11-27 09:45:00+00:00,271,90.00000000014552,84.78632012987441,0,0,0
2025-11-27 10:00:00+00:00,271,90.00000000014552,80.5312952574296,0,0,0
2025-11-27 10:15:00+00:00,271,79.99999999992724,84.31754016879988,0,0,0
2025-11-27 10:30:00+00:00,271,79.99999999992724,81.68852340741229,0,0,0
2025-11-27 10:45:00+00:00,271,79.99999999992724,81.21761873622191,0,0,0
2025-11-27 11:00:00+00:00,271,79.99999999992724,79.53353138702485,0,0,0
2025-11-27 11:15:00+00:00,271,79.99999999992724,76.84514524820185,0,0,0
2025-11-27 11:30:00+00:00,271,79.99999999992724,77.26592590219067,0,0,0
2025-11-27 11:45:00+00:00,271,69.99999999970896,76.65527272997485,0,0,0
2025-11-27 12:00:00+00:00,271,79.99999999992724,78.47409349866263,0,0,0
2025-11-27 12:15:00+00:00,271,79.99999999992724,74.65309904905523,0,0,0
2025-11-27 12:30:00+00:00,271,69.99999999970896,76.49234000469428,0,0,0
2025-11-27 12:45:00+00:00,271,79.99999999992724,75.86193277086082,0,0,0
2025-11-27 13:00:00+00:00,271,70.00000000152795,74.06781989242118,0,0,0
2025-11-27 13:15:00+00:00,271,79.99999999992724,75.42269967946945,0,0,0
2025-11-27 13:30:00+00:00,271,69.99999999970896,72.99725694532623,0,0,0
2025-11-27 13:45:00+00:00,271,90.00000000014552,75.702246449505,0,0,0
2025-11-27 14:00:00+00:00,271,79.99999999992724,71.89500327689967,0,0,0
2025-11-27 14:15:00+00:00,271,79.99999999992724,77.61279727059991,0,0,0
2025-11-27 17:00:00+00:00,271,79.99999999992724,73.99494424960066,0,0,0
2025-11-27 17:15:00+00:00,271,69.99999999970896,76.15960274393862,0,0,0
2025-11-27 17:30:00+00:00,271,79.99999999992724,73.97186721792794,0,0,0
2025-11-27 17:45:00+00:00,271,69.99999999970896,72.75469161622607,0,0,0
2025-11-27 18:00:00+00:00,271,69.99999999970896,74.99785336396165,0,0,0
2025-11-27 18:15:00+00:00,271,79.99999999992724,72.75875344943853,0,0,0
2025-11-27 18:30:00+00:00,271,69.99999999970896,74.1274725645387,0,0,0
2025-11-27 18:45:00+00:00,271,69.99999999970896,75.00805962913077,0,0,0
2025-11-27 19:00:00+00:00,271,79.99999999992724,72.05419191840852,0,0,0
2025-11-27 19:15:00+00:00,271,70.00000000152795,71.16591761433423,0,0,0
2025-11-27 19:30:00+00:00,271,69.99999999970896,72.0100553725965,0,0,0
2025-11-27 19:45:00+00:00,271,59.99999999949068,56.79130043226384,0,0,0
2025-11-27 20:00:00+00:00,271,49.9999999992724,52.95539855708684,0,0,0
2025-11-27 20:15:00+00:00,271,50.000000001091394,50.21051809902122,0,0,0
2025-11-27 20:30:00+00:00,271,49.9999999992724,49.61636875619181,0,0,0
2025-11-27 20:45:00+00:00,271,50.000000001091394,50.575187264418936,0,0,0
2025-11-27 21:00:00+00:00,271,59.99999999949068,55.18437642918416,0,0,0
2025-11-27 22:00:00+00:00,271,59.99999999949068,58.2628248905192,0,0,0
2025-11-27 22:15:00+00:00,271,49.9999999992724,58.306988234476826,1,0,1
2025-11-27 22:30:00+00:00,271,50.000000001091394,57.63307995371283,1,0,1
2025-11-27 22:45:00+00:00,271,59.99999999949068,51.19817141191972,1,0,1
2025-11-27 23:00:00+00:00,271,59.99999999949068,50.018402193176414,1,0,1
2025-11-27 23:15:00+00:00,271,60.00000000130967,52.82428671555936,0,0,0
2025-11-27 23:30:00+00:00,271,59.99999999949068,57.12335625445983,0,0,0
2025-11-27 23:45:00+00:00,271,49.9999999992724,58.554300663655646,0,0,0
2025-11-28 00:00:00+00:00,271,70.00000000152795,60.34071481769351,0,0,0
2025-11-28 00:15:00+00:00,271,69.99999999970896,58.882022842876594,0,0,0
2025-11-28 00:30:00+00:00,271,59.99999999949068,60.80730115913491,0,0,0
2025-11-28 00:45:00+00:00,271,49.9999999992724,61.48738449830769,0,0,0
2025-11-28 01:00:00+00:00,271,70.00000000152795,61.94820158183091,0,0,0
2025-11-28 01:15:00+00:00,271,59.99999999949068,60.59553455594834,0,0,0
2025-11-28 01:30:00+00:00,271,59.99999999949068,62.7660733290934,0,0,0
2025-11-28 01:45:00+00:00,271,59.99999999949068,60.230375367316704,0,0,0
2025-11-28 02:00:00+00:00,271,60.00000000130967,61.16043946530929,0,0,0
2025-11-28 02:15:00+00:00,271,49.9999999992724,61.01528922379113,0,0,0
2025-11-28 02:30:00+00:00,271,69.99999999970896,60.4322802529205,0,0,0
2025-11-28 02:45:00+00:00,271,60.00000000130967,56.499124079035134,0,0,0
2025-11-28 03:00:00+00:00,271,59.99999999949068,59.1075598645978,0,0,0
2025-11-28 03:15:00+00:00,271,59.99999999949068,59.11799199985133,0,0,0
2025-11-28 03:30:00+00:00,271,49.9999999992724,60.09389624005513,0,0,0
2025-11-28 06:30:00+00:00,271,110.00000000058208,60.45965647280963,0,0,0
2025-11-28 06:45:00+00:00,271,100.0000000003638,78.91884317974218,0,0,0
2025-11-28 07:00:00+00:00,271,90.00000000014552,86.28852463654138,0,0,0
2025-11-28 07:15:00+00:00,271,69.99999999970896,74.47828326035194,0,0,0
2025-11-28 07:30:00+00:00,271,59.99999999949068,73.20145115822602,0,0,0
2025-11-28 07:45:00+00:00,271,69.99999999970896,71.44258932617699,0,0,0
2025-11-28 08:00:00+00:00,271,79.99999999992724,71.58504443990854,0,0,0
2025-11-28 08:15:00+00:00,271,70.00000000152795,70.378381367897,0,0,0
2025-11-28 08:30:00+00:00,271,69.99999999970896,74.34518452774316,0,0,0
2025-11-28 08:45:00+00:00,271,69.99999999970896,70.21678089328367,0,0,0
2025-11-28 09:00:00+00:00,271,69.99999999970896,68.97326654275824,0,0,0
2025-11-28 09:15:00+00:00,271,69.99999999970896,67.81617238350357,0,0,0
2025-11-28 09:30:00+00:00,271,69.99999999970896,67.6597784057507,0,0,0
2025-11-28 09:45:00+00:00,271,69.99999999970896,66.21294652451742,0,0,0
2025-11-28 10:00:00+00:00,271,70.00000000152795,68.34686754584602,0,0,0
2025-11-28 10:15:00+00:00,271,59.99999999949068,66.39029282382717,0,0,0
2025-11-28 10:30:00+00:00,271,69.99999999970896,68.95956503374087,0,0,0
2025-11-28 10:45:00+00:00,271,69.99999999970896,64.78506093222714,0,0,0
2025-11-28 11:00:00+00:00,271,60.00000000130967,66.25979733964863,0,0,0
2025-11-28 11:15:00+00:00,271,69.99999999970896,65.0689336886247,0,0,0
2025-11-28 11:30:00+00:00,271,59.99999999949068,63.90950809070236,0,0,0
2025-11-28 11:45:00+00:00,271,69.99999999970896,63.08478367477792,0,0,0
2025-11-28 12:00:00+00:00,271,69.99999999970896,63.012566500678005,0,0,0
2025-11-28 12:15:00+00:00,271,60.00000000130967,62.92242902378112,0,0,0
2025-11-28 12:30:00+00:00,271,59.99999999949068,64.20054360858958,0,0,0
2025-11-28 12:45:00+00:00,271,59.99999999949068,62.27218350558665,0,0,0
2025-11-28 13:00:00+00:00,271,59.99999999949068,60.49862863313285,0,0,0
2025-11-28 13:15:00+00:00,271,60.00000000130967,59.26311544322388,0,0,0
2025-11-28 13:30:00+00:00,271,59.99999999949068,59.8504733702956,0,0,0
2025-11-28 13:45:00+00:00,271,59.99999999949068,58.0322804438763,0,0,0
2025-11-28 14:00:00+00:00,271,60.00000000130967,59.63117648819393,0,0,0
2025-11-28 14:15:00+00:00,271,59.99999999949068,57.83696790209142,0,0,0
2025-11-28 14:30:00+00:00,271,59.99999999949068,58.53737954885912,0,0,0
2025-11-28 14:45:00+00:00,271,59.99999999949068,59.01896902353301,0,0,0
2025-11-28 15:00:00+00:00,271,60.00000000130967,58.93738015508424,0,0,0
2025-11-28 15:15:00+00:00,271,59.99999999949068,58.44562652661289,0,0,0
2025-11-28 15:30:00+00:00,271,59.99999999949068,59.32699073742751,0,0,0
2025-11-28 15:45:00+00:00,271,59.99999999949068,58.02806165009672,0,0,0
2025-11-28 17:00:00+00:00,271,59.99999999949068,59.64235514321788,0,0,0
2025-11-28 17:15:00+00:00,271,49.9999999992724,57.9305623397714,0,0,0
2025-11-28 17:30:00+00:00,271,60.00000000130967,58.598261107367975,0,0,0
2025-11-28 17:45:00+00:00,271,59.99999999949068,56.98977898353667,0,0,0
2025-11-28 18:00:00+00:00,271,49.9999999992724,57.932411411818165,0,0,0
2025-11-28 18:15:00+00:00,271,60.00000000130967,58.17475852744696,0,0,0
2025-11-28 18:30:00+00:00,271,49.9999999992724,57.9152529420177,0,0,0
2025-11-28 18:45:00+00:00,271,69.99999999970896,57.414579359366286,0,0,0
2025-11-28 19:00:00+00:00,271,59.99999999949068,55.00143697405592,0,0,0
2025-11-28 19:15:00+00:00,271,60.00000000130967,57.70104770758105,0,0,0
2025-11-28 19:30:00+00:00,271,49.9999999992724,56.45510621072508,0,0,0
2025-11-28 19:45:00+00:00,271,50.000000001091394,47.98003570246349,0,0,0
2025-11-28 20:00:00+00:00,271,29.999999998835847,42.2899347210165,0,0,0
2025-11-28 20:15:00+00:00,271,50.000000001091394,39.81510491867586,0,0,0
2025-11-28 20:30:00+00:00,271,29.999999998835847,39.80006924483799,0,0,0
2025-11-28 20:45:00+00:00,271,40.00000000087312,39.947725112970254,0,0,0
2025-11-28 21:00:00+00:00,271,39.999999999054126,40.9356827762367,0,0,0
2025-11-28 22:00:00+00:00,271,39.999999999054126,44.00846534392947,0,0,0
2025-11-28 22:15:00+00:00,271,40.00000000087312,42.42471025187888,0,0,0
2025-11-28 22:30:00+00:00,271,39.999999999054126,40.70293131088788,0,0,0
2025-11-28 22:45:00+00:00,271,40.00000000087312,39.98146972074717,0,0,0
2025-11-28 23:00:00+00:00,271,59.99999999949068,39.622129558018415,0,0,0
2025-11-28 23:15:00+00:00,271,40.00000000087312,39.93219941589847,0,0,0
2025-11-28 23:30:00+00:00,271,49.9999999992724,42.38608072498875,0,0,0
2025-11-28 23:45:00+00:00,271,49.9999999992724,47.56449217178727,0,0,0
2025-11-29 00:00:00+00:00,271,40.00000000087312,48.07768814504941,0,0,0
2025-11-29 00:15:00+00:00,271,49.9999999992724,49.31108810976208,0,0,0
2025-11-29 00:30:00+00:00,271,50.000000001091394,48.50941009905824,0,0,0
2025-11-29 00:45:00+00:00,271,49.9999999992724,49.074146562932526,0,0,0
2025-11-29 01:00:00+00:00,271,40.00000000087312,48.61468469991564,0,0,0
2025-11-29 01:15:00+00:00,271,49.9999999992724,50.77010931893928,0,0,0
2025-11-29 01:30:00+00:00,271,40.00000000087312,48.78489503588133,0,0,0
2025-11-29 01:45:00+00:00,271,49.9999999992724,50.0247571819914,0,0,0
2025-11-29 02:00:00+00:00,271,39.999999999054126,47.83764949824919,0,0,0
2025-11-29 06:45:00+00:00,271,50.000000001091394,49.42383556493685,0,0,0
2025-11-29 07:00:00+00:00,271,49.9999999992724,47.338526379736365,0,0,0
2025-11-29 07:15:00+00:00,271,49.9999999992724,48.55442332706222,0,0,0
2025-11-29 07:30:00+00:00,271,50.000000001091394,48.59122866589792,0,0,0
2025-11-29 07:45:00+00:00,271,39.999999999054126,48.6384814532132,0,0,0
2025-11-29 08:00:00+00:00,271,50.000000001091394,48.310238624306194,0,0,0
2025-11-29 08:15:00+00:00,271,39.999999999054126,43.89552264512243,0,0,0
2025-11-29 08:30:00+00:00,271,50.000000001091394,48.74592287555811,0,0,0
2025-11-29 08:45:00+00:00,271,49.9999999992724,42.44328902339642,0,0,0
2025-11-29 09:00:00+00:00,271,40.00000000087312,41.22631632193984,0,0,0
2025-11-29 09:15:00+00:00,271,49.9999999992724,44.76552061389387,0,0,0
2025-11-29 09:30:00+00:00,271,40.00000000087312,41.76929651988909,0,0,0
2025-11-29 09:45:00+00:00,271,39.999999999054126,48.50789408967829,0,0,0
2025-11-29 10:00:00+00:00,271,49.9999999992724,40.94748353106935,0,0,0
2025-11-29 10:15:00+00:00,271,40.00000000087312,40.78078949463773,0,0,0
2025-11-29 10:30:00+00:00,271,49.9999999992724,42.97685158731864,0,0,0
2025-11-29 10:45:00+00:00,271,40.00000000087312,41.00163301257149,0,0,0
2025-11-29 11:00:00+00:00,271,49.9999999992724,40.938395131402615,0,0,0
2025-11-29 11:15:00+00:00,271,40.00000000087312,40.01943695061019,0,0,0
2025-11-29 11:30:00+00:00,271,39.999999999054126,40.867672910996816,0,0,0
2025-11-29 11:45:00+00:00,271,40.00000000087312,40.12774739853402,0,0,0
2025-11-29 12:00:00+00:00,271,39.999999999054126,39.83122017495096,0,0,0
2025-11-29 12:15:00+00:00,271,40.00000000087312,39.863611476374814,0,0,0
2025-11-29 12:30:00+00:00,271,39.999999999054126,39.64120792353617,0,0,0
2025-11-29 12:45:00+00:00,271,40.00000000087312,39.90224865987796,0,0,0
2025-11-29 13:00:00+00:00,271,39.999999999054126,39.66141372532261,0,0,0
2025-11-29 13:15:00+00:00,271,50.000000001091394,39.72629777829296,0,0,0
2025-11-29 13:30:00+00:00,271,30.00000000065484,39.68899284545704,0,0,0
2025-11-29 13:45:00+00:00,271,49.9999999992724,40.2762320950268,0,0,0
2025-11-29 14:00:00+00:00,271,39.999999999054126,39.62217166939008,0,0,0
2025-11-29 22:00:00+00:00,271,30.00000000065484,40.46933378979924,0,0,0
2025-11-29 22:15:00+00:00,271,29.999999998835847,39.81695590487588,0,0,0
2025-11-29 22:30:00+00:00,271,40.00000000087312,30.482181744061837,0,0,0
2025-11-29 22:45:00+00:00,271,30.00000000065484,30.28450618008054,0,0,0
2025-11-29 23:00:00+00:00,271,39.999999999054126,38.744153398469614,0,0,0
2025-11-29 23:15:00+00:00,271,30.00000000065484,38.04885828335928,0,0,0
2025-11-29 23:30:00+00:00,271,39.999999999054126,39.02845875350337,0,0,0
2025-11-29 23:45:00+00:00,271,30.00000000065484,30.81950914432905,0,0,0
2025-11-30 00:00:00+00:00,271,30.00000000065484,39.46068795812545,0,0,0
2025-11-30 00:15:00+00:00,271,39.999999999054126,39.593237328749325,0,0,0
2025-11-30 00:30:00+00:00,271,40.00000000087312,39.33752176676997,0,0,0
2025-11-30 00:45:00+00:00,271,49.9999999992724,39.45124926841259,0,0,0
2025-11-30 01:00:00+00:00,271,30.00000000065484,39.39857942737852,0,0,0
2025-11-30 01:15:00+00:00,271,39.999999999054126,40.98707779120127,0,0,0
2025-11-30 01:30:00+00:00,271,30.00000000065484,39.48976968856704,0,0,0
2025-11-30 01:45:00+00:00,271,39.999999999054126,39.92780069171268,0,0,0
2025-11-30 02:00:00+00:00,271,30.00000000065484,39.50306922540032,0,0,0
2025-11-30 02:15:00+00:00,271,40.00000000087312,40.361195615668585,0,0,0
2025-11-30 02:30:00+00:00,271,29.999999998835847,39.62566308493181,0,0,0
2025-11-30 02:45:00+00:00,271,40.00000000087312,40.1862668919231,0,0,0
2025-11-30 03:00:00+00:00,271,49.9999999992724,39.71622933215837,0,0,0
2025-11-30 03:15:00+00:00,271,40.00000000087312,39.55610658385984,0,0,0
2025-11-30 03:30:00+00:00,271,49.9999999992724,39.64445241330768,0,0,0
2025-11-30 03:45:00+00:00,271,49.9999999992724,39.747156306340216,0,0,0
2025-11-30 04:00:00+00:00,271,40.00000000087312,40.39212450400368,0,0,0
2025-11-30 04:15:00+00:00,271,39.999999999054126,41.277211742904186,0,0,0
2025-11-30 04:30:00+00:00,271,50.000000001091394,44.61203423493918,0,0,0
2025-11-30 04:45:00+00:00,271,39.999999999054126,40.55591859825015,0,0,0
2025-11-30 05:00:00+00:00,271,60.00000000130967,48.80125338962014,0,0,0
2025-11-30 05:15:00+00:00,271,39.999999999054126,41.33724533151996,0,0,0
2025-11-30 05:30:00+00:00,271,50.000000001091394,49.042582175715935,0,0,0
2025-11-30 05:45:00+00:00,271,39.999999999054126,48.036200787345805,0,0,0
2025-11-30 06:00:00+00:00,271,49.9999999992724,49.93225763997473,0,0,0
2025-11-30 06:15:00+00:00,271,60.00000000130967,48.62831347110922,0,0,0
2025-11-30 06:30:00+00:00,271,69.99999999970896,53.995782963923645,0,0,0
2025-11-30 06:45:00+00:00,271,49.9999999992724,61.162422528084086,0,0,0
2025-11-30 07:00:00+00:00,271,60.00000000130967,57.95389586798064,0,0,0
2025-11-30 07:15:00+00:00,271,49.9999999992724,51.1652020362121,0,0,0
2025-11-30 07:30:00+00:00,271,49.9999999992724,52.14576532544473,0,0,0
2025-11-30 07:45:00+00:00,271,60.00000000130967,50.84796558853587,0,0,0
2025-11-30 08:00:00+00:00,271,49.9999999992724,50.49298969523427,0,0,0
2025-11-30 08:15:00+00:00,271,49.9999999992724,50.276031908413295,0,0,0
2025-11-30 08:30:00+00:00,271,60.00000000130967,50.05570521185907,0,0,0
2025-11-30 08:45:00+00:00,271,49.9999999992724,49.40584635262262,0,0,0
2025-11-30 09:00:00+00:00,271,50.000000001091394,49.860415639913285,0,0,0
2025-11-30 09:15:00+00:00,271,49.9999999992724,50.02749824945617,0,0,0
2025-11-30 09:30:00+00:00,271,59.99999999949068,49.60808047258672,0,0,0
2025-11-30 09:45:00+00:00,271,50.000000001091394,49.62401388430236,0,0,0
2025-11-30 10:00:00+00:00,271,49.9999999992724,50.10817598095436,0,0,0
2025-11-30 10:15:00+00:00,271,49.9999999992724,48.727279022829805,0,0,0
2025-11-30 10:30:00+00:00,271,50.000000001091394,49.1849607233172,0,0,0
2025-11-30 10:45:00+00:00,271,39.999999999054126,48.9571114044609,0,0,0
2025-11-30 11:00:00+00:00,271,50.000000001091394,49.5999108664836,0,0,0
2025-11-30 11:15:00+00:00,271,49.9999999992724,49.17787452795784,0,0,0
2025-11-30 11:30:00+00:00,271,50.000000001091394,49.295418851195976,0,0,0
2025-11-30 11:45:00+00:00,271,49.9999999992724,49.13624169460666,0,0,0
2025-11-30 12:00:00+00:00,271,49.9999999992724,49.70499405201524,0,0,0
2025-11-30 12:15:00+00:00,271,50.000000001091394,49.04826721089079,0,0,0
2025-11-30 12:30:00+00:00,271,59.99999999949068,49.75048581833359,0,0,0
2025-11-30 12:45:00+00:00,271,49.9999999992724,49.12351640375063,0,0,0
2025-11-30 13:00:00+00:00,271,50.000000001091394,49.7472585559414,0,0,0
2025-11-30 13:15:00+00:00,271,39.999999999054126,49.69679764776651,0,0,0
2025-11-30 13:30:00+00:00,271,50.000000001091394,49.86827515318868,0,0,0
2025-11-30 13:45:00+00:00,271,39.999999999054126,48.95414446691174,0,0,0
2025-11-30 14:00:00+00:00,271,50.000000001091394,49.63748952323534,0,0,0
2025-11-30 14:15:00+00:00,271,49.9999999992724,47.7342813940363,0,0,0
2025-11-30 14:30:00+00:00,271,49.9999999992724,49.01301616450019,0,0,0
2025-11-30 14:45:00+00:00,271,50.000000001091394,48.66803215120288,0,0,0
2025-11-30 15:00:00+00:00,271,49.9999999992724,47.96682804498656,0,0,0
2025-11-30 15:15:00+00:00,271,50.000000001091394,48.53504826778955,0,0,0
2025-11-30 15:30:00+00:00,271,49.9999999992724,48.43233097568421,0,0,0
2025-11-30 15:45:00+00:00,271,49.9999999992724,49.05183902086932,0,0,0
2025-11-30 16:00:00+00:00,271,50.000000001091394,49.54434299741763,0,0,0
2025-11-30 16:15:00+00:00,271,59.99999999949068,49.7595167934026,0,0,0
2025-11-30 16:30:00+00:00,271,50.000000001091394,50.10783526167452,0,0,0
2025-11-30 16:45:00+00:00,271,59.99999999949068,51.43644138110999,0,0,0
2025-11-30 17:00:00+00:00,271,49.9999999992724,50.82303948481638,0,0,0
2025-11-30 17:15:00+00:00,271,60.00000000130967,53.18873001087269,0,0,0
2025-11-30 17:30:00+00:00,271,49.9999999992724,51.787451148862,0,0,0
2025-11-30 17:45:00+00:00,271,59.99999999949068,58.3797260582628,0,0,0
2025-11-30 18:00:00+00:00,271,69.99999999970896,57.917147953742656,0,0,0
2025-11-30 18:15:00+00:00,271,70.00000000152795,61.27572891601005,0,0,0
2025-11-30 18:30:00+00:00,271,69.99999999970896,62.73808075185535,0,0,0
2025-11-30 18:45:00+00:00,271,59.99999999949068,62.30318896005205,0,0,0
2025-11-30 19:00:00+00:00,271,59.99999999949068,61.97607165326048,0,0,0
2025-11-30 19:15:00+00:00,271,60.00000000130967,60.58551204949194,0,0,0
2025-11-30 19:30:00+00:00,271,59.99999999949068,60.533087220074826,0,0,0
2025-11-30 19:45:00+00:00,271,69.99999999970896,59.913923722476056,0,0,0
2025-11-30 20:00:00+00:00,271,59.99999999949068,60.46910856159529,0,0,0
2025-11-30 20:15:00+00:00,271,60.00000000130967,61.58161826317567,0,0,0
2025-11-30 20:30:00+00:00,271,59.99999999949068,60.057734056713954,0,0,0
2025-11-30 20:45:00+00:00,271,69.99999999970896,61.42139215060124,0,0,0
2025-11-30 21:00:00+00:00,271,59.99999999949068,60.6555777153304,0,0,0
2025-11-30 21:15:00+00:00,271,60.00000000130967,61.85254368693933,0,0,0
2025-11-30 21:30:00+00:00,271,59.99999999949068,59.81818543314766,0,0,0
2025-11-30 21:45:00+00:00,271,59.99999999949068,60.0130806895224,0,0,0
2025-11-30 22:00:00+00:00,271,59.99999999949068,60.11355842231643,0,0,0
2025-11-30 22:15:00+00:00,271,60.00000000130967,60.21268093460414,0,0,0
2025-11-30 22:30:00+00:00,271,59.99999999949068,60.2412094747543,0,0,0
2025-11-30 22:45:00+00:00,271,59.99999999949068,61.366789014777055,0,0,0
2025-11-30 23:00:00+00:00,271,59.99999999949068,61.92330227625702,0,0,0
2025-11-30 23:15:00+00:00,271,60.00000000130967,61.31110246820913,0,0,0
2025-11-30 23:30:00+00:00,271,69.99999999970896,61.9642996107267,0,0,0
2025-11-30 23:45:00+00:00,271,69.99999999970896,63.103136576211085,0,0,0
2025-12-01 00:00:00+00:00,271,69.99999999970896,65.66629498062025,0,0,0
2025-12-01 00:15:00+00:00,271,79.99999999992724,67.07477871549226,0,0,0
2025-12-01 00:30:00+00:00,271,60.00000000130967,68.34589898429772,0,0,0
2025-12-01 00:45:00+00:00,271,69.99999999970896,68.59671048563129,0,0,0
2025-12-01 01:00:00+00:00,271,59.99999999949068,65.51622919353676,0,0,0
2025-12-01 01:15:00+00:00,271,59.99999999949068,66.05120823086955,0,0,0
2025-12-01 01:30:00+00:00,271,69.99999999970896,62.91187821102564,0,0,0
2025-12-01 01:45:00+00:00,271,60.00000000130967,65.44630517503934,0,0,0
2025-12-01 02:00:00+00:00,271,59.99999999949068,64.01229812063148,0,0,0
2025-12-01 02:30:00+00:00,271,59.99999999949068,65.00729795373238,0,0,0
2025-12-01 02:45:00+00:00,271,60.00000000130967,63.42672035608926,0,0,0
2025-12-01 03:00:00+00:00,271,59.99999999949068,61.65094506585673,0,0,0
2025-12-01 03:15:00+00:00,271,69.99999999970896,62.47951310152228,0,0,0
2025-12-01 03:30:00+00:00,271,69.99999999970896,61.62862221056747,0,0,0
2025-12-01 03:45:00+00:00,271,69.99999999970896,63.88072688232221,0,0,0
2025-12-01 04:00:00+00:00,271,60.00000000130967,63.87834567566985,0,0,0
2025-12-01 04:15:00+00:00,271,59.99999999949068,63.68247420113377,0,0,0
2025-12-01 04:30:00+00:00,271,59.99999999949068,63.83090912964185,0,0,0
2025-12-01 04:45:00+00:00,271,60.00000000130967,63.19820874020586,0,0,0
2025-12-01 05:00:00+00:00,271,69.99999999970896,62.2885763140841,0,0,0
2025-12-01 05:15:00+00:00,271,100.0000000003638,65.25852674047609,0,0,0
2025-12-01 05:30:00+00:00,271,109.99999999876307,106.20605494239796,0,0,0
2025-12-01 05:45:00+00:00,271,100.0000000003638,95.7484078542673,0,0,0
2025-12-01 06:00:00+00:00,271,90.00000000014552,85.75205638797424,0,0,0
2025-12-01 06:15:00+00:00,271,100.0000000003638,83.27454102861329,0,0,0
2025-12-01 06:30:00+00:00,271,90.00000000014552,86.15710653049271,0,0,0
2025-12-01 06:45:00+00:00,271,90.00000000014552,86.61739913602337,0,0,0
2025-12-01 07:00:00+00:00,271,79.99999999992724,86.24835421627895,0,0,0
2025-12-01 07:15:00+00:00,271,90.00000000014552,88.27585214479565,0,0,0
2025-12-01 07:30:00+00:00,271,89.99999999832653,86.8761620299887,0,0,0
2025-12-01 07:45:00+00:00,271,90.00000000014552,87.50539780202857,0,0,0
2025-12-01 08:00:00+00:00,271,79.99999999992724,84.45809261419346,0,0,0
2025-12-01 08:15:00+00:00,271,90.00000000014552,86.56929263635524,0,0,0
2025-12-01 08:30:00+00:00,271,79.99999999992724,86.0655372669592,0,0,0
2025-12-01 08:45:00+00:00,271,90.00000000014552,89.88049447719236,0,0,0
2025-12-01 09:00:00+00:00,271,79.99999999992724,83.2506370827333,0,0,0
2025-12-01 09:15:00+00:00,271,90.00000000014552,88.73560113080117,0,0,0
2025-12-01 09:30:00+00:00,271,69.99999999970896,84.24812531506898,0,0,0
2025-12-01 09:45:00+00:00,271,79.99999999992724,88.03754772084675,0,0,0
2025-12-01 10:00:00+00:00,271,80.00000000174623,78.12794568018474,0,0,0
2025-12-01 10:15:00+00:00,271,79.99999999992724,80.46015000915389,0,0,0
2025-12-01 10:30:00+00:00,271,69.99999999970896,77.86753661441793,0,0,0
2025-12-01 10:45:00+00:00,271,79.99999999992724,81.64934451853726,0,0,0
2025-12-01 11:00:00+00:00,271,79.99999999992724,73.55659166870777,0,0,0
2025-12-01 11:15:00+00:00,271,79.99999999992724,77.3586474859852,0,0,0
2025-12-01 11:30:00+00:00,271,69.99999999970896,75.03106009467321,0,0,0
2025-12-01 11:45:00+00:00,271,69.99999999970896,76.42847236710368,0,0,0
2025-12-01 12:00:00+00:00,271,59.99999999949068,72.49384229521003,0,0,0
2025-12-01 12:15:00+00:00,271,79.99999999992724,72.1689492345037,0,0,0
2025-12-01 12:30:00+00:00,271,60.00000000130967,68.07327762074789,0,0,0
2025-12-01 12:45:00+00:00,271,69.99999999970896,72.65496040320247,0,0,0
2025-12-01 13:00:00+00:00,271,59.99999999949068,65.6670491570037,0,0,0
2025-12-01 13:15:00+00:00,271,69.99999999970896,68.02191323223545,0,0,0
2025-12-01 13:30:00+00:00,271,60.00000000130967,62.61902041923726,0,0,0
2025-12-01 13:45:00+00:00,271,69.99999999970896,64.37029454777347,0,0,0
2025-12-01 14:00:00+00:00,271,59.99999999949068,62.43120752991537,0,0,0
2025-12-01 14:15:00+00:00,271,59.99999999949068,66.32043005823401,0,0,0
2025-12-01 14:30:00+00:00,271,60.00000000130967,63.69241248484684,0,0,0
2025-12-01 14:45:00+00:00,271,69.99999999970896,65.2922311510346,0,0,0
2025-12-01 15:00:00+00:00,271,59.99999999949068,63.39345237247348,0,0,0
2025-12-01 15:15:00+00:00,271,69.99999999970896,66.34155465358405,0,0,0
2025-12-01 15:30:00+00:00,271,60.00000000130967,63.55872419303475,0,0,0
2025-12-01 18:00:00+00:00,271,69.99999999970896,65.65569057157356,0,0,0
2025-12-01 18:15:00+00:00,271,60.00000000130967,62.8228930543898,0,0,0
2025-12-01 18:30:00+00:00,271,69.99999999970896,66.6817379705115,0,0,0
2025-12-01 18:45:00+00:00,271,59.99999999949068,65.27676096440727,0,0,0
2025-12-01 19:00:00+00:00,271,69.99999999970896,69.72833492164132,0,0,0
2025-12-01 19:15:00+00:00,271,69.99999999970896,65.0250612959622,0,0,0
2025-12-01 19:30:00+00:00,271,70.00000000152795,69.25143512244837,0,0,0
2025-12-01 19:45:00+00:00,271,59.99999999949068,65.8188683084711,0,0,0
2025-12-01 20:00:00+00:00,271,39.999999999054126,58.15960609026039,0,0,0
2025-12-01 20:15:00+00:00,271,50.000000001091394,50.20016252989801,0,0,0
2025-12-01 20:30:00+00:00,271,49.9999999992724,48.41679570784613,0,0,0
2025-12-01 20:45:00+00:00,271,40.00000000087312,49.91324244151447,0,0,0
2025-12-01 21:00:00+00:00,271,59.99999999949068,53.05474311115241,0,0,0
2025-12-01 21:15:00+00:00,271,49.9999999992724,54.82367338933604,0,0,0
2025-12-01 21:30:00+00:00,271,60.00000000130967,57.71064910032079,0,0,0
2025-12-01 21:45:00+00:00,271,49.9999999992724,52.98450134321425,0,0,0
2025-12-01 22:00:00+00:00,271,59.99999999949068,52.36937670898887,0,0,0
2025-12-01 22:15:00+00:00,271,40.00000000087312,49.969227595990574,0,0,0
2025-12-01 22:30:00+00:00,271,49.9999999992724,55.33698804010015,0,0,0
2025-12-01 22:45:00+00:00,271,60.00000000130967,51.88284871891056,0,0,0
2025-12-01 23:00:00+00:00,271,49.9999999992724,52.34044619665463,0,0,0
2025-12-01 23:15:00+00:00,271,59.99999999949068,56.343798198799966,0,0,0
2025-12-01 23:30:00+00:00,271,50.000000001091394,56.99481320660396,0,0,0
2025-12-01 23:45:00+00:00,271,49.9999999992724,59.52751360437937,0,0,0
2025-12-02 00:00:00+00:00,271,59.99999999949068,58.00765294806498,0,0,0
2025-12-02 00:15:00+00:00,271,60.00000000130967,57.83509968851208,0,0,0
2025-12-02 00:30:00+00:00,271,59.99999999949068,59.20342831634772,0,0,0
2025-12-02 00:45:00+00:00,271,59.99999999949068,59.17886973005366,0,0,0
2025-12-02 01:00:00+00:00,271,50.000000001091394,58.94978003988649,0,0,0
2025-12-02 01:15:00+00:00,271,59.99999999949068,59.92013706394999,0,0,0
2025-12-02 01:30:00+00:00,271,59.99999999949068,58.65745055439719,0,0,0
2025-12-02 01:45:00+00:00,271,49.9999999992724,57.922450158266,0,0,0
2025-12-02 02:00:00+00:00,271,60.00000000130967,58.52661817924531,0,0,0
2025-12-02 06:15:00+00:00,271,69.99999999970896,57.63662879385228,0,0,0
2025-12-02 06:30:00+00:00,271,110.00000000058208,67.70284685404503,0,0,0
2025-12-02 06:45:00+00:00,271,99.9999999985448,92.16159857079862,0,0,0
2025-12-02 07:00:00+00:00,271,90.00000000014552,80.96152800020408,0,0,0
2025-12-02 07:15:00+00:00,271,79.99999999992724,72.47812326865923,0,0,0
2025-12-02 07:30:00+00:00,271,79.99999999992724,73.5110960740829,0,0,0
2025-12-02 07:45:00+00:00,271,70.00000000152795,72.52624508155341,0,0,0
2025-12-02 08:00:00+00:00,271,69.99999999970896,75.62475004072081,0,0,0
2025-12-02 08:15:00+00:00,271,79.99999999992724,73.18557899941462,0,0,0
2025-12-02 08:30:00+00:00,271,69.99999999970896,76.49543710466496,0,0,0
2025-12-02 08:45:00+00:00,271,79.99999999992724,74.40041167752928,0,0,0
2025-12-02 09:00:00+00:00,271,69.99999999970896,74.97770498677293,0,0,0
2025-12-02 09:15:00+00:00,271,69.99999999970896,76.03456642485052,0,0,0
2025-12-02 09:30:00+00:00,271,69.99999999970896,74.71148838002279,0,0,0
2025-12-02 09:45:00+00:00,271,70.00000000152795,71.82027473372587,0,0,0
2025-12-02 10:00:00+00:00,271,69.99999999970896,71.53741265024829,0,0,0
2025-12-02 10:15:00+00:00,271,79.99999999992724,71.99074922284109,0,0,0
2025-12-02 10:30:00+00:00,271,69.99999999970896,70.02793053289619,0,0,0
2025-12-02 10:45:00+00:00,271,79.99999999992724,71.94363425456037,0,0,0
2025-12-02 11:00:00+00:00,271,69.99999999970896,70.27757440074268,0,0,0
2025-12-02 11:15:00+00:00,271,69.99999999970896,71.50727239305529,0,0,0
2025-12-02 11:30:00+00:00,271,69.99999999970896,69.5426008027571,0,0,0
2025-12-02 11:45:00+00:00,271,70.00000000152795,68.85319936552669,0,0,0
2025-12-02 12:00:00+00:00,271,69.99999999970896,68.59643101925569,0,0,0
2025-12-02 12:15:00+00:00,271,69.99999999970896,69.3662575197543,0,0,0
2025-12-02 12:30:00+00:00,271,69.99999999970896,67.51194834967201,0,0,0
2025-12-02 12:45:00+00:00,271,59.99999999949068,66.62670606435763,0,0,0
2025-12-02 13:00:00+00:00,271,70.00000000152795,66.90422383194021,0,0,0
2025-12-02 13:15:00+00:00,271,69.99999999970896,62.02093557731037,0,0,0
2025-12-02 13:30:00+00:00,271,59.99999999949068,64.68643992809291,0,0,0
2025-12-02 13:45:00+00:00,271,59.99999999949068,65.47854717250911,0,0,0
2025-12-02 14:00:00+00:00,271,69.99999999970896,65.21303497415774,0,0,0
2025-12-02 14:15:00+00:00,271,60.00000000130967,64.02971308696846,0,0,0
2025-12-02 14:30:00+00:00,271,59.99999999949068,66.0011914062504,0,0,0
2025-12-02 14:45:00+00:00,271,69.99999999970896,62.97994932916977,0,0,0
2025-12-02 15:00:00+00:00,271,50.000000001091394,63.48885759913506,0,0,0
2025-12-02 15:15:00+00:00,271,69.99999999970896,65.03100282767356,0,0,0
2025-12-02 15:30:00+00:00,271,59.99999999949068,60.39100345207522,0,0,0
2025-12-02 15:45:00+00:00,271,59.99999999949068,62.78629061579939,0,0,0
2025-12-02 16:00:00+00:00,271,69.99999999970896,61.30466325665081,0,0,0
2025-12-02 16:15:00+00:00,271,50.000000001091394,62.08434764642567,0,0,0
2025-12-02 16:30:00+00:00,271,59.99999999949068,63.85171597555116,0,0,0
2025-12-02 16:45:00+00:00,271,59.99999999949068,61.1139714808296,0,0,0
2025-12-02 17:00:00+00:00,271,70.00000000152795,61.71713648550197,0,0,0
2025-12-02 17:15:00+00:00,271,59.99999999949068,59.73232034632158,0,0,0
2025-12-02 17:30:00+00:00,271,69.99999999970896,62.96207496605099,0,0,0
2025-12-02 17:45:00+00:00,271,59.99999999949068,59.81603009657969,0,0,0
2025-12-02 18:00:00+00:00,271,60.00000000130967,63.25543043768633,0,0,0
2025-12-02 18:15:00+00:00,271,59.99999999949068,61.85796456896463,0,0,0
2025-12-02 18:30:00+00:00,271,59.99999999949068,61.77763521335932,0,0,0
2025-12-02 18:45:00+00:00,271,59.99999999949068,61.45163194376362,0,0,0
2025-12-02 19:00:00+00:00,271,70.00000000152795,61.05034502654945,0,0,0
2025-12-02 22:00:00+00:00,271,40.00000000087312,59.97553265922278,0,0,0
2025-12-02 22:15:00+00:00,271,49.9999999992724,47.97232166483566,0,0,0
2025-12-02 22:30:00+00:00,271,39.999999999054126,41.76727900235566,0,0,0
2025-12-02 22:45:00+00:00,271,50.000000001091394,41.72947064721301,0,0,0
2025-12-02 23:00:00+00:00,271,49.9999999992724,44.14918240650321,0,0,0
2025-12-02 23:15:00+00:00,271,50.000000001091394,48.8024899326245,0,0,0
2025-12-02 23:30:00+00:00,271,49.9999999992724,49.475835452330784,0,0,0
2025-12-02 23:45:00+00:00,271,59.99999999949068,49.92041668792368,0,0,0
2025-12-03 00:00:00+00:00,271,50.000000001091394,50.18790429243681,0,0,0
2025-12-03 00:15:00+00:00,271,59.99999999949068,51.84925150093447,0,0,0
2025-12-03 00:30:00+00:00,271,59.99999999949068,51.21926155251114,0,0,0
2025-12-03 00:45:00+00:00,271,50.000000001091394,52.66874262185283,0,0,0
2025-12-03 01:00:00+00:00,271,59.99999999949068,57.66958668464036,0,0,0
2025-12-03 01:15:00+00:00,271,49.9999999992724,55.115447770380655,0,0,0
2025-12-03 01:30:00+00:00,271,50.000000001091394,58.307187306415614,0,0,0
2025-12-03 01:45:00+00:00,271,49.9999999992724,55.69976602207943,0,0,0
2025-12-03 02:00:00+00:00,271,50.000000001091394,58.12420956822223,0,0,0
2025-12-03 07:30:00+00:00,271,60.00000000130967,54.92971365149644,0,0,0
2025-12-03 07:45:00+00:00,271,69.99999999970896,60.03657500660527,0,0,0
2025-12-03 08:00:00+00:00,271,59.99999999949068,67.65630996004806,0,0,0
2025-12-03 08:15:00+00:00,271,69.99999999970896,63.988677469433625,0,0,0
2025-12-03 08:30:00+00:00,271,59.99999999949068,62.341058568098944,0,0,0
2025-12-03 08:45:00+00:00,271,60.00000000130967,63.50737128944185,0,0,0
2025-12-03 09:00:00+00:00,271,59.99999999949068,60.51987190598487,0,0,0
2025-12-03 09:15:00+00:00,271,59.99999999949068,62.17195844102262,0,0,0
2025-12-03 09:30:00+00:00,271,69.99999999970896,59.67155746531469,0,0,0
2025-12-03 09:45:00+00:00,271,79.99999999992724,60.525912973665626,0,0,0
2025-12-03 10:00:00+00:00,271,90.00000000014552,59.79082452648459,0,0,0
2025-12-03 10:15:00+00:00,271,60.00000000130967,66.9199658283301,0,0,0
2025-12-03 10:30:00+00:00,271,59.99999999949068,65.58952977838044,0,0,0
2025-12-03 10:45:00+00:00,271,49.9999999992724,62.01203093635635,0,0,0
2025-12-03 11:00:00+00:00,271,69.99999999970896,61.07186010916404,0,0,0
2025-12-03 11:15:00+00:00,271,60.00000000130967,59.35713865123354,0,0,0
2025-12-03 11:30:00+00:00,271,59.99999999949068,60.53487121091084,0,0,0
2025-12-03 11:45:00+00:00,271,59.99999999949068,60.634675161758224,0,0,0
2025-12-03 12:00:00+00:00,271,60.00000000130967,59.83457441333859,0,0,0
2025-12-03 12:15:00+00:00,271,59.99999999949068,58.7561442963552,0,0,0
2025-12-03 12:30:00+00:00,271,49.9999999992724,57.20958120209833,0,0,0
2025-12-03 12:45:00+00:00,271,60.00000000130967,58.59475437860019,0,0,0
2025-12-03 13:00:00+00:00,271,59.99999999949068,57.21594384752634,0,0,0
2025-12-03 13:15:00+00:00,271,59.99999999949068,58.916462288286,0,0,0
2025-12-03 13:30:00+00:00,271,59.99999999949068,57.05667098327415,0,0,0
2025-12-03 13:45:00+00:00,271,60.00000000130967,59.22031497638561,0,0,0
2025-12-03 14:00:00+00:00,271,49.9999999992724,58.046736129277136,0,0,0
2025-12-03 14:15:00+00:00,271,59.99999999949068,59.65641651304766,0,0,0
2025-12-03 14:30:00+00:00,271,60.00000000130967,56.09865641941518,0,0,0
2025-12-03 14:45:00+00:00,271,49.9999999992724,57.72997056330226,0,0,0
2025-12-03 15:00:00+00:00,271,59.99999999949068,57.8406775311045,0,0,0
2025-12-03 15:15:00+00:00,271,60.00000000130967,57.8931483001998,0,0,0
2025-12-03 15:30:00+00:00,271,59.99999999949068,57.03311924159356,0,0,0
2025-12-03 15:45:00+00:00,271,49.9999999992724,58.36394577880776,0,0,0
2025-12-03 16:00:00+00:00,271,60.00000000130967,58.60907990157951,0,0,0
2025-12-03 16:45:00+00:00,271,60.00000000130967,57.43522924470847,0,0,0
2025-12-03 17:00:00+00:00,271,59.99999999949068,58.18318080178007,0,0,0
2025-12-03 17:15:00+00:00,271,49.9999999992724,57.95951965025124,0,0,0
2025-12-03 17:30:00+00:00,271,59.99999999949068,58.683728050316496,0,0,0
2025-12-03 17:45:00+00:00,271,70.00000000152795,58.49965158815329,0,0,0
2025-12-03 18:00:00+00:00,271,59.99999999949068,58.58718198831342,0,0,0
2025-12-03 18:15:00+00:00,271,49.9999999992724,60.101916542204165,0,0,0
2025-12-03 18:30:00+00:00,271,60.00000000130967,59.39582751687465,0,0,0
2025-12-03 18:45:00+00:00,271,59.99999999949068,59.14256207106492,0,0,0
2025-12-03 19:00:00+00:00,271,59.99999999949068,59.06480533743772,0,0,0
2025-12-03 19:15:00+00:00,271,59.99999999949068,59.00658062365031,0,0,0
2025-12-03 19:30:00+00:00,271,60.00000000130967,58.55650576820831,0,0,0
2025-12-03 19:45:00+00:00,271,49.9999999992724,57.8781183688217,0,0,0
2025-12-03 20:00:00+00:00,271,40.00000000087312,47.89319056916956,0,0,0
2025-12-03 20:15:00+00:00,271,39.999999999054126,40.26794189726845,0,0,0
2025-12-03 20:30:00+00:00,271,40.00000000087312,40.124744092072966,0,0,0
2025-12-03 20:45:00+00:00,271,39.999999999054126,40.26600094586532,0,0,0
2025-12-03 21:00:00+00:00,271,50.000000001091394,46.46881074857042,0,0,0
2025-12-03 21:15:00+00:00,271,39.999999999054126,48.494433763971365,0,0,0
2025-12-03 21:30:00+00:00,271,50.000000001091394,48.97419330813106,0,0,0
2025-12-03 21:45:00+00:00,271,49.9999999992724,48.45003689331632,0,0,0
2025-12-03 22:00:00+00:00,271,39.999999999054126,48.19543919683936,0,0,0
2025-12-03 22:15:00+00:00,271,50.000000001091394,48.20612400032287,0,0,0
2025-12-03 22:30:00+00:00,271,39.999999999054126,41.69185370739612,0,0,0
2025-12-03 22:45:00+00:00,271,50.000000001091394,48.88288054113406,0,0,0
2025-12-03 23:00:00+00:00,271,39.999999999054126,48.04900647263865,0,0,0
2025-12-03 23:15:00+00:00,271,50.000000001091394,49.65406991875203,0,0,0
2025-12-03 23:30:00+00:00,271,49.9999999992724,48.2313640251766,0,0,0
2025-12-03 23:45:00+00:00,271,40.00000000087312,49.8550292126466,0,0,0
2025-12-04 00:00:00+00:00,271,49.9999999992724,50.04463374941754,0,0,0
2025-12-04 00:15:00+00:00,271,49.9999999992724,49.48985088248239,0,0,0
2025-12-04 00:30:00+00:00,271,60.00000000130967,49.88631030518109,0,0,0
2025-12-04 00:45:00+00:00,271,59.99999999949068,50.08685997027855,0,0,0
2025-12-04 01:00:00+00:00,271,49.9999999992724,51.72439128394608,0,0,0
2025-12-04 01:15:00+00:00,271,50.000000001091394,52.38115257982916,0,0,0
2025-12-04 01:30:00+00:00,271,49.9999999992724,51.47789428405497,0,0,0
2025-12-04 01:45:00+00:00,271,59.99999999949068,51.027444254574505,0,0,0
2025-12-04 02:00:00+00:00,271,50.000000001091394,50.16859814268142,0,0,0
2025-12-04 02:15:00+00:00,271,59.99999999949068,52.637208861088354,0,0,0
2025-12-04 02:30:00+00:00,271,50.000000001091394,52.543028692511584,0,0,0
2025-12-04 02:45:00+00:00,271,49.9999999992724,57.51422252134004,0,0,0
2025-12-04 03:00:00+00:00,271,59.99999999949068,56.24516953805271,0,0,0
2025-12-04 03:15:00+00:00,271,59.99999999949068,54.95751864171525,0,0,0
2025-12-04 03:30:00+00:00,271,50.000000001091394,56.28181025970826,0,0,0
2025-12-04 03:45:00+00:00,271,59.99999999949068,58.07566664161138,0,0,0
2025-12-04 04:00:00+00:00,271,59.99999999949068,56.49050273276324,0,0,0
2025-12-04 04:15:00+00:00,271,50.000000001091394,57.34735046865547,0,0,0
2025-12-04 04:30:00+00:00,271,59.99999999949068,58.051525340727466,0,0,0
2025-12-04 04:45:00+00:00,271,50.000000001091394,57.65919666075851,0,0,0
2025-12-04 05:00:00+00:00,271,59.99999999949068,58.49831933748605,0,0,0
2025-12-04 05:15:00+00:00,271,59.99999999949068,58.14487093848396,0,0,0
2025-12-04 05:30:00+00:00,271,59.99999999949068,59.49383216365995,0,0,0
2025-12-04 05:45:00+00:00,271,60.00000000130967,59.1958674109805,0,0,0
2025-12-04 06:00:00+00:00,271,49.9999999992724,59.5222803093733,0,0,0
2025-12-04 06:15:00+00:00,271,79.99999999992724,76.53173327873417,0,0,0
2025-12-04 06:30:00+00:00,271,110.00000000058208,113.38769763979089,0,0,0
2025-12-04 06:45:00+00:00,271,100.0000000003638,97.23102674480327,0,0,0
2025-12-04 07:00:00+00:00,271,89.99999999832653,78.7651940977606,0,0,0
2025-12-04 07:15:00+00:00,271,70.00000000152795,72.11923101779273,0,0,0
2025-12-04 07:30:00+00:00,271,69.99999999970896,74.03165770908001,0,0,0
2025-12-04 07:45:00+00:00,271,69.99999999970896,73.62055118565473,0,0,0
2025-12-04 08:00:00+00:00,271,79.99999999992724,73.73413321164978,0,0,0
2025-12-04 08:15:00+00:00,271,69.99999999970896,72.2908118874908,0,0,0
2025-12-04 08:30:00+00:00,271,79.99999999992724,76.54702353495527,0,0,0
2025-12-04 08:45:00+00:00,271,69.99999999970896,72.5120726908347,0,0,0
2025-12-04 09:00:00+00:00,271,70.00000000152795,75.86757952297052,0,0,0
2025-12-04 09:15:00+00:00,271,69.99999999970896,72.2980856698694,0,0,0
2025-12-04 09:30:00+00:00,271,69.99999999970896,73.72587555449681,0,0,0
2025-12-04 09:45:00+00:00,271,69.99999999970896,69.5811633342832,0,0,0
2025-12-04 10:00:00+00:00,271,69.99999999970896,70.73236955811772,0,0,0
2025-12-04 10:15:00+00:00,271,69.99999999970896,68.28148007056895,0,0,0
2025-12-04 10:30:00+00:00,271,69.99999999970896,69.18973047803877,0,0,0
2025-12-04 10:45:00+00:00,271,70.00000000152795,69.53396414325914,0,0,0
2025-12-04 11:00:00+00:00,271,69.99999999970896,67.1728178170362,0,0,0
2025-12-04 11:15:00+00:00,271,59.99999999949068,67.59206332011249,0,0,0
2025-12-04 11:30:00+00:00,271,69.99999999970896,67.65128722190032,0,0,0
2025-12-04 11:45:00+00:00,271,60.00000000130967,64.23094036231909,0,0,0
2025-12-04 12:00:00+00:00,271,69.99999999970896,66.50844201949468,0,0,0
2025-12-04 12:15:00+00:00,271,59.99999999949068,61.97505715203399,0,0,0
2025-12-04 12:30:00+00:00,271,59.99999999949068,63.83289602072316,0,0,0
2025-12-04 12:45:00+00:00,271,69.99999999970896,62.72706671401154,0,0,0
2025-12-04 13:00:00+00:00,271,60.00000000130967,62.09865785617893,0,0,0
2025-12-04 13:15:00+00:00,271,59.99999999949068,63.544670479818,0,0,0
2025-12-04 13:30:00+00:00,271,59.99999999949068,62.53021519300762,0,0,0
2025-12-04 13:45:00+00:00,271,60.00000000130967,61.86050656449064,0,0,0
2025-12-04 14:00:00+00:00,271,59.99999999949068,62.47133583880613,0,0,0
2025-12-04 14:15:00+00:00,271,69.99999999970896,61.88966294690926,0,0,0
2025-12-04 14:30:00+00:00,271,59.99999999949068,61.60395643169099,0,0,0
2025-12-04 14:45:00+00:00,271,69.99999999970896,65.6187474137033,0,0,0
2025-12-04 15:00:00+00:00,271,60.00000000130967,62.78881729809932,0,0,0
2025-12-04 15:15:00+00:00,271,59.99999999949068,65.11682580312798,0,0,0
2025-12-04 15:30:00+00:00,271,59.99999999949068,63.48584855021423,0,0,0
2025-12-04 15:45:00+00:00,271,69.99999999970896,64.03606424747693,0,0,0
2025-12-04 16:00:00+00:00,271,60.00000000130967,64.26410115335246,0,0,0
2025-12-04 16:15:00+00:00,271,69.99999999970896,67.12373509920673,0,0,0
2025-12-04 16:30:00+00:00,271,69.99999999970896,65.45383928226097,0,0,0
2025-12-04 16:45:00+00:00,271,69.99999999970896,69.31287944201495,0,0,0
2025-12-04 17:00:00+00:00,271,69.99999999970896,69.82939838533215,0,0,0
2025-12-04 17:15:00+00:00,271,69.99999999970896,71.05364869747385,0,0,0
2025-12-04 17:30:00+00:00,271,70.00000000152795,72.03713298457745,0,0,0
2025-12-04 17:45:00+00:00,271,69.99999999970896,72.9737741131629,0,0,0
2025-12-04 18:00:00+00:00,271,69.99999999970896,74.14087546564791,0,0,0
2025-12-04 18:15:00+00:00,271,90.00000000014552,74.04540898608208,0,0,0
2025-12-04 18:30:00+00:00,271,69.99999999970896,73.85991987881482,0,0,0
2025-12-04 18:45:00+00:00,271,69.99999999970896,77.90901631550851,0,0,0
2025-12-04 19:00:00+00:00,271,79.99999999992724,75.1636802889676,0,0,0
2025-12-04 19:15:00+00:00,271,69.99999999970896,74.85592272822264,0,0,0
2025-12-04 19:30:00+00:00,271,70.00000000152795,75.96476108385508,0,0,0
2025-12-04 19:45:00+00:00,271,59.99999999949068,66.07634489144738,0,0,0
2025-12-04 20:00:00+00:00,271,49.9999999992724,59.96618010640651,0,0,0
2025-12-04 20:15:00+00:00,271,60.00000000130967,56.77049741466105,0,0,0
2025-12-04 20:30:00+00:00,271,59.99999999949068,54.20163100523794,0,0,0
2025-12-04 20:45:00+00:00,271,49.9999999992724,59.44865049016932,0,0,0
2025-12-04 21:00:00+00:00,271,69.99999999970896,65.52759926388646,0,0,0
2025-12-04 21:15:00+00:00,271,70.00000000152795,67.63559116518861,0,0,0
2025-12-04 21:30:00+00:00,271,79.99999999992724,69.43776645714894,0,0,0
2025-12-04 21:45:00+00:00,271,69.99999999970896,66.73322869313894,0,0,0
2025-12-04 22:00:00+00:00,271,59.99999999949068,67.53549626304608,0,0,0
2025-12-04 22:15:00+00:00,271,59.99999999949068,65.71182503000375,0,0,0
2025-12-04 22:30:00+00:00,271,69.99999999970896,67.54268582268135,0,0,0
2025-12-04 22:45:00+00:00,271,70.00000000152795,65.25460655460468,0,0,0
2025-12-04 23:00:00+00:00,271,69.99999999970896,67.88523120472858,0,0,0
2025-12-04 23:15:00+00:00,271,79.99999999992724,68.46702660243393,0,0,0
2025-12-04 23:30:00+00:00,271,59.99999999949068,69.55982818207482,0,0,0
2025-12-04 23:45:00+00:00,271,69.99999999970896,72.47219705017393,0,0,0
2025-12-05 00:00:00+00:00,271,79.99999999992724,69.90758771759556,0,0,0
2025-12-05 00:15:00+00:00,271,79.99999999992724,73.26604617405448,0,0,0
2025-12-05 00:30:00+00:00,271,69.99999999970896,75.18223226233954,0,0,0
2025-12-05 00:45:00+00:00,271,80.00000000174623,76.19640808277431,0,0,0
2025-12-05 01:00:00+00:00,271,79.99999999992724,74.22446653840404,0,0,0
2025-12-05 01:15:00+00:00,271,79.99999999992724,75.84972430138431,0,0,0
2025-12-05 01:30:00+00:00,271,79.99999999992724,74.31834809907265,0,0,0
2025-12-05 01:45:00+00:00,271,69.99999999970896,74.11016096247765,0,0,0
2025-12-05 02:00:00+00:00,271,79.99999999992724,74.88233038656347,0,0,0
2025-12-05 02:15:00+00:00,271,79.99999999992724,73.60046406137026,0,0,0
2025-12-05 02:30:00+00:00,271,69.99999999970896,75.91206061636889,0,0,0
2025-12-05 02:45:00+00:00,271,79.99999999992724,75.97359681529183,0,0,0
2025-12-05 03:00:00+00:00,271,69.99999999970896,74.36200227826377,0,0,0
2025-12-05 03:15:00+00:00,271,69.99999999970896,77.49125236705355,0,0,0
2025-12-05 03:30:00+00:00,271,69.99999999970896,75.1412464127894,0,0,0
2025-12-05 03:45:00+00:00,271,79.99999999992724,73.78644319187144,0,0,0
2025-12-05 04:00:00+00:00,271,80.00000000174623,71.62936091612679,0,0,0
2025-12-05 04:15:00+00:00,271,69.99999999970896,74.0340465723454,0,0,0
2025-12-05 04:30:00+00:00,271,69.99999999970896,73.91435839745884,0,0,0
2025-12-05 04:45:00+00:00,271,69.99999999970896,73.11952157049741,0,0,0
2025-12-05 05:00:00+00:00,271,79.99999999992724,73.04118676258643,0,0,0
2025-12-05 05:15:00+00:00,271,69.99999999970896,72.32193601945816,0,0,0
2025-12-05 05:30:00+00:00,271,69.99999999970896,72.79805484412205,0,0,0
2025-12-05 05:45:00+00:00,271,70.00000000152795,71.97684481357842,0,0,0
2025-12-05 06:00:00+00:00,271,79.99999999992724,73.32767425233376,0,0,0
2025-12-05 06:15:00+00:00,271,89.99999999832653,106.39702618459478,0,0,0
2025-12-05 06:30:00+00:00,271,110.00000000058208,131.26789509769364,0,0,0
2025-12-05 06:45:00+00:00,271,110.00000000058208,102.95702479936529,0,0,0
2025-12-05 07:00:00+00:00,271,100.0000000003638,86.52600214628303,0,0,0
2025-12-05 07:15:00+00:00,271,90.00000000014552,83.67435021951265,0,0,0
2025-12-05 07:30:00+00:00,271,69.99999999970896,89.48856776940748,0,0,0
2025-12-05 07:45:00+00:00,271,79.99999999992724,88.58020251274222,0,0,0
2025-12-05 08:00:00+00:00,271,79.99999999992724,86.13922451076091,0,0,0
2025-12-05 08:15:00+00:00,271,90.00000000014552,84.19248853648574,0,0,0
2025-12-05 08:30:00+00:00,271,79.99999999992724,83.50886784209305,0,0,0
2025-12-05 08:45:00+00:00,271,79.99999999992724,85.41603444022866,0,0,0
2025-12-05 09:00:00+00:00,271,79.99999999992724,80.28920081003079,0,0,0
2025-12-05 09:15:00+00:00,271,79.99999999992724,82.41567960349414,0,0,0
2025-12-05 09:30:00+00:00,271,79.99999999992724,79.5010635194707,0,0,0
2025-12-05 09:45:00+00:00,271,79.99999999992724,78.62606578239061,0,0,0
2025-12-05 10:00:00+00:00,271,79.99999999992724,79.21226756089479,0,0,0
2025-12-05 10:15:00+00:00,271,79.99999999992724,80.12765393170866,0,0,0
2025-12-05 10:30:00+00:00,271,69.99999999970896,80.16081472274205,0,0,0
2025-12-05 10:45:00+00:00,271,69.99999999970896,79.68054218550934,0,0,0
2025-12-05 11:00:00+00:00,271,79.99999999992724,74.43192629676118,0,0,0
2025-12-05 11:15:00+00:00,271,70.00000000152795,71.06777514851439,0,0,0
2025-12-05 11:30:00+00:00,271,69.99999999970896,72.12823902302264,0,0,0
2025-12-05 11:45:00+00:00,271,69.99999999970896,67.98562088647277,0,0,0
2025-12-05 12:00:00+00:00,271,79.99999999992724,70.88638232921824,0,0,0
2025-12-05 12:15:00+00:00,271,69.99999999970896,69.82054351236285,0,0,0
2025-12-05 12:30:00+00:00,271,59.99999999949068,72.28931884794993,0,0,0
2025-12-05 12:45:00+00:00,271,79.99999999992724,71.69848099025603,0,0,0
2025-12-05 13:00:00+00:00,271,60.00000000130967,70.04382183324017,0,0,0
2025-12-05 13:15:00+00:00,271,79.99999999992724,73.7610232366115,0,0,0
2025-12-05 13:30:00+00:00,271,69.99999999970896,66.72308368087405,0,0,0
2025-12-05 13:45:00+00:00,271,69.99999999970896,69.30283396571944,0,0,0
2025-12-05 14:00:00+00:00,271,59.99999999949068,65.56606608774969,0,0,0
2025-12-05 14:15:00+00:00,271,60.00000000130967,66.78501802367455,0,0,0
2025-12-05 14:30:00+00:00,271,69.99999999970896,62.442056950579016,0,0,0
2025-12-05 14:45:00+00:00,271,59.99999999949068,64.72691278457002,0,0,0
2025-12-05 15:00:00+00:00,271,69.99999999970896,66.53847508410526,0,0,0
2025-12-05 15:15:00+00:00,271,59.99999999949068,64.40592459650905,0,0,0
2025-12-05 15:30:00+00:00,271,60.00000000130967,66.84466303917904,0,0,0
2025-12-05 15:45:00+00:00,271,59.99999999949068,63.15122010604013,0,0,0
2025-12-05 16:00:00+00:00,271,59.99999999949068,63.36411223134212,0,0,0
2025-12-05 16:15:00+00:00,271,60.00000000130967,62.0264138839334,0,0,0
2025-12-05 16:30:00+00:00,271,59.99999999949068,61.861103780306976,0,0,0
2025-12-05 16:45:00+00:00,271,69.99999999970896,62.00290042531796,0,0,0
2025-12-05 17:00:00+00:00,271,79.99999999992724,61.69675458161584,0,0,0
2025-12-05 17:15:00+00:00,271,59.99999999949068,63.3022238282198,0,0,0
2025-12-05 17:30:00+00:00,271,70.00000000152795,65.3973296497923,0,0,0
2025-12-05 17:45:00+00:00,271,59.99999999949068,62.58340951203425,0,0,0
2025-12-05 18:00:00+00:00,271,69.99999999970896,66.23176647934542,0,0,0
2025-12-05 18:15:00+00:00,271,69.99999999970896,63.51057558199494,0,0,0
2025-12-05 18:30:00+00:00,271,59.99999999949068,66.20476926180127,0,0,0
2025-12-05 18:45:00+00:00,271,60.00000000130967,65.89603165458847,0,0,0
2025-12-05 19:00:00+00:00,271,69.99999999970896,65.13247592016151,0,0,0
2025-12-05 19:15:00+00:00,271,69.99999999970896,62.72130511270639,0,0,0
2025-12-05 19:30:00+00:00,271,69.99999999970896,63.67210714709101,0,0,0
2025-12-05 19:45:00+00:00,271,59.99999999949068,60.483556590383095,0,0,0
2025-12-05 20:00:00+00:00,271,40.00000000087312,53.88746103108028,0,0,0
2025-12-05 20:15:00+00:00,271,49.9999999992724,48.970085535240415,0,0,0
2025-12-05 20:30:00+00:00,271,40.00000000087312,47.64456885916259,0,0,0
2025-12-05 20:45:00+00:00,271,49.9999999992724,48.60650743719949,0,0,0
2025-12-05 21:00:00+00:00,271,50.000000001091394,50.83104447373935,0,0,0
2025-12-05 21:15:00+00:00,271,59.99999999949068,58.15641328262684,0,0,0
2025-12-05 21:30:00+00:00,271,69.99999999970896,58.596925028394224,0,0,0
2025-12-05 21:45:00+00:00,271,69.99999999970896,60.079111320294,0,0,0
2025-12-05 22:00:00+00:00,271,60.00000000130967,61.21567810001496,0,0,0
2025-12-05 22:15:00+00:00,271,59.99999999949068,61.96168487737692,0,0,0
2025-12-05 22:30:00+00:00,271,59.99999999949068,62.41279337557797,0,0,0
2025-12-05 22:45:00+00:00,271,59.99999999949068,61.87105737724611,0,0,0
2025-12-05 23:00:00+00:00,271,70.00000000152795,65.6272653956993,0,0,0
2025-12-05 23:15:00+00:00,271,59.99999999949068,65.09853798290558,0,0,0
2025-12-05 23:30:00+00:00,271,59.99999999949068,69.49250358370114,0,0,0
2025-12-05 23:45:00+00:00,271,59.99999999949068,68.6196573548825,0,0,0
2025-12-06 00:00:00+00:00,271,70.00000000152795,70.1242047851367,0,0,0
2025-12-06 00:15:00+00:00,271,79.99999999992724,67.98124130381954,0,0,0
2025-12-06 00:30:00+00:00,271,69.99999999970896,69.56941426158852,0,0,0
2025-12-06 00:45:00+00:00,271,69.99999999970896,70.1691491036234,0,0,0
2025-12-06 01:00:00+00:00,271,59.99999999949068,71.13384789065765,0,0,0
2025-12-06 01:15:00+00:00,271,69.99999999970896,71.28627191455442,0,0,0
2025-12-06 01:30:00+00:00,271,60.00000000130967,68.32202183656334,0,0,0
2025-12-06 01:45:00+00:00,271,79.99999999992724,69.39374093222585,0,0,0
2025-12-06 02:00:00+00:00,271,69.99999999970896,65.57442328087204,0,0,0
2025-12-06 02:15:00+00:00,271,69.99999999970896,69.31761122886755,0,0,0
2025-12-06 02:30:00+00:00,271,59.99999999949068,67.9070066121862,0,0,0
2025-12-06 02:45:00+00:00,271,69.99999999970896,70.42486083729624,0,0,0
2025-12-06 03:00:00+00:00,271,60.00000000130967,67.06832419070788,0,0,0
2025-12-06 03:15:00+00:00,271,59.99999999949068,71.341361245306,0,0,0
2025-12-06 03:30:00+00:00,271,69.99999999970896,68.7419487781993,0,0,0
2025-12-06 03:45:00+00:00,271,69.99999999970896,65.9289818887635,0,0,0
2025-12-06 04:00:00+00:00,271,60.00000000130967,67.04296166004566,0,0,0
2025-12-06 04:15:00+00:00,271,59.99999999949068,67.6955118187622,0,0,0
2025-12-06 04:30:00+00:00,271,59.99999999949068,67.013158293826,0,0,0
2025-12-06 04:45:00+00:00,271,59.99999999949068,64.96637335708647,0,0,0
2025-12-06 05:00:00+00:00,271,70.00000000152795,65.56535785104441,0,0,0
2025-12-06 05:15:00+00:00,271,59.99999999949068,62.00325645782386,0,0,0
2025-12-06 05:30:00+00:00,271,59.99999999949068,63.63507210986441,0,0,0
2025-12-06 05:45:00+00:00,271,59.99999999949068,61.785544494619415,0,0,0
2025-12-06 06:00:00+00:00,271,60.00000000130967,63.58701154987446,0,0,0
2025-12-06 06:15:00+00:00,271,59.99999999949068,62.52045683970076,0,0,0
2025-12-06 06:30:00+00:00,271,69.99999999970896,63.13767172928336,0,0,0
2025-12-06 06:45:00+00:00,271,69.99999999970896,63.33835155680234,0,0,0
2025-12-06 07:00:00+00:00,271,69.99999999970896,63.06787021659443,0,0,0
2025-12-06 07:15:00+00:00,271,70.00000000152795,61.39215154543928,0,0,0
2025-12-06 07:30:00+00:00,271,59.99999999949068,64.68995431347372,0,0,0
2025-12-06 07:45:00+00:00,271,59.99999999949068,61.89504554586942,0,0,0
2025-12-06 08:00:00+00:00,271,69.99999999970896,61.90308881785754,0,0,0
2025-12-06 08:15:00+00:00,271,60.00000000130967,58.974560667958414,0,0,0
2025-12-06 08:30:00+00:00,271,59.99999999949068,61.92034299532088,0,0,0
2025-12-06 08:45:00+00:00,271,69.99999999970896,59.710361180151246,0,0,0
2025-12-06 09:00:00+00:00,271,59.99999999949068,59.375338420406095,0,0,0
2025-12-06 09:15:00+00:00,271,60.00000000130967,60.67834848248192,0,0,0
2025-12-06 09:30:00+00:00,271,59.99999999949068,60.81982737805215,0,0,0
2025-12-06 09:45:00+00:00,271,59.99999999949068,59.36984480055699,0,0,0
2025-12-06 10:00:00+00:00,271,59.99999999949068,60.845492344929056,0,0,0
2025-12-06 10:15:00+00:00,271,60.00000000130967,58.87670149682068,0,0,0
2025-12-06 10:30:00+00:00,271,59.99999999949068,58.24500795199815,0,0,0
2025-12-06 10:45:00+00:00,271,49.9999999992724,57.644327518254045,0,0,0
2025-12-06 11:00:00+00:00,271,50.000000001091394,57.89749342809438,0,0,0
2025-12-06 11:15:00+00:00,271,59.99999999949068,51.69381077150385,0,0,0
2025-12-06 11:30:00+00:00,271,50.000000001091394,50.57032914345133,0,0,0
2025-12-06 11:45:00+00:00,271,59.99999999949068,50.242549539632655,0,0,0
2025-12-06 12:00:00+00:00,271,49.9999999992724,49.77576795455899,0,0,0
2025-12-06 12:15:00+00:00,271,50.000000001091394,50.136953361028,0,0,0
2025-12-06 12:30:00+00:00,271,49.9999999992724,49.9139621631393,0,0,0
2025-12-06 12:45:00+00:00,271,49.9999999992724,49.81074336288049,0,0,0
2025-12-06 13:00:00+00:00,271,50.000000001091394,49.31055597515649,0,0,0
2025-12-06 13:15:00+00:00,271,49.9999999992724,48.93649597387736,0,0,0
2025-12-06 13:30:00+00:00,271,50.000000001091394,49.25983857044508,0,0,0
2025-12-06 13:45:00+00:00,271,39.999999999054126,48.41131740122309,0,0,0
2025-12-06 14:00:00+00:00,271,50.000000001091394,49.20200434392221,0,0,0
2025-12-06 14:15:00+00:00,271,39.999999999054126,42.10459300355007,0,0,0
2025-12-06 14:30:00+00:00,271,49.9999999992724,46.63226029523053,0,0,0
2025-12-06 14:45:00+00:00,271,40.00000000087312,41.00069316332204,0,0,0
2025-12-06 15:00:00+00:00,271,49.9999999992724,46.41442965452412,0,0,0
2025-12-06 15:15:00+00:00,271,40.00000000087312,40.95574884483534,0,0,0
2025-12-06 15:30:00+00:00,271,39.999999999054126,48.693157326861154,0,0,0
2025-12-06 15:45:00+00:00,271,50.000000001091394,43.669084057216935,0,0,0
2025-12-06 16:00:00+00:00,271,49.9999999992724,42.65469193746406,0,0,0
2025-12-06 16:15:00+00:00,271,40.00000000087312,43.79066150136867,0,0,0
2025-12-06 16:30:00+00:00,271,49.9999999992724,48.75679143775434,0,0,0
2025-12-06 16:45:00+00:00,271,50.000000001091394,46.85937170800605,0,0,0
2025-12-06 17:00:00+00:00,271,49.9999999992724,48.29142632609123,0,0,0
2025-12-06 17:15:00+00:00,271,39.999999999054126,48.56036485877358,0,0,0
2025-12-06 17:30:00+00:00,271,50.000000001091394,49.057550854189785,0,0,0
2025-12-06 17:45:00+00:00,271,49.9999999992724,44.59355308523777,0,0,0
2025-12-06 18:00:00+00:00,271,50.000000001091394,47.50360678497189,0,0,0
2025-12-06 18:15:00+00:00,271,39.999999999054126,47.75911179009292,0,0,0
2025-12-06 18:30:00+00:00,271,50.000000001091394,48.70516672439887,0,0,0
2025-12-06 18:45:00+00:00,271,39.999999999054126,45.29509216827415,0,0,0
2025-12-06 19:00:00+00:00,271,49.9999999992724,45.8077789767698,0,0,0
2025-12-06 19:15:00+00:00,271,50.000000001091394,40.93961444702766,0,0,0
2025-12-06 19:30:00+00:00,271,39.999999999054126,41.1889405654334,0,0,0
2025-12-06 19:45:00+00:00,271,50.000000001091394,42.58160956609173,0,0,0
2025-12-06 20:00:00+00:00,271,39.999999999054126,40.77101582810481,0,0,0
2025-12-06 20:15:00+00:00,271,40.00000000087312,41.449458737935885,0,0,0
2025-12-06 20:30:00+00:00,271,49.9999999992724,40.180520603844,0,0,0
2025-12-06 20:45:00+00:00,271,40.00000000087312,40.47058181772314,0,0,0
2025-12-06 21:00:00+00:00,271,49.9999999992724,42.400628289745946,0,0,0
2025-12-06 21:15:00+00:00,271,40.00000000087312,40.8345006350439,0,0,0
2025-12-06 21:30:00+00:00,271,49.9999999992724,41.43405746082584,0,0,0
2025-12-06 21:45:00+00:00,271,40.00000000087312,40.24165100227634,0,0,0
2025-12-06 22:00:00+00:00,271,49.9999999992724,41.96242501280713,0,0,0
2025-12-06 22:15:00+00:00,271,30.00000000065484,40.38550153373264,0,0,0
2025-12-06 22:30:00+00:00,271,39.999999999054126,41.800581440730085,0,0,0
2025-12-06 22:45:00+00:00,271,40.00000000087312,40.50792886193072,0,0,0
2025-12-06 23:00:00+00:00,271,49.9999999992724,40.36943795959549,0,0,0
2025-12-06 23:15:00+00:00,271,40.00000000087312,40.068665144087234,0,0,0
2025-12-06 23:30:00+00:00,271,39.999999999054126,40.42053053834536,0,0,0
2025-12-06 23:45:00+00:00,271,40.00000000087312,40.47728518243099,0,0,0
2025-12-07 00:00:00+00:00,271,39.999999999054126,40.6163407599772,0,0,0
2025-12-07 00:15:00+00:00,271,50.000000001091394,40.756359156611936,0,0,0
2025-12-07 00:30:00+00:00,271,59.99999999949068,40.19645210140639,0,0,0
2025-12-07 00:45:00+00:00,271,39.999999999054126,40.75526617510189,0,0,0
2025-12-07 01:00:00+00:00,271,50.000000001091394,48.41474373555406,0,0,0
2025-12-07 01:15:00+00:00,271,39.999999999054126,43.63798480924192,0,0,0
2025-12-07 01:30:00+00:00,271,40.00000000087312,42.82852959385276,0,0,0
2025-12-07 01:45:00+00:00,271,39.999999999054126,40.91362024579046,0,0,0
2025-12-07 02:00:00+00:00,271,40.00000000087312,40.96802048136934,0,0,0
2025-12-07 02:15:00+00:00,271,39.999999999054126,40.79550741903485,0,0,0
2025-12-07 02:30:00+00:00,271,40.00000000087312,40.41322995782116,0,0,0
2025-12-07 02:45:00+00:00,271,39.999999999054126,40.65190381334877,0,0,0
2025-12-07 03:00:00+00:00,271,40.00000000087312,40.15525952330444,0,0,0
2025-12-07 03:15:00+00:00,271,49.9999999992724,40.37852061680245,0,0,0
2025-12-07 03:30:00+00:00,271,50.000000001091394,39.95362836161647,0,0,0
2025-12-07 03:45:00+00:00,271,39.999999999054126,40.40626243996377,0,0,0
2025-12-07 04:00:00+00:00,271,50.000000001091394,40.8115843922448,0,0,0
2025-12-07 04:15:00+00:00,271,39.999999999054126,40.51870363061733,0,0,0
2025-12-07 04:30:00+00:00,271,40.00000000087312,40.790295179714605,0,0,0
2025-12-07 04:45:00+00:00,271,39.999999999054126,41.28282978271503,0,0,0
2025-12-07 05:00:00+00:00,271,50.000000001091394,40.593696326940666,0,0,0
2025-12-07 05:15:00+00:00,271,39.999999999054126,40.36736493161759,0,0,0
2025-12-07 05:30:00+00:00,271,40.00000000087312,40.464919752387374,0,0,0
2025-12-07 05:45:00+00:00,271,39.999999999054126,40.66230915045667,0,0,0
2025-12-07 06:00:00+00:00,271,50.000000001091394,40.41715205784583,0,0,0
2025-12-07 06:15:00+00:00,271,49.9999999992724,40.20456811121829,0,0,0
2025-12-07 06:30:00+00:00,271,49.9999999992724,41.717512931813246,0,0,0
2025-12-07 06:45:00+00:00,271,50.000000001091394,42.38050671070284,0,0,0
2025-12-07 07:00:00+00:00,271,49.9999999992724,41.1588003082404,0,0,0
2025-12-07 08:45:00+00:00,271,40.00000000087312,41.44688611595777,0,0,0
2025-12-07 09:00:00+00:00,271,49.9999999992724,41.71086507754986,0,0,0
2025-12-07 09:15:00+00:00,271,39.999999999054126,40.29666185274437,0,0,0
2025-12-07 09:30:00+00:00,271,40.00000000087312,40.36304468771535,0,0,0
2025-12-07 09:45:00+00:00,271,40.00000000087312,40.05515313624237,0,0,0
2025-12-07 10:00:00+00:00,271,49.9999999992724,39.72172678031399,0,0,0
2025-12-07 10:15:00+00:00,271,39.999999999054126,39.68228565244267,0,0,0
2025-12-07 10:30:00+00:00,271,30.00000000065484,39.85995161534642,0,0,0
2025-12-07 10:45:00+00:00,271,40.00000000087312,40.14158672658593,0,0,0
2025-12-07 11:00:00+00:00,271,39.999999999054126,39.46730327178346,0,0,0
2025-12-07 11:15:00+00:00,271,50.000000001091394,39.382104310291,0,0,0
2025-12-07 11:30:00+00:00,271,29.999999998835847,39.42697780510717,0,0,0
2025-12-07 11:45:00+00:00,271,40.00000000087312,39.95061165608261,0,0,0
2025-12-07 12:00:00+00:00,271,39.999999999054126,39.44639114744499,0,0,0
2025-12-07 12:15:00+00:00,271,40.00000000087312,39.50561122092632,0,0,0
2025-12-07 12:30:00+00:00,271,39.999999999054126,38.80017300770436,0,0,0
2025-12-07 12:45:00+00:00,271,40.00000000087312,39.42226515978714,0,0,0
2025-12-07 13:00:00+00:00,271,39.999999999054126,39.36931968068398,0,0,0
2025-12-07 13:15:00+00:00,271,30.00000000065484,39.37814201304792,0,0,0
2025-12-07 13:30:00+00:00,271,39.999999999054126,39.4904472988202,0,0,0
2025-12-07 13:45:00+00:00,271,40.00000000087312,32.18343713382564,0,0,0
2025-12-07 14:00:00+00:00,271,30.00000000065484,33.31750402939227,0,0,0
2025-12-07 14:15:00+00:00,271,39.999999999054126,39.37003940230881,0,0,0
2025-12-07 14:30:00+00:00,271,30.00000000065484,31.802795316570503,0,0,0
2025-12-07 14:45:00+00:00,271,39.999999999054126,39.32357907444215,0,0,0
2025-12-07 15:00:00+00:00,271,30.00000000065484,32.34374746914341,0,0,0
2025-12-07 15:15:00+00:00,271,39.999999999054126,39.38031074868869,0,0,0
2025-12-07 15:30:00+00:00,271,40.00000000087312,31.06046945592277,0,0,0
2025-12-07 15:45:00+00:00,271,30.00000000065484,38.17561159791937,0,0,0
2025-12-07 16:00:00+00:00,271,29.999999998835847,39.3867365611742,0,0,0
2025-12-07 16:15:00+00:00,271,40.00000000087312,39.3541136472062,0,0,0
2025-12-07 16:30:00+00:00,271,39.999999999054126,32.74206744880842,0,0,0
2025-12-07 16:45:00+00:00,271,40.00000000087312,36.26647342192852,0,0,0
2025-12-07 17:00:00+00:00,271,29.999999998835847,39.39312600474783,0,0,0
2025-12-07 17:15:00+00:00,271,40.00000000087312,39.537148809997305,0,0,0
2025-12-07 17:30:00+00:00,271,30.00000000065484,39.37974607347772,0,0,0
2025-12-07 17:45:00+00:00,271,39.999999999054126,39.5292854684154,0,0,0
2025-12-07 18:00:00+00:00,271,40.00000000087312,39.36206886814448,0,0,0
2025-12-07 18:15:00+00:00,271,39.999999999054126,39.42787171467843,0,0,0
2025-12-07 18:30:00+00:00,271,40.00000000087312,39.502606000312,0,0,0
2025-12-07 18:45:00+00:00,271,39.999999999054126,39.56150832435258,0,0,0
2025-12-07 19:00:00+00:00,271,40.00000000087312,39.57812891708768,0,0,0
2025-12-07 19:15:00+00:00,271,39.999999999054126,39.54194950636718,0,0,0
2025-12-07 19:30:00+00:00,271,40.00000000087312,39.68884354150296,0,0,0
2025-12-07 19:45:00+00:00,271,29.999999998835847,39.624208328456085,0,0,0
2025-12-07 20:00:00+00:00,271,40.00000000087312,39.61505867588512,0,0,0
2025-12-07 20:15:00+00:00,271,39.999999999054126,39.23482744450372,0,0,0
2025-12-07 20:30:00+00:00,271,40.00000000087312,37.520188295163294,0,0,0
2025-12-07 20:45:00+00:00,271,39.999999999054126,39.34352455138557,0,0,0
2025-12-07 21:00:00+00:00,271,30.00000000065484,39.51700426111511,0,0,0
2025-12-07 21:15:00+00:00,271,40.00000000087312,39.46364149660181,0,0,0
2025-12-07 21:30:00+00:00,271,29.999999998835847,37.75698340926864,0,0,0
2025-12-07 21:45:00+00:00,271,40.00000000087312,38.33053933427698,0,0,0
2025-12-07 22:00:00+00:00,271,29.999999998835847,30.70369521563572,0,0,0
2025-12-07 22:15:00+00:00,271,30.00000000065484,38.79300450375492,0,0,0
2025-12-07 22:30:00+00:00,271,30.00000000065484,30.76428582284944,0,0,0
2025-12-07 22:45:00+00:00,271,29.999999998835847,30.52904212995932,0,0,0
2025-12-07 23:00:00+00:00,271,30.00000000065484,30.24046869169959,0,0,0
2025-12-07 23:15:00+00:00,271,30.00000000065484,29.99328211809745,0,0,0
2025-12-07 23:30:00+00:00,271,19.999999998617568,30.02882363724488,0,0,0
2025-12-07 23:45:00+00:00,271,30.00000000065484,30.079196972908232,0,0,0
2025-12-08 00:00:00+00:00,271,30.00000000065484,29.701993931980244,0,0,0
2025-12-08 00:15:00+00:00,271,19.999999998617568,29.497991612944517,0,0,0
2025-12-08 00:30:00+00:00,271,20.00000000043656,30.12497251244701,0,0,0
2025-12-08 00:45:00+00:00,271,30.00000000065484,29.470388565894364,0,0,0
2025-12-08 01:00:00+00:00,271,29.999999998835847,21.15644812908308,0,0,0
2025-12-08 01:15:00+00:00,271,30.00000000065484,20.878337931067303,0,0,0
2025-12-08 01:30:00+00:00,271,30.00000000065484,21.417686980287023,0,0,0
2025-12-08 01:45:00+00:00,271,29.999999998835847,28.04047875653424,0,0,0
2025-12-08 02:00:00+00:00,271,20.00000000043656,29.33988686071773,0,0,0
2025-12-08 02:15:00+00:00,271,20.00000000043656,30.043054888176265,0,0,0
2025-12-08 02:30:00+00:00,271,30.00000000065484,29.89229617761355,0,0,0
2025-12-08 02:45:00+00:00,271,29.999999998835847,28.692926986589807,0,0,0
2025-12-08 03:00:00+00:00,271,20.00000000043656,29.161093461545292,0,0,0
2025-12-08 03:15:00+00:00,271,30.00000000065484,30.12084846925368,0,0,0
2025-12-08 03:30:00+00:00,271,29.999999998835847,29.65952844196204,0,0,0
2025-12-08 03:45:00+00:00,271,30.00000000065484,29.305442629925185,0,0,0
2025-12-08 04:00:00+00:00,271,30.00000000065484,29.80813947256981,0,0,0
2025-12-08 04:15:00+00:00,271,39.999999999054126,29.831635703805937,0,0,0
2025-12-08 04:30:00+00:00,271,30.00000000065484,30.082804673260355,0,0,0
2025-12-08 04:45:00+00:00,271,29.999999998835847,30.42821984957893,0,0,0
2025-12-08 05:00:00+00:00,271,40.00000000087312,30.445384061839164,0,0,0
2025-12-08 05:15:00+00:00,271,49.9999999992724,30.61836417756849,0,0,0
2025-12-08 05:30:00+00:00,271,90.00000000014552,60.42384649366784,0,0,0
2025-12-08 05:45:00+00:00,271,69.99999999970896,73.7206039764256,0,0,0
2025-12-08 06:00:00+00:00,271,69.99999999970896,55.57887958725365,0,0,0
2025-12-08 06:15:00+00:00,271,50.000000001091394,53.86587703894841,0,0,0
2025-12-08 06:30:00+00:00,271,39.999999999054126,54.87403476154153,0,0,0
2025-12-08 06:45:00+00:00,271,60.00000000130967,53.77626021173758,0,0,0
2025-12-08 07:00:00+00:00,271,49.9999999992724,55.18768025770664,0,0,0
2025-12-08 07:15:00+00:00,271,59.99999999949068,53.85804049551211,0,0,0
2025-12-08 07:30:00+00:00,271,50.000000001091394,54.03480872053808,0,0,0
2025-12-08 07:45:00+00:00,271,59.99999999949068,54.96604810863079,0,0,0
2025-12-08 08:00:00+00:00,271,59.99999999949068,52.70674239232123,0,0,0
2025-12-08 08:15:00+00:00,271,40.00000000087312,55.85405825955553,0,0,0
2025-12-08 08:30:00+00:00,271,49.9999999992724,56.84155844019343,0,0,0
2025-12-08 08:45:00+00:00,271,60.00000000130967,52.50074121874633,0,0,0
2025-12-08 09:00:00+00:00,271,49.9999999992724,51.581932341908,0,0,0
2025-12-08 09:15:00+00:00,271,49.9999999992724,51.930373315988405,0,0,0
2025-12-08 09:30:00+00:00,271,60.00000000130967,51.9851104425406,0,0,0
2025-12-08 09:45:00+00:00,271,49.9999999992724,50.55486278513053,0,0,0
2025-12-08 10:00:00+00:00,271,49.9999999992724,51.46243558234718,0,0,0
2025-12-08 10:15:00+00:00,271,50.000000001091394,50.466015447529216,0,0,0
2025-12-08 10:30:00+00:00,271,39.999999999054126,49.63387560188513,0,0,0
2025-12-08 10:45:00+00:00,271,50.000000001091394,49.70588604743324,0,0,0
2025-12-08 11:00:00+00:00,271,39.999999999054126,48.61126219389118,0,0,0
2025-12-08 11:15:00+00:00,271,50.000000001091394,48.275312983969386,0,0,0
2025-12-08 11:30:00+00:00,271,39.999999999054126,42.63675632144104,0,0,0
2025-12-08 11:45:00+00:00,271,40.00000000087312,40.89053172919819,0,0,0
2025-12-08 12:00:00+00:00,271,39.999999999054126,39.82952806347131,0,0,0
2025-12-08 12:15:00+00:00,271,50.000000001091394,39.573787617499605,0,0,0
2025-12-08 12:30:00+00:00,271,39.999999999054126,39.611117434327866,0,0,0
2025-12-08 12:45:00+00:00,271,40.00000000087312,40.08797895045567,0,0,0
2025-12-08 13:00:00+00:00,271,49.9999999992724,40.33554021955797,0,0,0
2025-12-08 13:15:00+00:00,271,40.00000000087312,40.26246741895193,0,0,0
2025-12-08 13:30:00+00:00,271,49.9999999992724,43.43706571256574,0,0,0
2025-12-08 13:45:00+00:00,271,39.999999999054126,40.08702761628668,0,0,0
2025-12-08 14:00:00+00:00,271,40.00000000087312,41.20322589119431,0,0,0
2025-12-08 14:15:00+00:00,271,40.00000000087312,40.15854612444761,0,0,0
2025-12-08 14:30:00+00:00,271,39.999999999054126,40.25345749956875,0,0,0
2025-12-08 14:45:00+00:00,271,40.00000000087312,39.76542307087678,0,0,0
2025-12-08 15:00:00+00:00,271,39.999999999054126,40.05601450520825,0,0,0
2025-12-08 15:15:00+00:00,271,40.00000000087312,39.69380119843994,0,0,0
2025-12-08 15:30:00+00:00,271,39.999999999054126,39.82770196126363,0,0,0
2025-12-08 15:45:00+00:00,271,40.00000000087312,39.5179957925025,0,0,0
2025-12-08 16:00:00+00:00,271,39.999999999054126,39.46970553412165,0,0,0
2025-12-08 16:15:00+00:00,271,30.00000000065484,39.40700553001815,0,0,0
2025-12-08 16:30:00+00:00,271,39.999999999054126,39.55482792948381,0,0,0
2025-12-08 16:45:00+00:00,271,40.00000000087312,39.32499554785272,0,0,0
2025-12-08 17:00:00+00:00,271,39.999999999054126,39.36180662914819,0,0,0
2025-12-08 17:15:00+00:00,271,30.00000000065484,39.35547652432555,0,0,0
2025-12-08 17:30:00+00:00,271,40.00000000087312,39.56180118980098,0,0,0
2025-12-08 17:45:00+00:00,271,39.999999999054126,38.75251441989849,0,0,0
2025-12-08 18:00:00+00:00,271,40.00000000087312,39.074362062772096,0,0,0
2025-12-08 18:15:00+00:00,271,29.999999998835847,38.279051482879424,0,0,0
2025-12-08 18:30:00+00:00,271,30.00000000065484,39.45216614782294,0,0,0
2025-12-08 18:45:00+00:00,271,39.999999999054126,39.33425622131263,0,0,0
2025-12-08 19:00:00+00:00,271,40.00000000087312,31.479160811631,0,0,0
2025-12-08 19:15:00+00:00,271,39.999999999054126,32.9839848370309,0,0,0
2025-12-08 19:30:00+00:00,271,30.00000000065484,35.724653200853325,0,0,0
2025-12-08 19:45:00+00:00,271,30.00000000065484,30.07775370135206,0,0,0
2025-12-08 20:00:00+00:00,271,19.999999998617568,29.08400716009654,0,0,0
2025-12-08 20:15:00+00:00,271,20.00000000043656,22.079063299674004,0,0,0
2025-12-08 20:30:00+00:00,271,20.00000000043656,20.767273973682528,0,0,0
2025-12-08 20:45:00+00:00,271,20.00000000043656,20.596986114509907,0,0,0
2025-12-08 21:00:00+00:00,271,29.999999998835847,20.620676632301677,0,0,0
2025-12-08 21:15:00+00:00,271,20.00000000043656,20.33577023314505,0,0,0
2025-12-08 21:30:00+00:00,271,20.00000000043656,20.46667438904408,0,0,0
2025-12-08 21:45:00+00:00,271,30.00000000065484,20.20321033467826,0,0,0
2025-12-08 22:00:00+00:00,271,9.99999999839929,19.892054194824563,0,0,0
2025-12-08 22:15:00+00:00,271,20.00000000043656,20.3357118514707,0,0,0
2025-12-08 22:30:00+00:00,271,20.00000000043656,20.273587050421074,0,0,0
2025-12-08 22:45:00+00:00,271,30.00000000065484,20.46157125645952,0,0,0
2025-12-08 23:00:00+00:00,271,29.999999998835847,20.392391843579286,0,0,0
2025-12-08 23:15:00+00:00,271,20.00000000043656,23.45533279229849,0,0,0
2025-12-08 23:30:00+00:00,271,30.00000000065484,29.35455214590026,0,0,0
2025-12-08 23:45:00+00:00,271,29.999999998835847,28.75010657269861,0,0,0
2025-12-09 00:00:00+00:00,271,20.00000000043656,29.793033453599733,0,0,0
2025-12-09 00:15:00+00:00,271,30.00000000065484,29.81764707179994,0,0,0
2025-12-09 00:30:00+00:00,271,39.999999999054126,30.09223714197513,0,0,0
2025-12-09 00:45:00+00:00,271,30.00000000065484,29.56605746716718,0,0,0
2025-12-09 01:00:00+00:00,271,20.00000000043656,30.192769906675316,0,0,0
2025-12-09 01:15:00+00:00,271,29.999999998835847,30.286149480652124,0,0,0
2025-12-09 01:30:00+00:00,271,30.00000000065484,29.857804092989568,0,0,0
2025-12-09 01:45:00+00:00,271,20.00000000043656,29.560840442463792,0,0,0
2025-12-09 02:00:00+00:00,271,29.999999998835847,30.16402458866873,0,0,0
2025-12-09 02:15:00+00:00,271,20.00000000043656,29.01630786622269,0,0,0
2025-12-09 02:30:00+00:00,271,30.00000000065484,30.108705559526246,0,0,0
2025-12-09 02:45:00+00:00,271,29.999999998835847,29.74533323296051,0,0,0
2025-12-09 03:00:00+00:00,271,20.00000000043656,30.02648023511935,0,0,0
2025-12-09 03:15:00+00:00,271,30.00000000065484,30.019472041505235,0,0,0
2025-12-09 03:30:00+00:00,271,29.999999998835847,29.3316804071644,0,0,0
2025-12-09 03:45:00+00:00,271,30.00000000065484,29.073193629806465,0,0,0
2025-12-09 04:00:00+00:00,271,20.00000000043656,29.09292328597009,0,0,0
2025-12-09 04:15:00+00:00,271,29.999999998835847,29.88865306542617,0,0,0
2025-12-09 04:30:00+00:00,271,30.00000000065484,29.19979859748909,0,0,0
2025-12-09 04:45:00+00:00,271,20.00000000043656,29.9286938018054,0,0,0
2025-12-09 05:00:00+00:00,271,29.999999998835847,30.10043067499396,0,0,0
2025-12-09 05:15:00+00:00,271,20.00000000043656,29.41484797351232,0,0,0
2025-12-09 05:30:00+00:00,271,30.00000000065484,30.019176304826946,0,0,0
2025-12-09 05:45:00+00:00,271,20.00000000043656,29.47974925386198,0,0,0
2025-12-09 06:00:00+00:00,271,29.999999998835847,30.180991643143443,0,0,0
2025-12-09 06:15:00+00:00,271,50.000000001091394,36.16052886743099,0,0,0
2025-12-09 06:30:00+00:00,271,79.99999999992724,86.18552022144742,0,0,0
2025-12-09 06:45:00+00:00,271,90.00000000014552,66.93015678027317,0,0,0
2025-12-09 07:00:00+00:00,271,59.99999999949068,53.03972466469386,0,0,0
2025-12-09 07:15:00+00:00,271,39.999999999054126,47.89005135782721,0,0,0
2025-12-09 07:30:00+00:00,271,40.00000000087312,46.526962724534044,0,0,0
2025-12-09 07:45:00+00:00,271,39.999999999054126,45.50073922349641,0,0,0
2025-12-09 08:00:00+00:00,271,50.000000001091394,45.190594713639314,0,0,0
2025-12-09 08:15:00+00:00,271,39.999999999054126,46.94598714290909,0,0,0
2025-12-09 08:30:00+00:00,271,50.000000001091394,48.84460130429007,0,0,0
2025-12-09 08:45:00+00:00,271,39.999999999054126,43.19274893323495,0,0,0
2025-12-09 09:00:00+00:00,271,50.000000001091394,42.319397367956334,0,0,0
2025-12-09 09:15:00+00:00,271,49.9999999992724,40.39787462038929,0,0,0
2025-12-09 09:30:00+00:00,271,30.00000000065484,41.24113186815309,0,0,0
2025-12-09 09:45:00+00:00,271,49.9999999992724,42.24997102930588,0,0,0
2025-12-09 10:00:00+00:00,271,40.00000000087312,40.0759044717072,0,0,0
2025-12-09 10:15:00+00:00,271,39.999999999054126,40.56507207912763,0,0,0
2025-12-09 10:30:00+00:00,271,50.000000001091394,40.072564274272814,0,0,0
2025-12-09 10:45:00+00:00,271,39.999999999054126,40.20309038490348,0,0,0
2025-12-09 11:00:00+00:00,271,40.00000000087312,40.07903794058977,0,0,0
2025-12-09 11:15:00+00:00,271,39.999999999054126,40.130930635401285,0,0,0
2025-12-09 11:30:00+00:00,271,40.00000000087312,39.72515885710473,0,0,0
2025-12-09 11:45:00+00:00,271,39.999999999054126,39.54618361337283,0,0,0
2025-12-09 12:00:00+00:00,271,30.00000000065484,39.59791551931072,0,0,0
2025-12-09 12:15:00+00:00,271,39.999999999054126,39.490613830153606,0,0,0
2025-12-09 12:30:00+00:00,271,30.00000000065484,30.71705791952651,0,0,0
2025-12-09 12:45:00+00:00,271,30.00000000065484,31.10311774757707,0,0,0
2025-12-09 13:00:00+00:00,271,39.999999999054126,30.35470775080029,0,0,0
2025-12-09 13:15:00+00:00,271,30.00000000065484,30.26242355102509,0,0,0
2025-12-09 13:30:00+00:00,271,39.999999999054126,30.531465447983344,0,0,0
2025-12-09 13:45:00+00:00,271,30.00000000065484,30.29033573382633,0,0,0
2025-12-09 14:00:00+00:00,271,30.00000000065484,30.96412055170522,0,0,0
2025-12-09 14:15:00+00:00,271,29.999999998835847,30.5186099947058,0,0,0
2025-12-09 14:30:00+00:00,271,30.00000000065484,30.751462910177278,0,0,0
2025-12-09 14:45:00+00:00,271,29.999999998835847,30.51810274409256,0,0,0
2025-12-09 15:00:00+00:00,271,30.00000000065484,30.352530401469853,0,0,0
2025-12-09 15:15:00+00:00,271,30.00000000065484,30.44895970012422,0,0,0
2025-12-09 15:30:00+00:00,271,39.999999999054126,30.257858295505898,0,0,0
2025-12-09 15:45:00+00:00,271,30.00000000065484,30.100902513771945,0,0,0
2025-12-09 16:00:00+00:00,271,30.00000000065484,30.441488759960095,0,0,0
2025-12-09 16:15:00+00:00,271,39.999999999054126,30.54790419615897,0,0,0
2025-12-09 16:30:00+00:00,271,40.00000000087312,30.74468297933912,0,0,0
2025-12-09 16:45:00+00:00,271,29.999999998835847,38.86074830169201,0,0,0
2025-12-09 17:00:00+00:00,271,40.00000000087312,39.477829200546594,0,0,0
2025-12-09 17:15:00+00:00,271,29.999999998835847,39.42836365206561,0,0,0
2025-12-09 17:30:00+00:00,271,30.00000000065484,39.47420379427684,0,0,0
2025-12-09 17:45:00+00:00,271,40.00000000087312,39.35909618813554,0,0,0
2025-12-09 18:00:00+00:00,271,39.999999999054126,36.560181097763234,0,0,0
2025-12-09 18:15:00+00:00,271,40.00000000087312,39.30289090603482,0,0,0
2025-12-09 18:30:00+00:00,271,39.999999999054126,39.44601980171304,0,0,0
2025-12-09 18:45:00+00:00,271,30.00000000065484,39.4726686433643,0,0,0
2025-12-09 19:00:00+00:00,271,39.999999999054126,39.49914138291588,0,0,0
2025-12-09 19:15:00+00:00,271,40.00000000087312,39.48967015259765,0,0,0
2025-12-09 19:30:00+00:00,271,39.999999999054126,39.49074973503489,0,0,0
2025-12-09 19:45:00+00:00,271,40.00000000087312,39.28153278398735,0,0,0
2025-12-09 20:00:00+00:00,271,20.00000000043656,37.12394421470607,0,0,0
2025-12-09 20:15:00+00:00,271,19.999999998617568,28.1649518360263,0,0,0
2025-12-09 20:30:00+00:00,271,30.00000000065484,23.116808567707004,0,0,0
2025-12-09 20:45:00+00:00,271,20.00000000043656,21.198659036718038,0,0,0
2025-12-09 21:00:00+00:00,271,19.999999998617568,21.52244284561163,0,0,0
2025-12-09 21:15:00+00:00,271,30.00000000065484,28.73481488086255,0,0,0
2025-12-09 21:30:00+00:00,271,30.00000000065484,24.91319880998477,0,0,0
2025-12-09 21:45:00+00:00,271,20.00000000043656,21.05288191000803,0,0,0
2025-12-09 22:00:00+00:00,271,19.999999998617568,28.801189580682195,0,0,0
2025-12-09 22:15:00+00:00,271,20.00000000043656,23.976009755029366,0,0,0
2025-12-09 22:30:00+00:00,271,20.00000000043656,25.992727172399672,0,0,0
2025-12-09 22:45:00+00:00,271,20.00000000043656,23.05555805615776,0,0,0
2025-12-09 23:00:00+00:00,271,19.999999998617568,21.196946826629176,0,0,0
2025-12-09 23:15:00+00:00,271,30.00000000065484,21.270714464867694,0,0,0
2025-12-09 23:30:00+00:00,271,0.0,20.821162173265016,0,0,0
2025-12-09 23:45:00+00:00,271,10.00000000021828,21.142187687314514,0,0,0
2025-12-10 00:00:00+00:00,271,29.999999998835847,20.4268982843527,0,0,0
2025-12-10 00:15:00+00:00,271,20.00000000043656,20.093258500336105,0,0,0
2025-12-10 00:30:00+00:00,271,30.00000000065484,20.17903362195909,0,0,0
2025-12-10 00:45:00+00:00,271,20.00000000043656,20.13735676308298,0,0,0
2025-12-10 01:00:00+00:00,271,29.999999998835847,20.43099074401729,0,0,0
2025-12-10 01:15:00+00:00,271,20.00000000043656,20.16173350481757,0,0,0
2025-12-10 01:30:00+00:00,271,20.00000000043656,20.4324751698685,0,0,0
2025-12-10 01:45:00+00:00,271,20.00000000043656,20.16409078455421,0,0,0
2025-12-10 02:00:00+00:00,271,19.999999998617568,20.28166669132109,0,0,0
2025-12-10 02:15:00+00:00,271,10.00000000021828,20.37818595517856,0,0,0
2025-12-10 02:30:00+00:00,271,30.00000000065484,20.52317732197635,0,0,0
2025-12-10 02:45:00+00:00,271,10.00000000021828,20.22292132784763,0,0,0
2025-12-10 03:00:00+00:00,271,19.999999998617568,20.316510023067828,0,0,0
2025-12-10 03:15:00+00:00,271,20.00000000043656,20.195187161299344,0,0,0
2025-12-10 03:30:00+00:00,271,20.00000000043656,20.1749746599765,0,0,0
2025-12-10 03:45:00+00:00,271,20.00000000043656,19.451425685708465,0,0,0
2025-12-10 04:00:00+00:00,271,20.00000000043656,19.57425020070748,0,0,0
2025-12-10 04:15:00+00:00,271,19.999999998617568,19.72036900377395,0,0,0
2025-12-10 04:30:00+00:00,271,30.00000000065484,19.690929326673206,0,0,0
2025-12-10 04:45:00+00:00,271,10.00000000021828,19.915532241604744,0,0,0
2025-12-10 05:00:00+00:00,271,20.00000000043656,20.09920386035398,0,0,0
2025-12-10 05:15:00+00:00,271,9.99999999839929,20.137227557738097,0,0,0
2025-12-10 05:30:00+00:00,271,20.00000000043656,20.25581509450158,0,0,0
2025-12-10 05:45:00+00:00,271,10.00000000021828,20.03622917525802,0,0,0
2025-12-10 06:00:00+00:00,271,20.00000000043656,20.224016223510937,0,0,0
2025-12-10 06:15:00+00:00,271,20.00000000043656,29.850908355879334,0,0,0
2025-12-10 06:30:00+00:00,271,69.99999999970896,78.30584325563265,0,0,0
2025-12-10 06:45:00+00:00,271,109.99999999876307,75.02222436323646,0,0,0
2025-12-10 07:00:00+00:00,271,100.0000000003638,67.61210833302529,0,0,0
2025-12-10 07:15:00+00:00,271,40.00000000087312,52.24818783794841,0,0,0
2025-12-10 07:30:00+00:00,271,39.999999999054126,47.33563218001099,0,0,0
2025-12-10 07:45:00+00:00,271,40.00000000087312,43.158420508714485,0,0,0
2025-12-10 08:00:00+00:00,271,39.999999999054126,41.05923371239695,0,0,0
2025-12-10 08:15:00+00:00,271,40.00000000087312,41.75066798038685,0,0,0
2025-12-10 08:30:00+00:00,271,39.999999999054126,47.61672175757211,0,0,0
2025-12-10 08:45:00+00:00,271,40.00000000087312,45.32858410782107,0,0,0
2025-12-10 09:00:00+00:00,271,39.999999999054126,39.93791507752544,0,0,0
2025-12-10 09:15:00+00:00,271,40.00000000087312,39.96057099548151,0,0,0
2025-12-10 09:30:00+00:00,271,30.00000000065484,39.55937212931718,0,0,0
2025-12-10 09:45:00+00:00,271,39.999999999054126,39.674324689044624,0,0,0
2025-12-10 10:00:00+00:00,271,40.00000000087312,39.07237134338427,0,0,0
2025-12-10 10:15:00+00:00,271,39.999999999054126,39.5022729376452,0,0,0
2025-12-10 10:30:00+00:00,271,30.00000000065484,39.50081052455644,0,0,0
2025-12-10 10:45:00+00:00,271,39.999999999054126,39.7009237627112,0,0,0
2025-12-10 11:00:00+00:00,271,30.00000000065484,39.078571285785394,0,0,0
2025-12-10 11:15:00+00:00,271,39.999999999054126,39.39450993755302,0,0,0
2025-12-10 11:30:00+00:00,271,30.00000000065484,30.289234617164944,0,0,0
2025-12-10 11:45:00+00:00,271,40.00000000087312,30.569860491099423,0,0,0
2025-12-10 12:00:00+00:00,271,29.999999998835847,30.193180014010736,0,0,0
2025-12-10 12:15:00+00:00,271,30.00000000065484,30.556625078400263,0,0,0
2025-12-10 12:30:00+00:00,271,30.00000000065484,30.3767693241699,0,0,0
2025-12-10 12:45:00+00:00,271,39.999999999054126,30.53947522228946,0,0,0
2025-12-10 13:00:00+00:00,271,30.00000000065484,30.33416792927041,0,0,0
2025-12-10 13:15:00+00:00,271,29.999999998835847,33.91985551893019,0,0,0
2025-12-10 13:30:00+00:00,271,30.00000000065484,30.643000287069476,0,0,0
2025-12-10 13:45:00+00:00,271,30.00000000065484,30.48885352524094,0,0,0
2025-12-10 14:00:00+00:00,271,29.999999998835847,30.380260739711627,0,0,0
2025-12-10 15:00:00+00:00,271,30.00000000065484,30.44236831338193,0,0,0
2025-12-10 15:15:00+00:00,271,39.999999999054126,30.34528724554338,0,0,0
2025-12-10 15:30:00+00:00,271,30.00000000065484,30.20258377042665,0,0,0
2025-12-10 15:45:00+00:00,271,30.00000000065484,30.583392597553495,0,0,0
2025-12-10 16:00:00+00:00,271,29.999999998835847,30.57839187216821,0,0,0
2025-12-10 16:15:00+00:00,271,30.00000000065484,30.463939863517616,0,0,0
2025-12-10 16:30:00+00:00,271,39.999999999054126,30.282228337704083,0,0,0
2025-12-10 16:45:00+00:00,271,30.00000000065484,30.14910328548801,0,0,0
2025-12-10 17:00:00+00:00,271,40.00000000087312,30.6207568691404,0,0,0
2025-12-10 17:15:00+00:00,271,29.999999998835847,30.30428799692044,0,0,0
2025-12-10 17:30:00+00:00,271,30.00000000065484,31.754541427101543,0,0,0
2025-12-10 17:45:00+00:00,271,39.999999999054126,30.773887215589188,0,0,0
2025-12-10 18:00:00+00:00,271,30.00000000065484,30.755991796784578,0,0,0
2025-12-10 18:15:00+00:00,271,40.00000000087312,38.75721749445223,0,0,0
2025-12-10 18:30:00+00:00,271,29.999999998835847,33.92328568156768,0,0,0
2025-12-10 18:45:00+00:00,271,40.00000000087312,39.43501533463552,0,0,0
2025-12-10 19:00:00+00:00,271,29.999999998835847,38.801535884823714,0,0,0
2025-12-10 19:15:00+00:00,271,40.00000000087312,39.483912379599005,0,0,0
2025-12-10 19:30:00+00:00,271,39.999999999054126,37.39254202810857,0,0,0
2025-12-10 19:45:00+00:00,271,40.00000000087312,38.216922853523286,0,0,0
2025-12-10 20:00:00+00:00,271,20.00000000043656,30.685114529964924,0,0,0
2025-12-10 20:15:00+00:00,271,29.999999998835847,28.37570441652469,0,0,0
2025-12-10 20:30:00+00:00,271,20.00000000043656,22.86948896045347,0,0,0
2025-12-10 20:45:00+00:00,271,30.00000000065484,20.9949261347533,0,0,0
2025-12-10 21:00:00+00:00,271,29.999999998835847,20.973277061410684,0,0,0
2025-12-10 21:15:00+00:00,271,20.00000000043656,26.511520608325142,0,0,0
2025-12-10 21:30:00+00:00,271,30.00000000065484,29.06899924148091,0,0,0
2025-12-10 21:45:00+00:00,271,19.999999998617568,28.199363526213467,0,0,0
2025-12-10 22:00:00+00:00,271,30.00000000065484,29.0325762547584,0,0,0
2025-12-10 22:15:00+00:00,271,20.00000000043656,20.77964036080277,0,0,0
2025-12-10 22:30:00+00:00,271,20.00000000043656,29.153251175649213,0,0,0
2025-12-10 22:45:00+00:00,271,19.999999998617568,28.75685970539116,0,0,0
2025-12-10 23:00:00+00:00,271,20.00000000043656,30.025526986797104,0,0,0
2025-12-10 23:15:00+00:00,271,30.00000000065484,29.9024833012501,0,0,0
2025-12-10 23:30:00+00:00,271,20.00000000043656,29.334019023906784,0,0,0
2025-12-10 23:45:00+00:00,271,29.999999998835847,30.25113339657389,0,0,0
2025-12-11 00:00:00+00:00,271,20.00000000043656,29.591356830771893,0,0,0
2025-12-11 00:15:00+00:00,271,30.00000000065484,30.098411243307275,0,0,0
2025-12-11 00:30:00+00:00,271,29.999999998835847,29.08118617673326,0,0,0
2025-12-11 00:45:00+00:00,271,30.00000000065484,29.268531534122005,0,0,0
2025-12-11 01:00:00+00:00,271,30.00000000065484,29.530631275753525,0,0,0
2025-12-11 01:15:00+00:00,271,29.999999998835847,29.936496847559702,0,0,0
2025-12-11 01:30:00+00:00,271,20.00000000043656,30.157430809234874,0,0,0
2025-12-11 01:45:00+00:00,271,30.00000000065484,30.20106249712523,0,0,0
2025-12-11 02:00:00+00:00,271,19.999999998617568,29.969116411759508,0,0,0
2025-12-11 02:15:00+00:00,271,30.00000000065484,30.151433288540733,0,0,0
2025-12-11 02:30:00+00:00,271,30.00000000065484,29.94176220463284,0,0,0
2025-12-11 02:45:00+00:00,271,29.999999998835847,30.12751546504964,0,0,0
2025-12-11 03:00:00+00:00,271,20.00000000043656,30.138551994194216,0,0,0
2025-12-11 03:15:00+00:00,271,30.00000000065484,30.495240097584677,0,0,0
2025-12-11 03:30:00+00:00,271,39.999999999054126,30.43529168878886,0,0,0
2025-12-11 03:45:00+00:00,271,30.00000000065484,30.06859017116997,0,0,0
2025-12-11 04:00:00+00:00,271,29.999999998835847,30.29261166204953,0,0,0
2025-12-11 04:15:00+00:00,271,30.00000000065484,30.22998822407633,0,0,0
2025-12-11 04:30:00+00:00,271,30.00000000065484,30.40239600798165,0,0,0
2025-12-11 04:45:00+00:00,271,29.999999998835847,30.39967695327934,0,0,0
2025-12-11 05:00:00+00:00,271,20.00000000043656,30.429703318353518,0,0,0
2025-12-11 05:15:00+00:00,271,30.00000000065484,30.523712170213734,0,0,0
2025-12-11 05:30:00+00:00,271,29.999999998835847,30.40717660574232,0,0,0
2025-12-11 05:45:00+00:00,271,30.00000000065484,30.39540360613191,0,0,0
2025-12-11 06:00:00+00:00,271,30.00000000065484,30.422352969844614,0,0,0
2025-12-11 06:15:00+00:00,271,49.9999999992724,32.899585991600084,1,0,1
2025-12-11 06:30:00+00:00,271,110.00000000058208,90.87042563246732,1,0,1
2025-12-11 06:45:00+00:00,271,109.99999999876307,81.22176862048423,1,0,1
2025-12-11 07:00:00+00:00,271,90.00000000014552,60.92736067975344,1,0,1
2025-12-11 07:15:00+00:00,271,70.00000000152795,54.41485236490024,0,0,0
2025-12-11 07:30:00+00:00,271,59.99999999949068,54.67116514269594,0,0,0
2025-12-11 07:45:00+00:00,271,59.99999999949068,52.658478932085984,0,0,0
2025-12-11 08:00:00+00:00,271,49.9999999992724,54.170449448672855,0,0,0
2025-12-11 08:15:00+00:00,271,70.00000000152795,54.87996098002683,0,0,0
2025-12-11 08:30:00+00:00,271,59.99999999949068,57.61724990627309,0,0,0
2025-12-11 08:45:00+00:00,271,59.99999999949068,58.462735228428656,0,0,0
2025-12-11 09:00:00+00:00,271,59.99999999949068,57.75276430029288,0,0,0
2025-12-11 09:15:00+00:00,271,60.00000000130967,57.51911509706628,0,0,0
2025-12-11 09:30:00+00:00,271,49.9999999992724,57.45540442004279,0,0,0
2025-12-11 09:45:00+00:00,271,59.99999999949068,55.72000245031799,0,0,0
2025-12-11 10:00:00+00:00,271,50.000000001091394,51.51375020287493,0,0,0
2025-12-11 10:15:00+00:00,271,59.99999999949068,53.075469562624896,0,0,0
2025-12-11 10:30:00+00:00,271,59.99999999949068,52.11609212164657,0,0,0
2025-12-11 10:45:00+00:00,271,50.000000001091394,52.44489771161128,0,0,0
2025-12-11 11:00:00+00:00,271,49.9999999992724,55.31339801535441,0,0,0
2025-12-11 11:15:00+00:00,271,50.000000001091394,52.58229946074297,0,0,0
2025-12-11 11:30:00+00:00,271,59.99999999949068,52.39174550395631,0,0,0
2025-12-11 11:45:00+00:00,271,49.9999999992724,51.31102988798343,0,0,0
2025-12-11 12:00:00+00:00,271,50.000000001091394,52.83040817767693,0,0,0
2025-12-11 12:15:00+00:00,271,49.9999999992724,51.16939403184608,0,0,0
2025-12-11 12:30:00+00:00,271,59.99999999949068,52.55628228966669,0,0,0
2025-12-11 12:45:00+00:00,271,50.000000001091394,50.6666187089179,0,0,0
2025-12-11 13:00:00+00:00,271,49.9999999992724,51.67424429690542,0,0,0
2025-12-11 13:15:00+00:00,271,50.000000001091394,50.7042126788957,0,0,0
2025-12-11 13:30:00+00:00,271,49.9999999992724,51.01085620244479,0,0,0
2025-12-11 13:45:00+00:00,271,49.9999999992724,50.26524756896039,0,0,0
2025-12-11 14:00:00+00:00,271,50.000000001091394,50.40084618572351,0,0,0
2025-12-11 14:15:00+00:00,271,49.9999999992724,49.817802760094246,0,0,0
2025-12-11 14:30:00+00:00,271,40.00000000087312,50.23821589665762,0,0,0
2025-12-11 14:45:00+00:00,271,49.9999999992724,50.04164001372277,0,0,0
2025-12-11 15:00:00+00:00,271,59.99999999949068,49.55693429754563,0,0,0
2025-12-11 15:15:00+00:00,271,40.00000000087312,49.06507730479838,0,0,0
2025-12-11 15:30:00+00:00,271,49.9999999992724,50.00129349136065,0,0,0
2025-12-11 15:45:00+00:00,271,50.000000001091394,49.16213635987447,0,0,0
2025-12-11 16:00:00+00:00,271,59.99999999949068,49.50216654454131,0,0,0
2025-12-11 16:15:00+00:00,271,49.9999999992724,48.93234226130852,0,0,0
2025-12-11 16:30:00+00:00,271,50.000000001091394,50.39927658005233,0,0,0
2025-12-11 16:45:00+00:00,271,59.99999999949068,50.07880138506437,0,0,0
2025-12-11 17:00:00+00:00,271,49.9999999992724,51.28071735699726,0,0,0
2025-12-11 17:15:00+00:00,271,60.00000000130967,53.66779280324664,0,0,0
2025-12-11 17:30:00+00:00,271,59.99999999949068,53.07580645359822,0,0,0
2025-12-11 17:45:00+00:00,271,49.9999999992724,55.85302461679647,0,0,0
2025-12-11 18:00:00+00:00,271,60.00000000130967,57.77913367556855,0,0,0
2025-12-11 18:15:00+00:00,271,49.9999999992724,56.59548638232549,0,0,0
2025-12-11 18:30:00+00:00,271,59.99999999949068,58.83269511343016,0,0,0
2025-12-11 18:45:00+00:00,271,60.00000000130967,57.07528803785685,0,0,0
2025-12-11 19:00:00+00:00,271,69.99999999970896,59.37422821151672,0,0,0
2025-12-11 19:15:00+00:00,271,59.99999999949068,58.839138153295,0,0,0
2025-12-11 19:30:00+00:00,271,59.99999999949068,61.19888331933343,0,0,0
2025-12-11 19:45:00+00:00,271,60.00000000130967,55.02674590842692,0,0,0
2025-12-11 20:00:00+00:00,271,39.999999999054126,48.772020441071206,0,0,0
2025-12-11 20:15:00+00:00,271,40.00000000087312,46.96871962699546,0,0,0
2025-12-11 20:30:00+00:00,271,39.999999999054126,43.46728062173578,0,0,0
2025-12-11 20:45:00+00:00,271,50.000000001091394,45.47125934917726,0,0,0
2025-12-11 21:00:00+00:00,271,39.999999999054126,48.82930339145592,0,0,0
2025-12-11 21:15:00+00:00,271,50.000000001091394,50.67577218979539,0,0,0
2025-12-11 21:30:00+00:00,271,59.99999999949068,50.944530792071525,0,0,0
2025-12-11 21:45:00+00:00,271,59.99999999949068,50.30817436991366,0,0,0
2025-12-11 22:00:00+00:00,271,49.9999999992724,50.17012946528743,0,0,0
2025-12-11 22:15:00+00:00,271,50.000000001091394,50.623837383612205,0,0,0
2025-12-11 22:30:00+00:00,271,49.9999999992724,51.8900574200784,0,0,0
2025-12-11 22:45:00+00:00,271,60.00000000130967,55.06633825440558,0,0,0
2025-12-11 23:00:00+00:00,271,59.99999999949068,57.62404132203079,0,0,0
2025-12-11 23:15:00+00:00,271,59.99999999949068,58.47332049594277,0,0,0
2025-12-11 23:30:00+00:00,271,59.99999999949068,60.0834602764951,0,0,0
2025-12-11 23:45:00+00:00,271,60.00000000130967,60.48972782048536,0,0,0
2025-12-12 00:00:00+00:00,271,59.99999999949068,61.379954560882325,0,0,0
2025-12-12 00:15:00+00:00,271,79.99999999992724,61.56892742707828,0,0,0
2025-12-12 00:30:00+00:00,271,59.99999999949068,65.13396130308935,0,0,0
2025-12-12 00:45:00+00:00,271,69.99999999970896,67.86854361662948,0,0,0
2025-12-12 01:00:00+00:00,271,70.00000000152795,65.26972453703262,0,0,0
2025-12-12 01:15:00+00:00,271,69.99999999970896,66.89626095438891,0,0,0
2025-12-12 01:30:00+00:00,271,69.99999999970896,66.78211999564266,0,0,0
2025-12-12 01:45:00+00:00,271,59.99999999949068,67.99459443694406,0,0,0
2025-12-12 02:00:00+00:00,271,69.99999999970896,67.04393404990049,0,0,0
2025-12-12 02:15:00+00:00,271,70.00000000152795,64.75499724116445,0,0,0
2025-12-12 02:30:00+00:00,271,59.99999999949068,67.16387872132356,0,0,0
2025-12-12 02:45:00+00:00,271,69.99999999970896,67.77117064041914,0,0,0
2025-12-12 03:00:00+00:00,271,69.99999999970896,68.2940828556165,0,0,0
2025-12-12 03:15:00+00:00,271,69.99999999970896,68.18739560965506,0,0,0
2025-12-12 03:30:00+00:00,271,69.99999999970896,69.2509068161493,0,0,0
2025-12-12 03:45:00+00:00,271,60.00000000130967,69.82846045023597,0,0,0
2025-12-12 04:00:00+00:00,271,69.99999999970896,71.04879823311927,0,0,0
2025-12-12 04:15:00+00:00,271,69.99999999970896,69.7779804005285,0,0,0
2025-12-12 04:30:00+00:00,271,79.99999999992724,71.54413898479523,0,0,0
2025-12-12 04:45:00+00:00,271,69.99999999970896,71.06677213220745,0,0,0
2025-12-12 05:00:00+00:00,271,79.99999999992724,72.68681957002073,0,0,0
2025-12-12 05:15:00+00:00,271,69.99999999970896,72.68057560209468,0,0,0
2025-12-12 05:30:00+00:00,271,79.99999999992724,78.52529709830144,0,0,0
2025-12-12 05:45:00+00:00,271,70.00000000152795,80.82471963858221,0,0,0
2025-12-12 06:00:00+00:00,271,79.99999999992724,83.57577898336311,0,0,0
2025-12-12 06:15:00+00:00,271,99.9999999985448,103.32566009031258,0,0,0
2025-12-12 06:30:00+00:00,271,140.0000000012369,139.45717869630013,0,0,0
2025-12-12 06:45:00+00:00,271,109.99999999876307,112.4344340043171,0,0,0
2025-12-12 07:00:00+00:00,271,90.00000000014552,94.01697201009208,0,0,0
2025-12-12 07:15:00+00:00,271,79.99999999992724,85.39337469396607,0,0,0
2025-12-12 07:30:00+00:00,271,90.00000000014552,94.0917005532659,0,0,0
2025-12-12 08:15:00+00:00,271,69.99999999970896,88.76690136486823,0,0,0
2025-12-12 08:30:00+00:00,271,100.0000000003638,90.1608030802244,0,0,0
2025-12-12 08:45:00+00:00,271,90.00000000014552,78.08358326428832,0,0,0
2025-12-12 09:00:00+00:00,271,79.99999999992724,86.02586452654373,0,0,0
2025-12-12 09:15:00+00:00,271,79.99999999992724,82.06473108864637,0,0,0
2025-12-12 09:30:00+00:00,271,79.99999999992724,86.2977891383078,0,0,0
2025-12-12 09:45:00+00:00,271,79.99999999992724,75.73790329638618,0,0,0
2025-12-12 10:00:00+00:00,271,79.99999999992724,80.98618612246753,0,0,0
2025-12-12 10:15:00+00:00,271,79.99999999992724,74.56413686225848,0,0,0
2025-12-12 10:30:00+00:00,271,79.99999999992724,78.69431300263443,0,0,0
2025-12-12 10:45:00+00:00,271,70.00000000152795,76.6265144914338,0,0,0
2025-12-12 11:00:00+00:00,271,79.99999999992724,77.41374830165634,0,0,0
2025-12-12 11:15:00+00:00,271,59.99999999949068,70.11546093305633,0,0,0
2025-12-12 11:30:00+00:00,271,69.99999999970896,73.19371797906561,0,0,0
2025-12-12 11:45:00+00:00,271,59.99999999949068,62.56868201687085,0,0,0
2025-12-12 12:00:00+00:00,271,60.00000000130967,65.7189341952022,0,0,0
2025-12-12 12:15:00+00:00,271,69.99999999970896,59.41243088223042,0,0,0
2025-12-12 12:30:00+00:00,271,49.9999999992724,59.90382464988936,0,0,0
2025-12-12 12:45:00+00:00,271,60.00000000130967,61.088065330642245,0,0,0
2025-12-12 13:00:00+00:00,271,49.9999999992724,57.09896228534592,0,0,0
2025-12-12 13:15:00+00:00,271,49.9999999992724,50.77908286941056,0,0,0
2025-12-12 13:30:00+00:00,271,50.000000001091394,49.85118942121201,0,0,0
2025-12-12 13:45:00+00:00,271,49.9999999992724,49.65046748232136,0,0,0
2025-12-12 14:00:00+00:00,271,59.99999999949068,50.073548948525726,0,0,0
2025-12-12 14:15:00+00:00,271,50.000000001091394,49.7138872080497,0,0,0
2025-12-12 14:30:00+00:00,271,49.9999999992724,50.096518787616034,0,0,0
2025-12-12 14:45:00+00:00,271,50.000000001091394,49.20910202420112,0,0,0
2025-12-12 15:00:00+00:00,271,49.9999999992724,49.69579845976608,0,0,0
2025-12-12 15:15:00+00:00,271,49.9999999992724,48.23106924557494,0,0,0
2025-12-12 15:30:00+00:00,271,40.00000000087312,48.83372125717429,0,0,0
2025-12-12 15:45:00+00:00,271,49.9999999992724,48.92191395436152,0,0,0
2025-12-12 16:00:00+00:00,271,60.00000000130967,49.02803843926526,0,0,0
2025-12-12 16:15:00+00:00,271,39.999999999054126,49.33835330876227,0,0,0
2025-12-12 16:30:00+00:00,271,50.000000001091394,49.97685741087508,0,0,0
2025-12-12 16:45:00+00:00,271,49.9999999992724,49.09289377993674,0,0,0
2025-12-12 17:00:00+00:00,271,49.9999999992724,49.75204776739173,0,0,0
2025-12-12 17:15:00+00:00,271,50.000000001091394,49.12745573115462,0,0,0
2025-12-12 17:30:00+00:00,271,49.9999999992724,49.671622704123536,0,0,0
2025-12-12 17:45:00+00:00,271,50.000000001091394,48.961460360662,0,0,0
2025-12-12 18:00:00+00:00,271,49.9999999992724,49.87541877314577,0,0,0
2025-12-12 18:15:00+00:00,271,49.9999999992724,49.745999043097946,0,0,0
2025-12-12 18:30:00+00:00,271,40.00000000087312,49.58356399766433,0,0,0
2025-12-12 18:45:00+00:00,271,49.9999999992724,49.26432534568073,0,0,0
2025-12-12 19:00:00+00:00,271,50.000000001091394,48.21177840904559,0,0,0
2025-12-12 19:15:00+00:00,271,49.9999999992724,48.30071379769674,0,0,0
2025-12-12 19:30:00+00:00,271,49.9999999992724,48.13621529505152,0,0,0
2025-12-12 19:45:00+00:00,271,40.00000000087312,44.85292085163248,0,0,0
2025-12-12 20:00:00+00:00,271,30.00000000065484,39.971960207363786,0,0,0
2025-12-12 20:15:00+00:00,271,39.999999999054126,31.84692516284613,0,0,0
2025-12-12 22:00:00+00:00,271,29.999999998835847,30.158673573237323,0,0,0
2025-12-12 22:15:00+00:00,271,30.00000000065484,30.092174931994258,0,0,0
2025-12-12 22:30:00+00:00,271,40.00000000087312,30.465052943636863,0,0,0
2025-12-12 22:45:00+00:00,271,39.999999999054126,30.43408960054313,0,0,0
2025-12-12 23:00:00+00:00,271,30.00000000065484,30.479165038527974,0,0,0
2025-12-12 23:15:00+00:00,271,39.999999999054126,30.62463781487003,0,0,0
2025-12-12 23:30:00+00:00,271,40.00000000087312,30.388439916581035,0,0,0
2025-12-12 23:45:00+00:00,271,29.999999998835847,30.527272495272737,0,0,0
2025-12-13 00:00:00+00:00,271,40.00000000087312,39.34472663963129,0,0,0
2025-12-13 00:15:00+00:00,271,39.999999999054126,39.3641859216473,0,0,0
2025-12-13 00:30:00+00:00,271,50.000000001091394,39.51447375050866,0,0,0
2025-12-13 00:45:00+00:00,271,39.999999999054126,39.51567201044787,0,0,0
2025-12-13 01:00:00+00:00,271,40.00000000087312,46.57524532630188,0,0,0
2025-12-13 01:15:00+00:00,271,39.999999999054126,41.93393666987538,0,0,0
2025-12-13 01:30:00+00:00,271,40.00000000087312,48.02247630848935,0,0,0
2025-12-13 01:45:00+00:00,271,49.9999999992724,40.63229522737867,0,0,0
2025-12-13 02:00:00+00:00,271,30.00000000065484,40.13637065895917,0,0,0
2025-12-13 02:15:00+00:00,271,39.999999999054126,48.40917354957466,0,0,0
2025-12-13 02:30:00+00:00,271,40.00000000087312,42.04614050552501,0,0,0
2025-12-13 02:45:00+00:00,271,49.9999999992724,43.33198826949388,0,0,0
2025-12-13 03:00:00+00:00,271,40.00000000087312,39.680501661606655,0,0,0
2025-12-13 03:15:00+00:00,271,39.999999999054126,40.25307849722377,0,0,0
2025-12-13 03:30:00+00:00,271,40.00000000087312,40.0637591692882,0,0,0
2025-12-13 03:45:00+00:00,271,49.9999999992724,40.61281106137032,0,0,0
2025-12-13 04:00:00+00:00,271,40.00000000087312,39.94749732873261,0,0,0
2025-12-13 04:15:00+00:00,271,49.9999999992724,42.79008765398187,0,0,0
2025-12-13 04:30:00+00:00,271,40.00000000087312,40.41578535241995,0,0,0
2025-12-13 04:45:00+00:00,271,39.999999999054126,48.6812666068254,0,0,0
2025-12-13 05:00:00+00:00,271,40.00000000087312,48.16246982113174,0,0,0
2025-12-13 05:15:00+00:00,271,49.9999999992724,46.689716476485046,0,0,0
2025-12-13 05:30:00+00:00,271,40.00000000087312,41.06548916524254,0,0,0
2025-12-13 05:45:00+00:00,271,39.999999999054126,48.271553586971606,0,0,0
2025-12-13 06:00:00+00:00,271,40.00000000087312,48.57760755131737,0,0,0
2025-12-13 06:15:00+00:00,271,49.9999999992724,48.47608469084473,0,0,0
2025-12-13 06:30:00+00:00,271,50.000000001091394,47.99791006558226,0,0,0
2025-12-13 06:45:00+00:00,271,49.9999999992724,48.34257250113232,0,0,0
2025-12-13 07:00:00+00:00,271,49.9999999992724,48.07659707769263,0,0,0
2025-12-13 07:15:00+00:00,271,50.000000001091394,47.19968901566153,0,0,0
2025-12-13 07:30:00+00:00,271,49.9999999992724,48.32390567856493,0,0,0
2025-12-13 07:45:00+00:00,271,40.00000000087312,43.67646694633121,0,0,0
2025-12-13 08:00:00+00:00,271,39.999999999054126,44.85731957581828,0,0,0
2025-12-13 08:15:00+00:00,271,40.00000000087312,40.41074155858637,0,0,0
2025-12-13 08:30:00+00:00,271,49.9999999992724,40.64991500811419,0,0,0
2025-12-13 08:45:00+00:00,271,50.000000001091394,40.16532031282599,0,0,0
2025-12-13 09:00:00+00:00,271,39.999999999054126,40.13639937125804,0,0,0
2025-12-13 09:15:00+00:00,271,40.00000000087312,40.29654700354892,0,0,0
2025-12-13 09:30:00+00:00,271,49.9999999992724,40.17648365462388,0,0,0
2025-12-13 09:45:00+00:00,271,39.999999999054126,39.654719931381045,0,0,0
2025-12-13 10:00:00+00:00,271,40.00000000087312,39.98245742382806,0,0,0
2025-12-13 10:15:00+00:00,271,40.00000000087312,39.85012052421577,0,0,0
2025-12-13 10:30:00+00:00,271,49.9999999992724,40.09000221044887,0,0,0
2025-12-13 10:45:00+00:00,271,30.00000000065484,39.83235143952616,0,0,0
2025-12-13 11:00:00+00:00,271,39.999999999054126,40.19903237999753,0,0,0
2025-12-13 11:15:00+00:00,271,40.00000000087312,39.523608089853575,0,0,0
2025-12-13 11:30:00+00:00,271,49.9999999992724,39.61874916336562,0,0,0
2025-12-13 11:45:00+00:00,271,30.00000000065484,39.502031754334745,0,0,0
2025-12-13 12:00:00+00:00,271,49.9999999992724,40.1854418918691,0,0,0
2025-12-13 12:15:00+00:00,271,30.00000000065484,39.6468987011708,0,0,0
2025-12-13 12:30:00+00:00,271,49.9999999992724,41.25811806416037,0,0,0
2025-12-13 12:45:00+00:00,271,40.00000000087312,39.943364671849615,0,0,0
2025-12-13 13:00:00+00:00,271,39.999999999054126,40.86809402471347,0,0,0
2025-12-13 13:15:00+00:00,271,40.00000000087312,40.414979493898535,0,0,0
2025-12-13 13:30:00+00:00,271,49.9999999992724,40.4496639509249,0,0,0
2025-12-13 13:45:00+00:00,271,30.00000000065484,39.642729675375904,0,0,0
2025-12-13 14:00:00+00:00,271,39.999999999054126,39.55265919384304,0,0,0
2025-12-13 14:15:00+00:00,271,30.00000000065484,30.658638919183456,0,0,0
2025-12-13 14:30:00+00:00,271,39.999999999054126,37.51410511611088,0,0,0
2025-12-13 14:45:00+00:00,271,40.00000000087312,34.72970696404366,0,0,0
2025-12-13 15:00:00+00:00,271,49.9999999992724,36.94998692373878,0,0,0
2025-12-13 15:15:00+00:00,271,40.00000000087312,39.62417004539094,0,0,0
2025-12-13 15:30:00+00:00,271,39.999999999054126,40.43626296396896,0,0,0
2025-12-13 15:45:00+00:00,271,40.00000000087312,41.8503245414334,0,0,0
2025-12-13 16:00:00+00:00,271,39.999999999054126,41.08126178808456,0,0,0
2025-12-13 16:15:00+00:00,271,50.000000001091394,48.07038756452521,0,0,0
2025-12-13 16:30:00+00:00,271,49.9999999992724,43.63722297624542,0,0,0
2025-12-13 16:45:00+00:00,271,40.00000000087312,49.29781919938091,0,0,0
2025-12-13 17:00:00+00:00,271,49.9999999992724,49.1149371688504,0,0,0
2025-12-13 17:15:00+00:00,271,49.9999999992724,48.61716544253739,0,0,0
2025-12-13 17:30:00+00:00,271,50.000000001091394,48.75024120530709,0,0,0
2025-12-13 17:45:00+00:00,271,49.9999999992724,49.33209019930365,0,0,0
2025-12-13 18:00:00+00:00,271,50.000000001091394,49.17119796139559,0,0,0
2025-12-13 18:15:00+00:00,271,49.9999999992724,49.749850319452094,0,0,0
2025-12-13 18:30:00+00:00,271,49.9999999992724,49.69437432974249,0,0,0
2025-12-13 18:45:00+00:00,271,50.000000001091394,50.43649920429817,0,0,0
2025-12-13 19:00:00+00:00,271,49.9999999992724,50.0996656555714,0,0,0
2025-12-13 19:15:00+00:00,271,50.000000001091394,50.634009194022696,0,0,0
2025-12-13 19:30:00+00:00,271,59.99999999949068,50.4373950280227,0,0,0
2025-12-13 19:45:00+00:00,271,59.99999999949068,50.79972892644623,0,0,0
2025-12-13 20:00:00+00:00,271,60.00000000130967,51.63985844778723,0,0,0
2025-12-13 20:15:00+00:00,271,49.9999999992724,54.293116046028125,0,0,0
2025-12-13 20:30:00+00:00,271,49.9999999992724,52.912651686539775,0,0,0
2025-12-13 20:45:00+00:00,271,50.000000001091394,56.92481645028276,0,0,0
2025-12-13 21:00:00+00:00,271,59.99999999949068,55.76170802149295,0,0,0
2025-12-13 21:15:00+00:00,271,49.9999999992724,51.81625532708125,0,0,0
2025-12-13 21:30:00+00:00,271,60.00000000130967,51.77655961682668,0,0,0
2025-12-13 21:45:00+00:00,271,39.999999999054126,50.50608633182226,0,0,0
2025-12-13 22:00:00+00:00,271,50.000000001091394,53.04768754224517,0,0,0
2025-12-13 22:15:00+00:00,271,49.9999999992724,50.29717564529592,0,0,0
2025-12-13 22:30:00+00:00,271,49.9999999992724,50.105806259221545,0,0,0
2025-12-13 22:45:00+00:00,271,50.000000001091394,50.57137044282343,0,0,0
2025-12-13 23:00:00+00:00,271,49.9999999992724,50.9475015579272,0,0,0
2025-12-13 23:15:00+00:00,271,59.99999999949068,51.23770250499414,0,0,0
2025-12-13 23:30:00+00:00,271,50.000000001091394,50.54173935039694,0,0,0
2025-12-13 23:45:00+00:00,271,49.9999999992724,54.1380811170881,0,0,0
2025-12-14 00:00:00+00:00,271,60.00000000130967,51.55690670221911,0,0,0
2025-12-14 00:15:00+00:00,271,69.99999999970896,53.75253619626381,0,0,0
2025-12-14 00:30:00+00:00,271,59.99999999949068,55.48714187823349,0,0,0
2025-12-14 00:45:00+00:00,271,59.99999999949068,59.232925418046186,0,0,0
2025-12-14 01:00:00+00:00,271,60.00000000130967,58.58813523663567,0,0,0
2025-12-14 01:15:00+00:00,271,69.99999999970896,60.17675227796038,0,0,0
2025-12-14 01:30:00+00:00,271,59.99999999949068,59.285074609394215,0,0,0
2025-12-14 01:45:00+00:00,271,49.9999999992724,62.91501359406146,0,0,0
2025-12-14 02:00:00+00:00,271,70.00000000152795,60.7603201815822,0,0,0
2025-12-14 02:15:00+00:00,271,59.99999999949068,60.419451597788566,0,0,0
2025-12-14 02:30:00+00:00,271,59.99999999949068,61.221929724554045,0,0,0
2025-12-14 02:45:00+00:00,271,59.99999999949068,61.50809563655412,0,0,0
2025-12-14 03:00:00+00:00,271,60.00000000130967,60.58729986863447,0,0,0
2025-12-14 03:15:00+00:00,271,59.99999999949068,60.50930578000333,0,0,0
2025-12-14 03:30:00+00:00,271,49.9999999992724,59.7003271887753,0,0,0
2025-12-14 03:45:00+00:00,271,60.00000000130967,60.669133748700204,0,0,0
2025-12-14 04:00:00+00:00,271,69.99999999970896,56.77608674217302,0,0,0
2025-12-14 04:15:00+00:00,271,59.99999999949068,58.15278021974405,0,0,0
2025-12-14 04:30:00+00:00,271,49.9999999992724,57.75372137692163,0,0,0
2025-12-14 04:45:00+00:00,271,60.00000000130967,59.8660890325705,0,0,0
2025-12-14 05:00:00+00:00,271,59.99999999949068,56.60319276334029,0,0,0
2025-12-14 05:15:00+00:00,271,49.9999999992724,58.01347197396785,0,0,0
2025-12-14 05:30:00+00:00,271,60.00000000130967,57.96487927937231,0,0,0
2025-12-14 05:45:00+00:00,271,59.99999999949068,58.03038543215135,0,0,0
2025-12-14 06:00:00+00:00,271,49.9999999992724,58.207678135169886,0,0,0
2025-12-14 06:15:00+00:00,271,60.00000000130967,60.48329243723356,0,0,0
2025-12-14 06:30:00+00:00,271,59.99999999949068,57.81991279656687,0,0,0
2025-12-14 06:45:00+00:00,271,59.99999999949068,58.88272725127537,0,0,0
2025-12-14 07:00:00+00:00,271,60.00000000130967,58.1820169965995,0,0,0
2025-12-14 07:15:00+00:00,271,59.99999999949068,58.591186396928165,0,0,0
2025-12-14 07:30:00+00:00,271,59.99999999949068,58.00248473426966,0,0,0
2025-12-14 07:45:00+00:00,271,49.9999999992724,57.08625613602247,0,0,0
2025-12-14 08:00:00+00:00,271,60.00000000130967,55.06601284835181,0,0,0
2025-12-14 08:15:00+00:00,271,59.99999999949068,54.2465370406595,0,0,0
2025-12-14 08:30:00+00:00,271,49.9999999992724,52.69115352819195,0,0,0
2025-12-14 08:45:00+00:00,271,60.00000000130967,54.24027775950739,0,0,0
2025-12-14 09:00:00+00:00,271,49.9999999992724,50.92465039633886,0,0,0
2025-12-14 09:15:00+00:00,271,59.99999999949068,53.493348360275306,0,0,0
2025-12-14 09:30:00+00:00,271,50.000000001091394,50.608573925536696,0,0,0
2025-12-14 09:45:00+00:00,271,59.99999999949068,52.242422408336736,0,0,0
2025-12-14 10:00:00+00:00,271,59.99999999949068,50.35303446565703,0,0,0
2025-12-14 10:15:00+00:00,271,50.000000001091394,53.532354975357165,0,0,0
2025-12-14 10:30:00+00:00,271,49.9999999992724,51.05369112404169,0,0,0
2025-12-14 10:45:00+00:00,271,50.000000001091394,51.409960984945386,0,0,0
2025-12-14 11:00:00+00:00,271,39.999999999054126,49.98614871078711,0,0,0
2025-12-14 11:15:00+00:00,271,49.9999999992724,50.52062241165992,0,0,0
2025-12-14 11:30:00+00:00,271,50.000000001091394,49.14553682282521,0,0,0
2025-12-14 11:45:00+00:00,271,49.9999999992724,49.24471675971064,0,0,0
2025-12-14 12:00:00+00:00,271,40.00000000087312,47.79169450684252,0,0,0
2025-12-14 12:15:00+00:00,271,49.9999999992724,49.407377675228645,0,0,0
2025-12-14 12:30:00+00:00,271,50.000000001091394,41.18419537950799,0,0,0
2025-12-14 12:45:00+00:00,271,39.999999999054126,42.031439808507216,0,0,0
2025-12-14 13:00:00+00:00,271,50.000000001091394,41.41833652012178,0,0,0
2025-12-14 13:15:00+00:00,271,39.999999999054126,41.42884713565885,0,0,0
2025-12-14 13:30:00+00:00,271,49.9999999992724,44.82704915620377,0,0,0
2025-12-14 13:45:00+00:00,271,50.000000001091394,41.50293060918486,0,0,0
2025-12-14 14:00:00+00:00,271,49.9999999992724,41.67373433266038,0,0,0
2025-12-14 14:15:00+00:00,271,50.000000001091394,44.99091981658053,0,0,0
2025-12-14 14:30:00+00:00,271,39.999999999054126,42.23394956654039,0,0,0
2025-12-14 14:45:00+00:00,271,50.000000001091394,48.9617666251832,0,0,0
2025-12-14 15:00:00+00:00,271,49.9999999992724,41.47754510868356,0,0,0
2025-12-14 15:15:00+00:00,271,49.9999999992724,45.44927529901457,0,0,0
2025-12-14 15:30:00+00:00,271,50.000000001091394,42.96714683030299,0,0,0
2025-12-14 15:45:00+00:00,271,49.9999999992724,48.88674330240775,0,0,0
2025-12-14 16:00:00+00:00,271,50.000000001091394,48.56413191238438,0,0,0
2025-12-14 16:15:00+00:00,271,49.9999999992724,49.07591141223597,0,0,0
2025-12-14 16:30:00+00:00,271,49.9999999992724,48.78295791278471,0,0,0
2025-12-14 16:45:00+00:00,271,50.000000001091394,49.15061315726416,0,0,0
2025-12-14 17:00:00+00:00,271,49.9999999992724,49.09945932561005,0,0,0
2025-12-14 17:15:00+00:00,271,50.000000001091394,49.48015378207977,0,0,0
2025-12-14 17:30:00+00:00,271,59.99999999949068,49.26004147069038,0,0,0
2025-12-14 17:45:00+00:00,271,49.9999999992724,49.41147396319975,0,0,0
2025-12-14 18:00:00+00:00,271,50.000000001091394,49.972565879271706,0,0,0
2025-12-14 18:15:00+00:00,271,59.99999999949068,50.043335953508944,0,0,0
2025-12-14 18:30:00+00:00,271,59.99999999949068,49.74089208220687,0,0,0
2025-12-14 18:45:00+00:00,271,50.000000001091394,50.50122821085466,0,0,0
2025-12-14 19:00:00+00:00,271,59.99999999949068,51.03697673779698,0,0,0
2025-12-14 19:15:00+00:00,271,49.9999999992724,50.859190183238,0,0,0
2025-12-14 19:30:00+00:00,271,50.000000001091394,51.61024649689331,0,0,0
2025-12-14 19:45:00+00:00,271,59.99999999949068,50.99419158418477,0,0,0
2025-12-14 20:00:00+00:00,271,49.9999999992724,50.40531381942657,0,0,0
2025-12-14 20:15:00+00:00,271,60.00000000130967,51.38828894176368,0,0,0
2025-12-14 20:30:00+00:00,271,49.9999999992724,50.477014172146966,0,0,0
2025-12-14 20:45:00+00:00,271,59.99999999949068,53.25034660423243,0,0,0
2025-12-14 21:00:00+00:00,271,50.000000001091394,51.57468918598151,0,0,0
2025-12-14 21:15:00+00:00,271,59.99999999949068,57.62345941944051,0,0,0
2025-12-14 21:30:00+00:00,271,59.99999999949068,50.24562366976424,0,0,0
2025-12-14 21:45:00+00:00,271,50.000000001091394,51.69993606192793,0,0,0
2025-12-14 22:00:00+00:00,271,59.99999999949068,55.69627843484422,0,0,0
2025-12-14 22:15:00+00:00,271,49.9999999992724,56.26255004963103,0,0,0
2025-12-14 22:30:00+00:00,271,60.00000000130967,58.426538590328846,0,0,0
2025-12-14 22:45:00+00:00,271,59.99999999949068,58.02136594200189,0,0,0
2025-12-14 23:00:00+00:00,271,59.99999999949068,60.12254728601377,0,0,0
2025-12-14 23:15:00+00:00,271,59.99999999949068,60.449580370062016,0,0,0
2025-12-14 23:30:00+00:00,271,60.00000000130967,62.32794278997838,0,0,0
2025-12-14 23:45:00+00:00,271,59.99999999949068,63.19080862371227,0,0,0
2025-12-15 00:00:00+00:00,271,79.99999999992724,65.03953612289561,0,0,0
2025-12-15 00:15:00+00:00,271,69.99999999970896,67.43404996870375,0,0,0
2025-12-15 00:30:00+00:00,271,60.00000000130967,71.24944360587962,0,0,0
2025-12-15 00:45:00+00:00,271,69.99999999970896,69.27165623746087,0,0,0
2025-12-15 01:00:00+00:00,271,69.99999999970896,67.93395789005216,0,0,0
2025-12-15 01:15:00+00:00,271,69.99999999970896,68.36538123615281,0,0,0
2025-12-15 01:30:00+00:00,271,69.99999999970896,68.4638376231069,0,0,0
2025-12-15 01:45:00+00:00,271,69.99999999970896,69.6889301626819,0,0,0
2025-12-15 02:00:00+00:00,271,69.99999999970896,68.79265852629767,0,0,0
2025-12-15 02:15:00+00:00,271,70.00000000152795,70.42943566358173,0,0,0
2025-12-15 02:30:00+00:00,271,69.99999999970896,68.87892558530783,0,0,0
2025-12-15 02:45:00+00:00,271,69.99999999970896,69.47259638982287,0,0,0
2025-12-15 03:00:00+00:00,271,69.99999999970896,70.28347382108237,0,0,0
2025-12-15 03:15:00+00:00,271,59.99999999949068,70.99057351933186,0,0,0
2025-12-15 03:30:00+00:00,271,70.00000000152795,71.79060535823422,0,0,0
2025-12-15 03:45:00+00:00,271,79.99999999992724,70.38581593914924,0,0,0
2025-12-15 04:00:00+00:00,271,69.99999999970896,70.58592534899748,0,0,0
2025-12-15 04:15:00+00:00,271,69.99999999970896,73.37749200501413,0,0,0
2025-12-15 04:30:00+00:00,271,69.99999999970896,71.93643321000555,0,0,0
2025-12-15 04:45:00+00:00,271,69.99999999970896,72.67972954635485,0,0,0
2025-12-15 05:00:00+00:00,271,79.99999999992724,72.61987780229855,0,0,0
2025-12-15 05:15:00+00:00,271,90.00000000014552,74.18528764952902,0,0,0
2025-12-15 05:30:00+00:00,271,120.00000000080036,101.82222286894776,0,0,0
2025-12-15 05:45:00+00:00,271,100.0000000003638,102.153960941703,0,0,0
2025-12-15 06:00:00+00:00,271,89.99999999832653,91.11238226083158,0,0,0
2025-12-15 06:15:00+00:00,271,90.00000000014552,87.09753768252806,0,0,0
2025-12-15 06:30:00+00:00,271,90.00000000014552,90.30875947041812,0,0,0
2025-12-15 06:45:00+00:00,271,90.00000000014552,89.68969933709525,0,0,0
2025-12-15 07:00:00+00:00,271,90.00000000014552,89.8884420415176,0,0,0
2025-12-15 07:15:00+00:00,271,90.00000000014552,87.33747296505237,0,0,0
2025-12-15 07:30:00+00:00,271,79.99999999992724,89.55814341201203,0,0,0
2025-12-15 07:45:00+00:00,271,79.99999999992724,88.77988698056728,0,0,0
2025-12-15 08:00:00+00:00,271,90.00000000014552,85.02944822003228,0,0,0
2025-12-15 08:15:00+00:00,271,79.99999999992724,82.95894692443201,0,0,0
2025-12-15 08:30:00+00:00,271,90.00000000014552,85.65904002457805,0,0,0
2025-12-15 08:45:00+00:00,271,79.99999999992724,83.99268921946522,0,0,0
2025-12-15 09:00:00+00:00,271,79.99999999992724,86.17160432726521,0,0,0
2025-12-15 09:15:00+00:00,271,90.00000000014552,81.09288485334851,0,0,0
2025-12-15 09:30:00+00:00,271,79.99999999992724,83.01090470045429,0,0,0
2025-12-15 09:45:00+00:00,271,79.99999999992724,82.6744999220572,0,0,0
2025-12-15 10:00:00+00:00,271,79.99999999992724,80.85572126474109,0,0,0
2025-12-15 10:15:00+00:00,271,69.99999999970896,80.6278987440304,0,0,0
2025-12-15 10:30:00+00:00,271,79.99999999992724,78.13890612173732,0,0,0
2025-12-15 10:45:00+00:00,271,70.00000000152795,75.78290886777712,0,0,0
2025-12-15 11:00:00+00:00,271,69.99999999970896,75.73029262303426,0,0,0
2025-12-15 11:15:00+00:00,271,69.99999999970896,72.49734902397782,0,0,0
2025-12-15 11:30:00+00:00,271,59.99999999949068,72.5543218815348,0,0,0
2025-12-15 11:45:00+00:00,271,69.99999999970896,69.43549627138552,0,0,0
2025-12-15 12:00:00+00:00,271,60.00000000130967,65.44468962968999,0,0,0
2025-12-15 12:15:00+00:00,271,69.99999999970896,66.17757297231836,0,0,0
2025-12-15 12:30:00+00:00,271,59.99999999949068,61.822828371769496,0,0,0
2025-12-15 12:45:00+00:00,271,49.9999999992724,64.53699815497137,0,0,0
2025-12-15 13:00:00+00:00,271,60.00000000130967,60.4717309515581,0,0,0
2025-12-15 13:15:00+00:00,271,59.99999999949068,58.24173092162127,0,0,0
2025-12-15 13:30:00+00:00,271,59.99999999949068,58.039274759879305,0,0,0
2025-12-15 13:45:00+00:00,271,50.000000001091394,57.71043088684944,0,0,0
2025-12-15 14:00:00+00:00,271,59.99999999949068,59.04686206480167,0,0,0
2025-12-15 14:15:00+00:00,271,49.9999999992724,57.72281163011911,0,0,0
2025-12-15 14:30:00+00:00,271,60.00000000130967,58.89013119607547,0,0,0
2025-12-15 14:45:00+00:00,271,59.99999999949068,56.75116063845353,0,0,0
2025-12-15 15:00:00+00:00,271,49.9999999992724,58.11285098279207,0,0,0
2025-12-15 15:15:00+00:00,271,60.00000000130967,57.95237603029416,0,0,0
2025-12-15 15:30:00+00:00,271,49.9999999992724,54.68669275392099,0,0,0
2025-12-15 15:45:00+00:00,271,59.99999999949068,54.05359804891395,0,0,0
2025-12-15 16:00:00+00:00,271,60.00000000130967,53.130310053453,0,0,0
2025-12-15 16:15:00+00:00,271,49.9999999992724,58.30186596035969,0,0,0
2025-12-15 16:30:00+00:00,271,59.99999999949068,58.78901413609343,0,0,0
2025-12-15 16:45:00+00:00,271,59.99999999949068,58.92293212629644,0,0,0
2025-12-15 17:00:00+00:00,271,70.00000000152795,59.84071501698874,0,0,0
2025-12-15 17:15:00+00:00,271,59.99999999949068,60.36327885629322,0,0,0
2025-12-15 17:30:00+00:00,271,59.99999999949068,62.7832662536525,0,0,0
2025-12-15 17:45:00+00:00,271,59.99999999949068,60.65802783150004,0,0,0
2025-12-15 18:00:00+00:00,271,60.00000000130967,62.08916748432812,0,0,0
2025-12-15 18:15:00+00:00,271,59.99999999949068,61.56769471238043,0,0,0
2025-12-15 18:30:00+00:00,271,69.99999999970896,61.646044833517465,0,0,0
2025-12-15 18:45:00+00:00,271,59.99999999949068,61.40754899424281,0,0,0
2025-12-15 19:00:00+00:00,271,60.00000000130967,63.08054191115925,0,0,0
2025-12-15 19:15:00+00:00,271,59.99999999949068,61.93140680114938,0,0,0
2025-12-15 19:30:00+00:00,271,69.99999999970896,58.369757148097605,0,0,0
2025-12-15 19:45:00+00:00,271,50.000000001091394,57.84925293769823,0,0,0
2025-12-15 20:00:00+00:00,271,49.9999999992724,53.02756596320207,0,0,0
2025-12-15 20:15:00+00:00,271,40.00000000087312,48.01828814116188,0,0,0
2025-12-15 20:30:00+00:00,271,49.9999999992724,47.46416374294732,0,0,0
2025-12-15 20:45:00+00:00,271,39.999999999054126,48.38045359409875,0,0,0
2025-12-15 21:00:00+00:00,271,50.000000001091394,50.06671924970287,0,0,0
2025-12-15 21:15:00+00:00,271,49.9999999992724,50.50302751491674,0,0,0
2025-12-15 21:30:00+00:00,271,50.000000001091394,51.538906004985336,0,0,0
2025-12-15 21:45:00+00:00,271,59.99999999949068,50.31843040306748,0,0,0
2025-12-15 22:00:00+00:00,271,49.9999999992724,49.35915249805855,0,0,0
2025-12-15 22:15:00+00:00,271,50.000000001091394,50.42793911093053,0,0,0
2025-12-15 22:30:00+00:00,271,49.9999999992724,50.22753109317411,0,0,0
2025-12-15 22:45:00+00:00,271,50.000000001091394,53.393820047497,0,0,0
2025-12-15 23:00:00+00:00,271,49.9999999992724,53.27034950577358,0,0,0
2025-12-15 23:15:00+00:00,271,59.99999999949068,56.87232271134838,0,0,0
2025-12-15 23:30:00+00:00,271,50.000000001091394,56.00020768907413,0,0,0
2025-12-15 23:45:00+00:00,271,59.99999999949068,59.40516092815834,0,0,0
2025-12-16 00:00:00+00:00,271,59.99999999949068,57.60576115842142,0,0,0
2025-12-16 00:15:00+00:00,271,59.99999999949068,60.6831989468365,0,0,0
2025-12-16 00:30:00+00:00,271,60.00000000130967,59.986960154170205,0,0,0
2025-12-16 00:45:00+00:00,271,59.99999999949068,60.3882776978365,0,0,0
2025-12-16 01:00:00+00:00,271,59.99999999949068,58.62806064528114,0,0,0
2025-12-16 01:15:00+00:00,271,50.000000001091394,59.81729343772965,0,0,0
2025-12-16 01:30:00+00:00,271,59.99999999949068,59.83945167583877,0,0,0
2025-12-16 01:45:00+00:00,271,49.9999999992724,57.07508896591807,0,0,0
2025-12-16 02:00:00+00:00,271,60.00000000130967,58.63930055320933,0,0,0
2025-12-16 08:00:00+00:00,271,79.99999999992724,56.811808670264966,0,0,0
2025-12-16 08:15:00+00:00,271,79.99999999992724,81.39216271516264,0,0,0
2025-12-16 08:30:00+00:00,271,69.99999999970896,76.9952761164961,0,0,0
2025-12-16 08:45:00+00:00,271,69.99999999970896,69.85267831725018,0,0,0
2025-12-16 09:00:00+00:00,271,79.99999999992724,69.30195345522098,0,0,0
2025-12-16 09:15:00+00:00,271,79.99999999992724,70.84197780195015,0,0,0
2025-12-16 09:30:00+00:00,271,69.99999999970896,71.61876416369311,0,0,0
2025-12-16 09:45:00+00:00,271,79.99999999992724,72.1172670965505,0,0,0
2025-12-16 10:00:00+00:00,271,60.00000000130967,71.25357817691588,0,0,0
2025-12-16 10:15:00+00:00,271,69.99999999970896,73.74341685494878,0,0,0
2025-12-16 10:30:00+00:00,271,59.99999999949068,68.11899142884413,0,0,0
2025-12-16 10:45:00+00:00,271,59.99999999949068,68.25923760971651,0,0,0
2025-12-16 11:00:00+00:00,271,60.00000000130967,63.34504726489716,0,0,0
2025-12-16 11:15:00+00:00,271,69.99999999970896,64.49255917294465,0,0,0
2025-12-16 11:30:00+00:00,271,59.99999999949068,59.59373182217021,0,0,0
2025-12-16 11:45:00+00:00,271,59.99999999949068,60.99944003481881,0,0,0
2025-12-16 12:00:00+00:00,271,50.000000001091394,59.17797007802263,0,0,0
2025-12-16 12:15:00+00:00,271,49.9999999992724,58.75545902948901,0,0,0
2025-12-16 12:30:00+00:00,271,50.000000001091394,53.59161333190364,0,0,0
2025-12-16 12:45:00+00:00,271,49.9999999992724,50.450112662265695,0,0,0
2025-12-16 13:00:00+00:00,271,49.9999999992724,50.411684121467616,0,0,0
2025-12-16 13:15:00+00:00,271,40.00000000087312,50.75472718336181,0,0,0
2025-12-16 13:30:00+00:00,271,49.9999999992724,50.43819514408435,0,0,0
2025-12-16 13:45:00+00:00,271,50.000000001091394,48.996998530041225,0,0,0
2025-12-16 14:00:00+00:00,271,39.999999999054126,49.06167776861301,0,0,0
2025-12-16 14:15:00+00:00,271,50.000000001091394,48.76915686779795,0,0,0
2025-12-16 14:30:00+00:00,271,39.999999999054126,47.72768905021738,0,0,0
2025-12-16 14:45:00+00:00,271,50.000000001091394,48.40061728451352,0,0,0
2025-12-16 15:00:00+00:00,271,39.999999999054126,46.25040586188676,0,0,0
2025-12-16 15:15:00+00:00,271,50.000000001091394,49.04261280216805,0,0,0
2025-12-16 15:30:00+00:00,271,39.999999999054126,47.49216780510491,0,0,0
2025-12-16 15:45:00+00:00,271,49.9999999992724,49.8894150617648,0,0,0
2025-12-16 16:00:00+00:00,271,50.000000001091394,48.846588195371375,0,0,0
2025-12-16 16:15:00+00:00,271,49.9999999992724,49.73079683792668,0,0,0
2025-12-16 16:30:00+00:00,271,50.000000001091394,50.0211202908021,0,0,0
2025-12-16 16:45:00+00:00,271,59.99999999949068,49.93952759404681,0,0,0
2025-12-16 17:00:00+00:00,271,49.9999999992724,51.01212337190127,0,0,0
2025-12-16 17:15:00+00:00,271,50.000000001091394,52.79965539144152,0,0,0
2025-12-16 17:30:00+00:00,271,49.9999999992724,51.97341879444364,0,0,0
2025-12-16 17:45:00+00:00,271,59.99999999949068,52.89343358783422,0,0,0
2025-12-16 18:00:00+00:00,271,50.000000001091394,56.4346362557891,0,0,0
2025-12-16 18:15:00+00:00,271,59.99999999949068,58.848341402157175,0,0,0
2025-12-16 18:30:00+00:00,271,59.99999999949068,57.251068559801936,0,0,0
2025-12-16 18:45:00+00:00,271,60.00000000130967,56.25352290286854,0,0,0
2025-12-16 19:00:00+00:00,271,49.9999999992724,56.11029064291442,0,0,0
2025-12-16 19:15:00+00:00,271,49.9999999992724,54.76642489370995,0,0,0
2025-12-16 19:30:00+00:00,271,50.000000001091394,49.296368271211705,0,0,0
2025-12-16 19:45:00+00:00,271,49.9999999992724,47.06459956366491,0,0,0
2025-12-16 20:00:00+00:00,271,40.00000000087312,46.87175627958224,0,0,0
2025-12-16 20:15:00+00:00,271,29.999999998835847,40.50724742337104,0,0,0
2025-12-16 20:30:00+00:00,271,40.00000000087312,39.78413966142887,0,0,0
2025-12-16 20:45:00+00:00,271,30.00000000065484,39.6705538071273,0,0,0
2025-12-16 21:00:00+00:00,271,39.999999999054126,40.2001425888869,0,0,0
2025-12-16 21:15:00+00:00,271,49.9999999992724,40.09282367235047,0,0,0
2025-12-16 21:30:00+00:00,271,50.000000001091394,40.26258992476041,0,0,0
2025-12-16 21:45:00+00:00,271,39.999999999054126,40.41645722021335,0,0,0
2025-12-16 22:00:00+00:00,271,40.00000000087312,46.3466648009012,0,0,0
2025-12-16 22:15:00+00:00,271,39.999999999054126,41.32112241863182,0,0,0
2025-12-16 22:30:00+00:00,271,50.000000001091394,41.89862819888706,0,0,0
2025-12-16 22:45:00+00:00,271,49.9999999992724,40.53908553450346,0,0,0
2025-12-16 23:00:00+00:00,271,40.00000000087312,46.45150871727565,0,0,0
2025-12-16 23:15:00+00:00,271,49.9999999992724,48.852066501994415,0,0,0
2025-12-16 23:30:00+00:00,271,40.00000000087312,48.52464293068164,0,0,0
2025-12-16 23:45:00+00:00,271,49.9999999992724,49.56887861387259,0,0,0
2025-12-17 00:00:00+00:00,271,49.9999999992724,48.93555421047465,0,0,0
2025-12-17 00:15:00+00:00,271,50.000000001091394,49.79203442894144,0,0,0
2025-12-17 00:30:00+00:00,271,49.9999999992724,50.04489407426057,0,0,0
2025-12-17 00:45:00+00:00,271,50.000000001091394,50.27995592259122,0,0,0
2025-12-17 01:00:00+00:00,271,49.9999999992724,49.86670554751751,0,0,0
2025-12-17 01:15:00+00:00,271,49.9999999992724,49.556716084074274,0,0,0
2025-12-17 01:30:00+00:00,271,40.00000000087312,49.856173876294605,0,0,0
2025-12-17 01:45:00+00:00,271,49.9999999992724,49.70675124470564,0,0,0
2025-12-17 02:00:00+00:00,271,50.000000001091394,48.97747033850794,0,0,0
2025-12-17 02:15:00+00:00,271,49.9999999992724,48.957096091234845,0,0,0
2025-12-17 02:30:00+00:00,271,40.00000000087312,49.27753683146417,0,0,0
2025-12-17 02:45:00+00:00,271,49.9999999992724,49.98280659919946,0,0,0
2025-12-17 03:00:00+00:00,271,50.000000001091394,49.32067801758228,0,0,0
2025-12-17 03:15:00+00:00,271,49.9999999992724,49.23214077280869,0,0,0
2025-12-17 03:30:00+00:00,271,49.9999999992724,49.454002620275446,0,0,0
2025-12-17 03:45:00+00:00,271,60.00000000130967,49.13298380576235,0,0,0
2025-12-17 04:00:00+00:00,271,49.9999999992724,48.86067636334677,0,0,0
2025-12-17 04:15:00+00:00,271,59.99999999949068,49.58389706033114,0,0,0
2025-12-17 04:30:00+00:00,271,60.00000000130967,50.86153693513173,0,0,0
2025-12-17 04:45:00+00:00,271,59.99999999949068,54.27400131159848,0,0,0
2025-12-17 05:00:00+00:00,271,49.9999999992724,55.20282120997366,0,0,0
2025-12-17 05:15:00+00:00,271,60.00000000130967,56.49383718773785,0,0,0
2025-12-17 05:30:00+00:00,271,49.9999999992724,57.73415873062973,0,0,0
2025-12-17 05:45:00+00:00,271,59.99999999949068,58.18220075531222,0,0,0
2025-12-17 06:00:00+00:00,271,59.99999999949068,57.03308095852841,0,0,0
2025-12-17 06:15:00+00:00,271,80.00000000174623,82.26069827084532,0,0,0
2025-12-17 06:30:00+00:00,271,99.9999999985448,114.0632635772759,0,0,0
2025-12-17 06:45:00+00:00,271,90.00000000014552,91.68344308706872,0,0,0
2025-12-17 07:00:00+00:00,271,100.0000000003638,75.62224632825998,0,0,0
2025-12-17 07:15:00+00:00,271,79.99999999992724,71.83948134751188,0,0,0
2025-12-17 07:30:00+00:00,271,79.99999999992724,76.4049244537296,0,0,0
2025-12-17 07:45:00+00:00,271,79.99999999992724,74.69755717261452,0,0,0
2025-12-17 08:00:00+00:00,271,69.99999999970896,77.53795004992415,0,0,0
2025-12-17 08:15:00+00:00,271,79.99999999992724,72.80974649221902,0,0,0
2025-12-17 08:30:00+00:00,271,79.99999999992724,74.91766565569739,0,0,0
2025-12-17 08:45:00+00:00,271,79.99999999992724,74.7271844367345,0,0,0
2025-12-17 09:00:00+00:00,271,70.00000000152795,74.74082852115414,0,0,0
2025-12-17 09:15:00+00:00,271,59.99999999949068,73.08659430616146,0,0,0
2025-12-17 09:30:00+00:00,271,69.99999999970896,67.10240760361138,0,0,0
2025-12-17 09:45:00+00:00,271,69.99999999970896,63.36158554904219,0,0,0
2025-12-17 10:00:00+00:00,271,69.99999999970896,64.55209699586673,0,0,0
2025-12-17 10:15:00+00:00,271,70.00000000152795,63.32948902721999,0,0,0
2025-12-17 10:30:00+00:00,271,59.99999999949068,65.56267037987084,0,0,0
2025-12-17 10:45:00+00:00,271,59.99999999949068,63.33721072146085,0,0,0
2025-12-17 11:00:00+00:00,271,69.99999999970896,60.80311682011396,0,0,0
2025-12-17 11:15:00+00:00,271,60.00000000130967,59.41476997751111,0,0,0
2025-12-17 11:30:00+00:00,271,59.99999999949068,61.61673149053172,0,0,0
2025-12-17 11:45:00+00:00,271,59.99999999949068,59.16607552968036,0,0,0
2025-12-17 12:00:00+00:00,271,49.9999999992724,60.07616735258392,0,0,0
2025-12-17 12:15:00+00:00,271,70.00000000152795,58.30244020633695,0,0,0
2025-12-17 12:30:00+00:00,271,49.9999999992724,55.6031051108809,0,0,0
2025-12-17 12:45:00+00:00,271,59.99999999949068,57.78107079866516,0,0,0
2025-12-17 13:00:00+00:00,271,50.000000001091394,51.21360714378841,0,0,0
2025-12-17 13:15:00+00:00,271,49.9999999992724,51.46892839019672,0,0,0
2025-12-17 13:30:00+00:00,271,59.99999999949068,50.36228748250391,0,0,0
2025-12-17 13:45:00+00:00,271,40.00000000087312,50.24685255615557,0,0,0
2025-12-17 14:00:00+00:00,271,49.9999999992724,51.894578650072674,0,0,0
2025-12-17 14:15:00+00:00,271,50.000000001091394,49.79926992825489,0,0,0
2025-12-17 14:30:00+00:00,271,49.9999999992724,50.12488271058604,0,0,0
2025-12-17 14:45:00+00:00,271,50.000000001091394,49.18921780016194,0,0,0
2025-12-17 15:00:00+00:00,271,59.99999999949068,50.09834871813023,0,0,0
2025-12-17 15:15:00+00:00,271,49.9999999992724,49.270117573438,0,0,0
2025-12-17 15:30:00+00:00,271,50.000000001091394,50.91494181101669,0,0,0
2025-12-17 15:45:00+00:00,271,49.9999999992724,49.91591077115547,0,0,0
2025-12-17 16:00:00+00:00,271,49.9999999992724,50.66320768781299,0,0,0
2025-12-17 16:15:00+00:00,271,50.000000001091394,50.16845649534035,0,0,0
2025-12-17 16:30:00+00:00,271,59.99999999949068,50.93128867983596,0,0,0
2025-12-17 16:45:00+00:00,271,49.9999999992724,49.95509348833701,0,0,0
2025-12-17 17:00:00+00:00,271,50.000000001091394,51.93554535809024,0,0,0
2025-12-17 17:15:00+00:00,271,59.99999999949068,50.668819985164056,0,0,0
2025-12-17 17:30:00+00:00,271,50.000000001091394,50.80003136266092,0,0,0
2025-12-17 17:45:00+00:00,271,59.99999999949068,52.31065048704798,0,0,0
2025-12-17 18:00:00+00:00,271,49.9999999992724,54.34380665259391,0,0,0
2025-12-17 18:15:00+00:00,271,60.00000000130967,57.81413588203566,0,0,0
2025-12-17 18:30:00+00:00,271,59.99999999949068,57.13312992099276,0,0,0
2025-12-17 18:45:00+00:00,271,49.9999999992724,57.424264974849365,0,0,0
2025-12-17 19:00:00+00:00,271,50.000000001091394,57.16813212745987,0,0,0
2025-12-17 19:15:00+00:00,271,59.99999999949068,52.4602913321083,0,0,0
2025-12-17 19:30:00+00:00,271,49.9999999992724,50.96449923885403,0,0,0
2025-12-17 19:45:00+00:00,271,50.000000001091394,48.15305984371774,0,0,0
2025-12-17 20:00:00+00:00,271,39.999999999054126,45.6066493232353,0,0,0
2025-12-17 20:15:00+00:00,271,40.00000000087312,40.47215142339431,0,0,0
2025-12-17 20:30:00+00:00,271,29.999999998835847,39.96322975435621,0,0,0
2025-12-17 20:45:00+00:00,271,40.00000000087312,39.761280843227496,0,0,0
2025-12-17 21:00:00+00:00,271,39.999999999054126,39.873695235735454,0,0,0
2025-12-17 21:15:00+00:00,271,50.000000001091394,40.19583765821072,0,0,0
2025-12-17 21:30:00+00:00,271,49.9999999992724,40.51949034760617,0,0,0
2025-12-17 21:45:00+00:00,271,50.000000001091394,41.01182396451456,0,0,0
2025-12-17 22:00:00+00:00,271,39.999999999054126,41.392614128647146,0,0,0
2025-12-17 22:15:00+00:00,271,30.00000000065484,40.70229581200638,0,0,0
2025-12-17 22:30:00+00:00,271,49.9999999992724,41.19884822269435,0,0,0
2025-12-17 22:45:00+00:00,271,40.00000000087312,39.711359726271226,0,0,0
2025-12-17 23:00:00+00:00,271,29.999999998835847,40.44806563295487,0,0,0
2025-12-17 23:15:00+00:00,271,40.00000000087312,45.67723946706633,0,0,0
2025-12-17 23:30:00+00:00,271,59.99999999949068,48.27001460775256,0,0,0
2025-12-17 23:45:00+00:00,271,40.00000000087312,41.833702034545055,0,0,0
2025-12-18 00:00:00+00:00,271,49.9999999992724,48.51451323164281,0,0,0
2025-12-18 00:15:00+00:00,271,49.9999999992724,48.521044322557486,0,0,0
2025-12-18 00:30:00+00:00,271,50.000000001091394,49.6214297774047,0,0,0
2025-12-18 00:45:00+00:00,271,49.9999999992724,49.18975759138056,0,0,0
2025-12-18 01:00:00+00:00,271,40.00000000087312,49.3134080635102,0,0,0
2025-12-18 01:15:00+00:00,271,39.999999999054126,49.27357453422109,0,0,0
2025-12-18 01:30:00+00:00,271,50.000000001091394,49.05744748991388,0,0,0
2025-12-18 01:45:00+00:00,271,39.999999999054126,45.913070805006505,0,0,0
2025-12-18 02:00:00+00:00,271,50.000000001091394,47.5647563249368,0,0,0
2025-12-18 02:15:00+00:00,271,39.999999999054126,43.01702392173433,0,0,0
2025-12-18 02:30:00+00:00,271,59.99999999949068,49.21771188555346,0,0,0
2025-12-18 02:45:00+00:00,271,50.000000001091394,48.22021982491128,0,0,0
2025-12-18 03:00:00+00:00,271,49.9999999992724,50.30320522805712,0,0,0
2025-12-18 03:15:00+00:00,271,50.000000001091394,49.7956368653721,0,0,0
2025-12-18 03:30:00+00:00,271,39.999999999054126,54.79411886303984,0,0,0
2025-12-18 03:45:00+00:00,271,59.99999999949068,53.96857901782769,0,0,0
2025-12-18 04:00:00+00:00,271,50.000000001091394,49.82975090472772,0,0,0
2025-12-18 04:15:00+00:00,271,49.9999999992724,51.05459077607273,0,0,0
2025-12-18 04:30:00+00:00,271,59.99999999949068,51.05044089181041,0,0,0
2025-12-18 04:45:00+00:00,271,60.00000000130967,51.80083490843862,0,0,0
2025-12-18 05:00:00+00:00,271,49.9999999992724,51.65887364624749,0,0,0
2025-12-18 05:15:00+00:00,271,50.000000001091394,53.63043235996626,0,0,0
2025-12-18 05:30:00+00:00,271,49.9999999992724,54.86743093280307,0,0,0
2025-12-18 05:45:00+00:00,271,49.9999999992724,55.13295461607399,0,0,0
2025-12-18 06:00:00+00:00,271,60.00000000130967,54.39079145845314,0,0,0
2025-12-18 06:15:00+00:00,271,69.99999999970896,85.67540603492988,0,0,0
2025-12-18 06:30:00+00:00,271,109.99999999876307,110.27432736642557,0,0,0
2025-12-18 06:45:00+00:00,271,100.0000000003638,90.70846529704156,0,0,0
2025-12-18 07:00:00+00:00,271,79.99999999992724,72.78898175768138,0,0,0
2025-12-18 07:15:00+00:00,271,50.000000001091394,66.59822346388566,0,0,0
2025-12-18 07:30:00+00:00,271,69.99999999970896,68.14990883225967,0,0,0
2025-12-18 07:45:00+00:00,271,69.99999999970896,65.91523826837448,0,0,0
2025-12-18 08:00:00+00:00,271,69.99999999970896,68.23400141316928,0,0,0
2025-12-18 08:15:00+00:00,271,50.000000001091394,64.62037484256267,0,0,0
2025-12-18 08:30:00+00:00,271,69.99999999970896,67.11314600338609,0,0,0
2025-12-18 08:45:00+00:00,271,59.99999999949068,59.71448043796144,0,0,0
2025-12-18 09:00:00+00:00,271,49.9999999992724,58.90991588414526,0,0,0
2025-12-18 09:15:00+00:00,271,60.00000000130967,55.02047131404875,0,0,0
2025-12-18 09:30:00+00:00,271,59.99999999949068,57.3578362002002,0,0,0
2025-12-18 09:45:00+00:00,271,49.9999999992724,57.99209471038781,0,0,0
2025-12-18 10:00:00+00:00,271,60.00000000130967,57.09349163533592,0,0,0
2025-12-18 10:15:00+00:00,271,59.99999999949068,51.533236283036544,0,0,0
2025-12-18 10:30:00+00:00,271,49.9999999992724,53.385543248811466,0,0,0
2025-12-18 10:45:00+00:00,271,40.00000000087312,52.63850282869045,0,0,0
2025-12-18 11:00:00+00:00,271,59.99999999949068,49.87978687087944,0,0,0
2025-12-18 11:15:00+00:00,271,40.00000000087312,48.40947215748284,0,0,0
2025-12-18 11:30:00+00:00,271,49.9999999992724,49.04892185130486,0,0,0
2025-12-18 11:45:00+00:00,271,40.00000000087312,44.1539371631949,0,0,0
2025-12-18 12:00:00+00:00,271,49.9999999992724,48.45006369146192,0,0,0
2025-12-18 12:15:00+00:00,271,40.00000000087312,41.34863071509572,0,0,0
2025-12-18 12:30:00+00:00,271,49.9999999992724,46.529721019378144,0,0,0
2025-12-18 12:45:00+00:00,271,39.999999999054126,40.4365405161913,0,0,0
2025-12-18 13:00:00+00:00,271,40.00000000087312,43.20249962992879,0,0,0
2025-12-18 13:15:00+00:00,271,49.9999999992724,40.00778932803815,0,0,0
2025-12-18 13:30:00+00:00,271,40.00000000087312,39.853897148592864,0,0,0
2025-12-18 13:45:00+00:00,271,39.999999999054126,40.16722298116397,0,0,0
2025-12-18 14:00:00+00:00,271,40.00000000087312,40.18108145074846,0,0,0
2025-12-18 14:15:00+00:00,271,39.999999999054126,40.49878303766626,0,0,0
2025-12-18 14:30:00+00:00,271,50.000000001091394,40.29613928890506,0,0,0
2025-12-18 14:45:00+00:00,271,39.999999999054126,40.49900316529088,0,0,0
2025-12-18 15:00:00+00:00,271,40.00000000087312,42.36211935451104,0,0,0
2025-12-18 15:15:00+00:00,271,39.999999999054126,41.21708436077879,0,0,0
2025-12-18 15:30:00+00:00,271,40.00000000087312,41.85245499400903,0,0,0
2025-12-18 15:45:00+00:00,271,49.9999999992724,40.48664730601355,0,0,0
2025-12-18 16:00:00+00:00,271,40.00000000087312,40.72578630078274,0,0,0
2025-12-18 16:15:00+00:00,271,49.9999999992724,48.10159591923591,0,0,0
2025-12-18 16:30:00+00:00,271,40.00000000087312,46.91108064410485,0,0,0
2025-12-18 16:45:00+00:00,271,49.9999999992724,49.73587700067215,0,0,0
2025-12-18 17:00:00+00:00,271,50.000000001091394,48.146873300389416,0,0,0
2025-12-18 17:15:00+00:00,271,49.9999999992724,49.150486823149166,0,0,0
2025-12-18 17:30:00+00:00,271,39.999999999054126,49.1922842736805,0,0,0
2025-12-18 17:45:00+00:00,271,60.00000000130967,49.76339869620885,0,0,0
2025-12-18 18:00:00+00:00,271,39.999999999054126,48.65213319424587,0,0,0
2025-12-18 18:15:00+00:00,271,50.000000001091394,50.09070359001967,0,0,0
2025-12-18 18:30:00+00:00,271,49.9999999992724,49.33157720623064,0,0,0
2025-12-18 18:45:00+00:00,271,49.9999999992724,49.24573126093712,0,0,0
2025-12-18 19:00:00+00:00,271,40.00000000087312,48.42322726279141,0,0,0
2025-12-18 19:15:00+00:00,271,49.9999999992724,48.484690723890566,0,0,0
2025-12-18 19:30:00+00:00,271,50.000000001091394,41.06378556884334,0,0,0
2025-12-18 19:45:00+00:00,271,29.999999998835847,40.127621064419024,0,0,0
2025-12-18 20:00:00+00:00,271,40.00000000087312,39.457927749128096,0,0,0
2025-12-18 20:15:00+00:00,271,30.00000000065484,36.05758570524127,0,0,0
2025-12-18 20:30:00+00:00,271,29.999999998835847,30.486266547113395,0,0,0
2025-12-18 20:45:00+00:00,271,30.00000000065484,30.166259362596897,0,0,0
2025-12-18 21:00:00+00:00,271,39.999999999054126,30.53906750764561,0,0,0
2025-12-18 21:15:00+00:00,271,30.00000000065484,30.35666018712297,0,0,0
2025-12-18 21:30:00+00:00,271,40.00000000087312,30.77211853797923,0,0,0
2025-12-18 21:45:00+00:00,271,29.999999998835847,30.3849714708784,0,0,0
2025-12-18 22:00:00+00:00,271,30.00000000065484,30.53933261787177,0,0,0
2025-12-18 22:15:00+00:00,271,29.999999998835847,30.42282098031608,0,0,0
2025-12-18 22:30:00+00:00,271,40.00000000087312,30.525240621589877,0,0,0
2025-12-18 22:45:00+00:00,271,20.00000000043656,30.280096449513515,0,0,0
2025-12-18 23:00:00+00:00,271,29.999999998835847,30.84230670962618,0,0,0
2025-12-18 23:15:00+00:00,271,30.00000000065484,30.38587686536921,0,0,0
2025-12-18 23:30:00+00:00,271,30.00000000065484,30.264719577857495,0,0,0
2025-12-18 23:45:00+00:00,271,29.999999998835847,30.27987680042721,0,0,0
2025-12-19 00:00:00+00:00,271,30.00000000065484,30.272452757017906,0,0,0
2025-12-19 00:15:00+00:00,271,49.9999999992724,30.410947487659648,0,0,0
2025-12-19 00:30:00+00:00,271,40.00000000087312,30.62115597009459,0,0,0
2025-12-19 00:45:00+00:00,271,30.00000000065484,39.28194624109097,0,0,0
2025-12-19 01:00:00+00:00,271,39.999999999054126,36.13002779234895,0,0,0
2025-12-19 01:15:00+00:00,271,30.00000000065484,31.387892070158923,0,0,0
2025-12-19 01:30:00+00:00,271,29.999999998835847,30.79630960684784,0,0,0
2025-12-19 01:45:00+00:00,271,30.00000000065484,30.350425789963204,0,0,0
2025-12-19 02:00:00+00:00,271,30.00000000065484,30.1279169586954,0,0,0
2025-12-19 02:15:00+00:00,271,19.999999998617568,30.0857644327348,0,0,0
2025-12-19 02:30:00+00:00,271,30.00000000065484,30.390526343631738,0,0,0
2025-12-19 02:45:00+00:00,271,30.00000000065484,30.084423568377908,0,0,0
2025-12-19 03:00:00+00:00,271,29.999999998835847,29.013722323710088,0,0,0
2025-12-19 03:15:00+00:00,271,30.00000000065484,29.37888916895476,0,0,0
2025-12-19 03:30:00+00:00,271,30.00000000065484,28.853744093982503,0,0,0
2025-12-19 03:45:00+00:00,271,29.999999998835847,29.206774729036145,0,0,0
2025-12-19 04:00:00+00:00,271,30.00000000065484,28.51425226491934,0,0,0
2025-12-19 04:15:00+00:00,271,20.00000000043656,28.70768175843713,0,0,0
2025-12-19 04:30:00+00:00,271,29.999999998835847,29.722269600360583,0,0,0
2025-12-19 04:45:00+00:00,271,20.00000000043656,29.10414405236571,0,0,0
2025-12-19 05:00:00+00:00,271,30.00000000065484,28.867042195200845,0,0,0
2025-12-19 05:15:00+00:00,271,29.999999998835847,22.321575032482947,0,0,0
2025-12-19 05:30:00+00:00,271,20.00000000043656,27.483415175992747,0,0,0
2025-12-19 05:45:00+00:00,271,30.00000000065484,29.495382143516192,0,0,0
2025-12-19 06:00:00+00:00,271,29.999999998835847,27.95391165400096,0,0,0
2025-12-19 06:15:00+00:00,271,50.000000001091394,31.810276784577542,0,0,0
2025-12-19 06:30:00+00:00,271,90.00000000014552,81.72322317766472,0,0,0
2025-12-19 06:45:00+00:00,271,79.99999999992724,65.52950193222443,0,0,0
2025-12-19 07:00:00+00:00,271,49.9999999992724,50.951245641698925,0,0,0
2025-12-19 07:15:00+00:00,271,30.00000000065484,47.575954121493325,0,0,0
2025-12-19 07:30:00+00:00,271,39.999999999054126,45.56651144357824,0,0,0
2025-12-19 07:45:00+00:00,271,40.00000000087312,41.58324465156412,0,0,0
2025-12-19 08:00:00+00:00,271,39.999999999054126,41.133405236972806,0,0,0
2025-12-19 08:15:00+00:00,271,50.000000001091394,44.582420369892,0,0,0
2025-12-19 08:30:00+00:00,271,29.999999998835847,43.330173652205744,0,0,0
2025-12-19 08:45:00+00:00,271,50.000000001091394,41.28615849522986,0,0,0
2025-12-19 09:00:00+00:00,271,39.999999999054126,39.69118837924342,0,0,0
2025-12-19 09:15:00+00:00,271,50.000000001091394,40.41346539867183,0,0,0
2025-12-19 09:30:00+00:00,271,39.999999999054126,40.64601396377536,0,0,0
2025-12-19 09:45:00+00:00,271,50.000000001091394,45.46669409365806,0,0,0
2025-12-19 10:00:00+00:00,271,49.9999999992724,41.77340429277974,0,0,0
2025-12-19 10:15:00+00:00,271,49.9999999992724,48.33510347512146,0,0,0
2025-12-19 10:30:00+00:00,271,40.00000000087312,47.588637300977695,0,0,0
2025-12-19 10:45:00+00:00,271,49.9999999992724,49.34983440000091,0,0,0
2025-12-19 11:00:00+00:00,271,50.000000001091394,47.0871827437972,0,0,0
2025-12-19 11:15:00+00:00,271,39.999999999054126,47.17849551079421,0,0,0
2025-12-19 11:30:00+00:00,271,50.000000001091394,42.1674633672935,0,0,0
2025-12-19 11:45:00+00:00,271,39.999999999054126,40.7300510342405,0,0,0
2025-12-19 12:00:00+00:00,271,50.000000001091394,41.99922078087654,0,0,0
2025-12-19 12:15:00+00:00,271,39.999999999054126,40.52398477945484,0,0,0
2025-12-19 12:30:00+00:00,271,49.9999999992724,42.0135539604689,0,0,0
2025-12-19 12:45:00+00:00,271,40.00000000087312,40.249793810233854,0,0,0
2025-12-19 13:00:00+00:00,271,39.999999999054126,41.34609637618276,0,0,0
2025-12-19 13:15:00+00:00,271,50.000000001091394,40.35093958251476,0,0,0
2025-12-19 13:30:00+00:00,271,39.999999999054126,39.76674957908424,0,0,0
2025-12-19 13:45:00+00:00,271,40.00000000087312,40.17257303951875,0,0,0
2025-12-19 14:00:00+00:00,271,39.999999999054126,39.97220521898075,0,0,0
2025-12-19 14:15:00+00:00,271,50.000000001091394,40.39673187089454,0,0,0
2025-12-19 14:30:00+00:00,271,39.999999999054126,40.00421560390635,0,0,0
2025-12-19 14:45:00+00:00,271,40.00000000087312,41.85892483201947,0,0,0
2025-12-19 15:00:00+00:00,271,39.999999999054126,40.9788469321939,0,0,0
2025-12-19 15:15:00+00:00,271,40.00000000087312,42.09341243437287,0,0,0
2025-12-19 15:30:00+00:00,271,49.9999999992724,40.61620485509592,0,0,0
2025-12-19 15:45:00+00:00,271,50.000000001091394,40.28878894039616,0,0,0
2025-12-19 16:00:00+00:00,271,49.9999999992724,41.176858430071896,0,0,0
2025-12-19 16:15:00+00:00,271,40.00000000087312,44.203620925147234,0,0,0
2025-12-19 16:30:00+00:00,271,49.9999999992724,48.63069467776158,0,0,0
2025-12-19 16:45:00+00:00,271,40.00000000087312,42.8871179967591,0,0,0
2025-12-19 17:00:00+00:00,271,49.9999999992724,48.97957590709122,0,0,0
2025-12-19 17:15:00+00:00,271,49.9999999992724,47.02436789049824,0,0,0
2025-12-19 17:30:00+00:00,271,50.000000001091394,48.72749723630116,0,0,0
2025-12-19 17:45:00+00:00,271,39.999999999054126,48.53715000806631,0,0,0
2025-12-19 18:00:00+00:00,271,40.00000000087312,49.51122814606244,0,0,0
2025-12-19 18:15:00+00:00,271,49.9999999992724,49.03433600348252,0,0,0
2025-12-19 18:30:00+00:00,271,50.000000001091394,48.40170835187031,0,0,0
2025-12-19 18:45:00+00:00,271,49.9999999992724,48.36871983463011,0,0,0
2025-12-19 19:00:00+00:00,271,49.9999999992724,48.65273423836874,0,0,0
2025-12-19 19:15:00+00:00,271,50.000000001091394,49.06444563422339,0,0,0
2025-12-19 19:30:00+00:00,271,49.9999999992724,49.6607273437817,0,0,0
2025-12-19 19:45:00+00:00,271,50.000000001091394,48.66858342734105,0,0,0
2025-12-19 20:00:00+00:00,271,29.999999998835847,46.275485097866856,0,0,0
2025-12-19 20:15:00+00:00,271,40.00000000087312,37.583490300466295,0,0,0
2025-12-19 20:30:00+00:00,271,39.999999999054126,37.1412280615449,0,0,0
2025-12-19 20:45:00+00:00,271,30.00000000065484,38.957876266285375,0,0,0
2025-12-19 21:00:00+00:00,271,39.999999999054126,39.89026797463911,0,0,0
2025-12-19 21:15:00+00:00,271,50.000000001091394,40.42862740662469,0,0,0
2025-12-19 21:30:00+00:00,271,39.999999999054126,40.58666755617904,0,0,0
2025-12-19 21:45:00+00:00,271,50.000000001091394,44.14461906513726,0,0,0
2025-12-19 22:00:00+00:00,271,39.999999999054126,40.75921507327216,0,0,0
2025-12-19 22:15:00+00:00,271,40.00000000087312,42.87776735809609,0,0,0
2025-12-19 22:30:00+00:00,271,49.9999999992724,48.200059962803024,0,0,0
2025-12-19 22:45:00+00:00,271,50.000000001091394,47.01873262330808,0,0,0
2025-12-19 23:00:00+00:00,271,39.999999999054126,47.88675518591775,0,0,0
2025-12-19 23:15:00+00:00,271,50.000000001091394,49.92046262760186,0,0,0
2025-12-19 23:30:00+00:00,271,49.9999999992724,49.69535054790382,0,0,0
2025-12-19 23:45:00+00:00,271,49.9999999992724,49.77576029794595,0,0,0
2025-12-20 00:00:00+00:00,271,60.00000000130967,50.41340303109287,0,0,0
2025-12-20 00:15:00+00:00,271,59.99999999949068,50.63705269770216,0,0,0
2025-12-20 00:30:00+00:00,271,49.9999999992724,53.08423255623785,0,0,0
2025-12-20 00:45:00+00:00,271,60.00000000130967,56.943812507210446,0,0,0
2025-12-20 01:00:00+00:00,271,49.9999999992724,54.28463251879077,0,0,0
2025-12-20 01:15:00+00:00,271,59.99999999949068,57.61712740046461,0,0,0
2025-12-20 01:30:00+00:00,271,50.000000001091394,56.184735891406106,0,0,0
2025-12-20 01:45:00+00:00,271,59.99999999949068,58.47025785073073,0,0,0
2025-12-20 02:00:00+00:00,271,69.99999999970896,57.65978621996183,0,0,0
2025-12-20 02:15:00+00:00,271,59.99999999949068,59.735451901050894,0,0,0
2025-12-20 02:30:00+00:00,271,60.00000000130967,61.6387787077519,0,0,0
2025-12-20 02:45:00+00:00,271,49.9999999992724,60.85776589561631,0,0,0
2025-12-20 03:00:00+00:00,271,69.99999999970896,63.00591673226136,0,0,0
2025-12-20 03:15:00+00:00,271,50.000000001091394,58.266186143639416,0,0,0
2025-12-20 03:30:00+00:00,271,59.99999999949068,65.5768542555091,0,0,0
2025-12-20 03:45:00+00:00,271,69.99999999970896,58.98727064558838,0,0,0
2025-12-20 04:00:00+00:00,271,59.99999999949068,61.60289981909284,0,0,0
2025-12-20 04:15:00+00:00,271,60.00000000130967,61.6871570171826,0,0,0
2025-12-20 04:30:00+00:00,271,69.99999999970896,64.2339953509181,0,0,0
2025-12-20 04:45:00+00:00,271,59.99999999949068,61.668019312913856,0,0,0
2025-12-20 05:00:00+00:00,271,59.99999999949068,65.4807599336748,0,0,0
2025-12-20 05:15:00+00:00,271,60.00000000130967,64.5098937448448,0,0,0
2025-12-20 05:30:00+00:00,271,69.99999999970896,66.21262494677016,0,0,0
2025-12-20 05:45:00+00:00,271,69.99999999970896,64.27166971533272,0,0,0
2025-12-20 06:00:00+00:00,271,69.99999999970896,67.63618072439193,0,0,0
2025-12-20 06:15:00+00:00,271,59.99999999949068,65.82365751992143,0,0,0
2025-12-20 06:30:00+00:00,271,70.00000000152795,70.26621581531252,0,0,0
2025-12-20 06:45:00+00:00,271,79.99999999992724,67.19696677453314,0,0,0
2025-12-20 07:00:00+00:00,271,69.99999999970896,69.69221867797833,0,0,0
2025-12-20 07:15:00+00:00,271,69.99999999970896,69.19837479414976,0,0,0
2025-12-20 07:30:00+00:00,271,69.99999999970896,72.38811978249038,0,0,0
2025-12-20 07:45:00+00:00,271,69.99999999970896,69.24255727963997,0,0,0
2025-12-20 08:00:00+00:00,271,59.99999999949068,71.86335849524626,0,0,0
2025-12-20 08:15:00+00:00,271,70.00000000152795,68.44974945513151,0,0,0
2025-12-20 08:30:00+00:00,271,69.99999999970896,67.00135562484009,0,0,0
2025-12-20 08:45:00+00:00,271,59.99999999949068,68.48576999113162,0,0,0
2025-12-20 09:00:00+00:00,271,79.99999999992724,68.6687936690032,0,0,0
2025-12-20 09:15:00+00:00,271,59.99999999949068,65.60868662418176,0,0,0
2025-12-20 09:30:00+00:00,271,70.00000000152795,70.88227072802107,0,0,0
2025-12-20 09:45:00+00:00,271,79.99999999992724,64.98541535369233,0,0,0
2025-12-20 10:00:00+00:00,271,69.99999999970896,69.81097657438173,0,0,0
2025-12-20 10:15:00+00:00,271,69.99999999970896,69.9821516435892,0,0,0
2025-12-20 10:30:00+00:00,271,79.99999999992724,72.58097455149259,0,0,0
2025-12-20 10:45:00+00:00,271,79.99999999992724,68.350167546062,0,0,0
2025-12-20 11:00:00+00:00,271,69.99999999970896,70.56731212272129,0,0,0
2025-12-20 11:15:00+00:00,271,69.99999999970896,70.37616860673131,0,0,0
2025-12-20 11:30:00+00:00,271,69.99999999970896,69.17580309893702,0,0,0
2025-12-20 11:45:00+00:00,271,60.00000000130967,66.88410990951013,0,0,0
2025-12-20 12:00:00+00:00,271,59.99999999949068,68.13788794980242,0,0,0
2025-12-20 12:15:00+00:00,271,59.99999999949068,61.26303807991266,0,0,0
2025-12-20 12:30:00+00:00,271,60.00000000130967,60.29327061505248,0,0,0
2025-12-20 12:45:00+00:00,271,59.99999999949068,58.74125601231817,0,0,0
2025-12-20 13:00:00+00:00,271,49.9999999992724,57.958742504028685,0,0,0
2025-12-20 13:15:00+00:00,271,60.00000000130967,56.09107254420886,0,0,0
2025-12-20 13:30:00+00:00,271,49.9999999992724,51.83015973634391,0,0,0
2025-12-20 13:45:00+00:00,271,59.99999999949068,51.97448689196133,0,0,0
2025-12-20 14:00:00+00:00,271,60.00000000130967,51.96657761070124,0,0,0
2025-12-20 14:15:00+00:00,271,49.9999999992724,51.67517457538858,0,0,0
2025-12-20 14:30:00+00:00,271,59.99999999949068,54.54396200212034,0,0,0
2025-12-20 14:45:00+00:00,271,50.000000001091394,50.89676118337671,0,0,0
2025-12-20 15:00:00+00:00,271,59.99999999949068,53.115574901676574,0,0,0
2025-12-20 15:15:00+00:00,271,49.9999999992724,50.40063562886517,0,0,0
2025-12-20 15:30:00+00:00,271,50.000000001091394,52.91234542201857,0,0,0
2025-12-20 15:45:00+00:00,271,49.9999999992724,50.47226324376179,0,0,0
2025-12-20 16:00:00+00:00,271,59.99999999949068,52.46770676182796,0,0,0
2025-12-20 16:15:00+00:00,271,50.000000001091394,50.326171238840914,0,0,0
2025-12-20 16:30:00+00:00,271,49.9999999992724,53.48834476366014,0,0,0
2025-12-20 16:45:00+00:00,271,50.000000001091394,51.44874555824936,0,0,0
2025-12-20 17:00:00+00:00,271,49.9999999992724,51.89418050619511,0,0,0
2025-12-20 17:15:00+00:00,271,49.9999999992724,50.886845869502736,0,0,0
2025-12-20 17:30:00+00:00,271,60.00000000130967,51.08916804051667,0,0,0
2025-12-20 17:45:00+00:00,271,49.9999999992724,50.77648344928684,0,0,0
2025-12-20 18:00:00+00:00,271,49.9999999992724,54.02998505432912,0,0,0
2025-12-20 18:15:00+00:00,271,50.000000001091394,51.183401805384655,0,0,0
2025-12-20 18:30:00+00:00,271,49.9999999992724,51.42936284236366,0,0,0
2025-12-20 18:45:00+00:00,271,50.000000001091394,51.17671375390286,0,0,0
2025-12-20 19:00:00+00:00,271,59.99999999949068,51.14200632703741,0,0,0
2025-12-20 19:15:00+00:00,271,49.9999999992724,50.95300666269585,0,0,0
2025-12-20 19:30:00+00:00,271,60.00000000130967,51.8868531275253,0,0,0
2025-12-20 19:45:00+00:00,271,49.9999999992724,51.10599727595684,0,0,0
2025-12-20 20:00:00+00:00,271,59.99999999949068,52.53206442265248,0,0,0
2025-12-20 20:15:00+00:00,271,50.000000001091394,51.39198708585722,0,0,0
2025-12-20 20:30:00+00:00,271,49.9999999992724,51.95744709966284,0,0,0
2025-12-20 20:45:00+00:00,271,59.99999999949068,54.77741979002119,0,0,0
2025-12-20 21:00:00+00:00,271,60.00000000130967,56.88325252644886,0,0,0
2025-12-20 21:15:00+00:00,271,49.9999999992724,54.92070564626652,0,0,0
2025-12-20 21:30:00+00:00,271,59.99999999949068,53.23198987449276,0,0,0
2025-12-20 21:45:00+00:00,271,50.000000001091394,50.24617494590241,0,0,0
2025-12-20 22:00:00+00:00,271,59.99999999949068,50.76563402862318,0,0,0
2025-12-20 22:15:00+00:00,271,49.9999999992724,50.04373026907999,0,0,0
2025-12-20 22:30:00+00:00,271,40.00000000087312,50.61799155956372,0,0,0
2025-12-20 22:45:00+00:00,271,49.9999999992724,51.10489855198702,0,0,0
2025-12-20 23:00:00+00:00,271,50.000000001091394,50.51971127470933,0,0,0
2025-12-20 23:15:00+00:00,271,49.9999999992724,49.96647121529974,0,0,0
2025-12-20 23:30:00+00:00,271,50.000000001091394,49.90149336881978,0,0,0
2025-12-20 23:45:00+00:00,271,39.999999999054126,50.06993502717552,0,0,0
2025-12-21 00:00:00+00:00,271,49.9999999992724,49.84349069681024,0,0,0
2025-12-21 00:15:00+00:00,271,60.00000000130967,49.16453287975289,0,0,0
2025-12-21 00:30:00+00:00,271,49.9999999992724,48.29454256759449,0,0,0
2025-12-21 00:45:00+00:00,271,50.000000001091394,49.25491919657325,0,0,0
2025-12-21 01:00:00+00:00,271,49.9999999992724,49.48216747130668,0,0,0
2025-12-21 01:15:00+00:00,271,49.9999999992724,49.43121653989787,0,0,0
2025-12-21 01:30:00+00:00,271,40.00000000087312,48.867287848698254,0,0,0
2025-12-21 01:45:00+00:00,271,39.999999999054126,49.62997072923977,0,0,0
2025-12-21 02:00:00+00:00,271,50.000000001091394,48.518375992916496,0,0,0
2025-12-21 02:15:00+00:00,271,39.999999999054126,47.86234207527127,0,0,0
2025-12-21 02:30:00+00:00,271,40.00000000087312,46.0520727862615,0,0,0
2025-12-21 02:45:00+00:00,271,49.9999999992724,41.61812818052927,0,0,0
2025-12-21 03:00:00+00:00,271,50.000000001091394,40.64502626069447,0,0,0
2025-12-21 03:15:00+00:00,271,39.999999999054126,40.56644069870677,0,0,0
2025-12-21 03:30:00+00:00,271,40.00000000087312,40.97461665349477,0,0,0
2025-12-21 03:45:00+00:00,271,49.9999999992724,40.68680839799974,0,0,0
2025-12-21 04:00:00+00:00,271,40.00000000087312,40.02699019936439,0,0,0
2025-12-21 04:15:00+00:00,271,39.999999999054126,40.81887348784946,0,0,0
2025-12-21 04:30:00+00:00,271,49.9999999992724,40.25366231396731,0,0,0
2025-12-21 04:45:00+00:00,271,40.00000000087312,39.91270950743034,0,0,0
2025-12-21 05:00:00+00:00,271,49.9999999992724,40.55831511812856,0,0,0
2025-12-21 05:15:00+00:00,271,40.00000000087312,40.34399886280298,0,0,0
2025-12-21 05:30:00+00:00,271,49.9999999992724,41.79866728747256,0,0,0
2025-12-21 05:45:00+00:00,271,40.00000000087312,40.61698774377824,0,0,0
2025-12-21 06:00:00+00:00,271,49.9999999992724,48.09203280956131,0,0,0
2025-12-21 06:15:00+00:00,271,50.000000001091394,45.826937736724375,0,0,0
2025-12-21 06:30:00+00:00,271,59.99999999949068,49.39181560924496,0,0,0
2025-12-21 06:45:00+00:00,271,49.9999999992724,50.50519433640426,0,0,0
2025-12-21 07:00:00+00:00,271,60.00000000130967,50.67220420812336,0,0,0
2025-12-21 07:15:00+00:00,271,39.999999999054126,49.65346121801613,0,0,0
2025-12-21 07:30:00+00:00,271,50.000000001091394,51.2051351014706,0,0,0
2025-12-21 07:45:00+00:00,271,49.9999999992724,48.796858493740864,0,0,0
2025-12-21 08:00:00+00:00,271,49.9999999992724,49.293504697938445,0,0,0
2025-12-21 08:15:00+00:00,271,50.000000001091394,49.19386919257772,0,0,0
2025-12-21 08:30:00+00:00,271,49.9999999992724,49.48608000056507,0,0,0
2025-12-21 08:45:00+00:00,271,50.000000001091394,49.51387350586434,0,0,0
2025-12-21 09:00:00+00:00,271,49.9999999992724,49.17990735871733,0,0,0
2025-12-21 09:15:00+00:00,271,59.99999999949068,49.748131409826826,0,0,0
2025-12-21 09:30:00+00:00,271,40.00000000087312,49.3504431007368,0,0,0
2025-12-21 09:45:00+00:00,271,59.99999999949068,50.13013897543121,0,0,0
2025-12-21 10:00:00+00:00,271,49.9999999992724,48.61283562786887,0,0,0
2025-12-21 10:15:00+00:00,271,40.00000000087312,49.82613698337751,0,0,0
2025-12-21 10:30:00+00:00,271,49.9999999992724,49.523440443845445,0,0,0
2025-12-21 10:45:00+00:00,271,50.000000001091394,48.93233077638898,0,0,0
2025-12-21 11:00:00+00:00,271,39.999999999054126,44.39395666846255,0,0,0
2025-12-21 11:15:00+00:00,271,50.000000001091394,47.77020622237354,0,0,0
2025-12-21 11:30:00+00:00,271,39.999999999054126,40.252464054028096,0,0,0
2025-12-21 11:45:00+00:00,271,40.00000000087312,40.47925676028625,0,0,0
2025-12-21 12:00:00+00:00,271,49.9999999992724,40.37674045427295,0,0,0
2025-12-21 12:15:00+00:00,271,40.00000000087312,40.18418046487239,0,0,0
2025-12-21 12:30:00+00:00,271,39.999999999054126,40.27944213003967,0,0,0
2025-12-21 12:45:00+00:00,271,30.00000000065484,40.192953029251626,0,0,0
2025-12-21 13:00:00+00:00,271,39.999999999054126,39.87233810107587,0,0,0
2025-12-21 13:15:00+00:00,271,40.00000000087312,39.42290065866864,0,0,0
2025-12-21 13:30:00+00:00,271,39.999999999054126,39.35923783547659,0,0,0
2025-12-21 13:45:00+00:00,271,30.00000000065484,37.91997260207032,0,0,0
2025-12-21 14:00:00+00:00,271,39.999999999054126,39.4556518209049,0,0,0
2025-12-21 14:15:00+00:00,271,30.00000000065484,39.07414576345399,0,0,0
2025-12-21 14:30:00+00:00,271,40.00000000087312,39.33870662763638,0,0,0
2025-12-21 14:45:00+00:00,271,29.999999998835847,38.15506507685309,0,0,0
2025-12-21 15:00:00+00:00,271,30.00000000065484,39.34171950486372,0,0,0
2025-12-21 15:15:00+00:00,271,39.999999999054126,39.36226985423652,0,0,0
2025-12-21 15:30:00+00:00,271,40.00000000087312,34.08696971200183,0,0,0
2025-12-21 15:45:00+00:00,271,30.00000000065484,34.141131635500145,0,0,0
2025-12-21 16:00:00+00:00,271,39.999999999054126,39.32368243871806,0,0,0
2025-12-21 16:15:00+00:00,271,40.00000000087312,39.09110324716241,0,0,0
2025-12-21 16:30:00+00:00,271,39.999999999054126,37.6990372047802,0,0,0
2025-12-21 16:45:00+00:00,271,40.00000000087312,39.44515843274714,0,0,0
2025-12-21 17:00:00+00:00,271,39.999999999054126,39.78659743421153,0,0,0
2025-12-21 17:15:00+00:00,271,40.00000000087312,40.60989580595911,0,0,0
2025-12-21 17:30:00+00:00,271,39.999999999054126,40.81072876573869,0,0,0
2025-12-21 17:45:00+00:00,271,50.000000001091394,40.88191803953932,0,0,0
2025-12-21 18:00:00+00:00,271,39.999999999054126,40.612267441845184,0,0,0
2025-12-21 18:15:00+00:00,271,50.000000001091394,47.85081121604794,0,0,0
2025-12-21 18:30:00+00:00,271,39.999999999054126,40.81915678253158,0,0,0
2025-12-21 18:45:00+00:00,271,49.9999999992724,48.44573770509992,0,0,0
2025-12-21 19:00:00+00:00,271,50.000000001091394,41.04168475533196,0,0,0
2025-12-21 19:15:00+00:00,271,39.999999999054126,48.54992506690704,0,0,0
2025-12-21 19:30:00+00:00,271,50.000000001091394,48.887175901043946,0,0,0
2025-12-21 19:45:00+00:00,271,49.9999999992724,48.55451903472509,0,0,0
2025-12-21 20:00:00+00:00,271,50.000000001091394,48.5784804052028,0,0,0
2025-12-21 20:15:00+00:00,271,49.9999999992724,49.44040064722748,0,0,0
2025-12-21 20:30:00+00:00,271,49.9999999992724,49.10847498745299,0,0,0
2025-12-21 20:45:00+00:00,271,50.000000001091394,49.87787654592843,0,0,0
2025-12-21 21:00:00+00:00,271,49.9999999992724,50.47289491433676,0,0,0
2025-12-21 21:15:00+00:00,271,50.000000001091394,51.065669895127286,0,0,0
2025-12-21 21:30:00+00:00,271,59.99999999949068,50.21786844753012,0,0,0
2025-12-21 21:45:00+00:00,271,49.9999999992724,49.84046633466335,0,0,0
2025-12-21 22:00:00+00:00,271,50.000000001091394,50.98718961156874,0,0,0
2025-12-21 22:15:00+00:00,271,49.9999999992724,51.66387341455615,0,0,0
2025-12-21 22:30:00+00:00,271,49.9999999992724,51.17040087645954,0,0,0
2025-12-21 22:45:00+00:00,271,50.000000001091394,51.64486970101544,0,0,0
2025-12-21 23:00:00+00:00,271,49.9999999992724,52.46262659908248,0,0,0
2025-12-21 23:15:00+00:00,271,60.00000000130967,53.106723857013776,0,0,0
2025-12-21 23:30:00+00:00,271,49.9999999992724,52.54287173194447,0,0,0
2025-12-21 23:45:00+00:00,271,49.9999999992724,57.4605956036772,0,0,0
2025-12-22 00:00:00+00:00,271,60.00000000130967,57.242527607966856,0,0,0
2025-12-22 00:15:00+00:00,271,59.99999999949068,58.28587129573981,0,0,0
2025-12-22 00:30:00+00:00,271,59.99999999949068,59.72701431349172,0,0,0
2025-12-22 00:45:00+00:00,271,59.99999999949068,59.71905909255344,0,0,0
2025-12-22 01:00:00+00:00,271,60.00000000130967,59.65250781209579,0,0,0
2025-12-22 01:15:00+00:00,271,59.99999999949068,60.12646747188519,0,0,0
2025-12-22 01:30:00+00:00,271,59.99999999949068,60.31381713611876,0,0,0
2025-12-22 01:45:00+00:00,271,60.00000000130967,61.19601208944714,0,0,0
2025-12-22 02:00:00+00:00,271,59.99999999949068,60.358516442988495,0,0,0
2025-12-22 02:15:00+00:00,271,59.99999999949068,61.561358865098015,0,0,0
2025-12-22 02:30:00+00:00,271,69.99999999970896,60.58165311652476,0,0,0
2025-12-22 02:45:00+00:00,271,60.00000000130967,60.06110679475371,0,0,0
2025-12-22 03:00:00+00:00,271,59.99999999949068,61.72070446717399,0,0,0
2025-12-22 03:15:00+00:00,271,59.99999999949068,61.989891839779816,0,0,0
2025-12-22 03:30:00+00:00,271,59.99999999949068,62.48812296287463,0,0,0
2025-12-22 03:45:00+00:00,271,70.00000000152795,62.99321823955093,0,0,0
2025-12-22 04:00:00+00:00,271,59.99999999949068,62.44737829663494,0,0,0
2025-12-22 04:15:00+00:00,271,59.99999999949068,64.74869967694718,0,0,0
2025-12-22 04:30:00+00:00,271,69.99999999970896,63.883215281557,0,0,0
2025-12-22 04:45:00+00:00,271,60.00000000130967,63.672130116930106,0,0,0
2025-12-22 05:00:00+00:00,271,69.99999999970896,64.08690798630332,0,0,0
2025-12-22 05:15:00+00:00,271,90.00000000014552,64.64059212926865,0,0,0
2025-12-22 05:30:00+00:00,271,99.9999999985448,96.76095664443318,0,0,0
2025-12-22 05:45:00+00:00,271,100.0000000003638,90.69627596909764,0,0,0
2025-12-22 06:00:00+00:00,271,90.00000000014552,82.49533134884629,0,0,0
2025-12-22 06:15:00+00:00,271,79.99999999992724,82.15502169780385,0,0,0
2025-12-22 06:30:00+00:00,271,69.99999999970896,83.85366809667765,0,0,0
2025-12-22 06:45:00+00:00,271,90.00000000014552,84.30258297524557,0,0,0
2025-12-22 07:00:00+00:00,271,90.00000000014552,82.03479373169867,0,0,0
2025-12-22 07:15:00+00:00,271,69.99999999970896,83.13473127468362,0,0,0
2025-12-22 07:30:00+00:00,271,79.99999999992724,84.79554252026917,0,0,0
2025-12-22 07:45:00+00:00,271,79.99999999992724,82.69787938994462,0,0,0
2025-12-22 08:00:00+00:00,271,80.00000000174623,81.3261205994715,0,0,0
2025-12-22 08:15:00+00:00,271,79.99999999992724,79.86160194213868,0,0,0
2025-12-22 08:30:00+00:00,271,79.99999999992724,81.03670062693362,0,0,0
2025-12-22 08:45:00+00:00,271,79.99999999992724,82.74175943922013,0,0,0
2025-12-22 09:00:00+00:00,271,79.99999999992724,79.70033070188563,0,0,0
2025-12-22 09:15:00+00:00,271,79.99999999992724,79.77611202935107,0,0,0
2025-12-22 09:30:00+00:00,271,69.99999999970896,78.278336873322,0,0,0
2025-12-22 09:45:00+00:00,271,79.99999999992724,79.85344764926161,0,0,0
2025-12-22 10:00:00+00:00,271,69.99999999970896,74.24085169028847,0,0,0
2025-12-22 10:15:00+00:00,271,79.99999999992724,75.9537011063331,0,0,0
2025-12-22 10:30:00+00:00,271,59.99999999949068,69.89730488629613,0,0,0
2025-12-22 10:45:00+00:00,271,70.00000000152795,74.46915657762005,0,0,0
2025-12-22 11:00:00+00:00,271,69.99999999970896,66.08248549509752,0,0,0
2025-12-22 11:15:00+00:00,271,79.99999999992724,68.48498518829604,0,0,0
2025-12-22 11:30:00+00:00,271,69.99999999970896,65.01921930022024,0,0,0
2025-12-22 11:45:00+00:00,271,59.99999999949068,68.2554973542513,0,0,0
2025-12-22 12:00:00+00:00,271,69.99999999970896,64.54071544059748,0,0,0
2025-12-22 12:15:00+00:00,271,60.00000000130967,64.20104128843654,0,0,0
2025-12-22 12:30:00+00:00,271,69.99999999970896,63.176318483552805,0,0,0
2025-12-22 12:45:00+00:00,271,59.99999999949068,62.869667303390685,0,0,0
2025-12-22 13:00:00+00:00,271,69.99999999970896,64.4645436258675,0,0,0
2025-12-22 13:15:00+00:00,271,60.00000000130967,62.86284143287435,0,0,0
2025-12-22 13:30:00+00:00,271,69.99999999970896,63.64197071820453,0,0,0
2025-12-22 13:45:00+00:00,271,59.99999999949068,61.25472299816197,0,0,0
2025-12-22 14:00:00+00:00,271,69.99999999970896,65.07732533650568,0,0,0
2025-12-22 14:15:00+00:00,271,69.99999999970896,64.7130466583725,0,0,0
2025-12-22 14:30:00+00:00,271,69.99999999970896,67.15833533348976,0,0,0
2025-12-22 14:45:00+00:00,271,60.00000000130967,67.90540255175638,0,0,0
2025-12-22 15:00:00+00:00,271,69.99999999970896,68.74837267653156,0,0,0
2025-12-22 15:15:00+00:00,271,69.99999999970896,67.48882155001458,0,0,0
2025-12-22 15:30:00+00:00,271,69.99999999970896,68.78745968605023,0,0,0
2025-12-22 15:45:00+00:00,271,79.99999999992724,69.03921677909302,0,0,0
2025-12-22 16:00:00+00:00,271,60.00000000130967,69.04840854303566,0,0,0
2025-12-22 16:15:00+00:00,271,79.99999999992724,72.11839261866594,0,0,0
2025-12-22 16:30:00+00:00,271,69.99999999970896,67.45281632724053,0,0,0
2025-12-22 16:45:00+00:00,271,69.99999999970896,71.38319315059596,0,0,0
2025-12-22 17:00:00+00:00,271,69.99999999970896,68.80252024388044,0,0,0
2025-12-22 17:15:00+00:00,271,69.99999999970896,71.96722045099959,0,0,0
2025-12-22 17:30:00+00:00,271,69.99999999970896,69.72377158027538,0,0,0
2025-12-22 18:15:00+00:00,271,69.99999999970896,71.38127516903192,0,0,0
2025-12-22 18:30:00+00:00,271,79.99999999992724,68.50847184876588,0,0,0
2025-12-22 18:45:00+00:00,271,69.99999999970896,69.53185474636935,0,0,0
2025-12-22 19:00:00+00:00,271,69.99999999970896,71.57687866211195,0,0,0
2025-12-22 19:15:00+00:00,271,69.99999999970896,69.82635870995921,0,0,0
2025-12-22 19:30:00+00:00,271,70.00000000152795,68.87901746466419,0,0,0
2025-12-22 19:45:00+00:00,271,59.99999999949068,67.71281959251674,0,0,0
2025-12-22 20:00:00+00:00,271,49.9999999992724,55.26083919520927,0,0,0
2025-12-22 20:15:00+00:00,271,50.000000001091394,50.40493098877506,0,0,0
2025-12-22 20:30:00+00:00,271,49.9999999992724,49.38494762735696,0,0,0
2025-12-22 20:45:00+00:00,271,49.9999999992724,50.74584168394037,0,0,0
2025-12-22 21:00:00+00:00,271,60.00000000130967,56.30808392732105,0,0,0
2025-12-22 21:15:00+00:00,271,59.99999999949068,58.265221410397615,0,0,0
2025-12-22 21:30:00+00:00,271,69.99999999970896,58.26437152635128,0,0,0
2025-12-22 21:45:00+00:00,271,59.99999999949068,57.93003786177883,0,0,0
2025-12-22 22:00:00+00:00,271,50.000000001091394,58.29196978801828,0,0,0
2025-12-22 22:15:00+00:00,271,59.99999999949068,58.07990074861702,0,0,0
2025-12-22 22:30:00+00:00,271,49.9999999992724,56.71016713229036,0,0,0
2025-12-22 22:45:00+00:00,271,60.00000000130967,59.6951398334474,0,0,0
2025-12-22 23:00:00+00:00,271,59.99999999949068,58.78518582957838,0,0,0
2025-12-22 23:15:00+00:00,271,59.99999999949068,60.50290102320365,0,0,0
2025-12-22 23:30:00+00:00,271,60.00000000130967,59.712589254543005,0,0,0
2025-12-22 23:45:00+00:00,271,59.99999999949068,62.21230113507822,0,0,0
2025-12-23 00:00:00+00:00,271,59.99999999949068,61.25264039941778,0,0,0
2025-12-23 00:15:00+00:00,271,69.99999999970896,63.80604045052007,0,0,0
2025-12-23 00:30:00+00:00,271,69.99999999970896,64.28215544687744,0,0,0
2025-12-23 00:45:00+00:00,271,60.00000000130967,64.7375631332949,0,0,0
2025-12-23 01:00:00+00:00,271,69.99999999970896,63.27060201640548,0,0,0
2025-12-23 01:15:00+00:00,271,59.99999999949068,61.52151002258285,0,0,0
2025-12-23 01:30:00+00:00,271,69.99999999970896,62.74219235305252,0,0,0
2025-12-23 01:45:00+00:00,271,70.00000000152795,61.31368657510679,0,0,0
2025-12-23 02:00:00+00:00,271,59.99999999949068,62.53739326772334,0,0,0
2025-12-23 02:15:00+00:00,271,59.99999999949068,63.9153424298313,0,0,0
2025-12-23 02:30:00+00:00,271,69.99999999970896,64.36656960553432,0,0,0
2025-12-23 02:45:00+00:00,271,60.00000000130967,62.89308505434326,0,0,0
2025-12-23 03:30:00+00:00,271,59.99999999949068,65.63047351655891,0,0,0
2025-12-23 03:45:00+00:00,271,60.00000000130967,64.35095777156594,0,0,0
2025-12-23 04:00:00+00:00,271,69.99999999970896,64.73280454829668,0,0,0
2025-12-23 04:15:00+00:00,271,59.99999999949068,63.65497930374268,0,0,0
2025-12-23 04:30:00+00:00,271,69.99999999970896,64.88713889714445,0,0,0
2025-12-23 04:45:00+00:00,271,69.99999999970896,62.94508111343068,0,0,0
2025-12-23 05:00:00+00:00,271,60.00000000130967,64.03535218246512,0,0,0
2025-12-23 05:15:00+00:00,271,69.99999999970896,64.05953942302722,0,0,0
2025-12-23 05:30:00+00:00,271,69.99999999970896,64.52929560226309,0,0,0
2025-12-23 05:45:00+00:00,271,69.99999999970896,66.6054321650535,0,0,0
2025-12-23 06:00:00+00:00,271,69.99999999970896,70.98998396012854,0,0,0
2025-12-23 06:15:00+00:00,271,90.00000000014552,84.09048713769872,0,0,0
2025-12-23 06:30:00+00:00,271,120.00000000080036,118.88581192073796,0,0,0
2025-12-23 06:45:00+00:00,271,99.9999999985448,109.91533940789616,0,0,0
2025-12-23 07:00:00+00:00,271,100.0000000003638,87.92688669272268,0,0,0
2025-12-23 07:15:00+00:00,271,79.99999999992724,80.5470908501107,0,0,0
2025-12-23 07:30:00+00:00,271,69.99999999970896,88.070677885428,0,0,0
2025-12-23 07:45:00+00:00,271,90.00000000014552,87.3336905982155,0,0,0
2025-12-23 08:00:00+00:00,271,79.99999999992724,86.19663379526061,0,0,0
2025-12-23 08:15:00+00:00,271,90.00000000014552,87.32912725684956,0,0,0
2025-12-23 08:30:00+00:00,271,79.99999999992724,86.37477638232549,0,0,0
2025-12-23 08:45:00+00:00,271,79.99999999992724,87.98381361060149,0,0,0
2025-12-23 09:00:00+00:00,271,90.00000000014552,85.4390387340776,0,0,0
2025-12-23 09:15:00+00:00,271,79.99999999992724,85.47392991965577,0,0,0
2025-12-23 09:30:00+00:00,271,90.00000000014552,86.07473285920835,0,0,0
2025-12-23 09:45:00+00:00,271,79.99999999992724,84.78253776303754,0,0,0
2025-12-23 10:00:00+00:00,271,79.99999999992724,86.0664024642316,0,0,0
2025-12-23 10:15:00+00:00,271,90.00000000014552,82.61897033605638,0,0,0
2025-12-23 10:30:00+00:00,271,79.99999999992724,83.3458394091496,0,0,0
2025-12-23 10:45:00+00:00,271,79.99999999992724,84.14427101592867,0,0,0
2025-12-23 11:00:00+00:00,271,100.0000000003638,84.01515755040205,0,0,0
2025-12-23 11:15:00+00:00,271,79.99999999992724,81.9133751622673,0,0,0
2025-12-23 11:30:00+00:00,271,79.99999999992724,85.12646133543019,0,0,0
2025-12-23 11:45:00+00:00,271,90.00000000014552,82.6876999229211,0,0,0
2025-12-23 12:00:00+00:00,271,79.99999999992724,84.31477613149602,0,0,0
2025-12-23 12:15:00+00:00,271,79.99999999992724,85.53265996990318,0,0,0
2025-12-23 12:30:00+00:00,271,79.99999999992724,85.50871391265153,0,0,0
2025-12-23 12:45:00+00:00,271,90.00000000014552,83.88640011738133,0,0,0
2025-12-23 13:00:00+00:00,271,79.99999999992724,84.27922264889074,0,0,0
2025-12-23 13:15:00+00:00,271,79.99999999992724,85.96458865246382,0,0,0
2025-12-23 13:30:00+00:00,271,79.99999999992724,83.69714778480979,0,0,0
2025-12-23 13:45:00+00:00,271,90.00000000014552,84.2057574468669,0,0,0
2025-12-23 14:00:00+00:00,271,79.99999999992724,83.54329963088942,0,0,0
2025-12-23 14:15:00+00:00,271,90.00000000014552,85.74757726935162,0,0,0
2025-12-23 14:30:00+00:00,271,90.00000000014552,83.69425741339091,0,0,0
2025-12-23 14:45:00+00:00,271,79.99999999992724,86.23940746395328,0,0,0
2025-12-23 15:00:00+00:00,271,79.99999999992724,86.67635505635516,0,0,0
2025-12-23 15:15:00+00:00,271,79.99999999992724,86.63812558749585,0,0,0
2025-12-23 15:30:00+00:00,271,79.99999999992724,85.99653204202541,0,0,0
2025-12-23 15:45:00+00:00,271,90.00000000014552,85.52224697618223,0,0,0
2025-12-23 16:00:00+00:00,271,90.00000000014552,85.3931794503338,0,0,0
2025-12-23 16:15:00+00:00,271,79.99999999992724,85.80505929167512,0,0,0
2025-12-23 16:30:00+00:00,271,90.00000000014552,88.0485732436101,0,0,0
2025-12-23 16:45:00+00:00,271,79.99999999992724,85.45738397889772,0,0,0
2025-12-23 17:00:00+00:00,271,90.00000000014552,87.6068402680644,0,0,0
2025-12-23 17:15:00+00:00,271,90.00000000014552,84.19646614695488,0,0,0
2025-12-23 17:30:00+00:00,271,90.00000000014552,86.69169890886748,0,0,0
2025-12-23 17:45:00+00:00,271,79.99999999992724,86.17039458240646,0,0,0
2025-12-23 18:00:00+00:00,271,79.99999999992724,89.38912367937252,0,0,0
2025-12-23 18:15:00+00:00,271,90.00000000014552,86.2399204570263,0,0,0
2025-12-23 18:30:00+00:00,271,90.00000000014552,88.06941454427803,0,0,0
2025-12-23 18:45:00+00:00,271,79.99999999992724,87.38347389613722,0,0,0
2025-12-23 19:00:00+00:00,271,90.00000000014552,88.84680577845037,0,0,0
2025-12-23 19:15:00+00:00,271,90.00000000014552,86.28544667810328,0,0,0
2025-12-23 19:30:00+00:00,271,90.00000000014552,87.95822520985489,0,0,0
2025-12-23 19:45:00+00:00,271,69.99999999970896,84.68759193315775,0,0,0
2025-12-23 20:00:00+00:00,271,59.99999999949068,68.40862961485334,0,0,0
2025-12-23 20:15:00+00:00,271,59.99999999949068,64.30353271045749,0,0,0
2025-12-23 20:30:00+00:00,271,70.00000000152795,64.68970164524373,0,0,0
2025-12-23 20:45:00+00:00,271,69.99999999970896,69.66361740000438,0,0,0
2025-12-23 21:00:00+00:00,271,79.99999999992724,76.61213537216327,0,0,0
2025-12-23 21:15:00+00:00,271,90.00000000014552,79.94728327025203,0,0,0
2025-12-23 21:30:00+00:00,271,79.99999999992724,80.34592865597082,0,0,0
2025-12-23 21:45:00+00:00,271,90.00000000014552,77.59754146913743,0,0,0
2025-12-23 22:00:00+00:00,271,79.99999999992724,74.54180252204966,0,0,0
2025-12-23 22:15:00+00:00,271,69.99999999970896,77.54108160465346,0,0,0
2025-12-23 22:30:00+00:00,271,69.99999999970896,78.58597192825849,0,0,0
2025-12-23 22:45:00+00:00,271,79.99999999992724,80.25330277983916,0,0,0
2025-12-23 23:00:00+00:00,271,79.99999999992724,78.48785243227772,0,0,0
2025-12-23 23:15:00+00:00,271,79.99999999992724,81.16223845417518,0,0,0
2025-12-23 23:30:00+00:00,271,79.99999999992724,82.4288183514538,0,0,0
2025-12-23 23:45:00+00:00,271,90.00000000014552,83.72455463115104,0,0,0
2025-12-24 00:00:00+00:00,271,90.00000000014552,83.60344232624088,0,0,0
2025-12-24 00:15:00+00:00,271,90.00000000014552,87.10039359918828,0,0,0
2025-12-24 00:30:00+00:00,271,79.99999999992724,88.34395006108538,0,0,0
2025-12-24 00:45:00+00:00,271,79.99999999992724,89.45605013386864,0,0,0
2025-12-24 01:00:00+00:00,271,90.00000000014552,87.77378505857274,0,0,0
2025-12-24 01:15:00+00:00,271,90.00000000014552,87.10566134895299,0,0,0
2025-12-24 01:30:00+00:00,271,90.00000000014552,87.68707391600684,0,0,0
2025-12-24 01:45:00+00:00,271,100.0000000003638,86.74120656872012,0,0,0
2025-12-24 02:00:00+00:00,271,79.99999999992724,87.69226509964125,0,0,0
2025-12-24 02:15:00+00:00,271,89.99999999832653,90.69900172333637,0,0,0
2025-12-24 02:30:00+00:00,271,90.00000000014552,88.62044567082843,0,0,0
2025-12-24 02:45:00+00:00,271,90.00000000014552,91.23753725742164,0,0,0
2025-12-24 03:00:00+00:00,271,100.0000000003638,90.40932142595548,0,0,0
2025-12-24 03:15:00+00:00,271,90.00000000014552,92.2020867405018,0,0,0
2025-12-24 03:30:00+00:00,271,100.0000000003638,92.96307750956366,0,0,0
2025-12-24 03:45:00+00:00,271,90.00000000014552,91.8347530737696,0,0,0
2025-12-24 04:00:00+00:00,271,90.00000000014552,94.10334626168468,0,0,0
2025-12-24 04:15:00+00:00,271,99.9999999985448,92.03860273908306,0,0,0
2025-12-24 04:30:00+00:00,271,100.0000000003638,94.8167894638296,0,0,0
2025-12-24 04:45:00+00:00,271,100.0000000003638,94.7443502479518,0,0,0
2025-12-24 05:00:00+00:00,271,100.0000000003638,95.944440117677,0,0,0
2025-12-24 05:15:00+00:00,271,90.00000000014552,96.26774825948613,0,0,0
2025-12-24 05:30:00+00:00,271,100.0000000003638,97.20843207975145,0,0,0
2025-12-24 05:45:00+00:00,271,90.00000000014552,97.13253973139707,0,0,0
2025-12-24 06:00:00+00:00,271,99.9999999985448,98.32660384666758,0,0,0
2025-12-24 06:15:00+00:00,271,100.0000000003638,118.03523112261088,0,0,0
2025-12-24 06:30:00+00:00,271,100.0000000003638,151.99182754449362,0,0,0
2025-12-24 06:45:00+00:00,271,100.0000000003638,122.25886388163224,0,0,0
2025-12-24 07:00:00+00:00,271,100.0000000003638,112.6056894679614,0,0,0
2025-12-24 07:15:00+00:00,271,89.99999999832653,111.95333838118366,0,0,0
2025-12-24 07:30:00+00:00,271,100.0000000003638,113.35508046828264,0,0,0
2025-12-24 07:45:00+00:00,271,100.0000000003638,109.85942316293732,0,0,0
2025-12-24 08:00:00+00:00,271,90.00000000014552,109.37619900138152,0,0,0
2025-12-24 08:15:00+00:00,271,100.0000000003638,108.59783537735436,0,0,0
2025-12-24 08:30:00+00:00,271,90.00000000014552,108.36499777510896,0,0,0
2025-12-24 08:45:00+00:00,271,109.99999999876307,108.88263075562205,0,0,0
2025-12-24 09:00:00+00:00,271,90.00000000014552,103.8289292647812,0,0,0
2025-12-24 09:15:00+00:00,271,100.0000000003638,105.27867831557894,0,0,0
2025-12-24 09:30:00+00:00,271,100.0000000003638,99.96623690061188,0,0,0
2025-12-24 09:45:00+00:00,271,90.00000000014552,101.90124677203144,0,0,0
2025-12-24 10:00:00+00:00,271,100.0000000003638,100.46234714189735,0,0,0
2025-12-24 10:15:00+00:00,271,90.00000000014552,99.1729888208542,0,0,0
2025-12-24 10:30:00+00:00,271,89.99999999832653,100.1571622031305,0,0,0
2025-12-24 10:45:00+00:00,271,90.00000000014552,98.92152267910652,0,0,0
2025-12-24 11:00:00+00:00,271,90.00000000014552,96.83562393470274,0,0,0
2025-12-24 11:15:00+00:00,271,90.00000000014552,94.55484141884376,0,0,0
2025-12-24 11:30:00+00:00,271,90.00000000014552,93.32507451701387,0,0,0
2025-12-24 11:45:00+00:00,271,110.00000000058208,92.01918556843871,0,0,0
2025-12-24 12:00:00+00:00,271,90.00000000014552,90.26438174129564,0,0,0
2025-12-24 12:15:00+00:00,271,79.99999999992724,92.19266144986176,0,0,0
2025-12-24 12:30:00+00:00,271,79.99999999992724,90.94122633315668,0,0,0
2025-12-24 12:45:00+00:00,271,90.00000000014552,91.73164146609322,0,0,0
2025-12-24 13:00:00+00:00,271,90.00000000014552,90.18024322070784,0,0,0
2025-12-24 13:15:00+00:00,271,90.00000000014552,91.1899131243744,0,0,0
2025-12-24 13:30:00+00:00,271,79.99999999992724,90.19974461409552,0,0,0
2025-12-24 13:45:00+00:00,271,79.99999999992724,92.04700204357708,0,0,0
2025-12-24 14:00:00+00:00,271,99.9999999985448,90.83279337942436,0,0,0
2025-12-24 14:15:00+00:00,271,100.0000000003638,88.382769089148,0,0,0
2025-12-24 14:30:00+00:00,271,90.00000000014552,90.04019611177424,0,0,0
2025-12-24 14:45:00+00:00,271,79.99999999992724,92.0553247819408,0,0,0
2025-12-24 15:00:00+00:00,271,79.99999999992724,93.1225647589807,0,0,0
2025-12-24 15:15:00+00:00,271,100.0000000003638,92.61055173243167,0,0,0
2025-12-24 15:30:00+00:00,271,100.0000000003638,91.17479897025298,0,0,0
2025-12-24 15:45:00+00:00,271,90.00000000014552,92.8250747163091,0,0,0
2025-12-24 16:00:00+00:00,271,90.00000000014552,94.35705579105014,0,0,0
2025-12-24 16:15:00+00:00,271,90.00000000014552,94.42570498347804,0,0,0
2025-12-24 16:30:00+00:00,271,90.00000000014552,94.7339449108439,0,0,0
2025-12-24 16:45:00+00:00,271,99.9999999985448,94.63096346558902,0,0,0
2025-12-24 17:00:00+00:00,271,100.0000000003638,94.61731172455634,0,0,0
2025-12-24 17:15:00+00:00,271,100.0000000003638,96.05979464958853,0,0,0
2025-12-24 17:30:00+00:00,271,90.00000000014552,97.11551908063116,0,0,0
2025-12-24 17:45:00+00:00,271,100.0000000003638,97.6534880253522,0,0,0
2025-12-24 18:00:00+00:00,271,99.9999999985448,96.86837126863249,0,0,0
2025-12-24 18:15:00+00:00,271,100.0000000003638,98.16824211936598,0,0,0
2025-12-24 18:30:00+00:00,271,110.00000000058208,98.63985885556816,0,0,0
2025-12-24 18:45:00+00:00,271,100.0000000003638,98.90125562441584,0,0,0
2025-12-24 19:00:00+00:00,271,100.0000000003638,100.37152439813428,0,0,0
2025-12-24 19:15:00+00:00,271,99.9999999985448,100.58159123322817,0,0,0
2025-12-24 19:30:00+00:00,271,100.0000000003638,101.9008562847669,0,0,0
2025-12-24 19:45:00+00:00,271,100.0000000003638,101.07460820284948,0,0,0
2025-12-24 20:00:00+00:00,271,110.00000000058208,100.9161775660306,0,0,0
2025-12-24 20:15:00+00:00,271,99.9999999985448,99.41669881360234,0,0,0
2025-12-24 20:30:00+00:00,271,100.0000000003638,99.279262609712,0,0,0
2025-12-24 20:45:00+00:00,271,100.0000000003638,99.63609905997993,0,0,0
2025-12-24 21:00:00+00:00,271,110.00000000058208,100.87745807393738,0,0,0
2025-12-24 21:15:00+00:00,271,99.9999999985448,102.5036461154008,0,0,0
2025-12-24 21:30:00+00:00,271,110.00000000058208,104.28886200949944,0,0,0
2025-12-24 21:45:00+00:00,271,110.00000000058208,103.58780720723722,0,0,0
2025-12-24 22:00:00+00:00,271,110.00000000058208,105.7526762584335,0,0,0
2025-12-24 22:15:00+00:00,271,109.99999999876307,106.49878257176483,0,0,0
2025-12-24 22:30:00+00:00,271,120.00000000080036,107.76801165715186,0,0,0
2025-12-24 22:45:00+00:00,271,109.99999999876307,108.6216015041998,0,0,0
2025-12-24 23:00:00+00:00,271,110.00000000058208,110.90249886925425,0,0,0
2025-12-24 23:15:00+00:00,271,110.00000000058208,111.52309032518312,0,0,0
2025-12-24 23:30:00+00:00,271,109.99999999876307,112.84688809163568,0,0,0
2025-12-24 23:45:00+00:00,271,110.00000000058208,113.52744614081632,0,0,0
2025-12-25 00:00:00+00:00,271,120.00000000080036,114.50527219089068,0,0,0
2025-12-25 00:15:00+00:00,271,119.99999999898137,115.11421028178776,0,0,0
2025-12-25 00:30:00+00:00,271,120.00000000080036,116.24290223500724,0,0,0
2025-12-25 00:45:00+00:00,271,119.99999999898137,116.73728973836096,0,0,0
2025-12-25 01:00:00+00:00,271,120.00000000080036,116.4619119941203,0,0,0
2025-12-25 01:15:00+00:00,271,120.00000000080036,117.1999941769961,0,0,0
2025-12-25 01:30:00+00:00,271,119.99999999898137,117.65080789559548,0,0,0
2025-12-25 01:45:00+00:00,271,120.00000000080036,118.04719840877692,0,0,0
2025-12-25 02:00:00+00:00,271,129.99999999919964,118.42607059134546,0,0,0
2025-12-25 02:15:00+00:00,271,110.00000000058208,119.14034836431068,0,0,0
2025-12-25 02:30:00+00:00,271,119.99999999898137,119.66120477890944,0,0,0
2025-12-25 02:45:00+00:00,271,120.00000000080036,118.77756272571835,0,0,0
2025-12-25 03:00:00+00:00,271,129.99999999919964,119.29163538117248,0,0,0
2025-12-25 03:15:00+00:00,271,120.00000000080036,119.65618204076168,0,0,0
2025-12-25 03:30:00+00:00,271,119.99999999898137,120.44604589756008,0,0,0
2025-12-25 03:45:00+00:00,271,130.00000000101863,120.19179274866949,0,0,0
2025-12-25 04:00:00+00:00,271,119.99999999898137,120.98514802100958,0,0,0
2025-12-25 04:15:00+00:00,271,120.00000000080036,121.53434156043276,0,0,0
2025-12-25 04:30:00+00:00,271,129.99999999919964,122.31604346774104,0,0,0
2025-12-25 04:45:00+00:00,271,120.00000000080036,123.41435398045712,0,0,0
2025-12-25 05:00:00+00:00,271,120.00000000080036,123.28596023655533,0,0,0
2025-12-25 05:15:00+00:00,271,129.99999999919964,123.2185514154383,0,0,0
2025-12-25 05:30:00+00:00,271,120.00000000080036,124.7757533735005,0,0,0
2025-12-25 05:45:00+00:00,271,129.99999999919964,125.3228949406316,0,0,0
2025-12-25 06:00:00+00:00,271,129.99999999919964,124.98441139179684,0,0,0
2025-12-25 06:15:00+00:00,271,120.00000000080036,126.63902078082802,0,0,0
2025-12-25 06:30:00+00:00,271,120.00000000080036,127.4092760516563,0,0,0
2025-12-25 06:45:00+00:00,271,119.99999999898137,127.19146072417595,0,0,0
2025-12-25 07:00:00+00:00,271,120.00000000080036,126.37897923248664,0,0,0
2025-12-25 07:15:00+00:00,271,129.99999999919964,126.720410577338,0,0,0
2025-12-25 07:30:00+00:00,271,130.00000000101863,126.88809040269724,0,0,0
2025-12-25 07:45:00+00:00,271,129.99999999919964,126.6904961902294,0,0,0
2025-12-25 08:00:00+00:00,271,120.00000000080036,126.57113724970311,0,0,0
2025-12-25 08:15:00+00:00,271,129.99999999919964,125.93594463272584,0,0,0
2025-12-25 08:30:00+00:00,271,120.00000000080036,126.15509986748646,0,0,0
2025-12-25 08:45:00+00:00,271,129.99999999919964,125.95939683843704,0,0,0
2025-12-25 09:00:00+00:00,271,120.00000000080036,124.5664981393878,0,0,0
2025-12-25 09:15:00+00:00,271,119.99999999898137,124.32560578023472,0,0,0
2025-12-25 09:30:00+00:00,271,130.00000000101863,122.89878062884912,0,0,0
2025-12-25 09:45:00+00:00,271,119.99999999898137,122.80821820992904,0,0,0
2025-12-25 10:00:00+00:00,271,130.00000000101863,122.126029302173,0,0,0
2025-12-25 10:15:00+00:00,271,119.99999999898137,121.75287660953794,0,0,0
2025-12-25 10:30:00+00:00,271,120.00000000080036,121.40085616886596,0,0,0
2025-12-25 10:45:00+00:00,271,129.99999999919964,120.31917581965128,0,0,0
2025-12-25 11:00:00+00:00,271,120.00000000080036,119.95308252422996,0,0,0
2025-12-25 11:15:00+00:00,271,119.99999999898137,119.65408412879144,0,0,0
2025-12-25 11:30:00+00:00,271,120.00000000080036,119.03907434376153,0,0,0
2025-12-25 11:45:00+00:00,271,119.99999999898137,118.06868286493938,0,0,0
2025-12-25 12:00:00+00:00,271,110.00000000058208,117.1516196958719,0,0,0
2025-12-25 12:15:00+00:00,271,110.00000000058208,116.26820734107172,0,0,0
2025-12-25 12:30:00+00:00,271,109.99999999876307,113.6219364022208,0,0,0
2025-12-25 12:45:00+00:00,271,100.0000000003638,112.74615769061164,0,0,0
2025-12-25 13:00:00+00:00,271,110.00000000058208,110.43974083432788,0,0,0
2025-12-25 13:15:00+00:00,271,110.00000000058208,108.2084812915476,0,0,0
2025-12-25 13:30:00+00:00,271,99.9999999985448,108.08197873106424,0,0,0
2025-12-25 13:45:00+00:00,271,110.00000000058208,107.32689886726162,0,0,0
2025-12-25 14:00:00+00:00,271,110.00000000058208,106.16121015988068,0,0,0
2025-12-25 14:15:00+00:00,271,109.99999999876307,106.67764870876104,0,0,0
2025-12-25 14:30:00+00:00,271,100.0000000003638,106.94932830890818,0,0,0
2025-12-25 14:45:00+00:00,271,100.0000000003638,107.57785201593624,0,0,0
2025-12-25 15:00:00+00:00,271,100.0000000003638,107.5518195316339,0,0,0
2025-12-25 15:15:00+00:00,271,109.99999999876307,108.13418151870349,0,0,0
2025-12-25 15:30:00+00:00,271,110.00000000058208,107.9675583059424,0,0,0
2025-12-25 15:45:00+00:00,271,120.00000000080036,108.7121562665068,0,0,0
2025-12-25 16:00:00+00:00,271,109.99999999876307,109.42583682365569,0,0,0
2025-12-25 16:15:00+00:00,271,110.00000000058208,110.52993573582248,0,0,0
2025-12-25 16:30:00+00:00,271,110.00000000058208,110.55971996050958,0,0,0
2025-12-25 16:45:00+00:00,271,109.99999999876307,111.38254553640256,0,0,0
2025-12-25 17:00:00+00:00,271,120.00000000080036,112.38340267847148,0,0,0
2025-12-25 17:15:00+00:00,271,120.00000000080036,113.60205217818164,0,0,0
2025-12-25 17:30:00+00:00,271,119.99999999898137,114.787181026046,0,0,0
2025-12-25 17:45:00+00:00,271,110.00000000058208,115.29917873936895,0,0,0
2025-12-25 18:00:00+00:00,271,119.99999999898137,116.25000757189918,0,0,0
2025-12-25 18:15:00+00:00,271,110.00000000058208,115.9656945602524,0,0,0
2025-12-25 18:30:00+00:00,271,120.00000000080036,117.0821512458498,0,0,0
2025-12-25 18:45:00+00:00,271,119.99999999898137,116.53017835589668,0,0,0
2025-12-25 19:00:00+00:00,271,120.00000000080036,117.8053872560602,0,0,0
2025-12-25 19:15:00+00:00,271,109.99999999876307,118.1736090899039,0,0,0
2025-12-25 19:30:00+00:00,271,120.00000000080036,117.9747055966079,0,0,0
2025-12-25 19:45:00+00:00,271,120.00000000080036,116.25544376715057,0,0,0
2025-12-25 20:00:00+00:00,271,129.99999999919964,116.52264424867506,0,0,0
2025-12-25 20:15:00+00:00,271,120.00000000080036,116.3107781095191,0,0,0
2025-12-25 20:30:00+00:00,271,119.99999999898137,117.010983027735,0,0,0
2025-12-25 20:45:00+00:00,271,130.00000000101863,118.12431581521612,0,0,0
2025-12-25 21:00:00+00:00,271,119.99999999898137,120.78663501497812,0,0,0
2025-12-25 21:15:00+00:00,271,110.00000000058208,122.57569452881788,0,0,0
2025-12-25 21:30:00+00:00,271,129.99999999919964,121.94952905860308,0,0,0
2025-12-25 21:45:00+00:00,271,110.00000000058208,122.60168873005507,0,0,0
2025-12-25 22:00:00+00:00,271,129.99999999919964,121.90901791906082,0,0,0
2025-12-25 22:15:00+00:00,271,110.00000000058208,121.90363532010063,0,0,0
2025-12-25 22:30:00+00:00,271,120.00000000080036,121.54058935666532,0,0,0
2025-12-25 22:45:00+00:00,271,129.99999999919964,121.400358489019,0,0,0
2025-12-25 23:00:00+00:00,271,110.00000000058208,122.85041380433796,0,0,0
2025-12-25 23:15:00+00:00,271,129.99999999919964,122.60821216435671,0,0,0
2025-12-25 23:30:00+00:00,271,110.00000000058208,124.49889790294505,0,0,0
2025-12-25 23:45:00+00:00,271,119.99999999898137,124.3999208663049,0,0,0
2025-12-26 00:00:00+00:00,271,130.00000000101863,124.30386865584228,0,0,0
2025-12-26 00:15:00+00:00,271,129.99999999919964,125.21314504945812,0,0,0
2025-12-26 00:30:00+00:00,271,130.00000000101863,125.69773974474631,0,0,0
2025-12-26 00:45:00+00:00,271,129.99999999919964,126.67084166458112,0,0,0
2025-12-26 01:00:00+00:00,271,130.00000000101863,125.71751677620308,0,0,0
2025-12-26 01:15:00+00:00,271,129.99999999919964,127.39470551706002,0,0,0
2025-12-26 01:30:00+00:00,271,129.99999999919964,127.8679760816767,0,0,0
2025-12-26 01:45:00+00:00,271,130.00000000101863,128.01979140483758,0,0,0
2025-12-26 02:00:00+00:00,271,119.99999999898137,128.697240869128,0,0,0
2025-12-26 02:15:00+00:00,271,130.00000000101863,128.3594923551441,0,0,0
2025-12-26 02:30:00+00:00,271,129.99999999919964,128.26125800996792,0,0,0
2025-12-26 02:45:00+00:00,271,130.00000000101863,128.8952868217646,0,0,0
2025-12-26 03:00:00+00:00,271,129.99999999919964,127.62118047387742,0,0,0
2025-12-26 03:15:00+00:00,271,130.00000000101863,128.35959954772656,0,0,0
2025-12-26 03:30:00+00:00,271,119.99999999898137,128.58974202218536,0,0,0
2025-12-26 03:45:00+00:00,271,130.00000000101863,128.0336575310351,0,0,0
2025-12-26 04:00:00+00:00,271,129.99999999919964,127.7092851200148,0,0,0
2025-12-26 04:15:00+00:00,271,130.00000000101863,128.63223622450244,0,0,0
2025-12-26 04:30:00+00:00,271,119.99999999898137,128.78123391406822,0,0,0
2025-12-26 04:45:00+00:00,271,130.00000000101863,128.3812830758278,0,0,0
2025-12-26 05:00:00+00:00,271,129.99999999919964,127.76227653879614,0,0,0
2025-12-26 05:15:00+00:00,271,129.99999999919964,128.8945977265919,0,0,0
2025-12-26 05:30:00+00:00,271,130.00000000101863,129.21298266622264,0,0,0
2025-12-26 05:45:00+00:00,271,129.99999999919964,129.7610277136913,0,0,0
2025-12-26 06:00:00+00:00,271,130.00000000101863,130.01002842604328,0,0,0
2025-12-26 06:15:00+00:00,271,129.99999999919964,132.3579747514023,0,0,0
2025-12-26 06:30:00+00:00,271,120.00000000080036,135.3084658957783,0,0,0
2025-12-26 06:45:00+00:00,271,129.99999999919964,134.33818926615163,0,0,0
2025-12-26 07:00:00+00:00,271,130.00000000101863,132.894067825931,0,0,0
2025-12-26 07:15:00+00:00,271,129.99999999919964,134.72177026573368,0,0,0
2025-12-26 07:30:00+00:00,271,120.00000000080036,133.97064121425458,0,0,0
2025-12-26 07:45:00+00:00,271,119.99999999898137,131.1486739762019,0,0,0
2025-12-26 08:00:00+00:00,271,130.00000000101863,128.46343853364078,0,0,0
2025-12-26 08:15:00+00:00,271,119.99999999898137,127.63833894367788,0,0,0
2025-12-26 08:30:00+00:00,271,120.00000000080036,126.58508759864397,0,0,0
2025-12-26 08:45:00+00:00,271,119.99999999898137,124.5602426865422,0,0,0
2025-12-26 09:00:00+00:00,271,120.00000000080036,122.66358478979042,0,0,0
2025-12-26 09:15:00+00:00,271,129.99999999919964,120.84490949675023,0,0,0
2025-12-26 09:30:00+00:00,271,120.00000000080036,120.61312085048992,0,0,0
2025-12-26 09:45:00+00:00,271,119.99999999898137,120.44791411113944,0,0,0
2025-12-26 10:00:00+00:00,271,120.00000000080036,119.8444045588807,0,0,0
2025-12-26 10:15:00+00:00,271,120.00000000080036,118.93053419744678,0,0,0
2025-12-26 10:30:00+00:00,271,119.99999999898137,118.26859703115537,0,0,0
2025-12-26 10:45:00+00:00,271,110.00000000058208,117.68824107669964,0,0,0
2025-12-26 11:00:00+00:00,271,109.99999999876307,114.90183114955876,0,0,0
2025-12-26 11:15:00+00:00,271,100.0000000003638,109.7786535520828,0,0,0
2025-12-26 11:30:00+00:00,271,110.00000000058208,105.06211867263552,0,0,0
2025-12-26 11:45:00+00:00,271,100.0000000003638,103.9600487629217,0,0,0
2025-12-26 12:00:00+00:00,271,100.0000000003638,103.20716634705872,0,0,0
2025-12-26 12:15:00+00:00,271,89.99999999832653,98.51084492601092,0,0,0
2025-12-26 12:30:00+00:00,271,90.00000000014552,94.83447623992916,0,0,0
2025-12-26 12:45:00+00:00,271,90.00000000014552,92.03878649779578,0,0,0
2025-12-26 13:00:00+00:00,271,100.0000000003638,90.91334094850104,0,0,0
2025-12-26 13:15:00+00:00,271,90.00000000014552,88.45137999851075,0,0,0
2025-12-26 13:30:00+00:00,271,90.00000000014552,88.7626978843147,0,0,0
2025-12-26 13:45:00+00:00,271,90.00000000014552,85.78377773575795,0,0,0
2025-12-26 14:00:00+00:00,271,90.00000000014552,85.91629456577645,0,0,0
2025-12-26 14:15:00+00:00,271,90.00000000014552,84.24561011768859,0,0,0
2025-12-26 14:30:00+00:00,271,79.99999999992724,83.14847106676613,0,0,0
2025-12-26 14:45:00+00:00,271,79.99999999992724,83.48925925612296,0,0,0
2025-12-26 15:00:00+00:00,271,79.99999999992724,82.810653643265,0,0,0
2025-12-26 15:15:00+00:00,271,90.00000000014552,81.34477976542586,0,0,0
2025-12-26 15:30:00+00:00,271,69.99999999970896,80.47031416295135,0,0,0
2025-12-26 15:45:00+00:00,271,90.00000000014552,81.8898463904258,0,0,0
2025-12-26 16:00:00+00:00,271,79.99999999992724,80.04279568949605,0,0,0
2025-12-26 16:15:00+00:00,271,90.00000000014552,83.4759444060636,0,0,0
2025-12-26 16:30:00+00:00,271,90.00000000014552,82.54609852154239,0,0,0
2025-12-26 16:45:00+00:00,271,90.00000000014552,86.09937566824574,0,0,0
2025-12-26 17:00:00+00:00,271,99.9999999985448,88.2371785923806,0,0,0
2025-12-26 17:15:00+00:00,271,90.00000000014552,90.28133348254428,0,0,0
2025-12-26 17:30:00+00:00,271,90.00000000014552,91.63395074044216,0,0,0
2025-12-26 17:45:00+00:00,271,90.00000000014552,91.5505089716401,0,0,0
2025-12-26 18:00:00+00:00,271,100.0000000003638,93.58946502155634,0,0,0
2025-12-26 18:15:00+00:00,271,100.0000000003638,93.23987172721488,0,0,0
2025-12-26 18:30:00+00:00,271,100.0000000003638,95.6873846484174,0,0,0
2025-12-26 18:45:00+00:00,271,99.9999999985448,95.64309114203824,0,0,0
2025-12-26 19:00:00+00:00,271,110.00000000058208,97.59531307954948,0,0,0
2025-12-26 19:15:00+00:00,271,100.0000000003638,97.61443929889867,0,0,0
2025-12-26 19:30:00+00:00,271,100.0000000003638,99.83863944446522,0,0,0
2025-12-26 19:45:00+00:00,271,109.99999999876307,99.24750297886314,0,0,0
2025-12-26 20:00:00+00:00,271,100.0000000003638,100.47917637733752,0,0,0
2025-12-26 20:15:00+00:00,271,100.0000000003638,100.88408870082144,0,0,0
2025-12-26 20:30:00+00:00,271,110.00000000058208,99.55918838209254,0,0,0
2025-12-26 20:45:00+00:00,271,99.9999999985448,100.47751489230998,0,0,0
2025-12-26 21:00:00+00:00,271,100.0000000003638,102.94982758311698,0,0,0
2025-12-26 21:15:00+00:00,271,110.00000000058208,103.5762074384966,0,0,0
2025-12-26 21:30:00+00:00,271,110.00000000058208,102.68807095345689,0,0,0
2025-12-26 21:45:00+00:00,271,99.9999999985448,103.13334128422248,0,0,0
2025-12-26 22:00:00+00:00,271,110.00000000058208,105.27316555419728,0,0,0
2025-12-26 22:15:00+00:00,271,110.00000000058208,103.07525056116307,0,0,0
2025-12-26 22:30:00+00:00,271,100.0000000003638,106.07414681311536,0,0,0
2025-12-26 22:45:00+00:00,271,109.99999999876307,107.8514227995018,0,0,0
2025-12-26 23:00:00+00:00,271,110.00000000058208,107.72531072628298,0,0,0
2025-12-26 23:15:00+00:00,271,110.00000000058208,109.17938576344274,0,0,0
2025-12-26 23:30:00+00:00,271,99.9999999985448,110.193810423801,0,0,0
2025-12-26 23:45:00+00:00,271,110.00000000058208,111.9922952282808,0,0,0
2025-12-27 00:00:00+00:00,271,110.00000000058208,110.75782716605045,0,0,0
2025-12-27 00:15:00+00:00,271,109.99999999876307,112.0459604290088,0,0,0
2025-12-27 00:30:00+00:00,271,110.00000000058208,109.25758275231918,0,0,0
2025-12-27 00:45:00+00:00,271,110.00000000058208,111.0582573481256,0,0,0
2025-12-27 01:00:00+00:00,271,119.99999999898137,110.44415870004624,0,0,0
2025-12-27 01:15:00+00:00,271,110.00000000058208,110.41762853589694,0,0,0
2025-12-27 01:30:00+00:00,271,110.00000000058208,112.12777133923544,0,0,0
2025-12-27 01:45:00+00:00,271,99.9999999985448,110.26131112427436,0,0,0
2025-12-27 02:00:00+00:00,271,100.0000000003638,114.39174758949336,0,0,0
2025-12-27 02:15:00+00:00,271,120.00000000080036,111.63190610956693,0,0,0
2025-12-27 02:30:00+00:00,271,119.99999999898137,109.91995634555332,0,0,0
2025-12-27 02:45:00+00:00,271,110.00000000058208,111.01538031515705,0,0,0
2025-12-27 03:00:00+00:00,271,110.00000000058208,111.84805229540672,0,0,0
2025-12-27 03:15:00+00:00,271,119.99999999898137,111.78343048143265,0,0,0
2025-12-27 03:30:00+00:00,271,120.00000000080036,110.24899163390894,0,0,0
2025-12-27 03:45:00+00:00,271,110.00000000058208,110.92648703787754,0,0,0
2025-12-27 04:00:00+00:00,271,109.99999999876307,111.7798318733085,0,0,0
2025-12-27 04:15:00+00:00,271,110.00000000058208,111.5006028527137,0,0,0
2025-12-27 04:30:00+00:00,271,110.00000000058208,112.6919182439064,0,0,0
2025-12-27 04:45:00+00:00,271,109.99999999876307,112.2139312056632,0,0,0
2025-12-27 05:00:00+00:00,271,110.00000000058208,112.37275998635964,0,0,0
2025-12-27 05:15:00+00:00,271,120.00000000080036,112.5799479349542,0,0,0
2025-12-27 05:30:00+00:00,271,109.99999999876307,111.56310378487842,0,0,0
2025-12-27 05:45:00+00:00,271,120.00000000080036,112.98369645325756,0,0,0
2025-12-27 06:00:00+00:00,271,109.99999999876307,111.05796639683048,0,0,0
2025-12-27 06:15:00+00:00,271,120.00000000080036,113.94588769952443,0,0,0
2025-12-27 06:30:00+00:00,271,120.00000000080036,113.30595563908152,0,0,0
2025-12-27 06:45:00+00:00,271,119.99999999898137,115.79318341207116,0,0,0
2025-12-27 07:00:00+00:00,271,110.00000000058208,114.0324839928949,0,0,0
2025-12-27 07:15:00+00:00,271,109.99999999876307,115.52195555209282,0,0,0
2025-12-27 07:30:00+00:00,271,120.00000000080036,117.15165032232404,0,0,0
2025-12-27 07:45:00+00:00,271,110.00000000058208,114.2085707793612,0,0,0
2025-12-27 08:00:00+00:00,271,119.99999999898137,115.14837408912808,0,0,0
2025-12-27 08:15:00+00:00,271,110.00000000058208,112.80902614020182,0,0,0
2025-12-27 08:30:00+00:00,271,120.00000000080036,114.78861281268264,0,0,0
2025-12-27 08:45:00+00:00,271,109.99999999876307,110.42550719070492,0,0,0
2025-12-27 09:00:00+00:00,271,120.00000000080036,111.37218613897282,0,0,0
2025-12-27 09:15:00+00:00,271,109.99999999876307,108.09929798973832,0,0,0
2025-12-27 09:30:00+00:00,271,110.00000000058208,110.72125152560564,0,0,0
2025-12-27 09:45:00+00:00,271,110.00000000058208,105.93205538850272,0,0,0
2025-12-27 10:00:00+00:00,271,109.99999999876307,107.83251096531744,0,0,0
2025-12-27 10:15:00+00:00,271,110.00000000058208,105.4035270476478,0,0,0
2025-12-27 10:30:00+00:00,271,100.0000000003638,105.93185631656397,0,0,0
2025-12-27 10:45:00+00:00,271,100.0000000003638,100.34330977911834,0,0,0
2025-12-27 11:00:00+00:00,271,100.0000000003638,96.3082670556414,0,0,0
2025-12-27 11:15:00+00:00,271,99.9999999985448,94.19190264799084,0,0,0
2025-12-27 11:30:00+00:00,271,110.00000000058208,94.9414238107336,0,0,0
2025-12-27 11:45:00+00:00,271,90.00000000014552,91.56398461057309,0,0,0
2025-12-27 12:00:00+00:00,271,100.0000000003638,92.22372432892487,0,0,0
2025-12-27 12:15:00+00:00,271,90.00000000014552,86.30318705049403,0,0,0
2025-12-27 12:30:00+00:00,271,90.00000000014552,89.22263062903295,0,0,0
2025-12-27 12:45:00+00:00,271,90.00000000014552,83.27369114456694,0,0,0
2025-12-27 13:00:00+00:00,271,99.9999999985448,84.03771010408222,0,0,0
2025-12-27 13:15:00+00:00,271,100.0000000003638,80.95570514599468,0,0,0
2025-12-27 13:30:00+00:00,271,90.00000000014552,85.10966272644214,0,0,0
2025-12-27 13:45:00+00:00,271,90.00000000014552,83.29945181910672,0,0,0
2025-12-27 14:00:00+00:00,271,90.00000000014552,86.01312775076815,0,0,0
2025-12-27 14:15:00+00:00,271,90.00000000014552,84.47966129309927,0,0,0
2025-12-27 14:30:00+00:00,271,90.00000000014552,87.31830846263803,0,0,0
2025-12-27 14:45:00+00:00,271,90.00000000014552,85.57769233943972,0,0,0
2025-12-27 15:00:00+00:00,271,99.9999999985448,88.69403337866075,0,0,0
2025-12-27 15:15:00+00:00,271,90.00000000014552,86.42223206988606,0,0,0
2025-12-27 15:30:00+00:00,271,79.99999999992724,91.21870198936756,0,0,0
2025-12-27 17:00:00+00:00,271,100.0000000003638,87.22606158885135,0,0,0
2025-12-27 17:15:00+00:00,271,90.00000000014552,86.84099520634145,0,0,0
2025-12-27 17:30:00+00:00,271,90.00000000014552,87.7948330877925,0,0,0
2025-12-27 17:45:00+00:00,271,89.99999999832653,89.13175428897866,0,0,0
2025-12-27 18:00:00+00:00,271,90.00000000014552,88.18150735903872,0,0,0
2025-12-27 18:15:00+00:00,271,90.00000000014552,89.1715457068961,0,0,0
2025-12-27 18:30:00+00:00,271,90.00000000014552,89.58437496825316,0,0,0
2025-12-27 18:45:00+00:00,271,90.00000000014552,89.10411391593999,0,0,0
2025-12-27 19:00:00+00:00,271,90.00000000014552,88.16366745067859,0,0,0
2025-12-27 19:15:00+00:00,271,100.0000000003638,88.97242782843526,0,0,0
2025-12-27 19:30:00+00:00,271,90.00000000014552,88.33188323894993,0,0,0
2025-12-27 19:45:00+00:00,271,90.00000000014552,90.44770402707536,0,0,0
2025-12-27 20:00:00+00:00,271,90.00000000014552,87.5286279659619,0,0,0
2025-12-27 20:15:00+00:00,271,79.99999999992724,88.47950273817031,0,0,0
2025-12-27 20:30:00+00:00,271,90.00000000014552,86.77849427417672,0,0,0
2025-12-27 20:45:00+00:00,271,89.99999999832653,88.89070879756498,0,0,0
2025-12-27 21:00:00+00:00,271,80.00000000174623,86.95101307897099,0,0,0
2025-12-27 21:15:00+00:00,271,89.99999999832653,89.82646175903893,0,0,0
2025-12-27 21:30:00+00:00,271,90.00000000014552,82.98092906044144,0,0,0
2025-12-27 21:45:00+00:00,271,79.99999999992724,83.78749964687151,0,0,0
2025-12-27 22:00:00+00:00,271,79.99999999992724,82.64733043071988,0,0,0
2025-12-27 22:15:00+00:00,271,79.99999999992724,83.84370684312549,0,0,0
2025-12-27 22:30:00+00:00,271,90.00000000014552,80.79535269930525,0,0,0
2025-12-27 22:45:00+00:00,271,79.99999999992724,82.57868889490501,0,0,0
2025-12-27 23:00:00+00:00,271,79.99999999992724,82.26113852609456,0,0,0
2025-12-27 23:15:00+00:00,271,90.00000000014552,83.45021052966943,0,0,0
2025-12-27 23:30:00+00:00,271,79.99999999992724,81.33184008940498,0,0,0
2025-12-27 23:45:00+00:00,271,79.99999999992724,85.04422548318037,0,0,0
2025-12-28 00:00:00+00:00,271,90.00000000014552,82.72380085335803,0,0,0
2025-12-28 00:15:00+00:00,271,90.00000000014552,83.44134800008709,0,0,0
2025-12-28 00:30:00+00:00,271,90.00000000014552,82.32193203355357,0,0,0
2025-12-28 00:45:00+00:00,271,90.00000000014552,85.59926867495855,0,0,0
2025-12-28 01:00:00+00:00,271,79.99999999992724,82.74835943965208,0,0,0
2025-12-28 01:15:00+00:00,271,90.00000000014552,86.28520549479283,0,0,0
2025-12-28 01:30:00+00:00,271,79.99999999992724,82.45582322561096,0,0,0
2025-12-28 01:45:00+00:00,271,90.00000000014552,87.9409059511808,0,0,0
2025-12-28 02:00:00+00:00,271,79.99999999992724,80.72787114036444,0,0,0
2025-12-28 02:15:00+00:00,271,69.99999999970896,87.2627750483307,0,0,0
2025-12-28 02:30:00+00:00,271,79.99999999992724,84.06135372511918,0,0,0
2025-12-28 02:45:00+00:00,271,79.99999999992724,87.89200316375752,0,0,0
2025-12-28 03:00:00+00:00,271,90.00000000014552,82.3852981629907,0,0,0
2025-12-28 03:15:00+00:00,271,79.99999999992724,81.98339106012108,0,0,0
2025-12-28 03:30:00+00:00,271,90.00000000014552,83.42263140953501,0,0,0
2025-12-28 03:45:00+00:00,271,79.99999999992724,81.17961896575352,0,0,0
2025-12-28 04:00:00+00:00,271,79.99999999992724,84.73960713377775,0,0,0
2025-12-28 04:15:00+00:00,271,79.99999999992724,83.29802386077661,0,0,0
2025-12-28 04:30:00+00:00,271,90.00000000014552,82.82633438675064,0,0,0
2025-12-28 04:45:00+00:00,271,79.99999999992724,82.92186977583374,0,0,0
2025-12-28 05:00:00+00:00,271,79.99999999992724,84.9963410252901,0,0,0
2025-12-28 05:15:00+00:00,271,90.00000000014552,84.80906027057381,0,0,0
2025-12-28 05:30:00+00:00,271,100.0000000003638,82.91934309353381,0,0,0
2025-12-28 05:45:00+00:00,271,100.0000000003638,86.06567891430026,0,0,0
2025-12-28 06:00:00+00:00,271,90.00000000014552,89.3382990820787,0,0,0
2025-12-28 06:15:00+00:00,271,90.00000000014552,93.97977618399186,0,0,0
2025-12-28 06:30:00+00:00,271,109.99999999876307,94.82527299106695,0,0,0
2025-12-28 06:45:00+00:00,271,100.0000000003638,99.2308345322966,0,0,0
2025-12-28 07:00:00+00:00,271,100.0000000003638,96.52932113043347,0,0,0
2025-12-28 07:15:00+00:00,271,100.0000000003638,93.20684875521606,0,0,0
2025-12-28 07:30:00+00:00,271,109.99999999876307,97.51844068472724,0,0,0
2025-12-28 07:45:00+00:00,271,100.0000000003638,94.35057829642668,0,0,0
2025-12-28 08:00:00+00:00,271,100.0000000003638,98.9565363704932,0,0,0
2025-12-28 08:15:00+00:00,271,100.0000000003638,92.5077693591156,0,0,0
2025-12-28 08:30:00+00:00,271,100.0000000003638,97.75452469089744,0,0,0
2025-12-28 08:45:00+00:00,271,99.9999999985448,97.3474991422172,0,0,0
2025-12-28 09:00:00+00:00,271,110.00000000058208,96.67423784525424,0,0,0
2025-12-28 09:15:00+00:00,271,100.0000000003638,95.34772963778902,0,0,0
2025-12-28 09:30:00+00:00,271,110.00000000058208,99.23419578541682,0,0,0
2025-12-28 09:45:00+00:00,271,99.9999999985448,94.38635764911636,0,0,0
2025-12-28 10:00:00+00:00,271,100.0000000003638,99.2754955561012,0,0,0
2025-12-28 10:15:00+00:00,271,100.0000000003638,95.13914818562296,0,0,0
2025-12-28 10:30:00+00:00,271,100.0000000003638,98.8089168712728,0,0,0
2025-12-28 10:45:00+00:00,271,100.0000000003638,97.43934021551328,0,0,0
2025-12-28 11:00:00+00:00,271,109.99999999876307,97.66985786401057,0,0,0
2025-12-28 11:15:00+00:00,271,90.00000000014552,95.22905213582244,0,0,0
2025-12-28 11:30:00+00:00,271,110.00000000058208,99.45314429162562,0,0,0
2025-12-28 11:45:00+00:00,271,100.0000000003638,91.86299066262464,0,0,0
2025-12-28 12:00:00+00:00,271,90.00000000014552,96.62365060296436,0,0,0
2025-12-28 12:15:00+00:00,271,99.9999999985448,92.41356239239322,0,0,0
2025-12-28 12:30:00+00:00,271,100.0000000003638,94.24404418272584,0,0,0
2025-12-28 12:45:00+00:00,271,100.0000000003638,91.90093683680182,0,0,0
2025-12-28 13:00:00+00:00,271,110.00000000058208,93.74001700356725,0,0,0
2025-12-28 13:15:00+00:00,271,90.00000000014552,90.94597343323534,0,0,0
2025-12-28 13:30:00+00:00,271,90.00000000014552,96.07271901238336,0,0,0
2025-12-28 13:45:00+00:00,271,99.9999999985448,90.98486137081522,0,0,0
2025-12-28 14:00:00+00:00,271,90.00000000014552,92.66981391728469,0,0,0
2025-12-28 14:15:00+00:00,271,100.0000000003638,91.72015654654808,0,0,0
2025-12-28 14:30:00+00:00,271,90.00000000014552,92.98970720968236,0,0,0
2025-12-28 14:45:00+00:00,271,100.0000000003638,93.6222429819382,0,0,0
2025-12-28 15:00:00+00:00,271,90.00000000014552,92.04818881859674,0,0,0
2025-12-28 15:15:00+00:00,271,90.00000000014552,94.1327782821724,0,0,0
2025-12-28 15:30:00+00:00,271,99.9999999985448,92.1476788483099,0,0,0
2025-12-28 15:45:00+00:00,271,100.0000000003638,93.36624412527674,0,0,0
2025-12-28 16:00:00+00:00,271,100.0000000003638,94.61105627171077,0,0,0
2025-12-28 16:15:00+00:00,271,100.0000000003638,96.07806332827836,0,0,0
2025-12-28 16:30:00+00:00,271,90.00000000014552,98.553591796558,0,0,0
2025-12-28 16:45:00+00:00,271,109.99999999876307,98.23290987301824,0,0,0
2025-12-28 17:00:00+00:00,271,100.0000000003638,98.08758735770688,0,0,0
2025-12-28 17:15:00+00:00,271,90.00000000014552,99.78864176137864,0,0,0
2025-12-28 17:30:00+00:00,271,100.0000000003638,100.12390187612772,0,0,0
2025-12-28 17:45:00+00:00,271,100.0000000003638,99.48204034920124,0,0,0
2025-12-28 18:00:00+00:00,271,100.0000000003638,100.0027972278306,0,0,0
2025-12-28 18:15:00+00:00,271,109.99999999876307,99.63033363036826,0,0,0
2025-12-28 18:30:00+00:00,271,110.00000000058208,100.7206353258548,0,0,0
2025-12-28 18:45:00+00:00,271,100.0000000003638,101.46574627949224,0,0,0
2025-12-28 19:00:00+00:00,271,100.0000000003638,102.82548418750812,0,0,0
2025-12-28 19:15:00+00:00,271,99.9999999985448,101.05754161240536,0,0,0
2025-12-28 19:30:00+00:00,271,100.0000000003638,102.38873566704504,0,0,0
2025-12-28 19:45:00+00:00,271,110.00000000058208,100.57644598927192,0,0,0
2025-12-28 20:00:00+00:00,271,100.0000000003638,101.53470173644136,0,0,0
2025-12-28 20:15:00+00:00,271,99.9999999985448,100.76188150024798,0,0,0
2025-12-28 20:30:00+00:00,271,100.0000000003638,101.75352008022864,0,0,0
2025-12-28 20:45:00+00:00,271,100.0000000003638,103.24393340282928,0,0,0
2025-12-28 21:00:00+00:00,271,100.0000000003638,103.5090512856096,0,0,0
2025-12-28 21:15:00+00:00,271,100.0000000003638,103.53376683247076,0,0,0
2025-12-28 21:30:00+00:00,271,109.99999999876307,102.37559691908535,1,0,1
2025-12-28 21:45:00+00:00,271,120.00000000080036,103.31296542590869,1,0,1
2025-12-28 22:00:00+00:00,271,90.00000000014552,104.93077713271715,1,0,1
2025-12-28 22:15:00+00:00,271,90.00000000014552,106.4935301352262,1,0,1
2025-12-28 22:30:00+00:00,271,99.9999999985448,104.52532884632112,0,0,0
2025-12-28 22:45:00+00:00,271,110.00000000058208,105.83204470910351,0,0,0
2025-12-28 23:00:00+00:00,271,100.0000000003638,104.30275876214908,0,0,0
2025-12-28 23:15:00+00:00,271,100.0000000003638,106.58781366807888,0,0,0
2025-12-28 23:30:00+00:00,271,109.99999999876307,104.67107247534912,0,0,0
2025-12-28 23:45:00+00:00,271,100.0000000003638,107.3195944584309,0,0,0
2025-12-29 00:00:00+00:00,271,100.0000000003638,106.92302784314978,0,0,0
2025-12-29 00:15:00+00:00,271,100.0000000003638,106.70682040440576,0,0,0
2025-12-29 00:30:00+00:00,271,119.99999999898137,108.85172866543256,0,0,0
2025-12-29 00:45:00+00:00,271,100.0000000003638,106.71198861820106,0,0,0
2025-12-29 01:00:00+00:00,271,120.00000000080036,109.6954338250586,0,0,0
2025-12-29 01:15:00+00:00,271,100.0000000003638,104.15490190792478,0,0,0
2025-12-29 01:30:00+00:00,271,109.99999999876307,109.46663891449307,0,0,0
2025-12-29 01:45:00+00:00,271,100.0000000003638,105.86287788977576,0,0,0
2025-12-29 02:00:00+00:00,271,110.00000000058208,109.98819973749065,0,0,0
2025-12-29 02:15:00+00:00,271,100.0000000003638,104.46657965454116,0,0,0
2025-12-29 02:30:00+00:00,271,99.9999999985448,109.25684006085524,0,0,0
2025-12-29 02:45:00+00:00,271,110.00000000058208,104.77211679750738,0,0,0
2025-12-29 03:00:00+00:00,271,100.0000000003638,107.58076152888768,0,0,0
2025-12-29 03:15:00+00:00,271,100.0000000003638,105.9811878743169,0,0,0
2025-12-29 03:30:00+00:00,271,109.99999999876307,106.76905335511442,0,0,0
2025-12-29 05:45:00+00:00,271,119.99999999898137,105.50580408450392,0,0,0
2025-12-29 06:00:00+00:00,271,120.00000000080036,106.9147893275294,0,0,0
2025-12-29 06:15:00+00:00,271,129.99999999919964,119.49569943165076,0,0,0
2025-12-29 06:30:00+00:00,271,120.00000000080036,132.05112832760796,0,0,0
2025-12-29 06:45:00+00:00,271,109.99999999876307,123.11563122308766,0,0,0
2025-12-29 07:00:00+00:00,271,120.00000000080036,121.62782114891728,0,0,0
2025-12-29 07:15:00+00:00,271,120.00000000080036,122.45632027506556,0,0,0
2025-12-29 07:30:00+00:00,271,109.99999999876307,123.19360617018624,0,0,0
2025-12-29 07:45:00+00:00,271,120.00000000080036,119.96616767589842,0,0,0
2025-12-29 08:00:00+00:00,271,109.99999999876307,116.45177463846844,0,0,0
2025-12-29 08:15:00+00:00,271,110.00000000058208,117.09195936714136,0,0,0
2025-12-29 08:30:00+00:00,271,110.00000000058208,117.23787909826903,0,0,0
2025-12-29 08:45:00+00:00,271,109.99999999876307,116.07058250215177,0,0,0
2025-12-29 09:00:00+00:00,271,110.00000000058208,112.5728043149971,0,0,0
2025-12-29 09:15:00+00:00,271,120.00000000080036,113.13346746073938,0,0,0
2025-12-29 09:30:00+00:00,271,109.99999999876307,111.58656364720268,0,0,0
2025-12-29 09:45:00+00:00,271,110.00000000058208,112.41732147419482,0,0,0
2025-12-29 10:00:00+00:00,271,110.00000000058208,109.25442822775078,0,0,0
2025-12-29 10:15:00+00:00,271,109.99999999876307,111.184775221835,0,0,0
2025-12-29 10:30:00+00:00,271,100.0000000003638,110.24497191206814,0,0,0
2025-12-29 10:45:00+00:00,271,110.00000000058208,110.45195313211087,0,0,0
2025-12-29 11:00:00+00:00,271,110.00000000058208,105.20026694153768,0,0,0
2025-12-29 11:15:00+00:00,271,109.99999999876307,107.74762975326574,0,0,0
2025-12-29 11:30:00+00:00,271,100.0000000003638,104.42802095132156,0,0,0
2025-12-29 11:45:00+00:00,271,100.0000000003638,105.6803672049772,0,0,0
2025-12-29 12:00:00+00:00,271,100.0000000003638,101.05800100918718,0,0,0
2025-12-29 12:15:00+00:00,271,99.9999999985448,102.89791574677288,0,0,0
2025-12-29 12:30:00+00:00,271,100.0000000003638,99.97185685457596,0,0,0
2025-12-29 12:45:00+00:00,271,100.0000000003638,101.86609526161024,0,0,0
2025-12-29 13:00:00+00:00,271,90.00000000014552,97.49484300336847,0,0,0
2025-12-29 13:15:00+00:00,271,90.00000000014552,99.89670719768552,0,0,0
2025-12-29 13:30:00+00:00,271,100.0000000003638,92.92701486219188,0,0,0
2025-12-29 13:45:00+00:00,271,100.0000000003638,93.78613278384752,0,0,0
2025-12-29 14:00:00+00:00,271,89.99999999832653,92.26118047986812,0,0,0
2025-12-29 14:15:00+00:00,271,100.0000000003638,94.94382033061204,0,0,0
2025-12-29 14:30:00+00:00,271,90.00000000014552,89.97188381031967,0,0,0
2025-12-29 14:45:00+00:00,271,79.99999999992724,95.73811736635484,0,0,0
2025-12-29 15:00:00+00:00,271,100.0000000003638,91.14582634654708,0,0,0
2025-12-29 15:15:00+00:00,271,90.00000000014552,92.13245750160604,0,0,0
2025-12-29 15:30:00+00:00,271,100.0000000003638,93.4411487705502,0,0,0
2025-12-29 15:45:00+00:00,271,90.00000000014552,92.61817006239664,0,0,0
2025-12-29 16:00:00+00:00,271,90.00000000014552,94.54729199839606,0,0,0
2025-12-29 16:15:00+00:00,271,99.9999999985448,93.62827639300592,0,0,0
2025-12-29 16:30:00+00:00,271,90.00000000014552,93.98894114978889,0,0,0
2025-12-29 16:45:00+00:00,271,90.00000000014552,95.1642312499096,0,0,0
2025-12-29 17:00:00+00:00,271,100.0000000003638,92.69501948737978,0,0,0
2025-12-29 17:15:00+00:00,271,90.00000000014552,94.09523025187276,0,0,0
2025-12-29 17:30:00+00:00,271,90.00000000014552,94.29035903494491,0,0,0
2025-12-29 17:45:00+00:00,271,100.0000000003638,95.05916720591053,0,0,0
2025-12-29 18:00:00+00:00,271,90.00000000014552,91.4309892422402,0,0,0
2025-12-29 18:15:00+00:00,271,89.99999999832653,94.38771286962267,0,0,0
2025-12-29 18:30:00+00:00,271,80.00000000174623,92.8351737888958,0,0,0
2025-12-29 18:45:00+00:00,271,89.99999999832653,92.66189697941157,0,0,0
2025-12-29 19:00:00+00:00,271,90.00000000014552,90.32833742993608,0,0,0
2025-12-29 19:15:00+00:00,271,90.00000000014552,91.26168621491856,0,0,0
2025-12-29 19:30:00+00:00,271,90.00000000014552,88.64225170473816,0,0,0
2025-12-29 19:45:00+00:00,271,59.99999999949068,74.88353247480919,0,0,0
2025-12-29 20:00:00+00:00,271,60.00000000130967,67.38610425790924,0,0,0
2025-12-29 20:15:00+00:00,271,59.99999999949068,65.20203624953999,0,0,0
2025-12-29 20:30:00+00:00,271,69.99999999970896,66.59731615524159,0,0,0
2025-12-29 20:45:00+00:00,271,69.99999999970896,70.59239901531443,0,0,0
2025-12-29 21:00:00+00:00,271,79.99999999992724,75.85105272374504,0,0,0
2025-12-29 21:15:00+00:00,271,79.99999999992724,78.26972318366313,0,0,0
2025-12-29 21:30:00+00:00,271,79.99999999992724,76.1785988008663,0,0,0
2025-12-29 21:45:00+00:00,271,90.00000000014552,71.4328271445636,0,0,0
2025-12-29 22:00:00+00:00,271,70.00000000152795,68.26806568454022,0,0,0
2025-12-29 22:15:00+00:00,271,59.99999999949068,72.98728420685451,0,0,0
2025-12-29 22:30:00+00:00,271,69.99999999970896,73.80380839022371,0,0,0
2025-12-29 22:45:00+00:00,271,79.99999999992724,73.92136419838138,0,0,0
2025-12-29 23:00:00+00:00,271,69.99999999970896,73.28586148857639,0,0,0
2025-12-29 23:15:00+00:00,271,79.99999999992724,78.16269139011534,0,0,0
2025-12-29 23:30:00+00:00,271,79.99999999992724,74.92248166529332,0,0,0
2025-12-29 23:45:00+00:00,271,69.99999999970896,79.81671121994319,0,0,0
2025-12-30 00:00:00+00:00,271,90.00000000014552,78.34699372236292,0,0,0
2025-12-30 00:15:00+00:00,271,90.00000000014552,86.5388116598824,0,0,0
2025-12-30 00:30:00+00:00,271,90.00000000014552,90.90805788551027,0,0,0
2025-12-30 00:45:00+00:00,271,90.00000000014552,90.08135806342406,0,0,0
2025-12-30 01:00:00+00:00,271,90.00000000014552,89.68335966150632,0,0,0
2025-12-30 01:15:00+00:00,271,79.99999999992724,88.37286143188705,0,0,0
2025-12-30 01:30:00+00:00,271,90.00000000014552,89.63256569066462,0,0,0
2025-12-30 01:45:00+00:00,271,90.00000000014552,86.2318350736665,0,0,0
2025-12-30 02:00:00+00:00,271,90.00000000014552,87.78000988496622,0,0,0
2025-12-30 02:15:00+00:00,271,79.99999999992724,87.80161684693716,0,0,0
2025-12-30 02:30:00+00:00,271,90.00000000014552,90.6280249205473,0,0,0
2025-12-30 02:45:00+00:00,271,90.00000000014552,87.64669293888608,0,0,0
2025-12-30 03:00:00+00:00,271,90.00000000014552,91.34024306460742,0,0,0
2025-12-30 03:15:00+00:00,271,90.00000000014552,88.52146097757527,0,0,0
2025-12-30 03:30:00+00:00,271,79.99999999992724,90.93888340956946,0,0,0
2025-12-30 03:45:00+00:00,271,99.9999999985448,90.87913120148256,0,0,0
2025-12-30 04:00:00+00:00,271,90.00000000014552,88.23023404436229,0,0,0
2025-12-30 04:15:00+00:00,271,90.00000000014552,90.81006855195102,0,0,0
2025-12-30 04:30:00+00:00,271,90.00000000014552,89.28406729198649,0,0,0
2025-12-30 04:45:00+00:00,271,90.00000000014552,90.73819592543744,0,0,0
2025-12-30 05:00:00+00:00,271,90.00000000014552,90.1141283671929,0,0,0
2025-12-30 05:15:00+00:00,271,90.00000000014552,91.00217297287628,0,0,0
2025-12-30 05:30:00+00:00,271,100.0000000003638,92.0633642256224,0,0,0
2025-12-30 05:45:00+00:00,271,90.00000000014552,94.90767346049692,0,0,0
2025-12-30 06:00:00+00:00,271,90.00000000014552,95.53122802566844,0,0,0
2025-12-30 06:15:00+00:00,271,119.99999999898137,125.42723926300584,0,0,0
2025-12-30 06:30:00+00:00,271,120.00000000080036,157.36644831387815,0,0,0
2025-12-30 06:45:00+00:00,271,119.99999999898137,128.37361114957164,0,0,0
2025-12-30 07:00:00+00:00,271,120.00000000080036,108.01504461995508,0,0,0
2025-12-30 07:15:00+00:00,271,109.99999999876307,113.35932988851437,0,0,0
2025-12-30 07:30:00+00:00,271,120.00000000080036,116.52007162669696,0,0,0
2025-12-30 07:45:00+00:00,271,100.0000000003638,114.13477634297706,0,0,0
2025-12-30 08:00:00+00:00,271,110.00000000058208,114.28646916032945,0,0,0
2025-12-30 08:15:00+00:00,271,109.99999999876307,111.85485136777744,0,0,0
2025-12-30 08:30:00+00:00,271,100.0000000003638,114.70646501148268,0,0,0
2025-12-30 08:45:00+00:00,271,110.00000000058208,113.3275932275046,0,0,0
2025-12-30 09:00:00+00:00,271,109.99999999876307,109.22768367843663,0,0,0
2025-12-30 09:15:00+00:00,271,110.00000000058208,108.72162749682504,0,0,0
2025-12-30 09:30:00+00:00,271,110.00000000058208,108.71902424839482,0,0,0
2025-12-30 09:45:00+00:00,271,100.0000000003638,107.96820146143692,0,0,0
2025-12-30 10:00:00+00:00,271,109.99999999876307,107.15946405351934,0,0,0
2025-12-30 10:15:00+00:00,271,110.00000000058208,108.2289091351119,0,0,0
2025-12-30 10:30:00+00:00,271,100.0000000003638,108.5643759784128,0,0,0
2025-12-30 10:45:00+00:00,271,99.9999999985448,107.52105526047896,0,0,0
2025-12-30 11:00:00+00:00,271,110.00000000058208,104.39061839666952,0,0,0
2025-12-30 11:15:00+00:00,271,100.0000000003638,102.58546468224048,0,0,0
2025-12-30 11:30:00+00:00,271,100.0000000003638,102.06979179466308,0,0,0
2025-12-30 11:45:00+00:00,271,90.00000000014552,97.26632373087205,0,0,0
2025-12-30 12:00:00+00:00,271,99.9999999985448,96.34991137391214,0,0,0
2025-12-30 12:15:00+00:00,271,90.00000000014552,94.26169267576024,0,0,0
2025-12-30 12:30:00+00:00,271,79.99999999992724,95.32175074977788,0,0,0
2025-12-30 12:45:00+00:00,271,100.0000000003638,90.6371516032792,0,0,0
2025-12-30 13:00:00+00:00,271,90.00000000014552,89.94412858808555,0,0,0
2025-12-30 13:15:00+00:00,271,90.00000000014552,90.78665462930496,0,0,0
2025-12-30 13:30:00+00:00,271,90.00000000014552,88.01608623452337,0,0,0
2025-12-30 13:45:00+00:00,271,79.99999999992724,87.80455698634073,0,0,0
2025-12-30 14:00:00+00:00,271,90.00000000014552,87.1496409341979,0,0,0
2025-12-30 14:15:00+00:00,271,90.00000000014552,85.98313679752924,0,0,0
2025-12-30 14:30:00+00:00,271,79.99999999992724,85.73079014528312,0,0,0
2025-12-30 14:45:00+00:00,271,90.00000000014552,87.90276070506482,0,0,0
2025-12-30 15:00:00+00:00,271,79.99999999992724,87.21011286390964,0,0,0
2025-12-30 15:15:00+00:00,271,90.00000000014552,89.06139001523202,0,0,0
2025-12-30 15:30:00+00:00,271,79.99999999992724,86.26571941463122,0,0,0
2025-12-30 15:45:00+00:00,271,100.0000000003638,88.6214027474572,0,0,0
2025-12-30 16:00:00+00:00,271,90.00000000014552,85.61768282929594,0,0,0
2025-12-30 16:15:00+00:00,271,89.99999999832653,91.83708068413075,0,0,0
2025-12-30 16:30:00+00:00,271,100.0000000003638,90.07024066130435,0,0,0
2025-12-30 16:45:00+00:00,271,90.00000000014552,94.2084256189098,0,0,0
2025-12-30 17:00:00+00:00,271,100.0000000003638,95.75323152047626,0,0,0
2025-12-30 17:15:00+00:00,271,90.00000000014552,96.1768183231406,0,0,0
2025-12-30 17:30:00+00:00,271,100.0000000003638,98.98644310098877,0,0,0
2025-12-30 17:45:00+00:00,271,100.0000000003638,98.113305920875,0,0,0
2025-12-30 18:00:00+00:00,271,99.9999999985448,100.53855341138596,0,0,0
2025-12-30 18:15:00+00:00,271,110.00000000058208,100.42566430887013,0,0,0
2025-12-30 18:30:00+00:00,271,110.00000000058208,101.85899758133134,0,0,0
2025-12-30 18:45:00+00:00,271,109.99999999876307,102.6979709541048,0,0,0
2025-12-30 19:00:00+00:00,271,100.0000000003638,104.24716409493752,0,0,0
2025-12-30 19:15:00+00:00,271,110.00000000058208,104.7571634322596,0,0,0
2025-12-30 19:30:00+00:00,271,100.0000000003638,104.66853813643615,0,0,0
2025-12-30 19:45:00+00:00,271,90.00000000014552,103.89871163593756,0,0,0
2025-12-30 20:00:00+00:00,271,79.99999999992724,84.57244412979804,0,0,0
2025-12-30 20:15:00+00:00,271,69.99999999970896,76.75833074136004,0,0,0
2025-12-30 20:30:00+00:00,271,90.00000000014552,80.17403386513851,0,0,0
2025-12-30 20:45:00+00:00,271,109.99999999876307,91.40356325436638,0,0,0
2025-12-30 21:00:00+00:00,271,100.0000000003638,98.46104631486315,0,0,0
2025-12-30 21:15:00+00:00,271,100.0000000003638,100.758068506959,0,0,0
2025-12-30 21:30:00+00:00,271,100.0000000003638,99.1122565662994,0,0,0
2025-12-30 21:45:00+00:00,271,90.00000000014552,96.6746359891318,0,0,0
2025-12-30 22:00:00+00:00,271,99.9999999985448,95.688816435054,0,0,0
2025-12-30 22:15:00+00:00,271,100.0000000003638,94.59532958854692,0,0,0
2025-12-30 22:30:00+00:00,271,90.00000000014552,97.10348288494784,0,0,0
2025-12-30 22:45:00+00:00,271,100.0000000003638,99.8982538335176,0,0,0
2025-12-30 23:00:00+00:00,271,100.0000000003638,97.93096368156311,0,0,0
2025-12-30 23:15:00+00:00,271,100.0000000003638,98.55376024204466,0,0,0
2025-12-30 23:30:00+00:00,271,99.9999999985448,99.01018625799512,0,0,0
2025-12-30 23:45:00+00:00,271,100.0000000003638,100.03884456197632,0,0,0
2025-12-31 00:00:00+00:00,271,100.0000000003638,100.75179774088734,0,0,0
2025-12-31 00:15:00+00:00,271,110.00000000058208,102.5900509934455,0,0,0
2025-12-31 00:30:00+00:00,271,99.9999999985448,101.78058620729006,0,0,0
2025-12-31 00:45:00+00:00,271,100.0000000003638,104.46041608105192,0,0,0
2025-12-31 01:00:00+00:00,271,100.0000000003638,101.56972308444104,0,0,0
2025-12-31 01:15:00+00:00,271,100.0000000003638,101.41464604412936,0,0,0
2025-12-31 01:30:00+00:00,271,100.0000000003638,100.90080308706617,0,0,0
2025-12-31 01:45:00+00:00,271,99.9999999985448,100.29745432368108,0,0,0
2025-12-31 02:00:00+00:00,271,90.00000000014552,100.2902111677546,0,0,0
2025-12-31 02:15:00+00:00,271,100.0000000003638,102.82399114796723,0,0,0
2025-12-31 02:30:00+00:00,271,110.00000000058208,99.61506634398624,0,0,0
2025-12-31 02:45:00+00:00,271,100.0000000003638,101.13816574761236,0,0,0
2025-12-31 03:00:00+00:00,271,109.99999999876307,102.64594426856524,0,0,0
2025-12-31 03:15:00+00:00,271,100.0000000003638,99.78259303708488,0,0,0
2025-12-31 03:30:00+00:00,271,100.0000000003638,103.01593478001888,0,0,0
2025-12-31 03:45:00+00:00,271,90.00000000014552,100.77960655941268,0,0,0
2025-12-31 04:00:00+00:00,271,100.0000000003638,103.23658305432036,0,0,0
2025-12-31 04:15:00+00:00,271,99.9999999985448,100.37875224083469,0,0,0
2025-12-31 05:30:00+00:00,271,109.99999999876307,102.72051202286542,0,0,0
2025-12-31 05:45:00+00:00,271,100.0000000003638,101.17484092402654,0,0,0
2025-12-31 06:00:00+00:00,271,100.0000000003638,103.2773621753187,0,0,0
2025-12-31 06:15:00+00:00,271,100.0000000003638,102.47086815501892,0,0,0
2025-12-31 06:30:00+00:00,271,99.9999999985448,105.85208206540332,0,0,0
2025-12-31 06:45:00+00:00,271,90.00000000014552,107.89331212938949,0,0,0
2025-12-31 07:00:00+00:00,271,110.00000000058208,111.72442096480964,0,0,0
2025-12-31 07:15:00+00:00,271,100.0000000003638,135.43819954696036,0,0,0
2025-12-31 07:30:00+00:00,271,110.00000000058208,124.50934917973112,0,0,0
2025-12-31 07:45:00+00:00,271,99.9999999985448,116.58713590022762,0,0,0
2025-12-31 08:00:00+00:00,271,100.0000000003638,114.97302233751266,0,0,0
2025-12-31 08:15:00+00:00,271,100.0000000003638,111.72635808790626,0,0,0
2025-12-31 08:30:00+00:00,271,100.0000000003638,112.4169616133824,0,0,0
2025-12-31 08:45:00+00:00,271,100.0000000003638,109.52760086743876,0,0,0
2025-12-31 09:00:00+00:00,271,109.99999999876307,108.32855229708564,0,0,0
2025-12-31 09:15:00+00:00,271,100.0000000003638,106.4994104140333,0,0,0
2025-12-31 09:30:00+00:00,271,90.00000000014552,108.28304138923473,0,0,0
2025-12-31 09:45:00+00:00,271,100.0000000003638,104.07492858482536,0,0,0
2025-12-31 10:00:00+00:00,271,90.00000000014552,101.80915303050536,0,0,0
2025-12-31 10:15:00+00:00,271,99.9999999985448,102.65713823681526,0,0,0
2025-12-31 10:30:00+00:00,271,100.0000000003638,99.81744593959787,0,0,0
2025-12-31 10:45:00+00:00,271,90.00000000014552,100.52150213416792,0,0,0
2025-12-31 11:00:00+00:00,271,90.00000000014552,98.05945696143428,0,0,0
2025-12-31 11:15:00+00:00,271,100.0000000003638,95.1376551460821,0,0,0
2025-12-31 11:30:00+00:00,271,100.0000000003638,90.98802355199666,0,0,0
2025-12-31 11:45:00+00:00,271,79.99999999992724,90.7194142536746,0,0,0
2025-12-31 12:00:00+00:00,271,79.99999999992724,89.90132046463424,0,0,0
2025-12-31 12:15:00+00:00,271,90.00000000014552,85.15828604748981,0,0,0
2025-12-31 12:30:00+00:00,271,79.99999999992724,82.73847475223022,0,0,0
2025-12-31 12:45:00+00:00,271,79.99999999992724,82.9545941399244,0,0,0
2025-12-31 13:00:00+00:00,271,79.99999999992724,79.90632804715402,0,0,0
2025-12-31 13:15:00+00:00,271,79.99999999992724,79.9711833878255,0,0,0
2025-12-31 13:30:00+00:00,271,79.99999999992724,80.10474917382912,0,0,0
2025-12-31 13:45:00+00:00,271,79.99999999992724,77.72849252179127,0,0,0
2025-12-31 14:00:00+00:00,271,69.99999999970896,76.17470541314049,0,0,0
2025-12-31 14:15:00+00:00,271,69.99999999970896,77.57688392718221,0,0,0
2025-12-31 14:30:00+00:00,271,90.00000000014552,76.39119614656663,0,0,0
2025-12-31 14:45:00+00:00,271,69.99999999970896,74.5804990443038,0,0,0
2025-12-31 15:00:00+00:00,271,79.99999999992724,77.2266359924267,0,0,0
2025-12-31 15:15:00+00:00,271,70.00000000152795,74.98621531215589,0,0,0
2025-12-31 15:30:00+00:00,271,79.99999999992724,78.7050399174896,0,0,0
2025-12-31 15:45:00+00:00,271,79.99999999992724,75.25931138571359,0,0,0
2025-12-31 16:00:00+00:00,271,79.99999999992724,76.52913768691695,0,0,0
2025-12-31 16:15:00+00:00,271,69.99999999970896,76.64617284538859,0,0,0
2025-12-31 16:30:00+00:00,271,79.99999999992724,80.16312701987714,0,0,0
2025-12-31 16:45:00+00:00,271,79.99999999992724,77.67578056938552,0,0,0
2025-12-31 20:45:00+00:00,271,79.99999999992724,78.22027677671474,0,0,0
2025-12-31 21:00:00+00:00,271,79.99999999992724,79.00157288353243,0,0,0
2025-12-31 21:15:00+00:00,271,79.99999999992724,76.80485997874396,0,0,0
2025-12-31 21:30:00+00:00,271,90.00000000014552,78.12220704871868,0,0,0
2025-12-31 21:45:00+00:00,271,90.00000000014552,77.05528482111953,0,0,0
2025-12-31 22:00:00+00:00,271,79.99999999992724,79.13552150018756,0,0,0
2025-12-31 22:15:00+00:00,271,79.99999999992724,81.28856491255884,0,0,0
2025-12-31 22:30:00+00:00,271,79.99999999992724,81.52234044990044,0,0,0
2025-12-31 22:45:00+00:00,271,90.00000000014552,81.52541458003202,0,0,0
2025-12-31 23:00:00+00:00,271,79.99999999992724,80.97936408025771,0,0,0
2025-12-31 23:15:00+00:00,271,90.00000000014552,83.77754987823889,0,0,0
2025-12-31 23:30:00+00:00,271,79.99999999992724,83.57777735936398,0,0,0
2025-12-31 23:45:00+00:00,271,79.99999999992724,86.8326648113647,0,0,0
