timestamp,building_id,y_true,y_pred,over_flag,under_flag,anomaly_point
2025-10-02 08:15:00+00:00,8213,5.200000000058935,5.255004070190273,0,0,0
2025-10-02 08:30:00+00:00,8213,5.200000000058935,5.001900910601105,0,0,0
2025-10-02 08:45:00+00:00,8213,5.199999999831562,4.867298320177822,0,0,0
2025-10-02 09:00:00+00:00,8213,4.900000000134241,4.842140015944397,0,0,0
2025-10-02 09:15:00+00:00,8213,4.899999999906868,4.659870372078229,0,0,0
2025-10-02 09:30:00+00:00,8213,4.800000000159344,4.599136596442163,0,0,0
2025-10-02 09:45:00+00:00,8213,4.699999999957072,4.441361569251946,0,0,0
2025-10-02 10:00:00+00:00,8213,4.100000000107684,4.325951628093425,0,0,0
2025-10-02 10:15:00+00:00,8213,4.899999999906868,4.120105100678725,0,0,0
2025-10-02 10:30:00+00:00,8213,6.799999999884676,3.885240750545691,0,0,0
2025-10-02 10:45:00+00:00,8213,5.699999999933425,4.163344020347735,0,0,0
2025-10-02 11:00:00+00:00,8213,4.30000000005748,4.221906979186226,0,0,0
2025-10-02 11:15:00+00:00,8213,3.900000000157888,3.949341798904859,0,0,0
2025-10-02 11:30:00+00:00,8213,3.8999999999305146,3.797981552235895,0,0,0
2025-10-02 11:45:00+00:00,8213,3.6000000000058208,3.847401727919636,0,0,0
2025-10-02 12:00:00+00:00,8213,3.2999999998537533,3.4803276992143743,0,0,0
2025-10-02 12:15:00+00:00,8213,3.100000000131331,3.462197079921717,0,0,0
2025-10-02 12:30:00+00:00,8213,3.100000000131331,3.3132646828636823,0,0,0
2025-10-02 12:45:00+00:00,8213,2.599999999802094,2.6756388109948945,0,0,0
2025-10-02 13:00:00+00:00,8213,2.7999999999792635,2.5614846160495697,0,0,0
2025-10-02 13:15:00+00:00,8213,2.7000000000043656,2.617075397575885,0,0,0
2025-10-02 13:30:00+00:00,8213,2.200000000129876,2.574990527964002,0,0,0
2025-10-02 13:45:00+00:00,8213,2.099999999927604,2.286903078936914,0,0,0
2025-10-02 14:00:00+00:00,8213,2.100000000154978,2.187152332670389,0,0,0
2025-10-02 14:15:00+00:00,8213,2.099999999927604,2.139137460190535,0,0,0
2025-10-02 14:30:00+00:00,8213,1.6999999998006388,2.2343537982518944,0,0,0
2025-10-02 14:45:00+00:00,8213,1.5000000000782163,1.9739585339751735,0,0,0
2025-10-02 15:00:00+00:00,8213,0.5000000001018634,1.797879237734111,0,0,0
2025-10-02 15:15:00+00:00,8213,0.0,1.341943240984796,0,0,0
2025-10-02 15:30:00+00:00,8213,0.0,0.6707904648214174,0,0,0
2025-10-02 15:45:00+00:00,8213,2.7000000000043656,0.491042703793499,0,0,0
2025-10-02 16:00:00+00:00,8213,2.899999999954161,1.2989013495006545,0,0,0
2025-10-02 16:15:00+00:00,8213,2.200000000129876,1.6099387830707896,0,0,0
2025-10-02 16:30:00+00:00,8213,2.099999999927604,1.5710104556415,0,0,0
2025-10-02 16:45:00+00:00,8213,1.9999999999527065,1.593018370764354,0,0,0
2025-10-02 17:00:00+00:00,8213,2.099999999927604,1.647029850275696,0,0,0
2025-10-02 17:15:00+00:00,8213,2.200000000129876,1.7633500706587522,0,0,0
2025-10-02 17:30:00+00:00,8213,2.099999999927604,2.021677166071926,0,0,0
2025-10-02 17:45:00+00:00,8213,2.099999999927604,2.179702991828382,0,0,0
2025-10-02 18:00:00+00:00,8213,2.200000000129876,2.1290332717085234,0,0,0
2025-10-02 18:15:00+00:00,8213,1.8999999999778083,2.1237125690859524,0,0,0
2025-10-02 18:30:00+00:00,8213,2.099999999927604,2.0600874665299864,0,0,0
2025-10-02 18:45:00+00:00,8213,2.600000000029468,2.263909714424357,0,0,0
2025-10-02 19:00:00+00:00,8213,2.7999999999792635,2.37121377059155,0,0,0
2025-10-02 19:15:00+00:00,8213,2.9999999999290594,2.590472826094104,0,0,0
2025-10-02 19:30:00+00:00,8213,3.100000000131331,2.834896874657716,0,0,0
2025-10-02 19:45:00+00:00,8213,3.500000000030923,2.962814923491865,0,0,0
2025-10-02 20:00:00+00:00,8213,3.6000000000058208,3.0545199192756947,0,0,0
2025-10-02 20:15:00+00:00,8213,3.199999999878856,3.06822889880189,0,0,0
2025-10-02 20:30:00+00:00,8213,3.300000000081127,3.1371025230880463,0,0,0
2025-10-02 20:45:00+00:00,8213,3.2999999998537533,3.263267579561488,0,0,0
2025-10-02 21:00:00+00:00,8213,3.5000000002582965,3.411091189794053,0,0,0
2025-10-02 21:15:00+00:00,8213,3.6000000000058208,3.3430959449504,0,0,0
2025-10-02 21:30:00+00:00,8213,3.599999999778447,3.4079254910610097,0,0,0
2025-10-02 21:45:00+00:00,8213,3.400000000056025,3.3486427364410085,0,0,0
2025-10-02 22:00:00+00:00,8213,3.400000000056025,3.044424075593207,0,0,0
2025-10-02 22:15:00+00:00,8213,0.0,0.709135370624842,0,0,0
2025-10-02 22:30:00+00:00,8213,0.0,0.0704342859489033,0,0,0
2025-10-02 22:45:00+00:00,8213,0.0,0.0471405411235192,0,0,0
2025-10-02 23:00:00+00:00,8213,0.0,0.0680194243527976,0,0,0
2025-10-02 23:15:00+00:00,8213,0.0,0.1192245429137117,0,0,0
2025-10-02 23:30:00+00:00,8213,3.699999999980719,0.0847660407858785,0,0,0
2025-10-02 23:45:00+00:00,8213,1.399999999875945,0.9303119116958412,0,0,0
2025-10-03 00:00:00+00:00,8213,1.4000000001033186,1.098361952233034,0,0,0
2025-10-03 00:15:00+00:00,8213,1.399999999875945,0.7508520949565569,0,0,0
2025-10-03 00:30:00+00:00,8213,1.4000000001033186,0.962559723820592,0,0,0
2025-10-03 00:45:00+00:00,8213,1.7000000000280124,1.4586669523127358,0,0,0
2025-10-03 01:00:00+00:00,8213,1.6000000000531145,1.724383392056942,0,0,0
2025-10-03 01:15:00+00:00,8213,1.5999999998257408,1.6847425482225753,0,0,0
2025-10-03 01:30:00+00:00,8213,1.6000000000531145,1.7071643264377752,0,0,0
2025-10-03 01:45:00+00:00,8213,1.7000000000280124,1.6377315762309823,0,0,0
2025-10-03 02:00:00+00:00,8213,1.6000000000531145,1.7240554000363515,0,0,0
2025-10-03 02:15:00+00:00,8213,1.6000000000531145,1.7815796870356455,0,0,0
2025-10-03 02:30:00+00:00,8213,1.8000000000029104,1.7513758069211551,0,0,0
2025-10-03 02:45:00+00:00,8213,1.6999999998006388,1.821400832927043,0,0,0
2025-10-03 03:00:00+00:00,8213,1.700000000255386,1.8533474124004936,0,0,0
2025-10-03 03:15:00+00:00,8213,1.8999999997504349,1.954284922286484,0,0,0
2025-10-03 03:30:00+00:00,8213,2.300000000104774,1.91964992927222,1,0,1
2025-10-03 03:45:00+00:00,8213,3.400000000056025,2.6998214555547886,1,0,1
2025-10-03 04:00:00+00:00,8213,9.299999999939246,5.792443188134916,1,0,1
2025-10-03 04:15:00+00:00,8213,2.7999999999792635,7.05585466791908,1,0,1
2025-10-03 04:30:00+00:00,8213,1.5000000000782163,4.666830649222063,0,0,0
2025-10-03 04:45:00+00:00,8213,1.4999999998508429,3.276083373308281,0,0,0
2025-10-03 05:00:00+00:00,8213,1.1000000001786248,3.1436643279371,0,0,0
2025-10-03 05:15:00+00:00,8213,1.299999999901047,3.030089982913564,0,0,0
2025-10-03 05:30:00+00:00,8213,1.4000000001033186,2.789246924856972,0,0,0
2025-10-03 05:45:00+00:00,8213,1.5999999998257408,2.5105491286763884,0,0,0
2025-10-03 06:00:00+00:00,8213,1.6000000000531145,2.465416426565984,0,0,0
2025-10-03 06:15:00+00:00,8213,1.4000000001033186,2.106321519827374,0,0,0
2025-10-03 06:30:00+00:00,8213,1.5000000000782163,1.9383619895184812,0,0,0
2025-10-03 06:45:00+00:00,8213,1.6999999998006388,1.9370536580802693,0,0,0
2025-10-03 07:00:00+00:00,8213,1.6000000000531145,2.2499463321578093,0,0,0
2025-10-03 07:15:00+00:00,8213,1.7000000000280124,2.0034807300141515,0,0,0
2025-10-03 07:30:00+00:00,8213,1.6000000000531145,1.976010721492356,0,0,0
2025-10-03 07:45:00+00:00,8213,1.5000000000782163,1.9055908740414795,0,0,0
2025-10-03 08:00:00+00:00,8213,1.4999999998508429,1.6658687466042168,0,0,0
2025-10-03 08:15:00+00:00,8213,1.399999999875945,1.336867817022164,0,0,0
2025-10-03 08:30:00+00:00,8213,1.4000000001033186,0.9447744558420876,0,0,0
2025-10-03 08:45:00+00:00,8213,1.299999999901047,1.25669806166362,0,0,0
2025-10-03 09:00:00+00:00,8213,1.3000000001284209,3.107743764980602,0,0,0
2025-10-03 09:15:00+00:00,8213,0.4000000001269654,1.8209828461399904,0,0,0
2025-10-03 09:30:00+00:00,8213,0.0,0.8041091899794123,0,0,0
2025-10-03 09:45:00+00:00,8213,0.0,0.26671708864843,0,0,0
2025-10-03 10:00:00+00:00,8213,0.0,0.1318117475996145,0,0,0
2025-10-03 10:15:00+00:00,8213,0.0,0.0781072154660946,0,0,0
2025-10-03 10:30:00+00:00,8213,0.0,0.0647885257853408,0,0,0
2025-10-03 10:45:00+00:00,8213,0.0,0.0551676538049432,0,0,0
2025-10-03 11:00:00+00:00,8213,0.0,0.0490543251077402,0,0,0
2025-10-03 11:15:00+00:00,8213,0.0,0.0468293482883517,0,0,0
2025-10-03 11:30:00+00:00,8213,0.0,0.0458995363071481,0,0,0
2025-10-03 11:45:00+00:00,8213,0.0,0.0433424559487267,0,0,0
2025-10-03 12:00:00+00:00,8213,0.0,0.0419910530063569,0,0,0
2025-10-03 12:15:00+00:00,8213,0.0,0.0414728312149053,0,0,0
2025-10-03 12:30:00+00:00,8213,0.0,0.0398332242236054,0,0,0
2025-10-03 12:45:00+00:00,8213,0.0,0.0378300826973998,0,0,0
2025-10-03 13:00:00+00:00,8213,0.0,0.0352502733130377,0,0,0
2025-10-03 13:15:00+00:00,8213,0.0,0.0341140817762908,0,0,0
2025-10-03 13:30:00+00:00,8213,0.0,0.0376648751488468,0,0,0
2025-10-03 13:45:00+00:00,8213,0.0,0.0374784971361317,0,0,0
2025-10-03 14:00:00+00:00,8213,0.0,0.0371818508775665,0,0,0
2025-10-03 14:15:00+00:00,8213,0.0,0.0362959383864656,0,0,0
2025-10-03 14:30:00+00:00,8213,0.0,0.0384077895967425,0,0,0
2025-10-03 14:45:00+00:00,8213,0.0,0.0375143440570442,0,0,0
2025-10-03 15:00:00+00:00,8213,0.0,0.0373008210933483,0,0,0
2025-10-03 15:15:00+00:00,8213,0.0,0.0351509149996389,0,0,0
2025-10-03 15:30:00+00:00,8213,0.0,0.0333642836805387,0,0,0
2025-10-03 15:45:00+00:00,8213,0.0,0.0326122776222668,0,0,0
2025-10-03 16:00:00+00:00,8213,0.0,0.0335280625474612,0,0,0
2025-10-03 16:15:00+00:00,8213,0.0,0.034303317152267,0,0,0
2025-10-03 16:30:00+00:00,8213,0.0,0.0388982170364724,0,0,0
2025-10-03 16:45:00+00:00,8213,0.0,0.0388361343256167,0,0,0
2025-10-03 17:00:00+00:00,8213,0.0,0.0395900885861122,0,0,0
2025-10-03 17:15:00+00:00,8213,0.0,0.0435805262604387,0,0,0
2025-10-03 17:30:00+00:00,8213,0.0,0.0537654677246142,0,0,0
2025-10-03 17:45:00+00:00,8213,0.0,0.0537400112155606,0,0,0
2025-10-03 18:00:00+00:00,8213,0.0,0.049580469588234,0,0,0
2025-10-03 18:15:00+00:00,8213,0.0,0.0503272804405767,0,0,0
2025-10-03 18:30:00+00:00,8213,0.0,0.0658947150078457,0,0,0
2025-10-03 18:45:00+00:00,8213,0.0,0.0595369518716668,0,0,0
2025-10-03 19:00:00+00:00,8213,0.0,0.0551073894161628,0,0,0
2025-10-03 19:15:00+00:00,8213,0.0,0.0585506420259815,0,0,0
2025-10-03 19:30:00+00:00,8213,0.0,0.0752458259203621,0,0,0
2025-10-03 19:45:00+00:00,8213,0.0,0.0678409690291248,0,0,0
2025-10-03 20:00:00+00:00,8213,0.0,0.0604581917630873,0,0,0
2025-10-03 20:15:00+00:00,8213,0.0,0.051029412521927,0,0,0
2025-10-03 20:30:00+00:00,8213,0.0,0.0466140070025806,0,0,0
2025-10-03 20:45:00+00:00,8213,0.0,0.0526330427121664,0,0,0
2025-10-03 21:00:00+00:00,8213,0.0,0.0749426856543851,0,0,0
2025-10-03 21:15:00+00:00,8213,0.0,0.0589822337585614,0,0,0
2025-10-03 21:30:00+00:00,8213,0.0,0.0694103108602304,0,0,0
2025-10-03 21:45:00+00:00,8213,0.0,0.0664477446790239,0,0,0
2025-10-03 22:00:00+00:00,8213,0.0,0.0477564327864425,0,0,0
2025-10-03 22:15:00+00:00,8213,0.0,0.0433255715294562,0,0,0
2025-10-03 22:30:00+00:00,8213,0.0,0.0406508197567354,0,0,0
2025-10-03 22:45:00+00:00,8213,0.0,0.0401283119203919,0,0,0
2025-10-03 23:00:00+00:00,8213,0.0,0.0402010448034027,0,0,0
2025-10-03 23:15:00+00:00,8213,0.0,0.0420487197921726,0,0,0
2025-10-03 23:30:00+00:00,8213,0.0,0.0568788247579199,0,0,0
2025-10-03 23:45:00+00:00,8213,0.0,0.0716282741516141,0,0,0
2025-10-04 00:00:00+00:00,8213,0.0,0.0741447020236383,0,0,0
2025-10-04 00:15:00+00:00,8213,0.0,0.0587757243228703,0,0,0
2025-10-04 00:30:00+00:00,8213,0.0,0.0699626911306674,0,0,0
2025-10-04 00:45:00+00:00,8213,0.0,0.065706388792907,0,0,0
2025-10-04 01:00:00+00:00,8213,0.0,0.0563256652065933,0,0,0
2025-10-04 01:15:00+00:00,8213,0.0,0.052705126194436,0,0,0
2025-10-04 01:30:00+00:00,8213,0.0,0.0418580557345658,0,0,0
2025-10-04 01:45:00+00:00,8213,0.0,0.0389053604446252,0,0,0
2025-10-04 02:00:00+00:00,8213,0.0,0.0401015566098559,0,0,0
2025-10-04 02:15:00+00:00,8213,0.0,0.0396768485251322,0,0,0
2025-10-04 02:30:00+00:00,8213,0.0,0.037538761524912,0,0,0
2025-10-04 02:45:00+00:00,8213,0.0,0.0409857806590296,0,0,0
2025-10-04 03:00:00+00:00,8213,0.0,0.0462989177629662,0,0,0
2025-10-04 03:15:00+00:00,8213,0.0,0.0470788480531083,0,0,0
2025-10-04 03:30:00+00:00,8213,0.0,0.0413613940477208,0,0,0
2025-10-04 03:45:00+00:00,8213,0.0,0.0403943064639742,0,0,0
2025-10-04 04:00:00+00:00,8213,0.0,0.0438722370733712,0,0,0
2025-10-04 04:15:00+00:00,8213,0.0,0.0438236618979319,0,0,0
2025-10-04 04:30:00+00:00,8213,0.0,0.034784912741917,0,0,0
2025-10-04 04:45:00+00:00,8213,0.0,0.0328578809825763,0,0,0
2025-10-04 05:00:00+00:00,8213,0.0,0.03623606363813,0,0,0
2025-10-04 05:15:00+00:00,8213,0.0,0.0371989950571332,0,0,0
2025-10-04 05:30:00+00:00,8213,0.0,0.0320593778312368,0,0,0
2025-10-04 05:45:00+00:00,8213,0.0,0.0293929383880027,0,0,0
2025-10-04 06:00:00+00:00,8213,0.0,0.0332851866702645,0,0,0
2025-10-04 06:15:00+00:00,8213,0.0,0.0353532682705868,0,0,0
2025-10-04 06:30:00+00:00,8213,0.0,0.0311494375127128,0,0,0
2025-10-04 06:45:00+00:00,8213,0.0,0.0268007903895581,0,0,0
2025-10-04 07:00:00+00:00,8213,0.0,0.0273069333272242,0,0,0
2025-10-04 07:15:00+00:00,8213,0.0,0.0270145731135507,0,0,0
2025-10-04 07:30:00+00:00,8213,0.0,0.0265224572318938,0,0,0
2025-10-04 07:45:00+00:00,8213,0.0,0.0274159027715921,0,0,0
2025-10-04 08:00:00+00:00,8213,0.0,0.0268854722462066,0,0,0
2025-10-04 08:15:00+00:00,8213,0.0,0.0270849681538931,0,0,0
2025-10-04 08:30:00+00:00,8213,0.0,0.0269835317581228,0,0,0
2025-10-04 08:45:00+00:00,8213,0.2999999999246938,0.0348682957970829,0,0,0
2025-10-04 09:00:00+00:00,8213,9.699999999838838,0.6236913772667574,0,0,0
2025-10-04 09:15:00+00:00,8213,10.700000000042564,4.204479660896254,0,0,0
2025-10-04 09:30:00+00:00,8213,5.599999999958527,4.512281844913966,0,0,0
2025-10-04 09:45:00+00:00,8213,4.599999999982174,3.880795992112844,0,0,0
2025-10-04 10:00:00+00:00,8213,4.200000000082582,3.880323618013719,0,0,0
2025-10-04 10:15:00+00:00,8213,4.500000000007276,3.8346763307560128,0,0,0
2025-10-04 10:30:00+00:00,8213,4.400000000032378,3.898839072185592,0,0,0
2025-10-04 10:45:00+00:00,8213,4.500000000007276,3.913114588918382,0,0,0
2025-10-04 11:00:00+00:00,8213,4.79999999993197,3.975461475995508,0,0,0
2025-10-04 11:15:00+00:00,8213,4.500000000007276,3.943224443923061,0,0,0
2025-10-04 11:30:00+00:00,8213,4.400000000032378,3.8450486892740896,0,0,0
2025-10-04 11:45:00+00:00,8213,4.400000000032378,3.829874142155227,0,0,0
2025-10-04 12:00:00+00:00,8213,4.699999999957072,3.8485550636359496,0,0,0
2025-10-04 12:15:00+00:00,8213,4.30000000005748,3.902998873573215,0,0,0
2025-10-04 12:30:00+00:00,8213,4.199999999855208,3.887858614813486,0,0,0
2025-10-04 12:45:00+00:00,8213,4.200000000082582,3.8729233069276696,0,0,0
2025-10-04 13:00:00+00:00,8213,4.100000000107684,3.8877826349267695,0,0,0
2025-10-04 13:15:00+00:00,8213,4.399999999805004,3.826442838519046,0,0,0
2025-10-04 13:30:00+00:00,8213,4.100000000107684,3.7460854712863783,0,0,0
2025-10-04 13:45:00+00:00,8213,3.7999999999556167,3.6611885331126537,0,0,0
2025-10-04 14:00:00+00:00,8213,3.6000000000058208,3.427321013117313,0,0,0
2025-10-04 14:15:00+00:00,8213,3.300000000081127,3.313296373619851,0,0,0
2025-10-04 14:30:00+00:00,8213,3.699999999980719,3.319892207067742,0,0,0
2025-10-04 14:45:00+00:00,8213,3.199999999878856,3.056106405286367,0,0,0
2025-10-04 15:00:00+00:00,8213,2.6000000002568413,2.720606630257117,0,0,0
2025-10-04 15:15:00+00:00,8213,2.499999999827196,2.834520481988136,0,0,0
2025-10-04 15:30:00+00:00,8213,3.200000000106229,2.849947386235016,0,0,0
2025-10-04 15:45:00+00:00,8213,2.899999999954161,2.721363312000725,0,0,0
2025-10-04 16:00:00+00:00,8213,3.0999999999039574,2.630441298690521,0,0,0
2025-10-04 16:15:00+00:00,8213,2.7000000000043656,2.693285561795308,0,0,0
2025-10-04 16:30:00+00:00,8213,2.7000000000043656,2.597772545005346,0,0,0
2025-10-04 16:45:00+00:00,8213,3.200000000106229,2.719600448748752,0,0,0
2025-10-04 17:00:00+00:00,8213,2.7999999999792635,2.7530376383309507,0,0,0
2025-10-04 17:15:00+00:00,8213,2.7999999999792635,2.83736628591608,0,0,0
2025-10-04 17:30:00+00:00,8213,3.8999999999305146,2.931976310975448,0,0,0
2025-10-04 17:45:00+00:00,8213,4.000000000132786,3.3945138071941203,0,0,0
2025-10-04 18:00:00+00:00,8213,3.6000000000058208,3.2690391935886884,0,0,0
2025-10-04 18:15:00+00:00,8213,3.699999999980719,3.297600617466127,0,0,0
2025-10-04 18:30:00+00:00,8213,3.8999999999305146,3.355787833035779,0,0,0
2025-10-04 18:45:00+00:00,8213,3.999999999905413,3.443378095843422,0,0,0
2025-10-04 19:00:00+00:00,8213,4.200000000082582,3.550536491424372,0,0,0
2025-10-04 19:15:00+00:00,8213,4.100000000107684,3.5645045818462924,0,0,0
2025-10-04 19:30:00+00:00,8213,3.699999999980719,3.641760930659737,0,0,0
2025-10-04 19:45:00+00:00,8213,4.199999999855208,3.511632191822505,0,0,0
2025-10-04 20:00:00+00:00,8213,4.900000000134241,2.7423380467794,0,0,0
2025-10-04 20:15:00+00:00,8213,0.0,1.6468791000111431,0,0,0
2025-10-04 20:30:00+00:00,8213,0.0,0.1029783546917746,0,0,0
2025-10-04 20:45:00+00:00,8213,0.0,0.0418585752551587,0,0,0
2025-10-04 21:00:00+00:00,8213,0.0,0.1332308180992139,0,0,0
2025-10-04 21:15:00+00:00,8213,0.0,0.1028973094792768,0,0,0
2025-10-04 21:30:00+00:00,8213,0.0,0.0671724759061669,0,0,0
2025-10-04 21:45:00+00:00,8213,0.0,0.0230033546155068,0,0,0
2025-10-04 22:00:00+00:00,8213,0.0,0.0349860970915307,0,0,0
2025-10-04 22:15:00+00:00,8213,0.0,0.0163847921416753,0,0,0
2025-10-04 22:30:00+00:00,8213,0.0,0.020300938371212,0,0,0
2025-10-04 22:45:00+00:00,8213,0.0,0.0274739591978525,0,0,0
2025-10-04 23:00:00+00:00,8213,0.0,0.0291226577995287,0,0,0
2025-10-04 23:15:00+00:00,8213,0.0,0.0297355622190427,0,0,0
2025-10-04 23:30:00+00:00,8213,0.0,0.0348795953699792,0,0,0
2025-10-04 23:45:00+00:00,8213,0.0,0.037870735183797,0,0,0
2025-10-05 00:00:00+00:00,8213,0.0,0.0374855106641365,0,0,0
2025-10-05 00:15:00+00:00,8213,0.0,0.0368493576980886,0,0,0
2025-10-05 00:30:00+00:00,8213,0.0,0.03893809024198,0,0,0
2025-10-05 00:45:00+00:00,8213,0.0,0.0406518587979212,0,0,0
2025-10-05 01:00:00+00:00,8213,0.0,0.0450553153436301,0,0,0
2025-10-05 01:15:00+00:00,8213,0.0,0.0479211208144028,0,0,0
2025-10-05 01:30:00+00:00,8213,0.0,0.0480777562731722,0,0,0
2025-10-05 01:45:00+00:00,8213,0.0,0.0505319715541927,0,0,0
2025-10-05 02:00:00+00:00,8213,0.0,0.0539257398275345,0,0,0
2025-10-05 02:15:00+00:00,8213,0.0,0.0539439230482872,0,0,0
2025-10-05 02:30:00+00:00,8213,0.0,0.0513473591248028,0,0,0
2025-10-05 02:45:00+00:00,8213,0.0,0.0540369172344223,0,0,0
2025-10-05 03:00:00+00:00,8213,0.0,0.0598281431640064,0,0,0
2025-10-05 03:15:00+00:00,8213,0.0,0.062089356544752,0,0,0
2025-10-05 03:30:00+00:00,8213,0.0,0.0584089427842589,0,0,0
2025-10-05 03:45:00+00:00,8213,0.0,0.059779567988567,0,0,0
2025-10-05 04:00:00+00:00,8213,0.0,0.0664737207086705,0,0,0
2025-10-05 04:15:00+00:00,8213,0.0,0.0695251249112687,0,0,0
2025-10-05 04:30:00+00:00,8213,0.0,0.0636088243989358,0,0,0
2025-10-05 04:45:00+00:00,8213,0.0,0.0632650316465617,0,0,0
2025-10-05 05:00:00+00:00,8213,0.0,0.0732504772030506,0,0,0
2025-10-05 05:15:00+00:00,8213,0.0,0.0832526772986617,0,0,0
2025-10-05 05:30:00+00:00,8213,0.0,0.0800577555322654,0,0,0
2025-10-05 05:45:00+00:00,8213,0.0,0.0855496077201714,0,0,0
2025-10-05 06:00:00+00:00,8213,0.0,0.1195926232538056,0,0,0
2025-10-05 06:15:00+00:00,8213,0.0,0.1628063461740598,0,0,0
2025-10-05 06:30:00+00:00,8213,0.0,0.1439161877745332,0,0,0
2025-10-05 06:45:00+00:00,8213,0.0,0.1331289920629987,0,0,0
2025-10-05 07:00:00+00:00,8213,0.0,0.1635777043744186,0,0,0
2025-10-05 07:15:00+00:00,8213,0.0,0.125786217882617,0,0,0
2025-10-05 07:30:00+00:00,8213,0.0,0.1143837799089004,0,0,0
2025-10-05 07:45:00+00:00,8213,0.0,0.1253678739251569,0,0,0
2025-10-05 08:00:00+00:00,8213,0.0,0.1155803657145759,0,0,0
2025-10-05 08:15:00+00:00,8213,0.0,0.1327463651463027,0,0,0
2025-10-05 08:30:00+00:00,8213,0.0,0.1538695529344083,0,0,0
2025-10-05 08:45:00+00:00,8213,1.8999999999778083,0.9628593573225668,0,0,0
2025-10-05 09:00:00+00:00,8213,12.399999999843203,9.319497846477688,0,0,0
2025-10-05 09:15:00+00:00,8213,11.500000000069122,8.435325229842634,0,0,0
2025-10-05 09:30:00+00:00,8213,5.9000000001105946,6.761741072244289,0,0,0
2025-10-05 09:45:00+00:00,8213,4.899999999906868,5.553239542249401,0,0,0
2025-10-05 10:00:00+00:00,8213,4.899999999906868,4.917885598873589,0,0,0
2025-10-05 10:15:00+00:00,8213,4.400000000259752,4.410118120313485,0,0,0
2025-10-05 10:30:00+00:00,8213,4.79999999993197,4.142657489617991,0,0,0
2025-10-05 10:45:00+00:00,8213,4.899999999906868,4.095581390849569,0,0,0
2025-10-05 11:00:00+00:00,8213,4.699999999957072,4.119561682138516,0,0,0
2025-10-05 11:15:00+00:00,8213,4.500000000007276,4.1221551289384415,0,0,0
2025-10-05 11:30:00+00:00,8213,4.500000000007276,4.000124417343569,0,0,0
2025-10-05 11:45:00+00:00,8213,4.400000000032378,3.98880380386324,0,0,0
2025-10-05 12:00:00+00:00,8213,4.100000000107684,3.753123936279449,0,0,0
2025-10-05 12:15:00+00:00,8213,4.199999999855208,3.685288314137975,0,0,0
2025-10-05 12:30:00+00:00,8213,4.30000000005748,3.679929589102009,0,0,0
2025-10-05 12:45:00+00:00,8213,4.200000000082582,3.706709576866277,0,0,0
2025-10-05 13:00:00+00:00,8213,4.199999999855208,3.718640367283007,0,0,0
2025-10-05 13:15:00+00:00,8213,3.700000000208093,3.67331959871796,0,0,0
2025-10-05 13:30:00+00:00,8213,3.8999999999305146,3.6128062296934464,0,0,0
2025-10-05 13:45:00+00:00,8213,3.699999999980719,3.575153714960255,0,0,0
2025-10-05 14:00:00+00:00,8213,3.8999999999305146,3.5314116395969863,0,0,0
2025-10-05 14:15:00+00:00,8213,3.7999999999556167,3.515919145875248,0,0,0
2025-10-05 14:30:00+00:00,8213,3.6000000000058208,3.525949919603471,0,0,0
2025-10-05 14:45:00+00:00,8213,3.300000000081127,3.5726118305791768,0,0,0
2025-10-05 15:00:00+00:00,8213,3.6000000000058208,3.575383083302035,0,0,0
2025-10-05 15:15:00+00:00,8213,4.100000000107684,3.552316239095615,0,0,0
2025-10-05 15:30:00+00:00,8213,4.199999999855208,3.6702211779017015,0,0,0
2025-10-05 15:45:00+00:00,8213,3.699999999980719,3.830827462443261,0,0,0
2025-10-05 16:00:00+00:00,8213,3.7999999999556167,3.94964467941054,0,0,0
2025-10-05 16:15:00+00:00,8213,4.400000000032378,4.055892874912669,0,0,0
2025-10-05 16:30:00+00:00,8213,4.200000000082582,4.079772898727178,0,0,0
2025-10-05 16:45:00+00:00,8213,3.999999999905413,4.07238427685447,0,0,0
2025-10-05 17:00:00+00:00,8213,3.500000000030923,3.8988958298103698,0,0,0
2025-10-05 17:15:00+00:00,8213,3.699999999980719,3.8989441452255127,0,0,0
2025-10-05 17:30:00+00:00,8213,3.699999999980719,3.9824264288246782,0,0,0
2025-10-05 17:45:00+00:00,8213,3.7999999999556167,3.9109814373637946,0,0,0
2025-10-05 18:00:00+00:00,8213,3.699999999980719,3.8027421791892464,0,0,0
2025-10-05 18:15:00+00:00,8213,4.000000000132786,3.763295240328061,0,0,0
2025-10-05 18:30:00+00:00,8213,4.000000000132786,3.801181928968517,0,0,0
2025-10-05 18:45:00+00:00,8213,3.799999999728243,3.72815642598378,0,0,0
2025-10-05 19:00:00+00:00,8213,4.100000000107684,3.5637837470235967,0,0,0
2025-10-05 19:15:00+00:00,8213,4.100000000107684,3.608472648667487,0,0,0
2025-10-05 19:30:00+00:00,8213,3.999999999905413,3.645175479756796,0,0,0
2025-10-05 19:45:00+00:00,8213,3.7999999999556167,2.691282095568732,0,0,0
2025-10-05 20:00:00+00:00,8213,4.000000000132786,1.3303070187442592,0,0,0
2025-10-05 20:15:00+00:00,8213,0.0,0.6389891806462935,0,0,0
2025-10-05 20:30:00+00:00,8213,0.0,0.0664482641996169,0,0,0
2025-10-05 20:45:00+00:00,8213,0.0,0.0820572604143203,0,0,0
2025-10-05 21:00:00+00:00,8213,0.0,0.1140045298760585,0,0,0
2025-10-05 21:15:00+00:00,8213,0.0,0.099741481637499,0,0,0
2025-10-05 21:30:00+00:00,8213,0.0,0.091397980914978,0,0,0
2025-10-05 21:45:00+00:00,8213,0.0,0.035832266257272,0,0,0
2025-10-05 22:00:00+00:00,8213,0.0,0.0220427610391718,0,0,0
2025-10-05 22:15:00+00:00,8213,0.0,0.011523508073443,0,0,0
2025-10-05 22:30:00+00:00,8213,0.0,0.0174557838440088,0,0,0
2025-10-05 22:45:00+00:00,8213,0.0,0.0241803285187989,0,0,0
2025-10-05 23:00:00+00:00,8213,0.0,0.0277754110219026,0,0,0
2025-10-05 23:15:00+00:00,8213,0.0,0.0307653819143862,0,0,0
2025-10-05 23:30:00+00:00,8213,0.0,0.0348731013625676,0,0,0
2025-10-05 23:45:00+00:00,8213,0.0,0.0382886895008125,0,0,0
2025-10-06 00:00:00+00:00,8213,0.0,0.0358613594104764,0,0,0
2025-10-06 00:15:00+00:00,8213,0.0,0.0400228492400263,0,0,0
2025-10-06 00:30:00+00:00,8213,0.0,0.0281442706428858,0,0,0
2025-10-06 00:45:00+00:00,8213,0.0,0.0279702312442529,0,0,0
2025-10-06 01:00:00+00:00,8213,0.0,0.0348338775578009,0,0,0
2025-10-06 01:15:00+00:00,8213,0.0,0.041559461273777,0,0,0
2025-10-06 01:30:00+00:00,8213,0.0,0.0525986244728844,0,0,0
2025-10-06 01:45:00+00:00,8213,0.0,0.0694573274738907,0,0,0
2025-10-06 02:00:00+00:00,8213,0.0,0.0858162516644946,0,0,0
2025-10-06 02:15:00+00:00,8213,0.0,0.0950408593126317,0,0,0
2025-10-06 02:30:00+00:00,8213,0.0,0.0848941026120366,0,0,0
2025-10-06 02:45:00+00:00,8213,0.0,0.0893332761985099,0,0,0
2025-10-06 03:00:00+00:00,8213,0.0,0.1090079106933672,0,0,0
2025-10-06 03:15:00+00:00,8213,0.0,0.1246340510876375,0,0,0
2025-10-06 03:30:00+00:00,8213,0.0,0.117627796371329,0,0,0
2025-10-06 03:45:00+00:00,8213,2.7999999999792635,0.172309157099713,0,0,0
2025-10-06 04:00:00+00:00,8213,11.799999999993815,9.1845134084186,0,0,0
2025-10-06 04:15:00+00:00,8213,10.599999999840293,8.301488412773336,0,0,0
2025-10-06 04:30:00+00:00,8213,6.1000000000603904,6.5896368878200615,0,0,0
2025-10-06 04:45:00+00:00,8213,5.800000000135697,5.6662664424481335,0,0,0
2025-10-06 05:00:00+00:00,8213,5.199999999831562,5.210590774220934,0,0,0
2025-10-06 05:15:00+00:00,8213,4.400000000032378,5.077682859971802,0,0,0
2025-10-06 05:30:00+00:00,8213,4.900000000134241,4.709260155807283,0,0,0
2025-10-06 05:45:00+00:00,8213,4.899999999906868,4.563349160637605,0,0,0
2025-10-06 06:00:00+00:00,8213,5.100000000084037,4.630563176389633,0,0,0
2025-10-06 06:15:00+00:00,8213,5.200000000058935,4.686541520278277,0,0,0
2025-10-06 06:30:00+00:00,8213,4.699999999729698,4.683708314724711,0,0,0
2025-10-06 06:45:00+00:00,8213,4.900000000134241,4.626598195224361,0,0,0
2025-10-06 07:00:00+00:00,8213,4.599999999982174,4.653147515845365,0,0,0
2025-10-06 07:15:00+00:00,8213,4.699999999957072,4.696038356717112,0,0,0
2025-10-06 07:30:00+00:00,8213,4.599999999982174,4.712327924908559,0,0,0
2025-10-06 07:45:00+00:00,8213,4.30000000005748,4.658958353677333,0,0,0
2025-10-06 08:00:00+00:00,8213,5.000000000109139,4.567254137174393,0,0,0
2025-10-06 08:15:00+00:00,8213,4.399999999805004,4.457205388774655,0,0,0
2025-10-06 08:30:00+00:00,8213,4.30000000005748,4.165969937184721,0,0,0
2025-10-06 08:45:00+00:00,8213,4.400000000032378,4.166727657969515,0,0,0
2025-10-06 09:00:00+00:00,8213,4.599999999982174,4.200967961448316,0,0,0
2025-10-06 09:15:00+00:00,8213,4.599999999982174,4.219319247112821,0,0,0
2025-10-06 09:30:00+00:00,8213,5.100000000084037,4.193967421458529,0,0,0
2025-10-06 09:45:00+00:00,8213,5.000000000109139,4.203208653765641,0,0,0
2025-10-06 10:00:00+00:00,8213,4.699999999729698,4.221154453607362,0,0,0
2025-10-06 10:15:00+00:00,8213,4.500000000007276,4.184302260347584,0,0,0
2025-10-06 10:30:00+00:00,8213,4.400000000259752,4.162437716673362,0,0,0
2025-10-06 10:45:00+00:00,8213,3.8999999999305146,4.167418360597821,0,0,0
2025-10-06 11:00:00+00:00,8213,3.8999999999305146,4.168703394784443,0,0,0
2025-10-06 11:15:00+00:00,8213,3.6000000000058208,4.149626338851609,0,0,0
2025-10-06 11:30:00+00:00,8213,3.699999999980719,4.091379248533622,0,0,0
2025-10-06 11:45:00+00:00,8213,3.699999999980719,3.980777210702409,0,0,0
2025-10-06 12:00:00+00:00,8213,3.8999999999305146,3.855488455589099,0,0,0
2025-10-06 12:15:00+00:00,8213,4.000000000132786,3.758684624945919,0,0,0
2025-10-06 12:30:00+00:00,8213,3.999999999905413,3.702678486705553,0,0,0
2025-10-06 12:45:00+00:00,8213,4.000000000132786,3.6367095020544906,0,0,0
2025-10-06 13:00:00+00:00,8213,3.999999999905413,3.607103192384513,0,0,0
2025-10-06 13:15:00+00:00,8213,3.999999999905413,3.5981469171226266,0,0,0
2025-10-06 13:30:00+00:00,8213,3.900000000157888,3.634612327300964,0,0,0
2025-10-06 13:45:00+00:00,8213,3.7999999999556167,3.625716576188154,0,0,0
2025-10-06 14:00:00+00:00,8213,3.6000000000058208,3.5825381806682195,0,0,0
2025-10-06 14:15:00+00:00,8213,3.6000000000058208,3.533511282073329,0,0,0
2025-10-06 14:30:00+00:00,8213,3.500000000030923,3.523822223015109,0,0,0
2025-10-06 14:45:00+00:00,8213,3.200000000106229,3.47322481366778,0,0,0
2025-10-06 15:00:00+00:00,8213,3.6000000000058208,3.38347269579279,0,0,0
2025-10-06 15:15:00+00:00,8213,3.499999999803549,3.348767811023757,0,0,0
2025-10-06 15:30:00+00:00,8213,3.300000000081127,3.3576982401361457,0,0,0
2025-10-06 15:45:00+00:00,8213,3.200000000106229,3.3011008874610206,0,0,0
2025-10-06 16:00:00+00:00,8213,3.0999999999039574,3.222240648697041,0,0,0
2025-10-06 16:15:00+00:00,8213,2.7999999999792635,3.1738471755850863,0,0,0
2025-10-06 16:30:00+00:00,8213,3.199999999878856,3.155589663387605,0,0,0
2025-10-06 16:45:00+00:00,8213,3.900000000157888,3.161987169849142,0,0,0
2025-10-06 17:00:00+00:00,8213,4.400000000032378,3.2321518028087404,0,0,0
2025-10-06 17:15:00+00:00,8213,4.199999999855208,3.327803856297386,0,0,0
2025-10-06 17:30:00+00:00,8213,3.7999999999556167,3.4506973617169736,0,0,0
2025-10-06 17:45:00+00:00,8213,3.300000000081127,3.4624182658141587,0,0,0
2025-10-06 18:00:00+00:00,8213,3.200000000106229,3.4625182735282984,0,0,0
2025-10-06 18:15:00+00:00,8213,3.2999999998537533,3.4942082504163863,0,0,0
2025-10-06 22:00:00+00:00,8213,3.500000000030923,3.572030097395239,0,0,0
2025-10-06 22:15:00+00:00,8213,0.0,3.3911018557000263,0,0,0
2025-10-06 22:30:00+00:00,8213,0.0,0.3624171977919221,0,0,0
2025-10-06 22:45:00+00:00,8213,0.0,0.0708421096143565,0,0,0
2025-10-06 23:00:00+00:00,8213,0.0,0.0279465930572744,0,0,0
2025-10-06 23:15:00+00:00,8213,0.0,0.033831592453883,0,0,0
2025-10-06 23:30:00+00:00,8213,0.0,0.036992485621442,0,0,0
2025-10-06 23:45:00+00:00,8213,0.0,0.0338958831272586,0,0,0
2025-10-07 00:00:00+00:00,8213,0.0,0.0262924394893722,0,0,0
2025-10-07 00:15:00+00:00,8213,0.0,0.015930861023599,0,0,0
2025-10-07 00:30:00+00:00,8213,0.0,0.0190620116372126,0,0,0
2025-10-07 00:45:00+00:00,8213,0.0,0.0247868688110495,0,0,0
2025-10-07 01:00:00+00:00,8213,0.0,0.0262526961640128,0,0,0
2025-10-07 01:15:00+00:00,8213,0.0,0.035022983053629,0,0,0
2025-10-07 01:30:00+00:00,8213,0.0,0.0411016337512539,0,0,0
2025-10-07 01:45:00+00:00,8213,0.0,0.0483840136627069,0,0,0
2025-10-07 02:00:00+00:00,8213,0.0,0.0522602866867361,0,0,0
2025-10-07 06:30:00+00:00,8213,3.500000000030923,0.0504659924388901,0,0,0
2025-10-07 06:45:00+00:00,8213,3.500000000030923,2.4935088532281515,0,0,0
2025-10-07 07:00:00+00:00,8213,3.6000000000058208,5.503805079749355,0,0,0
2025-10-07 07:15:00+00:00,8213,3.400000000056025,3.6567039014742986,0,0,0
2025-10-07 07:30:00+00:00,8213,3.500000000030923,4.168435581918786,0,0,0
2025-10-07 07:45:00+00:00,8213,3.8999999999305146,3.949498434363629,0,0,0
2025-10-07 08:00:00+00:00,8213,3.6000000000058208,3.756964102622269,0,0,0
2025-10-07 08:15:00+00:00,8213,3.6000000000058208,3.711750615059664,0,0,0
2025-10-07 08:30:00+00:00,8213,3.2999999998537533,3.548652449994096,0,0,0
2025-10-07 08:45:00+00:00,8213,3.100000000131331,3.41855566167333,0,0,0
2025-10-07 09:00:00+00:00,8213,3.0999999999039574,3.331554275457777,0,0,0
2025-10-07 09:15:00+00:00,8213,3.300000000081127,3.278347054411843,0,0,0
2025-10-07 09:30:00+00:00,8213,2.899999999954161,3.244902526601269,0,0,0
2025-10-07 09:45:00+00:00,8213,2.9999999999290594,3.132619839651915,0,0,0
2025-10-07 10:00:00+00:00,8213,3.100000000131331,3.0296795616451457,0,0,0
2025-10-07 10:15:00+00:00,8213,2.9999999999290594,3.011708175414223,0,0,0
2025-10-07 10:30:00+00:00,8213,2.7999999999792635,2.9691132015201527,0,0,0
2025-10-07 10:45:00+00:00,8213,2.899999999954161,2.871538662077355,0,0,0
2025-10-07 11:00:00+00:00,8213,3.000000000156433,2.789885155905391,0,0,0
2025-10-07 11:15:00+00:00,8213,2.7999999999792635,2.754202013859864,0,0,0
2025-10-07 11:30:00+00:00,8213,3.199999999878856,2.7044469422139032,0,0,0
2025-10-07 11:45:00+00:00,8213,3.100000000131331,2.707071495309332,0,0,0
2025-10-07 12:00:00+00:00,8213,2.899999999954161,2.7424645500437794,0,0,0
2025-10-07 12:15:00+00:00,8213,2.7000000000043656,2.6851642210663407,0,0,0
2025-10-07 12:30:00+00:00,8213,3.000000000156433,2.663256881883275,0,0,0
2025-10-07 12:45:00+00:00,8213,2.79999999975189,2.6571360201374743,0,0,0
2025-10-07 13:00:00+00:00,8213,2.900000000181535,2.633467960724881,0,0,0
2025-10-07 13:15:00+00:00,8213,2.7000000000043656,2.568293128240193,0,0,0
2025-10-07 13:30:00+00:00,8213,2.5000000000545697,2.50030703994699,0,0,0
2025-10-07 13:45:00+00:00,8213,2.499999999827196,2.366600557606444,0,0,0
2025-10-07 14:00:00+00:00,8213,2.300000000104774,2.221357373688945,0,0,0
2025-10-07 14:15:00+00:00,8213,2.499999999827196,2.261815332094017,0,0,0
2025-10-07 14:30:00+00:00,8213,2.400000000079672,2.303125076981243,0,0,0
2025-10-07 14:45:00+00:00,8213,2.400000000079672,2.2618616343668627,0,0,0
2025-10-07 15:00:00+00:00,8213,2.400000000079672,2.223827564228198,0,0,0
2025-10-07 15:15:00+00:00,8213,2.399999999852298,2.2014985691438924,0,0,0
2025-10-07 15:30:00+00:00,8213,2.100000000154978,2.219841639889023,0,0,0
2025-10-07 15:45:00+00:00,8213,2.2999999998774,2.1691599058554525,0,0,0
2025-10-07 16:00:00+00:00,8213,2.200000000129876,2.1102661422794107,0,0,0
2025-10-07 16:15:00+00:00,8213,2.399999999852298,2.113774237553235,0,0,0
2025-10-07 16:30:00+00:00,8213,2.7000000000043656,2.14413161165041,0,0,0
2025-10-07 16:45:00+00:00,8213,2.600000000029468,2.186851465307006,0,0,0
2025-10-07 17:00:00+00:00,8213,2.899999999954161,2.1845594053910555,0,0,0
2025-10-07 17:15:00+00:00,8213,2.600000000029468,2.252664983420633,0,0,0
2025-10-07 17:30:00+00:00,8213,2.600000000029468,2.3271885565051327,0,0,0
2025-10-07 17:45:00+00:00,8213,2.7000000000043656,2.3741396456308808,0,0,0
2025-10-07 18:00:00+00:00,8213,2.600000000029468,2.4064317468861787,0,0,0
2025-10-07 18:15:00+00:00,8213,2.599999999802094,2.4580704703219705,0,0,0
2025-10-07 18:30:00+00:00,8213,2.800000000206637,2.514646392772637,0,0,0
2025-10-07 18:45:00+00:00,8213,2.899999999954161,2.5245267003491305,0,0,0
2025-10-07 19:00:00+00:00,8213,2.7999999999792635,2.5389878807538206,0,0,0
2025-10-07 19:15:00+00:00,8213,2.7999999999792635,2.5607157255720274,0,0,0
2025-10-07 19:30:00+00:00,8213,2.7000000000043656,2.622259433812477,0,0,0
2025-10-07 19:45:00+00:00,8213,2.400000000079672,2.625153098575046,0,0,0
2025-10-07 20:00:00+00:00,8213,2.899999999954161,2.581554086195057,0,0,0
2025-10-07 20:15:00+00:00,8213,2.899999999954161,2.4461849431368994,0,0,0
2025-10-07 20:30:00+00:00,8213,2.7000000000043656,2.4684938067982287,0,0,0
2025-10-07 20:45:00+00:00,8213,2.7000000000043656,2.5302060994710858,0,0,0
2025-10-07 21:00:00+00:00,8213,2.600000000029468,2.490368351243865,0,0,0
2025-10-07 21:15:00+00:00,8213,2.7999999999792635,2.347869177688133,0,0,0
2025-10-07 21:30:00+00:00,8213,2.9999999999290594,2.3015208948003734,0,0,0
2025-10-07 21:45:00+00:00,8213,2.7000000000043656,2.1653666911862186,0,0,0
2025-10-07 22:00:00+00:00,8213,2.600000000029468,1.621514611042398,0,0,0
2025-10-07 22:15:00+00:00,8213,0.0,0.6791525384051356,0,0,0
2025-10-07 22:30:00+00:00,8213,0.0,-0.0297685081735481,0,0,0
2025-10-07 22:45:00+00:00,8213,0.0,0.0240665535089463,0,0,0
2025-10-07 23:00:00+00:00,8213,0.0,0.0430778900867749,0,0,0
2025-10-07 23:15:00+00:00,8213,0.0,0.0540171754518907,0,0,0
2025-10-07 23:30:00+00:00,8213,0.0,0.0611247366838216,0,0,0
2025-10-07 23:45:00+00:00,8213,0.0,0.0392878574811728,0,0,0
2025-10-08 00:00:00+00:00,8213,0.0,0.0329474982848574,0,0,0
2025-10-08 00:15:00+00:00,8213,0.0,0.0263814073909123,0,0,0
2025-10-08 00:30:00+00:00,8213,0.0,0.0261128152443652,0,0,0
2025-10-08 00:45:00+00:00,8213,0.0,0.0272060164520469,0,0,0
2025-10-08 01:00:00+00:00,8213,0.0,0.0244689222081737,0,0,0
2025-10-08 01:15:00+00:00,8213,0.0,0.0270131444319201,0,0,0
2025-10-08 01:30:00+00:00,8213,0.0,0.0289125117196868,0,0,0
2025-10-08 01:45:00+00:00,8213,0.0,0.0336971665004612,0,0,0
2025-10-08 02:00:00+00:00,8213,0.0,0.0382237494266957,0,0,0
2025-10-08 06:45:00+00:00,8213,3.300000000081127,0.0409418811689266,0,0,0
2025-10-08 07:00:00+00:00,8213,3.399999999828651,4.842212229306815,0,0,0
2025-10-08 07:15:00+00:00,8213,3.300000000081127,3.5951043447701085,0,0,0
2025-10-08 07:30:00+00:00,8213,3.2999999998537533,3.0915826482557582,0,0,0
2025-10-08 07:45:00+00:00,8213,3.200000000106229,3.36365116685028,0,0,0
2025-10-08 08:00:00+00:00,8213,3.199999999878856,3.1183418551963085,0,0,0
2025-10-08 08:15:00+00:00,8213,3.5000000002582965,3.1484311891375665,0,0,0
2025-10-08 08:30:00+00:00,8213,3.6000000000058208,3.1312511626498303,0,0,0
2025-10-08 08:45:00+00:00,8213,3.199999999878856,3.0716992963626897,0,0,0
2025-10-08 09:00:00+00:00,8213,2.9999999999290594,3.008262195321292,0,0,0
2025-10-08 09:15:00+00:00,8213,2.9999999999290594,2.8741904250638384,0,0,0
2025-10-08 09:30:00+00:00,8213,2.900000000181535,2.7603359935006364,0,0,0
2025-10-08 09:45:00+00:00,8213,2.600000000029468,2.722780953818694,0,0,0
2025-10-08 10:00:00+00:00,8213,2.699999999776992,2.6533918352241987,0,0,0
2025-10-08 10:15:00+00:00,8213,2.800000000206637,2.6080300894723845,0,0,0
2025-10-08 10:30:00+00:00,8213,3.6000000000058208,2.581765336256159,0,0,0
2025-10-08 10:45:00+00:00,8213,3.7999999999556167,2.663318185313241,0,0,0
2025-10-08 11:00:00+00:00,8213,3.7999999999556167,2.79525401159292,0,0,0
2025-10-08 11:15:00+00:00,8213,3.500000000030923,3.093578516493662,0,0,0
2025-10-08 11:30:00+00:00,8213,2.7000000000043656,2.9453195480042185,0,0,0
2025-10-08 11:45:00+00:00,8213,2.600000000029468,2.784327519422405,0,0,0
2025-10-08 12:00:00+00:00,8213,2.400000000079672,2.486441424962025,0,0,0
2025-10-08 12:15:00+00:00,8213,2.199999999902502,2.318342159848652,0,0,0
2025-10-08 12:30:00+00:00,8213,2.499999999827196,2.5014580378206355,0,0,0
2025-10-08 12:45:00+00:00,8213,2.400000000079672,2.2806545450054,0,0,0
2025-10-08 13:00:00+00:00,8213,2.099999999927604,2.1897901335409378,0,0,0
2025-10-08 13:15:00+00:00,8213,2.5000000000545697,2.133440981829087,0,0,0
2025-10-08 13:30:00+00:00,8213,2.100000000154978,2.1212326375355817,0,0,0
2025-10-08 13:45:00+00:00,8213,2.099999999927604,2.0950499036329653,0,0,0
2025-10-08 14:00:00+00:00,8213,2.099999999927604,2.0540018023043567,0,0,0
2025-10-08 14:15:00+00:00,8213,1.9999999999527065,2.0249817066834312,0,0,0
2025-10-08 14:30:00+00:00,8213,2.300000000104774,2.085472314211967,0,0,0
2025-10-08 14:45:00+00:00,8213,2.400000000079672,2.0884853063607247,0,0,0
2025-10-08 15:00:00+00:00,8213,2.099999999927604,2.036942304594181,0,0,0
2025-10-08 15:15:00+00:00,8213,1.8999999999778083,2.0257624162544627,0,0,0
2025-10-08 15:30:00+00:00,8213,1.8999999999778083,2.006016737318522,0,0,0
2025-10-08 15:45:00+00:00,8213,2.00000000018008,1.9786778265713496,0,0,0
2025-10-08 16:00:00+00:00,8213,2.199999999902502,1.9341804819110848,0,0,0
2025-10-08 16:15:00+00:00,8213,2.300000000104774,1.9956671565314417,0,0,0
2025-10-08 16:30:00+00:00,8213,2.499999999827196,2.08171147216968,0,0,0
2025-10-08 16:45:00+00:00,8213,2.600000000029468,2.1034978929347403,0,0,0
2025-10-08 17:00:00+00:00,8213,2.600000000029468,2.1094610152405115,0,0,0
2025-10-08 17:15:00+00:00,8213,2.300000000104774,2.167979230367936,0,0,0
2025-10-08 17:30:00+00:00,8213,2.199999999902502,2.229722272165888,0,0,0
2025-10-08 17:45:00+00:00,8213,2.300000000104774,2.263659792549119,0,0,0
2025-10-08 18:00:00+00:00,8213,2.599999999802094,2.286088665467416,0,0,0
2025-10-08 18:15:00+00:00,8213,2.5000000000545697,2.337331611621503,0,0,0
2025-10-08 18:30:00+00:00,8213,2.7999999999792635,2.407142061416868,0,0,0
2025-10-08 18:45:00+00:00,8213,2.7000000000043656,2.426280420779669,0,0,0
2025-10-08 19:00:00+00:00,8213,2.7999999999792635,2.422486686589842,0,0,0
2025-10-08 19:15:00+00:00,8213,2.7999999999792635,2.4455993784885885,0,0,0
2025-10-08 19:30:00+00:00,8213,2.600000000029468,2.5272762630872343,0,0,0
2025-10-08 19:45:00+00:00,8213,2.7000000000043656,2.5340443176116825,0,0,0
2025-10-08 20:00:00+00:00,8213,2.7999999999792635,2.534598516204195,0,0,0
2025-10-08 20:15:00+00:00,8213,2.7999999999792635,2.4274973328285427,0,0,0
2025-10-08 20:30:00+00:00,8213,2.899999999954161,2.487740745964953,0,0,0
2025-10-08 20:45:00+00:00,8213,2.7000000000043656,2.5229520983720217,0,0,0
2025-10-08 21:00:00+00:00,8213,2.900000000181535,2.519444879789198,0,0,0
2025-10-08 21:15:00+00:00,8213,2.899999999954161,2.3883456764843656,0,0,0
2025-10-08 21:30:00+00:00,8213,2.9999999999290594,2.338077253552512,0,0,0
2025-10-08 21:45:00+00:00,8213,2.900000000181535,2.2557461626472137,0,0,0
2025-10-08 22:00:00+00:00,8213,2.7000000000043656,1.8781646026596013,0,0,0
2025-10-08 22:15:00+00:00,8213,0.0,0.9199794263832723,0,0,0
2025-10-08 22:30:00+00:00,8213,0.0,-0.0086737641379057,0,0,0
2025-10-08 22:45:00+00:00,8213,0.0,0.0149411742940597,0,0,0
2025-10-08 23:00:00+00:00,8213,0.0,0.0441036834975232,0,0,0
2025-10-08 23:15:00+00:00,8213,0.0,0.0478902093391231,0,0,0
2025-10-08 23:30:00+00:00,8213,0.0,0.0662595483442336,0,0,0
2025-10-08 23:45:00+00:00,8213,0.0,0.0472987351440676,0,0,0
2025-10-09 00:00:00+00:00,8213,0.0,0.0304280831694239,0,0,0
2025-10-09 00:15:00+00:00,8213,0.0,0.0270595116448393,0,0,0
2025-10-09 00:30:00+00:00,8213,0.0,0.0253115846099127,0,0,0
2025-10-09 00:45:00+00:00,8213,0.0,0.0197572600707065,0,0,0
2025-10-09 01:00:00+00:00,8213,0.0,0.0240665535089463,0,0,0
2025-10-09 01:15:00+00:00,8213,0.0,0.0258134415026871,0,0,0
2025-10-09 01:30:00+00:00,8213,0.0,0.0260065732831102,0,0,0
2025-10-09 01:45:00+00:00,8213,0.0,0.0334920857464007,0,0,0
2025-10-09 02:00:00+00:00,8213,0.0,0.0419813119952394,0,0,0
2025-10-09 02:15:00+00:00,8213,0.0,0.0438953557397567,0,0,0
2025-10-09 02:30:00+00:00,8213,0.0,0.0445660568252346,0,0,0
2025-10-09 02:45:00+00:00,8213,0.0,0.0575631632589621,0,0,0
2025-10-09 03:00:00+00:00,8213,0.0,0.0802868641137493,0,0,0
2025-10-09 03:15:00+00:00,8213,0.0,0.0983872213318681,0,0,0
2025-10-09 03:30:00+00:00,8213,0.0,0.093586071772268,0,0,0
2025-10-09 03:45:00+00:00,8213,2.2999999998774,0.1183140830745947,0,0,0
2025-10-09 04:00:00+00:00,8213,9.900000000016009,6.101642882547621,0,0,0
2025-10-09 04:15:00+00:00,8213,5.499999999983629,5.474311895688489,0,0,0
2025-10-09 04:30:00+00:00,8213,3.7999999999556167,3.9215386153328073,0,0,0
2025-10-09 04:45:00+00:00,8213,3.200000000106229,3.271441326930268,0,0,0
2025-10-09 05:00:00+00:00,8213,3.400000000056025,3.4361842941930645,0,0,0
2025-10-09 05:15:00+00:00,8213,3.2999999998537533,3.46226305903702,0,0,0
2025-10-09 05:30:00+00:00,8213,3.300000000081127,3.367072339834899,0,0,0
2025-10-09 05:45:00+00:00,8213,3.400000000056025,3.2989555271725,0,0,0
2025-10-09 06:00:00+00:00,8213,3.6000000000058208,3.313844727605693,0,0,0
2025-10-09 06:15:00+00:00,8213,3.499999999803549,3.289121521868851,0,0,0
2025-10-09 06:30:00+00:00,8213,3.500000000030923,3.289121002348258,0,0,0
2025-10-09 06:45:00+00:00,8213,3.6000000000058208,3.325770322816494,0,0,0
2025-10-09 07:00:00+00:00,8213,3.6000000000058208,3.4142920860472685,0,0,0
2025-10-09 07:15:00+00:00,8213,3.6000000000058208,3.3777842050604585,0,0,0
2025-10-09 07:30:00+00:00,8213,3.500000000030923,3.3956648050677662,0,0,0
2025-10-09 07:45:00+00:00,8213,3.2999999998537533,3.412443761657757,0,0,0
2025-10-09 08:00:00+00:00,8213,3.6000000000058208,3.366668802214338,0,0,0
2025-10-09 08:15:00+00:00,8213,3.5000000002582965,3.318165840137422,0,0,0
2025-10-09 08:30:00+00:00,8213,3.199999999878856,3.168479099178447,0,0,0
2025-10-09 08:45:00+00:00,8213,3.500000000030923,3.115303439008533,0,0,0
2025-10-09 09:00:00+00:00,8213,3.6000000000058208,3.1986322042724877,0,0,0
2025-10-09 09:15:00+00:00,8213,3.399999999828651,3.228723616296117,0,0,0
2025-10-09 09:30:00+00:00,8213,3.300000000081127,3.208671420210345,0,0,0
2025-10-09 09:45:00+00:00,8213,3.400000000056025,3.1815453018510347,0,0,0
2025-10-09 10:00:00+00:00,8213,3.0999999999039574,3.168099849145605,0,0,0
2025-10-09 10:15:00+00:00,8213,2.899999999954161,3.0943111704098474,0,0,0
2025-10-09 10:30:00+00:00,8213,3.100000000131331,2.8338635481983703,0,0,0
2025-10-09 10:45:00+00:00,8213,3.100000000131331,2.7101710201068503,0,0,0
2025-10-09 11:00:00+00:00,8213,2.899999999726788,2.6297817023577177,0,0,0
2025-10-09 11:15:00+00:00,8213,2.900000000181535,2.530521578351145,0,0,0
2025-10-09 11:30:00+00:00,8213,2.600000000029468,2.4660820623256807,0,0,0
2025-10-09 11:45:00+00:00,8213,2.399999999852298,2.368310884338457,0,0,0
2025-10-09 12:00:00+00:00,8213,2.800000000206637,2.3280172567909365,0,0,0
2025-10-09 12:15:00+00:00,8213,2.599999999802094,2.316214008679772,0,0,0
2025-10-09 12:30:00+00:00,8213,2.600000000029468,2.312439431811809,0,0,0
2025-10-09 12:45:00+00:00,8213,2.400000000079672,2.2713790892792294,0,0,0
2025-10-09 13:00:00+00:00,8213,2.499999999827196,2.2768304838009605,0,0,0
2025-10-09 13:15:00+00:00,8213,2.5000000000545697,2.2835672372096845,0,0,0
2025-10-09 13:30:00+00:00,8213,2.600000000029468,2.323461970351943,0,0,0
2025-10-09 13:45:00+00:00,8213,2.900000000181535,2.351102543978406,0,0,0
2025-10-09 14:00:00+00:00,8213,2.599999999802094,2.398019214864872,0,0,0
2025-10-09 14:15:00+00:00,8213,2.600000000029468,2.392890442631353,0,0,0
2025-10-09 14:30:00+00:00,8213,2.7999999999792635,2.431246972708045,0,0,0
2025-10-09 14:45:00+00:00,8213,2.7999999999792635,2.449429479119921,0,0,0
2025-10-09 15:00:00+00:00,8213,2.7000000000043656,2.4637977302785496,0,0,0
2025-10-09 15:15:00+00:00,8213,2.400000000079672,2.4784189230258638,0,0,0
2025-10-09 15:30:00+00:00,8213,2.600000000029468,2.495039945355602,0,0,0
2025-10-09 15:45:00+00:00,8213,2.399999999852298,2.488399887717238,0,0,0
2025-10-09 16:00:00+00:00,8213,2.5000000000545697,2.4088289447821247,0,0,0
2025-10-09 16:15:00+00:00,8213,2.600000000029468,2.412602482608901,0,0,0
2025-10-09 16:30:00+00:00,8213,3.200000000106229,2.528487979930179,0,0,0
2025-10-09 16:45:00+00:00,8213,2.899999999954161,2.559415755168358,0,0,0
2025-10-09 17:00:00+00:00,8213,2.899999999954161,2.4993683961157065,0,0,0
2025-10-09 17:15:00+00:00,8213,2.7999999999792635,2.492519945779501,0,0,0
2025-10-09 17:30:00+00:00,8213,2.600000000029468,2.543611678971008,0,0,0
2025-10-09 17:45:00+00:00,8213,2.7000000000043656,2.5441028856916272,0,0,0
2025-10-09 18:00:00+00:00,8213,2.7999999999792635,2.5338305998277644,0,0,0
2025-10-09 18:15:00+00:00,8213,3.0999999999039574,2.6029792453278056,0,0,0
2025-10-09 18:30:00+00:00,8213,3.000000000156433,2.7250990547043656,0,0,0
2025-10-09 18:45:00+00:00,8213,3.0999999999039574,2.7389254458845644,0,0,0
2025-10-09 19:00:00+00:00,8213,3.200000000106229,2.7561759972927917,0,0,0
2025-10-09 19:15:00+00:00,8213,3.300000000081127,2.823435600976849,0,0,0
2025-10-09 19:30:00+00:00,8213,3.399999999828651,2.9262676888201407,0,0,0
2025-10-09 19:45:00+00:00,8213,3.200000000106229,2.9625213943568576,0,0,0
2025-10-09 20:00:00+00:00,8213,2.7999999999792635,2.9325170020325446,0,0,0
2025-10-09 20:15:00+00:00,8213,3.0999999999039574,2.738460410013814,0,0,0
2025-10-09 20:30:00+00:00,8213,2.9999999999290594,2.766834806477797,0,0,0
2025-10-09 20:45:00+00:00,8213,3.100000000131331,2.83626269429654,0,0,0
2025-10-09 21:00:00+00:00,8213,3.400000000056025,2.8487809326237308,0,0,0
2025-10-09 21:15:00+00:00,8213,3.400000000056025,2.729586998286501,0,0,0
2025-10-09 21:30:00+00:00,8213,3.199999999878856,2.688736509603429,0,0,0
2025-10-09 22:00:00+00:00,8213,3.100000000131331,2.5559932833822567,0,0,0
2025-10-09 22:15:00+00:00,8213,0.0,1.0778099123967853,0,0,0
2025-10-09 22:30:00+00:00,8213,0.0,0.0080529806324953,0,0,0
2025-10-09 22:45:00+00:00,8213,0.0,0.0128259461999287,0,0,0
2025-10-09 23:00:00+00:00,8213,0.0,0.0333309044824428,0,0,0
2025-10-09 23:15:00+00:00,8213,0.0,0.0666502278301199,0,0,0
2025-10-09 23:30:00+00:00,8213,0.0,0.0696864360553748,0,0,0
2025-10-09 23:45:00+00:00,8213,0.0,0.0536235087225951,0,0,0
2025-10-10 00:00:00+00:00,8213,0.0,0.0347691972439807,0,0,0
2025-10-10 00:15:00+00:00,8213,0.0,0.0301223453004821,0,0,0
2025-10-10 00:30:00+00:00,8213,0.0,0.0288601700199488,0,0,0
2025-10-10 00:45:00+00:00,8213,0.0,0.0271174381909515,0,0,0
2025-10-10 01:00:00+00:00,8213,0.0,0.0362050222827021,0,0,0
2025-10-10 01:15:00+00:00,8213,0.0,0.0393273410462358,0,0,0
2025-10-10 01:30:00+00:00,8213,0.0,0.0406761463856408,0,0,0
2025-10-10 01:45:00+00:00,8213,0.0,0.0479094316010617,0,0,0
2025-10-10 02:00:00+00:00,8213,0.0,0.0577894144771851,0,0,0
2025-10-10 02:15:00+00:00,8213,0.0,0.0610856427592032,0,0,0
2025-10-10 02:30:00+00:00,8213,0.0,0.0625873170330792,0,0,0
2025-10-10 02:45:00+00:00,8213,0.0,0.0797085078136654,0,0,0
2025-10-10 03:00:00+00:00,8213,0.0,0.1115865511563953,0,0,0
2025-10-10 03:15:00+00:00,8213,0.0,0.1438487799776,0,0,0
2025-10-10 03:30:00+00:00,8213,0.0,0.1306711401378277,0,0,0
2025-10-10 03:45:00+00:00,8213,2.2999999998774,0.1561932386664541,0,0,0
2025-10-10 04:00:00+00:00,8213,10.300000000142973,6.763346390876455,0,0,0
2025-10-10 04:15:00+00:00,8213,6.399999999985084,6.25523498968383,0,0,0
2025-10-10 04:30:00+00:00,8213,3.400000000056025,4.808927064438123,0,0,0
2025-10-10 04:45:00+00:00,8213,3.699999999980719,3.705979130912611,0,0,0
2025-10-10 05:00:00+00:00,8213,3.399999999828651,3.657325767624041,0,0,0
2025-10-10 05:15:00+00:00,8213,3.5000000002582965,3.590832197054264,0,0,0
2025-10-10 05:30:00+00:00,8213,3.399999999828651,3.451599898867048,0,0,0
2025-10-10 05:45:00+00:00,8213,3.500000000030923,3.3590071722700428,0,0,0
2025-10-10 06:00:00+00:00,8213,3.300000000081127,3.341648690458634,0,0,0
2025-10-10 06:15:00+00:00,8213,3.499999999803549,3.317272524477872,0,0,0
2025-10-10 06:30:00+00:00,8213,3.200000000106229,3.2648141923666527,0,0,0
2025-10-10 06:45:00+00:00,8213,3.199999999878856,3.240300613189059,0,0,0
2025-10-10 07:00:00+00:00,8213,3.300000000081127,3.289694293322561,0,0,0
2025-10-10 07:15:00+00:00,8213,3.300000000081127,3.2265533190191347,0,0,0
2025-10-10 07:30:00+00:00,8213,3.399999999828651,3.2135169887806407,0,0,0
2025-10-10 07:45:00+00:00,8213,3.500000000030923,3.2469447620520926,0,0,0
2025-10-10 08:00:00+00:00,8213,3.300000000081127,3.2395623744265,0,0,0
2025-10-10 08:15:00+00:00,8213,3.300000000081127,3.184402145591579,0,0,0
2025-10-10 08:30:00+00:00,8213,3.500000000030923,2.941112859883083,0,0,0
2025-10-10 08:45:00+00:00,8213,3.199999999878856,2.965670078790483,0,0,0
2025-10-10 09:00:00+00:00,8213,3.300000000081127,3.075484263642511,0,0,0
2025-10-10 09:15:00+00:00,8213,3.8999999999305146,3.001079303603385,0,0,0
2025-10-10 09:30:00+00:00,8213,3.500000000030923,2.9807759193109296,0,0,0
2025-10-10 09:45:00+00:00,8213,3.2999999998537533,2.89072299901263,0,0,0
2025-10-10 10:00:00+00:00,8213,2.800000000206637,2.7891826991236703,0,0,0
2025-10-10 10:15:00+00:00,8213,2.7000000000043656,2.653534118926588,0,0,0
2025-10-10 10:30:00+00:00,8213,2.7000000000043656,2.543513879219388,0,0,0
2025-10-10 10:45:00+00:00,8213,2.599999999802094,2.521164752712106,0,0,0
2025-10-10 11:00:00+00:00,8213,2.900000000181535,2.5292479736175677,0,0,0
2025-10-10 11:15:00+00:00,8213,2.400000000079672,2.532531603525207,0,0,0
2025-10-10 11:30:00+00:00,8213,2.599999999802094,2.4370013126755303,0,0,0
2025-10-10 11:45:00+00:00,8213,2.200000000129876,2.367621870152078,0,0,0
2025-10-10 12:00:00+00:00,8213,2.599999999802094,2.250018188349819,0,0,0
2025-10-10 12:15:00+00:00,8213,2.200000000129876,2.2292501578270585,0,0,0
2025-10-10 12:30:00+00:00,8213,2.2999999998774,2.147227986854334,0,0,0
2025-10-10 12:45:00+00:00,8213,2.300000000104774,2.0580156184053653,0,0,0
2025-10-10 13:00:00+00:00,8213,2.2999999998774,2.000127224586762,0,0,0
2025-10-10 13:15:00+00:00,8213,2.200000000129876,1.9166004245667896,0,0,0
2025-10-10 13:30:00+00:00,8213,2.2999999998774,1.8989964368051824,0,0,0
2025-10-10 13:45:00+00:00,8213,1.8000000000029104,1.8763086478113813,0,0,0
2025-10-10 14:00:00+00:00,8213,1.900000000205182,1.8514158429534744,0,0,0
2025-10-10 14:15:00+00:00,8213,1.9999999999527065,1.816210229625456,0,0,0
2025-10-10 14:30:00+00:00,8213,1.9999999999527065,1.829252526233259,0,0,0
2025-10-10 14:45:00+00:00,8213,1.7000000000280124,1.8159780201554323,0,0,0
2025-10-10 15:00:00+00:00,8213,0.0,1.738723747394983,0,0,0
2025-10-10 15:15:00+00:00,8213,0.0,1.3936100185326064,0,0,0
2025-10-10 15:30:00+00:00,8213,0.0,0.8318897744056712,0,0,0
2025-10-10 15:45:00+00:00,8213,0.0,0.2333765948365909,0,0,0
2025-10-10 16:00:00+00:00,8213,0.0,0.1552709597338479,0,0,0
2025-10-10 16:15:00+00:00,8213,0.0,0.1152269618312324,0,0,0
2025-10-10 16:30:00+00:00,8213,0.0,0.1147630299417423,0,0,0
2025-10-10 16:45:00+00:00,8213,0.0,0.0701771232554009,0,0,0
2025-10-10 17:00:00+00:00,8213,0.0,0.0487926166090495,0,0,0
2025-10-10 17:15:00+00:00,8213,0.0,0.0450389504449528,0,0,0
2025-10-10 17:30:00+00:00,8213,0.0,0.0484740206054328,0,0,0
2025-10-10 17:45:00+00:00,8213,0.0,0.0456804284970782,0,0,0
2025-10-10 18:00:00+00:00,8213,0.8000000000265572,0.0414252950806517,0,0,0
2025-10-10 18:15:00+00:00,8213,6.099999999833017,0.0384148031247473,0,0,0
2025-10-10 18:30:00+00:00,8213,3.100000000131331,4.2241585814360025,0,0,0
2025-10-10 18:45:00+00:00,8213,3.199999999878856,2.392819982650936,0,0,0
2025-10-10 19:00:00+00:00,8213,2.900000000181535,2.0869736637854723,0,0,0
2025-10-10 19:15:00+00:00,8213,2.9999999999290594,2.263897505690423,0,0,0
2025-10-10 19:30:00+00:00,8213,3.100000000131331,2.4554285132866784,0,0,0
2025-10-10 19:45:00+00:00,8213,3.199999999878856,2.540579497030348,0,0,0
2025-10-10 20:00:00+00:00,8213,3.699999999980719,2.612425688269125,0,0,0
2025-10-10 20:15:00+00:00,8213,3.500000000030923,2.6749002475319648,0,0,0
2025-10-10 20:30:00+00:00,8213,3.999999999905413,2.636058030640954,0,0,0
2025-10-10 20:45:00+00:00,8213,3.7999999999556167,2.723805513368034,0,0,0
2025-10-10 21:00:00+00:00,8213,4.100000000107684,2.8408178508553856,0,0,0
2025-10-10 21:15:00+00:00,8213,4.200000000082582,2.9171652983914917,0,0,0
2025-10-10 21:30:00+00:00,8213,4.399999999805004,2.995130662934142,0,0,0
2025-10-10 21:45:00+00:00,8213,4.400000000259752,3.042706930153412,0,0,0
2025-10-10 22:00:00+00:00,8213,3.7999999999556167,3.082467399692433,0,0,0
2025-10-10 22:15:00+00:00,8213,0.0,2.679961027507884,0,0,0
2025-10-10 22:30:00+00:00,8213,0.0,-0.0211049827657798,0,0,0
2025-10-10 22:45:00+00:00,8213,0.0,0.0163669985613672,0,0,0
2025-10-10 23:00:00+00:00,8213,0.0,0.0420354720170528,0,0,0
2025-10-10 23:15:00+00:00,8213,0.0,0.0813820135236542,0,0,0
2025-10-10 23:30:00+00:00,8213,0.0,0.1106721949128315,0,0,0
2025-10-10 23:45:00+00:00,8213,0.0,0.0946997940433704,0,0,0
2025-10-11 00:00:00+00:00,8213,0.0,0.0393731887385622,0,0,0
2025-10-11 00:15:00+00:00,8213,0.0,0.0253070388047247,0,0,0
2025-10-11 00:30:00+00:00,8213,0.0,0.0272658912003824,0,0,0
2025-10-11 00:45:00+00:00,8213,0.0,0.0367944183953858,0,0,0
2025-10-11 01:00:00+00:00,8213,0.0,0.0317840319169817,0,0,0
2025-10-11 01:15:00+00:00,8213,0.0,0.0338612051276803,0,0,0
2025-10-11 01:30:00+00:00,8213,0.0,0.0300215583054528,0,0,0
2025-10-11 01:45:00+00:00,8213,0.0,0.0309194197701911,0,0,0
2025-10-11 02:00:00+00:00,8213,0.0,0.0302110534417257,0,0,0
2025-10-11 03:45:00+00:00,8213,0.0,0.0281919366572873,0,0,0
2025-10-11 04:00:00+00:00,8213,0.0,0.0277968412463611,0,0,0
2025-10-11 04:15:00+00:00,8213,0.0,0.028148946328222,0,0,0
2025-10-11 04:30:00+00:00,8213,0.0,0.0327622891934764,0,0,0
2025-10-11 04:45:00+00:00,8213,0.0,0.0435183136694348,0,0,0
2025-10-11 05:00:00+00:00,8213,0.0,0.0539597684263717,0,0,0
2025-10-11 05:15:00+00:00,8213,0.0,0.0608714703947663,0,0,0
2025-10-11 05:30:00+00:00,8213,0.0,0.0624731523827819,0,0,0
2025-10-11 05:45:00+00:00,8213,0.0,0.0688715680053577,0,0,0
2025-10-11 06:00:00+00:00,8213,0.0,0.0933254023147633,0,0,0
2025-10-11 06:15:00+00:00,8213,0.0,0.117890414031057,0,0,0
2025-10-11 06:30:00+00:00,8213,0.0,0.1012954976111129,0,0,0
2025-10-11 06:45:00+00:00,8213,0.0,0.0894397779200615,0,0,0
2025-10-11 07:00:00+00:00,8213,0.0,0.1071997192696603,0,0,0
2025-10-11 07:15:00+00:00,8213,0.0,0.0895782301580783,0,0,0
2025-10-11 07:30:00+00:00,8213,0.0,0.0823442955419164,0,0,0
2025-10-11 07:45:00+00:00,8213,0.0,0.091221084153084,0,0,0
2025-10-11 08:00:00+00:00,8213,0.0,0.0828422560302437,0,0,0
2025-10-11 08:15:00+00:00,8213,0.0,0.0938384289002858,0,0,0
2025-10-11 08:30:00+00:00,8213,0.0,0.1083179873459507,0,0,0
2025-10-11 08:45:00+00:00,8213,1.6999999998006388,0.1979187948482488,0,0,0
2025-10-11 09:00:00+00:00,8213,9.90000000024338,7.088454065605099,0,0,0
2025-10-11 09:15:00+00:00,8213,5.899999999883221,5.799747387911273,0,0,0
2025-10-11 09:30:00+00:00,8213,3.500000000030923,3.9675655422638,0,0,0
2025-10-11 09:45:00+00:00,8213,3.399999999828651,2.966963165546296,0,0,0
2025-10-11 10:00:00+00:00,8213,3.6000000000058208,2.9540265832616446,0,0,0
2025-10-11 10:15:00+00:00,8213,2.7000000000043656,2.8370941870055306,0,0,0
2025-10-11 10:30:00+00:00,8213,3.5000000002582965,2.6782778457268512,0,0,0
2025-10-11 10:45:00+00:00,8213,3.2999999998537533,2.6635335265990125,0,0,0
2025-10-11 11:00:00+00:00,8213,2.9999999999290594,2.701854014934569,0,0,0
2025-10-11 11:15:00+00:00,8213,3.100000000131331,2.527110276257792,0,0,0
2025-10-11 11:30:00+00:00,8213,2.899999999954161,2.408025246424856,0,0,0
2025-10-11 11:45:00+00:00,8213,3.100000000131331,2.411007684268742,0,0,0
2025-10-11 12:00:00+00:00,8213,2.9999999999290594,2.4731035779594066,0,0,0
2025-10-11 12:15:00+00:00,8213,2.9999999999290594,2.428364477638224,0,0,0
2025-10-11 12:30:00+00:00,8213,2.9999999999290594,2.462703749789979,0,0,0
2025-10-11 12:45:00+00:00,8213,2.800000000206637,2.485370693019988,0,0,0
2025-10-11 13:00:00+00:00,8213,2.499999999827196,2.495610963427311,0,0,0
2025-10-11 13:15:00+00:00,8213,2.899999999954161,2.438439020976401,0,0,0
2025-10-11 13:30:00+00:00,8213,3.200000000106229,2.449089712652142,0,0,0
2025-10-11 13:45:00+00:00,8213,2.9999999999290594,2.558680114008764,0,0,0
2025-10-11 14:00:00+00:00,8213,2.7999999999792635,2.554205677962045,0,0,0
2025-10-11 14:15:00+00:00,8213,2.400000000079672,2.569623555538623,0,0,0
2025-10-11 14:30:00+00:00,8213,2.600000000029468,2.580047995996141,0,0,0
2025-10-11 14:45:00+00:00,8213,2.899999999954161,2.5802656101845063,0,0,0
2025-10-11 15:00:00+00:00,8213,3.199999999878856,2.584300596749677,0,0,0
2025-10-11 15:15:00+00:00,8213,2.6000000002568413,2.6349091108496805,0,0,0
2025-10-11 15:30:00+00:00,8213,2.79999999975189,2.6369359555029384,0,0,0
2025-10-11 19:30:00+00:00,8213,2.900000000181535,2.610395791432384,0,0,0
2025-10-11 19:45:00+00:00,8213,2.7999999999792635,2.575183594804352,0,0,0
2025-10-11 20:00:00+00:00,8213,3.0999999999039574,2.7092365324403103,0,0,0
2025-10-11 20:15:00+00:00,8213,0.0,2.59675357030238,0,0,0
2025-10-11 20:30:00+00:00,8213,0.0,0.1141106419571653,0,0,0
2025-10-11 20:45:00+00:00,8213,0.0,0.0862597923707122,0,0,0
2025-10-11 21:00:00+00:00,8213,0.0,0.0579051376892609,0,0,0
2025-10-11 21:15:00+00:00,8213,0.0,0.0334858514992855,0,0,0
2025-10-11 21:30:00+00:00,8213,0.0,0.0323884941268604,0,0,0
2025-10-11 21:45:00+00:00,8213,0.0,0.0295100902817093,0,0,0
2025-10-11 22:00:00+00:00,8213,0.0,0.0224064254542255,0,0,0
2025-10-11 22:15:00+00:00,8213,0.0,0.0163781682541153,0,0,0
2025-10-11 22:30:00+00:00,8213,0.0,0.017888674378071,0,0,0
2025-10-11 22:45:00+00:00,8213,0.0,0.0254282169830264,0,0,0
2025-10-11 23:00:00+00:00,8213,0.0,0.0249094756709817,0,0,0
2025-10-11 23:15:00+00:00,8213,0.0,0.0217237753951102,0,0,0
2025-10-11 23:30:00+00:00,8213,0.0,0.0209298180489587,0,0,0
2025-10-11 23:45:00+00:00,8213,0.0,0.0215464889927714,0,0,0
2025-10-12 00:00:00+00:00,8213,0.0,0.0208042239456169,0,0,0
2025-10-12 00:15:00+00:00,8213,0.0,0.020788638327829,0,0,0
2025-10-12 00:30:00+00:00,8213,0.0,0.0203532800709502,0,0,0
2025-10-12 00:45:00+00:00,8213,0.0,0.0198428510883925,0,0,0
2025-10-12 01:00:00+00:00,8213,0.0,0.018937586455205,0,0,0
2025-10-12 01:15:00+00:00,8213,0.0,0.0184753430076418,0,0,0
2025-10-12 01:30:00+00:00,8213,0.0,0.0176187834300418,0,0,0
2025-10-12 01:45:00+00:00,8213,0.0,0.016919248951656,0,0,0
2025-10-12 02:00:00+00:00,8213,0.0,0.0168185918367751,0,0,0
2025-10-12 02:15:00+00:00,8213,0.0,0.0169766559771753,0,0,0
2025-10-12 02:30:00+00:00,8213,0.0,0.0166219532923497,0,0,0
2025-10-12 02:45:00+00:00,8213,0.0,0.0161639958896782,0,0,0
2025-10-12 03:00:00+00:00,8213,0.0,0.0182016855353137,0,0,0
2025-10-12 03:15:00+00:00,8213,0.0,0.0211959424726893,0,0,0
2025-10-12 03:30:00+00:00,8213,0.0,0.0176095619395173,0,0,0
2025-10-12 03:45:00+00:00,8213,0.0,0.0170838070994681,0,0,0
2025-10-12 04:00:00+00:00,8213,0.0,0.0231718091677657,0,0,0
2025-10-12 04:15:00+00:00,8213,0.0,0.0279134736194748,0,0,0
2025-10-12 06:45:00+00:00,8213,0.0,0.0242670884578188,0,0,0
2025-10-12 07:00:00+00:00,8213,0.0,0.033151929638177,0,0,0
2025-10-12 07:15:00+00:00,8213,0.0,0.0367464926206877,0,0,0
2025-10-12 07:30:00+00:00,8213,0.0,0.04043210158711,0,0,0
2025-10-12 07:45:00+00:00,8213,0.0,0.0841374208684282,0,0,0
2025-10-12 08:00:00+00:00,8213,0.0,0.0738353275105461,0,0,0
2025-10-12 08:15:00+00:00,8213,0.0,0.085672344460252,0,0,0
2025-10-12 08:30:00+00:00,8213,0.0,0.0916755347917532,0,0,0
2025-10-12 08:45:00+00:00,8213,1.3000000001284209,0.1046343265817519,0,0,0
2025-10-12 09:00:00+00:00,8213,10.69999999981519,4.630180289712641,0,0,0
2025-10-12 09:15:00+00:00,8213,5.700000000160799,6.007540558987698,0,0,0
2025-10-12 09:30:00+00:00,8213,3.6000000000058208,3.615087964137613,0,0,0
2025-10-12 09:45:00+00:00,8213,3.399999999828651,2.677964899509683,0,0,0
2025-10-12 10:00:00+00:00,8213,3.300000000081127,2.767375822235264,0,0,0
2025-10-12 10:15:00+00:00,8213,2.9999999999290594,2.723570365359657,0,0,0
2025-10-12 10:30:00+00:00,8213,2.7999999999792635,2.6591083151284742,0,0,0
2025-10-12 10:45:00+00:00,8213,3.500000000030923,2.617006561097321,0,0,0
2025-10-12 11:00:00+00:00,8213,3.100000000131331,2.673007049551239,0,0,0
2025-10-12 11:15:00+00:00,8213,3.200000000106229,2.5342171880889817,0,0,0
2025-10-12 11:30:00+00:00,8213,3.0999999999039574,2.449249465234469,0,0,0
2025-10-12 11:45:00+00:00,8213,3.2999999998537533,2.4919236660189616,0,0,0
2025-10-12 12:00:00+00:00,8213,3.100000000131331,2.484978454972323,0,0,0
2025-10-12 12:15:00+00:00,8213,3.2999999998537533,2.4649840555525144,0,0,0
2025-10-12 12:30:00+00:00,8213,2.7000000000043656,2.463776300054091,0,0,0
2025-10-12 12:45:00+00:00,8213,2.400000000079672,2.4796711624750567,0,0,0
2025-10-12 13:00:00+00:00,8213,2.5000000000545697,2.430595948465024,0,0,0
2025-10-12 13:15:00+00:00,8213,2.7999999999792635,2.354866990194806,0,0,0
2025-10-12 13:30:00+00:00,8213,2.899999999954161,2.3336017784646077,0,0,0
2025-10-12 13:45:00+00:00,8213,2.900000000181535,2.337400058459622,0,0,0
2025-10-12 14:00:00+00:00,8213,2.79999999975189,2.311440393711597,0,0,0
2025-10-12 14:15:00+00:00,8213,2.6000000002568413,2.300037338807176,0,0,0
2025-10-12 14:30:00+00:00,8213,3.0999999999039574,2.41756104690816,0,0,0
2025-10-12 14:45:00+00:00,8213,3.0999999999039574,2.497604883462992,0,0,0
2025-10-12 15:00:00+00:00,8213,2.600000000029468,2.474791890006294,0,0,0
2025-10-12 15:15:00+00:00,8213,2.7000000000043656,2.4347300335832966,0,0,0
2025-10-12 15:30:00+00:00,8213,2.600000000029468,2.473169037554116,0,0,0
2025-10-12 15:45:00+00:00,8213,2.7000000000043656,2.456083758634517,0,0,0
2025-10-12 16:00:00+00:00,8213,2.7000000000043656,2.4299416772182973,0,0,0
2025-10-12 16:15:00+00:00,8213,2.7000000000043656,2.422850480885044,0,0,0
2025-10-12 16:30:00+00:00,8213,2.9999999999290594,2.53476248989134,0,0,0
2025-10-12 16:45:00+00:00,8213,2.7000000000043656,2.563065971794387,0,0,0
2025-10-12 17:00:00+00:00,8213,2.600000000029468,2.5530213658303778,0,0,0
2025-10-12 17:15:00+00:00,8213,2.7000000000043656,2.572315971011504,0,0,0
2025-10-12 17:30:00+00:00,8213,2.7999999999792635,2.624188673534338,0,0,0
2025-10-12 17:45:00+00:00,8213,2.7000000000043656,2.6374559956164654,0,0,0
2025-10-12 18:00:00+00:00,8213,2.7000000000043656,2.597837679899685,0,0,0
2025-10-12 18:15:00+00:00,8213,2.899999999954161,2.572778669039585,0,0,0
2025-10-12 18:30:00+00:00,8213,2.9999999999290594,2.64063559152537,0,0,0
2025-10-12 18:45:00+00:00,8213,3.000000000156433,2.6008600558891533,0,0,0
2025-10-12 19:00:00+00:00,8213,2.899999999954161,2.5277417535385034,0,0,0
2025-10-12 19:15:00+00:00,8213,3.000000000156433,2.518916981926703,0,0,0
2025-10-12 19:30:00+00:00,8213,2.79999999975189,2.556457215271747,0,0,0
2025-10-12 19:45:00+00:00,8213,3.300000000081127,2.2539400817759154,0,0,0
2025-10-12 20:00:00+00:00,8213,3.0999999999039574,1.6761359671422982,0,0,0
2025-10-12 20:15:00+00:00,8213,0.0,0.6345597480709377,0,0,0
2025-10-12 20:30:00+00:00,8213,0.0,-0.0201990687318511,0,0,0
2025-10-12 20:45:00+00:00,8213,0.0,0.0042503496525145,0,0,0
2025-10-12 21:00:00+00:00,8213,0.0,0.0469775415374862,0,0,0
2025-10-12 21:15:00+00:00,8213,0.0,0.0536589660030628,0,0,0
2025-10-12 21:30:00+00:00,8213,0.0,0.0587853354538396,0,0,0
2025-10-12 21:45:00+00:00,8213,0.0,0.0350631160194332,0,0,0
2025-10-12 22:00:00+00:00,8213,0.0,0.021354915774127,0,0,0
2025-10-12 22:15:00+00:00,8213,0.0,0.013383391796147,0,0,0
2025-10-12 22:30:00+00:00,8213,0.0,0.0159996975021627,0,0,0
2025-10-12 22:45:00+00:00,8213,0.0,0.0203862696286014,0,0,0
2025-10-12 23:00:00+00:00,8213,0.0,0.0187458833564122,0,0,0
2025-10-12 23:15:00+00:00,8213,0.0,0.0160150233596545,0,0,0
2025-10-12 23:30:00+00:00,8213,0.0,0.0148222040782779,0,0,0
2025-10-12 23:45:00+00:00,8213,0.0,0.0141322807308614,0,0,0
2025-10-13 00:00:00+00:00,8213,0.0,0.0147494711952671,0,0,0
2025-10-13 00:15:00+00:00,8213,0.0,0.015874103398821,0,0,0
2025-10-13 00:30:00+00:00,8213,0.0,0.0149485774625091,0,0,0
2025-10-13 00:45:00+00:00,8213,0.0,0.0154567984825468,0,0,0
2025-10-13 01:00:00+00:00,8213,0.0,0.0153341916226144,0,0,0
2025-10-13 01:15:00+00:00,8213,0.0,0.0165774044015054,0,0,0
2025-10-13 01:30:00+00:00,8213,0.0,0.0247698545116308,0,0,0
2025-10-13 01:45:00+00:00,8213,0.0,0.0366875270333897,0,0,0
2025-10-13 02:00:00+00:00,8213,0.0,0.0462178725504685,0,0,0
2025-10-13 02:15:00+00:00,8213,0.0,0.0522221019231554,0,0,0
2025-10-13 02:30:00+00:00,8213,0.0,0.0470919659480799,0,0,0
2025-10-13 02:45:00+00:00,8213,0.0,0.0501914258055244,0,0,0
2025-10-13 03:00:00+00:00,8213,0.0,0.0605454712227,0,0,0
2025-10-13 03:15:00+00:00,8213,0.0,0.0738526015702611,0,0,0
2025-10-13 03:30:00+00:00,8213,0.0,0.0761642084485212,0,0,0
2025-10-13 03:45:00+00:00,8213,1.900000000205182,0.1042184503471082,0,0,0
2025-10-13 04:00:00+00:00,8213,9.000000000014552,6.1793636827711484,0,0,0
2025-10-13 04:15:00+00:00,8213,4.999999999881766,5.746639395298589,0,0,0
2025-10-13 04:30:00+00:00,8213,3.500000000030923,3.694152634254912,0,0,0
2025-10-13 04:45:00+00:00,8213,3.500000000030923,2.8931738374097966,0,0,0
2025-10-13 05:00:00+00:00,8213,3.699999999980719,3.3764365686423874,0,0,0
2025-10-13 05:15:00+00:00,8213,3.400000000056025,3.4837618602138165,0,0,0
2025-10-13 05:30:00+00:00,8213,3.2999999998537533,3.2544801484923047,0,0,0
2025-10-13 05:45:00+00:00,8213,3.7999999999556167,3.1447385666431398,0,0,0
2025-10-13 06:00:00+00:00,8213,4.000000000132786,3.1891353678336527,0,0,0
2025-10-13 06:15:00+00:00,8213,3.699999999980719,3.1891018587554085,0,0,0
2025-10-13 06:30:00+00:00,8213,3.400000000056025,3.1835900050246746,0,0,0
2025-10-13 06:45:00+00:00,8213,3.6000000000058208,3.183503245085655,0,0,0
2025-10-13 07:00:00+00:00,8213,3.699999999980719,3.271741999473428,0,0,0
2025-10-13 07:15:00+00:00,8213,3.500000000030923,3.279869769269733,0,0,0
2025-10-13 07:30:00+00:00,8213,3.499999999803549,3.345931358466486,0,0,0
2025-10-13 07:45:00+00:00,8213,3.5000000002582965,3.402013866234013,0,0,0
2025-10-13 08:00:00+00:00,8213,3.499999999803549,3.386773339999848,0,0,0
2025-10-13 08:15:00+00:00,8213,3.700000000208093,3.3375330483214105,0,0,0
2025-10-13 08:30:00+00:00,8213,3.699999999753345,3.1959353728745667,0,0,0
2025-10-13 08:45:00+00:00,8213,4.400000000032378,3.2035692084671394,0,0,0
2025-10-13 09:00:00+00:00,8213,5.000000000109139,3.3172434313246675,0,0,0
2025-10-13 09:15:00+00:00,8213,3.699999999980719,3.479347363855508,0,0,0
2025-10-13 09:30:00+00:00,8213,2.9999999999290594,3.4741768351543314,0,0,0
2025-10-13 09:45:00+00:00,8213,2.899999999954161,3.386944002514627,0,0,0
2025-10-13 10:00:00+00:00,8213,2.7999999999792635,3.2571652906768844,0,0,0
2025-10-13 10:15:00+00:00,8213,3.000000000156433,3.140520838709405,0,0,0
2025-10-13 10:30:00+00:00,8213,3.0999999999039574,3.0386209006899856,0,0,0
2025-10-13 10:45:00+00:00,8213,3.300000000081127,2.9606748882894216,0,0,0
2025-10-13 11:00:00+00:00,8213,3.2999999998537533,2.886855687718829,0,0,0
2025-10-13 11:15:00+00:00,8213,3.200000000106229,2.757070416933601,0,0,0
2025-10-13 11:30:00+00:00,8213,3.0999999999039574,2.731208097356677,0,0,0
2025-10-13 11:45:00+00:00,8213,2.400000000079672,2.7240874182297747,0,0,0
2025-10-13 12:00:00+00:00,8213,2.400000000079672,2.456820438835297,0,0,0
2025-10-13 12:15:00+00:00,8213,2.7999999999792635,2.4071955720379403,0,0,0
2025-10-13 12:30:00+00:00,8213,2.5000000000545697,2.421398096127423,0,0,0
2025-10-13 12:45:00+00:00,8213,2.5000000000545697,2.4233878599983605,0,0,0
2025-10-13 13:00:00+00:00,8213,2.599999999802094,2.37235158563015,0,0,0
2025-10-13 13:15:00+00:00,8213,2.5000000000545697,2.3378442485665807,0,0,0
2025-10-13 13:30:00+00:00,8213,2.600000000029468,2.354608853400192,0,0,0
2025-10-13 13:45:00+00:00,8213,2.399999999852298,2.3495967135397864,0,0,0
2025-10-13 14:00:00+00:00,8213,2.300000000104774,2.338278762602496,0,0,0
2025-10-13 14:15:00+00:00,8213,2.300000000104774,2.3301696306074624,0,0,0
2025-10-13 14:30:00+00:00,8213,2.599999999802094,2.310065092821952,0,0,0
2025-10-13 14:45:00+00:00,8213,2.400000000079672,2.304849365829191,0,0,0
2025-10-13 15:00:00+00:00,8213,2.400000000079672,2.2558215580732632,0,0,0
2025-10-13 15:15:00+00:00,8213,2.199999999902502,2.2319926745671204,0,0,0
2025-10-13 15:30:00+00:00,8213,2.5000000000545697,2.2442258909090125,0,0,0
2025-10-13 15:45:00+00:00,8213,2.400000000079672,2.2190323891554167,0,0,0
2025-10-13 16:00:00+00:00,8213,2.5000000000545697,2.1880944183256013,0,0,0
2025-10-13 16:15:00+00:00,8213,2.399999999852298,2.2065449648933946,0,0,0
2025-10-13 16:30:00+00:00,8213,2.300000000104774,2.264096319727332,0,0,0
2025-10-13 16:45:00+00:00,8213,2.599999999802094,2.20340543701022,0,0,0
2025-10-13 17:00:00+00:00,8213,2.7000000000043656,2.1747946586764524,0,0,0
2025-10-13 17:15:00+00:00,8213,2.900000000181535,2.25430075894756,0,0,0
2025-10-13 17:30:00+00:00,8213,2.399999999852298,2.3946273298536798,0,0,0
2025-10-13 17:45:00+00:00,8213,2.600000000029468,2.3937562236994774,0,0,0
2025-10-13 18:00:00+00:00,8213,2.5000000000545697,2.4042963873690715,0,0,0
2025-10-13 18:15:00+00:00,8213,2.7999999999792635,2.4458357603583734,0,0,0
2025-10-13 18:30:00+00:00,8213,2.7000000000043656,2.54628818412573,0,0,0
2025-10-13 18:45:00+00:00,8213,2.600000000029468,2.5729119910117477,0,0,0
2025-10-13 19:00:00+00:00,8213,2.899999999954161,2.552527691386942,0,0,0
2025-10-13 19:15:00+00:00,8213,2.7000000000043656,2.616267413173724,0,0,0
2025-10-13 19:30:00+00:00,8213,2.7000000000043656,2.684897382301795,0,0,0
2025-10-13 19:45:00+00:00,8213,3.0999999999039574,2.7234904241284195,0,0,0
2025-10-13 20:00:00+00:00,8213,3.100000000131331,2.776290276089419,0,0,0
2025-10-13 20:15:00+00:00,8213,3.200000000106229,2.739736417530134,0,0,0
2025-10-13 20:30:00+00:00,8213,3.199999999878856,2.7293343164581123,0,0,0
2025-10-13 20:45:00+00:00,8213,2.9999999999290594,2.8145963477285214,0,0,0
2025-10-13 21:00:00+00:00,8213,2.9999999999290594,2.8471747048305267,0,0,0
2025-10-13 21:15:00+00:00,8213,3.200000000106229,2.71568722482255,0,0,0
2025-10-13 21:30:00+00:00,8213,3.0999999999039574,2.703118008537178,0,0,0
2025-10-13 21:45:00+00:00,8213,3.000000000156433,2.6351339333862724,0,0,0
2025-10-13 22:00:00+00:00,8213,3.0999999999039574,1.9082420363322772,0,0,0
2025-10-13 22:15:00+00:00,8213,0.0,0.8807805586052124,0,0,0
2025-10-13 22:30:00+00:00,8213,0.0,0.0518577881073605,0,0,0
2025-10-13 22:45:00+00:00,8213,0.0,-0.0009797940367006,0,0,0
2025-10-13 23:00:00+00:00,8213,0.0,0.0622983337032596,0,0,0
2025-10-13 23:15:00+00:00,8213,0.0,0.1088589381633433,0,0,0
2025-10-13 23:30:00+00:00,8213,0.0,0.1083318845218117,0,0,0
2025-10-13 23:45:00+00:00,8213,0.0,0.0619505146662902,0,0,0
2025-10-14 00:00:00+00:00,8213,0.0,0.0349053116393294,0,0,0
2025-10-14 00:15:00+00:00,8213,0.0,0.0308159052920491,0,0,0
2025-10-14 00:30:00+00:00,8213,0.0,0.0355448414892312,0,0,0
2025-10-14 00:45:00+00:00,8213,0.0,0.0317641602543019,0,0,0
2025-10-14 01:00:00+00:00,8213,0.0,0.0230314087275251,0,0,0
2025-10-14 01:15:00+00:00,8213,0.0,0.0305200383143731,0,0,0
2025-10-14 01:30:00+00:00,8213,0.0,0.0277099514271927,0,0,0
2025-10-14 01:45:00+00:00,8213,0.0,0.0367090871379964,0,0,0
2025-10-14 02:00:00+00:00,8213,0.0,0.0460173376015959,0,0,0
2025-10-14 02:15:00+00:00,8213,0.0,0.0611985086080182,0,0,0
2025-10-14 02:30:00+00:00,8213,0.0,0.0814376022270984,0,0,0
2025-10-14 02:45:00+00:00,8213,0.0,0.1036654206759299,0,0,0
2025-10-14 03:00:00+00:00,8213,0.0,0.1378836445295312,0,0,0
2025-10-14 03:15:00+00:00,8213,0.0,0.1978776228412588,0,0,0
2025-10-14 03:30:00+00:00,8213,0.0,0.1794756839189419,0,0,0
2025-10-14 03:45:00+00:00,8213,2.899999999954161,0.6636962812447547,0,0,0
2025-10-14 04:00:00+00:00,8213,12.90000000017244,8.309175239466388,0,0,0
2025-10-14 04:15:00+00:00,8213,6.099999999833017,7.420274985435634,0,0,0
2025-10-14 04:30:00+00:00,8213,5.100000000084037,5.264362194630794,0,0,0
2025-10-14 04:45:00+00:00,8213,4.599999999982174,4.262216062471387,0,0,0
2025-10-14 05:00:00+00:00,8213,4.30000000005748,4.239735107613647,0,0,0
2025-10-14 05:15:00+00:00,8213,4.199999999855208,4.015512097785683,0,0,0
2025-10-14 05:30:00+00:00,8213,4.000000000132786,3.835914608089271,0,0,0
2025-10-14 05:45:00+00:00,8213,4.199999999855208,3.797875180394492,0,0,0
2025-10-14 06:00:00+00:00,8213,4.100000000107684,3.8367925978913298,0,0,0
2025-10-14 06:15:00+00:00,8213,4.30000000005748,3.910206052878841,0,0,0
2025-10-14 06:30:00+00:00,8213,4.30000000005748,3.9566711954299727,0,0,0
2025-10-14 06:45:00+00:00,8213,4.099999999880311,3.9559675047868432,0,0,0
2025-10-14 07:00:00+00:00,8213,3.8999999999305146,4.008193091672428,0,0,0
2025-10-14 07:15:00+00:00,8213,4.000000000132786,3.9572956591826793,0,0,0
2025-10-14 07:30:00+00:00,8213,3.8999999999305146,3.93906152541188,0,0,0
2025-10-14 07:45:00+00:00,8213,3.999999999905413,3.938225097257256,0,0,0
2025-10-14 08:00:00+00:00,8213,4.100000000107684,3.911578626285373,0,0,0
2025-10-14 08:15:00+00:00,8213,3.699999999980719,3.8704644159613126,0,0,0
2025-10-14 08:30:00+00:00,8213,4.000000000132786,3.6381702640816727,0,0,0
2025-10-14 08:45:00+00:00,8213,3.7999999999556167,3.597607524867013,0,0,0
2025-10-14 09:00:00+00:00,8213,3.7999999999556167,3.656715850447936,0,0,0
2025-10-14 09:15:00+00:00,8213,3.500000000030923,3.700424027092516,0,0,0
2025-10-14 09:30:00+00:00,8213,3.200000000106229,3.640554084322351,0,0,0
2025-10-14 09:45:00+00:00,8213,3.6000000000058208,3.490243139370965,0,0,0
2025-10-14 10:00:00+00:00,8213,3.199999999878856,3.3502579259644403,0,0,0
2025-10-14 10:15:00+00:00,8213,3.199999999878856,3.1349556042377467,0,0,0
2025-10-14 10:30:00+00:00,8213,3.200000000106229,2.970062105883147,0,0,0
2025-10-14 10:45:00+00:00,8213,3.100000000131331,2.8878201776996115,0,0,0
2025-10-14 11:00:00+00:00,8213,2.79999999975189,2.8525764201955583,0,0,0
2025-10-14 11:15:00+00:00,8213,3.100000000131331,2.814504132823276,0,0,0
2025-10-14 11:30:00+00:00,8213,2.899999999954161,2.818217925781865,0,0,0
2025-10-14 11:45:00+00:00,8213,2.899999999954161,2.801764189083051,0,0,0
2025-10-14 12:00:00+00:00,8213,2.7000000000043656,2.7374659826588643,0,0,0
2025-10-14 12:15:00+00:00,8213,2.600000000029468,2.686382691676993,0,0,0
2025-10-14 12:30:00+00:00,8213,2.600000000029468,2.60715437257292,0,0,0
2025-10-14 12:45:00+00:00,8213,2.400000000079672,2.5276178478770883,0,0,0
2025-10-14 13:00:00+00:00,8213,2.399999999852298,2.489852077654637,0,0,0
2025-10-14 13:15:00+00:00,8213,2.300000000104774,2.4665868415217904,0,0,0
2025-10-14 13:30:00+00:00,8213,2.399999999852298,2.439822179615014,0,0,0
2025-10-14 13:45:00+00:00,8213,2.6000000002568413,2.4023240274379973,0,0,0
2025-10-14 14:00:00+00:00,8213,2.2999999998774,2.3660690880398723,0,0,0
2025-10-14 14:15:00+00:00,8213,2.399999999852298,2.331801769490239,0,0,0
2025-10-14 14:30:00+00:00,8213,2.100000000154978,2.4036442591447917,0,0,0
2025-10-14 14:45:00+00:00,8213,2.2999999998774,2.357222561503243,0,0,0
2025-10-14 15:00:00+00:00,8213,2.600000000029468,2.2927409967797883,0,0,0
2025-10-14 15:15:00+00:00,8213,2.400000000079672,2.311571572661313,0,0,0
2025-10-14 15:30:00+00:00,8213,2.2999999998774,2.348843278799884,0,0,0
2025-10-14 15:45:00+00:00,8213,2.300000000104774,2.2895473088748,0,0,0
2025-10-14 16:00:00+00:00,8213,2.2999999998774,2.1978559829765727,0,0,0
2025-10-14 16:15:00+00:00,8213,2.300000000104774,2.1836595957240936,0,0,0
2025-10-14 16:30:00+00:00,8213,2.100000000154978,2.23280419820332,0,0,0
2025-10-14 16:45:00+00:00,8213,2.099999999927604,2.187889110281281,0,0,0
2025-10-14 17:00:00+00:00,8213,1.9999999999527065,2.120696492283674,0,0,0
2025-10-14 17:15:00+00:00,8213,1.8999999999778083,2.0720999515599554,0,0,0
2025-10-14 17:30:00+00:00,8213,2.199999999902502,2.093893418323057,0,0,0
2025-10-14 17:45:00+00:00,8213,2.00000000018008,2.0473718103774807,0,0,0
2025-10-14 18:00:00+00:00,8213,2.2999999998774,2.067244057517875,0,0,0
2025-10-14 18:15:00+00:00,8213,2.099999999927604,2.137958603025093,0,0,0
2025-10-14 18:30:00+00:00,8213,2.200000000129876,2.1858519076862013,0,0,0
2025-10-14 18:45:00+00:00,8213,1.9999999999527065,2.158625749142714,0,0,0
2025-10-14 19:00:00+00:00,8213,2.00000000018008,2.111477664302133,0,0,0
2025-10-14 19:15:00+00:00,8213,2.399999999852298,2.1349796719452097,0,0,0
2025-10-14 19:30:00+00:00,8213,2.2999999998774,2.2408741713336613,0,0,0
2025-10-14 19:45:00+00:00,8213,2.5000000000545697,2.1643476515431788,0,0,0
2025-10-14 20:00:00+00:00,8213,2.300000000104774,2.175232224895851,0,0,0
2025-10-14 20:15:00+00:00,8213,2.300000000104774,1.914164213921318,0,0,0
2025-10-14 20:30:00+00:00,8213,2.2999999998774,1.978480262630868,0,0,0
2025-10-14 20:45:00+00:00,8213,2.2999999998774,2.188512502522765,0,0,0
2025-10-14 21:00:00+00:00,8213,2.5000000000545697,2.221730194654449,0,0,0
2025-10-14 21:15:00+00:00,8213,2.5000000000545697,2.0992850030365267,0,0,0
2025-10-14 21:30:00+00:00,8213,2.5000000000545697,2.103050748054409,0,0,0
2025-10-14 21:45:00+00:00,8213,2.600000000029468,1.8901448287077531,0,0,0
2025-10-14 22:00:00+00:00,8213,2.5000000000545697,1.0050238434653167,0,0,0
2025-10-14 22:15:00+00:00,8213,0.0,0.6053546381788535,0,0,0
2025-10-14 22:30:00+00:00,8213,0.0,0.026377381106317,0,0,0
2025-10-14 22:45:00+00:00,8213,0.0,0.0298218026374696,0,0,0
2025-10-14 23:00:00+00:00,8213,0.0,0.0496820358641527,0,0,0
2025-10-14 23:15:00+00:00,8213,0.0,0.0628229196219747,0,0,0
2025-10-14 23:30:00+00:00,8213,0.0,0.0706168974373195,0,0,0
2025-10-14 23:45:00+00:00,8213,0.0,0.0590767865064756,0,0,0
2025-10-15 00:00:00+00:00,8213,0.0,0.0418324693453637,0,0,0
2025-10-15 00:15:00+00:00,8213,0.0,0.0332380401764558,0,0,0
2025-10-15 00:30:00+00:00,8213,0.0,0.0300072714891472,0,0,0
2025-10-15 00:45:00+00:00,8213,0.0,0.0287071712053297,0,0,0
2025-10-15 01:00:00+00:00,8213,0.0,0.0294474880502608,0,0,0
2025-10-15 01:15:00+00:00,8213,0.0,0.0330907560883591,0,0,0
2025-10-15 01:30:00+00:00,8213,0.0,0.0362364532785748,0,0,0
2025-10-15 01:45:00+00:00,8213,0.0,0.0425973335383109,0,0,0
2025-10-15 02:00:00+00:00,8213,0.0,0.0500212828113386,0,0,0
2025-10-15 09:15:00+00:00,8213,4.400000000032378,0.0527608447780281,0,0,0
2025-10-15 09:30:00+00:00,8213,3.6000000000058208,5.544273915616842,0,0,0
2025-10-15 09:45:00+00:00,8213,2.7999999999792635,3.748847242758416,0,0,0
2025-10-15 10:00:00+00:00,8213,2.899999999954161,3.013022042993753,0,0,0
2025-10-15 10:15:00+00:00,8213,3.0999999999039574,3.675962010333771,0,0,0
2025-10-15 10:30:00+00:00,8213,2.200000000129876,3.01509493015956,0,0,0
2025-10-15 10:45:00+00:00,8213,2.2999999998774,2.7083878955517524,0,0,0
2025-10-15 11:00:00+00:00,8213,2.600000000029468,2.817911798272479,0,0,0
2025-10-15 11:15:00+00:00,8213,2.300000000104774,2.8617820653420534,0,0,0
2025-10-15 11:30:00+00:00,8213,2.7000000000043656,2.717525288680351,0,0,0
2025-10-15 11:45:00+00:00,8213,2.7000000000043656,2.5388250759880098,0,0,0
2025-10-15 12:00:00+00:00,8213,2.7000000000043656,2.447879099790457,0,0,0
2025-10-15 12:15:00+00:00,8213,2.399999999852298,2.386115504459048,0,0,0
2025-10-15 12:30:00+00:00,8213,2.5000000000545697,2.304763904691653,0,0,0
2025-10-15 12:45:00+00:00,8213,2.2999999998774,2.247301485289219,0,0,0
2025-10-15 13:00:00+00:00,8213,2.100000000154978,2.228410450198692,0,0,0
2025-10-15 13:15:00+00:00,8213,2.399999999852298,2.2068579435806,0,0,0
2025-10-15 13:30:00+00:00,8213,2.6000000002568413,2.2076528750278634,0,0,0
2025-10-15 13:45:00+00:00,8213,2.7000000000043656,2.190843266722889,0,0,0
2025-10-15 14:00:00+00:00,8213,2.499999999827196,2.172731025471207,0,0,0
2025-10-15 14:15:00+00:00,8213,2.300000000104774,2.1590775697083813,0,0,0
2025-10-15 14:30:00+00:00,8213,2.199999999902502,2.18046431678729,0,0,0
2025-10-15 14:45:00+00:00,8213,2.300000000104774,2.196067987915916,0,0,0
2025-10-15 15:00:00+00:00,8213,2.199999999902502,2.2096903698532766,0,0,0
2025-10-15 15:15:00+00:00,8213,2.100000000154978,2.22644049305036,0,0,0
2025-10-15 15:30:00+00:00,8213,2.499999999827196,2.2441485797507763,0,0,0
2025-10-15 15:45:00+00:00,8213,2.400000000079672,2.246004469658922,0,0,0
2025-10-15 16:00:00+00:00,8213,2.499999999827196,2.2148420334629217,0,0,0
2025-10-15 16:15:00+00:00,8213,2.5000000000545697,2.21571859458335,0,0,0
2025-10-15 16:30:00+00:00,8213,2.5000000000545697,2.263444711023644,0,0,0
2025-10-15 16:45:00+00:00,8213,2.600000000029468,2.2811661429092918,0,0,0
2025-10-15 17:00:00+00:00,8213,2.2999999998774,2.292084582510616,0,0,0
2025-10-15 17:15:00+00:00,8213,2.300000000104774,2.3142550264039654,0,0,0
2025-10-15 17:30:00+00:00,8213,2.5000000000545697,2.388202418680864,0,0,0
2025-10-15 17:45:00+00:00,8213,2.399999999852298,2.4314495207992146,0,0,0
2025-10-15 18:00:00+00:00,8213,2.400000000079672,2.4461892291817917,0,0,0
2025-10-15 18:15:00+00:00,8213,2.400000000079672,2.479419519687854,0,0,0
2025-10-15 18:30:00+00:00,8213,2.899999999954161,2.5718664558184674,0,0,0
2025-10-15 18:45:00+00:00,8213,2.7999999999792635,2.613220295016018,0,0,0
2025-10-15 19:00:00+00:00,8213,3.000000000156433,2.6361868068079275,0,0,0
2025-10-15 19:15:00+00:00,8213,2.699999999776992,2.721653204491582,0,0,0
2025-10-15 19:30:00+00:00,8213,2.7999999999792635,2.784922110741018,0,0,0
2025-10-15 19:45:00+00:00,8213,2.70000000023174,2.722063041299333,0,0,0
2025-10-15 20:00:00+00:00,8213,2.599999999802094,2.6881065259444226,0,0,0
2025-10-15 20:15:00+00:00,8213,2.800000000206637,2.553365418343048,0,0,0
2025-10-15 20:30:00+00:00,8213,2.79999999975189,2.658737182604897,0,0,0
2025-10-15 20:45:00+00:00,8213,2.7000000000043656,2.7364649314163545,0,0,0
2025-10-15 21:00:00+00:00,8213,2.7999999999792635,2.7713454790858725,0,0,0
2025-10-15 21:15:00+00:00,8213,2.800000000206637,2.656260238297936,0,0,0
2025-10-15 21:30:00+00:00,8213,2.599999999802094,2.640010997892515,0,0,0
2025-10-15 21:45:00+00:00,8213,2.7000000000043656,2.527008580101725,0,0,0
2025-10-15 22:00:00+00:00,8213,2.6000000002568413,1.7888818411996674,0,0,0
2025-10-15 22:15:00+00:00,8213,0.0,0.957095601044334,0,0,0
2025-10-15 22:30:00+00:00,8213,0.0,0.0781377373009295,0,0,0
2025-10-15 22:45:00+00:00,8213,0.0,0.0439369173871915,0,0,0
2025-10-15 23:00:00+00:00,8213,0.0,0.0574636750654153,0,0,0
2025-10-15 23:15:00+00:00,8213,0.0,0.0656293698650045,0,0,0
2025-10-15 23:30:00+00:00,8213,0.0,0.0575438111168753,0,0,0
2025-10-15 23:45:00+00:00,8213,0.0,0.0486415659966539,0,0,0
2025-10-16 00:00:00+00:00,8213,0.0,0.0436532591434495,0,0,0
2025-10-16 00:15:00+00:00,8213,0.0,0.0358849975974548,0,0,0
2025-10-16 00:30:00+00:00,8213,0.0,0.0319311861249302,0,0,0
2025-10-16 00:45:00+00:00,8213,0.0,0.0299064844941179,0,0,0
2025-10-16 01:00:00+00:00,8213,0.0,0.0345455436287227,0,0,0
2025-10-16 01:15:00+00:00,8213,0.0,0.0356238086193572,0,0,0
2025-10-16 01:30:00+00:00,8213,0.0,0.0375949996290971,0,0,0
2025-10-16 01:45:00+00:00,8213,0.0,0.0470078036120247,0,0,0
2025-10-16 02:00:00+00:00,8213,0.0,0.0565545140277807,0,0,0
2025-10-16 04:30:00+00:00,8213,4.500000000007276,0.0599354241664473,0,0,0
2025-10-16 04:45:00+00:00,8213,3.999999999905413,5.406314183122019,0,0,0
2025-10-16 05:00:00+00:00,8213,3.700000000208093,3.254813420952672,0,0,0
2025-10-16 05:15:00+00:00,8213,3.599999999778447,3.132865702772521,0,0,0
2025-10-16 05:30:00+00:00,8213,3.6000000000058208,3.738750360034743,0,0,0
2025-10-16 05:45:00+00:00,8213,3.700000000208093,3.5834075983804947,0,0,0
2025-10-16 06:00:00+00:00,8213,3.799999999728243,3.6037435825901567,0,0,0
2025-10-16 06:15:00+00:00,8213,4.100000000107684,3.8746260356710103,0,0,0
2025-10-16 06:30:00+00:00,8213,3.699999999980719,3.92646600839649,0,0,0
2025-10-16 06:45:00+00:00,8213,3.699999999980719,3.6786558544882815,0,0,0
2025-10-16 07:00:00+00:00,8213,3.500000000030923,3.612292943347628,0,0,0
2025-10-16 07:15:00+00:00,8213,3.699999999980719,3.590312546581181,0,0,0
2025-10-16 07:30:00+00:00,8213,3.699999999980719,3.602771040040184,0,0,0
2025-10-16 07:45:00+00:00,8213,3.300000000081127,3.55721116212224,0,0,0
2025-10-16 08:00:00+00:00,8213,3.699999999980719,3.450053156181736,0,0,0
2025-10-16 08:15:00+00:00,8213,3.7999999999556167,3.4893961909243343,0,0,0
2025-10-16 08:30:00+00:00,8213,3.6000000000058208,3.4408724480237014,0,0,0
2025-10-16 08:45:00+00:00,8213,3.6000000000058208,3.383830905241618,0,0,0
2025-10-16 09:00:00+00:00,8213,3.500000000030923,3.400066183531103,0,0,0
2025-10-16 09:15:00+00:00,8213,3.500000000030923,3.399816943526643,0,0,0
2025-10-16 09:30:00+00:00,8213,3.7999999999556167,3.3597216429654755,0,0,0
2025-10-16 09:45:00+00:00,8213,3.300000000081127,3.3197392082531225,0,0,0
2025-10-16 10:00:00+00:00,8213,3.500000000030923,3.283290422733759,0,0,0
2025-10-16 10:15:00+00:00,8213,3.0999999999039574,3.2589165945956653,0,0,0
2025-10-16 10:30:00+00:00,8213,2.7000000000043656,3.064451984091259,0,0,0
2025-10-16 10:45:00+00:00,8213,2.5000000000545697,2.876125769152666,0,0,0
2025-10-16 11:00:00+00:00,8213,2.7999999999792635,2.565619350568584,0,0,0
2025-10-16 11:15:00+00:00,8213,2.399999999852298,2.5244351997847003,0,0,0
2025-10-16 11:30:00+00:00,8213,2.800000000206637,2.4625955596265,0,0,0
2025-10-16 11:45:00+00:00,8213,2.7000000000043656,2.4653529151734976,0,0,0
2025-10-16 12:00:00+00:00,8213,2.699999999776992,2.467743099541439,0,0,0
2025-10-16 12:15:00+00:00,8213,2.400000000079672,2.442626032255079,0,0,0
2025-10-16 12:30:00+00:00,8213,2.200000000129876,2.3943236700671093,0,0,0
2025-10-16 12:45:00+00:00,8213,2.5000000000545697,2.4480954151773404,0,0,0
2025-10-16 13:00:00+00:00,8213,2.399999999852298,2.4846346622199484,0,0,0
2025-10-16 13:15:00+00:00,8213,2.199999999902502,2.402783283642151,0,0,0
2025-10-16 13:30:00+00:00,8213,2.5000000000545697,2.3639135321597147,0,0,0
2025-10-16 13:45:00+00:00,8213,2.300000000104774,2.292883800002771,0,0,0
2025-10-16 14:00:00+00:00,8213,2.2999999998774,2.21150135370017,0,0,0
2025-10-16 14:15:00+00:00,8213,2.200000000129876,2.10387142824106,0,0,0
2025-10-16 14:30:00+00:00,8213,1.9999999999527065,2.0819331451126777,0,0,0
2025-10-16 14:45:00+00:00,8213,2.5000000000545697,2.0388813502672334,0,0,0
2025-10-16 15:00:00+00:00,8213,2.2999999998774,1.9957318530802808,0,0,0
2025-10-16 15:15:00+00:00,8213,1.7000000000280124,1.9601867736323255,0,0,0
2025-10-16 15:30:00+00:00,8213,3.500000000030923,1.930053069385428,0,0,0
2025-10-16 15:45:00+00:00,8213,1.199999999926149,2.1008254790046874,0,0,0
2025-10-16 16:00:00+00:00,8213,1.6000000000531145,1.97061335711229,0,0,0
2025-10-16 16:15:00+00:00,8213,1.8000000000029104,1.898197608953472,0,0,0
2025-10-16 16:30:00+00:00,8213,1.4000000001033186,1.7312681783939925,0,0,0
2025-10-16 16:45:00+00:00,8213,1.6000000000531145,1.9485861223173864,0,0,0
2025-10-16 17:00:00+00:00,8213,1.6999999998006388,1.7770413986610518,0,0,0
2025-10-16 17:15:00+00:00,8213,1.900000000205182,1.7482732218226438,0,0,0
2025-10-16 17:30:00+00:00,8213,2.099999999927604,2.1066232314117204,0,0,0
2025-10-16 17:45:00+00:00,8213,1.9999999999527065,2.0277038322402205,0,0,0
2025-10-16 18:00:00+00:00,8213,2.2999999998774,2.0702878637318016,0,0,0
2025-10-16 18:15:00+00:00,8213,2.300000000104774,2.123850858973784,0,0,0
2025-10-16 18:30:00+00:00,8213,2.2999999998774,2.1534400894042687,0,0,0
2025-10-16 18:45:00+00:00,8213,2.400000000079672,2.174207438056252,0,0,0
2025-10-16 19:00:00+00:00,8213,2.400000000079672,2.167206768186317,0,0,0
2025-10-16 19:15:00+00:00,8213,2.399999999852298,2.206100352675954,0,0,0
2025-10-16 19:30:00+00:00,8213,2.300000000104774,2.307842194084936,0,0,0
2025-10-16 19:45:00+00:00,8213,2.2999999998774,2.251230197423097,0,0,0
2025-10-16 20:00:00+00:00,8213,2.6000000002568413,2.258380943804316,0,0,0
2025-10-16 20:15:00+00:00,8213,2.199999999902502,2.152854005235365,0,0,0
2025-10-16 20:30:00+00:00,8213,2.399999999852298,2.1808228834065257,0,0,0
2025-10-16 20:45:00+00:00,8213,2.300000000104774,2.315444273981265,0,0,0
2025-10-16 21:00:00+00:00,8213,2.600000000029468,2.3326647581351763,0,0,0
2025-10-16 21:15:00+00:00,8213,2.5000000000545697,2.2034374849367966,0,0,0
2025-10-16 21:30:00+00:00,8213,2.5000000000545697,2.2001957413769624,0,0,0
2025-10-16 21:45:00+00:00,8213,2.499999999827196,2.0248756270723614,0,0,0
2025-10-16 22:00:00+00:00,8213,2.300000000104774,1.2804379447981862,0,0,0
2025-10-16 22:15:00+00:00,8213,0.0,0.4650101762823149,0,0,0
2025-10-16 22:30:00+00:00,8213,0.0,0.0232703882002749,0,0,0
2025-10-16 22:45:00+00:00,8213,0.0,0.0221521201239844,0,0,0
2025-10-16 23:00:00+00:00,8213,0.0,0.05703247297328,0,0,0
2025-10-16 23:15:00+00:00,8213,0.0,0.0743157541788619,0,0,0
2025-10-16 23:30:00+00:00,8213,0.0,0.0839435098071157,0,0,0
2025-10-16 23:45:00+00:00,8213,0.0,0.0678331762202308,0,0,0
2025-10-17 00:00:00+00:00,8213,0.0,0.0393383808588356,0,0,0
2025-10-17 00:15:00+00:00,8213,0.0,0.0341548641428361,0,0,0
2025-10-17 00:30:00+00:00,8213,0.0,0.0274395409585705,0,0,0
2025-10-17 00:45:00+00:00,8213,0.0,0.023741593378066,0,0,0
2025-10-17 01:00:00+00:00,8213,0.0,0.0316160968853158,0,0,0
2025-10-17 01:15:00+00:00,8213,0.0,0.0327028040855854,0,0,0
2025-10-17 01:30:00+00:00,8213,0.0,0.0328685311547314,0,0,0
2025-10-17 01:45:00+00:00,8213,0.0,0.0394460515017212,0,0,0
2025-10-17 02:00:00+00:00,8213,0.0,0.0479619031809479,0,0,0
2025-10-17 08:15:00+00:00,8213,3.400000000056025,0.0514374959476768,0,0,0
2025-10-17 08:30:00+00:00,8213,3.2999999998537533,5.355750023092638,0,0,0
2025-10-17 08:45:00+00:00,8213,3.6000000000058208,3.7082337204057967,0,0,0
2025-10-17 09:00:00+00:00,8213,3.6000000000058208,3.2778164940063093,0,0,0
2025-10-17 09:15:00+00:00,8213,3.100000000131331,3.6067784920139294,0,0,0
2025-10-17 09:30:00+00:00,8213,3.500000000030923,2.9647233823900088,0,0,0
2025-10-17 09:45:00+00:00,8213,3.199999999878856,2.894657847983513,0,0,0
2025-10-17 10:00:00+00:00,8213,3.100000000131331,3.035472865657102,0,0,0
2025-10-17 10:15:00+00:00,8213,3.0999999999039574,3.1484558663657305,0,0,0
2025-10-17 10:30:00+00:00,8213,2.7000000000043656,3.102298280005616,0,0,0
2025-10-17 10:45:00+00:00,8213,2.7000000000043656,2.942957547628444,0,0,0
2025-10-17 11:00:00+00:00,8213,2.5000000000545697,2.787377689763595,0,0,0
2025-10-17 11:15:00+00:00,8213,2.600000000029468,2.668294218492438,0,0,0
2025-10-17 11:30:00+00:00,8213,2.499999999827196,2.5583769737427864,0,0,0
2025-10-17 11:45:00+00:00,8213,2.400000000079672,2.442881246746357,0,0,0
2025-10-17 12:00:00+00:00,8213,2.300000000104774,2.357204183462268,0,0,0
2025-10-17 12:15:00+00:00,8213,2.099999999927604,2.2710088659166896,0,0,0
2025-10-17 12:30:00+00:00,8213,2.400000000079672,2.2271917847678164,0,0,0
2025-10-17 12:45:00+00:00,8213,2.399999999852298,2.212082989473997,0,0,0
2025-10-17 13:00:00+00:00,8213,2.5000000000545697,2.20387709676853,0,0,0
2025-10-17 13:15:00+00:00,8213,2.5000000000545697,2.218053547418255,0,0,0
2025-10-17 13:30:00+00:00,8213,2.399999999852298,2.238069377062521,0,0,0
2025-10-17 13:45:00+00:00,8213,2.200000000129876,2.243517557050584,0,0,0
2025-10-17 14:00:00+00:00,8213,2.399999999852298,2.2317509676112577,0,0,0
2025-10-17 14:15:00+00:00,8213,2.6000000002568413,2.277500340665475,0,0,0
2025-10-17 14:30:00+00:00,8213,2.199999999902502,2.351169302374598,0,0,0
2025-10-17 14:45:00+00:00,8213,2.600000000029468,2.378500761248265,0,0,0
2025-10-17 15:00:00+00:00,8213,2.7999999999792635,2.410282953041599,0,0,0
2025-10-17 15:15:00+00:00,8213,2.300000000104774,2.38638701890893,0,0,0
2025-10-17 15:30:00+00:00,8213,2.099999999927604,2.387209095307174,0,0,0
2025-10-17 15:45:00+00:00,8213,2.399999999852298,2.348419609756346,0,0,0
2025-10-17 16:00:00+00:00,8213,2.600000000029468,2.3209224238135326,0,0,0
2025-10-17 16:15:00+00:00,8213,2.600000000029468,2.3268346980412704,0,0,0
2025-10-17 16:30:00+00:00,8213,3.000000000156433,2.715769114256011,0,0,0
2025-10-17 16:45:00+00:00,8213,2.79999999975189,2.863782089744701,0,0,0
2025-10-17 17:00:00+00:00,8213,2.400000000079672,2.81235033032512,0,0,0
2025-10-17 17:15:00+00:00,8213,2.600000000029468,2.695854396307144,0,0,0
2025-10-17 17:30:00+00:00,8213,2.7999999999792635,2.6617972238373526,0,0,0
2025-10-17 17:45:00+00:00,8213,2.7999999999792635,2.7119416761677178,0,0,0
2025-10-17 18:00:00+00:00,8213,2.7999999999792635,2.6852713072485592,0,0,0
2025-10-17 18:15:00+00:00,8213,2.9999999999290594,2.6743101370784657,0,0,0
2025-10-17 18:30:00+00:00,8213,2.800000000206637,2.8114314282763675,0,0,0
2025-10-17 18:45:00+00:00,8213,3.199999999878856,2.7921352645334627,0,0,0
2025-10-17 19:00:00+00:00,8213,2.7999999999792635,2.829032526204677,0,0,0
2025-10-17 19:15:00+00:00,8213,3.000000000156433,2.880136727890413,0,0,0
2025-10-17 19:30:00+00:00,8213,2.9999999999290594,2.96018238276732,0,0,0
2025-10-17 19:45:00+00:00,8213,2.899999999954161,2.934150504656877,0,0,0
2025-10-17 20:00:00+00:00,8213,3.0999999999039574,2.907797043299408,0,0,0
2025-10-17 20:15:00+00:00,8213,2.900000000181535,2.785196547494236,0,0,0
2025-10-17 20:30:00+00:00,8213,2.7999999999792635,2.833039588537977,0,0,0
2025-10-17 20:45:00+00:00,8213,2.9999999999290594,2.931211836422946,0,0,0
2025-10-17 21:00:00+00:00,8213,3.200000000106229,3.0024377200737598,0,0,0
2025-10-17 21:15:00+00:00,8213,2.899999999954161,2.977223697256743,0,0,0
2025-10-17 21:30:00+00:00,8213,3.2999999998537533,2.9882250653327143,0,0,0
2025-10-17 21:45:00+00:00,8213,3.000000000156433,2.962734138039664,0,0,0
2025-10-17 22:00:00+00:00,8213,2.9999999999290594,2.46628129847307,0,0,0
2025-10-17 22:15:00+00:00,8213,0.0,0.7877477980659919,0,0,0
2025-10-17 22:30:00+00:00,8213,0.0,0.0743717325227504,0,0,0
2025-10-17 22:45:00+00:00,8213,0.0,0.0444361766770011,0,0,0
2025-10-17 23:00:00+00:00,8213,0.0,0.0503605297585245,0,0,0
2025-10-17 23:15:00+00:00,8213,0.0,0.0480195699667638,0,0,0
2025-10-17 23:30:00+00:00,8213,0.0,0.0676260173837983,0,0,0
2025-10-17 23:45:00+00:00,8213,0.0,0.0367748064930026,0,0,0
2025-10-18 00:00:00+00:00,8213,0.0,0.0344370937049476,0,0,0
2025-10-18 00:15:00+00:00,8213,0.0,0.0368459808142345,0,0,0
2025-10-18 00:30:00+00:00,8213,0.0,0.0299737624109031,0,0,0
2025-10-18 00:45:00+00:00,8213,0.0,0.0172658990672913,0,0,0
2025-10-18 01:00:00+00:00,8213,0.0,0.0071855111224437,0,0,0
2025-10-18 01:15:00+00:00,8213,0.0,0.0086271807678357,0,0,0
2025-10-18 01:30:00+00:00,8213,0.0,0.0094256839191753,0,0,0
2025-10-18 01:45:00+00:00,8213,0.0,0.0167327410587927,0,0,0
2025-10-18 02:00:00+00:00,8213,0.0,0.023293766626957,0,0,0
2025-10-18 02:15:00+00:00,8213,0.0,0.0351933858081114,0,0,0
2025-10-18 02:30:00+00:00,8213,0.0,0.0416069974080304,0,0,0
2025-10-18 02:45:00+00:00,8213,0.0,0.0465206231760007,0,0,0
2025-10-18 03:00:00+00:00,8213,0.0,0.0402275403536422,0,0,0
2025-10-18 05:30:00+00:00,8213,0.0,0.0465656915874377,0,0,0
2025-10-18 05:45:00+00:00,8213,0.0,0.058029692751417,0,0,0
2025-10-18 06:00:00+00:00,8213,0.0,0.0648582714249421,0,0,0
2025-10-18 06:15:00+00:00,8213,0.0,0.0859731468835607,0,0,0
2025-10-18 06:30:00+00:00,8213,0.0,0.1460640157858708,0,0,0
2025-10-18 06:45:00+00:00,8213,0.0,0.1257406299505872,0,0,0
2025-10-18 07:00:00+00:00,8213,0.0,0.1831667478515901,0,0,0
2025-10-18 07:15:00+00:00,8213,0.0,0.125694392617816,0,0,0
2025-10-18 07:30:00+00:00,8213,7.500000000163709,0.1079354903094031,0,0,0
2025-10-18 07:45:00+00:00,8213,3.199999999878856,8.650161541597466,0,0,0
2025-10-18 08:00:00+00:00,8213,2.5000000000545697,4.577620910846096,0,0,0
2025-10-18 08:15:00+00:00,8213,2.400000000079672,3.010116883838066,0,0,0
2025-10-18 08:30:00+00:00,8213,2.2999999998774,2.8718954428445524,0,0,0
2025-10-18 08:45:00+00:00,8213,2.9999999999290594,3.206714905657355,0,0,0
2025-10-18 09:00:00+00:00,8213,10.600000000067666,3.847989175830096,0,0,0
2025-10-18 09:15:00+00:00,8213,5.999999999858119,5.298260393799149,0,0,0
2025-10-18 09:30:00+00:00,8213,5.100000000084037,5.050229053998498,0,0,0
2025-10-18 09:45:00+00:00,8213,4.599999999982174,4.04556324696336,0,0,0
2025-10-18 10:00:00+00:00,8213,3.8999999999305146,3.975150023400044,0,0,0
2025-10-18 10:15:00+00:00,8213,4.30000000005748,3.8455717166310257,0,0,0
2025-10-18 10:30:00+00:00,8213,4.400000000032378,3.8385015608817854,0,0,0
2025-10-18 10:45:00+00:00,8213,4.400000000032378,3.865816914617073,0,0,0
2025-10-18 11:00:00+00:00,8213,4.099999999880311,3.924057770687945,0,0,0
2025-10-18 11:15:00+00:00,8213,4.000000000132786,3.883343591220444,0,0,0
2025-10-18 11:30:00+00:00,8213,3.6000000000058208,3.84307230305842,0,0,0
2025-10-18 11:45:00+00:00,8213,3.500000000030923,3.713529193809573,0,0,0
2025-10-18 12:00:00+00:00,8213,3.7999999999556167,3.515631721107208,0,0,0
2025-10-18 12:15:00+00:00,8213,3.8999999999305146,3.466000879823032,0,0,0
2025-10-18 12:30:00+00:00,8213,3.700000000208093,3.401435769694226,0,0,0
2025-10-18 12:45:00+00:00,8213,3.499999999803549,3.373002537523093,0,0,0
2025-10-18 13:00:00+00:00,8213,3.500000000030923,3.3066100137086414,0,0,0
2025-10-18 13:15:00+00:00,8213,3.200000000106229,3.225372578591544,0,0,0
2025-10-18 13:30:00+00:00,8213,2.7999999999792635,3.1641359070215183,0,0,0
2025-10-18 13:45:00+00:00,8213,2.7999999999792635,2.9359033671374366,0,0,0
2025-10-18 14:00:00+00:00,8213,2.7000000000043656,2.6631799278954467,0,0,0
2025-10-18 14:15:00+00:00,8213,2.7000000000043656,2.4592731604946128,0,0,0
2025-10-18 14:30:00+00:00,8213,3.399999999828651,2.991362969714036,0,0,0
2025-10-18 14:45:00+00:00,8213,3.100000000131331,3.140466289047146,0,0,0
2025-10-18 15:00:00+00:00,8213,2.7999999999792635,2.9762458296206926,0,0,0
2025-10-18 15:15:00+00:00,8213,2.7999999999792635,2.819928057693656,0,0,0
2025-10-18 15:30:00+00:00,8213,3.200000000106229,2.7776801235556654,0,0,0
2025-10-18 15:45:00+00:00,8213,2.899999999954161,2.7727037656760984,0,0,0
2025-10-18 16:00:00+00:00,8213,2.7999999999792635,2.646558515925263,0,0,0
2025-10-18 16:15:00+00:00,8213,2.5000000000545697,2.555364143944214,0,0,0
2025-10-18 16:30:00+00:00,8213,2.899999999954161,2.703854428977662,0,0,0
2025-10-18 16:45:00+00:00,8213,2.9999999999290594,2.857846826730726,0,0,0
2025-10-18 17:00:00+00:00,8213,2.899999999954161,2.990006501445885,0,0,0
2025-10-18 17:15:00+00:00,8213,3.200000000106229,2.895739489858002,0,0,0
2025-10-18 17:30:00+00:00,8213,3.100000000131331,2.924027126382964,0,0,0
2025-10-18 17:45:00+00:00,8213,2.9999999999290594,2.8015726808044805,0,0,0
2025-10-18 18:00:00+00:00,8213,3.399999999828651,2.9763741512071475,0,0,0
2025-10-18 18:15:00+00:00,8213,3.400000000056025,3.1439449989374326,0,0,0
2025-10-18 18:30:00+00:00,8213,3.6000000000058208,3.3280894627433515,0,0,0
2025-10-18 18:45:00+00:00,8213,3.8000000001829903,3.4200900657445605,0,0,0
2025-10-18 19:00:00+00:00,8213,3.799999999728243,3.4136368406994304,0,0,0
2025-10-18 19:15:00+00:00,8213,3.900000000157888,3.442691679260008,0,0,0
2025-10-18 19:30:00+00:00,8213,3.8999999999305146,3.508099321910405,0,0,0
2025-10-18 19:45:00+00:00,8213,3.8000000001829903,3.3519375360413965,0,0,0
2025-10-18 20:00:00+00:00,8213,3.699999999753345,2.3819747954532158,0,0,0
2025-10-18 20:15:00+00:00,8213,3.000000000156433,1.0093227464916976,0,0,0
2025-10-18 20:30:00+00:00,8213,0.9999999999763532,0.8201254903389761,0,0,0
2025-10-18 20:45:00+00:00,8213,1.199999999926149,0.5384010321240331,0,0,0
2025-10-18 21:00:00+00:00,8213,0.9000000000014552,0.7760839762939554,0,0,0
2025-10-18 21:15:00+00:00,8213,1.5000000000782163,0.838565743905022,0,0,0
2025-10-18 21:30:00+00:00,8213,1.8000000000029104,1.2176659275258546,0,0,0
2025-10-18 21:45:00+00:00,8213,1.9999999999527065,1.6260032770828574,0,0,0
2025-10-18 22:00:00+00:00,8213,1.9999999999527065,1.546170974701952,0,0,0
2025-10-18 22:15:00+00:00,8213,1.8000000000029104,1.5073984872155242,0,0,0
2025-10-18 22:30:00+00:00,8213,1.900000000205182,1.483586049783151,0,0,0
2025-10-18 22:45:00+00:00,8213,1.9999999997253328,1.8420000111395916,0,0,0
2025-10-18 23:00:00+00:00,8213,2.00000000018008,1.943395770658586,0,0,0
2025-10-18 23:15:00+00:00,8213,1.8999999999778083,1.932915384327216,0,0,0
2025-10-18 23:30:00+00:00,8213,1.8999999999778083,1.9428018612107516,0,0,0
2025-10-18 23:45:00+00:00,8213,2.099999999927604,1.9832517670466336,0,0,0
2025-10-19 00:00:00+00:00,8213,2.100000000154978,2.030782186573577,0,0,0
2025-10-19 00:15:00+00:00,8213,2.099999999927604,2.078651625757447,0,0,0
2025-10-19 00:30:00+00:00,8213,2.200000000129876,2.10327878512467,0,0,0
2025-10-19 00:45:00+00:00,8213,1.8999999997504349,2.1278747083162437,0,0,0
2025-10-19 01:00:00+00:00,8213,2.100000000154978,2.1567672941016407,0,0,0
2025-10-19 01:15:00+00:00,8213,2.099999999927604,2.1614635979115797,0,0,0
2025-10-19 01:30:00+00:00,8213,1.9999999999527065,2.148092728881273,0,0,0
2025-10-19 01:45:00+00:00,8213,2.300000000104774,2.144696882525559,0,0,0
2025-10-19 02:00:00+00:00,8213,2.300000000104774,2.166258513224064,0,0,0
2025-10-19 02:15:00+00:00,8213,2.199999999902502,2.1929512215287192,0,0,0
2025-10-19 02:30:00+00:00,8213,2.199999999902502,2.185615395936268,0,0,0
2025-10-19 05:30:00+00:00,8213,2.300000000104774,2.1967819066207186,0,0,0
2025-10-19 05:45:00+00:00,8213,2.400000000079672,2.3647430766664823,0,0,0
2025-10-19 06:00:00+00:00,8213,2.499999999827196,2.3487160611946893,0,0,0
2025-10-19 06:15:00+00:00,8213,2.400000000079672,2.3514762091648738,0,0,0
2025-10-19 06:30:00+00:00,8213,2.400000000079672,2.5845445766081334,0,0,0
2025-10-19 06:45:00+00:00,8213,2.499999999827196,2.376806344834411,0,0,0
2025-10-19 07:00:00+00:00,8213,2.6000000002568413,2.4162552318978205,0,0,0
2025-10-19 07:15:00+00:00,8213,2.599999999802094,2.25266358720904,0,0,0
2025-10-19 07:30:00+00:00,8213,2.600000000029468,2.3758928977518847,0,0,0
2025-10-19 07:45:00+00:00,8213,2.7000000000043656,2.536542172622509,0,0,0
2025-10-19 08:00:00+00:00,8213,2.7000000000043656,2.4776393823761658,0,0,0
2025-10-19 08:15:00+00:00,8213,2.600000000029468,2.4746064211546166,0,0,0
2025-10-19 08:30:00+00:00,8213,2.7000000000043656,2.50157863153827,0,0,0
2025-10-19 08:45:00+00:00,8213,3.400000000056025,3.8453529984614008,0,0,0
2025-10-19 09:00:00+00:00,8213,9.199999999964348,5.866882956053768,0,0,0
2025-10-19 09:15:00+00:00,8213,6.099999999833017,6.31092759724636,0,0,0
2025-10-19 09:30:00+00:00,8213,5.200000000058935,5.200242183769984,0,0,0
2025-10-19 09:45:00+00:00,8213,4.500000000007276,4.646947297328994,0,0,0
2025-10-19 10:00:00+00:00,8213,4.000000000132786,4.340479501954233,0,0,0
2025-10-19 10:15:00+00:00,8213,4.299999999830106,4.061796187410177,0,0,0
2025-10-19 10:30:00+00:00,8213,4.30000000005748,3.9492919249279375,0,0,0
2025-10-19 10:45:00+00:00,8213,3.8000000001829903,3.890668182180073,0,0,0
2025-10-19 11:00:00+00:00,8213,4.099999999880311,3.895063845916888,0,0,0
2025-10-19 11:15:00+00:00,8213,4.199999999855208,3.751206255890781,0,0,0
2025-10-19 11:30:00+00:00,8213,3.900000000157888,3.6730520456125992,0,0,0
2025-10-19 11:45:00+00:00,8213,3.6000000000058208,3.4870606860988,0,0,0
2025-10-19 12:00:00+00:00,8213,3.7999999999556167,3.2945286922001085,0,0,0
2025-10-19 12:15:00+00:00,8213,3.300000000081127,3.168840036110388,0,0,0
2025-10-19 12:30:00+00:00,8213,2.9999999999290594,3.082323752248487,0,0,0
2025-10-19 12:45:00+00:00,8213,3.100000000131331,2.930913241962157,0,0,0
2025-10-19 13:00:00+00:00,8213,2.7000000000043656,2.797980390724564,0,0,0
2025-10-19 13:15:00+00:00,8213,2.599999999802094,2.6312284373288906,0,0,0
2025-10-19 13:30:00+00:00,8213,2.7000000000043656,2.5956714089072985,0,0,0
2025-10-19 13:45:00+00:00,8213,2.5000000000545697,2.5206635452200734,0,0,0
2025-10-19 14:00:00+00:00,8213,2.5000000000545697,2.3139570813439176,0,0,0
2025-10-19 14:15:00+00:00,8213,2.7000000000043656,2.336186523294602,0,0,0
2025-10-19 14:30:00+00:00,8213,2.600000000029468,2.3708769264271066,0,0,0
2025-10-19 14:45:00+00:00,8213,2.7999999999792635,2.3436816468888617,0,0,0
2025-10-19 15:00:00+00:00,8213,2.599999999802094,2.295365614815291,0,0,0
2025-10-19 15:15:00+00:00,8213,2.5000000000545697,2.286979058823631,0,0,0
2025-10-19 15:30:00+00:00,8213,2.400000000079672,2.214591137486572,0,0,0
2025-10-19 15:45:00+00:00,8213,2.099999999927604,2.217656471335068,0,0,0
2025-10-19 16:00:00+00:00,8213,2.100000000154978,2.11559525464158,0,0,0
2025-10-19 16:15:00+00:00,8213,2.199999999902502,2.0891940298595983,0,0,0
2025-10-19 16:30:00+00:00,8213,2.2999999998774,2.0964381925374336,0,0,0
2025-10-19 16:45:00+00:00,8213,1.900000000205182,2.0631265970585764,0,0,0
2025-10-19 17:00:00+00:00,8213,1.8999999999778083,1.9007771585775377,0,0,0
2025-10-19 17:15:00+00:00,8213,2.099999999927604,2.061659341023982,0,0,0
2025-10-19 17:30:00+00:00,8213,2.400000000079672,2.162965531945752,0,0,0
2025-10-19 17:45:00+00:00,8213,2.9999999999290594,2.3222216798763866,0,0,0
2025-10-19 18:00:00+00:00,8213,3.000000000156433,2.479377243699604,0,0,0
2025-10-19 18:15:00+00:00,8213,3.2999999998537533,2.5770652983919584,0,0,0
2025-10-19 18:30:00+00:00,8213,3.0999999999039574,2.7629878863672683,0,0,0
2025-10-19 18:45:00+00:00,8213,3.100000000131331,2.8042011952444303,0,0,0
2025-10-19 19:00:00+00:00,8213,3.0999999999039574,2.8441770710092973,0,0,0
2025-10-19 19:15:00+00:00,8213,3.300000000081127,2.870598329804144,0,0,0
2025-10-19 19:30:00+00:00,8213,3.199999999878856,2.93137548540972,0,0,0
2025-10-19 19:45:00+00:00,8213,3.200000000106229,2.856738299665553,0,0,0
2025-10-19 20:00:00+00:00,8213,3.500000000030923,2.2836071753552662,0,0,0
2025-10-19 20:15:00+00:00,8213,0.0,0.8321997983195046,0,0,0
2025-10-19 20:30:00+00:00,8213,0.0,0.1067508534773651,0,0,0
2025-10-19 20:45:00+00:00,8213,0.0,0.050930963369566,0,0,0
2025-10-19 21:00:00+00:00,8213,0.0,0.1308602456336558,0,0,0
2025-10-19 21:15:00+00:00,8213,0.0,0.0998369435464505,0,0,0
2025-10-19 21:30:00+00:00,8213,0.0,0.1268375976825673,0,0,0
2025-10-19 21:45:00+00:00,8213,0.0,0.032564611607865,0,0,0
2025-10-19 22:00:00+00:00,8213,0.0,0.0460526650019152,0,0,0
2025-10-19 22:15:00+00:00,8213,0.0,0.0246219210227929,0,0,0
2025-10-19 22:30:00+00:00,8213,0.0,0.0247047845573658,0,0,0
2025-10-19 22:45:00+00:00,8213,0.0,0.0296638683772179,0,0,0
2025-10-19 23:00:00+00:00,8213,0.0,0.0306666730017288,0,0,0
2025-10-19 23:15:00+00:00,8213,0.0,0.0296915328487916,0,0,0
2025-10-19 23:30:00+00:00,8213,0.0,0.0289016017872354,0,0,0
2025-10-19 23:45:00+00:00,8213,0.0,0.0296171115238537,0,0,0
2025-10-20 00:00:00+00:00,8213,0.0,0.0300957198700941,0,0,0
2025-10-20 00:15:00+00:00,8213,0.0,0.0338534123187863,0,0,0
2025-10-20 00:30:00+00:00,8213,0.0,0.0308429203628817,0,0,0
2025-10-20 00:45:00+00:00,8213,0.0,0.0308827935683893,0,0,0
2025-10-20 01:00:00+00:00,8213,0.0,0.0362258031064195,0,0,0
2025-10-20 01:15:00+00:00,8213,0.0,0.0424290088662004,0,0,0
2025-10-20 01:30:00+00:00,8213,0.0,0.051841942729276,0,0,0
2025-10-20 01:45:00+00:00,8213,0.0,0.0631586598051583,0,0,0
2025-10-20 02:00:00+00:00,8213,0.0,0.0861341982673704,0,0,0
2025-10-20 02:15:00+00:00,8213,0.0,0.0970584175352911,0,0,0
2025-10-20 02:30:00+00:00,8213,0.0,0.086398764129322,0,0,0
2025-10-20 02:45:00+00:00,8213,0.0,0.0930948650516489,0,0,0
2025-10-20 03:00:00+00:00,8213,0.0,0.1168472166804455,0,0,0
2025-10-20 03:15:00+00:00,8213,0.0,0.1408589389652645,0,0,0
2025-10-20 03:30:00+00:00,8213,0.0,0.1292002474590832,0,0,0
2025-10-20 03:45:00+00:00,8213,2.7000000000043656,0.2698138210227616,0,0,0
2025-10-20 04:00:00+00:00,8213,11.099999999942156,7.869117399303972,0,0,0
2025-10-20 04:15:00+00:00,8213,8.100000000013097,6.91433673888325,0,0,0
2025-10-20 04:30:00+00:00,8213,3.999999999905413,5.547654176354768,0,0,0
2025-10-20 04:45:00+00:00,8213,4.100000000107684,4.224125591878352,0,0,0
2025-10-20 05:00:00+00:00,8213,3.500000000030923,4.150403801418934,0,0,0
2025-10-20 05:15:00+00:00,8213,3.8999999999305146,3.951776272403348,0,0,0
2025-10-20 05:30:00+00:00,8213,3.400000000056025,3.755900124447941,0,0,0
2025-10-20 05:45:00+00:00,8213,3.699999999980719,3.622142274508768,0,0,0
2025-10-20 06:00:00+00:00,8213,3.500000000030923,3.616068559256776,0,0,0
2025-10-20 06:15:00+00:00,8213,3.200000000106229,3.6251983543967023,0,0,0
2025-10-20 06:30:00+00:00,8213,3.6000000000058208,3.3164953216708426,0,0,0
2025-10-20 06:45:00+00:00,8213,3.2999999998537533,3.368724285440281,0,0,0
2025-10-20 07:00:00+00:00,8213,3.500000000030923,3.469125146788789,0,0,0
2025-10-20 07:15:00+00:00,8213,3.2999999998537533,3.3751034788009187,0,0,0
2025-10-20 07:30:00+00:00,8213,3.200000000106229,3.292167471105224,0,0,0
2025-10-20 07:45:00+00:00,8213,3.0999999999039574,3.269663917101692,0,0,0
2025-10-20 08:00:00+00:00,8213,3.200000000106229,3.193757282788691,0,0,0
2025-10-20 08:15:00+00:00,8213,2.9999999999290594,3.0975692139282853,0,0,0
2025-10-20 08:30:00+00:00,8213,3.400000000056025,2.840203517754241,0,0,0
2025-10-20 08:45:00+00:00,8213,4.099999999880311,2.854620603848605,0,0,0
2025-10-20 09:00:00+00:00,8213,3.500000000030923,3.0709606679596853,0,0,0
2025-10-20 09:15:00+00:00,8213,3.200000000106229,3.115476179605684,0,0,0
2025-10-20 09:30:00+00:00,8213,2.9999999999290594,3.059468612683688,0,0,0
2025-10-20 09:45:00+00:00,8213,3.100000000131331,2.978825119484462,0,0,0
2025-10-20 10:00:00+00:00,8213,2.7999999999792635,2.9291425859012894,0,0,0
2025-10-20 10:15:00+00:00,8213,2.7999999999792635,2.834786476531717,0,0,0
2025-10-20 10:30:00+00:00,8213,2.7000000000043656,2.7925978976214703,0,0,0
2025-10-20 10:45:00+00:00,8213,2.7000000000043656,2.7205837713510275,0,0,0
2025-10-20 11:00:00+00:00,8213,2.7000000000043656,2.6314523507044454,0,0,0
2025-10-20 11:15:00+00:00,8213,2.399999999852298,2.593241611094146,0,0,0
2025-10-20 11:30:00+00:00,8213,2.6000000002568413,2.542874933830153,0,0,0
2025-10-20 11:45:00+00:00,8213,3.0999999999039574,2.6119101290207123,0,0,0
2025-10-20 12:00:00+00:00,8213,3.300000000081127,2.669488466455445,0,0,0
2025-10-20 12:15:00+00:00,8213,2.7000000000043656,2.5637279059698592,0,0,0
2025-10-20 12:30:00+00:00,8213,2.899999999954161,2.5789142721822107,0,0,0
2025-10-20 12:45:00+00:00,8213,2.9999999999290594,2.553630503725593,0,0,0
2025-10-20 13:00:00+00:00,8213,2.600000000029468,2.542208973370086,0,0,0
2025-10-20 13:15:00+00:00,8213,2.499999999827196,2.4844493232484197,0,0,0
2025-10-20 13:30:00+00:00,8213,2.400000000079672,2.4884135900728768,0,0,0
2025-10-20 13:45:00+00:00,8213,2.300000000104774,2.446726413474885,0,0,0
2025-10-20 14:00:00+00:00,8213,2.2999999998774,2.3452995638954066,0,0,0
2025-10-20 14:15:00+00:00,8213,2.5000000000545697,2.2288826619476314,0,0,0
2025-10-20 14:30:00+00:00,8213,2.199999999902502,2.2536774641161874,0,0,0
2025-10-20 14:45:00+00:00,8213,1.8999999999778083,2.2215657339167483,0,0,0
2025-10-20 15:00:00+00:00,8213,2.200000000129876,2.081513080243253,0,0,0
2025-10-20 15:15:00+00:00,8213,2.400000000079672,2.058931143570263,0,0,0
2025-10-20 15:30:00+00:00,8213,2.2999999998774,2.155264808076838,0,0,0
2025-10-20 15:45:00+00:00,8213,2.400000000079672,2.14862049686362,0,0,0
2025-10-20 16:00:00+00:00,8213,2.199999999902502,2.1192740449002203,0,0,0
2025-10-20 16:15:00+00:00,8213,2.400000000079672,2.1049135865504853,0,0,0
2025-10-20 16:30:00+00:00,8213,2.5000000000545697,2.1417401284809863,0,0,0
2025-10-20 16:45:00+00:00,8213,2.199999999902502,2.1495499192043788,0,0,0
2025-10-20 17:00:00+00:00,8213,2.199999999902502,2.1322569294577165,0,0,0
2025-10-20 17:15:00+00:00,8213,2.00000000018008,2.136564372103844,0,0,0
2025-10-20 17:30:00+00:00,8213,1.8000000000029104,1.9741257384310056,0,0,0
2025-10-20 17:45:00+00:00,8213,2.099999999927604,2.014036122131126,0,0,0
2025-10-20 18:00:00+00:00,8213,2.7000000000043656,2.0467588410178923,0,0,0
2025-10-20 18:15:00+00:00,8213,2.600000000029468,2.1923240952329737,0,0,0
2025-10-20 18:30:00+00:00,8213,2.899999999954161,2.339810634010836,0,0,0
2025-10-20 18:45:00+00:00,8213,3.200000000106229,2.4445657922689463,0,0,0
2025-10-20 19:00:00+00:00,8213,3.199999999878856,2.5942441559583607,0,0,0
2025-10-20 19:15:00+00:00,8213,3.500000000030923,2.6843662374355937,0,0,0
2025-10-20 19:30:00+00:00,8213,3.0999999999039574,2.8049583315685576,0,0,0
2025-10-20 19:45:00+00:00,8213,3.200000000106229,2.8415786887637378,0,0,0
2025-10-20 20:00:00+00:00,8213,2.9999999999290594,2.8816145042170143,0,0,0
2025-10-20 20:15:00+00:00,8213,3.100000000131331,2.757087496173094,0,0,0
2025-10-20 20:30:00+00:00,8213,3.300000000081127,2.778204319833936,0,0,0
2025-10-20 20:45:00+00:00,8213,3.399999999828651,2.883590630672387,0,0,0
2025-10-20 21:00:00+00:00,8213,3.300000000081127,2.9130812171302884,0,0,0
2025-10-20 21:15:00+00:00,8213,2.9999999999290594,2.788013518029272,0,0,0
2025-10-20 21:30:00+00:00,8213,2.600000000029468,2.6412444047202146,0,0,0
2025-10-20 21:45:00+00:00,8213,2.899999999954161,2.317359291826895,0,0,0
2025-10-20 22:00:00+00:00,8213,2.899999999954161,0.8824136066490265,0,0,0
2025-10-20 22:15:00+00:00,8213,0.0,0.57529660535332,0,0,0
2025-10-20 22:30:00+00:00,8213,0.0,-0.0032639962036835,0,0,0
2025-10-20 22:45:00+00:00,8213,0.0,0.0470746918883648,0,0,0
2025-10-20 23:00:00+00:00,8213,0.0,0.0523596450001346,0,0,0
2025-10-20 23:15:00+00:00,8213,0.0,0.0886785503712648,0,0,0
2025-10-20 23:30:00+00:00,8213,0.0,0.1043937885472234,0,0,0
2025-10-20 23:45:00+00:00,8213,0.0,0.091088736282034,0,0,0
2025-10-21 00:00:00+00:00,8213,0.0,0.0472627583430069,0,0,0
2025-10-21 00:15:00+00:00,8213,0.0,0.0338528927981933,0,0,0
2025-10-21 00:30:00+00:00,8213,0.0,0.0343161752869423,0,0,0
2025-10-21 00:45:00+00:00,8213,0.0,0.0323851172430063,0,0,0
2025-10-21 01:00:00+00:00,8213,0.0,0.0313852998619048,0,0,0
2025-10-21 01:15:00+00:00,8213,0.0,0.0355134104933587,0,0,0
2025-10-21 01:30:00+00:00,8213,0.0,0.0385675421790698,0,0,0
2025-10-21 01:45:00+00:00,8213,0.0,0.0444229289018813,0,0,0
2025-10-21 02:00:00+00:00,8213,0.0,0.0495550130791802,0,0,0
2025-10-21 02:15:00+00:00,8213,0.0,0.0532506228170166,0,0,0
2025-10-21 02:30:00+00:00,8213,0.0,0.055519499126508,0,0,0
2025-10-21 02:45:00+00:00,8213,0.0,0.0658512051581874,0,0,0
2025-10-21 03:00:00+00:00,8213,0.0,0.088020577540314,0,0,0
2025-10-21 03:15:00+00:00,8213,0.0,0.112419602427165,0,0,0
2025-10-21 03:30:00+00:00,8213,0.0,0.1036459386536949,0,0,0
2025-10-21 03:45:00+00:00,8213,2.300000000104774,0.1330288544687106,0,0,0
2025-10-21 04:45:00+00:00,8213,3.199999999878856,6.202095306314977,0,0,0
2025-10-21 05:00:00+00:00,8213,3.300000000081127,4.849608384228121,0,0,0
2025-10-21 05:15:00+00:00,8213,2.9999999999290594,3.438609935841473,0,0,0
2025-10-21 05:30:00+00:00,8213,3.200000000106229,3.1170403262308604,0,0,0
2025-10-21 05:45:00+00:00,8213,2.9999999999290594,3.402420261217836,0,0,0
2025-10-21 06:00:00+00:00,8213,3.100000000131331,3.427379459184018,0,0,0
2025-10-21 06:15:00+00:00,8213,3.0999999999039574,3.423067438262666,0,0,0
2025-10-21 06:30:00+00:00,8213,3.200000000106229,3.4512318185269546,0,0,0
2025-10-21 06:45:00+00:00,8213,3.0999999999039574,3.267366337279441,0,0,0
2025-10-21 07:00:00+00:00,8213,3.200000000106229,3.195853808141476,0,0,0
2025-10-21 07:15:00+00:00,8213,3.0999999999039574,3.1289551413893584,0,0,0
2025-10-21 07:30:00+00:00,8213,3.000000000156433,3.097624672751581,0,0,0
2025-10-21 07:45:00+00:00,8213,3.0999999999039574,3.0732520135348214,0,0,0
2025-10-21 08:00:00+00:00,8213,3.199999999878856,3.0119615715834263,0,0,0
2025-10-21 08:15:00+00:00,8213,3.200000000106229,3.0414377413448737,0,0,0
2025-10-21 08:30:00+00:00,8213,2.899999999954161,2.9712620685726767,0,0,0
2025-10-21 08:45:00+00:00,8213,3.0999999999039574,2.894434324248403,0,0,0
2025-10-21 09:00:00+00:00,8213,3.100000000131331,2.9483744589708185,0,0,0
2025-10-21 09:15:00+00:00,8213,3.500000000030923,2.952667517390529,0,0,0
2025-10-21 09:30:00+00:00,8213,3.399999999828651,2.9661607659905087,0,0,0
2025-10-21 09:45:00+00:00,8213,3.200000000106229,2.9708277493569835,0,0,0
2025-10-21 10:00:00+00:00,8213,3.000000000156433,2.956391311120532,0,0,0
2025-10-21 10:15:00+00:00,8213,2.9999999999290594,2.919520025478965,0,0,0
2025-10-21 10:30:00+00:00,8213,3.2999999998537533,2.8628385104677845,0,0,0
2025-10-21 10:45:00+00:00,8213,3.200000000106229,2.8722080643613506,0,0,0
2025-10-21 11:00:00+00:00,8213,2.600000000029468,2.880863277439632,0,0,0
2025-10-21 11:15:00+00:00,8213,2.499999999827196,2.8091238476827027,0,0,0
2025-10-21 11:30:00+00:00,8213,2.900000000181535,2.730730722871845,0,0,0
2025-10-21 11:45:00+00:00,8213,3.399999999828651,2.6761355376218137,0,0,0
2025-10-21 12:00:00+00:00,8213,2.7999999999792635,2.691176048427699,0,0,0
2025-10-21 12:15:00+00:00,8213,2.900000000181535,2.6712157425468024,0,0,0
2025-10-21 12:30:00+00:00,8213,2.600000000029468,2.650055473976376,0,0,0
2025-10-21 12:45:00+00:00,8213,2.899999999954161,2.582116077596463,0,0,0
2025-10-21 13:00:00+00:00,8213,2.499999999827196,2.5427548596331118,0,0,0
2025-10-21 13:15:00+00:00,8213,2.800000000206637,2.523411679276546,0,0,0
2025-10-21 13:30:00+00:00,8213,3.199999999878856,2.55290246055467,0,0,0
2025-10-21 13:45:00+00:00,8213,3.100000000131331,2.564077283568607,0,0,0
2025-10-21 14:00:00+00:00,8213,2.399999999852298,2.379114055308224,0,0,0
2025-10-21 14:15:00+00:00,8213,2.200000000129876,2.2529058786255693,0,0,0
2025-10-21 14:30:00+00:00,8213,2.399999999852298,2.2221344466158257,0,0,0
2025-10-21 14:45:00+00:00,8213,2.200000000129876,2.2683734353588463,0,0,0
2025-10-21 15:00:00+00:00,8213,2.2999999998774,2.21075915359309,0,0,0
2025-10-21 15:15:00+00:00,8213,2.100000000154978,2.2386271798291477,0,0,0
2025-10-21 15:30:00+00:00,8213,2.5000000000545697,2.266836401214614,0,0,0
2025-10-21 15:45:00+00:00,8213,2.499999999827196,2.235700103398446,0,0,0
2025-10-21 16:00:00+00:00,8213,2.099999999927604,2.16839432732169,0,0,0
2025-10-21 16:15:00+00:00,8213,2.200000000129876,2.1460519870521537,0,0,0
2025-10-21 16:30:00+00:00,8213,2.5000000000545697,2.18645636989608,0,0,0
2025-10-21 16:45:00+00:00,8213,2.599999999802094,2.2205501685676734,0,0,0
2025-10-21 17:00:00+00:00,8213,2.7000000000043656,2.2629378537451625,0,0,0
2025-10-21 17:15:00+00:00,8213,2.6000000002568413,2.3333923467255806,0,0,0
2025-10-21 17:30:00+00:00,8213,2.7000000000043656,2.470949515700954,0,0,0
2025-10-21 17:45:00+00:00,8213,2.79999999975189,2.50837857163911,0,0,0
2025-10-21 18:00:00+00:00,8213,3.100000000131331,2.489868702313611,0,0,0
2025-10-21 18:15:00+00:00,8213,2.9999999999290594,2.580762531631648,0,0,0
2025-10-21 18:30:00+00:00,8213,2.7999999999792635,2.6957905602142875,0,0,0
2025-10-21 18:45:00+00:00,8213,2.9999999999290594,2.707574261363144,0,0,0
2025-10-21 19:00:00+00:00,8213,3.100000000131331,2.7072141686521665,0,0,0
2025-10-21 19:15:00+00:00,8213,2.9999999999290594,2.7588553598107746,0,0,0
2025-10-21 19:30:00+00:00,8213,3.200000000106229,2.849185509285478,0,0,0
2025-10-21 19:45:00+00:00,8213,2.9999999999290594,2.859938546518027,0,0,0
2025-10-21 20:00:00+00:00,8213,2.9999999999290594,2.856292810757112,0,0,0
2025-10-21 20:15:00+00:00,8213,3.000000000156433,2.743788418394724,0,0,0
2025-10-21 20:30:00+00:00,8213,2.9999999999290594,2.789873531632124,0,0,0
2025-10-21 20:45:00+00:00,8213,3.000000000156433,2.8950186550353054,0,0,0
2025-10-21 21:00:00+00:00,8213,3.0999999999039574,2.936621214716723,0,0,0
2025-10-21 21:15:00+00:00,8213,3.200000000106229,2.821542597816346,1,0,1
2025-10-21 21:30:00+00:00,8213,3.2999999998537533,2.839587885851614,1,0,1
2025-10-21 21:45:00+00:00,8213,3.6000000000058208,2.756141838813806,1,0,1
2025-10-21 22:00:00+00:00,8213,3.300000000081127,2.539893989607972,1,0,1
2025-10-21 22:15:00+00:00,8213,0.0,1.2279511364644666,1,0,1
2025-10-21 22:30:00+00:00,8213,0.0,0.0725344479458391,0,0,0
2025-10-21 22:45:00+00:00,8213,0.0,0.0165823398471385,0,0,0
2025-10-21 23:00:00+00:00,8213,0.0,0.0565304862003575,0,0,0
2025-10-21 23:15:00+00:00,8213,0.0,0.1035768424148346,0,0,0
2025-10-21 23:30:00+00:00,8213,0.0,0.094879158528081,0,0,0
2025-10-21 23:45:00+00:00,8213,0.0,0.0555624894555732,0,0,0
2025-10-22 00:00:00+00:00,8213,0.0,0.0455009341322194,0,0,0
2025-10-22 00:15:00+00:00,8213,0.0,0.034949600769877,0,0,0
2025-10-22 00:30:00+00:00,8213,0.0,0.0337357409044867,0,0,0
2025-10-22 00:45:00+00:00,8213,0.0,0.0413245080856226,0,0,0
2025-10-22 01:00:00+00:00,8213,0.0,0.0406714707003044,0,0,0
2025-10-22 01:15:00+00:00,8213,0.0,0.042523301853818,0,0,0
2025-10-22 01:30:00+00:00,8213,0.0,0.0495022817389974,0,0,0
2025-10-22 01:45:00+00:00,8213,0.0,0.0600789417302454,0,0,0
2025-10-22 02:00:00+00:00,8213,0.0,0.0657670428221319,0,0,0
2025-10-22 02:15:00+00:00,8213,0.0,0.0661453836939363,0,0,0
2025-10-22 02:30:00+00:00,8213,0.0,0.0682693137579988,0,0,0
2025-10-22 02:45:00+00:00,8213,0.0,0.089956830790179,0,0,0
2025-10-22 03:00:00+00:00,8213,0.0,0.1284777241944601,0,0,0
2025-10-22 03:15:00+00:00,8213,0.0,0.1699884586110767,0,0,0
2025-10-22 03:30:00+00:00,8213,0.0,0.1446327365523374,0,0,0
2025-10-22 03:45:00+00:00,8213,2.9999999999290594,0.218346474442564,0,0,0
2025-10-22 04:00:00+00:00,8213,9.700000000066211,7.263766809211287,0,0,0
2025-10-22 04:15:00+00:00,8213,7.999999999810825,5.8648098091276655,0,0,0
2025-10-22 04:30:00+00:00,8213,3.6000000000058208,5.009888020196873,0,0,0
2025-10-22 04:45:00+00:00,8213,3.6000000002331944,4.06870736985798,0,0,0
2025-10-22 05:00:00+00:00,8213,3.499999999803549,3.878698167958576,0,0,0
2025-10-22 05:15:00+00:00,8213,3.500000000030923,3.808098956022989,0,0,0
2025-10-22 05:30:00+00:00,8213,3.400000000056025,3.579494569274515,0,0,0
2025-10-22 05:45:00+00:00,8213,3.400000000056025,3.526661403055494,0,0,0
2025-10-22 06:00:00+00:00,8213,3.400000000056025,3.505644587108792,0,0,0
2025-10-22 06:15:00+00:00,8213,3.2999999998537533,3.4986033946326085,0,0,0
2025-10-22 06:30:00+00:00,8213,3.199999999878856,3.368318020336607,0,0,0
2025-10-22 06:45:00+00:00,8213,3.400000000056025,3.329972335252293,0,0,0
2025-10-22 07:00:00+00:00,8213,3.500000000030923,3.4251218824474234,0,0,0
2025-10-22 07:15:00+00:00,8213,3.6000000000058208,3.3604719605818207,0,0,0
2025-10-22 07:30:00+00:00,8213,3.400000000056025,3.3415198493515863,0,0,0
2025-10-22 07:45:00+00:00,8213,3.2999999998537533,3.367151956365767,0,0,0
2025-10-22 08:00:00+00:00,8213,3.400000000056025,3.3718040035151944,0,0,0
2025-10-22 08:15:00+00:00,8213,3.6000000000058208,3.301282849548696,0,0,0
2025-10-22 08:30:00+00:00,8213,4.100000000107684,3.134023324533726,0,0,0
2025-10-22 08:45:00+00:00,8213,4.299999999830106,3.161085801620402,0,0,0
2025-10-22 09:00:00+00:00,8213,3.300000000081127,3.2819191481287096,0,0,0
2025-10-22 09:15:00+00:00,8213,3.8999999999305146,3.2894506381644746,0,0,0
2025-10-22 09:30:00+00:00,8213,3.5000000002582965,3.292701798035056,0,0,0
2025-10-22 09:45:00+00:00,8213,3.399999999828651,3.2967787358881058,0,0,0
2025-10-22 10:00:00+00:00,8213,3.200000000106229,3.292777907801921,0,0,0
2025-10-22 10:15:00+00:00,8213,3.400000000056025,3.2265134458136275,0,0,0
2025-10-22 10:30:00+00:00,8213,3.699999999753345,3.157663329834301,0,0,0
2025-10-22 10:45:00+00:00,8213,3.8000000001829903,3.0802494364010498,0,0,0
2025-10-22 11:00:00+00:00,8213,3.499999999803549,3.0241290036302386,0,0,0
2025-10-22 11:15:00+00:00,8213,3.100000000131331,3.012790726449749,0,0,0
2025-10-22 11:30:00+00:00,8213,3.100000000131331,2.9193398817133653,0,0,0
2025-10-22 11:45:00+00:00,8213,2.899999999954161,2.8522513301845303,0,0,0
2025-10-22 12:00:00+00:00,8213,2.899999999954161,2.7927085555077653,0,0,0
2025-10-22 12:15:00+00:00,8213,2.7999999999792635,2.7516360367112886,0,0,0
2025-10-22 12:30:00+00:00,8213,2.5000000000545697,2.7425217622490763,0,0,0
2025-10-22 12:45:00+00:00,8213,2.399999999852298,2.652218887605501,0,0,0
2025-10-22 13:00:00+00:00,8213,2.5000000000545697,2.527318084494965,0,0,0
2025-10-22 13:15:00+00:00,8213,2.400000000079672,2.473167414052264,0,0,0
2025-10-22 13:30:00+00:00,8213,2.400000000079672,2.4825513197022087,0,0,0
2025-10-22 13:45:00+00:00,8213,2.099999999927604,2.4291668122539365,0,0,0
2025-10-22 14:00:00+00:00,8213,1.9999999999527065,2.3159059329681617,0,0,0
2025-10-22 15:00:00+00:00,8213,2.100000000154978,2.212598840952744,0,0,0
2025-10-22 15:15:00+00:00,8213,2.099999999927604,2.056044784566033,0,0,0
2025-10-22 15:30:00+00:00,8213,2.099999999927604,2.1434399349209925,0,0,0
2025-10-22 15:45:00+00:00,8213,2.099999999927604,2.058517540238213,0,0,0
2025-10-22 16:00:00+00:00,8213,2.400000000079672,1.986268996535228,0,0,0
2025-10-22 16:15:00+00:00,8213,1.8999999999778083,2.007820675167374,0,0,0
2025-10-22 16:30:00+00:00,8213,1.9999999999527065,2.0017544604939426,0,0,0
2025-10-22 16:45:00+00:00,8213,2.00000000018008,1.9686719735965692,0,0,0
2025-10-22 17:00:00+00:00,8213,2.199999999902502,1.914191277697206,0,0,0
2025-10-22 17:15:00+00:00,8213,1.8000000000029104,1.9250897806957763,0,0,0
2025-10-22 17:30:00+00:00,8213,1.5000000000782163,1.9884439207924909,0,0,0
2025-10-22 17:45:00+00:00,8213,2.199999999902502,1.8993938538237585,0,0,0
2025-10-22 18:00:00+00:00,8213,2.5000000000545697,2.1483714192093446,0,0,0
2025-10-22 18:15:00+00:00,8213,2.600000000029468,2.2241595054170458,0,0,0
2025-10-22 18:30:00+00:00,8213,2.7000000000043656,2.4627169975650984,0,0,0
2025-10-22 18:45:00+00:00,8213,2.9999999999290594,2.5807540244819385,0,0,0
2025-10-22 19:00:00+00:00,8213,2.9999999999290594,2.719649218744413,0,0,0
2025-10-22 19:15:00+00:00,8213,3.100000000131331,2.885900289348424,0,0,0
2025-10-22 19:30:00+00:00,8213,3.0999999999039574,3.0390256072318813,0,0,0
2025-10-22 19:45:00+00:00,8213,2.899999999954161,3.007668383283568,0,0,0
2025-10-22 20:00:00+00:00,8213,2.800000000206637,2.954441810095547,0,0,0
2025-10-22 20:15:00+00:00,8213,3.0999999999039574,2.7273002634566272,0,0,0
2025-10-22 20:30:00+00:00,8213,2.7999999999792635,2.84829868763334,0,0,0
2025-10-22 20:45:00+00:00,8213,2.899999999954161,2.921769809406665,0,0,0
2025-10-22 21:00:00+00:00,8213,3.300000000081127,2.944174394737243,0,0,0
2025-10-22 21:15:00+00:00,8213,3.199999999878856,2.859537216859985,0,0,0
2025-10-22 21:30:00+00:00,8213,3.300000000081127,2.8814517643912776,0,0,0
2025-10-22 21:45:00+00:00,8213,2.900000000181535,2.7863328039710566,0,0,0
2025-10-22 22:00:00+00:00,8213,3.0999999999039574,1.6680739735235643,0,0,0
2025-10-22 22:15:00+00:00,8213,0.0,0.8009958329461067,0,0,0
2025-10-22 22:30:00+00:00,8213,0.0,0.0550032255372796,0,0,0
2025-10-22 22:45:00+00:00,8213,0.0,0.0356955024611822,0,0,0
2025-10-22 23:00:00+00:00,8213,0.0,0.076632945903496,0,0,0
2025-10-22 23:15:00+00:00,8213,0.0,0.089969039524113,0,0,0
2025-10-22 23:30:00+00:00,8213,0.0,0.0911505592325934,0,0,0
2025-10-22 23:45:00+00:00,8213,0.0,0.0410664362310826,0,0,0
2025-10-23 00:00:00+00:00,8213,0.0,0.0314616693890661,0,0,0
2025-10-23 00:15:00+00:00,8213,0.0,0.0356384850761075,0,0,0
2025-10-23 00:30:00+00:00,8213,0.0,0.0380546454736956,0,0,0
2025-10-23 00:45:00+00:00,8213,0.0,0.0356118596457197,0,0,0
2025-10-23 01:00:00+00:00,8213,0.0,0.0321114597706784,0,0,0
2025-10-23 01:15:00+00:00,8213,0.0,0.0331202388820079,0,0,0
2025-10-23 01:30:00+00:00,8213,0.0,0.0472434062009201,0,0,0
2025-10-23 01:45:00+00:00,8213,0.0,0.0551519383070071,0,0,0
2025-10-23 02:00:00+00:00,8213,0.0,0.0635458325270426,0,0,0
2025-10-23 03:45:00+00:00,8213,2.7000000000043656,0.0657439241557464,0,0,0
2025-10-23 04:00:00+00:00,8213,8.89999999981228,0.1195013175095973,0,0,0
2025-10-23 04:15:00+00:00,8213,7.500000000163709,6.138086732621352,0,0,0
2025-10-23 04:30:00+00:00,8213,3.7999999999556167,4.82820179795657,0,0,0
2025-10-23 04:45:00+00:00,8213,3.6000000000058208,4.190026598000829,0,0,0
2025-10-23 05:00:00+00:00,8213,3.699999999980719,4.0928432575645095,0,0,0
2025-10-23 05:15:00+00:00,8213,3.0999999999039574,4.106394952231194,0,0,0
2025-10-23 05:30:00+00:00,8213,3.100000000131331,3.792300464672013,0,0,0
2025-10-23 05:45:00+00:00,8213,3.199999999878856,3.634257364855842,0,0,0
2025-10-23 06:00:00+00:00,8213,3.200000000106229,3.6147436518646456,0,0,0
2025-10-23 06:15:00+00:00,8213,3.500000000030923,3.550853918506654,0,0,0
2025-10-23 06:30:00+00:00,8213,3.0999999999039574,3.4191149255916238,0,0,0
2025-10-23 06:45:00+00:00,8213,3.500000000030923,3.375263880783987,0,0,0
2025-10-23 07:00:00+00:00,8213,3.300000000081127,3.4026809306753405,0,0,0
2025-10-23 07:15:00+00:00,8213,3.2999999998537533,3.2573705013110934,0,0,0
2025-10-23 07:30:00+00:00,8213,3.000000000156433,3.202523023873119,0,0,0
2025-10-23 07:45:00+00:00,8213,2.9999999999290594,3.11313028436829,0,0,0
2025-10-23 08:00:00+00:00,8213,3.0999999999039574,3.0628593937136204,0,0,0
2025-10-23 08:15:00+00:00,8213,2.900000000181535,3.015997986830228,0,0,0
2025-10-23 08:30:00+00:00,8213,2.899999999954161,2.669312154154218,0,0,0
2025-10-23 08:45:00+00:00,8213,3.2999999998537533,2.6699626588766456,0,0,0
2025-10-23 09:00:00+00:00,8213,2.7000000000043656,2.8423251099756355,0,0,0
2025-10-23 09:15:00+00:00,8213,2.6000000002568413,2.7826473898248563,0,0,0
2025-10-23 09:30:00+00:00,8213,2.499999999827196,2.6793752030992763,0,0,0
2025-10-23 09:45:00+00:00,8213,3.200000000106229,2.582273362455974,0,0,0
2025-10-23 10:00:00+00:00,8213,2.7999999999792635,2.598649560706293,0,0,0
2025-10-23 10:15:00+00:00,8213,2.7000000000043656,2.532962351036823,0,0,0
2025-10-23 10:30:00+00:00,8213,2.7000000000043656,2.4695037548308925,0,0,0
2025-10-23 10:45:00+00:00,8213,3.699999999980719,2.4505128094363364,0,0,0
2025-10-23 11:00:00+00:00,8213,2.899999999954161,2.519671390767717,0,0,0
2025-10-23 11:15:00+00:00,8213,2.7000000000043656,2.5377361608252205,0,0,0
2025-10-23 11:30:00+00:00,8213,2.5000000000545697,2.525675360380108,0,0,0
2025-10-23 11:45:00+00:00,8213,2.600000000029468,2.5000702684367604,0,0,0
2025-10-23 12:00:00+00:00,8213,2.399999999852298,2.4228548318700103,0,0,0
2025-10-23 12:15:00+00:00,8213,2.5000000000545697,2.3431937521120227,0,0,0
2025-10-23 12:30:00+00:00,8213,2.400000000079672,2.369813013192852,0,0,0
2025-10-23 12:45:00+00:00,8213,2.499999999827196,2.339933565571139,0,0,0
2025-10-23 13:00:00+00:00,8213,2.400000000079672,2.2169903160547784,0,0,0
2025-10-23 13:15:00+00:00,8213,2.199999999902502,2.19552762155919,0,0,0
2025-10-23 13:30:00+00:00,8213,2.300000000104774,2.186311163890355,0,0,0
2025-10-23 13:45:00+00:00,8213,2.199999999902502,2.174992433672175,0,0,0
2025-10-23 14:00:00+00:00,8213,1.900000000205182,2.095483411097732,0,0,0
2025-10-23 14:15:00+00:00,8213,1.8000000000029104,2.110045410967488,0,0,0
2025-10-23 14:30:00+00:00,8213,1.9999999999527065,2.105273127270833,0,0,0
2025-10-23 14:45:00+00:00,8213,1.8999999999778083,2.10613192728099,0,0,0
2025-10-23 15:00:00+00:00,8213,2.399999999852298,2.045443025236138,0,0,0
2025-10-23 15:15:00+00:00,8213,1.900000000205182,2.131982168004128,0,0,0
2025-10-23 15:30:00+00:00,8213,2.2999999998774,2.181064103311832,0,0,0
2025-10-23 15:45:00+00:00,8213,2.600000000029468,2.196889999374086,0,0,0
2025-10-23 16:00:00+00:00,8213,2.600000000029468,2.3301930739742187,0,0,0
2025-10-23 16:15:00+00:00,8213,2.899999999954161,2.640128084846148,0,0,0
2025-10-23 16:30:00+00:00,8213,3.0999999999039574,2.872105978564839,0,0,0
2025-10-23 16:45:00+00:00,8213,2.900000000181535,2.8754914345086933,0,0,0
2025-10-23 17:00:00+00:00,8213,2.9999999999290594,2.8700167265003547,0,0,0
2025-10-23 17:15:00+00:00,8213,3.300000000081127,2.8385161148683915,0,0,0
2025-10-23 17:30:00+00:00,8213,3.499999999803549,2.952415030382363,0,0,0
2025-10-23 17:45:00+00:00,8213,3.300000000081127,2.969371922775434,0,0,0
2025-10-23 18:00:00+00:00,8213,3.300000000081127,2.9511280479935174,0,0,0
2025-10-23 18:15:00+00:00,8213,3.500000000030923,3.0107457635158124,0,0,0
2025-10-23 18:30:00+00:00,8213,3.499999999803549,3.121758482375739,0,0,0
2025-10-23 18:45:00+00:00,8213,3.400000000056025,3.1382467671939835,0,0,0
2025-10-23 19:00:00+00:00,8213,3.200000000106229,3.160485365695119,0,0,0
2025-10-23 19:15:00+00:00,8213,3.2999999998537533,3.182436149787768,0,0,0
2025-10-23 19:30:00+00:00,8213,3.400000000056025,3.2333631949513144,0,0,0
2025-10-23 19:45:00+00:00,8213,3.100000000131331,3.1853835199916314,0,0,0
2025-10-23 20:00:00+00:00,8213,3.2999999998537533,3.147457997186853,0,0,0
2025-10-23 20:15:00+00:00,8213,3.100000000131331,3.0326661556537755,0,0,0
2025-10-23 20:30:00+00:00,8213,2.600000000029468,3.07204919348203,0,0,0
2025-10-23 20:45:00+00:00,8213,3.199999999878856,3.081084305993895,0,0,0
2025-10-23 21:00:00+00:00,8213,3.200000000106229,3.142407217982348,0,0,0
2025-10-23 21:15:00+00:00,8213,3.2999999998537533,3.067667946441669,0,0,0
2025-10-23 21:30:00+00:00,8213,3.300000000081127,3.0460947239399347,0,0,0
2025-10-23 21:45:00+00:00,8213,3.300000000081127,2.848500261623398,0,0,0
2025-10-23 22:00:00+00:00,8213,3.0999999999039574,1.951992001914551,0,0,0
2025-10-23 22:15:00+00:00,8213,0.0,0.8167913370536736,0,0,0
2025-10-23 22:30:00+00:00,8213,0.0,0.0784711396414448,0,0,0
2025-10-23 22:45:00+00:00,8213,0.0,0.0675923784254057,0,0,0
2025-10-23 23:00:00+00:00,8213,0.0,0.107116206334346,0,0,0
2025-10-23 23:15:00+00:00,8213,0.0,0.2309501739072923,0,0,0
2025-10-23 23:30:00+00:00,8213,0.0,0.2149415364764741,0,0,0
2025-10-23 23:45:00+00:00,8213,0.0,0.1099949998199418,0,0,0
2025-10-24 00:00:00+00:00,8213,0.0,0.0477394184870241,0,0,0
2025-10-24 00:15:00+00:00,8213,0.0,0.0451362306759797,0,0,0
2025-10-24 00:30:00+00:00,8213,0.0,0.0404813261632905,0,0,0
2025-10-24 00:45:00+00:00,8213,0.0,0.0485836394505418,0,0,0
2025-10-24 01:00:00+00:00,8213,0.0,0.0484377840440757,0,0,0
2025-10-24 01:15:00+00:00,8213,0.0,0.0444529312161232,0,0,0
2025-10-24 01:30:00+00:00,8213,0.0,0.0519970196262669,0,0,0
2025-10-24 01:45:00+00:00,8213,0.0,0.0682787950088199,0,0,0
2025-10-24 02:00:00+00:00,8213,0.0,0.0780183774447027,0,0,0
2025-10-24 02:15:00+00:00,8213,0.0,0.0874678076294319,0,0,0
2025-10-24 02:30:00+00:00,8213,0.0,0.1049652611994509,0,0,0
2025-10-24 02:45:00+00:00,8213,0.0,0.1343954533884237,0,0,0
2025-10-24 03:00:00+00:00,8213,0.0,0.2532035787453259,0,0,0
2025-10-24 03:15:00+00:00,8213,0.3000000001520675,0.3188233156777882,0,0,0
2025-10-24 03:30:00+00:00,8213,6.099999999833017,0.2292990075827996,0,0,0
2025-10-24 03:45:00+00:00,8213,3.6000000000058208,8.609848821668155,0,0,0
2025-10-24 04:00:00+00:00,8213,10.800000000017462,4.915731666495285,0,0,0
2025-10-24 04:15:00+00:00,8213,5.800000000135697,5.640606541082232,0,0,0
2025-10-24 04:30:00+00:00,8213,5.499999999756255,5.349095224057448,0,0,0
2025-10-24 04:45:00+00:00,8213,4.7000000001844455,4.698101113231356,0,0,0
2025-10-24 05:00:00+00:00,8213,4.500000000007276,4.462479302073826,0,0,0
2025-10-24 05:15:00+00:00,8213,4.599999999982174,4.264945104146069,0,0,0
2025-10-24 05:30:00+00:00,8213,4.200000000082582,4.225858972336676,0,0,0
2025-10-24 05:45:00+00:00,8213,4.899999999906868,4.134424127261172,0,0,0
2025-10-24 06:00:00+00:00,8213,4.500000000007276,4.154130582392346,0,0,0
2025-10-24 06:15:00+00:00,8213,3.999999999905413,4.216296936063428,0,0,0
2025-10-24 07:00:00+00:00,8213,4.200000000082582,4.241240158771378,0,0,0
2025-10-24 07:15:00+00:00,8213,3.7999999999556167,4.191146164878601,0,0,0
2025-10-24 07:30:00+00:00,8213,3.999999999905413,4.2011534302999936,0,0,0
2025-10-24 07:45:00+00:00,8213,4.100000000107684,4.206421628872642,0,0,0
2025-10-24 08:00:00+00:00,8213,4.100000000107684,4.180499369607308,0,0,0
2025-10-24 08:15:00+00:00,8213,4.099999999880311,4.190428447179463,0,0,0
2025-10-24 08:30:00+00:00,8213,4.100000000107684,4.036187718582976,0,0,0
2025-10-24 08:45:00+00:00,8213,4.399999999805004,3.9280123614413593,0,0,0
2025-10-24 09:00:00+00:00,8213,4.7000000001844455,3.936434050013116,0,0,0
2025-10-24 09:15:00+00:00,8213,4.500000000007276,3.9830340081581146,0,0,0
2025-10-24 09:30:00+00:00,8213,4.199999999855208,4.033154757361427,0,0,0
2025-10-24 09:45:00+00:00,8213,3.700000000208093,4.047066220038719,0,0,0
2025-10-24 10:00:00+00:00,8213,3.6000000000058208,4.008091265636214,0,0,0
2025-10-24 10:15:00+00:00,8213,3.6000000000058208,3.8893784723081146,0,0,0
2025-10-24 10:30:00+00:00,8213,3.799999999728243,3.764968875918197,0,0,0
2025-10-24 10:45:00+00:00,8213,3.400000000056025,3.75037112653764,0,0,0
2025-10-24 11:00:00+00:00,8213,3.6000000000058208,3.6850740118933896,0,0,0
2025-10-24 11:15:00+00:00,8213,3.8999999999305146,3.626983946674617,0,0,0
2025-10-24 11:30:00+00:00,8213,3.900000000157888,3.6276100988692495,0,0,0
2025-10-24 11:45:00+00:00,8213,3.400000000056025,3.6287040793578216,0,0,0
2025-10-24 12:00:00+00:00,8213,3.6000000000058208,3.602891698697893,0,0,0
2025-10-24 12:15:00+00:00,8213,3.7999999999556167,3.587000472921078,0,0,0
2025-10-24 12:30:00+00:00,8213,3.7999999999556167,3.540607543732364,0,0,0
2025-10-24 12:45:00+00:00,8213,3.699999999980719,3.478903693269142,0,0,0
2025-10-24 13:00:00+00:00,8213,3.6000000000058208,3.4401505741598197,0,0,0
2025-10-24 13:15:00+00:00,8213,3.400000000056025,3.3922354496338083,0,0,0
2025-10-24 13:30:00+00:00,8213,3.6000000000058208,3.30732552344526,0,0,0
2025-10-24 13:45:00+00:00,8213,3.399999999828651,3.224695123738358,0,0,0
2025-10-24 14:00:00+00:00,8213,2.900000000181535,3.178410384713122,0,0,0
2025-10-24 14:15:00+00:00,8213,2.899999999954161,3.08756363694882,0,0,0
2025-10-24 14:30:00+00:00,8213,2.7000000000043656,3.0811657408468376,0,0,0
2025-10-24 14:45:00+00:00,8213,2.7000000000043656,3.0014551767523727,0,0,0
2025-10-24 15:00:00+00:00,8213,2.600000000029468,2.904210662766236,0,0,0
2025-10-24 15:15:00+00:00,8213,2.600000000029468,2.823292083413052,0,0,0
2025-10-24 15:30:00+00:00,8213,2.7999999999792635,2.8183126084099275,0,0,0
2025-10-24 15:45:00+00:00,8213,2.899999999954161,2.7567172728105542,0,0,0
2025-10-24 16:00:00+00:00,8213,3.199999999878856,2.780184992094497,0,0,0
2025-10-24 16:15:00+00:00,8213,3.100000000131331,2.8660753835220603,0,0,0
2025-10-24 16:30:00+00:00,8213,2.9999999999290594,2.988470019292283,0,0,0
2025-10-24 16:45:00+00:00,8213,3.200000000106229,3.007877620202372,0,0,0
2025-10-24 17:00:00+00:00,8213,3.0999999999039574,3.031056810737014,0,0,0
2025-10-24 17:15:00+00:00,8213,3.400000000056025,3.15839273674678,0,0,0
2025-10-24 17:30:00+00:00,8213,3.6000000000058208,3.333005036713545,0,0,0
2025-10-24 17:45:00+00:00,8213,3.400000000056025,3.409602763295297,0,0,0
2025-10-24 18:00:00+00:00,8213,3.499999999803549,3.457072139152571,0,0,0
2025-10-24 18:15:00+00:00,8213,3.400000000056025,3.533193075710157,0,0,0
2025-10-24 18:30:00+00:00,8213,3.8999999999305146,3.750516852063958,0,0,0
2025-10-24 18:45:00+00:00,8213,3.900000000157888,3.9258176466965087,0,0,0
2025-10-24 19:00:00+00:00,8213,3.8999999999305146,3.924969009807951,0,0,0
2025-10-24 19:15:00+00:00,8213,3.8999999999305146,3.947420092231596,0,0,0
2025-10-24 19:30:00+00:00,8213,3.8000000001829903,3.958449514419586,0,0,0
2025-10-24 19:45:00+00:00,8213,3.999999999905413,3.87500035025822,0,0,0
2025-10-24 20:00:00+00:00,8213,3.900000000157888,3.860439616719909,0,0,0
2025-10-24 20:15:00+00:00,8213,3.699999999753345,3.672217695540347,0,0,0
2025-10-24 20:30:00+00:00,8213,3.8000000001829903,3.700863151873693,0,0,0
2025-10-24 20:45:00+00:00,8213,3.8999999999305146,3.748155501088924,0,0,0
2025-10-24 21:00:00+00:00,8213,3.7999999999556167,3.8007225428842153,0,0,0
2025-10-24 21:15:00+00:00,8213,3.699999999980719,3.716010034520981,0,0,0
2025-10-24 21:30:00+00:00,8213,3.7999999999556167,3.7449177188736114,0,0,0
2025-10-24 21:45:00+00:00,8213,3.900000000157888,3.540369473420652,0,0,0
2025-10-24 22:00:00+00:00,8213,3.999999999905413,1.706794760593486,0,0,0
2025-10-24 22:15:00+00:00,8213,3.300000000081127,1.1057070642560838,0,0,0
2025-10-24 22:30:00+00:00,8213,1.099999999951251,0.909431340024636,0,0,0
2025-10-24 22:45:00+00:00,8213,0.9999999999763532,0.5617833552105125,0,0,0
2025-10-24 23:00:00+00:00,8213,0.9000000000014552,0.6207480333474895,0,0,0
2025-10-24 23:15:00+00:00,8213,1.1000000001786248,0.9650718007076504,0,0,0
2025-10-24 23:30:00+00:00,8213,1.399999999875945,1.556507275243875,0,0,0
2025-10-24 23:45:00+00:00,8213,1.399999999875945,1.97098192450294,0,0,0
2025-10-25 00:00:00+00:00,8213,1.5000000000782163,1.953722151604188,0,0,0
2025-10-25 00:15:00+00:00,8213,1.4000000001033186,1.6493527973143984,0,0,0
2025-10-25 00:30:00+00:00,8213,1.4999999998508429,1.6797700867474554,0,0,0
2025-10-25 00:45:00+00:00,8213,1.6000000000531145,1.7469299932121036,0,0,0
2025-10-25 01:00:00+00:00,8213,1.6000000000531145,1.7114539673860854,0,0,0
2025-10-25 01:15:00+00:00,8213,1.7000000000280124,1.71070045147109,0,0,0
2025-10-25 01:30:00+00:00,8213,1.5000000000782163,1.670538019108304,0,0,0
2025-10-25 01:45:00+00:00,8213,1.8999999997504349,1.6801533630648924,0,0,0
2025-10-25 02:00:00+00:00,8213,1.700000000255386,1.7336229480983898,0,0,0
2025-10-25 04:45:00+00:00,8213,1.8000000000029104,1.7510070609453017,0,0,0
2025-10-25 05:00:00+00:00,8213,2.00000000018008,1.7065956462087348,0,0,0
2025-10-25 05:15:00+00:00,8213,1.8999999999778083,1.70101139241287,0,0,0
2025-10-25 05:30:00+00:00,8213,1.8000000000029104,1.7462052701024695,0,0,0
2025-10-25 05:45:00+00:00,8213,1.7000000000280124,1.8251685423821675,0,0,0
2025-10-25 06:00:00+00:00,8213,1.8000000000029104,1.8665200031495035,0,0,0
2025-10-25 06:15:00+00:00,8213,1.6999999998006388,2.0367978778693456,0,0,0
2025-10-25 06:30:00+00:00,8213,1.900000000205182,1.8526738783042829,0,0,0
2025-10-25 06:45:00+00:00,8213,1.8000000000029104,1.713941074814646,0,0,0
2025-10-25 07:00:00+00:00,8213,1.6999999998006388,1.7428478033305594,0,0,0
2025-10-25 07:15:00+00:00,8213,1.700000000255386,1.5996118014295022,0,0,0
2025-10-25 07:30:00+00:00,8213,2.099999999927604,1.541000267415572,0,0,0
2025-10-25 07:45:00+00:00,8213,2.099999999927604,1.7328623253040334,0,0,0
2025-10-25 08:00:00+00:00,8213,2.100000000154978,1.7265076711739031,0,0,0
2025-10-25 08:15:00+00:00,8213,1.7999999997755367,1.8786397854169323,0,0,0
2025-10-25 08:30:00+00:00,8213,1.9999999999527065,2.027926609164478,0,0,0
2025-10-25 08:45:00+00:00,8213,3.200000000106229,4.124505440100876,0,0,0
2025-10-25 09:00:00+00:00,8213,8.800000000064756,5.683816887118631,0,0,0
2025-10-25 09:15:00+00:00,8213,6.59999999993488,5.906514064965149,0,0,0
2025-10-25 09:30:00+00:00,8213,5.499999999983629,5.321681161409504,0,0,0
2025-10-25 09:45:00+00:00,8213,4.899999999906868,4.904568467754614,0,0,0
2025-10-25 10:00:00+00:00,8213,4.7000000001844455,4.557741715117771,0,0,0
2025-10-25 10:15:00+00:00,8213,4.500000000007276,4.382419360380613,0,0,0
2025-10-25 10:30:00+00:00,8213,4.500000000007276,4.376032633971379,0,0,0
2025-10-25 10:45:00+00:00,8213,4.299999999830106,4.398710487133839,0,0,0
2025-10-25 11:00:00+00:00,8213,4.400000000032378,4.437727782464669,0,0,0
2025-10-25 11:15:00+00:00,8213,4.200000000082582,4.370166467196263,0,0,0
2025-10-25 11:30:00+00:00,8213,4.400000000032378,4.197991627971397,0,0,0
2025-10-25 11:45:00+00:00,8213,4.200000000082582,4.07540840622594,0,0,0
2025-10-25 12:00:00+00:00,8213,3.7999999999556167,3.858667012456818,0,0,0
2025-10-25 12:15:00+00:00,8213,3.7999999999556167,3.700208555926596,0,0,0
2025-10-25 12:30:00+00:00,8213,4.500000000007276,3.7541421966416,0,0,0
2025-10-25 12:45:00+00:00,8213,4.200000000082582,3.818412738594213,0,0,0
2025-10-25 13:00:00+00:00,8213,3.8999999999305146,3.851862721371013,0,0,0
2025-10-25 13:15:00+00:00,8213,4.099999999880311,3.7901031523241984,0,0,0
2025-10-25 13:30:00+00:00,8213,4.100000000107684,3.792248122972275,0,0,0
2025-10-25 13:45:00+00:00,8213,3.999999999905413,3.784086454457281,0,0,0
2025-10-25 14:00:00+00:00,8213,4.200000000082582,3.74749558005575,0,0,0
2025-10-25 14:15:00+00:00,8213,4.100000000107684,3.759257786040073,0,0,0
2025-10-25 14:30:00+00:00,8213,3.799999999728243,3.819359694754983,0,0,0
2025-10-25 14:45:00+00:00,8213,3.5000000002582965,3.783127549322873,0,0,0
2025-10-25 15:00:00+00:00,8213,3.699999999753345,3.717887192303401,0,0,0
2025-10-25 15:15:00+00:00,8213,3.400000000056025,3.699634615551553,0,0,0
2025-10-25 15:30:00+00:00,8213,3.6000000000058208,3.690767048430909,0,0,0
2025-10-25 15:45:00+00:00,8213,3.699999999980719,3.62774764194623,0,0,0
2025-10-25 16:00:00+00:00,8213,3.6000000000058208,3.557685874064033,0,0,0
2025-10-25 16:15:00+00:00,8213,3.400000000056025,3.5059075944089644,0,0,0
2025-10-25 16:30:00+00:00,8213,3.699999999980719,3.509660481292172,0,0,0
2025-10-25 16:45:00+00:00,8213,3.7999999999556167,3.4830715472259555,0,0,0
2025-10-25 17:00:00+00:00,8213,3.6000000000058208,3.5138166460356444,0,0,0
2025-10-25 17:15:00+00:00,8213,3.700000000208093,3.5200955719218454,0,0,0
2025-10-25 17:30:00+00:00,8213,3.799999999728243,3.616593534815936,0,0,0
2025-10-25 17:45:00+00:00,8213,3.8000000001829903,3.639513744335,0,0,0
2025-10-25 18:00:00+00:00,8213,3.699999999980719,3.629350752615876,0,0,0
2025-10-25 18:15:00+00:00,8213,3.8999999999305146,3.636185955176961,0,0,0
2025-10-25 18:30:00+00:00,8213,4.200000000082582,3.7349082454896982,0,0,0
2025-10-25 18:45:00+00:00,8213,3.999999999905413,3.778127423376179,0,0,0
2025-10-25 19:00:00+00:00,8213,3.8999999999305146,3.786520538315325,0,0,0
2025-10-25 19:15:00+00:00,8213,3.900000000157888,3.800878658822392,0,0,0
2025-10-25 19:30:00+00:00,8213,3.6000000000058208,3.851334758568443,0,0,0
2025-10-25 19:45:00+00:00,8213,3.999999999905413,3.5991863479489394,0,0,0
2025-10-25 20:00:00+00:00,8213,4.100000000107684,3.0421215603253238,0,0,0
2025-10-25 20:15:00+00:00,8213,1.9999999999527065,1.403159975952068,0,0,0
2025-10-25 20:30:00+00:00,8213,1.5000000000782163,0.8397581735459538,0,0,0
2025-10-25 20:45:00+00:00,8213,0.9999999999763532,0.6709502823438187,0,0,0
2025-10-25 21:00:00+00:00,8213,1.5000000000782163,0.9259709275014326,0,0,0
2025-10-25 21:15:00+00:00,8213,1.5999999998257408,1.2666247689230703,0,0,0
2025-10-25 21:30:00+00:00,8213,2.099999999927604,1.9030602892332973,0,0,0
2025-10-25 21:45:00+00:00,8213,2.00000000018008,2.1559221315070483,0,0,0
2025-10-25 22:00:00+00:00,8213,2.2999999998774,1.965851041717012,0,0,0
2025-10-25 22:15:00+00:00,8213,2.099999999927604,1.8189691274992128,0,0,0
2025-10-25 22:30:00+00:00,8213,2.200000000129876,1.9985072619678823,0,0,0
2025-10-25 22:45:00+00:00,8213,2.099999999927604,2.199133906225079,0,0,0
2025-10-25 23:00:00+00:00,8213,2.300000000104774,2.2475004292062755,0,0,0
2025-10-25 23:15:00+00:00,8213,2.2999999998774,2.2003170494354123,0,0,0
2025-10-25 23:30:00+00:00,8213,2.400000000079672,2.212622966190278,0,0,0
2025-10-25 23:45:00+00:00,8213,2.200000000129876,2.267010440613247,0,0,0
2025-10-26 00:00:00+00:00,8213,2.399999999852298,2.292219722804853,0,0,0
2025-10-26 00:15:00+00:00,8213,2.300000000104774,2.3313688140161024,0,0,0
2025-10-26 00:30:00+00:00,8213,2.2999999998774,2.34562945947192,0,0,0
2025-10-26 00:45:00+00:00,8213,2.400000000079672,2.3442961748102285,0,0,0
2025-10-26 01:00:00+00:00,8213,2.199999999902502,2.331352449117425,0,0,0
2025-10-26 01:15:00+00:00,8213,2.099999999927604,2.30200914674762,0,0,0
2025-10-26 01:30:00+00:00,8213,2.200000000129876,2.27405462033284,0,0,0
2025-10-26 01:45:00+00:00,8213,2.400000000079672,2.283010765714578,0,0,0
2025-10-26 02:00:00+00:00,8213,12.799999999970169,2.3140753372188843,0,0,0
2025-10-26 02:30:00+00:00,8213,12.999999999919964,3.906027029229279,0,0,0
2025-10-26 02:45:00+00:00,8213,2.7000000000043656,4.853326073591157,0,0,0
2025-10-26 03:00:00+00:00,8213,2.7000000000043656,3.5064710144920017,0,0,0
2025-10-26 03:15:00+00:00,8213,2.7999999999792635,3.005350801918489,0,0,0
2025-10-26 03:30:00+00:00,8213,2.800000000206637,3.118986190611695,0,0,0
2025-10-26 03:45:00+00:00,8213,2.7999999999792635,3.291621584842198,0,0,0
2025-10-26 04:00:00+00:00,8213,2.600000000029468,3.451482227452749,0,0,0
2025-10-26 04:15:00+00:00,8213,2.7999999999792635,3.596341063541588,0,0,0
2025-10-26 04:30:00+00:00,8213,2.899999999954161,3.53824697203822,0,0,0
2025-10-26 04:45:00+00:00,8213,3.0999999999039574,0.388010730402077,0,0,0
2025-10-26 05:00:00+00:00,8213,3.000000000156433,1.2413872377992234,0,0,0
2025-10-26 05:15:00+00:00,8213,2.899999999954161,3.047357678501357,0,0,0
2025-10-26 05:30:00+00:00,8213,2.600000000029468,2.731998158298381,0,0,0
2025-10-26 05:45:00+00:00,8213,3.0999999999039574,2.587401290468529,0,0,0
2025-10-26 06:00:00+00:00,8213,2.7999999999792635,2.6283880234270978,0,0,0
2025-10-26 06:15:00+00:00,8213,2.7999999999792635,2.7134946531001463,0,0,0
2025-10-26 06:30:00+00:00,8213,2.899999999954161,2.520849208891973,0,0,0
2025-10-26 06:45:00+00:00,8213,2.800000000206637,2.4927958112143496,0,0,0
2025-10-26 07:00:00+00:00,8213,3.0999999999039574,2.626086482260326,0,0,0
2025-10-26 07:15:00+00:00,8213,3.199999999878856,2.7233151508683786,0,0,0
2025-10-26 07:30:00+00:00,8213,2.7000000000043656,2.7655734104781526,0,0,0
2025-10-26 07:45:00+00:00,8213,3.6000000000058208,2.7879235760266203,0,0,0
2025-10-26 08:00:00+00:00,8213,2.900000000181535,2.8482225778664745,0,0,0
2025-10-26 08:15:00+00:00,8213,3.199999999878856,2.8822102644569614,0,0,0
2025-10-26 08:30:00+00:00,8213,3.400000000056025,2.8630364478136925,0,0,0
2025-10-26 08:45:00+00:00,8213,4.30000000005748,3.8632516518093127,0,0,0
2025-10-26 09:00:00+00:00,8213,11.599999999816646,6.847478594737382,0,0,0
2025-10-26 09:15:00+00:00,8213,7.400000000188811,7.373041731687849,0,0,0
2025-10-26 09:30:00+00:00,8213,6.499999999959982,6.568391093172025,0,0,0
2025-10-26 09:45:00+00:00,8213,5.999999999858119,6.015510004883305,0,0,0
2025-10-26 10:00:00+00:00,8213,5.700000000160799,5.685370253691504,0,0,0
2025-10-26 10:15:00+00:00,8213,5.599999999958527,5.487759166715994,0,0,0
2025-10-26 10:30:00+00:00,8213,5.400000000008731,5.357711732851556,0,0,0
2025-10-26 10:45:00+00:00,8213,5.499999999983629,5.27531914369607,0,0,0
2025-10-26 11:00:00+00:00,8213,5.300000000033833,5.265504880174953,0,0,0
2025-10-26 11:15:00+00:00,8213,5.599999999958527,5.085612043021458,0,0,0
2025-10-26 11:30:00+00:00,8213,4.999999999881766,5.007078452830285,0,0,0
2025-10-26 11:45:00+00:00,8213,4.900000000134241,4.906701619309201,0,0,0
2025-10-26 12:00:00+00:00,8213,4.999999999881766,4.773807472355781,0,0,0
2025-10-26 12:15:00+00:00,8213,5.300000000261207,4.684505519074569,0,0,0
2025-10-26 12:30:00+00:00,8213,5.199999999831562,4.623245209317564,0,0,0
2025-10-26 12:45:00+00:00,8213,4.699999999957072,4.669056015681896,0,0,0
2025-10-26 13:00:00+00:00,8213,5.200000000058935,4.632449036141984,0,0,0
2025-10-26 13:15:00+00:00,8213,4.400000000032378,4.59215346039224,0,0,0
2025-10-26 13:30:00+00:00,8213,5.400000000008731,4.705070481985567,0,0,0
2025-10-26 13:45:00+00:00,8213,5.200000000058935,4.718569964832661,0,0,0
2025-10-26 14:00:00+00:00,8213,4.999999999881766,4.720876376504992,0,0,0
2025-10-26 14:15:00+00:00,8213,4.599999999982174,4.704453811041754,0,0,0
2025-10-26 14:30:00+00:00,8213,4.400000000032378,4.705421937666687,0,0,0
2025-10-26 14:45:00+00:00,8213,4.899999999906868,4.666317362876244,0,0,0
2025-10-26 15:00:00+00:00,8213,5.000000000109139,4.684927369796031,0,0,0
2025-10-26 15:15:00+00:00,8213,4.79999999993197,4.657960354618307,0,0,0
2025-10-26 15:30:00+00:00,8213,4.699999999957072,4.724383400267593,0,0,0
2025-10-26 15:45:00+00:00,8213,4.7000000001844455,4.661098258999628,0,0,0
2025-10-26 16:00:00+00:00,8213,4.500000000007276,4.617629191707947,0,0,0
2025-10-26 16:15:00+00:00,8213,4.999999999881766,4.5935878567493305,0,0,0
2025-10-26 16:30:00+00:00,8213,5.100000000084037,4.765434878480056,0,0,0
2025-10-26 16:45:00+00:00,8213,5.199999999831562,4.85490957235842,0,0,0
2025-10-26 17:00:00+00:00,8213,5.100000000084037,4.873862462869544,0,0,0
2025-10-26 17:15:00+00:00,8213,5.100000000084037,4.876069386348327,0,0,0
2025-10-26 17:30:00+00:00,8213,5.199999999831562,4.9543034729176725,0,0,0
2025-10-26 17:45:00+00:00,8213,5.100000000084037,4.987344982628279,0,0,0
2025-10-26 18:00:00+00:00,8213,5.499999999983629,4.960259776515661,0,0,0
2025-10-26 18:15:00+00:00,8213,5.400000000008731,4.937527113930647,0,0,0
2025-10-26 18:30:00+00:00,8213,5.100000000084037,4.959483093229226,0,0,0
2025-10-26 18:45:00+00:00,8213,5.300000000033833,4.9449643109787935,0,0,0
2025-10-26 19:00:00+00:00,8213,5.599999999958527,4.901210286641888,0,0,0
2025-10-26 19:15:00+00:00,8213,5.300000000033833,4.87539868526285,0,0,0
2025-10-26 19:30:00+00:00,8213,4.999999999881766,4.86923145630413,0,0,0
2025-10-26 19:45:00+00:00,8213,5.400000000008731,4.459769742421378,0,0,0
2025-10-26 20:00:00+00:00,8213,5.100000000084037,3.5187057244555984,0,0,0
2025-10-26 20:15:00+00:00,8213,2.399999999852298,1.829258841655467,0,0,0
2025-10-26 20:30:00+00:00,8213,1.8000000000029104,1.095803897773501,0,0,0
2025-10-26 20:45:00+00:00,8213,1.3000000001284209,1.0826361937650684,0,0,0
2025-10-26 21:00:00+00:00,8213,2.099999999927604,1.5009194809609694,0,0,0
2025-10-26 21:15:00+00:00,8213,2.300000000104774,1.9863059149673632,0,0,0
2025-10-26 21:30:00+00:00,8213,2.600000000029468,2.400302962451336,0,0,0
2025-10-26 21:45:00+00:00,8213,2.699999999776992,2.482829328159503,0,0,0
2025-10-26 22:00:00+00:00,8213,2.600000000029468,2.392022063960264,0,0,0
2025-10-26 22:15:00+00:00,8213,2.7999999999792635,2.216979081421956,0,0,0
2025-10-26 22:30:00+00:00,8213,2.800000000206637,2.4120191259231105,0,0,0
2025-10-26 22:45:00+00:00,8213,2.7999999999792635,2.5300975196671627,0,0,0
2025-10-26 23:00:00+00:00,8213,2.899999999954161,2.521384185222547,0,0,0
2025-10-26 23:15:00+00:00,8213,2.7000000000043656,2.488085577758513,0,0,0
2025-10-26 23:30:00+00:00,8213,2.5000000000545697,2.489043378911661,0,0,0
2025-10-26 23:45:00+00:00,8213,2.7999999999792635,2.5465538539689416,0,0,0
2025-10-27 00:00:00+00:00,8213,2.7000000000043656,2.605671271160241,0,0,0
2025-10-27 00:15:00+00:00,8213,2.7000000000043656,2.6797911442739943,0,0,0
2025-10-27 00:30:00+00:00,8213,2.7000000000043656,2.676734155225022,0,0,0
2025-10-27 00:45:00+00:00,8213,2.7999999999792635,2.694099390804139,0,0,0
2025-10-27 01:00:00+00:00,8213,2.7999999999792635,2.682570384625969,0,0,0
2025-10-27 01:15:00+00:00,8213,2.7000000000043656,2.607173075314265,0,0,0
2025-10-27 01:30:00+00:00,8213,2.7999999999792635,2.5495887633927143,0,0,0
2025-10-27 01:45:00+00:00,8213,2.600000000029468,2.531885319907597,0,0,0
2025-10-27 02:00:00+00:00,8213,2.600000000029468,2.53233431558004,0,0,0
2025-10-27 02:15:00+00:00,8213,2.7000000000043656,2.5408343218811824,0,0,0
2025-10-27 02:30:00+00:00,8213,2.7999999999792635,2.533456350180629,0,0,0
2025-10-27 02:45:00+00:00,8213,2.7000000000043656,2.5832046031188085,0,0,0
2025-10-27 03:00:00+00:00,8213,2.600000000029468,2.595472172759908,0,0,0
2025-10-27 03:15:00+00:00,8213,2.7999999999792635,2.600687834812596,0,0,0
2025-10-27 03:30:00+00:00,8213,2.7999999999792635,2.6178761086897446,0,0,0
2025-10-27 03:45:00+00:00,8213,4.199999999855208,3.297798814572332,0,0,0
2025-10-27 04:00:00+00:00,8213,10.40000000011787,7.041649416346484,0,0,0
2025-10-27 04:15:00+00:00,8213,7.100000000036744,7.462717739795973,0,0,0
2025-10-27 04:30:00+00:00,8213,6.0000000000854925,6.437283837298001,0,0,0
2025-10-27 04:45:00+00:00,8213,5.29999999980646,5.841309814626886,0,0,0
2025-10-27 05:00:00+00:00,8213,5.499999999983629,5.628499892944793,0,0,0
2025-10-27 05:15:00+00:00,8213,5.000000000109139,5.597884024882596,0,0,0
2025-10-27 05:30:00+00:00,8213,4.899999999906868,5.46168910384197,0,0,0
2025-10-27 05:45:00+00:00,8213,5.100000000084037,5.386190552954719,0,0,0
2025-10-27 06:00:00+00:00,8213,5.599999999958527,5.448659787131481,0,0,0
2025-10-27 06:15:00+00:00,8213,5.400000000008731,5.396734483148611,0,0,0
2025-10-27 06:30:00+00:00,8213,5.899999999883221,5.32338648775581,0,0,0
2025-10-27 06:45:00+00:00,8213,5.600000000185901,5.3415754232350245,0,0,0
2025-10-27 07:00:00+00:00,8213,5.499999999983629,5.409687170571644,0,0,0
2025-10-27 07:15:00+00:00,8213,5.400000000008731,5.310069096876539,0,0,0
2025-10-27 07:30:00+00:00,8213,5.100000000084037,5.298820956518924,0,0,0
2025-10-27 07:45:00+00:00,8213,4.999999999881766,5.248342777147673,0,0,0
2025-10-27 08:00:00+00:00,8213,5.000000000109139,5.247183207184245,0,0,0
2025-10-27 08:15:00+00:00,8213,5.099999999856664,5.190475975903714,0,0,0
2025-10-27 08:30:00+00:00,8213,4.899999999906868,5.021321109885573,0,0,0
2025-10-27 08:45:00+00:00,8213,4.900000000134241,4.970622653782917,0,0,0
2025-10-27 09:00:00+00:00,8213,5.400000000008731,5.037452743816768,0,0,0
2025-10-27 09:15:00+00:00,8213,5.799999999908323,5.200030219368067,0,0,0
2025-10-27 09:30:00+00:00,8213,5.699999999933425,5.486699344706409,0,0,0
2025-10-27 09:45:00+00:00,8213,5.9000000001105946,5.398591249747758,0,0,0
2025-10-27 10:00:00+00:00,8213,6.0000000000854925,5.311093331725509,0,0,0
2025-10-27 10:15:00+00:00,8213,5.499999999983629,5.299755574065612,0,0,0
2025-10-27 10:30:00+00:00,8213,5.29999999980646,5.269858202983444,0,0,0
2025-10-27 10:45:00+00:00,8213,5.500000000211003,5.25182148703796,0,0,0
2025-10-27 11:00:00+00:00,8213,4.79999999993197,5.250837774795238,0,0,0
2025-10-27 11:15:00+00:00,8213,4.79999999993197,5.208561007264341,0,0,0
2025-10-27 11:30:00+00:00,8213,4.79999999993197,5.133476254529361,0,0,0
2025-10-27 11:45:00+00:00,8213,5.100000000084037,5.039522513859017,0,0,0
2025-10-27 12:00:00+00:00,8213,5.200000000058935,4.961621439989742,0,0,0
2025-10-27 12:15:00+00:00,8213,4.400000000032378,4.892145951096671,0,0,0
2025-10-27 12:30:00+00:00,8213,4.299999999830106,4.563131481509165,0,0,0
2025-10-27 12:45:00+00:00,8213,3.700000000208093,4.315671354600447,0,0,0
2025-10-27 13:00:00+00:00,8213,3.8999999999305146,3.978618342878472,0,0,0
2025-10-27 13:15:00+00:00,8213,3.8999999999305146,3.898576324645716,0,0,0
2025-10-27 13:30:00+00:00,8213,3.8000000001829903,3.932556608067753,0,0,0
2025-10-27 13:45:00+00:00,8213,4.299999999830106,3.842595513034255,0,0,0
2025-10-27 14:00:00+00:00,8213,3.8000000001829903,3.766373269961046,0,0,0
2025-10-27 14:15:00+00:00,8213,4.099999999880311,3.801259727177309,0,0,0
2025-10-27 14:30:00+00:00,8213,4.30000000005748,3.972349807404129,0,0,0
2025-10-27 14:45:00+00:00,8213,4.30000000005748,4.056790606497258,0,0,0
2025-10-27 15:00:00+00:00,8213,4.099999999880311,4.125499802515751,0,0,0
2025-10-27 15:15:00+00:00,8213,3.7999999999556167,4.15386562688995,0,0,0
2025-10-27 15:30:00+00:00,8213,3.300000000081127,3.875124385799783,0,0,0
2025-10-27 15:45:00+00:00,8213,3.6000000000058208,3.940719315623933,0,0,0
2025-10-27 16:00:00+00:00,8213,4.099999999880311,4.005230525491221,0,0,0
2025-10-27 16:15:00+00:00,8213,4.000000000132786,4.139103968762322,0,0,0
2025-10-27 16:30:00+00:00,8213,3.8999999999305146,4.265394229698661,0,0,0
2025-10-27 16:45:00+00:00,8213,4.200000000082582,4.251375486018928,0,0,0
2025-10-27 17:00:00+00:00,8213,3.999999999905413,4.280192254267794,0,0,0
2025-10-27 17:15:00+00:00,8213,4.30000000005748,4.326929106089031,0,0,0
2025-10-27 17:30:00+00:00,8213,4.400000000032378,4.443336786546281,0,0,0
2025-10-27 17:45:00+00:00,8213,4.899999999906868,4.50222340671417,0,0,0
2025-10-27 18:00:00+00:00,8213,4.699999999957072,4.513190226670711,0,0,0
2025-10-27 18:15:00+00:00,8213,5.100000000084037,4.522099225558641,0,0,0
2025-10-27 18:30:00+00:00,8213,4.699999999957072,4.634028378744503,0,0,0
2025-10-27 18:45:00+00:00,8213,4.400000000032378,4.644401126903025,0,0,0
2025-10-27 19:00:00+00:00,8213,4.79999999993197,4.648643532064924,0,0,0
2025-10-27 19:15:00+00:00,8213,4.500000000007276,4.701859065440345,0,0,0
2025-10-27 19:30:00+00:00,8213,4.400000000032378,4.778804221418621,0,0,0
2025-10-27 19:45:00+00:00,8213,4.400000000032378,4.73442053812308,0,0,0
2025-10-27 20:00:00+00:00,8213,4.79999999993197,4.679946725871572,0,0,0
2025-10-27 20:15:00+00:00,8213,4.7000000001844455,4.612773752246385,0,0,0
2025-10-27 20:30:00+00:00,8213,4.499999999779902,4.598591879100471,0,0,0
2025-10-27 20:45:00+00:00,8213,4.500000000007276,4.641925871037991,0,0,0
2025-10-27 21:00:00+00:00,8213,4.800000000159344,4.676913764650023,0,0,0
2025-10-27 21:15:00+00:00,8213,5.200000000058935,4.598298869486057,0,0,0
2025-10-27 21:30:00+00:00,8213,4.899999999906868,4.667754616596596,0,0,0
2025-10-27 21:45:00+00:00,8213,4.599999999982174,4.585542301086858,0,0,0
2025-10-27 22:00:00+00:00,8213,4.599999999982174,3.1528419189715766,0,0,0
2025-10-27 22:15:00+00:00,8213,2.2999999998774,1.6891905780116565,0,0,0
2025-10-27 22:30:00+00:00,8213,1.5000000000782163,0.8696990544777808,0,0,0
2025-10-27 22:45:00+00:00,8213,0.9000000000014552,0.9366200606153948,0,0,0
2025-10-27 23:00:00+00:00,8213,1.6000000000531145,1.2935580152622537,0,0,0
2025-10-27 23:15:00+00:00,8213,1.8999999999778083,1.8791557018357528,0,0,0
2025-10-27 23:30:00+00:00,8213,2.200000000129876,2.205881114985736,0,0,0
2025-10-27 23:45:00+00:00,8213,2.199999999902502,2.243970449127474,0,0,0
2025-10-28 00:00:00+00:00,8213,2.099999999927604,2.203097783409092,0,0,0
2025-10-28 00:15:00+00:00,8213,2.099999999927604,2.0956133237160026,0,0,0
2025-10-28 00:30:00+00:00,8213,1.8999999999778083,2.0573935899054376,0,0,0
2025-10-28 00:45:00+00:00,8213,2.100000000154978,2.1149353660784427,0,0,0
2025-10-28 01:00:00+00:00,8213,1.9999999999527065,2.1743855686795537,0,0,0
2025-10-28 01:15:00+00:00,8213,1.9999999999527065,2.187365790694011,0,0,0
2025-10-28 01:30:00+00:00,8213,1.9999999999527065,2.179865861534267,0,0,0
2025-10-28 01:45:00+00:00,8213,1.900000000205182,2.2405428146054804,0,0,0
2025-10-28 02:00:00+00:00,8213,2.099999999927604,2.279984947901182,0,0,0
2025-10-28 02:15:00+00:00,8213,2.200000000129876,2.318599127721932,0,0,0
2025-10-28 02:30:00+00:00,8213,1.9999999997253328,2.3263159567292258,0,0,0
2025-10-28 02:45:00+00:00,8213,2.800000000206637,2.354799127817354,0,0,0
2025-10-28 03:00:00+00:00,8213,2.5000000000545697,2.379225167775038,0,0,0
2025-10-28 03:15:00+00:00,8213,2.399999999852298,2.427022685826824,0,0,0
2025-10-28 03:30:00+00:00,8213,2.5000000000545697,2.346231518899056,0,0,0
2025-10-28 03:45:00+00:00,8213,3.500000000030923,3.3107039658611104,0,0,0
2025-10-28 04:00:00+00:00,8213,9.799999999813735,7.357531444385803,0,0,0
2025-10-28 04:15:00+00:00,8213,6.200000000262662,7.816112791289282,0,0,0
2025-10-28 04:30:00+00:00,8213,4.899999999906868,5.9945003323447565,0,0,0
2025-10-28 04:45:00+00:00,8213,5.300000000033833,5.399514957361995,0,0,0
2025-10-28 05:00:00+00:00,8213,4.899999999906868,5.190685862223258,0,0,0
2025-10-28 05:15:00+00:00,8213,4.699999999957072,5.200510775916531,0,0,0
2025-10-28 05:30:00+00:00,8213,4.900000000134241,5.109515705022947,0,0,0
2025-10-28 05:45:00+00:00,8213,4.699999999957072,5.066753965018545,0,0,0
2025-10-28 06:00:00+00:00,8213,5.199999999831562,5.10538629559001,0,0,0
2025-10-28 06:15:00+00:00,8213,5.000000000109139,5.02586068082663,0,0,0
2025-10-28 06:30:00+00:00,8213,5.100000000084037,4.976410632708795,0,0,0
2025-10-28 06:45:00+00:00,8213,4.699999999957072,4.997732796883994,0,0,0
2025-10-28 07:00:00+00:00,8213,4.79999999993197,5.019707998444512,0,0,0
2025-10-28 07:15:00+00:00,8213,5.100000000084037,4.925961026970156,0,0,0
2025-10-28 07:30:00+00:00,8213,4.599999999982174,4.943301585321109,0,0,0
2025-10-28 07:45:00+00:00,8213,4.400000000032378,4.891658900540795,0,0,0
2025-10-28 08:30:00+00:00,8213,4.800000000159344,4.81970815578269,0,0,0
2025-10-28 08:45:00+00:00,8213,5.699999999933425,4.358331788089226,0,0,0
2025-10-28 09:00:00+00:00,8213,2.900000000181535,4.37701920357736,0,0,0
2025-10-28 09:15:00+00:00,8213,3.999999999905413,4.253104450552213,0,0,0
2025-10-28 09:30:00+00:00,8213,4.299999999830106,4.2583061504889645,0,0,0
2025-10-28 09:45:00+00:00,8213,4.100000000107684,4.15945644775081,0,0,0
2025-10-28 10:00:00+00:00,8213,3.500000000030923,4.093517075773545,0,0,0
2025-10-28 10:15:00+00:00,8213,3.7999999999556167,4.068337730956107,0,0,0
2025-10-28 10:30:00+00:00,8213,3.6000000000058208,3.9844000875572343,0,0,0
2025-10-28 10:45:00+00:00,8213,3.900000000157888,3.8418645475599966,0,0,0
2025-10-28 11:00:00+00:00,8213,3.399999999828651,3.5849965521139837,0,0,0
2025-10-28 11:15:00+00:00,8213,3.300000000081127,3.8620374023034776,0,0,0
2025-10-28 11:30:00+00:00,8213,3.2999999998537533,3.89959133800416,0,0,0
2025-10-28 11:45:00+00:00,8213,3.300000000081127,3.8231860938020903,0,0,0
2025-10-28 12:00:00+00:00,8213,3.7999999999556167,3.794553755363716,0,0,0
2025-10-28 12:15:00+00:00,8213,4.100000000107684,3.875013727913488,0,0,0
2025-10-28 12:30:00+00:00,8213,3.8999999999305146,4.123468996517972,0,0,0
2025-10-28 12:45:00+00:00,8213,4.100000000107684,3.931317291693309,0,0,0
2025-10-28 13:00:00+00:00,8213,3.999999999905413,3.8203744483531312,0,0,0
2025-10-28 13:15:00+00:00,8213,3.6000000000058208,3.800580194241751,0,0,0
2025-10-28 13:30:00+00:00,8213,3.300000000081127,3.7956530609383647,0,0,0
2025-10-28 13:45:00+00:00,8213,3.499999999803549,3.650517969774233,0,0,0
2025-10-28 14:00:00+00:00,8213,3.300000000081127,3.529091980149536,0,0,0
2025-10-28 14:15:00+00:00,8213,3.6000000000058208,3.403323837409096,0,0,0
2025-10-28 14:30:00+00:00,8213,3.300000000081127,3.381595667890519,0,0,0
2025-10-28 14:45:00+00:00,8213,3.0999999999039574,3.2656011361848,0,0,0
2025-10-28 15:00:00+00:00,8213,3.300000000081127,3.2398785027073007,0,0,0
2025-10-28 15:15:00+00:00,8213,3.2999999998537533,3.246384199332317,0,0,0
2025-10-28 15:30:00+00:00,8213,3.300000000081127,3.335440938893665,0,0,0
2025-10-28 15:45:00+00:00,8213,3.300000000081127,3.369035608155597,0,0,0
2025-10-28 16:00:00+00:00,8213,3.399999999828651,3.335710570081398,0,0,0
2025-10-28 16:15:00+00:00,8213,3.700000000208093,3.367018699333679,0,0,0
2025-10-28 16:30:00+00:00,8213,3.7999999999556167,3.4632284581788397,0,0,0
2025-10-28 16:45:00+00:00,8213,4.699999999957072,3.5365541141861443,0,0,0
2025-10-28 17:00:00+00:00,8213,4.200000000082582,3.692258592053223,0,0,0
2025-10-28 17:15:00+00:00,8213,4.199999999855208,3.8125247519541934,0,0,0
2025-10-28 17:30:00+00:00,8213,4.100000000107684,3.981659616429508,0,0,0
2025-10-28 17:45:00+00:00,8213,4.79999999993197,4.026266174059418,0,0,0
2025-10-28 18:00:00+00:00,8213,4.30000000005748,4.119220357108958,0,0,0
2025-10-28 18:15:00+00:00,8213,4.30000000005748,4.187435229283274,0,0,0
2025-10-28 18:30:00+00:00,8213,4.30000000005748,4.291502217575968,0,0,0
2025-10-28 18:45:00+00:00,8213,4.5999999997548,4.311933923454879,0,0,0
2025-10-28 19:00:00+00:00,8213,5.000000000109139,4.310953847856309,0,0,0
2025-10-28 19:15:00+00:00,8213,5.099999999856664,4.383695043196562,0,0,0
2025-10-28 19:30:00+00:00,8213,5.200000000058935,4.552588330596162,0,0,0
2025-10-28 19:45:00+00:00,8213,5.300000000033833,4.6411528243957045,0,0,0
2025-10-28 20:00:00+00:00,8213,5.499999999983629,4.634440878095293,0,0,0
2025-10-28 20:15:00+00:00,8213,5.000000000109139,4.649602047558887,0,0,0
2025-10-28 20:30:00+00:00,8213,4.699999999957072,4.731684742680688,0,0,0
2025-10-28 20:45:00+00:00,8213,4.79999999993197,4.821189049232849,0,0,0
2025-10-28 21:00:00+00:00,8213,4.900000000134241,4.837670320523089,0,0,0
2025-10-28 21:15:00+00:00,8213,4.79999999993197,4.740217868419631,0,0,0
2025-10-28 21:30:00+00:00,8213,4.999999999881766,4.723727245758718,0,0,0
2025-10-28 21:45:00+00:00,8213,4.900000000134241,4.622944406894256,0,0,0
2025-10-28 22:00:00+00:00,8213,4.79999999993197,3.5444929083667693,0,0,0
2025-10-28 22:15:00+00:00,8213,2.200000000129876,1.3433321792900053,0,0,0
2025-10-28 22:30:00+00:00,8213,1.6000000000531145,0.6057144061894604,0,0,0
2025-10-28 22:45:00+00:00,8213,1.099999999951251,0.7143853859767371,0,0,0
2025-10-28 23:00:00+00:00,8213,0.7000000000516593,0.9468457844461156,0,0,0
2025-10-28 23:15:00+00:00,8213,1.0999999997238774,1.2099434162620757,0,0,0
2025-10-28 23:30:00+00:00,8213,1.4000000001033186,1.6514848773577628,0,0,0
2025-10-28 23:45:00+00:00,8213,1.5000000000782163,1.7993982347727575,0,0,0
2025-10-29 00:00:00+00:00,8213,1.4999999998508429,1.7067690686766634,0,0,0
2025-10-29 00:15:00+00:00,8213,1.7000000000280124,1.394687309422129,0,0,0
2025-10-29 00:30:00+00:00,8213,1.7000000000280124,1.4054204425219612,0,0,0
2025-10-29 00:45:00+00:00,8213,1.6000000000531145,1.69971065896333,0,0,0
2025-10-29 01:00:00+00:00,8213,1.399999999875945,1.6419359752145053,0,0,0
2025-10-29 01:15:00+00:00,8213,1.4000000001033186,1.5445577983208176,0,0,0
2025-10-29 01:30:00+00:00,8213,1.6000000000531145,1.5623618989208157,0,0,0
2025-10-29 01:45:00+00:00,8213,1.5999999998257408,1.6367172690958438,0,0,0
2025-10-29 02:00:00+00:00,8213,1.6000000002804882,1.69137586832825,0,0,0
2025-10-29 02:15:00+00:00,8213,1.5999999998257408,1.6989583363221965,0,0,0
2025-10-29 02:30:00+00:00,8213,1.6000000000531145,1.651691443616019,0,0,0
2025-10-29 02:45:00+00:00,8213,1.4999999998508429,1.6831403791840038,0,0,0
2025-10-29 03:00:00+00:00,8213,1.6000000000531145,1.782005978034676,0,0,0
2025-10-29 03:15:00+00:00,8213,1.7000000000280124,1.9067291761306349,0,0,0
2025-10-29 03:30:00+00:00,8213,1.7000000000280124,1.905954538456533,0,0,0
2025-10-29 03:45:00+00:00,8213,3.0999999999039574,2.5425074379507264,0,0,0
2025-10-29 04:00:00+00:00,8213,8.800000000064756,6.673750908460235,0,0,0
2025-10-29 04:15:00+00:00,8213,6.1000000000603904,7.395666853510127,0,0,0
2025-10-29 04:30:00+00:00,8213,5.499999999983629,5.5329200528185645,0,0,0
2025-10-29 04:45:00+00:00,8213,4.900000000134241,5.15669466886877,0,0,0
2025-10-29 05:00:00+00:00,8213,4.79999999993197,4.951720416529605,0,0,0
2025-10-29 05:15:00+00:00,8213,4.500000000007276,4.962203562814125,0,0,0
2025-10-29 05:30:00+00:00,8213,4.399999999805004,4.818701844394178,0,0,0
2025-10-29 05:45:00+00:00,8213,4.800000000159344,4.775395387048084,0,0,0
2025-10-29 06:00:00+00:00,8213,4.79999999993197,4.8529460442774255,0,0,0
2025-10-29 06:15:00+00:00,8213,4.79999999993197,4.767014740603169,0,0,0
2025-10-29 06:30:00+00:00,8213,4.7000000001844455,4.715090995182079,0,0,0
2025-10-29 06:45:00+00:00,8213,4.699999999957072,4.6919512882125,0,0,0
2025-10-29 07:00:00+00:00,8213,4.699999999957072,4.782384757345122,0,0,0
2025-10-29 07:15:00+00:00,8213,4.699999999957072,4.743726190983715,0,0,0
2025-10-29 07:30:00+00:00,8213,4.400000000032378,4.72844735010582,0,0,0
2025-10-29 07:45:00+00:00,8213,4.800000000159344,4.6412512735480655,0,0,0
2025-10-29 08:00:00+00:00,8213,4.499999999779902,4.546117182090574,0,0,0
2025-10-29 08:15:00+00:00,8213,4.600000000209548,4.471805735758178,0,0,0
2025-10-29 08:30:00+00:00,8213,5.400000000008731,4.337647075681557,0,0,0
2025-10-29 08:45:00+00:00,8213,5.499999999756255,4.310911506927985,0,0,0
2025-10-29 09:00:00+00:00,8213,5.000000000109139,4.377021021899436,0,0,0
2025-10-29 09:15:00+00:00,8213,4.30000000005748,4.412950286825865,0,0,0
2025-10-29 09:30:00+00:00,8213,3.999999999905413,4.3536212948730935,0,0,0
2025-10-29 09:45:00+00:00,8213,3.900000000157888,4.292344100696818,0,0,0
2025-10-29 10:00:00+00:00,8213,3.6000000000058208,4.189511493332935,0,0,0
2025-10-29 10:15:00+00:00,8213,3.699999999753345,4.100384098970947,0,0,0
2025-10-29 10:30:00+00:00,8213,3.900000000157888,3.996561025596635,0,0,0
2025-10-29 10:45:00+00:00,8213,3.699999999980719,3.843897951160741,0,0,0
2025-10-29 11:00:00+00:00,8213,3.699999999980719,3.706148234865611,0,0,0
2025-10-29 11:15:00+00:00,8213,3.400000000056025,3.629932745560111,0,0,0
2025-10-29 11:30:00+00:00,8213,3.399999999828651,3.550225818109797,0,0,0
2025-10-29 11:45:00+00:00,8213,3.8000000001829903,3.4787093925673847,0,0,0
2025-10-29 12:00:00+00:00,8213,3.499999999803549,3.4621109693834384,0,0,0
2025-10-29 12:15:00+00:00,8213,3.400000000056025,3.436840578582088,0,0,0
2025-10-29 12:30:00+00:00,8213,3.100000000131331,3.359829313608361,0,0,0
2025-10-29 12:45:00+00:00,8213,2.9999999999290594,3.2172209108479644,0,0,0
2025-10-29 13:00:00+00:00,8213,3.500000000030923,3.104538712562644,0,0,0
2025-10-29 13:15:00+00:00,8213,3.200000000106229,3.078034720113372,0,0,0
2025-10-29 13:30:00+00:00,8213,2.9999999999290594,3.0919834583932064,0,0,0
2025-10-29 13:45:00+00:00,8213,3.0999999999039574,3.1304568156632344,0,0,0
2025-10-29 14:00:00+00:00,8213,3.0999999999039574,3.0978602753404765,0,0,0
2025-10-29 14:15:00+00:00,8213,3.100000000131331,3.109226087112391,0,0,0
2025-10-29 14:30:00+00:00,8213,3.199999999878856,3.1604623769088813,0,0,0
2025-10-29 14:45:00+00:00,8213,3.100000000131331,3.183280370751286,0,0,0
2025-10-29 15:00:00+00:00,8213,3.400000000056025,3.1972191082597066,0,0,0
2025-10-29 15:15:00+00:00,8213,3.2999999998537533,3.200225444050868,0,0,0
2025-10-29 15:30:00+00:00,8213,3.300000000081127,3.274873150087042,0,0,0
2025-10-29 15:45:00+00:00,8213,3.199999999878856,3.3127620466900183,0,0,0
2025-10-29 16:00:00+00:00,8213,3.300000000081127,3.2935969320166816,0,0,0
2025-10-29 16:15:00+00:00,8213,3.0999999999039574,3.3073456548682363,0,0,0
2025-10-29 16:30:00+00:00,8213,3.300000000081127,3.3627100552961804,0,0,0
2025-10-29 16:45:00+00:00,8213,3.6000000000058208,3.3604184499607483,0,0,0
2025-10-29 17:00:00+00:00,8213,3.500000000030923,3.3784873761829948,0,0,0
2025-10-29 17:15:00+00:00,8213,3.900000000157888,3.383639721663418,0,0,0
2025-10-29 17:30:00+00:00,8213,3.8999999999305146,3.4991034332033077,0,0,0
2025-10-29 17:45:00+00:00,8213,3.999999999905413,3.527436527780152,0,0,0
2025-10-29 18:00:00+00:00,8213,4.100000000107684,3.573709058071453,0,0,0
2025-10-29 18:15:00+00:00,8213,3.999999999905413,3.646903924769487,0,0,0
2025-10-29 18:30:00+00:00,8213,4.200000000082582,3.784095026547064,0,0,0
2025-10-29 18:45:00+00:00,8213,4.30000000005748,3.840783555086249,0,0,0
2025-10-29 19:00:00+00:00,8213,4.099999999880311,3.8367038897500874,0,0,0
2025-10-29 19:15:00+00:00,8213,4.099999999880311,3.841953385581388,0,0,0
2025-10-29 19:30:00+00:00,8213,4.500000000007276,3.8772746815339367,0,0,0
2025-10-29 19:45:00+00:00,8213,4.200000000082582,3.855334417733294,0,0,0
2025-10-29 20:00:00+00:00,8213,4.500000000007276,3.841443605999572,0,0,0
2025-10-29 20:15:00+00:00,8213,4.30000000005748,3.7633949882819033,0,0,0
2025-10-29 20:30:00+00:00,8213,4.099999999880311,3.828922120668675,0,0,0
2025-10-29 22:00:00+00:00,8213,4.299999999830106,3.92246336198823,0,0,0
2025-10-29 22:15:00+00:00,8213,0.0,3.733767767908061,0,0,0
2025-10-29 22:30:00+00:00,8213,0.0,0.6581597502858565,0,0,0
2025-10-29 22:45:00+00:00,8213,0.0,0.0702729748047972,0,0,0
2025-10-29 23:00:00+00:00,8213,0.0,0.0820884316498964,0,0,0
2025-10-29 23:15:00+00:00,8213,0.0,0.0357923930517642,0,0,0
2025-10-29 23:30:00+00:00,8213,0.0,0.0313572457498863,0,0,0
2025-10-29 23:45:00+00:00,8213,0.0,0.0317383141048035,0,0,0
2025-10-30 00:00:00+00:00,8213,0.0,0.0302704086694682,0,0,0
2025-10-30 00:15:00+00:00,8213,0.0,0.0229724431402271,0,0,0
2025-10-30 00:30:00+00:00,8213,0.0,0.0310338441807849,0,0,0
2025-10-30 00:45:00+00:00,8213,0.0,0.0421501561879431,0,0,0
2025-10-30 01:00:00+00:00,8213,0.0,0.0484955807100395,0,0,0
2025-10-30 01:15:00+00:00,8213,0.0,0.0499921896581343,0,0,0
2025-10-30 01:30:00+00:00,8213,0.0,0.0511382520861467,0,0,0
2025-10-30 01:45:00+00:00,8213,0.0,0.0592180961077537,0,0,0
2025-10-30 02:00:00+00:00,8213,0.0,0.0659074432623725,0,0,0
2025-10-30 02:15:00+00:00,8213,0.0,0.0672075435461898,0,0,0
2025-10-30 02:30:00+00:00,8213,0.0,0.068373997157475,0,0,0
2025-10-30 02:45:00+00:00,8213,0.0,0.0839644205109813,0,0,0
2025-10-30 03:00:00+00:00,8213,0.0,0.116579923335381,0,0,0
2025-10-30 03:15:00+00:00,8213,0.0,0.141646272423856,0,0,0
2025-10-30 03:30:00+00:00,8213,0.0,0.1316131608529653,0,0,0
2025-10-30 03:45:00+00:00,8213,3.100000000131331,0.180328476972243,0,0,0
2025-10-30 04:00:00+00:00,8213,8.199999999987995,8.62118891717072,0,0,0
2025-10-30 04:15:00+00:00,8213,9.09999999998945,7.713287716973996,0,0,0
2025-10-30 04:30:00+00:00,8213,5.100000000084037,6.110716829223808,0,0,0
2025-10-30 04:45:00+00:00,8213,5.3999999997813575,5.354341862525489,0,0,0
2025-10-30 05:00:00+00:00,8213,5.500000000211003,5.063964918715378,0,0,0
2025-10-30 05:15:00+00:00,8213,5.799999999908323,5.063040951340845,0,0,0
2025-10-30 05:30:00+00:00,8213,5.499999999983629,4.9211448113133605,0,0,0
2025-10-30 05:45:00+00:00,8213,5.599999999958527,4.861457869672057,0,0,0
2025-10-30 06:00:00+00:00,8213,5.200000000058935,4.889287808554645,0,0,0
2025-10-30 06:15:00+00:00,8213,4.899999999906868,4.942430868807351,0,0,0
2025-10-30 06:30:00+00:00,8213,5.000000000109139,4.906985017792646,0,0,0
2025-10-30 06:45:00+00:00,8213,4.999999999881766,4.897155688174335,0,0,0
2025-10-30 07:00:00+00:00,8213,4.900000000134241,4.9597360997579845,0,0,0
2025-10-30 07:15:00+00:00,8213,5.200000000058935,4.971701698054441,0,0,0
2025-10-30 07:30:00+00:00,8213,4.899999999906868,5.007876955981625,0,0,0
2025-10-30 07:45:00+00:00,8213,5.200000000058935,4.96092450311432,0,0,0
2025-10-30 08:00:00+00:00,8213,5.699999999933425,4.9653084776377945,0,0,0
2025-10-30 08:15:00+00:00,8213,5.700000000160799,4.937024217996687,0,0,0
2025-10-30 08:30:00+00:00,8213,5.29999999980646,4.774470380632366,0,0,0
2025-10-30 08:45:00+00:00,8213,5.100000000084037,4.6838026077123285,0,0,0
2025-10-30 09:00:00+00:00,8213,4.899999999906868,4.697090385917804,0,0,0
2025-10-30 09:15:00+00:00,8213,4.79999999993197,4.762527121721405,0,0,0
2025-10-30 09:30:00+00:00,8213,4.600000000209548,4.73650641330371,0,0,0
2025-10-30 09:45:00+00:00,8213,4.699999999957072,4.642098351874845,0,0,0
2025-10-30 10:00:00+00:00,8213,4.400000000032378,4.531344094509903,0,0,0
2025-10-30 10:15:00+00:00,8213,4.399999999805004,4.377457159437204,0,0,0
2025-10-30 10:30:00+00:00,8213,4.600000000209548,4.201971934994161,0,0,0
2025-10-30 10:45:00+00:00,8213,4.199999999855208,4.107545690344543,0,0,0
2025-10-30 11:00:00+00:00,8213,3.8999999999305146,4.0478569303811645,0,0,0
2025-10-30 11:15:00+00:00,8213,4.000000000132786,3.973187274599939,0,0,0
2025-10-30 11:30:00+00:00,8213,4.000000000132786,3.915672188797396,0,0,0
2025-10-30 11:45:00+00:00,8213,3.699999999753345,3.859491881278249,0,0,0
2025-10-30 12:00:00+00:00,8213,3.699999999980719,3.730937679478053,0,0,0
2025-10-30 12:15:00+00:00,8213,3.500000000030923,3.541988559348531,0,0,0
2025-10-30 12:30:00+00:00,8213,4.100000000107684,3.603853071555117,0,0,0
2025-10-30 12:45:00+00:00,8213,4.000000000132786,3.638795507115269,0,0,0
2025-10-30 13:00:00+00:00,8213,4.299999999830106,3.67866481621851,0,0,0
2025-10-30 13:15:00+00:00,8213,3.7999999999556167,3.7634922685129295,0,0,0
2025-10-30 13:30:00+00:00,8213,3.300000000081127,3.7945799911536593,0,0,0
2025-10-30 13:45:00+00:00,8213,3.100000000131331,3.7410844361786473,0,0,0
2025-10-30 14:00:00+00:00,8213,3.7999999999556167,3.653313510084811,0,0,0
2025-10-30 14:15:00+00:00,8213,3.699999999980719,3.667450184939139,0,0,0
2025-10-30 14:30:00+00:00,8213,3.499999999803549,3.734393790222546,0,0,0
2025-10-30 14:45:00+00:00,8213,3.6000000000058208,3.641615984414308,0,0,0
2025-10-30 15:00:00+00:00,8213,3.8000000001829903,3.5555898682318405,0,0,0
2025-10-30 15:15:00+00:00,8213,3.6000000000058208,3.5276051122125587,0,0,0
2025-10-30 15:30:00+00:00,8213,3.399999999828651,3.594434033325075,0,0,0
2025-10-30 15:45:00+00:00,8213,3.400000000056025,3.59366241536442,0,0,0
2025-10-30 16:00:00+00:00,8213,3.699999999980719,3.5714978485477777,0,0,0
2025-10-30 16:15:00+00:00,8213,4.100000000107684,3.5583928117108683,0,0,0
2025-10-30 16:30:00+00:00,8213,3.7999999999556167,3.691694782329741,0,0,0
2025-10-30 16:45:00+00:00,8213,3.400000000056025,3.854245372690357,0,0,0
2025-10-30 17:00:00+00:00,8213,3.399999999828651,3.896504216760798,0,0,0
2025-10-30 17:15:00+00:00,8213,4.000000000132786,3.983949143682568,0,0,0
2025-10-30 17:30:00+00:00,8213,3.7999999999556167,4.070935593681074,0,0,0
2025-10-30 17:45:00+00:00,8213,3.7999999999556167,4.086269243981523,0,0,0
2025-10-30 18:00:00+00:00,8213,3.900000000157888,4.096441716951468,0,0,0
2025-10-30 18:15:00+00:00,8213,3.999999999905413,4.114119963687827,0,0,0
2025-10-30 18:30:00+00:00,8213,3.8999999999305146,4.167532655128266,0,0,0
2025-10-30 18:45:00+00:00,8213,3.7999999999556167,4.186626075959778,0,0,0
2025-10-30 19:00:00+00:00,8213,3.900000000157888,4.193328411129221,0,0,0
2025-10-30 19:15:00+00:00,8213,4.100000000107684,4.246834356516091,0,0,0
2025-10-30 19:30:00+00:00,8213,4.299999999830106,4.2680822292465015,0,0,0
2025-10-30 19:45:00+00:00,8213,4.30000000005748,4.234429763318605,0,0,0
2025-10-30 20:00:00+00:00,8213,4.199999999855208,4.23701385874786,0,0,0
2025-10-30 20:15:00+00:00,8213,4.000000000132786,4.171394251695546,0,0,0
2025-10-30 20:30:00+00:00,8213,4.199999999855208,4.202880316750907,0,0,0
2025-10-30 20:45:00+00:00,8213,4.400000000259752,4.274993931214896,0,0,0
2025-10-30 21:00:00+00:00,8213,3.999999999905413,4.360728596344727,0,0,0
2025-10-30 22:00:00+00:00,8213,4.199999999855208,4.302562810999534,0,0,0
2025-10-30 22:15:00+00:00,8213,2.7999999999792635,4.374513555757639,0,0,0
2025-10-30 22:30:00+00:00,8213,1.4000000001033186,1.4067544415244675,0,0,0
2025-10-30 22:45:00+00:00,8213,1.199999999926149,0.270089426697313,0,0,0
2025-10-30 23:00:00+00:00,8213,0.9999999999763532,0.4390822022904588,0,0,0
2025-10-30 23:15:00+00:00,8213,1.8000000000029104,0.5560371976923653,0,0,0
2025-10-30 23:30:00+00:00,8213,1.8999999999778083,1.0034358638329397,0,0,0
2025-10-30 23:45:00+00:00,8213,2.099999999927604,1.6640881871820463,0,0,0
2025-10-31 00:00:00+00:00,8213,2.200000000129876,1.9681271263747295,0,0,0
2025-10-31 00:15:00+00:00,8213,2.099999999927604,1.8752017767180984,0,0,0
2025-10-31 00:30:00+00:00,8213,2.300000000104774,1.893382594688048,0,0,0
2025-10-31 00:45:00+00:00,8213,2.099999999927604,2.1005957534924997,0,0,0
2025-10-31 01:00:00+00:00,8213,2.099999999927604,2.1925772641119177,0,0,0
2025-10-31 01:15:00+00:00,8213,2.100000000154978,2.17546811971508,0,0,0
2025-10-31 01:30:00+00:00,8213,2.2999999998774,2.150929603549026,0,0,0
2025-10-31 01:45:00+00:00,8213,2.200000000129876,2.228241541065914,0,0,0
2025-10-31 02:00:00+00:00,8213,2.2999999998774,2.2934471551457336,0,0,0
2025-10-31 04:45:00+00:00,8213,5.400000000008731,2.2992269516222734,0,0,0
2025-10-31 05:00:00+00:00,8213,4.999999999881766,3.1929211143943634,0,0,0
2025-10-31 05:15:00+00:00,8213,5.100000000084037,5.177319896168548,0,0,0
2025-10-31 05:30:00+00:00,8213,5.100000000084037,5.464310085233322,0,0,0
2025-10-31 05:45:00+00:00,8213,5.29999999980646,5.732992108842804,0,0,0
2025-10-31 06:00:00+00:00,8213,5.400000000008731,5.599488564233873,0,0,0
2025-10-31 06:15:00+00:00,8213,5.000000000109139,5.504944907930252,0,0,0
2025-10-31 06:30:00+00:00,8213,5.199999999831562,5.4499289759400185,0,0,0
2025-10-31 06:45:00+00:00,8213,5.000000000109139,5.388213306383308,0,0,0
2025-10-31 07:00:00+00:00,8213,4.999999999881766,5.304821679127609,0,0,0
2025-10-31 07:15:00+00:00,8213,5.400000000008731,5.20077703022041,0,0,0
2025-10-31 07:30:00+00:00,8213,5.300000000033833,5.175384941720165,0,0,0
2025-10-31 07:45:00+00:00,8213,4.800000000159344,5.127365393554975,0,0,0
2025-10-31 08:00:00+00:00,8213,4.699999999957072,5.0143158942104495,0,0,0
2025-10-31 08:15:00+00:00,8213,4.999999999881766,4.864860210035182,0,0,0
2025-10-31 08:30:00+00:00,8213,5.000000000109139,4.659185124416149,0,0,0
2025-10-31 08:45:00+00:00,8213,4.699999999957072,4.543739596097012,0,0,0
2025-10-31 09:00:00+00:00,8213,4.200000000082582,4.505116357135924,0,0,0
2025-10-31 09:15:00+00:00,8213,3.6000000000058208,4.431913567748847,0,0,0
2025-10-31 09:30:00+00:00,8213,4.399999999805004,4.246051958503132,0,0,0
2025-10-31 09:45:00+00:00,8213,4.100000000107684,4.129448938302939,0,0,0
2025-10-31 10:00:00+00:00,8213,3.699999999980719,3.970065475356998,0,0,0
2025-10-31 10:15:00+00:00,8213,3.900000000157888,3.812917509522452,0,0,0
2025-10-31 10:30:00+00:00,8213,3.699999999753345,3.5989995802957795,0,0,0
2025-10-31 10:45:00+00:00,8213,3.5000000002582965,3.4230684773038518,0,0,0
2025-10-31 11:00:00+00:00,8213,3.799999999728243,3.327261476798363,0,0,0
2025-10-31 11:15:00+00:00,8213,3.6000000000058208,3.2929512977998128,0,0,0
2025-10-31 11:30:00+00:00,8213,3.100000000131331,3.309397241689733,0,0,0
2025-10-31 11:45:00+00:00,8213,3.2999999998537533,3.146250631328874,0,0,0
2025-10-31 12:00:00+00:00,8213,3.200000000106229,3.0371170184535896,0,0,0
2025-10-31 12:15:00+00:00,8213,3.200000000106229,2.993821081399504,0,0,0
2025-10-31 12:30:00+00:00,8213,3.2999999998537533,3.002017557794224,0,0,0
2025-10-31 12:45:00+00:00,8213,3.000000000156433,2.994508147383659,0,0,0
2025-10-31 13:00:00+00:00,8213,2.9999999999290594,2.946942140696099,0,0,0
2025-10-31 13:15:00+00:00,8213,2.9999999999290594,2.8935030835855686,0,0,0
2025-10-31 13:30:00+00:00,8213,3.100000000131331,2.874921260657948,0,0,0
2025-10-31 13:45:00+00:00,8213,2.9999999999290594,2.878329185867448,0,0,0
2025-10-31 14:00:00+00:00,8213,2.5000000000545697,2.817083682447341,0,0,0
2025-10-31 14:15:00+00:00,8213,2.600000000029468,2.7675066115445346,0,0,0
2025-10-31 14:30:00+00:00,8213,2.9999999999290594,2.7572091289319145,0,0,0
2025-10-31 14:45:00+00:00,8213,2.5000000000545697,2.748912450002832,0,0,0
2025-10-31 15:00:00+00:00,8213,2.599999999802094,2.7762628713781417,0,0,0
2025-10-31 15:15:00+00:00,8213,2.800000000206637,2.7935958317404226,0,0,0
2025-10-31 15:30:00+00:00,8213,3.199999999878856,2.8676253732110792,0,0,0
2025-10-31 15:45:00+00:00,8213,2.900000000181535,2.9080743374158864,0,0,0
2025-10-31 16:00:00+00:00,8213,2.899999999726788,2.899143518663054,0,0,0
2025-10-31 16:15:00+00:00,8213,3.000000000156433,2.951652504032084,0,0,0
2025-10-31 16:30:00+00:00,8213,3.2999999998537533,3.2198290341046416,0,0,0
2025-10-31 16:45:00+00:00,8213,3.5000000002582965,3.2708382934020195,0,0,0
2025-10-31 17:00:00+00:00,8213,3.6000000000058208,3.3787954518946046,0,0,0
2025-10-31 17:15:00+00:00,8213,3.399999999828651,3.466726130570768,0,0,0
2025-10-31 17:30:00+00:00,8213,3.699999999980719,3.55628693498741,0,0,0
2025-10-31 17:45:00+00:00,8213,3.6000000000058208,3.532758496734168,0,0,0
2025-10-31 18:00:00+00:00,8213,3.500000000030923,3.5251142707297367,0,0,0
2025-10-31 18:15:00+00:00,8213,3.6000000000058208,3.5574604021267,0,0,0
2025-10-31 18:30:00+00:00,8213,3.6000000000058208,3.653261687905666,0,0,0
2025-10-31 18:45:00+00:00,8213,3.500000000030923,3.614265563038998,0,0,0
2025-10-31 19:00:00+00:00,8213,3.6000000000058208,3.582546363117558,0,0,0
2025-10-31 19:15:00+00:00,8213,3.699999999980719,3.5952247436675204,0,0,0
2025-10-31 19:30:00+00:00,8213,3.6000000000058208,3.6674987601145785,0,0,0
2025-10-31 19:45:00+00:00,8213,3.2999999998537533,3.6021199508570896,0,0,0
2025-10-31 20:00:00+00:00,8213,3.6000000000058208,3.531499698337489,0,0,0
2025-10-31 20:15:00+00:00,8213,3.6000000000058208,3.3843466593102534,0,0,0
2025-10-31 20:30:00+00:00,8213,3.900000000157888,3.4836760094358343,0,0,0
2025-10-31 20:45:00+00:00,8213,3.7999999999556167,3.6390116276819295,0,0,0
2025-10-31 21:00:00+00:00,8213,3.8999999999305146,3.7533753842464295,0,0,0
2025-10-31 21:15:00+00:00,8213,4.000000000132786,3.663998619999834,0,0,0
2025-10-31 21:30:00+00:00,8213,3.999999999905413,3.676943904254416,0,0,0
2025-10-31 21:45:00+00:00,8213,3.999999999905413,3.591170534840412,0,0,0
2025-10-31 22:00:00+00:00,8213,3.700000000208093,3.227701719289816,0,0,0
2025-10-31 22:15:00+00:00,8213,0.0,0.9835884238008576,0,0,0
2025-10-31 22:30:00+00:00,8213,0.0,0.1389936002763347,0,0,0
2025-10-31 22:45:00+00:00,8213,0.0,0.0855705184240369,0,0,0
2025-10-31 23:00:00+00:00,8213,0.0,0.1232458920633177,0,0,0
2025-10-31 23:15:00+00:00,8213,0.0,0.2201551853868639,0,0,0
2025-10-31 23:30:00+00:00,8213,0.0,0.1693452921170244,0,0,0
2025-10-31 23:45:00+00:00,8213,0.0,0.0623334013432825,0,0,0
2025-11-01 00:00:00+00:00,8213,0.0,0.0237467885839954,0,0,0
2025-11-01 00:15:00+00:00,8213,0.0,0.0434007721352835,0,0,0
2025-11-01 00:30:00+00:00,8213,0.0,0.0424796621240115,0,0,0
2025-11-01 00:45:00+00:00,8213,0.0,0.0434485680298335,0,0,0
2025-11-01 01:00:00+00:00,8213,0.0,0.0415864763446096,0,0,0
2025-11-01 01:15:00+00:00,8213,0.0,0.0466602443353518,0,0,0
2025-11-01 01:30:00+00:00,8213,0.0,0.046865065329116,0,0,0
2025-11-01 01:45:00+00:00,8213,0.0,0.045216496607588,0,0,0
2025-11-01 02:00:00+00:00,8213,0.0,0.0458181014542056,0,0,0
2025-11-01 02:15:00+00:00,8213,0.0,0.0454527485972247,0,0,0
2025-11-01 02:30:00+00:00,8213,0.0,0.0459723990703071,0,0,0
2025-11-01 02:45:00+00:00,8213,0.0,0.0528950109711532,0,0,0
2025-11-01 03:00:00+00:00,8213,0.0,0.0594138254911416,0,0,0
2025-11-01 03:15:00+00:00,8213,0.0,0.0630722895065831,0,0,0
2025-11-01 03:30:00+00:00,8213,0.0,0.0631503474756713,0,0,0
2025-11-01 03:45:00+00:00,8213,0.0,0.065548974053248,0,0,0
2025-11-01 04:00:00+00:00,8213,0.0,0.0723085863680612,0,0,0
2025-11-01 04:15:00+00:00,8213,0.0,0.0761745988603799,0,0,0
2025-11-01 04:30:00+00:00,8213,0.0,0.0727127733893637,0,0,0
2025-11-01 04:45:00+00:00,8213,0.0,0.0761884960362409,0,0,0
2025-11-01 05:00:00+00:00,8213,0.0,0.0940189623063305,0,0,0
2025-11-01 05:15:00+00:00,8213,0.0,0.1070876327017347,0,0,0
2025-11-01 05:30:00+00:00,8213,0.0,0.1032065541122209,0,0,0
2025-11-01 05:45:00+00:00,8213,0.0,0.1083285076379576,0,0,0
2025-11-01 06:00:00+00:00,8213,0.0,0.1476719320210016,0,0,0
2025-11-01 06:15:00+00:00,8213,0.0,0.2129874896463011,0,0,0
2025-11-01 06:30:00+00:00,8213,0.0,0.1537143461572694,0,0,0
2025-11-01 06:45:00+00:00,8213,0.0,0.1421799499529474,0,0,0
2025-11-01 07:00:00+00:00,8213,0.0,0.181306734248738,0,0,0
2025-11-01 07:15:00+00:00,8213,0.0,0.1365037978346983,0,0,0
2025-11-01 07:30:00+00:00,8213,0.0,0.1256541297718636,0,0,0
2025-11-01 07:45:00+00:00,8213,0.0,0.1273019192125022,0,0,0
2025-11-01 08:00:00+00:00,8213,0.0,0.113711130621199,0,0,0
2025-11-01 08:15:00+00:00,8213,0.0,0.1138947811508013,0,0,0
2025-11-01 08:30:00+00:00,8213,0.0,0.1285291567331605,0,0,0
2025-11-01 08:45:00+00:00,8213,2.199999999902502,0.4401269582028493,0,0,0
2025-11-01 09:00:00+00:00,8213,10.1999999999407,8.941447386684915,0,0,0
2025-11-01 09:15:00+00:00,8213,0.0,7.600396411650021,0,0,0
2025-11-01 09:30:00+00:00,8213,0.0,2.4644585604727616,0,0,0
2025-11-01 09:45:00+00:00,8213,0.0,0.4674776393384552,0,0,0
2025-11-01 10:00:00+00:00,8213,0.0,0.3373122742994217,0,0,0
2025-11-01 10:15:00+00:00,8213,0.0,0.2101694800700786,0,0,0
2025-11-01 10:30:00+00:00,8213,0.0,0.1852070351001904,0,0,0
2025-11-01 10:45:00+00:00,8213,0.0,0.1423361957712725,0,0,0
2025-11-01 11:00:00+00:00,8213,0.0,0.0911278302066525,0,0,0
2025-11-01 11:15:00+00:00,8213,0.0,0.0458051134393824,0,0,0
2025-11-01 11:30:00+00:00,8213,0.0,0.039482677703523,0,0,0
2025-11-01 11:45:00+00:00,8213,0.0,0.0397128253261929,0,0,0
2025-11-01 12:00:00+00:00,8213,0.0,0.0382824552536973,0,0,0
2025-11-01 12:15:00+00:00,8213,0.0,0.0377861832072969,0,0,0
2025-11-01 12:30:00+00:00,8213,0.0,0.0419661160178961,0,0,0
2025-11-01 12:45:00+00:00,8213,0.0,0.048955226554638,0,0,0
2025-11-01 13:00:00+00:00,8213,0.0,0.050101548742947,0,0,0
2025-11-01 13:15:00+00:00,8213,0.0,0.0438350913509764,0,0,0
2025-11-01 13:30:00+00:00,8213,0.0,0.0449421897345188,0,0,0
2025-11-01 13:45:00+00:00,8213,0.0,0.0461591667234668,0,0,0
2025-11-01 14:00:00+00:00,8213,0.0,0.0482425741812806,0,0,0
2025-11-01 14:15:00+00:00,8213,0.0,0.0522592476455503,0,0,0
2025-11-01 14:30:00+00:00,8213,0.0,0.059768917816412,0,0,0
2025-11-01 14:45:00+00:00,8213,0.0,0.0639813206640695,0,0,0
2025-11-01 15:00:00+00:00,8213,0.0,0.0598495733884649,0,0,0
2025-11-01 15:15:00+00:00,8213,0.0,0.1008709194065375,0,0,0
2025-11-01 15:30:00+00:00,8213,0.0,0.0904263475260431,0,0,0
2025-11-01 15:45:00+00:00,8213,0.0,0.072677316108896,0,0,0
2025-11-01 16:00:00+00:00,8213,0.0,0.0675227626659527,0,0,0
2025-11-01 16:15:00+00:00,8213,0.0,0.0696570831418739,0,0,0
2025-11-01 16:30:00+00:00,8213,0.0,0.0821107710353925,0,0,0
2025-11-01 16:45:00+00:00,8213,0.0,0.0712566870475179,0,0,0
2025-11-01 17:00:00+00:00,8213,0.0,0.0562544908853612,0,0,0
2025-11-01 17:15:00+00:00,8213,0.0,0.0617042619052394,0,0,0
2025-11-01 17:30:00+00:00,8213,0.0,0.0820744045938872,0,0,0
2025-11-01 17:45:00+00:00,8213,0.0,0.0825804176514048,0,0,0
2025-11-01 18:00:00+00:00,8213,0.0,0.0753080385113658,0,0,0
2025-11-01 18:15:00+00:00,8213,0.0,0.0776044494122827,0,0,0
2025-11-01 18:30:00+00:00,8213,0.0,0.0913917466678628,0,0,0
2025-11-01 18:45:00+00:00,8213,0.0,0.0768095829050936,0,0,0
2025-11-01 19:00:00+00:00,8213,0.0,0.0645491566721463,0,0,0
2025-11-01 19:15:00+00:00,8213,0.0,0.0679577312823866,0,0,0
2025-11-01 19:30:00+00:00,8213,0.0,0.0804514222615613,0,0,0
2025-11-01 19:45:00+00:00,8213,0.0,0.0667010109680792,0,0,0
2025-11-01 20:00:00+00:00,8213,0.0,0.0566106222518176,0,0,0
2025-11-01 20:15:00+00:00,8213,0.0,0.04674051026696,0,0,0
2025-11-01 20:30:00+00:00,8213,0.0,0.0338953636066656,0,0,0
2025-11-01 20:45:00+00:00,8213,0.0,0.0324165482388789,0,0,0
2025-11-01 21:00:00+00:00,8213,0.0,0.0508855053176844,0,0,0
2025-11-01 21:15:00+00:00,8213,0.0,0.0493817529614368,0,0,0
2025-11-01 21:30:00+00:00,8213,0.0,0.0630277406157391,0,0,0
2025-11-01 21:45:00+00:00,8213,0.0,0.0633506226642475,0,0,0
2025-11-01 22:00:00+00:00,8213,0.0,0.0416542737819873,0,0,0
2025-11-01 22:15:00+00:00,8213,0.0,0.0345876247967502,0,0,0
2025-11-01 22:30:00+00:00,8213,0.0,0.032399404059312,0,0,0
2025-11-01 22:45:00+00:00,8213,0.0,0.0315181672535476,0,0,0
2025-11-01 23:00:00+00:00,8213,0.0,0.0314497204154287,0,0,0
2025-11-01 23:15:00+00:00,8213,0.0,0.0321510732158896,0,0,0
2025-11-01 23:30:00+00:00,8213,0.0,0.0331479033535817,0,0,0
2025-11-01 23:45:00+00:00,8213,0.0,0.0356432906415922,0,0,0
2025-11-02 00:00:00+00:00,8213,0.0,0.0373719954145803,0,0,0
2025-11-02 00:15:00+00:00,8213,0.0,0.0400053154200148,0,0,0
2025-11-02 00:30:00+00:00,8213,0.0,0.0402366319640186,0,0,0
2025-11-02 00:45:00+00:00,8213,0.0,0.0386788494661058,0,0,0
2025-11-02 01:00:00+00:00,8213,0.0,0.0396195713797613,0,0,0
2025-11-02 01:15:00+00:00,8213,0.0,0.0423512106574084,0,0,0
2025-11-02 01:30:00+00:00,8213,0.0,0.0397719207936391,0,0,0
2025-11-02 01:45:00+00:00,8213,3.500000000030923,0.0432945301740286,0,0,0
2025-11-02 02:00:00+00:00,8213,7.2000000000116415,0.1891572099285643,0,0,0
2025-11-02 02:15:00+00:00,8213,3.400000000056025,3.560355690391121,0,0,0
2025-11-02 02:30:00+00:00,8213,2.899999999954161,1.473288047649938,0,0,0
2025-11-02 02:45:00+00:00,8213,2.7999999999792635,1.563656349418185,0,0,0
2025-11-02 03:00:00+00:00,8213,2.7999999999792635,2.0056584304595826,0,0,0
2025-11-02 03:15:00+00:00,8213,2.7000000000043656,2.101790715796322,0,0,0
2025-11-02 03:30:00+00:00,8213,2.7000000000043656,2.0930419565412755,0,0,0
2025-11-02 03:45:00+00:00,8213,2.7000000000043656,2.18291577211516,0,0,0
2025-11-02 04:00:00+00:00,8213,2.400000000079672,2.1450635991240965,0,0,0
2025-11-02 04:15:00+00:00,8213,2.399999999852298,1.9890085909719544,0,0,0
2025-11-02 04:30:00+00:00,8213,2.5000000000545697,1.968687672859487,0,0,0
2025-11-02 04:45:00+00:00,8213,2.400000000079672,2.0806498318380195,0,0,0
2025-11-02 05:00:00+00:00,8213,2.399999999852298,2.08724235334213,0,0,0
2025-11-02 05:15:00+00:00,8213,2.400000000079672,2.0631026341712277,0,0,0
2025-11-02 05:30:00+00:00,8213,2.300000000104774,2.027962261265168,0,0,0
2025-11-02 05:45:00+00:00,8213,2.499999999827196,2.010128125880891,0,0,0
2025-11-02 06:00:00+00:00,8213,2.300000000104774,2.015144389436003,0,0,0
2025-11-02 06:15:00+00:00,8213,2.400000000079672,2.012885806128259,0,0,0
2025-11-02 06:30:00+00:00,8213,2.2999999998774,1.9848558518173915,0,0,0
2025-11-02 06:45:00+00:00,8213,2.300000000104774,1.9483155982036344,0,0,0
2025-11-02 07:00:00+00:00,8213,2.199999999902502,1.9789695211492635,0,0,0
2025-11-02 07:15:00+00:00,8213,2.00000000018008,1.9157004850196797,0,0,0
2025-11-02 08:15:00+00:00,8213,0.0,1.8784478712628987,1,0,1
2025-11-02 08:30:00+00:00,8213,0.0,1.7129833629540998,1,0,1
2025-11-02 08:45:00+00:00,8213,2.499999999827196,0.7284589390790239,1,0,1
2025-11-02 09:00:00+00:00,8213,11.700000000246291,0.5681932002861327,1,0,1
2025-11-02 09:15:00+00:00,8213,9.999999999763531,4.448585503096695,0,0,0
2025-11-02 09:30:00+00:00,8213,5.700000000160799,4.595142522123686,0,0,0
2025-11-02 09:45:00+00:00,8213,5.400000000008731,4.453611864833331,0,0,0
2025-11-02 10:00:00+00:00,8213,4.79999999993197,4.148013487170845,0,0,0
2025-11-02 10:15:00+00:00,8213,4.79999999993197,4.207471839751257,0,0,0
2025-11-02 10:30:00+00:00,8213,4.600000000209548,4.288399900355262,0,0,0
2025-11-02 10:45:00+00:00,8213,4.399999999805004,4.112338787334952,0,0,0
2025-11-02 11:00:00+00:00,8213,4.500000000007276,3.9585004274376936,0,0,0
2025-11-02 11:15:00+00:00,8213,3.8999999999305146,3.413533326221288,0,0,0
2025-11-02 11:30:00+00:00,8213,4.500000000007276,3.035741717563945,0,0,0
2025-11-02 11:45:00+00:00,8213,4.100000000107684,3.605644118799258,0,0,0
2025-11-02 12:00:00+00:00,8213,3.7999999999556167,3.710292970156039,0,0,0
2025-11-02 12:15:00+00:00,8213,3.8000000001829903,3.676866365805921,0,0,0
2025-11-02 12:30:00+00:00,8213,3.7999999999556167,3.611637048599048,0,0,0
2025-11-02 12:45:00+00:00,8213,3.8999999999305146,3.5958247899523594,0,0,0
2025-11-02 13:00:00+00:00,8213,3.500000000030923,3.547124929570722,0,0,0
2025-11-02 13:15:00+00:00,8213,3.7999999999556167,3.5471844146786125,0,0,0
2025-11-02 13:30:00+00:00,8213,3.699999999980719,3.603435896518992,0,0,0
2025-11-02 13:45:00+00:00,8213,3.699999999980719,3.407523641882375,0,0,0
2025-11-02 14:00:00+00:00,8213,3.699999999980719,3.2558325904758605,0,0,0
2025-11-02 14:15:00+00:00,8213,3.300000000081127,3.1756662769412447,0,0,0
2025-11-02 14:30:00+00:00,8213,3.400000000056025,3.121333644410868,0,0,0
2025-11-02 14:45:00+00:00,8213,2.899999999954161,3.0251297301723774,0,0,0
2025-11-02 15:00:00+00:00,8213,3.2999999998537533,2.972288511384166,0,0,0
2025-11-02 15:15:00+00:00,8213,3.300000000081127,3.003736781316391,0,0,0
2025-11-02 15:30:00+00:00,8213,3.400000000056025,3.0576034038749063,0,0,0
2025-11-02 15:45:00+00:00,8213,3.7999999999556167,3.126576256594313,0,0,0
2025-11-02 16:00:00+00:00,8213,3.900000000157888,3.192669017026642,0,0,0
2025-11-02 16:15:00+00:00,8213,3.2999999998537533,3.267240613295951,0,0,0
2025-11-02 16:30:00+00:00,8213,3.7999999999556167,3.3513717781156918,0,0,0
2025-11-02 16:45:00+00:00,8213,4.200000000082582,3.4750984646861967,0,0,0
2025-11-02 17:00:00+00:00,8213,4.100000000107684,3.645823321936184,0,0,0
2025-11-02 17:15:00+00:00,8213,4.199999999855208,3.7709544025495383,0,0,0
2025-11-02 17:30:00+00:00,8213,4.79999999993197,3.950891009312989,0,0,0
2025-11-02 17:45:00+00:00,8213,4.100000000107684,4.156478555712113,0,0,0
2025-11-02 18:00:00+00:00,8213,4.599999999982174,4.169326559735668,0,0,0
2025-11-02 18:15:00+00:00,8213,4.699999999957072,4.193708959963545,0,0,0
2025-11-02 18:30:00+00:00,8213,4.599999999982174,4.28254308495082,0,0,0
2025-11-02 18:45:00+00:00,8213,4.30000000005748,4.228155513117741,0,0,0
2025-11-02 19:00:00+00:00,8213,4.599999999982174,4.116278831511765,0,0,0
2025-11-02 19:15:00+00:00,8213,4.500000000007276,4.027649657398401,0,0,0
2025-11-02 19:30:00+00:00,8213,4.500000000007276,4.009299670535378,0,0,0
2025-11-02 19:45:00+00:00,8213,4.500000000007276,3.555581036381761,0,0,0
2025-11-02 20:00:00+00:00,8213,4.30000000005748,2.143845810384222,0,0,0
2025-11-02 20:15:00+00:00,8213,0.0,0.7295162284257188,0,0,0
2025-11-02 20:30:00+00:00,8213,0.0,0.1159115600925713,0,0,0
2025-11-02 20:45:00+00:00,8213,0.0,0.0681745012497885,0,0,0
2025-11-02 21:00:00+00:00,8213,0.0,0.2060421487195138,0,0,0
2025-11-02 21:15:00+00:00,8213,0.0,0.201370619547851,0,0,0
2025-11-02 21:30:00+00:00,8213,0.0,0.214940237674992,0,0,0
2025-11-02 21:45:00+00:00,8213,0.0,0.0437310573522413,0,0,0
2025-11-02 22:00:00+00:00,8213,0.0,0.038791845195069,0,0,0
2025-11-02 22:15:00+00:00,8213,0.0,0.0204364033658197,0,0,0
2025-11-02 22:30:00+00:00,8213,0.0,0.0242772191093811,0,0,0
2025-11-02 22:45:00+00:00,8213,0.0,0.0295963307001363,0,0,0
2025-11-02 23:00:00+00:00,8213,0.0,0.0264941433595788,0,0,0
2025-11-02 23:15:00+00:00,8213,0.0,0.0269774273911558,0,0,0
2025-11-02 23:30:00+00:00,8213,0.0,0.0331419288667631,0,0,0
2025-11-02 23:45:00+00:00,8213,0.0,0.0377403355149705,0,0,0
2025-11-03 00:00:00+00:00,8213,0.0,0.0349759664399684,0,0,0
2025-11-03 00:15:00+00:00,8213,0.0,0.0400841526699926,0,0,0
2025-11-03 00:30:00+00:00,8213,0.0,0.0379081406664882,0,0,0
2025-11-03 00:45:00+00:00,8213,0.0,0.0391838234824377,0,0,0
2025-11-03 01:00:00+00:00,8213,0.0,0.0510295424020754,0,0,0
2025-11-03 01:15:00+00:00,8213,0.0,0.0600036112442698,0,0,0
2025-11-03 01:30:00+00:00,8213,0.0999999999748979,0.0719338821404074,0,0,0
2025-11-03 01:45:00+00:00,8213,9.499999999889042,0.1013452417078863,0,0,0
2025-11-03 02:00:00+00:00,8213,2.7000000000043656,6.952027438380023,0,0,0
2025-11-03 02:15:00+00:00,8213,2.600000000029468,3.343710667691989,0,0,0
2025-11-03 02:30:00+00:00,8213,2.600000000029468,1.5548139141062252,0,0,0
2025-11-03 02:45:00+00:00,8213,2.600000000029468,2.5587019338736665,0,0,0
2025-11-03 03:00:00+00:00,8213,2.7000000000043656,3.504112910520674,0,0,0
2025-11-03 03:15:00+00:00,8213,2.7000000000043656,3.4239021779753624,0,0,0
2025-11-03 03:30:00+00:00,8213,2.7000000000043656,3.19342647805114,0,0,0
2025-11-03 03:45:00+00:00,8213,3.999999999905413,4.353993271617634,0,0,0
2025-11-03 04:00:00+00:00,8213,11.199999999917054,3.4779594645914846,0,0,0
2025-11-03 04:15:00+00:00,8213,7.900000000063301,8.177815496584198,0,0,0
2025-11-03 04:30:00+00:00,8213,6.700000000137152,6.90632261421665,0,0,0
2025-11-03 04:45:00+00:00,8213,6.1000000000603904,6.186332012484172,0,0,0
2025-11-03 05:00:00+00:00,8213,6.199999999807915,6.002211836265973,0,0,0
2025-11-03 05:15:00+00:00,8213,6.300000000010186,6.029600442404863,0,0,0
2025-11-03 05:30:00+00:00,8213,6.1000000000603904,5.973384158084656,0,0,0
2025-11-03 05:45:00+00:00,8213,6.799999999884676,5.946327006084058,0,0,0
2025-11-03 06:00:00+00:00,8213,6.600000000162254,6.001636726969595,0,0,0
2025-11-03 06:15:00+00:00,8213,6.399999999985084,5.940217184150857,0,0,0
2025-11-03 06:30:00+00:00,8213,6.200000000035288,5.929239454261863,0,0,0
2025-11-03 06:45:00+00:00,8213,6.199999999807915,5.958261173384642,0,0,0
2025-11-03 07:00:00+00:00,8213,6.399999999985084,6.0408389716315085,0,0,0
2025-11-03 07:15:00+00:00,8213,6.300000000010186,5.978079065683001,0,0,0
2025-11-03 07:30:00+00:00,8213,6.200000000262662,5.9906410736201465,0,0,0
2025-11-03 07:45:00+00:00,8213,6.199999999807915,5.986183586932771,0,0,0
2025-11-03 08:00:00+00:00,8213,5.9000000001105946,5.9052383821492,0,0,0
2025-11-03 08:15:00+00:00,8213,5.799999999908323,5.74762830274724,0,0,0
2025-11-03 08:30:00+00:00,8213,5.9000000001105946,5.4294780477991695,0,0,0
2025-11-03 08:45:00+00:00,8213,5.400000000008731,5.37097821071272,0,0,0
2025-11-03 09:00:00+00:00,8213,5.099999999856664,5.394202339778651,0,0,0
2025-11-03 09:15:00+00:00,8213,5.200000000058935,5.323987573081835,0,0,0
2025-11-03 09:30:00+00:00,8213,4.999999999881766,5.191199148569078,0,0,0
2025-11-03 09:45:00+00:00,8213,4.400000000032378,5.046697093247436,0,0,0
2025-11-03 10:00:00+00:00,8213,4.500000000007276,4.8297029527098525,0,0,0
2025-11-03 10:15:00+00:00,8213,4.600000000209548,4.587597264792208,0,0,0
2025-11-03 10:30:00+00:00,8213,4.699999999729698,4.278331851024497,0,0,0
2025-11-03 10:45:00+00:00,8213,4.600000000209548,4.168867043771217,0,0,0
2025-11-03 11:00:00+00:00,8213,3.8999999999305146,4.1476713828603975,0,0,0
2025-11-03 11:15:00+00:00,8213,3.8999999999305146,3.90952158449765,0,0,0
2025-11-03 11:30:00+00:00,8213,3.8999999999305146,3.74270689899038,0,0,0
2025-11-03 11:45:00+00:00,8213,3.900000000157888,3.513604291993283,0,0,0
2025-11-03 12:00:00+00:00,8213,3.500000000030923,3.409205849562296,0,0,0
2025-11-03 12:15:00+00:00,8213,3.500000000030923,3.454813393494642,0,0,0
2025-11-03 12:30:00+00:00,8213,3.499999999803549,3.257204514481651,0,0,0
2025-11-03 12:45:00+00:00,8213,3.300000000081127,3.028607141261181,0,0,0
2025-11-03 13:00:00+00:00,8213,3.300000000081127,3.168895624813832,0,0,0
2025-11-03 13:15:00+00:00,8213,3.300000000081127,3.225452714643004,0,0,0
2025-11-03 13:30:00+00:00,8213,3.2999999998537533,3.270471511863408,0,0,0
2025-11-03 13:45:00+00:00,8213,3.400000000056025,3.2317663185287837,0,0,0
2025-11-03 14:00:00+00:00,8213,3.500000000030923,3.1911805905278863,0,0,0
2025-11-03 14:15:00+00:00,8213,3.499999999803549,3.230850793363885,0,0,0
2025-11-03 14:30:00+00:00,8213,3.300000000081127,3.283400431219313,0,0,0
2025-11-03 14:45:00+00:00,8213,3.200000000106229,3.241636040873196,0,0,0
2025-11-03 15:00:00+00:00,8213,3.6000000000058208,3.2529243141966155,0,0,0
2025-11-03 15:15:00+00:00,8213,3.499999999803549,3.325370811480528,0,0,0
2025-11-03 15:30:00+00:00,8213,3.400000000056025,3.42037606183097,0,0,0
2025-11-03 15:45:00+00:00,8213,3.400000000056025,3.432702726939517,0,0,0
2025-11-03 16:00:00+00:00,8213,3.300000000081127,3.4159076652111446,0,0,0
2025-11-03 16:15:00+00:00,8213,3.199999999878856,3.413643984107583,0,0,0
2025-11-03 16:30:00+00:00,8213,3.300000000081127,3.4573022867752403,0,0,0
2025-11-03 16:45:00+00:00,8213,3.400000000056025,3.429982257354617,0,0,0
2025-11-03 17:00:00+00:00,8213,2.9999999999290594,3.4262411895649,0,0,0
2025-11-03 17:15:00+00:00,8213,3.100000000131331,3.381176934292614,0,0,0
2025-11-03 17:30:00+00:00,8213,3.499999999803549,3.431690441064185,0,0,0
2025-11-03 17:45:00+00:00,8213,3.300000000081127,3.4229239206988678,0,0,0
2025-11-03 18:00:00+00:00,8213,3.6000000000058208,3.393342028496758,0,0,0
2025-11-03 18:15:00+00:00,8213,3.699999999980719,3.434729117012256,0,0,0
2025-11-03 18:30:00+00:00,8213,3.699999999980719,3.541636064626225,0,0,0
2025-11-03 18:45:00+00:00,8213,3.199999999878856,3.5191562786898203,0,0,0
2025-11-03 19:00:00+00:00,8213,3.300000000081127,3.4789170709244104,0,0,0
2025-11-03 19:15:00+00:00,8213,3.400000000056025,3.529934642551275,0,0,0
2025-11-03 19:30:00+00:00,8213,3.6000000000058208,3.6211107663714976,0,0,0
2025-11-03 19:45:00+00:00,8213,3.2999999998537533,3.561463697935701,0,0,0
2025-11-03 20:00:00+00:00,8213,3.6000000000058208,3.520769000490436,0,0,0
2025-11-03 20:15:00+00:00,8213,3.300000000081127,3.2982969049408077,0,0,0
2025-11-03 20:30:00+00:00,8213,3.300000000081127,3.2809575155111887,0,0,0
2025-11-03 20:45:00+00:00,8213,3.6000000000058208,3.382628474829272,0,0,0
2025-11-03 21:00:00+00:00,8213,3.500000000030923,3.465762419870875,0,0,0
2025-11-03 21:15:00+00:00,8213,3.499999999803549,3.3240210969800854,0,0,0
2025-11-03 21:30:00+00:00,8213,3.6000000000058208,3.3094750398985244,0,0,0
2025-11-03 21:45:00+00:00,8213,3.6000000000058208,2.948713186397412,0,0,0
2025-11-03 22:00:00+00:00,8213,3.699999999980719,1.3053459699859644,0,0,0
2025-11-03 22:15:00+00:00,8213,0.0,0.7652003445723576,0,0,0
2025-11-03 22:30:00+00:00,8213,0.0,0.0678310981378591,0,0,0
2025-11-03 22:45:00+00:00,8213,0.0,0.0596964446936976,0,0,0
2025-11-03 23:00:00+00:00,8213,0.0,0.0859391182847235,0,0,0
2025-11-03 23:15:00+00:00,8213,0.0,0.1061598988029026,0,0,0
2025-11-03 23:30:00+00:00,8213,0.0,0.0957993593783155,0,0,0
2025-11-03 23:45:00+00:00,8213,0.0,0.0526214833789735,0,0,0
2025-11-04 00:00:00+00:00,8213,0.0,0.0435842927847374,0,0,0
2025-11-04 00:15:00+00:00,8213,0.0,0.0305393904564599,0,0,0
2025-11-04 00:30:00+00:00,8213,0.0,0.0345730782201481,0,0,0
2025-11-04 00:45:00+00:00,8213,0.0,0.0463797032151673,0,0,0
2025-11-04 01:00:00+00:00,8213,0.0,0.0470963818731198,0,0,0
2025-11-04 01:15:00+00:00,8213,0.0,0.0527857817664889,0,0,0
2025-11-04 01:30:00+00:00,8213,0.0,0.0554880681306353,0,0,0
2025-11-04 01:45:00+00:00,8213,0.0,0.0605641739640456,0,0,0
2025-11-04 02:00:00+00:00,8213,0.0,0.0670866251281845,0,0,0
2025-11-04 06:30:00+00:00,8213,3.8999999999305146,0.0647003371646901,0,0,0
2025-11-04 06:45:00+00:00,8213,3.8999999999305146,4.57218932304697,0,0,0
2025-11-04 07:00:00+00:00,8213,3.300000000081127,5.953639258429604,0,0,0
2025-11-04 07:15:00+00:00,8213,3.500000000030923,4.119845340382257,0,0,0
2025-11-04 07:30:00+00:00,8213,3.300000000081127,4.579717436198881,0,0,0
2025-11-04 07:45:00+00:00,8213,3.2999999998537533,4.118628623153605,0,0,0
2025-11-04 08:00:00+00:00,8213,3.500000000030923,3.800439923681659,0,0,0
2025-11-04 08:15:00+00:00,8213,3.6000000000058208,3.783138329375176,0,0,0
2025-11-04 08:30:00+00:00,8213,3.6000000000058208,3.613051833053756,0,0,0
2025-11-04 08:45:00+00:00,8213,3.400000000056025,3.4360663630184685,0,0,0
2025-11-04 09:00:00+00:00,8213,3.6000000000058208,3.334112784497829,0,0,0
2025-11-04 09:15:00+00:00,8213,3.2999999998537533,3.3083097552085734,0,0,0
2025-11-04 09:30:00+00:00,8213,3.200000000106229,3.26857370313742,0,0,0
2025-11-04 09:45:00+00:00,8213,3.199999999878856,3.1814623084363136,0,0,0
2025-11-04 10:00:00+00:00,8213,3.200000000106229,3.11971520788373,0,0,0
2025-11-04 10:15:00+00:00,8213,3.199999999878856,3.134135411101652,0,0,0
2025-11-04 10:30:00+00:00,8213,2.800000000206637,3.114216212287671,0,0,0
2025-11-04 10:45:00+00:00,8213,2.7999999999792635,2.9925085126214555,0,0,0
2025-11-04 11:00:00+00:00,8213,2.499999999827196,2.7216477495253564,0,0,0
2025-11-04 11:15:00+00:00,8213,2.400000000079672,2.5775741688127374,0,0,0
2025-11-04 11:30:00+00:00,8213,2.00000000018008,2.4665478125372458,0,0,0
2025-11-04 11:45:00+00:00,8213,1.9999999999527065,2.273673876678293,0,0,0
2025-11-04 12:00:00+00:00,8213,1.8999999999778083,2.0844834392333538,0,0,0
2025-11-04 12:15:00+00:00,8213,2.499999999827196,2.070893624743163,0,0,0
2025-11-04 12:30:00+00:00,8213,2.300000000104774,1.988358427184916,0,0,0
2025-11-04 12:45:00+00:00,8213,2.2999999998774,2.1537727774039688,0,0,0
2025-11-04 13:00:00+00:00,8213,2.400000000079672,2.1694623967206885,0,0,0
2025-11-04 13:15:00+00:00,8213,2.099999999927604,2.0366899149961264,0,0,0
2025-11-04 13:30:00+00:00,8213,2.200000000129876,2.00338858004898,0,0,0
2025-11-04 13:45:00+00:00,8213,2.200000000129876,2.0600264878003904,0,0,0
2025-11-04 14:00:00+00:00,8213,2.199999999902502,2.026628976603477,0,0,0
2025-11-04 14:15:00+00:00,8213,2.199999999902502,2.042809932520964,0,0,0
2025-11-04 14:30:00+00:00,8213,2.300000000104774,2.071867238804358,0,0,0
2025-11-04 14:45:00+00:00,8213,2.2999999998774,2.113581755173553,0,0,0
2025-11-04 15:00:00+00:00,8213,2.200000000129876,2.1415029023902377,0,0,0
2025-11-04 15:15:00+00:00,8213,2.2999999998774,2.159951630635956,0,0,0
2025-11-04 15:30:00+00:00,8213,2.400000000079672,2.2609647145331992,0,0,0
2025-11-04 15:45:00+00:00,8213,2.399999999852298,2.2983216869890857,0,0,0
2025-11-04 16:00:00+00:00,8213,2.6000000002568413,2.310375376496082,0,0,0
2025-11-04 16:15:00+00:00,8213,2.7000000000043656,2.375492022674362,0,0,0
2025-11-04 16:30:00+00:00,8213,2.7000000000043656,2.4649840555525144,0,0,0
2025-11-04 16:45:00+00:00,8213,2.899999999954161,2.498553982646208,0,0,0
2025-11-04 17:00:00+00:00,8213,3.0999999999039574,2.562805951737624,0,0,0
2025-11-04 17:15:00+00:00,8213,2.899999999954161,2.641611056378678,0,0,0
2025-11-04 17:30:00+00:00,8213,2.7999999999792635,2.7508966939674693,0,0,0
2025-11-04 17:45:00+00:00,8213,2.899999999954161,2.787596732633591,0,0,0
2025-11-04 18:00:00+00:00,8213,3.100000000131331,2.822761133367073,0,0,0
2025-11-04 18:15:00+00:00,8213,2.899999999954161,2.866690755664391,0,0,0
2025-11-04 18:30:00+00:00,8213,3.0999999999039574,2.928565528402688,0,0,0
2025-11-04 18:45:00+00:00,8213,3.100000000131331,2.933814374833249,0,0,0
2025-11-04 19:00:00+00:00,8213,2.9999999999290594,2.932859495983436,0,0,0
2025-11-04 19:15:00+00:00,8213,3.300000000081127,2.9669726467971165,0,0,0
2025-11-04 19:30:00+00:00,8213,3.2999999998537533,3.0534350303975,0,0,0
2025-11-04 19:45:00+00:00,8213,3.200000000106229,3.0787341247116093,0,0,0
2025-11-04 20:00:00+00:00,8213,3.500000000030923,3.06855827485781,0,0,0
2025-11-04 20:15:00+00:00,8213,3.400000000056025,2.9881888287713574,0,0,0
2025-11-04 20:30:00+00:00,8213,3.199999999878856,3.034027429487411,0,0,0
2025-11-04 20:45:00+00:00,8213,3.300000000081127,3.0771068563343915,0,0,0
2025-11-04 21:00:00+00:00,8213,3.400000000056025,3.1100455009675967,0,0,0
2025-11-04 21:15:00+00:00,8213,3.400000000056025,3.036284097062968,0,0,0
2025-11-04 21:30:00+00:00,8213,3.0999999999039574,3.013866913358012,0,0,0
2025-11-04 21:45:00+00:00,8213,3.500000000030923,2.9848280500556665,0,0,0
2025-11-04 22:00:00+00:00,8213,3.2999999998537533,2.712651990698407,0,0,0
2025-11-04 22:15:00+00:00,8213,0.0,1.403748333023566,0,0,0
2025-11-04 22:30:00+00:00,8213,0.0,0.052264053211035,0,0,0
2025-11-04 22:45:00+00:00,8213,0.0,0.0267153292520205,0,0,0
2025-11-04 23:00:00+00:00,8213,0.0,0.0609990127003314,0,0,0
2025-11-04 23:15:00+00:00,8213,0.0,0.0868552928503627,0,0,0
2025-11-04 23:30:00+00:00,8213,0.0,0.0802738760989261,0,0,0
2025-11-04 23:45:00+00:00,8213,0.0,0.0436783260120585,0,0,0
2025-11-05 00:00:00+00:00,8213,0.0,0.0280006231989393,0,0,0
2025-11-05 00:15:00+00:00,8213,0.0,0.0387470365439286,0,0,0
2025-11-05 00:30:00+00:00,8213,0.0,0.0401829914627982,0,0,0
2025-11-05 00:45:00+00:00,8213,0.0,0.0314797227296705,0,0,0
2025-11-05 01:00:00+00:00,8213,0.0,0.0226802128067018,0,0,0
2025-11-05 01:15:00+00:00,8213,0.0,0.0248616797764318,0,0,0
2025-11-05 01:30:00+00:00,8213,0.0,0.0315389480772649,0,0,0
2025-11-05 01:45:00+00:00,8213,0.0,0.046556340216765,0,0,0
2025-11-05 02:00:00+00:00,8213,0.0,0.0625138048691791,0,0,0
2025-11-05 02:15:00+00:00,8213,0.0,0.0754761034231801,0,0,0
2025-11-05 02:30:00+00:00,8213,0.0,0.077025183951161,0,0,0
2025-11-05 02:45:00+00:00,8213,0.0,0.0989868779762623,0,0,0
2025-11-05 03:00:00+00:00,8213,0.0,0.1345628688994966,0,0,0
2025-11-05 03:15:00+00:00,8213,0.0,0.1617049625170397,0,0,0
2025-11-05 03:30:00+00:00,8213,0.0,0.1485371935685333,0,0,0
2025-11-05 03:45:00+00:00,8213,2.899999999954161,0.2840120590673527,0,0,0
2025-11-05 04:00:00+00:00,8213,10.500000000092768,8.563535119369863,0,0,0
2025-11-05 04:15:00+00:00,8213,9.199999999964348,7.401679784852746,0,0,0
2025-11-05 04:30:00+00:00,8213,5.699999999933425,5.733146666219202,0,0,0
2025-11-05 04:45:00+00:00,8213,5.200000000058935,5.009766971898719,0,0,0
2025-11-05 05:00:00+00:00,8213,4.200000000082582,4.713845964081113,0,0,0
2025-11-05 05:15:00+00:00,8213,4.599999999982174,4.412895737163607,0,0,0
2025-11-05 05:30:00+00:00,8213,4.400000000032378,4.133663549113116,0,0,0
2025-11-05 05:45:00+00:00,8213,5.000000000109139,4.078635148628653,0,0,0
2025-11-05 06:00:00+00:00,8213,4.5999999997548,4.140702793387076,0,0,0
2025-11-05 06:15:00+00:00,8213,4.7000000001844455,4.194011061188336,0,0,0
2025-11-05 06:30:00+00:00,8213,4.399999999805004,4.200620661931939,0,0,0
2025-11-05 06:45:00+00:00,8213,4.200000000082582,4.206953877720102,0,0,0
2025-11-05 07:00:00+00:00,8213,4.599999999982174,4.247127366130506,0,0,0
2025-11-05 07:15:00+00:00,8213,4.400000000032378,4.2389324482975645,0,0,0
2025-11-05 07:30:00+00:00,8213,4.599999999982174,4.289223080734766,0,0,0
2025-11-05 07:45:00+00:00,8213,4.200000000082582,4.2854043446164045,0,0,0
2025-11-05 08:00:00+00:00,8213,4.199999999855208,4.240863246581204,0,0,0
2025-11-05 08:15:00+00:00,8213,4.100000000107684,4.203227876027579,0,0,0
2025-11-05 09:00:00+00:00,8213,4.199999999855208,3.9180253573230903,0,0,0
2025-11-05 09:15:00+00:00,8213,3.699999999980719,3.683495968092352,0,0,0
2025-11-05 09:30:00+00:00,8213,3.7999999999556167,3.73389206320992,0,0,0
2025-11-05 09:45:00+00:00,8213,3.400000000056025,3.538854421491508,0,0,0
2025-11-05 10:00:00+00:00,8213,3.199999999878856,3.4304709963524207,0,0,0
2025-11-05 10:15:00+00:00,8213,3.000000000156433,3.2830609245118305,0,0,0
2025-11-05 10:30:00+00:00,8213,3.500000000030923,3.0062212586719497,0,0,0
2025-11-05 10:45:00+00:00,8213,2.899999999954161,2.8781882659066143,0,0,0
2025-11-05 11:00:00+00:00,8213,2.7000000000043656,2.672859181002475,0,0,0
2025-11-05 11:15:00+00:00,8213,2.600000000029468,2.473662711997552,0,0,0
2025-11-05 11:30:00+00:00,8213,2.499999999827196,2.3387060682901843,0,0,0
2025-11-05 11:45:00+00:00,8213,2.5000000000545697,2.3418231918477885,0,0,0
2025-11-05 12:00:00+00:00,8213,2.200000000129876,2.291160809956305,0,0,0
2025-11-05 12:15:00+00:00,8213,2.099999999927604,2.232217886744157,0,0,0
2025-11-05 12:30:00+00:00,8213,2.199999999902502,2.069191805160859,0,0,0
2025-11-05 12:45:00+00:00,8213,2.00000000018008,1.9547784668497712,0,0,0
2025-11-05 13:00:00+00:00,8213,1.9999999999527065,1.9262857171007108,0,0,0
2025-11-05 13:15:00+00:00,8213,1.199999999926149,1.8976811405440213,0,0,0
2025-11-05 13:30:00+00:00,8213,0.0,1.7515526448311072,0,0,0
2025-11-05 13:45:00+00:00,8213,0.0,1.0974876640152005,0,0,0
2025-11-05 14:00:00+00:00,8213,0.0,0.257258956493769,0,0,0
2025-11-05 14:15:00+00:00,8213,0.0,0.2392350986829599,0,0,0
2025-11-05 14:30:00+00:00,8213,0.0,0.2468711422380527,0,0,0
2025-11-05 14:45:00+00:00,8213,0.0,0.1529458453201717,0,0,0
2025-11-05 15:00:00+00:00,8213,0.0,0.0407656338077737,0,0,0
2025-11-05 15:15:00+00:00,8213,0.0,0.0302296263029229,0,0,0
2025-11-05 15:30:00+00:00,8213,0.0,0.0306591399531312,0,0,0
2025-11-05 15:45:00+00:00,8213,2.9999999999290594,0.0400693463330938,0,0,0
2025-11-05 16:00:00+00:00,8213,5.600000000185901,0.843166098755453,0,0,0
2025-11-05 16:15:00+00:00,8213,2.600000000029468,1.968754268905494,0,0,0
2025-11-05 16:30:00+00:00,8213,2.599999999802094,2.3131481877807194,0,0,0
2025-11-05 16:45:00+00:00,8213,2.7000000000043656,2.2548420669353604,0,0,0
2025-11-05 17:00:00+00:00,8213,2.600000000029468,2.4548606123385275,0,0,0
2025-11-05 17:15:00+00:00,8213,3.000000000156433,2.7615752449350066,0,0,0
2025-11-05 17:30:00+00:00,8213,3.400000000056025,2.9877424307018785,0,0,0
2025-11-05 17:45:00+00:00,8213,3.199999999878856,3.184519557245582,0,0,0
2025-11-05 18:00:00+00:00,8213,3.199999999878856,3.1402505581209303,0,0,0
2025-11-05 18:15:00+00:00,8213,3.100000000131331,3.037707713367756,0,0,0
2025-11-05 18:30:00+00:00,8213,3.500000000030923,3.127854537013228,0,0,0
2025-11-05 18:45:00+00:00,8213,3.300000000081127,3.178188939060384,0,0,0
2025-11-05 19:00:00+00:00,8213,3.6000000000058208,3.2011136943846368,0,0,0
2025-11-05 19:15:00+00:00,8213,3.2999999998537533,3.2299516330976648,0,0,0
2025-11-05 19:30:00+00:00,8213,3.500000000030923,3.296509624220966,0,0,0
2025-11-05 19:45:00+00:00,8213,3.7999999999556167,3.315087290983843,0,0,0
2025-11-05 20:00:00+00:00,8213,3.7999999999556167,3.348405835050631,0,0,0
2025-11-05 20:15:00+00:00,8213,3.6000000000058208,3.315567847532307,0,0,0
2025-11-05 20:30:00+00:00,8213,3.699999999980719,3.4091451955330703,0,0,0
2025-11-05 20:45:00+00:00,8213,3.7999999999556167,3.5170600130973315,0,0,0
2025-11-05 21:00:00+00:00,8213,4.000000000132786,3.611251174678647,0,0,0
2025-11-05 21:15:00+00:00,8213,3.7999999999556167,3.594189339125803,0,0,0
2025-11-05 21:30:00+00:00,8213,3.7999999999556167,3.658968751499194,0,0,0
2025-11-05 21:45:00+00:00,8213,3.900000000157888,3.5722721939915463,0,0,0
2025-11-05 22:00:00+00:00,8213,3.699999999980719,1.8747884656163825,0,0,0
2025-11-05 22:15:00+00:00,8213,0.0,0.6948777124124339,0,0,0
2025-11-05 22:30:00+00:00,8213,0.0,0.0226755371213653,0,0,0
2025-11-05 22:45:00+00:00,8213,0.0,0.0664760585513388,0,0,0
2025-11-05 23:00:00+00:00,8213,0.0,0.1154838647644385,0,0,0
2025-11-05 23:15:00+00:00,8213,6.099999999833017,0.2172767815417129,0,0,0
2025-11-05 23:30:00+00:00,8213,2.200000000129876,2.4511031147100577,0,0,0
2025-11-05 23:45:00+00:00,8213,1.399999999875945,2.206747155814157,0,0,0
2025-11-06 00:00:00+00:00,8213,1.800000000230284,1.7832424451633684,0,0,0
2025-11-06 00:15:00+00:00,8213,1.6999999998006388,1.5813893568720438,0,0,0
2025-11-06 00:30:00+00:00,8213,1.8000000000029104,1.9280330921450075,0,0,0
2025-11-06 00:45:00+00:00,8213,2.100000000154978,2.1575887860392178,0,0,0
2025-11-06 01:00:00+00:00,8213,1.8999999999778083,2.121486748045601,0,0,0
2025-11-06 01:15:00+00:00,8213,1.8999999999778083,2.140582052139262,0,0,0
2025-11-06 01:30:00+00:00,8213,2.099999999927604,2.022147169858346,0,0,0
2025-11-06 01:45:00+00:00,8213,2.199999999902502,2.1711231092360763,0,0,0
2025-11-06 02:00:00+00:00,8213,2.300000000104774,2.2993203354488534,0,0,0
2025-11-06 02:15:00+00:00,8213,2.400000000079672,2.330290613965542,0,0,0
2025-11-06 02:30:00+00:00,8213,2.2999999998774,2.2887260117574453,0,0,0
2025-11-06 02:45:00+00:00,8213,2.300000000104774,2.2987556165643337,0,0,0
2025-11-06 03:00:00+00:00,8213,2.300000000104774,2.375586185781831,0,0,0
2025-11-06 03:15:00+00:00,8213,2.2999999998774,2.4255030231524173,0,0,0
2025-11-06 03:30:00+00:00,8213,2.300000000104774,2.355820765063359,0,0,0
2025-11-06 03:45:00+00:00,8213,3.399999999828651,2.4713403900070627,0,0,0
2025-11-06 04:00:00+00:00,8213,9.900000000016009,4.618996310148253,0,0,0
2025-11-06 04:45:00+00:00,8213,4.600000000209548,7.297102367577493,0,0,0
2025-11-06 05:00:00+00:00,8213,5.29999999980646,5.441650934812207,0,0,0
2025-11-06 05:15:00+00:00,8213,5.499999999983629,5.204388217861895,0,0,0
2025-11-06 05:30:00+00:00,8213,5.100000000084037,5.168383102928896,0,0,0
2025-11-06 05:45:00+00:00,8213,5.300000000033833,4.991442701305045,0,0,0
2025-11-06 06:00:00+00:00,8213,5.300000000033833,4.964240083538426,0,0,0
2025-11-06 06:15:00+00:00,8213,5.499999999983629,5.079317271757173,0,0,0
2025-11-06 06:30:00+00:00,8213,5.499999999983629,5.184221987005973,0,0,0
2025-11-06 06:45:00+00:00,8213,5.100000000084037,5.057323886975903,0,0,0
2025-11-06 07:00:00+00:00,8213,5.199999999831562,5.097713495952967,0,0,0
2025-11-06 07:15:00+00:00,8213,5.100000000084037,5.059645624505725,0,0,0
2025-11-06 07:30:00+00:00,8213,5.300000000033833,5.088452262103028,0,0,0
2025-11-06 07:45:00+00:00,8213,5.300000000033833,5.074217138096339,0,0,0
2025-11-06 08:00:00+00:00,8213,5.100000000084037,5.012975011560087,0,0,0
2025-11-06 08:15:00+00:00,8213,4.999999999881766,5.015058029377457,0,0,0
2025-11-06 08:30:00+00:00,8213,5.200000000058935,4.769970293256371,0,0,0
2025-11-06 08:45:00+00:00,8213,4.79999999993197,4.490120135460586,0,0,0
2025-11-06 09:00:00+00:00,8213,4.599999999982174,4.428876450362555,0,0,0
2025-11-06 09:15:00+00:00,8213,4.599999999982174,4.328811848717823,0,0,0
2025-11-06 09:30:00+00:00,8213,3.900000000157888,4.203129167114922,0,0,0
2025-11-06 09:45:00+00:00,8213,3.6000000000058208,3.938594995919425,0,0,0
2025-11-06 10:00:00+00:00,8213,3.499999999803549,3.5624120827781027,0,0,0
2025-11-06 10:15:00+00:00,8213,3.300000000081127,3.373113974690278,0,0,0
2025-11-06 10:30:00+00:00,8213,3.6000000000058208,3.1874648493670734,0,0,0
2025-11-06 10:45:00+00:00,8213,3.8999999999305146,3.036940641212289,0,0,0
2025-11-06 11:00:00+00:00,8213,3.699999999980719,3.070711168194929,0,0,0
2025-11-06 11:15:00+00:00,8213,3.200000000106229,3.06423430496282,0,0,0
2025-11-06 11:30:00+00:00,8213,2.7000000000043656,2.6295718160381725,0,0,0
2025-11-06 11:45:00+00:00,8213,2.9999999999290594,2.581175095922512,0,0,0
2025-11-06 12:00:00+00:00,8213,2.899999999954161,2.540702818231096,0,0,0
2025-11-06 12:15:00+00:00,8213,3.100000000131331,2.494236246998333,0,0,0
2025-11-06 12:30:00+00:00,8213,2.599999999802094,2.482618402798772,0,0,0
2025-11-06 12:45:00+00:00,8213,2.500000000281944,2.3830472807772534,0,0,0
2025-11-06 13:00:00+00:00,8213,2.199999999902502,2.262056974109806,0,0,0
2025-11-06 13:15:00+00:00,8213,2.400000000079672,2.240392867974345,0,0,0
2025-11-06 13:30:00+00:00,8213,2.199999999902502,2.2533537378467154,0,0,0
2025-11-06 13:45:00+00:00,8213,1.4999999998508429,2.0124289851768844,0,0,0
2025-11-06 14:00:00+00:00,8213,1.5000000000782163,1.8502726297712135,0,0,0
2025-11-06 14:15:00+00:00,8213,0.6000000000767614,1.893449044618888,0,0,0
2025-11-06 14:30:00+00:00,8213,0.0,1.713753292472828,0,0,0
2025-11-06 14:45:00+00:00,8213,3.500000000030923,1.0998604444432782,0,0,0
2025-11-06 15:00:00+00:00,8213,3.8999999999305146,1.8260202882767735,0,0,0
2025-11-06 15:15:00+00:00,8213,2.899999999954161,2.09761997200621,0,0,0
2025-11-06 15:30:00+00:00,8213,2.600000000029468,2.122144948166811,0,0,0
2025-11-06 15:45:00+00:00,8213,2.7999999999792635,2.110910640044983,0,0,0
2025-11-06 16:00:00+00:00,8213,2.900000000181535,2.186084230801354,0,0,0
2025-11-06 16:15:00+00:00,8213,2.699999999776992,2.33519300510069,0,0,0
2025-11-06 16:30:00+00:00,8213,3.300000000081127,2.545544944977464,0,0,0
2025-11-06 16:45:00+00:00,8213,3.400000000056025,3.098294984196614,0,0,0
2025-11-06 17:00:00+00:00,8213,3.699999999980719,3.190049724077217,0,0,0
2025-11-06 17:15:00+00:00,8213,3.999999999905413,3.2857563272281203,0,0,0
2025-11-06 17:30:00+00:00,8213,4.200000000082582,3.395396472681516,0,0,0
2025-11-06 17:45:00+00:00,8213,4.199999999855208,3.480906704915199,0,0,0
2025-11-06 18:00:00+00:00,8213,4.400000000259752,3.541684899561961,0,0,0
2025-11-06 18:15:00+00:00,8213,4.199999999855208,3.619705593047759,0,0,0
2025-11-06 18:30:00+00:00,8213,4.599999999982174,3.774199977573746,0,0,0
2025-11-06 18:45:00+00:00,8213,4.899999999906868,3.8415246512120698,0,0,0
2025-11-06 19:00:00+00:00,8213,4.7000000001844455,3.904717058054196,0,0,0
2025-11-06 19:15:00+00:00,8213,4.399999999805004,3.954071514382931,0,0,0
2025-11-06 19:30:00+00:00,8213,4.7000000001844455,4.037596398670717,0,0,0
2025-11-06 19:45:00+00:00,8213,4.699999999957072,4.071032744031952,0,0,0
2025-11-06 20:00:00+00:00,8213,4.599999999982174,4.119398033151741,0,0,0
2025-11-06 20:15:00+00:00,8213,4.79999999993197,4.078889713719191,0,0,0
2025-11-06 20:30:00+00:00,8213,4.800000000159344,4.200784830439307,0,0,0
2025-11-06 20:45:00+00:00,8213,4.899999999906868,4.331199045842356,0,0,0
2025-11-06 21:00:00+00:00,8213,4.599999999982174,4.404710949982228,0,0,0
2025-11-06 21:15:00+00:00,8213,4.500000000007276,4.317349406115623,0,0,0
2025-11-06 21:30:00+00:00,8213,4.899999999906868,4.3358827837479526,0,0,0
2025-11-06 21:45:00+00:00,8213,4.7000000001844455,4.223510219736021,0,0,0
2025-11-06 22:00:00+00:00,8213,4.999999999881766,3.78980819450756,0,0,0
2025-11-06 22:15:00+00:00,8213,2.400000000079672,1.9002490658948203,0,0,0
2025-11-06 22:30:00+00:00,8213,1.5999999998257408,0.4922687723928234,0,0,0
2025-11-06 22:45:00+00:00,8213,1.2000000001535227,0.4302758087196336,0,0,0
2025-11-06 23:00:00+00:00,8213,0.9999999999763532,0.5514017752019111,0,0,0
2025-11-06 23:15:00+00:00,8213,0.9999999999763532,0.9060890042899948,0,0,0
2025-11-06 23:30:00+00:00,8213,1.5000000000782163,1.354794816712428,0,0,0
2025-11-06 23:45:00+00:00,8213,1.4999999998508429,1.6721065329534648,0,0,0
2025-11-07 00:00:00+00:00,8213,1.6000000000531145,1.7279414181302528,0,0,0
2025-11-07 00:15:00+00:00,8213,1.8000000000029104,1.4895101755744151,0,0,0
2025-11-07 00:30:00+00:00,8213,1.7000000000280124,1.6625681673372326,0,0,0
2025-11-07 00:45:00+00:00,8213,1.8999999999778083,1.9374745509356388,0,0,0
2025-11-07 01:00:00+00:00,8213,1.8999999999778083,1.9713953817198224,0,0,0
2025-11-07 01:15:00+00:00,8213,1.9999999999527065,1.8938925366200496,0,0,0
2025-11-07 01:30:00+00:00,8213,1.8999999999778083,1.881075996062404,0,0,0
2025-11-07 01:45:00+00:00,8213,1.900000000205182,1.9368561753148803,0,0,0
2025-11-07 02:00:00+00:00,8213,2.099999999927604,2.006740819144924,0,0,0
2025-11-07 02:15:00+00:00,8213,1.9999999999527065,2.058624561480358,0,0,0
2025-11-07 02:30:00+00:00,8213,2.00000000018008,2.048896798137964,0,0,0
2025-11-07 02:45:00+00:00,8213,1.9999999999527065,2.082934034005002,0,0,0
2025-11-07 03:00:00+00:00,8213,1.6999999998006388,2.1572097957666725,0,0,0
2025-11-07 03:15:00+00:00,8213,1.700000000255386,2.1095217342098107,0,0,0
2025-11-07 03:30:00+00:00,8213,1.6999999998006388,1.9006785795450285,0,0,0
2025-11-07 03:45:00+00:00,8213,2.9999999999290594,2.0700286554259644,0,0,0
2025-11-07 04:00:00+00:00,8213,11.000000000194632,4.759204787529591,0,0,0
2025-11-07 04:15:00+00:00,8213,4.79999999993197,7.573146517509443,0,0,0
2025-11-07 04:30:00+00:00,8213,5.200000000058935,5.2689843693461285,0,0,0
2025-11-07 04:45:00+00:00,8213,5.400000000008731,4.947991297713524,0,0,0
2025-11-07 05:00:00+00:00,8213,4.899999999906868,4.970903714423695,0,0,0
2025-11-07 05:15:00+00:00,8213,4.699999999957072,4.909079984583653,0,0,0
2025-11-07 05:30:00+00:00,8213,5.200000000058935,4.754199466376968,0,0,0
2025-11-07 05:45:00+00:00,8213,4.79999999993197,4.756780184922368,0,0,0
2025-11-07 06:00:00+00:00,8213,5.100000000084037,4.841311380598667,0,0,0
2025-11-07 06:15:00+00:00,8213,4.900000000134241,4.704515374232017,0,0,0
2025-11-07 06:30:00+00:00,8213,4.899999999906868,4.7205155694532,0,0,0
2025-11-07 06:45:00+00:00,8213,4.599999999982174,4.734548859709534,0,0,0
2025-11-07 07:00:00+00:00,8213,4.599999999982174,4.754387273071314,0,0,0
2025-11-07 07:15:00+00:00,8213,5.099999999856664,4.69546714382518,0,0,0
2025-11-07 07:30:00+00:00,8213,4.900000000134241,4.723267470033971,0,0,0
2025-11-07 07:45:00+00:00,8213,4.599999999982174,4.664169924505352,0,0,0
2025-11-07 08:00:00+00:00,8213,4.599999999982174,4.551195236126208,0,0,0
2025-11-07 08:15:00+00:00,8213,4.200000000082582,4.443391336208539,0,0,0
2025-11-07 08:30:00+00:00,8213,5.400000000008731,4.248726970036151,0,0,0
2025-11-07 08:45:00+00:00,8213,5.199999999831562,4.354729172537525,0,0,0
2025-11-07 09:00:00+00:00,8213,5.000000000109139,4.443563817045393,0,0,0
2025-11-07 09:15:00+00:00,8213,4.699999999957072,4.532284167022817,0,0,0
2025-11-07 09:30:00+00:00,8213,5.100000000084037,4.486225289575359,0,0,0
2025-11-07 09:45:00+00:00,8213,3.699999999980719,4.487947500340935,0,0,0
2025-11-07 10:00:00+00:00,8213,3.8999999999305146,4.373601537356743,0,0,0
2025-11-07 10:15:00+00:00,8213,4.000000000132786,4.193001372915969,0,0,0
2025-11-07 10:30:00+00:00,8213,3.8999999999305146,4.131202060543796,0,0,0
2025-11-07 10:45:00+00:00,8213,3.7999999999556167,3.980129108762724,0,0,0
2025-11-07 11:00:00+00:00,8213,3.900000000157888,3.841957541746132,0,0,0
2025-11-07 11:15:00+00:00,8213,3.6000000000058208,3.656944439508827,0,0,0
2025-11-07 11:30:00+00:00,8213,3.6000000000058208,3.4567961438375745,0,0,0
2025-11-07 11:45:00+00:00,8213,3.199999999878856,3.233152009830287,0,0,0
2025-11-07 12:00:00+00:00,8213,2.899999999954161,3.1344056916901257,0,0,0
2025-11-07 12:15:00+00:00,8213,3.400000000056025,2.982528522031193,0,0,0
2025-11-07 12:30:00+00:00,8213,3.0999999999039574,3.0767556604135686,0,0,0
2025-11-07 12:45:00+00:00,8213,3.200000000106229,3.038933652086932,0,0,0
2025-11-07 13:00:00+00:00,8213,2.9999999999290594,2.99994817739242,0,0,0
2025-11-07 13:15:00+00:00,8213,2.9999999999290594,2.9278300171232416,0,0,0
2025-11-07 13:30:00+00:00,8213,2.900000000181535,2.812428063593837,0,0,0
2025-11-07 13:45:00+00:00,8213,2.7999999999792635,2.701279814799229,0,0,0
2025-11-07 14:00:00+00:00,8213,2.7000000000043656,2.7637523609197707,0,0,0
2025-11-07 14:15:00+00:00,8213,2.9999999999290594,2.790540596073452,0,0,0
2025-11-07 14:30:00+00:00,8213,2.7999999999792635,2.819678428048751,0,0,0
2025-11-07 14:45:00+00:00,8213,2.7999999999792635,2.816326870823585,0,0,0
2025-11-07 15:00:00+00:00,8213,2.900000000181535,2.8033639228688427,0,0,0
2025-11-07 15:15:00+00:00,8213,2.9999999999290594,2.822288369627503,0,0,0
2025-11-07 15:30:00+00:00,8213,3.199999999878856,2.8577134398184905,0,0,0
2025-11-07 15:45:00+00:00,8213,3.300000000081127,2.8715567154179595,0,0,0
2025-11-07 16:00:00+00:00,8213,3.2999999998537533,2.9100226695195373,0,0,0
2025-11-07 16:15:00+00:00,8213,3.100000000131331,2.968879157493036,0,0,0
2025-11-07 16:30:00+00:00,8213,3.300000000081127,3.038466603073884,0,0,0
2025-11-07 16:45:00+00:00,8213,3.2999999998537533,3.0877909272082285,0,0,0
2025-11-07 17:00:00+00:00,8213,3.200000000106229,3.1151086187861834,0,0,0
2025-11-07 17:15:00+00:00,8213,3.699999999980719,3.1526298246895115,0,0,0
2025-11-07 17:30:00+00:00,8213,3.500000000030923,3.248062120967345,0,0,0
2025-11-07 17:45:00+00:00,8213,3.500000000030923,3.30195381039447,0,0,0
2025-11-07 18:00:00+00:00,8213,3.699999999980719,3.3454791157903365,0,0,0
2025-11-07 18:15:00+00:00,8213,3.699999999980719,3.363710651958171,0,0,0
2025-11-07 18:30:00+00:00,8213,3.6000000000058208,3.4192668853650563,0,0,0
2025-11-07 18:45:00+00:00,8213,4.200000000082582,3.4027773017453296,0,0,0
2025-11-07 19:00:00+00:00,8213,4.199999999855208,3.4390510088248742,0,0,0
2025-11-07 19:15:00+00:00,8213,3.8999999999305146,3.524064189731269,0,0,0
2025-11-07 19:30:00+00:00,8213,4.100000000107684,3.656192303570407,0,0,0
2025-11-07 19:45:00+00:00,8213,3.7999999999556167,3.697758107169874,0,0,0
2025-11-07 20:00:00+00:00,8213,3.999999999905413,3.764861465035608,0,0,0
2025-11-07 20:15:00+00:00,8213,4.200000000082582,3.820742528693225,0,0,0
2025-11-07 20:30:00+00:00,8213,4.30000000005748,3.876735419158472,0,0,0
2025-11-07 20:45:00+00:00,8213,4.199999999855208,4.001376461972541,0,0,0
2025-11-07 21:00:00+00:00,8213,4.100000000107684,4.024039249037806,0,0,0
2025-11-07 21:15:00+00:00,8213,4.099999999880311,3.875472074956604,0,0,0
2025-11-07 21:30:00+00:00,8213,4.400000000259752,3.858998596475258,0,0,0
2025-11-07 21:45:00+00:00,8213,4.399999999805004,3.7745701359962114,0,0,0
2025-11-07 22:00:00+00:00,8213,4.100000000107684,3.5880635419343694,0,0,0
2025-11-07 22:15:00+00:00,8213,0.0,1.5040006764225686,0,0,0
2025-11-07 22:30:00+00:00,8213,0.0,0.1219750148128528,0,0,0
2025-11-07 22:45:00+00:00,8213,0.0,0.0768255581633263,0,0,0
2025-11-07 23:00:00+00:00,8213,0.0,0.1163215917205444,0,0,0
2025-11-07 23:15:00+00:00,8213,0.0,0.1852167761113079,0,0,0
2025-11-07 23:30:00+00:00,8213,0.0,0.185260285960966,0,0,0
2025-11-07 23:45:00+00:00,8213,0.0,0.0816961936022311,0,0,0
2025-11-08 00:00:00+00:00,8213,0.0,0.0423134155342725,0,0,0
2025-11-08 00:15:00+00:00,8213,0.0,0.0404975611818199,0,0,0
2025-11-08 00:30:00+00:00,8213,0.0,0.045400666657783,0,0,0
2025-11-08 00:45:00+00:00,8213,0.0,0.0545281239550414,0,0,0
2025-11-08 01:00:00+00:00,8213,0.0,0.0525807010124281,0,0,0
2025-11-08 01:15:00+00:00,8213,0.0,0.057308857928721,0,0,0
2025-11-08 01:30:00+00:00,8213,0.0,0.0552614272719678,0,0,0
2025-11-08 01:45:00+00:00,8213,0.0,0.0543405770209923,0,0,0
2025-11-08 02:00:00+00:00,8213,0.0,0.0543307061297264,0,0,0
2025-11-08 03:00:00+00:00,8213,0.0,0.0527249978571155,0,0,0
2025-11-08 03:15:00+00:00,8213,0.0,0.056835055147965,0,0,0
2025-11-08 03:30:00+00:00,8213,0.0,0.0594624006665809,0,0,0
2025-11-08 03:45:00+00:00,8213,0.0,0.0705183184048103,0,0,0
2025-11-08 04:00:00+00:00,8213,0.0,0.0788367522587221,0,0,0
2025-11-08 04:15:00+00:00,8213,0.0,0.0836881654356886,0,0,0
2025-11-08 04:30:00+00:00,8213,0.0,0.0829251195648166,0,0,0
2025-11-08 04:45:00+00:00,8213,0.0,0.0859092458506298,0,0,0
2025-11-08 05:00:00+00:00,8213,0.0,0.1009363790012474,0,0,0
2025-11-08 05:15:00+00:00,8213,3.699999999980719,0.1079582193353438,0,0,0
2025-11-08 05:30:00+00:00,8213,3.200000000106229,0.3521199099995244,0,0,0
2025-11-08 05:45:00+00:00,8213,2.099999999927604,5.176266048645782,0,0,0
2025-11-08 06:00:00+00:00,8213,1.6999999998006388,3.3923211705316425,0,0,0
2025-11-08 06:15:00+00:00,8213,1.900000000205182,2.9388037207276394,0,0,0
2025-11-08 06:30:00+00:00,8213,1.6999999998006388,2.059052516568788,0,0,0
2025-11-08 06:45:00+00:00,8213,1.900000000205182,1.08562486585607,0,0,0
2025-11-08 07:00:00+00:00,8213,1.9999999999527065,2.06579491976396,0,0,0
2025-11-08 07:15:00+00:00,8213,1.7000000000280124,1.7987128491130202,0,0,0
2025-11-08 07:30:00+00:00,8213,1.8999999999778083,0.9590532845186576,0,0,0
2025-11-08 07:45:00+00:00,8213,1.8000000000029104,0.5841494960172127,0,0,0
2025-11-08 08:00:00+00:00,8213,1.8000000000029104,0.4233495601746369,0,0,0
2025-11-08 08:15:00+00:00,8213,1.8000000000029104,0.7074811521168658,0,0,0
2025-11-08 08:30:00+00:00,8213,1.8000000000029104,1.479626978164623,0,0,0
2025-11-08 08:45:00+00:00,8213,2.7000000000043656,6.538687503271019,0,0,0
2025-11-08 09:00:00+00:00,8213,10.2999999999156,6.393010811888754,0,0,0
2025-11-08 09:15:00+00:00,8213,5.799999999908323,6.560205007189163,0,0,0
2025-11-08 09:30:00+00:00,8213,5.300000000261207,5.394639776117902,0,0,0
2025-11-08 09:45:00+00:00,8213,4.79999999993197,4.771549895619186,0,0,0
2025-11-08 10:00:00+00:00,8213,4.699999999957072,4.436638607541583,0,0,0
2025-11-08 10:15:00+00:00,8213,4.500000000007276,4.068353316573894,0,0,0
2025-11-08 10:30:00+00:00,8213,4.79999999993197,4.015050243978565,0,0,0
2025-11-08 10:45:00+00:00,8213,4.79999999993197,4.036085373026168,0,0,0
2025-11-08 11:00:00+00:00,8213,4.400000000032378,4.109293877139766,0,0,0
2025-11-08 11:15:00+00:00,8213,4.500000000007276,4.06737583857829,0,0,0
2025-11-08 11:30:00+00:00,8213,4.699999999957072,3.992549027817702,0,0,0
2025-11-08 11:45:00+00:00,8213,4.599999999982174,3.972230577428051,0,0,0
2025-11-08 12:00:00+00:00,8213,4.30000000005748,3.957365274942133,0,0,0
2025-11-08 12:15:00+00:00,8213,4.200000000082582,3.9299966703460703,0,0,0
2025-11-08 12:30:00+00:00,8213,4.30000000005748,3.8693017288743263,0,0,0
2025-11-08 12:45:00+00:00,8213,3.699999999980719,3.842556678869933,0,0,0
2025-11-08 13:00:00+00:00,8213,3.999999999905413,3.7730723581267824,0,0,0
2025-11-08 13:15:00+00:00,8213,3.6000000000058208,3.565929107312118,0,0,0
2025-11-08 13:30:00+00:00,8213,3.6000000000058208,3.363997946846064,0,0,0
2025-11-08 13:45:00+00:00,8213,3.900000000157888,3.384390558800356,0,0,0
2025-11-08 14:00:00+00:00,8213,3.6000000000058208,3.402486500093435,0,0,0
2025-11-08 14:15:00+00:00,8213,3.499999999803549,3.402046725911516,0,0,0
2025-11-08 14:30:00+00:00,8213,3.700000000208093,3.425188900603912,0,0,0
2025-11-08 14:45:00+00:00,8213,3.799999999728243,3.493061148947188,0,0,0
2025-11-08 15:00:00+00:00,8213,4.000000000132786,3.5504070009165822,0,0,0
2025-11-08 15:15:00+00:00,8213,3.699999999980719,3.574432880137559,0,0,0
2025-11-08 15:30:00+00:00,8213,3.7999999999556167,3.6088060510080022,0,0,0
2025-11-08 15:45:00+00:00,8213,4.000000000132786,3.632681269257028,0,0,0
2025-11-08 16:00:00+00:00,8213,3.999999999905413,3.635370437726203,0,0,0
2025-11-08 16:15:00+00:00,8213,3.7999999999556167,3.6592724112857646,0,0,0
2025-11-08 16:30:00+00:00,8213,4.000000000132786,3.7279061469381336,0,0,0
2025-11-08 16:45:00+00:00,8213,3.8999999999305146,3.783859034317724,0,0,0
2025-11-08 17:00:00+00:00,8213,3.8999999999305146,3.8145650392027943,0,0,0
2025-11-08 17:15:00+00:00,8213,4.400000000032378,3.824863885556971,0,0,0
2025-11-08 17:30:00+00:00,8213,4.200000000082582,3.904732643671984,0,0,0
2025-11-08 17:45:00+00:00,8213,4.099999999880311,3.922193211279904,0,0,0
2025-11-08 18:00:00+00:00,8213,3.900000000157888,3.8912213417314,0,0,0
2025-11-08 18:15:00+00:00,8213,4.199999999855208,3.853560644548869,0,0,0
2025-11-08 18:30:00+00:00,8213,4.30000000005748,3.8864478566433736,0,0,0
2025-11-08 18:45:00+00:00,8213,3.699999999980719,3.8576597919072673,0,0,0
2025-11-08 19:00:00+00:00,8213,4.30000000005748,3.778209117989418,0,0,0
2025-11-08 19:15:00+00:00,8213,4.199999999855208,3.7577477994367103,0,0,0
2025-11-08 19:30:00+00:00,8213,3.8000000001829903,3.729800838540564,0,0,0
2025-11-08 19:45:00+00:00,8213,4.199999999855208,3.2674471227316424,0,0,0
2025-11-08 20:00:00+00:00,8213,3.900000000157888,2.000515988340462,0,0,0
2025-11-08 20:15:00+00:00,8213,0.0,0.7576043690429948,0,0,0
2025-11-08 20:30:00+00:00,8213,0.0,0.0989842803732976,0,0,0
2025-11-08 20:45:00+00:00,8213,0.0,0.0739984569767273,0,0,0
2025-11-08 21:00:00+00:00,8213,0.0,0.1697879236622042,0,0,0
2025-11-08 21:15:00+00:00,8213,0.0,0.1267782424548247,0,0,0
2025-11-08 21:30:00+00:00,8213,0.0,0.1082592815189491,0,0,0
2025-11-08 21:45:00+00:00,8213,0.0,0.0408843442632591,0,0,0
2025-11-08 22:00:00+00:00,8213,0.0,0.0245917888284026,0,0,0
2025-11-08 22:15:00+00:00,8213,0.0,0.0135497682660341,0,0,0
2025-11-08 22:30:00+00:00,8213,0.0,0.018055440488403,0,0,0
2025-11-08 22:45:00+00:00,8213,0.0,0.0241455206390723,0,0,0
2025-11-08 23:00:00+00:00,8213,0.0,0.0282598639748135,0,0,0
2025-11-08 23:15:00+00:00,8213,0.0,0.0283600015691016,0,0,0
2025-11-08 23:30:00+00:00,8213,0.0,0.0313015271662941,0,0,0
2025-11-08 23:45:00+00:00,8213,0.0,0.0345639866097717,0,0,0
2025-11-09 00:00:00+00:00,8213,0.0,0.0342362989957787,0,0,0
2025-11-09 00:15:00+00:00,8213,0.0,0.0357088801164502,0,0,0
2025-11-09 00:30:00+00:00,8213,0.0,0.0384520787272901,0,0,0
2025-11-09 00:45:00+00:00,8213,0.0,0.0401303900027636,0,0,0
2025-11-09 01:00:00+00:00,8213,0.0,0.0444179934562483,0,0,0
2025-11-09 01:15:00+00:00,8213,0.0,0.0466869996458878,0,0,0
2025-11-09 01:30:00+00:00,8213,0.0,0.0472644467849341,0,0,0
2025-11-09 01:45:00+00:00,8213,0.0,0.0497503528221234,0,0,0
2025-11-09 02:00:00+00:00,8213,0.0,0.0528729313459537,0,0,0
2025-11-09 02:15:00+00:00,8213,0.0,0.0544394158137979,0,0,0
2025-11-09 02:30:00+00:00,8213,0.0,0.0534541450092986,0,0,0
2025-11-09 02:45:00+00:00,8213,0.0,0.0556258709679111,0,0,0
2025-11-09 03:00:00+00:00,8213,0.0,0.0610361584227263,0,0,0
2025-11-09 03:15:00+00:00,8213,0.0,0.0633863397050118,0,0,0
2025-11-09 03:30:00+00:00,8213,0.0,0.0606584669516632,0,0,0
2025-11-09 03:45:00+00:00,8213,0.0,0.0617314068562202,0,0,0
2025-11-09 04:00:00+00:00,8213,0.0,0.067347164705541,0,0,0
2025-11-09 04:15:00+00:00,8213,0.0,0.0709314671563412,0,0,0
2025-11-09 04:30:00+00:00,8213,0.0,0.0667599765553772,0,0,0
2025-11-09 04:45:00+00:00,8213,0.0,0.0667663406826406,0,0,0
2025-11-09 05:00:00+00:00,8213,0.0,0.0756310504400226,0,0,0
2025-11-09 05:15:00+00:00,8213,0.0,0.0850406074192442,0,0,0
2025-11-09 05:30:00+00:00,8213,0.0,0.084427053598989,0,0,0
2025-11-09 07:15:00+00:00,8213,0.0,0.0904927162817905,0,0,0
2025-11-09 07:30:00+00:00,8213,0.0,0.1215525146906493,0,0,0
2025-11-09 07:45:00+00:00,8213,0.0,0.145977905247592,0,0,0
2025-11-09 08:00:00+00:00,8213,0.0,0.1378194837363038,0,0,0
2025-11-09 08:15:00+00:00,8213,0.0,0.1615802775747354,0,0,0
2025-11-09 08:30:00+00:00,8213,0.0,0.1368801905042791,0,0,0
2025-11-09 08:45:00+00:00,8213,1.6000000000531145,0.1615431318523408,0,0,0
2025-11-09 09:00:00+00:00,8213,10.09999999973843,8.351334335582987,0,0,0
2025-11-09 09:15:00+00:00,8213,9.30000000016662,8.863608655286793,0,0,0
2025-11-09 09:30:00+00:00,8213,4.79999999993197,6.3968973454444935,0,0,0
2025-11-09 09:45:00+00:00,8213,4.699999999957072,5.068301357104598,0,0,0
2025-11-09 10:00:00+00:00,8213,4.30000000005748,4.6652967646714245,0,0,0
2025-11-09 10:15:00+00:00,8213,4.400000000032378,4.306857947501617,0,0,0
2025-11-09 10:30:00+00:00,8213,4.400000000032378,4.013438691099283,0,0,0
2025-11-09 10:45:00+00:00,8213,4.599999999982174,3.929688334874164,0,0,0
2025-11-09 11:00:00+00:00,8213,4.299999999830106,3.938353678604008,0,0,0
2025-11-09 11:15:00+00:00,8213,4.200000000082582,3.895743378852446,0,0,0
2025-11-09 11:30:00+00:00,8213,4.000000000132786,3.743550080912712,0,0,0
2025-11-09 11:45:00+00:00,8213,4.30000000005748,3.668342981078097,0,0,0
2025-11-09 12:00:00+00:00,8213,4.199999999855208,3.618815654272063,0,0,0
2025-11-09 12:15:00+00:00,8213,3.7999999999556167,3.6054325440377855,0,0,0
2025-11-09 12:30:00+00:00,8213,3.8999999999305146,3.596183129281336,0,0,0
2025-11-09 12:45:00+00:00,8213,3.8000000001829903,3.622783362920448,0,0,0
2025-11-09 13:00:00+00:00,8213,4.099999999880311,3.627739329616743,0,0,0
2025-11-09 13:15:00+00:00,8213,3.8000000001829903,3.582726247122862,0,0,0
2025-11-09 13:30:00+00:00,8213,3.7999999999556167,3.5565242260182326,0,0,0
2025-11-09 13:45:00+00:00,8213,3.7999999999556167,3.5552242556145632,0,0,0
2025-11-09 14:00:00+00:00,8213,3.699999999980719,3.5382083976341945,0,0,0
2025-11-09 14:15:00+00:00,8213,3.6000000000058208,3.515236885456578,0,0,0
2025-11-09 14:30:00+00:00,8213,3.8999999999305146,3.5245151336059357,0,0,0
2025-11-09 14:45:00+00:00,8213,3.699999999980719,3.543438021802817,0,0,0
2025-11-09 15:00:00+00:00,8213,3.700000000208093,3.5403907737649623,0,0,0
2025-11-09 15:15:00+00:00,8213,3.999999999905413,3.50775708771981,0,0,0
2025-11-09 15:30:00+00:00,8213,3.8999999999305146,3.590932334648551,0,0,0
2025-11-09 15:45:00+00:00,8213,3.999999999905413,3.6430740189583775,0,0,0
2025-11-09 16:00:00+00:00,8213,4.000000000132786,3.6727485157061777,0,0,0
2025-11-09 16:15:00+00:00,8213,4.199999999855208,3.704819041428589,0,0,0
2025-11-09 16:30:00+00:00,8213,4.200000000082582,3.936269621745452,0,0,0
2025-11-09 16:45:00+00:00,8213,4.400000000032378,4.088797490947036,0,0,0
2025-11-09 17:00:00+00:00,8213,4.500000000007276,4.2073022162776645,0,0,0
2025-11-09 17:15:00+00:00,8213,4.599999999982174,4.305603045509384,0,0,0
2025-11-09 17:30:00+00:00,8213,4.400000000032378,4.434032692247426,0,0,0
2025-11-09 17:45:00+00:00,8213,4.900000000134241,4.515215577702264,0,0,0
2025-11-09 18:00:00+00:00,8213,4.5999999997548,4.550287373890057,0,0,0
2025-11-09 18:15:00+00:00,8213,5.000000000109139,4.550571551654391,0,0,0
2025-11-09 18:30:00+00:00,8213,4.599999999982174,4.606317929598291,0,0,0
2025-11-09 18:45:00+00:00,8213,4.79999999993197,4.610882177767513,0,0,0
2025-11-09 19:00:00+00:00,8213,5.300000000033833,4.582277373920563,0,0,0
2025-11-09 19:15:00+00:00,8213,4.899999999906868,4.503578316420542,0,0,0
2025-11-09 19:30:00+00:00,8213,4.7000000001844455,4.431511458809917,0,0,0
2025-11-09 19:45:00+00:00,8213,4.699999999957072,3.671151899043943,0,0,0
2025-11-09 20:00:00+00:00,8213,4.699999999957072,1.8039187214495345,0,0,0
2025-11-09 20:15:00+00:00,8213,0.0,0.8837073428055805,0,0,0
2025-11-09 20:30:00+00:00,8213,0.0,0.1634235366384655,0,0,0
2025-11-09 20:45:00+00:00,8213,0.0,0.1762094579511655,0,0,0
2025-11-09 21:00:00+00:00,8213,0.0,0.3336178334829194,0,0,0
2025-11-09 21:15:00+00:00,8213,0.0,0.2344636916773053,0,0,0
2025-11-09 21:30:00+00:00,8213,0.0,0.1811042510976419,0,0,0
2025-11-09 21:45:00+00:00,8213,0.0,0.0553590971434394,0,0,0
2025-11-09 22:00:00+00:00,8213,0.0,0.0322448466829141,0,0,0
2025-11-09 22:15:00+00:00,8213,0.2999999999246938,0.0149962434769108,0,0,0
2025-11-09 22:30:00+00:00,8213,6.600000000162254,0.024155911050931,0,0,0
2025-11-09 22:45:00+00:00,8213,2.199999999902502,2.0131057256892557,0,0,0
2025-11-09 23:00:00+00:00,8213,2.200000000129876,1.4326083838318309,0,0,0
2025-11-09 23:15:00+00:00,8213,1.9999999999527065,1.301974541098119,0,0,0
2025-11-09 23:30:00+00:00,8213,2.199999999902502,1.4705916058924622,0,0,0
2025-11-09 23:45:00+00:00,8213,2.099999999927604,1.81710173508044,0,0,0
2025-11-10 00:00:00+00:00,8213,2.100000000154978,1.946173322568634,0,0,0
2025-11-10 00:15:00+00:00,8213,1.9999999999527065,2.0598140688179547,0,0,0
2025-11-10 00:30:00+00:00,8213,1.9999999999527065,2.078464143763472,0,0,0
2025-11-10 00:45:00+00:00,8213,2.100000000154978,1.803070336203764,0,0,0
2025-11-10 01:00:00+00:00,8213,2.099999999927604,2.0168136415711366,0,0,0
2025-11-10 01:15:00+00:00,8213,2.2999999998774,2.124063959826998,0,0,0
2025-11-10 01:30:00+00:00,8213,2.300000000104774,2.1536862447552085,0,0,0
2025-11-10 01:45:00+00:00,8213,2.2999999998774,2.1784719228433507,0,0,0
2025-11-10 02:00:00+00:00,8213,2.300000000104774,2.256478784093362,0,0,0
2025-11-10 02:15:00+00:00,8213,2.5000000000545697,2.376451252509141,0,0,0
2025-11-10 02:30:00+00:00,8213,2.5000000000545697,2.3053579115495992,0,0,0
2025-11-10 02:45:00+00:00,8213,2.7000000000043656,2.3261852323600287,0,0,0
2025-11-10 03:00:00+00:00,8213,2.5000000000545697,2.409513218343093,0,0,0
2025-11-10 03:15:00+00:00,8213,2.499999999827196,2.552260008401433,0,0,0
2025-11-10 03:30:00+00:00,8213,2.5000000000545697,2.486173352336071,0,0,0
2025-11-10 03:45:00+00:00,8213,3.699999999980719,3.230278021910176,0,0,0
2025-11-10 04:00:00+00:00,8213,10.700000000042564,7.402207617775167,0,0,0
2025-11-10 04:15:00+00:00,8213,7.2999999999865395,7.815950700864287,0,0,0
2025-11-10 04:30:00+00:00,8213,6.399999999985084,6.599223601321475,0,0,0
2025-11-10 04:45:00+00:00,8213,6.59999999993488,6.060958185873769,0,0,0
2025-11-10 05:00:00+00:00,8213,5.9000000001105946,5.886831507781249,0,0,0
2025-11-10 05:15:00+00:00,8213,5.799999999908323,5.806934176033625,0,0,0
2025-11-10 05:30:00+00:00,8213,6.200000000035288,5.692711079669663,0,0,0
2025-11-10 05:45:00+00:00,8213,6.399999999985084,5.697680553901373,0,0,0
2025-11-10 06:00:00+00:00,8213,6.200000000035288,5.81428253506038,0,0,0
2025-11-10 06:15:00+00:00,8213,5.999999999858119,5.799263454478954,0,0,0
2025-11-10 06:30:00+00:00,8213,6.300000000010186,5.757175013162994,0,0,0
2025-11-10 06:45:00+00:00,8213,5.9000000001105946,5.7780849377477015,0,0,0
2025-11-10 07:00:00+00:00,8213,6.0000000000854925,5.836711537858827,0,0,0
2025-11-10 07:15:00+00:00,8213,5.699999999933425,5.811242820071124,0,0,0
2025-11-10 07:30:00+00:00,8213,6.300000000010186,5.85323151343324,0,0,0
2025-11-10 07:45:00+00:00,8213,6.099999999833017,5.873034339634403,0,0,0
2025-11-10 08:00:00+00:00,8213,6.300000000010186,5.852473013367556,0,0,0
2025-11-10 08:15:00+00:00,8213,6.200000000262662,5.808354545334707,0,0,0
2025-11-10 08:30:00+00:00,8213,6.099999999833017,5.641059043518677,0,0,0
2025-11-10 08:45:00+00:00,8213,6.0000000000854925,5.592751161424408,0,0,0
2025-11-10 09:00:00+00:00,8213,5.799999999908323,5.61777880622871,0,0,0
2025-11-10 09:15:00+00:00,8213,5.499999999983629,5.634729983895258,0,0,0
2025-11-10 09:30:00+00:00,8213,5.499999999983629,5.571018056460198,0,0,0
2025-11-10 09:45:00+00:00,8213,5.300000000033833,5.467608781238157,0,0,0
2025-11-10 10:00:00+00:00,8213,5.400000000008731,5.334270184417482,0,0,0
2025-11-10 10:15:00+00:00,8213,5.100000000084037,5.202622886887104,0,0,0
2025-11-10 10:30:00+00:00,8213,5.799999999908323,5.056685396167186,0,0,0
2025-11-10 10:45:00+00:00,8213,4.899999999906868,4.990445481526908,0,0,0
2025-11-10 11:00:00+00:00,8213,5.200000000058935,4.892888865544567,0,0,0
2025-11-10 11:15:00+00:00,8213,5.100000000084037,4.850704312918915,0,0,0
2025-11-10 11:30:00+00:00,8213,4.699999999957072,4.806898856043309,0,0,0
2025-11-10 11:45:00+00:00,8213,4.500000000007276,4.667979049492743,0,0,0
2025-11-10 12:00:00+00:00,8213,3.999999999905413,4.508998994287216,0,0,0
2025-11-10 12:15:00+00:00,8213,4.500000000007276,4.30664520381881,0,0,0
2025-11-10 12:30:00+00:00,8213,4.50000000023465,4.321721691425756,0,0,0
2025-11-10 12:45:00+00:00,8213,3.999999999905413,4.201967519069122,0,0,0
2025-11-10 13:00:00+00:00,8213,3.7999999999556167,4.088913603799556,0,0,0
2025-11-10 13:15:00+00:00,8213,4.099999999880311,3.988727694096376,0,0,0
2025-11-10 13:30:00+00:00,8213,3.900000000157888,3.960047040242858,0,0,0
2025-11-10 13:45:00+00:00,8213,3.500000000030923,3.8880261602047073,0,0,0
2025-11-10 14:00:00+00:00,8213,3.399999999828651,3.737262842697025,0,0,0
2025-11-10 14:15:00+00:00,8213,3.500000000030923,3.5723108982757195,0,0,0
2025-11-10 14:30:00+00:00,8213,4.000000000132786,3.4424282823193906,0,0,0
2025-11-10 14:45:00+00:00,8213,3.0999999999039574,3.3394376108151067,0,0,0
2025-11-10 15:00:00+00:00,8213,2.9999999999290594,3.3531158087461708,0,0,0
2025-11-10 15:15:00+00:00,8213,3.5000000002582965,3.3408673314868613,0,0,0
2025-11-10 15:30:00+00:00,8213,3.499999999803549,3.4118972259939904,0,0,0
2025-11-10 15:45:00+00:00,8213,3.500000000030923,3.597684413914767,0,0,0
2025-11-10 16:00:00+00:00,8213,4.200000000082582,3.766136628330965,0,0,0
2025-11-10 16:15:00+00:00,8213,3.999999999905413,4.008631047532272,0,0,0
2025-11-10 16:30:00+00:00,8213,4.100000000107684,4.065344253299621,0,0,0
2025-11-10 16:45:00+00:00,8213,4.30000000005748,4.0219445420070965,0,0,0
2025-11-10 17:00:00+00:00,8213,4.699999999957072,4.080583350852155,0,0,0
2025-11-10 17:15:00+00:00,8213,4.79999999993197,4.184431101454632,0,0,0
2025-11-10 17:30:00+00:00,8213,4.699999999957072,4.318293375032985,0,0,0
2025-11-10 17:45:00+00:00,8213,4.699999999957072,4.364563957122063,0,0,0
2025-11-10 18:00:00+00:00,8213,4.500000000007276,4.453004025739598,0,0,0
2025-11-10 18:15:00+00:00,8213,4.699999999957072,4.516180846963936,0,0,0
2025-11-10 18:30:00+00:00,8213,4.599999999982174,4.661347628884236,0,0,0
2025-11-10 18:45:00+00:00,8213,4.30000000005748,4.666902083303592,0,0,0
2025-11-10 19:00:00+00:00,8213,4.79999999993197,4.667187819629705,0,0,0
2025-11-10 19:15:00+00:00,8213,4.30000000005748,4.707424170031855,0,0,0
2025-11-10 19:30:00+00:00,8213,5.000000000109139,4.754113485718838,0,0,0
2025-11-10 19:45:00+00:00,8213,4.79999999993197,4.726453170309843,0,0,0
2025-11-10 20:00:00+00:00,8213,4.699999999957072,4.6635896200030444,0,0,0
2025-11-10 20:15:00+00:00,8213,4.600000000209548,4.57623171278059,0,0,0
2025-11-10 20:30:00+00:00,8213,4.5999999997548,4.570979099825731,0,0,0
2025-11-10 20:45:00+00:00,8213,4.7000000001844455,4.6148222219443245,0,0,0
2025-11-10 21:00:00+00:00,8213,4.399999999805004,4.655415742754116,0,0,0
2025-11-10 21:15:00+00:00,8213,4.200000000082582,4.506079288554926,0,0,0
2025-11-10 21:30:00+00:00,8213,4.500000000007276,4.490563286526358,0,0,0
2025-11-10 21:45:00+00:00,8213,4.699999999957072,3.990502895962431,0,0,0
2025-11-10 22:00:00+00:00,8213,4.200000000082582,1.927805477185228,0,0,0
2025-11-10 22:15:00+00:00,8213,3.400000000056025,1.1923960237750606,0,0,0
2025-11-10 22:30:00+00:00,8213,1.8999999999778083,0.9076567226192472,0,0,0
2025-11-10 22:45:00+00:00,8213,1.399999999875945,0.8708784311638152,0,0,0
2025-11-10 23:00:00+00:00,8213,1.099999999951251,0.9700293259657236,0,0,0
2025-11-10 23:15:00+00:00,8213,1.1000000001786248,1.2592011443504132,0,0,0
2025-11-10 23:30:00+00:00,8213,1.399999999875945,1.701104508361644,0,0,0
2025-11-10 23:45:00+00:00,8213,1.3000000001284209,1.946251153247463,0,0,0
2025-11-11 00:00:00+00:00,8213,1.5000000000782163,1.789660342808179,0,0,0
2025-11-11 00:15:00+00:00,8213,1.5999999998257408,1.6155656294377658,0,0,0
2025-11-11 00:30:00+00:00,8213,1.5000000000782163,1.5309666038540517,0,0,0
2025-11-11 00:45:00+00:00,8213,1.6000000000531145,1.7830841740264818,0,0,0
2025-11-11 01:00:00+00:00,8213,1.6000000000531145,1.71881128002556,0,0,0
2025-11-11 01:15:00+00:00,8213,1.5999999998257408,1.7387382452665296,0,0,0
2025-11-11 01:30:00+00:00,8213,1.7000000000280124,1.6942956146480856,0,0,0
2025-11-11 01:45:00+00:00,8213,1.5000000000782163,1.7108231557411335,0,0,0
2025-11-11 02:00:00+00:00,8213,1.6000000000531145,1.7254535801258584,0,0,0
2025-11-11 02:15:00+00:00,8213,1.5999999998257408,1.718198651601361,0,0,0
2025-11-11 02:30:00+00:00,8213,1.6000000000531145,1.6567225378605572,0,0,0
2025-11-11 02:45:00+00:00,8213,1.5000000000782163,1.6726151030264007,0,0,0
2025-11-11 03:00:00+00:00,8213,1.6000000000531145,1.7419276836554176,0,0,0
2025-11-11 03:15:00+00:00,8213,1.5999999998257408,1.8472366488362184,0,0,0
2025-11-11 03:30:00+00:00,8213,1.6000000000531145,1.712559417915247,0,0,0
2025-11-11 03:45:00+00:00,8213,2.7999999999792635,2.1394630047820824,0,0,0
2025-11-11 04:00:00+00:00,8213,8.800000000064756,6.587339567758107,0,0,0
2025-11-11 04:15:00+00:00,8213,6.399999999985084,7.672717834351182,0,0,0
2025-11-11 04:30:00+00:00,8213,5.300000000033833,5.757509064904252,0,0,0
2025-11-11 04:45:00+00:00,8213,4.599999999982174,5.259617153295231,0,0,0
2025-11-11 05:00:00+00:00,8213,4.500000000007276,4.993457921685037,0,0,0
2025-11-11 05:15:00+00:00,8213,4.500000000007276,4.93027876261803,0,0,0
2025-11-11 05:30:00+00:00,8213,4.30000000005748,4.780344599976671,0,0,0
2025-11-11 05:45:00+00:00,8213,4.399999999805004,4.727079712144921,0,0,0
2025-11-11 06:00:00+00:00,8213,4.699999999957072,4.793519122692885,0,0,0
2025-11-11 06:15:00+00:00,8213,4.400000000032378,4.730691419306998,0,0,0
2025-11-11 06:30:00+00:00,8213,4.699999999957072,4.600296945686481,0,0,0
2025-11-11 06:45:00+00:00,8213,4.599999999982174,4.541755806712894,0,0,0
2025-11-11 07:00:00+00:00,8213,4.30000000005748,4.673890414559444,0,0,0
2025-11-11 07:15:00+00:00,8213,4.400000000032378,4.626319732186548,0,0,0
2025-11-11 07:30:00+00:00,8213,4.400000000032378,4.55812486155506,0,0,0
2025-11-11 07:45:00+00:00,8213,4.599999999982174,4.507927223303993,0,0,0
2025-11-11 08:00:00+00:00,8213,4.500000000007276,4.466840417691211,0,0,0
2025-11-11 08:15:00+00:00,8213,4.400000000032378,4.415622960516214,0,0,0
2025-11-11 08:30:00+00:00,8213,4.099999999880311,4.278241454441327,0,0,0
2025-11-11 08:45:00+00:00,8213,4.200000000082582,4.229424182405685,0,0,0
2025-11-11 09:00:00+00:00,8213,4.200000000082582,4.291124526104905,0,0,0
2025-11-11 09:15:00+00:00,8213,3.999999999905413,4.325679399302728,0,0,0
2025-11-11 09:30:00+00:00,8213,3.8000000001829903,4.263246012046878,0,0,0
2025-11-11 09:45:00+00:00,8213,4.099999999880311,4.177936574522364,0,0,0
2025-11-11 10:00:00+00:00,8213,3.999999999905413,4.123091564807206,0,0,0
2025-11-11 10:15:00+00:00,8213,3.7999999999556167,4.0620276338343295,0,0,0
2025-11-11 10:30:00+00:00,8213,4.000000000132786,3.956354807388876,0,0,0
2025-11-11 10:45:00+00:00,8213,3.7999999999556167,3.9370465647921855,0,0,0
2025-11-11 11:00:00+00:00,8213,3.900000000157888,3.918831913043621,0,0,0
2025-11-11 11:15:00+00:00,8213,3.8999999999305146,3.896368102365449,0,0,0
2025-11-11 11:30:00+00:00,8213,3.999999999905413,3.878117993336417,0,0,0
2025-11-11 11:45:00+00:00,8213,3.6000000000058208,3.879000658823812,0,0,0
2025-11-11 12:00:00+00:00,8213,3.6000000000058208,3.642989337101729,0,0,0
2025-11-11 12:15:00+00:00,8213,3.6000000000058208,3.587252959929244,0,0,0
2025-11-11 12:30:00+00:00,8213,4.099999999880311,3.599212973379327,0,0,0
2025-11-11 12:45:00+00:00,8213,3.6000000000058208,3.633595625500592,0,0,0
2025-11-11 13:00:00+00:00,8213,3.100000000131331,3.35007193759217,0,0,0
2025-11-11 13:15:00+00:00,8213,3.100000000131331,3.2590643982043552,0,0,0
2025-11-11 13:30:00+00:00,8213,2.79999999975189,3.195545732429866,0,0,0
2025-11-11 13:45:00+00:00,8213,2.7999999999792635,3.0758232508294,0,0,0
2025-11-11 14:00:00+00:00,8213,2.900000000181535,2.9362236515829805,0,0,0
2025-11-11 14:15:00+00:00,8213,2.7000000000043656,2.8351228661156425,0,0,0
2025-11-11 14:30:00+00:00,8213,2.7999999999792635,2.7964144257773125,0,0,0
2025-11-11 14:45:00+00:00,8213,2.7999999999792635,2.670492245181068,0,0,0
2025-11-11 15:00:00+00:00,8213,2.7999999999792635,2.8140713721693618,0,0,0
2025-11-11 15:15:00+00:00,8213,3.300000000081127,2.91090403620545,0,0,0
2025-11-11 15:30:00+00:00,8213,3.2999999998537533,3.01130320911203,0,0,0
2025-11-11 15:45:00+00:00,8213,3.000000000156433,3.096779282866729,0,0,0
2025-11-11 16:00:00+00:00,8213,3.0999999999039574,3.114653388866625,0,0,0
2025-11-11 16:15:00+00:00,8213,3.000000000156433,3.1697430927810557,0,0,0
2025-11-11 16:30:00+00:00,8213,3.199999999878856,3.2989665669850994,0,0,0
2025-11-11 16:45:00+00:00,8213,3.0999999999039574,3.357228853280429,0,0,0
2025-11-11 17:00:00+00:00,8213,3.900000000157888,3.3957629944598304,0,0,0
2025-11-11 17:15:00+00:00,8213,3.7999999999556167,3.4820462733358,0,0,0
2025-11-11 17:30:00+00:00,8213,3.999999999905413,3.6058555636805822,0,0,0
2025-11-11 17:45:00+00:00,8213,3.7999999999556167,3.655480560358087,0,0,0
2025-11-11 18:00:00+00:00,8213,3.900000000157888,3.7256240228535225,0,0,0
2025-11-11 18:15:00+00:00,8213,3.7999999999556167,3.8837224516128415,0,0,0
2025-11-11 18:30:00+00:00,8213,4.000000000132786,3.9911725580067223,0,0,0
2025-11-11 18:45:00+00:00,8213,4.299999999830106,4.003021783690363,0,0,0
2025-11-11 19:00:00+00:00,8213,3.999999999905413,4.021948438411544,0,0,0
2025-11-11 19:15:00+00:00,8213,3.900000000157888,4.013096846549133,0,0,0
2025-11-11 19:30:00+00:00,8213,4.400000000032378,4.043728559989414,0,0,0
2025-11-11 19:45:00+00:00,8213,4.30000000005748,4.016600233667584,0,0,0
2025-11-11 20:00:00+00:00,8213,3.999999999905413,4.028046571131403,0,0,0
2025-11-11 20:15:00+00:00,8213,4.100000000107684,3.9440668465645032,0,0,0
2025-11-11 20:30:00+00:00,8213,4.299999999830106,4.001183719832563,0,0,0
2025-11-11 20:45:00+00:00,8213,4.30000000005748,4.102265542798258,0,0,0
2025-11-11 21:00:00+00:00,8213,4.100000000107684,4.13971804210317,0,0,0
2025-11-11 21:15:00+00:00,8213,4.199999999855208,4.020827312971992,0,0,0
2025-11-11 21:30:00+00:00,8213,4.200000000082582,4.026251107962223,0,0,0
2025-11-11 21:45:00+00:00,8213,4.699999999957072,3.834927518962696,0,0,0
2025-11-11 22:00:00+00:00,8213,4.400000000032378,3.3084761316784608,0,0,0
2025-11-11 22:15:00+00:00,8213,2.9999999999290594,1.8453743217432257,0,0,0
2025-11-11 22:30:00+00:00,8213,1.6000000000531145,0.888712339257833,0,0,0
2025-11-11 22:45:00+00:00,8213,1.099999999951251,0.6199788831096507,0,0,0
2025-11-11 23:00:00+00:00,8213,0.8000000000265572,0.7114098317807072,0,0,0
2025-11-11 23:15:00+00:00,8213,1.4000000001033186,0.9818731616232116,0,0,0
2025-11-11 23:30:00+00:00,8213,1.4999999998508429,1.6130543155965782,0,0,0
2025-11-11 23:45:00+00:00,8213,1.6000000000531145,1.9802573639940917,0,0,0
2025-11-12 00:00:00+00:00,8213,1.4999999998508429,1.8709455555554304,0,0,0
2025-11-12 00:15:00+00:00,8213,1.700000000255386,1.6610215464145586,0,0,0
2025-11-12 00:30:00+00:00,8213,1.8000000000029104,1.6739487692110273,0,0,0
2025-11-12 00:45:00+00:00,8213,1.5999999998257408,1.9776573744816972,0,0,0
2025-11-12 01:00:00+00:00,8213,1.8000000000029104,1.9223124560759883,0,0,0
2025-11-12 01:15:00+00:00,8213,1.7000000000280124,1.9112885700293167,0,0,0
2025-11-12 01:30:00+00:00,8213,1.8000000000029104,1.9002926731545895,0,0,0
2025-11-12 01:45:00+00:00,8213,1.8000000000029104,1.94924583229532,0,0,0
2025-11-12 02:00:00+00:00,8213,1.7000000000280124,1.983093654201178,0,0,0
2025-11-12 02:15:00+00:00,8213,1.8999999999778083,1.9844747185224003,0,0,0
2025-11-12 02:30:00+00:00,8213,1.8000000000029104,1.9527893199095376,0,0,0
2025-11-12 02:45:00+00:00,8213,1.9999999999527065,1.97467539121833,0,0,0
2025-11-12 03:00:00+00:00,8213,1.8000000000029104,2.052765927753841,0,0,0
2025-11-12 03:15:00+00:00,8213,1.7000000000280124,2.13128156201452,0,0,0
2025-11-12 03:30:00+00:00,8213,1.8999999999778083,1.986222158506771,0,0,0
2025-11-12 03:45:00+00:00,8213,3.200000000106229,2.5774429898630213,0,0,0
2025-11-12 04:00:00+00:00,8213,8.800000000064756,6.048815171294825,0,0,0
2025-11-12 04:15:00+00:00,8213,6.499999999732609,7.219034008077292,0,0,0
2025-11-12 04:30:00+00:00,8213,5.100000000084037,5.657306270781801,0,0,0
2025-11-12 04:45:00+00:00,8213,4.899999999906868,5.148344933899134,0,0,0
2025-11-12 05:00:00+00:00,8213,4.30000000005748,4.8736892027518,0,0,0
2025-11-12 05:15:00+00:00,8213,4.900000000134241,4.811171912920191,0,0,0
2025-11-12 05:30:00+00:00,8213,4.79999999993197,4.834547482238962,0,0,0
2025-11-12 05:45:00+00:00,8213,4.899999999906868,4.866254083786024,0,0,0
2025-11-12 06:00:00+00:00,8213,5.000000000109139,4.941889008828921,0,0,0
2025-11-12 06:15:00+00:00,8213,5.200000000058935,4.923326018522794,0,0,0
2025-11-12 06:30:00+00:00,8213,5.099999999856664,4.9023701163656135,0,0,0
2025-11-12 06:45:00+00:00,8213,4.900000000134241,4.9178170221553215,0,0,0
2025-11-12 07:00:00+00:00,8213,5.100000000084037,4.922615574111957,0,0,0
2025-11-12 07:15:00+00:00,8213,4.79999999993197,4.906217945637179,0,0,0
2025-11-12 07:30:00+00:00,8213,5.099999999856664,4.873515942634056,0,0,0
2025-11-12 07:45:00+00:00,8213,4.900000000134241,4.840434689598091,0,0,0
2025-11-12 08:00:00+00:00,8213,4.699999999957072,4.6987424614033335,0,0,0
2025-11-12 08:15:00+00:00,8213,4.30000000005748,4.542275587066124,0,0,0
2025-11-12 08:30:00+00:00,8213,4.899999999906868,4.2829031127217245,0,0,0
2025-11-12 08:45:00+00:00,8213,4.500000000007276,4.263095870595521,0,0,0
2025-11-12 09:00:00+00:00,8213,4.30000000005748,4.319433722734475,0,0,0
2025-11-12 09:15:00+00:00,8213,4.200000000082582,4.22533295773633,0,0,0
2025-11-12 09:30:00+00:00,8213,3.7999999999556167,4.123741225308669,0,0,0
2025-11-12 09:45:00+00:00,8213,3.699999999980719,4.01419771068556,0,0,0
2025-11-12 10:00:00+00:00,8213,3.6000000000058208,3.878005776888344,0,0,0
2025-11-12 10:15:00+00:00,8213,3.499999999803549,3.725671039467184,0,0,0
2025-11-12 10:30:00+00:00,8213,3.5000000002582965,3.589619895750652,0,0,0
2025-11-12 10:45:00+00:00,8213,3.2999999998537533,3.305194190212748,0,0,0
2025-11-12 11:00:00+00:00,8213,3.6000000000058208,3.154780639944258,0,0,0
2025-11-12 11:15:00+00:00,8213,3.300000000081127,3.091864488177425,0,0,0
2025-11-12 11:30:00+00:00,8213,3.199999999878856,2.9703818708080982,0,0,0
2025-11-12 11:45:00+00:00,8213,3.200000000106229,2.885022039786069,0,0,0
2025-11-12 12:00:00+00:00,8213,2.9999999999290594,2.7999821035691386,0,0,0
2025-11-12 12:15:00+00:00,8213,3.0999999999039574,2.7261967367771613,0,0,0
2025-11-12 12:30:00+00:00,8213,2.900000000181535,2.773463759363487,0,0,0
2025-11-12 12:45:00+00:00,8213,2.5000000000545697,2.6884286287120416,0,0,0
2025-11-12 13:00:00+00:00,8213,2.499999999827196,2.606128838922468,0,0,0
2025-11-12 13:15:00+00:00,8213,2.200000000129876,2.512756506735691,0,0,0
2025-11-12 13:30:00+00:00,8213,2.5000000000545697,2.4395535225283926,0,0,0
2025-11-12 13:45:00+00:00,8213,2.2999999998774,2.3729860501542706,0,0,0
2025-11-12 14:00:00+00:00,8213,2.099999999927604,2.3087340810628554,0,0,0
2025-11-12 14:15:00+00:00,8213,2.300000000104774,2.233489251045178,0,0,0
2025-11-12 14:30:00+00:00,8213,2.199999999902502,2.2233129790808968,0,0,0
2025-11-12 14:45:00+00:00,8213,2.00000000018008,2.152995314836643,0,0,0
2025-11-12 15:00:00+00:00,8213,2.199999999902502,2.069818606756234,0,0,0
2025-11-12 15:15:00+00:00,8213,2.399999999852298,2.3196007634251083,0,0,0
2025-11-12 15:30:00+00:00,8213,2.5000000000545697,2.410842476720189,0,0,0
2025-11-12 15:45:00+00:00,8213,2.600000000029468,2.477423196869431,0,0,0
2025-11-12 16:00:00+00:00,8213,3.000000000156433,2.530719126056608,0,0,0
2025-11-12 16:15:00+00:00,8213,2.9999999999290594,2.670237420330233,0,0,0
2025-11-12 16:30:00+00:00,8213,3.300000000081127,2.848507015391106,0,0,0
2025-11-12 16:45:00+00:00,8213,3.399999999828651,2.998892901188022,0,0,0
2025-11-12 17:00:00+00:00,8213,3.400000000056025,3.1162928659777767,0,0,0
2025-11-12 17:15:00+00:00,8213,3.699999999980719,3.1826227875607795,0,0,0
2025-11-12 17:30:00+00:00,8213,3.500000000030923,3.298160141144717,0,0,0
2025-11-12 17:45:00+00:00,8213,3.999999999905413,3.320267820456433,0,0,0
2025-11-12 18:00:00+00:00,8213,3.699999999980719,3.3828986255375977,0,0,0
2025-11-12 18:15:00+00:00,8213,3.100000000131331,3.432400755594874,0,0,0
2025-11-12 18:30:00+00:00,8213,3.199999999878856,3.4947646569714186,0,0,0
2025-11-12 18:45:00+00:00,8213,3.400000000056025,3.4706616289423917,0,0,0
2025-11-12 19:00:00+00:00,8213,3.400000000056025,3.4655574689969626,0,0,0
2025-11-12 19:15:00+00:00,8213,3.8999999999305146,3.47688704420752,0,0,0
2025-11-12 19:30:00+00:00,8213,3.6000000000058208,3.5388131196043697,0,0,0
2025-11-12 19:45:00+00:00,8213,3.300000000081127,3.48755254222016,0,0,0
2025-11-12 20:00:00+00:00,8213,3.499999999803549,3.415425939741347,0,0,0
2025-11-12 20:15:00+00:00,8213,3.200000000106229,3.2705735976599195,0,0,0
2025-11-12 20:30:00+00:00,8213,3.400000000056025,3.370894322956967,0,0,0
2025-11-12 20:45:00+00:00,8213,3.500000000030923,3.4702795215462885,0,0,0
2025-11-12 21:00:00+00:00,8213,3.6000000000058208,3.492620075963787,0,0,0
2025-11-12 21:15:00+00:00,8213,3.499999999803549,3.3771096075705334,0,0,0
2025-11-12 21:30:00+00:00,8213,3.8000000001829903,3.33061225474264,1,0,1
2025-11-12 21:45:00+00:00,8213,3.7999999999556167,3.2557601173531463,1,0,1
2025-11-12 22:00:00+00:00,8213,3.699999999980719,2.76397302729162,1,0,1
2025-11-12 22:15:00+00:00,8213,0.0,1.2537987146445662,1,0,1
2025-11-12 22:30:00+00:00,8213,0.0,0.1563979297800701,0,0,0
2025-11-12 22:45:00+00:00,8213,0.0,0.1079553619720827,0,0,0
2025-11-12 23:00:00+00:00,8213,0.0,0.1324527061311469,0,0,0
2025-11-12 23:15:00+00:00,8213,0.0,0.2216028295190746,0,0,0
2025-11-12 23:30:00+00:00,8213,0.0,0.1994681351365264,0,0,0
2025-11-12 23:45:00+00:00,8213,0.0,0.0757633983110726,0,0,0
2025-11-13 00:00:00+00:00,8213,0.0,0.0387417114578509,0,0,0
2025-11-13 00:15:00+00:00,8213,0.0,0.0448214011966616,0,0,0
2025-11-13 00:30:00+00:00,8213,0.0,0.0419281910146118,0,0,0
2025-11-13 00:45:00+00:00,8213,0.0,0.0466701152266175,0,0,0
2025-11-13 01:00:00+00:00,8213,0.0,0.0511481229774126,0,0,0
2025-11-13 01:15:00+00:00,8213,0.0,0.0503913113536558,0,0,0
2025-11-13 01:30:00+00:00,8213,0.0,0.0538574228695636,0,0,0
2025-11-13 01:45:00+00:00,8213,0.0,0.0620957206720154,0,0,0
2025-11-13 02:00:00+00:00,8213,0.0,0.0689948242660314,0,0,0
2025-11-13 02:15:00+00:00,8213,0.0,0.0730333175952042,0,0,0
2025-11-13 02:30:00+00:00,8213,0.0,0.0765674863087861,0,0,0
2025-11-13 02:45:00+00:00,8213,0.0,0.0964227840898364,0,0,0
2025-11-13 03:00:00+00:00,8213,0.0,0.1399934176574364,0,0,0
2025-11-13 03:15:00+00:00,8213,0.0,0.168341708211624,0,0,0
2025-11-13 03:30:00+00:00,8213,0.0,0.1524800951086062,0,0,0
2025-11-13 03:45:00+00:00,8213,3.300000000081127,0.3067036795255262,0,0,0
2025-11-13 04:00:00+00:00,8213,9.59999999986394,8.80155192046082,0,0,0
2025-11-13 04:15:00+00:00,8213,9.000000000014552,7.470217019554978,0,0,0
2025-11-13 04:30:00+00:00,8213,5.400000000008731,6.033542304903751,0,0,0
2025-11-13 04:45:00+00:00,8213,5.000000000109139,5.23844954649643,0,0,0
2025-11-13 05:00:00+00:00,8213,4.399999999805004,4.875184902538857,0,0,0
2025-11-13 05:15:00+00:00,8213,4.200000000082582,4.564612115199028,0,0,0
2025-11-13 05:30:00+00:00,8213,4.100000000107684,4.187780970237871,0,0,0
2025-11-13 05:45:00+00:00,8213,4.200000000082582,4.074694325170952,0,0,0
2025-11-13 06:00:00+00:00,8213,4.199999999855208,4.045199582548307,0,0,0
2025-11-13 06:15:00+00:00,8213,4.099999999880311,4.061501619233985,0,0,0
2025-11-13 06:30:00+00:00,8213,3.900000000157888,4.058598018640076,0,0,0
2025-11-13 06:45:00+00:00,8213,4.100000000107684,4.026269291182976,0,0,0
2025-11-13 07:00:00+00:00,8213,3.799999999728243,3.987806584085104,0,0,0
2025-11-13 07:15:00+00:00,8213,3.5000000002582965,3.861577107058138,0,0,0
2025-11-13 07:30:00+00:00,8213,3.699999999753345,3.8449785539940433,0,0,0
2025-11-13 07:45:00+00:00,8213,3.6000000000058208,3.8095202344851087,0,0,0
2025-11-13 08:00:00+00:00,8213,3.699999999980719,3.7096251264338234,0,0,0
2025-11-13 08:15:00+00:00,8213,3.900000000157888,3.636930168426339,0,0,0
2025-11-13 08:30:00+00:00,8213,3.699999999980719,3.429222848127896,0,0,0
2025-11-13 08:45:00+00:00,8213,3.699999999980719,3.415249692380194,0,0,0
2025-11-13 09:00:00+00:00,8213,3.500000000030923,3.4773599378272384,0,0,0
2025-11-13 09:15:00+00:00,8213,2.9999999999290594,3.380176337630623,0,0,0
2025-11-13 09:30:00+00:00,8213,3.400000000056025,3.2377126213553584,0,0,0
2025-11-13 09:45:00+00:00,8213,3.100000000131331,3.10123404207099,0,0,0
2025-11-13 10:00:00+00:00,8213,2.9999999999290594,2.9505203387799326,0,0,0
2025-11-13 10:15:00+00:00,8213,2.7000000000043656,2.812150379836914,0,0,0
2025-11-13 10:30:00+00:00,8213,2.499999999827196,2.581084699339341,0,0,0
2025-11-13 10:45:00+00:00,8213,2.5000000000545697,2.4430276866134912,0,0,0
2025-11-13 11:00:00+00:00,8213,2.5000000000545697,2.4412576799533645,0,0,0
2025-11-13 11:15:00+00:00,8213,2.7999999999792635,2.390066198808015,0,0,0
2025-11-13 11:30:00+00:00,8213,2.600000000029468,2.402440464990889,0,0,0
2025-11-13 11:45:00+00:00,8213,2.600000000029468,2.3010491051619155,0,0,0
2025-11-13 12:00:00+00:00,8213,2.399999999852298,2.2498436619006306,0,0,0
2025-11-13 12:15:00+00:00,8213,2.300000000104774,2.1638683288561227,0,0,0
2025-11-13 12:30:00+00:00,8213,1.9999999999527065,2.263759475562888,0,0,0
2025-11-13 12:45:00+00:00,8213,2.099999999927604,2.2471844308056235,0,0,0
2025-11-13 13:00:00+00:00,8213,2.100000000154978,2.24532344310166,0,0,0
2025-11-13 13:15:00+00:00,8213,2.099999999927604,2.253088587524097,0,0,0
2025-11-13 13:30:00+00:00,8213,2.199999999902502,2.2542803677642875,0,0,0
2025-11-13 13:45:00+00:00,8213,2.100000000154978,2.238936684222388,0,0,0
2025-11-13 14:00:00+00:00,8213,1.9999999999527065,2.167023896937604,0,0,0
2025-11-13 14:30:00+00:00,8213,1.9999999999527065,2.115476381835909,0,0,0
2025-11-13 14:45:00+00:00,8213,2.200000000129876,2.170179594899234,0,0,0
2025-11-13 15:00:00+00:00,8213,2.2999999998774,2.185259524330108,0,0,0
2025-11-13 15:15:00+00:00,8213,2.400000000079672,2.1534460963611246,0,0,0
2025-11-13 15:30:00+00:00,8213,2.5000000000545697,2.243654872837304,0,0,0
2025-11-13 15:45:00+00:00,8213,2.199999999902502,2.250185214220448,0,0,0
2025-11-13 16:00:00+00:00,8213,2.300000000104774,2.2133099022942853,0,0,0
2025-11-13 16:15:00+00:00,8213,2.199999999902502,2.2357363399598027,0,0,0
2025-11-13 16:30:00+00:00,8213,2.400000000079672,2.2837584857279585,0,0,0
2025-11-13 16:45:00+00:00,8213,2.2999999998774,2.312791407013522,0,0,0
2025-11-13 17:00:00+00:00,8213,2.600000000029468,2.2963550417845338,0,0,0
2025-11-13 17:15:00+00:00,8213,2.5000000000545697,2.3287660158455026,0,0,0
2025-11-13 17:30:00+00:00,8213,2.400000000079672,2.4120220482264454,0,0,0
2025-11-13 17:45:00+00:00,8213,2.7999999999792635,2.3962552476316383,0,0,0
2025-11-13 18:00:00+00:00,8213,2.399999999852298,2.433704240172548,0,0,0
2025-11-13 18:15:00+00:00,8213,2.6000000002568413,2.4566215923283514,0,0,0
2025-11-13 18:30:00+00:00,8213,2.699999999776992,2.5369431126401065,0,0,0
2025-11-13 18:45:00+00:00,8213,2.7000000000043656,2.551247982286397,0,0,0
2025-11-13 19:00:00+00:00,8213,2.800000000206637,2.568601333831951,0,0,0
2025-11-13 19:15:00+00:00,8213,2.499999999827196,2.589021934958187,0,0,0
2025-11-13 19:30:00+00:00,8213,2.7000000000043656,2.6324185291271545,0,0,0
2025-11-13 19:45:00+00:00,8213,2.7999999999792635,2.601391720275947,0,0,0
2025-11-13 20:00:00+00:00,8213,2.7999999999792635,2.5477030984605857,0,0,0
2025-11-13 20:15:00+00:00,8213,2.7999999999792635,2.3864435167734115,0,0,0
2025-11-13 20:30:00+00:00,8213,2.70000000023174,2.449425647655548,0,0,0
2025-11-13 20:45:00+00:00,8213,2.599999999802094,2.535344547775648,0,0,0
2025-11-13 21:00:00+00:00,8213,2.899999999954161,2.527535114222664,1,0,1
2025-11-13 21:15:00+00:00,8213,2.7999999999792635,2.416160938910203,1,0,1
2025-11-13 21:30:00+00:00,8213,2.900000000181535,2.426113719609411,1,0,1
2025-11-13 21:45:00+00:00,8213,2.899999999954161,2.3388353639777506,1,0,1
2025-11-13 22:00:00+00:00,8213,2.899999999954161,1.5995097481030278,1,0,1
2025-11-13 22:15:00+00:00,8213,0.0,0.7027753345860692,0,0,0
2025-11-13 22:30:00+00:00,8213,0.0,0.0031564990440919,0,0,0
2025-11-13 22:45:00+00:00,8213,0.0,0.0326591643557792,0,0,0
2025-11-13 23:00:00+00:00,8213,0.0,0.0396015180391569,0,0,0
2025-11-13 23:15:00+00:00,8213,0.0,0.0718154314452186,0,0,0
2025-11-13 23:30:00+00:00,8213,0.0,0.0993931430799366,0,0,0
2025-11-13 23:45:00+00:00,8213,0.0,0.0776312047228187,0,0,0
2025-11-14 00:00:00+00:00,8213,0.0,0.0367214257520787,0,0,0
2025-11-14 00:15:00+00:00,8213,0.0,0.0318057219017366,0,0,0
2025-11-14 00:30:00+00:00,8213,0.0,0.0314918015834562,0,0,0
2025-11-14 00:45:00+00:00,8213,0.0,0.028848610686756,0,0,0
2025-11-14 01:00:00+00:00,8213,0.0,0.0345765849841503,0,0,0
2025-11-14 01:15:00+00:00,8213,0.0,0.035663681824865,0,0,0
2025-11-14 01:30:00+00:00,8213,0.0,0.0372803000299275,0,0,0
2025-11-14 01:45:00+00:00,8213,0.0,0.0429217741485983,0,0,0
2025-11-14 02:00:00+00:00,8213,0.0,0.0498300992331388,0,0,0
2025-11-14 02:15:00+00:00,8213,0.0,0.0530234624377563,0,0,0
2025-11-14 02:30:00+00:00,8213,0.0,0.0549045166246222,0,0,0
2025-11-14 02:45:00+00:00,8213,0.0,0.0650866007255366,0,0,0
2025-11-14 03:00:00+00:00,8213,0.0,0.0929222543346466,0,0,0
2025-11-14 03:15:00+00:00,8213,0.0,0.1121436071121688,0,0,0
2025-11-14 03:30:00+00:00,8213,0.0,0.109324298734464,0,0,0
2025-11-14 03:45:00+00:00,8213,2.300000000104774,0.1487229221805073,0,0,0
2025-11-14 04:00:00+00:00,8213,9.299999999939246,6.770997370648596,0,0,0
2025-11-14 04:15:00+00:00,8213,8.000000000038199,6.0971173386625725,0,0,0
2025-11-14 04:30:00+00:00,8213,3.699999999980719,5.048528922858122,0,0,0
2025-11-14 04:45:00+00:00,8213,3.999999999905413,4.070504911109532,0,0,0
2025-11-14 05:00:00+00:00,8213,3.400000000056025,3.8180285531157376,0,0,0
2025-11-14 05:15:00+00:00,8213,3.699999999980719,3.71819968394005,0,0,0
2025-11-14 05:30:00+00:00,8213,3.300000000081127,3.5289643079638227,0,0,0
2025-11-14 05:45:00+00:00,8213,3.8999999999305146,3.4776207371648917,0,0,0
2025-11-14 06:00:00+00:00,8213,3.699999999980719,3.488021799195728,0,0,0
2025-11-14 06:15:00+00:00,8213,3.699999999980719,3.5189035319213584,0,0,0
2025-11-14 06:30:00+00:00,8213,3.6000000000058208,3.4831444099891145,0,0,0
2025-11-14 06:45:00+00:00,8213,3.7999999999556167,3.484019412547764,0,0,0
2025-11-14 07:00:00+00:00,8213,3.500000000030923,3.573204473695566,0,0,0
2025-11-14 07:15:00+00:00,8213,3.7999999999556167,3.553376970266238,0,0,0
2025-11-14 07:30:00+00:00,8213,3.5000000002582965,3.5932001719168567,0,0,0
2025-11-14 07:45:00+00:00,8213,3.199999999878856,3.6110568739768896,0,0,0
2025-11-14 08:00:00+00:00,8213,3.6000000000058208,3.523172822273942,0,0,0
2025-11-14 08:15:00+00:00,8213,3.500000000030923,3.4562283078294977,0,0,0
2025-11-14 08:30:00+00:00,8213,3.6000000000058208,3.2448455092161947,0,0,0
2025-11-14 08:45:00+00:00,8213,3.499999999803549,3.2557324528815723,0,0,0
2025-11-14 09:00:00+00:00,8213,3.6000000000058208,3.311504806855118,0,0,0
2025-11-14 09:15:00+00:00,8213,3.5000000002582965,3.33769409970522,0,0,0
2025-11-14 09:30:00+00:00,8213,3.199999999878856,3.297596201541088,0,0,0
2025-11-14 09:45:00+00:00,8213,3.6000000000058208,3.256957482439711,0,0,0
2025-11-14 10:00:00+00:00,8213,3.400000000056025,3.266173517998064,0,0,0
2025-11-14 10:15:00+00:00,8213,3.2999999998537533,3.22662280489844,0,0,0
2025-11-14 10:30:00+00:00,8213,3.500000000030923,3.1755697759911072,0,0,0
2025-11-14 10:45:00+00:00,8213,3.400000000056025,3.159342030750219,0,0,0
2025-11-14 11:00:00+00:00,8213,3.2999999998537533,3.130878666384697,0,0,0
2025-11-14 11:15:00+00:00,8213,3.300000000081127,3.087727415815743,0,0,0
2025-11-14 11:30:00+00:00,8213,2.900000000181535,3.017993595307836,0,0,0
2025-11-14 11:45:00+00:00,8213,2.899999999954161,2.9298674470085806,0,0,0
2025-11-14 12:00:00+00:00,8213,2.899999999954161,2.7668179869986007,0,0,0
2025-11-14 12:15:00+00:00,8213,2.899999999954161,2.648454051748657,0,0,0
2025-11-14 12:30:00+00:00,8213,2.9999999999290594,2.703841116262468,0,0,0
2025-11-14 12:45:00+00:00,8213,2.7999999999792635,2.709938145001068,0,0,0
2025-11-14 13:00:00+00:00,8213,3.000000000156433,2.687994504316571,0,0,0
2025-11-14 13:15:00+00:00,8213,3.0999999999039574,2.6923639322634427,0,0,0
2025-11-14 13:30:00+00:00,8213,3.100000000131331,2.722702636089309,0,0,0
2025-11-14 13:45:00+00:00,8213,2.899999999954161,2.7440937666232204,0,0,0
2025-11-14 14:00:00+00:00,8213,2.9999999999290594,2.812335069407702,0,0,0
2025-11-14 14:15:00+00:00,8213,3.300000000081127,2.8376139673587613,0,0,0
2025-11-14 14:30:00+00:00,8213,3.0999999999039574,2.914020640242461,0,0,0
2025-11-14 14:45:00+00:00,8213,3.200000000106229,2.938917106097047,0,0,0
2025-11-14 15:00:00+00:00,8213,2.9999999999290594,2.962083438497014,0,0,0
2025-11-14 15:15:00+00:00,8213,2.7999999999792635,2.9797664907988586,0,0,0
2025-11-14 15:30:00+00:00,8213,2.899999999954161,2.9964859622809588,0,0,0
2025-11-14 15:45:00+00:00,8213,3.100000000131331,2.9855594051703696,0,0,0
2025-11-14 16:30:00+00:00,8213,3.199999999878856,2.9858635844775323,0,0,0
2025-11-14 16:45:00+00:00,8213,3.400000000056025,3.0594978357170404,0,0,0
2025-11-14 17:00:00+00:00,8213,3.500000000030923,3.115241356297678,0,0,0
2025-11-14 17:15:00+00:00,8213,3.6000000000058208,3.108423427796308,0,0,0
2025-11-14 17:30:00+00:00,8213,3.0999999999039574,3.1802593585033745,0,0,0
2025-11-14 17:45:00+00:00,8213,3.200000000106229,3.214762279641904,0,0,0
2025-11-14 18:00:00+00:00,8213,3.500000000030923,3.2140746941371554,0,0,0
2025-11-14 18:15:00+00:00,8213,3.2999999998537533,3.249004271562632,0,0,0
2025-11-14 18:30:00+00:00,8213,3.6000000000058208,3.3045541408422534,0,0,0
2025-11-14 18:45:00+00:00,8213,3.500000000030923,3.314276968739014,0,0,0
2025-11-14 19:00:00+00:00,8213,3.500000000030923,3.3207764311169155,0,0,0
2025-11-14 19:15:00+00:00,8213,3.400000000056025,3.3281411550423488,0,0,0
2025-11-14 19:30:00+00:00,8213,3.699999999980719,3.3756611841574333,0,0,0
2025-11-14 19:45:00+00:00,8213,3.2999999998537533,3.3876480827982007,0,0,0
2025-11-14 20:00:00+00:00,8213,3.500000000030923,3.386173423595157,0,0,0
2025-11-14 20:15:00+00:00,8213,3.6000000000058208,3.264539106212694,0,0,0
2025-11-14 20:30:00+00:00,8213,3.7999999999556167,3.3203723739757613,0,0,0
2025-11-14 22:00:00+00:00,8213,3.400000000056025,3.40821148714742,0,0,0
2025-11-14 22:15:00+00:00,8213,0.0,3.454220620498104,0,0,0
2025-11-14 22:30:00+00:00,8213,0.0,0.645865814974665,0,0,0
2025-11-14 22:45:00+00:00,8213,0.0,0.0975758600458533,0,0,0
2025-11-14 23:00:00+00:00,8213,0.0,0.0708719820484502,0,0,0
2025-11-14 23:15:00+00:00,8213,0.0,0.053712996144728,0,0,0
2025-11-14 23:30:00+00:00,8213,0.0,0.050508203487066,0,0,0
2025-11-14 23:45:00+00:00,8213,0.0,0.0469071464971437,0,0,0
2025-11-15 00:00:00+00:00,8213,0.0,0.0373297843664044,0,0,0
2025-11-15 00:15:00+00:00,8213,0.0,0.026376861585724,0,0,0
2025-11-15 00:30:00+00:00,8213,0.0,0.0380630876833307,0,0,0
2025-11-15 00:45:00+00:00,8213,0.0,0.0256490132350235,0,0,0
2025-11-15 01:00:00+00:00,8213,0.0,0.0153032801473347,0,0,0
2025-11-15 01:15:00+00:00,8213,0.0,0.0168737908997744,0,0,0
2025-11-15 01:30:00+00:00,8213,0.0,0.0193332013867242,0,0,0
2025-11-15 01:45:00+00:00,8213,0.0,0.0299971408375849,0,0,0
2025-11-15 02:00:00+00:00,8213,0.0,0.0378848921199543,0,0,0
2025-11-15 02:15:00+00:00,8213,0.0,0.0466511527249753,0,0,0
2025-11-15 02:30:00+00:00,8213,1.8999999999778083,0.050701724907934,0,0,0
2025-11-15 02:45:00+00:00,8213,4.800000000159344,0.0602312911441231,0,0,0
2025-11-15 03:00:00+00:00,8213,2.099999999927604,2.9122495945411493,0,0,0
2025-11-15 03:15:00+00:00,8213,1.8999999999778083,1.460034233103227,0,0,0
2025-11-15 03:30:00+00:00,8213,1.7000000000280124,1.0207477836112069,0,0,0
2025-11-15 03:45:00+00:00,8213,1.8999999999778083,1.12156107937043,0,0,0
2025-11-15 04:00:00+00:00,8213,1.6000000000531145,1.40349694999666,0,0,0
2025-11-15 04:15:00+00:00,8213,1.8000000000029104,1.5633298956656,0,0,0
2025-11-15 08:45:00+00:00,8213,3.100000000131331,1.5850318131592158,0,0,0
2025-11-15 09:00:00+00:00,8213,9.59999999986394,2.433128936055948,0,0,0
2025-11-15 09:15:00+00:00,8213,6.1000000000603904,5.602475547882948,0,0,0
2025-11-15 09:30:00+00:00,8213,5.400000000008731,4.760551384906476,0,0,0
2025-11-15 09:45:00+00:00,8213,5.200000000058935,4.73413376275578,0,0,0
2025-11-15 10:00:00+00:00,8213,4.79999999993197,4.504542546641027,0,0,0
2025-11-15 10:15:00+00:00,8213,5.000000000109139,4.463302482453329,0,0,0
2025-11-15 10:30:00+00:00,8213,5.099999999856664,4.525734311147401,0,0,0
2025-11-15 10:45:00+00:00,8213,5.100000000084037,4.62117803687828,0,0,0
2025-11-15 11:00:00+00:00,8213,5.000000000109139,4.754025686738632,0,0,0
2025-11-15 11:15:00+00:00,8213,5.099999999856664,4.6140424215343305,0,0,0
2025-11-15 11:30:00+00:00,8213,5.100000000084037,4.495724983377454,0,0,0
2025-11-15 11:45:00+00:00,8213,4.100000000107684,4.414671718310553,0,0,0
2025-11-15 12:00:00+00:00,8213,4.299999999830106,4.294682203125317,0,0,0
2025-11-15 12:15:00+00:00,8213,4.800000000159344,4.226311215012824,0,0,0
2025-11-15 12:30:00+00:00,8213,4.5999999997548,4.239176103455651,0,0,0
2025-11-15 12:45:00+00:00,8213,4.800000000159344,4.252166196361374,0,0,0
2025-11-15 13:00:00+00:00,8213,4.400000000032378,4.240999360976553,0,0,0
2025-11-15 13:15:00+00:00,8213,4.599999999982174,4.175310917445675,0,0,0
2025-11-15 13:30:00+00:00,8213,4.400000000032378,4.153869003773805,0,0,0
2025-11-15 13:45:00+00:00,8213,4.399999999805004,4.1256359169111,0,0,0
2025-11-15 14:00:00+00:00,8213,4.50000000023465,4.164983367578738,0,0,0
2025-11-15 14:15:00+00:00,8213,4.399999999805004,4.200735475982978,0,0,0
2025-11-15 14:30:00+00:00,8213,4.500000000007276,4.235825715151819,0,0,0
2025-11-15 14:45:00+00:00,8213,4.400000000032378,4.264068413145493,0,0,0
2025-11-15 15:00:00+00:00,8213,4.599999999982174,4.260375401010622,0,0,0
2025-11-15 15:15:00+00:00,8213,4.30000000005748,4.278234700673618,0,0,0
2025-11-15 15:30:00+00:00,8213,4.30000000005748,4.307167322014709,0,0,0
2025-11-15 17:00:00+00:00,8213,4.30000000005748,4.2873457930722,0,0,0
2025-11-15 17:15:00+00:00,8213,4.30000000005748,4.275710090352256,0,0,0
2025-11-15 17:30:00+00:00,8213,4.500000000007276,4.405782980725746,0,0,0
2025-11-15 17:45:00+00:00,8213,4.500000000007276,4.420258123246372,0,0,0
2025-11-15 18:00:00+00:00,8213,4.599999999982174,4.380724684206463,0,0,0
2025-11-15 18:15:00+00:00,8213,4.400000000032378,4.408203686928523,0,0,0
2025-11-15 18:30:00+00:00,8213,4.599999999982174,4.419136478286227,0,0,0
2025-11-15 18:45:00+00:00,8213,4.200000000082582,4.39474966213331,0,0,0
2025-11-15 19:00:00+00:00,8213,4.599999999982174,4.34402652880249,0,0,0
2025-11-15 19:15:00+00:00,8213,4.500000000007276,4.310802147843171,0,0,0
2025-11-15 19:30:00+00:00,8213,4.399999999805004,4.370716119983587,0,0,0
2025-11-15 19:45:00+00:00,8213,4.500000000007276,4.162333812554776,0,0,0
2025-11-15 20:00:00+00:00,8213,4.400000000032378,3.4243111705621496,0,0,0
2025-11-15 20:15:00+00:00,8213,3.900000000157888,1.37785932307618,0,0,0
2025-11-15 20:30:00+00:00,8213,1.6999999998006388,1.3317328430115667,0,0,0
2025-11-15 20:45:00+00:00,8213,1.1000000001786248,0.8150882186698876,0,0,0
2025-11-15 21:00:00+00:00,8213,0.6999999998242856,0.944757441542669,0,0,0
2025-11-15 21:15:00+00:00,8213,1.1000000001786248,0.8815427602551208,0,0,0
2025-11-15 21:30:00+00:00,8213,1.299999999901047,1.231148396073531,0,0,0
2025-11-15 21:45:00+00:00,8213,1.5000000000782163,1.529917302136473,0,0,0
2025-11-15 22:00:00+00:00,8213,1.4999999998508429,1.294951369492503,0,0,0
2025-11-15 22:15:00+00:00,8213,1.6000000000531145,0.8546317883613593,0,0,0
2025-11-15 22:30:00+00:00,8213,1.6000000000531145,0.4910611467745482,0,0,0
2025-11-15 22:45:00+00:00,8213,1.5000000000782163,0.7612451693582766,0,0,0
2025-11-15 23:00:00+00:00,8213,1.6000000000531145,1.1575107354801322,0,0,0
2025-11-15 23:15:00+00:00,8213,1.4999999998508429,1.2937386136083724,0,0,0
2025-11-15 23:30:00+00:00,8213,1.5000000000782163,1.3435308309767284,0,0,0
2025-11-15 23:45:00+00:00,8213,1.5999999998257408,1.393216481683459,0,0,0
2025-11-16 00:00:00+00:00,8213,1.5000000000782163,1.4240883759878606,0,0,0
2025-11-16 00:15:00+00:00,8213,1.6000000000531145,1.4382644045271038,0,0,0
2025-11-16 00:30:00+00:00,8213,1.6000000000531145,1.4131296410705467,0,0,0
2025-11-16 00:45:00+00:00,8213,1.5000000000782163,1.3797564174613526,0,0,0
2025-11-16 01:00:00+00:00,8213,1.4999999998508429,1.4286464873200786,0,0,0
2025-11-16 01:15:00+00:00,8213,1.6000000000531145,1.4764841058676312,0,0,0
2025-11-16 01:30:00+00:00,8213,1.5999999998257408,1.4718521576711423,0,0,0
2025-11-16 01:45:00+00:00,8213,1.6000000000531145,1.4859436504689043,0,0,0
2025-11-16 02:00:00+00:00,8213,1.6000000000531145,1.5163090771352694,0,0,0
2025-11-16 04:00:00+00:00,8213,1.8000000000029104,1.5432584773178897,0,0,0
2025-11-16 04:15:00+00:00,8213,1.7000000000280124,1.6299266884831862,0,0,0
2025-11-16 04:30:00+00:00,8213,2.300000000104774,1.555266108077319,0,0,0
2025-11-16 04:45:00+00:00,8213,2.099999999927604,1.6070075991804005,0,0,0
2025-11-16 05:00:00+00:00,8213,2.099999999927604,1.741551234163272,0,0,0
2025-11-16 05:15:00+00:00,8213,1.8999999999778083,1.7774326950776425,0,0,0
2025-11-16 05:30:00+00:00,8213,2.099999999927604,1.6817633736174136,0,0,0
2025-11-16 05:45:00+00:00,8213,2.100000000154978,1.7196639513162222,0,0,0
2025-11-16 06:00:00+00:00,8213,2.099999999927604,2.125058452122022,0,0,0
2025-11-16 06:15:00+00:00,8213,2.300000000104774,2.648878500073084,0,0,0
2025-11-16 06:30:00+00:00,8213,2.099999999927604,2.3247011568462383,0,0,0
2025-11-16 06:45:00+00:00,8213,2.200000000129876,1.7517888501450656,0,0,0
2025-11-16 07:00:00+00:00,8213,2.099999999927604,2.836078784006641,0,0,0
2025-11-16 07:15:00+00:00,8213,2.2999999998774,1.8710501090747589,0,0,0
2025-11-16 07:30:00+00:00,8213,2.200000000129876,1.8397822832559765,0,0,0
2025-11-16 07:45:00+00:00,8213,2.2999999998774,2.044595492328841,0,0,0
2025-11-16 08:00:00+00:00,8213,2.099999999927604,1.8637022858036143,0,0,0
2025-11-16 08:15:00+00:00,8213,2.400000000079672,2.120916898895226,0,0,0
2025-11-16 08:30:00+00:00,8213,2.300000000104774,2.505467827637049,0,0,0
2025-11-16 08:45:00+00:00,8213,3.6000000000058208,6.4782469970096646,0,0,0
2025-11-16 09:00:00+00:00,8213,9.700000000066211,7.853535418160101,0,0,0
2025-11-16 09:15:00+00:00,8213,6.799999999884676,7.275370821175061,0,0,0
2025-11-16 09:30:00+00:00,8213,5.499999999983629,6.277381113519423,0,0,0
2025-11-16 09:45:00+00:00,8213,5.699999999933425,5.628199869802374,0,0,0
2025-11-16 10:00:00+00:00,8213,5.499999999983629,5.333536361579963,0,0,0
2025-11-16 10:15:00+00:00,8213,5.100000000084037,5.2316568147438165,0,0,0
2025-11-16 10:30:00+00:00,8213,5.400000000008731,5.211903862519575,0,0,0
2025-11-16 10:45:00+00:00,8213,5.400000000008731,5.216557987751375,0,0,0
2025-11-16 11:00:00+00:00,8213,5.200000000058935,5.262855584911286,0,0,0
2025-11-16 11:15:00+00:00,8213,4.79999999993197,5.222390645448245,0,0,0
2025-11-16 11:30:00+00:00,8213,5.300000000033833,5.160266892465785,0,0,0
2025-11-16 11:45:00+00:00,8213,5.300000000033833,5.104128536234517,0,0,0
2025-11-16 12:00:00+00:00,8213,5.29999999980646,5.032703806076757,0,0,0
2025-11-16 12:15:00+00:00,8213,5.300000000033833,4.997282892050514,0,0,0
2025-11-16 12:30:00+00:00,8213,5.100000000084037,4.986634538217441,0,0,0
2025-11-16 12:45:00+00:00,8213,5.300000000033833,4.971535451464702,0,0,0
2025-11-16 13:00:00+00:00,8213,5.400000000008731,4.961482208470835,0,0,0
2025-11-16 13:15:00+00:00,8213,5.300000000033833,4.944602464885815,0,0,0
2025-11-16 13:30:00+00:00,8213,5.499999999983629,4.958629780655331,0,0,0
2025-11-16 13:45:00+00:00,8213,5.29999999980646,4.965198339272093,0,0,0
2025-11-16 14:00:00+00:00,8213,5.300000000261207,4.960513042804717,0,0,0
2025-11-16 18:00:00+00:00,8213,5.200000000058935,4.955146654840005,0,0,0
2025-11-16 18:15:00+00:00,8213,5.400000000008731,4.99799931094817,0,0,0
2025-11-16 18:30:00+00:00,8213,5.400000000008731,5.186215127760764,0,0,0
2025-11-16 18:45:00+00:00,8213,4.79999999993197,5.175088555221897,0,0,0
2025-11-16 19:00:00+00:00,8213,5.300000000033833,5.023379190714481,0,0,0
2025-11-16 19:15:00+00:00,8213,5.199999999831562,5.060785972207215,0,0,0
2025-11-16 19:30:00+00:00,8213,5.200000000058935,4.946696392635636,0,0,0
2025-11-16 19:45:00+00:00,8213,5.600000000185901,4.1608775963327815,0,0,0
2025-11-16 20:00:00+00:00,8213,5.29999999980646,3.671406723894777,0,0,0
2025-11-16 20:15:00+00:00,8213,2.600000000029468,2.802869728904814,0,0,0
2025-11-16 20:30:00+00:00,8213,1.6000000000531145,2.2747391536541044,0,0,0
2025-11-16 20:45:00+00:00,8213,1.9999999999527065,1.6823330847701303,0,0,0
2025-11-16 21:00:00+00:00,8213,2.899999999954161,2.347512267040787,0,0,0
2025-11-16 21:15:00+00:00,8213,3.100000000131331,2.861913114411621,0,0,0
2025-11-16 21:30:00+00:00,8213,2.600000000029468,3.171146058142273,0,0,0
2025-11-16 21:45:00+00:00,8213,3.400000000056025,3.176071503003733,0,0,0
2025-11-16 22:00:00+00:00,8213,3.599999999778447,3.03992048145321,0,0,0
2025-11-16 22:15:00+00:00,8213,3.500000000030923,2.9529420840238947,0,0,0
2025-11-16 22:30:00+00:00,8213,3.6000000000058208,3.0763106910257205,0,0,0
2025-11-16 22:45:00+00:00,8213,3.500000000030923,3.143610817316028,0,0,0
2025-11-16 23:00:00+00:00,8213,3.400000000056025,3.137638408579658,0,0,0
2025-11-16 23:15:00+00:00,8213,3.399999999828651,3.13045785470442,0,0,0
2025-11-16 23:30:00+00:00,8213,3.400000000056025,3.1793720173306435,0,0,0
2025-11-16 23:45:00+00:00,8213,3.400000000056025,3.272919752657609,0,0,0
2025-11-17 00:00:00+00:00,8213,3.6000000000058208,3.363784423882368,0,0,0
2025-11-17 00:15:00+00:00,8213,3.300000000081127,3.4903160021341244,0,0,0
2025-11-17 00:30:00+00:00,8213,3.499999999803549,3.5132434849414897,0,0,0
2025-11-17 00:45:00+00:00,8213,3.5000000002582965,3.4936448303333494,0,0,0
2025-11-17 01:00:00+00:00,8213,3.499999999803549,3.574655494711631,0,0,0
2025-11-17 01:15:00+00:00,8213,3.699999999980719,3.5445279760067923,0,0,0
2025-11-17 01:30:00+00:00,8213,3.700000000208093,3.541519432253112,0,0,0
2025-11-17 01:45:00+00:00,8213,3.8999999999305146,3.6812256631012303,0,0,0
2025-11-17 02:00:00+00:00,8213,3.6000000000058208,3.699850086717472,0,0,0
2025-11-17 02:15:00+00:00,8213,3.499999999803549,3.630745016007163,0,0,0
2025-11-17 02:30:00+00:00,8213,3.5000000002582965,3.453948261827258,0,0,0
2025-11-17 02:45:00+00:00,8213,3.399999999828651,3.3929110861649194,0,0,0
2025-11-17 03:00:00+00:00,8213,3.300000000081127,3.39857905583383,0,0,0
2025-11-17 03:15:00+00:00,8213,3.2999999998537533,3.3411305985473305,0,0,0
2025-11-17 03:30:00+00:00,8213,3.100000000131331,3.213935202857953,0,0,0
2025-11-17 03:45:00+00:00,8213,4.599999999982174,4.212981355639323,0,0,0
2025-11-17 04:00:00+00:00,8213,11.899999999968712,7.602471896418791,0,0,0
2025-11-17 04:15:00+00:00,8213,8.100000000013097,8.479503702503967,0,0,0
2025-11-17 04:30:00+00:00,8213,6.799999999884676,7.339743578804335,0,0,0
2025-11-17 04:45:00+00:00,8213,6.400000000212458,6.850461162461416,0,0,0
2025-11-17 05:00:00+00:00,8213,5.899999999883221,6.513906370988066,0,0,0
2025-11-17 05:15:00+00:00,8213,6.200000000035288,6.510691058038397,0,0,0
2025-11-17 05:30:00+00:00,8213,6.59999999993488,6.45287257220958,0,0,0
2025-11-17 05:45:00+00:00,8213,6.59999999993488,6.469762186685866,0,0,0
2025-11-17 06:00:00+00:00,8213,6.400000000212458,6.542010876504019,0,0,0
2025-11-17 06:15:00+00:00,8213,6.59999999993488,6.456741961585752,0,0,0
2025-11-17 06:30:00+00:00,8213,6.399999999985084,6.351023677088417,0,0,0
2025-11-17 06:45:00+00:00,8213,6.499999999959982,6.32416134531017,0,0,0
2025-11-17 07:00:00+00:00,8213,6.399999999985084,6.372490267988452,0,0,0
2025-11-17 07:15:00+00:00,8213,5.9000000001105946,6.333769878676485,0,0,0
2025-11-17 07:30:00+00:00,8213,6.099999999833017,6.390341515082259,0,0,0
2025-11-17 07:45:00+00:00,8213,6.1000000000603904,6.32416134531017,0,0,0
2025-11-17 08:00:00+00:00,8213,6.59999999993488,6.216862679169127,0,0,0
2025-11-17 08:15:00+00:00,8213,6.1000000000603904,6.1109989289057705,0,0,0
2025-11-17 08:30:00+00:00,8213,6.399999999985084,5.792349414667891,0,0,0
2025-11-17 08:45:00+00:00,8213,6.400000000212458,5.65083096611147,0,0,0
2025-11-17 09:00:00+00:00,8213,5.699999999933425,5.7120673779212,0,0,0
2025-11-17 09:15:00+00:00,8213,5.899999999883221,5.730982083668742,0,0,0
2025-11-17 09:30:00+00:00,8213,5.400000000008731,5.703501782145199,0,0,0
2025-11-17 09:45:00+00:00,8213,5.300000000033833,5.633989667050328,0,0,0
2025-11-17 10:00:00+00:00,8213,6.499999999959982,5.5515835703594245,0,0,0
2025-11-17 10:15:00+00:00,8213,6.200000000035288,5.517473926309746,0,0,0
2025-11-17 10:30:00+00:00,8213,5.699999999933425,5.478022052002928,0,0,0
2025-11-17 10:45:00+00:00,8213,5.699999999933425,5.544406133607744,0,0,0
2025-11-17 11:00:00+00:00,8213,6.1000000000603904,5.563399546725116,0,0,0
2025-11-17 11:15:00+00:00,8213,5.9000000001105946,5.621272841976488,0,0,0
2025-11-17 11:30:00+00:00,8213,6.200000000035288,5.631211011159019,0,0,0
2025-11-17 11:45:00+00:00,8213,6.199999999807915,5.665296497501126,0,0,0
2025-11-17 12:00:00+00:00,8213,5.9000000001105946,5.710959760017064,0,0,0
2025-11-17 12:15:00+00:00,8213,5.800000000135697,5.696787238241823,0,0,0
2025-11-17 12:30:00+00:00,8213,5.599999999958527,5.621574423680686,0,0,0
2025-11-17 12:45:00+00:00,8213,5.499999999983629,5.3027685337443335,0,0,0
2025-11-17 13:00:00+00:00,8213,5.499999999983629,5.311560900259149,0,0,0
2025-11-17 13:15:00+00:00,8213,5.300000000033833,5.306645975689697,0,0,0
2025-11-17 13:30:00+00:00,8213,5.099999999856664,5.302423312310329,0,0,0
2025-11-17 13:45:00+00:00,8213,5.699999999933425,5.204708502307438,0,0,0
2025-11-17 14:00:00+00:00,8213,5.400000000008731,5.146588694534721,0,0,0
2025-11-17 14:15:00+00:00,8213,5.400000000008731,5.107745958123116,0,0,0
2025-11-17 14:30:00+00:00,8213,4.900000000134241,4.829561902868871,0,0,0
2025-11-17 14:45:00+00:00,8213,5.200000000058935,4.963897459707386,0,0,0
2025-11-17 15:00:00+00:00,8213,6.799999999884676,5.364690712736736,0,0,0
2025-11-17 15:15:00+00:00,8213,6.200000000035288,5.636624675497688,0,0,0
2025-11-17 15:30:00+00:00,8213,5.699999999933425,5.8676331437899645,0,0,0
2025-11-17 15:45:00+00:00,8213,6.0000000000854925,5.990014531785068,0,0,0
2025-11-17 16:00:00+00:00,8213,5.9000000001105946,5.974692570697959,0,0,0
2025-11-17 16:15:00+00:00,8213,6.299999999782813,5.931310523105594,0,0,0
2025-11-17 16:30:00+00:00,8213,6.200000000035288,5.9518528868708,0,0,0
2025-11-17 16:45:00+00:00,8213,6.0000000000854925,5.958235976635885,0,0,0
2025-11-17 17:00:00+00:00,8213,5.899999999883221,5.957454617664112,0,0,0
2025-11-17 17:15:00+00:00,8213,6.300000000010186,5.904343507927871,0,0,0
2025-11-17 17:30:00+00:00,8213,6.300000000010186,5.959588808259884,0,0,0
2025-11-17 17:45:00+00:00,8213,6.200000000035288,5.993119186848441,0,0,0
2025-11-17 19:30:00+00:00,8213,6.59999999993488,6.009864114839596,0,0,0
2025-11-17 19:45:00+00:00,8213,6.1000000000603904,6.05018540685869,0,0,0
2025-11-17 20:00:00+00:00,8213,6.200000000035288,6.178367761794494,0,0,0
2025-11-17 20:15:00+00:00,8213,6.0000000000854925,5.980597701517544,0,0,0
2025-11-17 20:30:00+00:00,8213,6.300000000010186,5.808049326986359,0,0,0
2025-11-17 20:45:00+00:00,8213,6.399999999985084,6.07836732094299,0,0,0
2025-11-17 21:00:00+00:00,8213,6.200000000035288,6.072464527966073,0,0,0
2025-11-17 21:15:00+00:00,8213,6.099999999833017,5.620650196545856,1,0,1
2025-11-17 21:30:00+00:00,8213,6.1000000000603904,5.5792602506670965,1,0,1
2025-11-17 21:45:00+00:00,8213,6.799999999884676,4.251144299355072,1,0,1
2025-11-17 22:00:00+00:00,8213,6.600000000162254,3.4203652817786674,1,0,1
2025-11-17 22:15:00+00:00,8213,2.7999999999792635,3.0616883942971467,0,0,0
2025-11-17 22:30:00+00:00,8213,1.8999999999778083,2.2047163173463407,0,0,0
2025-11-17 22:45:00+00:00,8213,2.600000000029468,2.7586939187865203,0,0,0
2025-11-17 23:00:00+00:00,8213,3.100000000131331,3.4895295778365707,0,0,0
2025-11-17 23:15:00+00:00,8213,2.9999999999290594,3.666327760698105,0,0,0
2025-11-17 23:30:00+00:00,8213,4.099999999880311,3.581922289005296,0,0,0
2025-11-17 23:45:00+00:00,8213,3.6000000000058208,3.6136023950021183,0,0,0
2025-11-18 00:00:00+00:00,8213,3.500000000030923,3.568682566454668,0,0,0
2025-11-18 00:15:00+00:00,8213,3.699999999980719,3.5163754148359927,0,0,0
2025-11-18 00:30:00+00:00,8213,3.6000000000058208,3.5845397636326464,0,0,0
2025-11-18 00:45:00+00:00,8213,3.6000000000058208,3.661689740604687,0,0,0
2025-11-18 01:00:00+00:00,8213,3.400000000056025,3.646002946181192,0,0,0
2025-11-18 01:15:00+00:00,8213,3.699999999980719,3.690438971176471,0,0,0
2025-11-18 01:30:00+00:00,8213,3.6000000000058208,3.7619526692357694,0,0,0
2025-11-18 01:45:00+00:00,8213,3.500000000030923,3.805622790996917,0,0,0
2025-11-18 02:00:00+00:00,8213,3.6000000000058208,3.8340355021046286,0,0,0
2025-11-18 02:15:00+00:00,8213,3.999999999905413,3.8454804108868177,0,0,0
2025-11-18 02:30:00+00:00,8213,3.8999999999305146,3.8238022452253104,0,0,0
2025-11-18 02:45:00+00:00,8213,3.699999999980719,3.919437154534389,0,0,0
2025-11-18 03:00:00+00:00,8213,4.000000000132786,4.057549885843832,0,0,0
2025-11-18 03:15:00+00:00,8213,4.099999999880311,4.242830411306349,0,0,0
2025-11-18 03:30:00+00:00,8213,3.900000000157888,4.467618399779129,0,0,0
2025-11-18 03:45:00+00:00,8213,5.300000000033833,5.553884786825826,0,0,0
2025-11-18 04:00:00+00:00,8213,12.500000000045477,8.274540360097253,0,0,0
2025-11-18 04:15:00+00:00,8213,8.39999999993779,9.460183503523636,0,0,0
2025-11-18 04:30:00+00:00,8213,7.399999999961437,7.866336925090589,0,0,0
2025-11-18 04:45:00+00:00,8213,6.59999999993488,7.43574994533736,0,0,0
2025-11-18 05:00:00+00:00,8213,6.59999999993488,7.203586582766992,0,0,0
2025-11-18 05:15:00+00:00,8213,6.600000000162254,7.205775842545616,0,0,0
2025-11-18 05:30:00+00:00,8213,6.999999999834472,7.020279456276734,0,0,0
2025-11-18 05:45:00+00:00,8213,7.800000000088403,7.006911152379356,0,0,0
2025-11-18 06:00:00+00:00,8213,6.900000000086948,7.081848361265942,0,0,0
2025-11-18 06:15:00+00:00,8213,6.59999999993488,6.937735426868407,0,0,0
2025-11-18 06:30:00+00:00,8213,7.2000000000116415,6.795329117618662,0,0,0
2025-11-18 06:45:00+00:00,8213,7.000000000061846,6.77190809024801,0,0,0
2025-11-18 07:00:00+00:00,8213,6.899999999859574,6.822268857965257,0,0,0
2025-11-18 07:15:00+00:00,8213,7.000000000061846,6.775885020386919,0,0,0
2025-11-18 07:30:00+00:00,8213,6.700000000137152,6.860568955117541,0,0,0
2025-11-18 07:45:00+00:00,8213,6.999999999834472,6.869925001475691,0,0,0
2025-11-18 08:00:00+00:00,8213,7.2999999999865395,6.820394427665951,0,0,0
2025-11-18 08:15:00+00:00,8213,7.000000000061846,6.757834796906019,0,0,0
2025-11-18 08:30:00+00:00,8213,7.000000000061846,6.520330762640288,0,0,0
2025-11-18 08:45:00+00:00,8213,6.59999999993488,6.377289599225977,0,0,0
2025-11-18 09:00:00+00:00,8213,6.699999999909778,6.382654168868614,0,0,0
2025-11-18 09:15:00+00:00,8213,6.300000000010186,6.419412848421663,0,0,0
2025-11-18 09:30:00+00:00,8213,6.399999999985084,6.375360619264413,0,0,0
2025-11-18 09:45:00+00:00,8213,6.499999999959982,6.346883617483325,0,0,0
2025-11-18 10:00:00+00:00,8213,5.400000000008731,6.3089165330311126,0,0,0
2025-11-18 10:15:00+00:00,8213,4.900000000134241,6.19475292177504,0,0,0
2025-11-18 10:30:00+00:00,8213,5.200000000058935,5.9722648509671785,0,0,0
2025-11-18 10:45:00+00:00,8213,5.099999999856664,5.684210943488372,0,0,0
2025-11-18 11:00:00+00:00,8213,6.1000000000603904,5.491651674758552,0,0,0
2025-11-18 11:15:00+00:00,8213,5.300000000033833,5.417760780346136,0,0,0
2025-11-18 11:30:00+00:00,8213,5.699999999933425,5.44641000320378,0,0,0
2025-11-18 11:45:00+00:00,8213,5.499999999983629,5.463637306065473,0,0,0
2025-11-18 12:00:00+00:00,8213,5.800000000135697,5.4504970717083925,0,0,0
2025-11-18 12:15:00+00:00,8213,5.199999999831562,5.486364253923966,0,0,0
2025-11-18 12:30:00+00:00,8213,5.200000000058935,5.440668261610673,0,0,0
2025-11-18 12:45:00+00:00,8213,5.100000000084037,5.360614813924872,0,0,0
2025-11-18 13:00:00+00:00,8213,4.299999999830106,5.324888941310576,0,0,0
2025-11-18 13:15:00+00:00,8213,4.50000000023465,5.192993312936776,0,0,0
2025-11-18 13:30:00+00:00,8213,5.099999999856664,5.123506914111253,0,0,0
2025-11-18 13:45:00+00:00,8213,6.0000000000854925,5.031625541086124,0,0,0
2025-11-18 14:00:00+00:00,8213,5.29999999980646,5.06082233864872,0,0,0
2025-11-18 14:15:00+00:00,8213,5.000000000109139,5.050135800052066,0,0,0
2025-11-18 14:30:00+00:00,8213,6.200000000035288,5.078710211944329,0,0,0
2025-11-18 14:45:00+00:00,8213,5.099999999856664,5.195767812663339,0,0,0
2025-11-18 15:00:00+00:00,8213,4.400000000259752,5.169704763317321,0,0,0
2025-11-18 15:15:00+00:00,8213,3.999999999905413,5.125579801277061,0,0,0
2025-11-18 15:30:00+00:00,8213,4.899999999906868,5.106320653376402,0,0,0
2025-11-18 15:45:00+00:00,8213,4.30000000005748,5.016588277283944,0,0,0
2025-11-18 16:00:00+00:00,8213,4.500000000007276,4.955975030425439,0,0,0
2025-11-18 16:15:00+00:00,8213,4.599999999982174,4.917258277757621,0,0,0
2025-11-18 16:30:00+00:00,8213,4.500000000007276,5.015149205241515,0,0,0
2025-11-18 16:45:00+00:00,8213,4.999999999881766,4.93298520514692,0,0,0
2025-11-18 17:00:00+00:00,8213,4.900000000134241,4.897519352589388,0,0,0
2025-11-18 17:15:00+00:00,8213,4.79999999993197,4.92229113350167,0,0,0
2025-11-18 17:30:00+00:00,8213,5.100000000084037,5.043590879622284,0,0,0
2025-11-18 17:45:00+00:00,8213,5.199999999831562,5.046247188413956,0,0,0
2025-11-18 18:00:00+00:00,8213,5.100000000084037,5.078983220015916,0,0,0
2025-11-18 18:15:00+00:00,8213,5.600000000185901,5.119082157221234,0,0,0
2025-11-18 18:30:00+00:00,8213,5.400000000008731,5.26984963089366,0,0,0
2025-11-18 18:45:00+00:00,8213,5.599999999731153,5.30559732337286,0,0,0
2025-11-18 19:00:00+00:00,8213,5.400000000008731,5.333271665837863,0,0,0
2025-11-18 19:15:00+00:00,8213,5.800000000135697,5.402533891527535,0,0,0
2025-11-18 19:30:00+00:00,8213,5.599999999958527,5.588630324081255,0,0,0
2025-11-18 19:45:00+00:00,8213,5.899999999883221,5.60558617743314,0,0,0
2025-11-18 20:00:00+00:00,8213,5.600000000185901,5.626329855428107,0,0,0
2025-11-18 20:15:00+00:00,8213,5.699999999933425,5.660110383182161,0,0,0
2025-11-18 20:30:00+00:00,8213,5.700000000160799,5.673677923226931,0,0,0
2025-11-18 20:45:00+00:00,8213,5.699999999933425,5.686657365960499,0,0,0
2025-11-18 21:00:00+00:00,8213,5.699999999933425,5.485609130742136,0,0,0
2025-11-18 21:15:00+00:00,8213,4.699999999957072,5.184766704347664,1,0,1
2025-11-18 21:30:00+00:00,8213,5.599999999958527,4.788173255791594,1,0,1
2025-11-18 21:45:00+00:00,8213,5.599999999958527,3.752119573093159,1,0,1
2025-11-18 22:00:00+00:00,8213,5.100000000084037,3.088636966493822,1,0,1
2025-11-18 22:15:00+00:00,8213,3.300000000081127,2.9932638955635817,0,0,0
2025-11-18 22:30:00+00:00,8213,1.399999999875945,2.5573114370066787,0,0,0
2025-11-18 22:45:00+00:00,8213,2.400000000079672,2.3180816852113693,0,0,0
2025-11-18 23:00:00+00:00,8213,2.899999999954161,2.931877082542198,0,0,0
2025-11-18 23:15:00+00:00,8213,3.200000000106229,3.104321552954797,0,0,0
2025-11-18 23:30:00+00:00,8213,2.9999999999290594,3.165055718231308,0,0,0
2025-11-18 23:45:00+00:00,8213,2.600000000029468,3.134797799857643,0,0,0
2025-11-19 00:00:00+00:00,8213,2.899999999954161,3.064706808942094,0,0,0
2025-11-19 00:15:00+00:00,8213,3.200000000106229,3.0031651787840152,0,0,0
2025-11-19 00:30:00+00:00,8213,2.899999999954161,2.993714449797804,0,0,0
2025-11-19 00:45:00+00:00,8213,2.9999999999290594,3.010347291221032,0,0,0
2025-11-19 01:00:00+00:00,8213,3.0999999999039574,2.973019606738572,0,0,0
2025-11-19 01:15:00+00:00,8213,3.200000000106229,2.97265139651833,0,0,0
2025-11-19 01:30:00+00:00,8213,3.200000000106229,2.9839740880810317,0,0,0
2025-11-19 01:45:00+00:00,8213,2.9999999999290594,3.019223690191755,0,0,0
2025-11-19 02:00:00+00:00,8213,3.2999999998537533,3.030160767594351,0,0,0
2025-11-19 05:15:00+00:00,8213,5.199999999831562,3.020560416677374,0,0,0
2025-11-19 05:30:00+00:00,8213,5.400000000008731,3.3110426932877037,0,0,0
2025-11-19 05:45:00+00:00,8213,5.600000000185901,7.168318407795072,0,0,0
2025-11-19 06:00:00+00:00,8213,5.699999999933425,6.696987506020397,0,0,0
2025-11-19 06:15:00+00:00,8213,5.499999999983629,6.881169505189154,0,0,0
2025-11-19 06:30:00+00:00,8213,5.599999999958527,6.200568954812937,0,0,0
2025-11-19 06:45:00+00:00,8213,5.400000000008731,5.629816358127288,0,0,0
2025-11-19 07:00:00+00:00,8213,5.600000000185901,5.772666337963399,0,0,0
2025-11-19 07:15:00+00:00,8213,4.999999999881766,5.707007247346022,0,0,0
2025-11-19 07:30:00+00:00,8213,5.599999999958527,5.61682808354364,0,0,0
2025-11-19 07:45:00+00:00,8213,5.799999999908323,5.531115238278712,0,0,0
2025-11-19 08:00:00+00:00,8213,5.700000000160799,5.455033525525892,0,0,0
2025-11-19 08:15:00+00:00,8213,5.499999999983629,5.445338491980854,0,0,0
2025-11-19 08:30:00+00:00,8213,5.799999999908323,5.340884720606718,0,0,0
2025-11-19 08:45:00+00:00,8213,5.699999999933425,5.307698264650685,0,0,0
2025-11-19 09:00:00+00:00,8213,5.100000000084037,5.3801690495223164,0,0,0
2025-11-19 09:15:00+00:00,8213,6.399999999985084,5.412917549618507,0,0,0
2025-11-19 09:30:00+00:00,8213,5.599999999958527,5.453976041358975,0,0,0
2025-11-19 09:45:00+00:00,8213,5.700000000160799,5.408287062573686,0,0,0
2025-11-19 10:00:00+00:00,8213,5.699999999933425,5.352103248290536,0,0,0
2025-11-19 10:15:00+00:00,8213,5.499999999983629,5.336341772781807,0,0,0
2025-11-19 10:30:00+00:00,8213,6.600000000162254,5.311852611072082,0,0,0
2025-11-19 10:45:00+00:00,8213,5.699999999933425,5.342937606229698,0,0,0
2025-11-19 11:00:00+00:00,8213,5.999999999858119,5.360288814752806,0,0,0
2025-11-19 11:15:00+00:00,8213,5.599999999958527,5.411402108048919,0,0,0
2025-11-19 11:30:00+00:00,8213,5.499999999983629,5.385479848783585,0,0,0
2025-11-19 11:45:00+00:00,8213,5.100000000084037,5.337204956246968,0,0,0
2025-11-19 12:00:00+00:00,8213,5.600000000185901,5.261700690633193,0,0,0
2025-11-19 12:15:00+00:00,8213,5.3999999997813575,5.209817208058055,0,0,0
2025-11-19 12:30:00+00:00,8213,5.300000000033833,5.294777527744119,0,0,0
2025-11-19 12:45:00+00:00,8213,5.699999999933425,5.310232745863313,0,0,0
2025-11-19 13:00:00+00:00,8213,5.000000000109139,5.357292479733059,0,0,0
2025-11-19 13:15:00+00:00,8213,5.499999999983629,5.315401975763008,0,0,0
2025-11-19 13:30:00+00:00,8213,5.400000000008731,5.314003426326829,0,0,0
2025-11-19 13:45:00+00:00,8213,4.999999999881766,5.30442164827105,0,0,0
2025-11-19 14:00:00+00:00,8213,5.400000000008731,5.27246931348353,0,0,0
2025-11-19 14:15:00+00:00,8213,5.600000000185901,5.242092944414676,0,0,0
2025-11-19 14:30:00+00:00,8213,5.699999999933425,5.276122322532746,0,0,0
2025-11-19 14:45:00+00:00,8213,5.100000000084037,5.312172895517626,0,0,0
2025-11-19 15:00:00+00:00,8213,5.3999999997813575,5.283231442326455,0,0,0
2025-11-19 15:15:00+00:00,8213,6.500000000187356,5.31076161782692,0,0,0
2025-11-19 15:30:00+00:00,8213,5.799999999908323,5.430286941362368,0,0,0
2025-11-19 15:45:00+00:00,8213,6.0000000000854925,5.474789594873691,0,0,0
2025-11-19 16:00:00+00:00,8213,5.400000000008731,5.52757886160261,0,0,0
2025-11-19 16:15:00+00:00,8213,5.899999999883221,5.56925480356778,0,0,0
2025-11-19 16:30:00+00:00,8213,6.1000000000603904,5.687167015662167,0,0,0
2025-11-19 16:45:00+00:00,8213,6.1000000000603904,5.730468277802331,0,0,0
2025-11-19 17:00:00+00:00,8213,6.0000000000854925,5.782237206086727,0,0,0
2025-11-19 17:15:00+00:00,8213,6.099999999833017,5.838793516635009,0,0,0
2025-11-19 17:30:00+00:00,8213,6.200000000035288,5.912125926410022,0,0,0
2025-11-19 17:45:00+00:00,8213,7.499999999936335,5.90705150901854,0,0,0
2025-11-19 18:00:00+00:00,8213,6.59999999993488,5.9623181096948645,0,0,0
2025-11-19 18:15:00+00:00,8213,6.300000000010186,6.032837575219435,0,0,0
2025-11-19 18:30:00+00:00,8213,6.200000000035288,6.134792972062149,0,0,0
2025-11-19 18:45:00+00:00,8213,6.0000000000854925,6.136620125987498,0,0,0
2025-11-19 19:00:00+00:00,8213,6.200000000035288,6.131908074209587,0,0,0
2025-11-19 19:15:00+00:00,8213,6.499999999959982,6.1529278773997,0,0,0
2025-11-19 19:30:00+00:00,8213,6.1000000000603904,6.236739017534191,0,0,0
2025-11-19 19:45:00+00:00,8213,5.799999999908323,6.214730566655726,0,0,0
2025-11-19 20:00:00+00:00,8213,5.700000000160799,6.057335309018944,0,0,0
2025-11-19 20:15:00+00:00,8213,6.199999999807915,5.831106170421364,0,0,0
2025-11-19 20:30:00+00:00,8213,6.1000000000603904,5.90370241951619,0,0,0
2025-11-19 20:45:00+00:00,8213,5.899999999883221,5.859049364793211,0,0,0
2025-11-19 21:00:00+00:00,8213,5.9000000001105946,5.857940967608187,0,0,0
2025-11-19 21:15:00+00:00,8213,6.1000000000603904,5.770953998089089,0,0,0
2025-11-19 21:30:00+00:00,8213,6.199999999807915,5.842628617652048,0,0,0
2025-11-19 21:45:00+00:00,8213,6.0000000000854925,5.707900563005572,0,0,0
2025-11-19 22:00:00+00:00,8213,5.800000000135697,3.939909902540141,0,0,0
2025-11-19 22:15:00+00:00,8213,2.599999999802094,3.06176242598164,0,0,0
2025-11-19 22:30:00+00:00,8213,1.8000000000029104,1.7984371866159037,0,0,0
2025-11-19 22:45:00+00:00,8213,2.600000000029468,2.235452162195468,0,0,0
2025-11-19 23:00:00+00:00,8213,3.100000000131331,3.095976753430794,0,0,0
2025-11-19 23:15:00+00:00,8213,3.300000000081127,3.4736047131013628,0,0,0
2025-11-19 23:30:00+00:00,8213,3.6000000000058208,3.389415361975214,0,0,0
2025-11-19 23:45:00+00:00,8213,3.399999999828651,3.302334748869239,0,0,0
2025-11-20 00:00:00+00:00,8213,3.200000000106229,3.2496565296670603,0,0,0
2025-11-20 00:15:00+00:00,8213,3.199999999878856,3.138785899689301,0,0,0
2025-11-20 00:30:00+00:00,8213,3.300000000081127,3.195184795497925,0,0,0
2025-11-20 00:45:00+00:00,8213,3.399999999828651,3.34047626236053,0,0,0
2025-11-20 01:00:00+00:00,8213,3.400000000056025,3.318014919405175,0,0,0
2025-11-20 01:15:00+00:00,8213,3.300000000081127,3.348716508365205,0,0,0
2025-11-20 01:30:00+00:00,8213,3.6000000000058208,3.397791722375238,0,0,0
2025-11-20 01:45:00+00:00,8213,3.6000000000058208,3.457582048614536,0,0,0
2025-11-20 02:00:00+00:00,8213,3.699999999980719,3.4768882131288543,0,0,0
2025-11-20 02:15:00+00:00,8213,3.500000000030923,3.465597731842915,0,0,0
2025-11-20 02:30:00+00:00,8213,3.500000000030923,3.4343280471145112,0,0,0
2025-11-20 02:45:00+00:00,8213,3.7999999999556167,3.533494397654059,0,0,0
2025-11-20 03:00:00+00:00,8213,3.699999999980719,3.73134004817728,0,0,0
2025-11-20 03:15:00+00:00,8213,3.7999999999556167,3.8680792969191526,0,0,0
2025-11-20 03:30:00+00:00,8213,3.6000000000058208,3.9687214755830778,0,0,0
2025-11-20 03:45:00+00:00,8213,4.900000000134241,4.603062094042373,0,0,0
2025-11-20 04:00:00+00:00,8213,12.299999999868303,7.576136358521779,0,0,0
2025-11-20 04:15:00+00:00,8213,7.499999999936335,9.25692314962056,0,0,0
2025-11-20 04:30:00+00:00,8213,7.200000000239015,7.612737103814576,0,0,0
2025-11-20 04:45:00+00:00,8213,6.499999999732609,7.346769575303174,0,0,0
2025-11-20 05:00:00+00:00,8213,6.600000000162254,7.092656987201934,0,0,0
2025-11-20 05:15:00+00:00,8213,6.699999999909778,7.115698245019152,0,0,0
2025-11-20 05:30:00+00:00,8213,7.100000000036744,6.9819315632299,0,0,0
2025-11-20 05:45:00+00:00,8213,7.100000000036744,7.051062609969856,0,0,0
2025-11-20 06:00:00+00:00,8213,7.699999999886131,7.161035768123321,0,0,0
2025-11-20 06:15:00+00:00,8213,7.400000000188811,7.10068773652751,0,0,0
2025-11-20 06:30:00+00:00,8213,7.2999999999865395,7.103215723732726,0,0,0
2025-11-20 06:45:00+00:00,8213,7.2000000000116415,7.117361230437135,0,0,0
2025-11-20 07:00:00+00:00,8213,6.899999999859574,7.197813669938309,0,0,0
2025-11-20 07:15:00+00:00,8213,7.2999999999865395,7.174640973411078,0,0,0
2025-11-20 07:30:00+00:00,8213,7.399999999961437,7.279197609862614,0,0,0
2025-11-20 07:45:00+00:00,8213,7.500000000163709,7.337674328282677,0,0,0
2025-11-20 08:00:00+00:00,8213,7.499999999936335,7.36695450890044,0,0,0
2025-11-20 08:15:00+00:00,8213,7.600000000138607,7.317316913848556,0,0,0
2025-11-20 08:30:00+00:00,8213,7.499999999936335,7.085941664017669,0,0,0
2025-11-20 08:45:00+00:00,8213,7.2000000000116415,6.952780223719184,0,0,0
2025-11-20 09:00:00+00:00,8213,6.699999999909778,6.962604877652161,0,0,0
2025-11-20 09:15:00+00:00,8213,6.900000000086948,6.936168552760119,0,0,0
2025-11-20 09:30:00+00:00,8213,6.699999999909778,6.856618001008277,0,0,0
2025-11-20 09:45:00+00:00,8213,6.900000000086948,6.792753854039487,0,0,0
2025-11-20 10:00:00+00:00,8213,6.300000000010186,6.7012808242004045,0,0,0
2025-11-20 10:15:00+00:00,8213,6.499999999959982,6.558813731041285,0,0,0
2025-11-20 10:30:00+00:00,8213,6.499999999959982,6.391330162770613,0,0,0
2025-11-20 10:45:00+00:00,8213,5.599999999958527,6.173930536410243,0,0,0
2025-11-20 11:00:00+00:00,8213,6.499999999959982,6.009250561019339,0,0,0
2025-11-20 11:15:00+00:00,8213,6.0000000000854925,5.9281780736905,0,0,0
2025-11-20 11:30:00+00:00,8213,5.699999999933425,5.825185713744288,0,0,0
2025-11-20 11:45:00+00:00,8213,5.100000000084037,5.742521155558401,0,0,0
2025-11-20 12:00:00+00:00,8213,5.099999999856664,5.601351305319838,0,0,0
2025-11-20 12:15:00+00:00,8213,6.0000000000854925,5.473262464090762,0,0,0
2025-11-20 12:30:00+00:00,8213,5.499999999983629,5.356126675522514,0,0,0
2025-11-20 12:45:00+00:00,8213,5.200000000058935,5.160023237307698,0,0,0
2025-11-20 13:00:00+00:00,8213,4.199999999855208,5.019036258317849,0,0,0
2025-11-20 13:15:00+00:00,8213,5.200000000058935,4.767868832457952,0,0,0
2025-11-20 13:30:00+00:00,8213,4.600000000209548,4.660751219243549,0,0,0
2025-11-20 13:45:00+00:00,8213,5.199999999831562,4.560280352495143,0,0,0
2025-11-20 14:00:00+00:00,8213,4.200000000082582,4.430794000871074,0,0,0
2025-11-20 14:15:00+00:00,8213,4.099999999880311,4.3114907723891065,0,0,0
2025-11-20 14:30:00+00:00,8213,4.699999999957072,4.613951765190864,0,0,0
2025-11-20 14:45:00+00:00,8213,5.400000000008731,4.869765523473665,0,0,0
2025-11-20 15:00:00+00:00,8213,5.100000000084037,4.8947523859114215,0,0,0
2025-11-20 15:15:00+00:00,8213,5.100000000084037,4.917250225188431,0,0,0
2025-11-20 15:30:00+00:00,8213,4.699999999957072,4.937099288722365,0,0,0
2025-11-20 15:45:00+00:00,8213,4.79999999993197,4.947499831232609,0,0,0
2025-11-20 16:00:00+00:00,8213,4.900000000134241,5.079279346753888,0,0,0
2025-11-20 16:15:00+00:00,8213,4.999999999881766,5.242576618086698,0,0,0
2025-11-20 16:30:00+00:00,8213,5.400000000008731,5.477411095785637,0,0,0
2025-11-20 16:45:00+00:00,8213,5.799999999908323,5.575070317085084,0,0,0
2025-11-20 17:00:00+00:00,8213,6.500000000187356,5.653058150893378,0,0,0
2025-11-20 17:15:00+00:00,8213,6.399999999985084,5.742884040692566,0,0,0
2025-11-20 17:30:00+00:00,8213,5.799999999908323,5.911064026318066,0,0,0
2025-11-20 17:45:00+00:00,8213,5.699999999933425,5.940098213935075,0,0,0
2025-11-20 18:00:00+00:00,8213,5.499999999983629,5.951053604438572,0,0,0
2025-11-20 18:15:00+00:00,8213,5.9000000001105946,5.98265889947001,0,0,0
2025-11-20 18:30:00+00:00,8213,5.899999999883221,6.104297632777515,0,0,0
2025-11-20 18:45:00+00:00,8213,6.400000000212458,6.12173793908231,0,0,0
2025-11-20 19:00:00+00:00,8213,6.399999999985084,6.13948164541338,0,0,0
2025-11-20 19:15:00+00:00,8213,6.300000000010186,6.159429158099675,0,0,0
2025-11-20 19:30:00+00:00,8213,6.199999999807915,6.267535159242136,0,0,0
2025-11-20 19:45:00+00:00,8213,6.30000000023756,6.23374969604245,0,0,0
2025-11-20 20:00:00+00:00,8213,6.099999999833017,6.190228936451771,0,0,0
2025-11-20 20:15:00+00:00,8213,6.300000000010186,6.170826400867464,0,0,0
2025-11-20 20:30:00+00:00,8213,6.300000000010186,6.216133791777242,0,0,0
2025-11-20 20:45:00+00:00,8213,6.499999999959982,6.167892668079164,1,0,1
2025-11-20 21:00:00+00:00,8213,5.699999999933425,6.109206063339554,1,0,1
2025-11-20 21:15:00+00:00,8213,6.400000000212458,5.816220866392618,1,0,1
2025-11-20 21:30:00+00:00,8213,6.699999999909778,5.914109196273548,1,0,1
2025-11-20 21:45:00+00:00,8213,6.59999999993488,5.696235507372128,1,0,1
2025-11-20 22:00:00+00:00,8213,6.0000000000854925,4.169046018615483,1,0,1
2025-11-20 22:15:00+00:00,8213,3.400000000056025,3.336013450587078,0,0,0
2025-11-20 22:30:00+00:00,8213,1.8000000000029104,2.6857328363553066,0,0,0
2025-11-20 22:45:00+00:00,8213,2.9999999999290594,2.880995885070978,0,0,0
2025-11-20 23:00:00+00:00,8213,3.300000000081127,3.5934265530152274,0,0,0
2025-11-20 23:15:00+00:00,8213,3.499999999803549,3.783539399272921,0,0,0
2025-11-20 23:30:00+00:00,8213,3.6000000000058208,3.701420857230208,0,0,0
2025-11-20 23:45:00+00:00,8213,3.699999999980719,3.67288800698538,0,0,0
2025-11-21 00:00:00+00:00,8213,3.6000000000058208,3.653561191527493,0,0,0
2025-11-21 00:15:00+00:00,8213,3.400000000056025,3.531985969612476,0,0,0
2025-11-21 00:30:00+00:00,8213,3.500000000030923,3.5808067484121184,0,0,0
2025-11-21 00:45:00+00:00,8213,3.500000000030923,3.670278714807369,0,0,0
2025-11-21 01:00:00+00:00,8213,3.6000000000058208,3.684366554725962,0,0,0
2025-11-21 01:15:00+00:00,8213,3.400000000056025,3.705977182710388,0,0,0
2025-11-21 01:30:00+00:00,8213,3.699999999980719,3.737480521825464,0,0,0
2025-11-21 01:45:00+00:00,8213,3.699999999980719,3.7957902143748994,0,0,0
2025-11-21 02:00:00+00:00,8213,3.699999999980719,3.818284027367313,0,0,0
2025-11-21 02:15:00+00:00,8213,3.400000000056025,3.798510813839947,0,0,0
2025-11-21 02:30:00+00:00,8213,3.500000000030923,3.7471845171007305,0,0,0
2025-11-21 02:45:00+00:00,8213,3.599999999778447,3.815612132957853,0,0,0
2025-11-21 03:00:00+00:00,8213,3.900000000157888,3.9176196117400095,0,0,0
2025-11-21 03:15:00+00:00,8213,3.500000000030923,4.051397722982307,0,0,0
2025-11-21 03:30:00+00:00,8213,3.699999999980719,4.146844046316151,0,0,0
2025-11-21 03:45:00+00:00,8213,4.79999999993197,4.73633211414478,0,0,0
2025-11-21 04:00:00+00:00,8213,12.000000000170983,7.662580948541853,0,0,0
2025-11-21 04:15:00+00:00,8213,8.299999999735519,9.221770308220272,0,0,0
2025-11-21 04:30:00+00:00,8213,6.500000000187356,7.741884728012051,0,0,0
2025-11-21 04:45:00+00:00,8213,6.199999999807915,7.227328154343485,0,0,0
2025-11-21 05:00:00+00:00,8213,6.0000000000854925,6.805511201719577,0,0,0
2025-11-21 05:15:00+00:00,8213,6.1000000000603904,6.83119526079305,0,0,0
2025-11-21 05:30:00+00:00,8213,6.699999999909778,6.728427853263579,0,0,0
2025-11-21 05:45:00+00:00,8213,7.499999999936335,6.72242531233282,0,0,0
2025-11-21 06:00:00+00:00,8213,7.500000000163709,6.876643961304106,0,0,0
2025-11-21 06:15:00+00:00,8213,7.000000000061846,6.883121344056809,0,0,0
2025-11-21 06:30:00+00:00,8213,6.899999999859574,6.85787212371962,0,0,0
2025-11-21 06:45:00+00:00,8213,6.700000000137152,6.88730036770637,0,0,0
2025-11-21 07:00:00+00:00,8213,6.699999999909778,6.950137422462928,0,0,0
2025-11-21 07:15:00+00:00,8213,7.100000000036744,6.936030360282398,0,0,0
2025-11-21 07:30:00+00:00,8213,7.100000000036744,7.048944004991871,0,0,0
2025-11-21 07:45:00+00:00,8213,7.09999999980937,7.13254214168326,0,0,0
2025-11-21 08:00:00+00:00,8213,7.100000000264117,7.14829400606102,0,0,0
2025-11-21 08:15:00+00:00,8213,7.199999999784268,7.061103903990086,0,0,0
2025-11-21 08:30:00+00:00,8213,7.399999999961437,6.827950854690178,0,0,0
2025-11-21 08:45:00+00:00,8213,7.100000000036744,6.724229607352079,0,0,0
2025-11-21 09:00:00+00:00,8213,7.100000000036744,6.775573308031159,0,0,0
2025-11-21 09:15:00+00:00,8213,6.80000000011205,6.848077082460442,0,0,0
2025-11-21 09:30:00+00:00,8213,7.599999999911233,6.855390893367767,0,0,0
2025-11-21 09:45:00+00:00,8213,6.59999999993488,6.826756476847022,0,0,0
2025-11-21 10:00:00+00:00,8213,6.700000000137152,6.759206850791957,0,0,0
2025-11-21 10:15:00+00:00,8213,6.0000000000854925,6.685549221125768,0,0,0
2025-11-21 10:30:00+00:00,8213,6.299999999782813,6.547817558171243,0,0,0
2025-11-21 10:45:00+00:00,8213,6.200000000035288,6.418402900388999,0,0,0
2025-11-21 11:00:00+00:00,8213,6.699999999909778,6.326810380813539,0,0,0
2025-11-21 11:15:00+00:00,8213,6.0000000000854925,6.283076098259166,0,0,0
2025-11-21 11:30:00+00:00,8213,6.1000000000603904,6.183501664293868,0,0,0
2025-11-21 11:45:00+00:00,8213,6.1000000000603904,6.016899202948812,0,0,0
2025-11-21 12:00:00+00:00,8213,5.999999999858119,5.883120052665328,0,0,0
2025-11-21 12:15:00+00:00,8213,5.699999999933425,5.828103341394206,0,0,0
2025-11-21 12:30:00+00:00,8213,6.0000000000854925,5.764204646305986,0,0,0
2025-11-21 12:45:00+00:00,8213,5.9000000001105946,5.412878585574037,0,0,0
2025-11-21 13:00:00+00:00,8213,5.099999999856664,5.176968960008021,0,0,0
2025-11-21 13:15:00+00:00,8213,5.400000000008731,5.092165016020431,0,0,0
2025-11-21 13:30:00+00:00,8213,5.000000000109139,5.056955027354919,0,0,0
2025-11-21 13:45:00+00:00,8213,4.999999999881766,4.999983360092585,0,0,0
2025-11-21 14:00:00+00:00,8213,5.9000000001105946,4.903170697599325,0,0,0
2025-11-21 14:15:00+00:00,8213,5.999999999858119,5.4878719026846605,0,0,0
2025-11-21 14:30:00+00:00,8213,5.800000000135697,5.733760479799754,0,0,0
2025-11-21 14:45:00+00:00,8213,5.300000000033833,5.622179405411157,0,0,0
2025-11-21 15:00:00+00:00,8213,5.400000000008731,5.421486262518066,0,0,0
2025-11-21 15:15:00+00:00,8213,5.29999999980646,5.356277336494466,0,0,0
2025-11-21 15:30:00+00:00,8213,5.600000000185901,5.372941479033418,0,0,0
2025-11-21 15:45:00+00:00,8213,4.999999999881766,5.332961252283585,0,0,0
2025-11-21 16:00:00+00:00,8213,5.699999999933425,5.224530810530837,0,0,0
2025-11-21 16:15:00+00:00,8213,6.200000000262662,5.368205009787639,0,0,0
2025-11-21 16:30:00+00:00,8213,5.999999999858119,5.614156448894477,0,0,0
2025-11-21 16:45:00+00:00,8213,6.399999999985084,5.78770645912884,0,0,0
2025-11-21 17:00:00+00:00,8213,6.499999999959982,5.940409147009946,0,0,0
2025-11-21 17:15:00+00:00,8213,6.399999999985084,6.084796388280548,0,0,0
2025-11-21 17:30:00+00:00,8213,6.400000000212458,6.293892517004052,0,0,0
2025-11-21 17:45:00+00:00,8213,6.999999999834472,6.368143439187373,0,0,0
2025-11-21 18:00:00+00:00,8213,6.499999999959982,6.458363904876894,0,0,0
2025-11-21 18:15:00+00:00,8213,7.000000000061846,6.539405480730455,0,0,0
2025-11-21 18:30:00+00:00,8213,6.59999999993488,6.696183288142535,0,0,0
2025-11-21 18:45:00+00:00,8213,6.900000000086948,6.7221728253246535,0,0,0
2025-11-21 19:00:00+00:00,8213,7.2000000000116415,6.725769466389536,0,0,0
2025-11-21 19:15:00+00:00,8213,6.899999999859574,6.773791352397396,0,0,0
2025-11-21 19:30:00+00:00,8213,6.600000000162254,6.891457571491028,0,0,0
2025-11-21 19:45:00+00:00,8213,6.799999999884676,6.911531847201999,0,0,0
2025-11-21 20:00:00+00:00,8213,6.900000000086948,6.727754035054543,0,0,0
2025-11-21 20:15:00+00:00,8213,6.399999999985084,6.726761231201447,0,0,0
2025-11-21 20:30:00+00:00,8213,6.59999999993488,6.743062748366532,0,0,0
2025-11-21 20:45:00+00:00,8213,7.100000000036744,6.718456694523397,0,0,0
2025-11-21 21:00:00+00:00,8213,7.2000000000116415,6.731464970649872,0,0,0
2025-11-21 21:15:00+00:00,8213,6.799999999884676,6.644423451468516,0,0,0
2025-11-21 21:30:00+00:00,8213,7.100000000264117,6.7466365305253255,0,0,0
2025-11-21 21:45:00+00:00,8213,7.499999999936335,6.646320740673911,0,0,0
2025-11-21 22:00:00+00:00,8213,6.499999999959982,5.887469219309077,0,0,0
2025-11-21 22:15:00+00:00,8213,3.500000000030923,3.777627514685628,0,0,0
2025-11-21 22:30:00+00:00,8213,2.599999999802094,3.212744461658948,0,0,0
2025-11-21 22:45:00+00:00,8213,2.900000000181535,3.592954049035954,0,0,0
2025-11-21 23:00:00+00:00,8213,3.199999999878856,3.964468160488727,0,0,0
2025-11-21 23:15:00+00:00,8213,3.400000000056025,4.054835390745751,0,0,0
2025-11-21 23:30:00+00:00,8213,4.599999999982174,3.98167779965026,0,0,0
2025-11-21 23:45:00+00:00,8213,4.599999999982174,3.979787264212573,0,0,0
2025-11-22 00:00:00+00:00,8213,4.200000000082582,3.971574163158879,0,0,0
2025-11-22 00:15:00+00:00,8213,4.199999999855208,3.842141841676475,0,0,0
2025-11-22 00:30:00+00:00,8213,4.100000000107684,4.048161888969217,0,0,0
2025-11-22 00:45:00+00:00,8213,4.000000000132786,4.0984605739756095,0,0,0
2025-11-22 01:00:00+00:00,8213,4.299999999830106,4.164260714433968,0,0,0
2025-11-22 01:15:00+00:00,8213,3.999999999905413,4.256817204469616,0,0,0
2025-11-22 01:30:00+00:00,8213,4.400000000032378,4.301529224779892,0,0,0
2025-11-22 01:45:00+00:00,8213,4.30000000005748,4.340376377116536,0,0,0
2025-11-22 02:00:00+00:00,8213,4.500000000007276,4.371649438728793,0,0,0
2025-11-22 02:15:00+00:00,8213,4.400000000032378,4.381858278140244,0,0,0
2025-11-22 02:30:00+00:00,8213,4.30000000005748,4.3714870885435015,0,0,0
2025-11-22 02:45:00+00:00,8213,4.099999999880311,4.373290864042168,0,0,0
2025-11-22 03:00:00+00:00,8213,4.699999999957072,4.3800300851737095,0,0,0
2025-11-22 03:15:00+00:00,8213,4.7000000001844455,4.406095472362397,0,0,0
2025-11-22 03:30:00+00:00,8213,4.500000000007276,4.4208537536061705,0,0,0
2025-11-22 03:45:00+00:00,8213,4.399999999805004,4.445503187418816,0,0,0
2025-11-22 04:00:00+00:00,8213,4.599999999982174,4.480762530540657,0,0,0
2025-11-22 04:15:00+00:00,8213,4.200000000082582,4.433040927435514,0,0,0
2025-11-22 04:30:00+00:00,8213,4.30000000005748,4.329202787964007,0,0,0
2025-11-22 04:45:00+00:00,8213,4.30000000005748,4.30768710236794,0,0,0
2025-11-22 05:00:00+00:00,8213,4.500000000007276,4.320931500603903,0,0,0
2025-11-22 05:15:00+00:00,8213,4.500000000007276,4.33969450633831,0,0,0
2025-11-22 05:30:00+00:00,8213,4.79999999993197,4.33453748517255,0,0,0
2025-11-22 05:45:00+00:00,8213,4.699999999957072,4.3895188690433535,0,0,0
2025-11-22 06:00:00+00:00,8213,4.599999999982174,4.585617891333129,0,0,0
2025-11-22 06:15:00+00:00,8213,4.500000000007276,4.594067374256609,0,0,0
2025-11-22 06:30:00+00:00,8213,4.400000000032378,4.501261254576056,0,0,0
2025-11-22 06:45:00+00:00,8213,4.400000000032378,4.522797980756137,0,0,0
2025-11-22 07:00:00+00:00,8213,4.199999999855208,4.623104678997176,0,0,0
2025-11-22 07:15:00+00:00,8213,4.500000000007276,4.371885560838282,0,0,0
2025-11-22 07:30:00+00:00,8213,4.30000000005748,4.435598527314529,0,0,0
2025-11-22 07:45:00+00:00,8213,4.400000000032378,4.534020664604698,0,0,0
2025-11-22 08:00:00+00:00,8213,4.400000000032378,4.560246583656602,0,0,0
2025-11-22 08:15:00+00:00,8213,4.500000000007276,5.028362172481607,0,0,0
2025-11-22 08:30:00+00:00,8213,4.30000000005748,6.18277797210791,0,0,0
2025-11-22 08:45:00+00:00,8213,5.499999999983629,8.432840882367223,0,0,0
2025-11-22 09:00:00+00:00,8213,13.399999999819556,9.514180395870827,0,0,0
2025-11-22 09:15:00+00:00,8213,8.700000000089858,9.774259677981917,0,0,0
2025-11-22 09:30:00+00:00,8213,8.000000000038199,8.356521229182839,0,0,0
2025-11-22 09:45:00+00:00,8213,7.2000000000116415,7.631805587657627,0,0,0
2025-11-22 10:00:00+00:00,8213,6.899999999859574,7.269611415881794,0,0,0
2025-11-22 10:15:00+00:00,8213,7.300000000213913,7.266014255296319,0,0,0
2025-11-22 10:30:00+00:00,8213,7.399999999961437,7.298544556743478,0,0,0
2025-11-22 10:45:00+00:00,8213,7.699999999886131,7.306522834489165,0,0,0
2025-11-22 11:00:00+00:00,8213,7.100000000036744,7.309894523137308,0,0,0
2025-11-22 11:15:00+00:00,8213,7.2000000000116415,7.096200637166337,0,0,0
2025-11-22 11:30:00+00:00,8213,7.100000000036744,6.870471017618865,0,0,0
2025-11-22 11:45:00+00:00,8213,6.399999999985084,6.6922661028718124,0,0,0
2025-11-22 12:00:00+00:00,8213,6.700000000137152,6.475977211539137,0,0,0
2025-11-22 12:15:00+00:00,8213,10.1999999999407,6.398204459256316,0,0,0
2025-11-22 12:30:00+00:00,8213,9.899999999788632,6.425070427678714,0,0,0
2025-11-22 12:45:00+00:00,8213,8.200000000215368,6.550601669028776,0,0,0
2025-11-22 13:00:00+00:00,8213,7.799999999861029,6.731555886753636,0,0,0
2025-11-22 13:15:00+00:00,8213,7.499999999936335,6.865451929170529,0,0,0
2025-11-22 13:30:00+00:00,8213,7.2999999999865395,6.946665466340351,0,0,0
2025-11-22 13:45:00+00:00,8213,7.700000000113505,6.979622813714901,0,0,0
2025-11-22 14:00:00+00:00,8213,7.699999999886131,7.023378916134179,0,0,0
2025-11-22 14:15:00+00:00,8213,7.800000000088403,7.067736623400075,0,0,0
2025-11-22 14:30:00+00:00,8213,7.700000000113505,7.110822024733874,0,0,0
2025-11-22 14:45:00+00:00,8213,7.699999999886131,7.119129678535481,0,0,0
2025-11-22 15:00:00+00:00,8213,7.599999999911233,7.113087134519066,0,0,0
2025-11-22 15:15:00+00:00,8213,7.700000000113505,7.119898049492431,0,0,0
2025-11-22 15:30:00+00:00,8213,7.900000000063301,7.161209288001361,0,0,0
2025-11-22 15:45:00+00:00,8213,7.899999999835927,7.292894250774728,0,0,0
2025-11-22 16:00:00+00:00,8213,6.900000000086948,7.418734606877585,0,0,0
2025-11-22 16:15:00+00:00,8213,6.399999999985084,7.483964053964605,0,0,0
2025-11-22 16:30:00+00:00,8213,6.200000000035288,7.508381002311912,0,0,0
2025-11-22 16:45:00+00:00,8213,6.700000000137152,7.497048180097648,0,0,0
2025-11-22 17:00:00+00:00,8213,6.699999999909778,7.475216885741375,0,0,0
2025-11-22 17:15:00+00:00,8213,6.699999999909778,7.446044245886348,0,0,0
2025-11-22 17:30:00+00:00,8213,7.000000000061846,7.440528495751169,0,0,0
2025-11-22 17:45:00+00:00,8213,7.2999999999865395,7.418955403129582,0,0,0
2025-11-22 18:00:00+00:00,8213,7.000000000061846,7.376104825103788,0,0,0
2025-11-22 18:15:00+00:00,8213,7.2000000000116415,7.2716255972206,0,0,0
2025-11-22 18:30:00+00:00,8213,7.000000000061846,7.263307553007133,0,0,0
2025-11-22 18:45:00+00:00,8213,7.299999999759166,7.179677206038981,0,0,0
2025-11-22 19:00:00+00:00,8213,7.600000000138607,7.1029455730244,0,0,0
2025-11-22 19:15:00+00:00,8213,7.700000000113505,7.07927361720736,0,0,0
2025-11-22 19:30:00+00:00,8213,7.199999999784268,7.168091896816552,0,0,0
2025-11-22 19:45:00+00:00,8213,6.400000000212458,6.609842602241047,0,0,0
2025-11-22 20:00:00+00:00,8213,7.199999999784268,4.449637012776792,0,0,0
2025-11-22 20:15:00+00:00,8213,3.200000000106229,4.257642462931491,0,0,0
2025-11-22 20:30:00+00:00,8213,2.600000000029468,4.032261961222471,0,0,0
2025-11-22 20:45:00+00:00,8213,3.0999999999039574,3.9984050639412554,0,0,0
2025-11-22 21:00:00+00:00,8213,4.500000000007276,4.243561376780607,0,0,0
2025-11-22 21:15:00+00:00,8213,4.699999999957072,4.207285331858394,0,0,0
2025-11-22 21:30:00+00:00,8213,4.699999999957072,4.276213246046512,0,0,0
2025-11-22 21:45:00+00:00,8213,4.30000000005748,4.306572990456392,0,0,0
2025-11-22 22:00:00+00:00,8213,4.200000000082582,4.297550995839499,0,0,0
2025-11-22 22:15:00+00:00,8213,4.199999999855208,4.2410702755374885,0,0,0
2025-11-22 22:30:00+00:00,8213,4.600000000209548,4.287190975935506,0,0,0
2025-11-22 22:45:00+00:00,8213,4.30000000005748,4.394746285249456,0,0,0
2025-11-22 23:00:00+00:00,8213,4.399999999805004,4.44327288551335,0,0,0
2025-11-22 23:15:00+00:00,8213,4.400000000032378,4.467531899600406,0,0,0
2025-11-22 23:30:00+00:00,8213,4.500000000007276,4.500170780851487,0,0,0
2025-11-22 23:45:00+00:00,8213,4.500000000007276,4.545440766278575,0,0,0
2025-11-23 00:00:00+00:00,8213,4.79999999993197,4.5783786316308905,0,0,0
2025-11-23 00:15:00+00:00,8213,4.400000000032378,4.600049653884245,0,0,0
2025-11-23 00:30:00+00:00,8213,4.599999999982174,4.592598429780088,0,0,0
2025-11-23 00:45:00+00:00,8213,4.400000000032378,4.594276221534969,0,0,0
2025-11-23 01:00:00+00:00,8213,4.500000000007276,4.598249774790025,0,0,0
2025-11-23 01:15:00+00:00,8213,4.999999999881766,4.602185403041797,0,0,0
2025-11-23 01:30:00+00:00,8213,4.900000000134241,4.606426769162511,0,0,0
2025-11-23 01:45:00+00:00,8213,4.79999999993197,4.625719945662006,0,0,0
2025-11-23 02:00:00+00:00,8213,4.79999999993197,4.641207374057963,0,0,0
2025-11-23 05:00:00+00:00,8213,4.79999999993197,4.653516635226645,0,0,0
2025-11-23 05:15:00+00:00,8213,4.899999999906868,4.686731664815291,0,0,0
2025-11-23 05:30:00+00:00,8213,5.000000000109139,4.631006067695109,0,0,0
2025-11-23 05:45:00+00:00,8213,4.79999999993197,4.618928512710875,0,0,0
2025-11-23 06:00:00+00:00,8213,4.900000000134241,4.648274412683644,0,0,0
2025-11-23 06:15:00+00:00,8213,5.099999999856664,4.703529843667221,0,0,0
2025-11-23 06:30:00+00:00,8213,5.100000000084037,4.797829585052459,0,0,0
2025-11-23 06:45:00+00:00,8213,4.79999999993197,5.033860258916629,0,0,0
2025-11-23 07:00:00+00:00,8213,5.100000000084037,5.157716825635368,0,0,0
2025-11-23 07:15:00+00:00,8213,4.899999999906868,4.817979710769999,0,0,0
2025-11-23 07:30:00+00:00,8213,5.000000000109139,4.77099374882445,0,0,0
2025-11-23 07:45:00+00:00,8213,4.599999999982174,4.843906905480965,0,0,0
2025-11-23 08:00:00+00:00,8213,4.599999999982174,4.743361747287771,0,0,0
2025-11-23 08:15:00+00:00,8213,4.699999999957072,4.931296503459588,0,0,0
2025-11-23 08:30:00+00:00,8213,4.79999999993197,5.486992094560527,0,0,0
2025-11-23 08:45:00+00:00,8213,5.9000000001105946,7.908265354063925,0,0,0
2025-11-23 09:00:00+00:00,8213,13.500000000021828,9.421019963145897,0,0,0
2025-11-23 09:15:00+00:00,8213,9.299999999939246,9.639255498140296,0,0,0
2025-11-23 09:30:00+00:00,8213,8.199999999987995,8.534225326078303,0,0,0
2025-11-23 09:45:00+00:00,8213,7.400000000188811,7.729162188211688,0,0,0
2025-11-23 10:00:00+00:00,8213,7.599999999911233,7.359371066805382,0,0,0
2025-11-23 10:15:00+00:00,8213,7.399999999961437,7.331187074638709,0,0,0
2025-11-23 10:30:00+00:00,8213,7.2000000000116415,7.336092907597786,0,0,0
2025-11-23 10:45:00+00:00,8213,7.100000000036744,7.33728001215264,0,0,0
2025-11-23 11:00:00+00:00,8213,7.2000000000116415,7.357317921422107,0,0,0
2025-11-23 11:15:00+00:00,8213,7.09999999980937,7.262029532348516,0,0,0
2025-11-23 11:30:00+00:00,8213,7.2000000000116415,7.1070674494087385,0,0,0
2025-11-23 11:45:00+00:00,8213,6.600000000162254,7.009738902966696,0,0,0
2025-11-23 12:00:00+00:00,8213,6.900000000086948,6.934446861515134,0,0,0
2025-11-23 12:15:00+00:00,8213,6.699999999909778,6.849650190815847,0,0,0
2025-11-23 12:30:00+00:00,8213,6.799999999884676,6.735047584658746,0,0,0
2025-11-23 12:45:00+00:00,8213,6.399999999985084,6.628249736369293,0,0,0
2025-11-23 13:00:00+00:00,8213,6.300000000010186,6.527741204377898,0,0,0
2025-11-23 13:15:00+00:00,8213,6.1000000000603904,6.391822148772121,0,0,0
2025-11-23 13:30:00+00:00,8213,6.399999999985084,6.2455682700111055,0,0,0
2025-11-23 13:45:00+00:00,8213,5.9000000001105946,6.092341905372322,0,0,0
2025-11-23 14:00:00+00:00,8213,6.299999999782813,6.211400959175613,0,0,0
2025-11-23 14:15:00+00:00,8213,5.9000000001105946,6.407389063818798,0,0,0
2025-11-23 14:30:00+00:00,8213,6.200000000035288,6.394512745922926,0,0,0
2025-11-23 14:45:00+00:00,8213,6.1000000000603904,6.206821385148899,0,0,0
2025-11-23 15:00:00+00:00,8213,5.599999999958527,6.072993919450273,0,0,0
2025-11-23 15:15:00+00:00,8213,6.200000000035288,6.115277180988583,0,0,0
2025-11-23 15:30:00+00:00,8213,6.1000000000603904,6.238782811546795,0,0,0
2025-11-23 15:45:00+00:00,8213,6.59999999993488,6.265540200165269,0,0,0
2025-11-23 16:00:00+00:00,8213,6.399999999985084,6.348257229931043,0,0,0
2025-11-23 16:15:00+00:00,8213,6.200000000035288,6.419955227920687,0,0,0
2025-11-23 16:30:00+00:00,8213,6.59999999993488,6.469425017821052,0,0,0
2025-11-23 16:45:00+00:00,8213,8.000000000038199,6.476148653334805,0,0,0
2025-11-23 17:00:00+00:00,8213,6.499999999959982,6.524522774304673,0,0,0
2025-11-23 17:15:00+00:00,8213,6.300000000010186,6.582768306060881,0,0,0
2025-11-23 17:30:00+00:00,8213,6.200000000035288,6.658543501663869,0,0,0
2025-11-23 17:45:00+00:00,8213,6.799999999884676,6.682378586947092,0,0,0
2025-11-23 18:00:00+00:00,8213,7.000000000061846,6.819494098478396,0,0,0
2025-11-23 18:15:00+00:00,8213,7.2000000000116415,7.027594306225245,0,0,0
2025-11-23 18:30:00+00:00,8213,6.80000000011205,7.108379238905897,0,0,0
2025-11-23 18:45:00+00:00,8213,6.59999999993488,6.911360405406331,0,0,0
2025-11-23 19:00:00+00:00,8213,7.09999999980937,6.5608377832713565,0,0,0
2025-11-23 19:15:00+00:00,8213,7.2000000000116415,6.586822125247545,0,0,0
2025-11-23 19:30:00+00:00,8213,7.200000000239015,6.721602391713612,0,0,0
2025-11-23 19:45:00+00:00,8213,7.399999999734064,6.113267155814521,0,0,0
2025-11-23 20:00:00+00:00,8213,7.600000000138607,4.622712181189214,0,0,0
2025-11-23 20:15:00+00:00,8213,3.7999999999556167,3.938999702461321,0,0,0
2025-11-23 20:30:00+00:00,8213,2.7000000000043656,3.297579187241669,0,0,0
2025-11-23 20:45:00+00:00,8213,2.5000000000545697,3.3848794276783067,0,0,0
2025-11-23 21:00:00+00:00,8213,3.2999999998537533,3.951102454194313,0,0,0
2025-11-23 21:15:00+00:00,8213,4.500000000007276,3.873743500063764,0,0,0
2025-11-23 21:30:00+00:00,8213,4.000000000132786,3.835869669557983,0,0,0
2025-11-23 21:45:00+00:00,8213,3.8999999999305146,3.8422182112036367,0,0,0
2025-11-23 22:00:00+00:00,8213,3.699999999980719,3.795536168804954,0,0,0
2025-11-23 22:15:00+00:00,8213,3.700000000208093,3.672528238974773,0,0,0
2025-11-23 22:30:00+00:00,8213,3.6000000000058208,3.615729831830183,0,0,0
2025-11-23 22:45:00+00:00,8213,3.499999999803549,3.583353827999126,0,0,0
2025-11-23 23:00:00+00:00,8213,3.6000000000058208,3.537659654007908,0,0,0
2025-11-23 23:15:00+00:00,8213,3.8000000001829903,3.519158226892044,0,0,0
2025-11-23 23:30:00+00:00,8213,3.6000000000058208,3.5601837290748604,0,0,0
2025-11-23 23:45:00+00:00,8213,3.499999999803549,3.618783443995301,0,0,0
2025-11-24 00:00:00+00:00,8213,3.500000000030923,3.657899188478492,0,0,0
2025-11-24 00:15:00+00:00,8213,3.699999999980719,3.6592817626564376,0,0,0
2025-11-24 00:30:00+00:00,8213,3.400000000056025,3.654659328180807,0,0,0
2025-11-24 00:45:00+00:00,8213,3.500000000030923,3.581589016544929,0,0,0
2025-11-24 01:00:00+00:00,8213,3.399999999828651,3.515088692207444,0,0,0
2025-11-24 01:15:00+00:00,8213,3.300000000081127,3.3971781685549827,0,0,0
2025-11-24 01:30:00+00:00,8213,3.400000000056025,3.352876309752828,0,0,0
2025-11-24 01:45:00+00:00,8213,3.100000000131331,3.3645043495440263,0,0,0
2025-11-24 02:00:00+00:00,8213,3.399999999828651,3.3738200031760748,0,0,0
2025-11-24 02:15:00+00:00,8213,3.200000000106229,3.3936760802380146,0,0,0
2025-11-24 02:30:00+00:00,8213,3.399999999828651,3.3643704431111976,0,0,0
2025-11-24 02:45:00+00:00,8213,3.400000000056025,3.381495530296231,0,0,0
2025-11-24 03:00:00+00:00,8213,3.200000000106229,3.396836843525425,0,0,0
2025-11-24 03:15:00+00:00,8213,3.199999999878856,3.3971680379034206,0,0,0
2025-11-24 03:30:00+00:00,8213,3.300000000081127,3.4010065158043137,0,0,0
2025-11-24 03:45:00+00:00,8213,4.500000000007276,4.247653120970556,0,0,0
2025-11-24 04:00:00+00:00,8213,11.299999999891952,8.02626146873407,0,0,0
2025-11-24 04:15:00+00:00,8213,7.500000000163709,8.583984488948934,0,0,0
2025-11-24 04:30:00+00:00,8213,6.499999999959982,7.240769710644468,0,0,0
2025-11-24 04:45:00+00:00,8213,6.399999999985084,6.707170629162498,0,0,0
2025-11-24 05:00:00+00:00,8213,5.9000000001105946,6.49794825693491,0,0,0
2025-11-24 05:15:00+00:00,8213,6.299999999782813,6.4734726027606015,0,0,0
2025-11-24 05:30:00+00:00,8213,5.9000000001105946,6.386248731851124,0,0,0
2025-11-24 05:45:00+00:00,8213,6.499999999959982,6.350730667474002,0,0,0
2025-11-24 06:00:00+00:00,8213,6.399999999985084,6.396699408098586,0,0,0
2025-11-24 06:15:00+00:00,8213,5.9000000001105946,6.257357231305965,0,0,0
2025-11-24 06:30:00+00:00,8213,6.099999999833017,6.147865668742149,0,0,0
2025-11-24 06:45:00+00:00,8213,6.1000000000603904,6.112453067045394,0,0,0
2025-11-24 07:00:00+00:00,8213,5.899999999883221,6.129795183958125,0,0,0
2025-11-24 07:15:00+00:00,8213,5.800000000135697,6.089801969193468,0,0,0
2025-11-24 07:30:00+00:00,8213,6.1000000000603904,6.1050467814725256,0,0,0
2025-11-24 07:45:00+00:00,8213,5.999999999858119,6.097615039390604,0,0,0
2025-11-24 08:00:00+00:00,8213,6.300000000010186,6.03944042219533,0,0,0
2025-11-24 08:15:00+00:00,8213,5.9000000001105946,5.953398720395075,0,0,0
2025-11-24 08:30:00+00:00,8213,5.799999999908323,5.708410212707241,0,0,0
2025-11-24 08:45:00+00:00,8213,5.9000000001105946,5.601863812384767,0,0,0
2025-11-24 09:00:00+00:00,8213,6.0000000000854925,5.681915961269086,0,0,0
2025-11-24 09:15:00+00:00,8213,5.699999999933425,5.766977587470771,0,0,0
2025-11-24 09:30:00+00:00,8213,5.599999999958527,5.734363902968447,0,0,0
2025-11-24 09:45:00+00:00,8213,5.699999999933425,5.683257103679745,0,0,0
2025-11-24 10:00:00+00:00,8213,6.80000000011205,5.630746559748936,0,0,0
2025-11-24 10:15:00+00:00,8213,5.499999999983629,5.658565588699073,0,0,0
2025-11-24 10:30:00+00:00,8213,5.199999999831562,5.579803669207306,0,0,0
2025-11-24 10:45:00+00:00,8213,4.800000000159344,5.493306347847048,0,0,0
2025-11-24 11:00:00+00:00,8213,5.29999999980646,5.410330856586288,0,0,0
2025-11-24 11:15:00+00:00,8213,5.100000000084037,5.374689665828641,0,0,0
2025-11-24 11:30:00+00:00,8213,5.300000000033833,5.331199038432353,0,0,0
2025-11-24 11:45:00+00:00,8213,5.300000000033833,5.2592838808348645,0,0,0
2025-11-24 12:00:00+00:00,8213,5.200000000058935,5.189590972573651,0,0,0
2025-11-24 12:15:00+00:00,8213,5.499999999983629,5.057341810436359,0,0,0
2025-11-24 12:30:00+00:00,8213,5.400000000008731,5.097548288404414,0,0,0
2025-11-24 12:45:00+00:00,8213,4.999999999881766,5.130961515099264,0,0,0
2025-11-24 13:00:00+00:00,8213,5.800000000135697,5.139840901313397,0,0,0
2025-11-24 13:15:00+00:00,8213,5.29999999980646,5.17805060188251,0,0,0
2025-11-24 13:30:00+00:00,8213,4.900000000134241,5.219304693126217,0,0,0
2025-11-24 13:45:00+00:00,8213,5.699999999933425,5.198477112555491,0,0,0
2025-11-24 14:00:00+00:00,8213,5.600000000185901,5.198940005403795,0,0,0
2025-11-24 14:15:00+00:00,8213,4.899999999906868,5.19946757856592,0,0,0
2025-11-24 14:30:00+00:00,8213,5.100000000084037,5.185369348235469,0,0,0
2025-11-24 14:45:00+00:00,8213,4.999999999881766,5.175403384701214,0,0,0
2025-11-24 15:00:00+00:00,8213,5.200000000058935,5.18193194023232,0,0,0
2025-11-24 15:15:00+00:00,8213,5.200000000058935,5.161832208012295,0,0,0
2025-11-24 15:30:00+00:00,8213,5.400000000008731,5.203358528046699,0,0,0
2025-11-24 15:45:00+00:00,8213,5.29999999980646,5.224863563470612,0,0,0
2025-11-24 16:00:00+00:00,8213,5.9000000001105946,5.219509903760426,0,0,0
2025-11-24 16:15:00+00:00,8213,5.29999999980646,5.250538271173412,0,0,0
2025-11-24 16:30:00+00:00,8213,5.300000000261207,5.334641381881134,0,0,0
2025-11-24 16:45:00+00:00,8213,5.899999999883221,5.346963371304344,0,0,0
2025-11-24 17:00:00+00:00,8213,5.599999999958527,5.394790437089853,0,0,0
2025-11-24 17:15:00+00:00,8213,5.300000000033833,5.431032193652932,0,0,0
2025-11-24 17:30:00+00:00,8213,5.800000000135697,5.5211394038531925,0,0,0
2025-11-24 17:45:00+00:00,8213,5.799999999908323,5.520165042981144,0,0,0
2025-11-24 18:00:00+00:00,8213,5.599999999958527,5.509441358662096,0,0,0
2025-11-24 18:15:00+00:00,8213,5.599999999958527,5.473937840861576,0,0,0
2025-11-24 18:30:00+00:00,8213,5.499999999983629,5.533897790574467,0,0,0
2025-11-24 18:45:00+00:00,8213,5.600000000185901,5.528717131221729,0,0,0
2025-11-24 19:00:00+00:00,8213,5.899999999883221,5.5083740036039135,0,0,0
2025-11-24 19:15:00+00:00,8213,5.999999999858119,5.516204217980615,0,0,0
2025-11-24 19:45:00+00:00,8213,6.1000000000603904,5.607812063413566,0,0,0
2025-11-24 20:00:00+00:00,8213,5.300000000033833,5.626150361063249,0,0,0
2025-11-24 20:15:00+00:00,8213,5.499999999983629,5.345558327860754,0,0,0
2025-11-24 20:30:00+00:00,8213,5.799999999908323,5.5158150970565085,0,0,0
2025-11-24 20:45:00+00:00,8213,5.9000000001105946,5.564557038606173,0,0,0
2025-11-24 21:00:00+00:00,8213,5.3999999997813575,5.539420294477356,0,0,0
2025-11-24 21:15:00+00:00,8213,5.400000000008731,5.296629618657928,0,0,0
2025-11-24 21:30:00+00:00,8213,5.400000000008731,5.308297531654635,0,0,0
2025-11-24 21:45:00+00:00,8213,5.700000000160799,5.056790339326959,0,0,0
2025-11-24 22:00:00+00:00,8213,5.799999999908323,2.859588779278834,0,0,0
2025-11-24 22:15:00+00:00,8213,2.300000000104774,2.6799937573052386,0,0,0
2025-11-24 22:30:00+00:00,8213,1.399999999875945,1.518666288180578,0,0,0
2025-11-24 22:45:00+00:00,8213,1.900000000205182,1.6307371243731448,0,0,0
2025-11-24 23:00:00+00:00,8213,2.499999999827196,2.2853552972104154,0,0,0
2025-11-24 23:15:00+00:00,8213,2.300000000104774,2.9285001986881265,0,0,0
2025-11-24 23:30:00+00:00,8213,3.499999999803549,3.036322281826549,0,0,0
2025-11-24 23:45:00+00:00,8213,3.100000000131331,3.106581337653912,0,0,0
2025-11-25 00:00:00+00:00,8213,3.199999999878856,3.041090701588794,0,0,0
2025-11-25 00:15:00+00:00,8213,3.100000000131331,2.990737466920144,0,0,0
2025-11-25 00:30:00+00:00,8213,2.9999999999290594,2.9862629659333506,0,0,0
2025-11-25 00:45:00+00:00,8213,3.100000000131331,2.964476610108365,0,0,0
2025-11-25 01:00:00+00:00,8213,2.899999999954161,2.9049826703673363,0,0,0
2025-11-25 01:15:00+00:00,8213,3.0999999999039574,2.9045726387393627,0,0,0
2025-11-25 01:30:00+00:00,8213,3.100000000131331,2.9348178288585007,0,0,0
2025-11-25 01:45:00+00:00,8213,2.9999999999290594,2.9524126925396947,0,0,0
2025-11-25 02:00:00+00:00,8213,2.9999999999290594,2.973576402934049,0,0,0
2025-11-25 02:15:00+00:00,8213,3.000000000156433,2.976871072654289,0,0,0
2025-11-25 02:30:00+00:00,8213,2.899999999954161,2.966609372022507,0,0,0
2025-11-25 02:45:00+00:00,8213,2.899999999954161,2.9578881798289234,0,0,0
2025-11-25 03:00:00+00:00,8213,2.7000000000043656,2.952195013411256,0,0,0
2025-11-25 03:15:00+00:00,8213,2.7999999999792635,2.9634073068479583,0,0,0
2025-11-25 03:30:00+00:00,8213,2.9999999999290594,2.982112775676697,0,0,0
2025-11-25 05:45:00+00:00,8213,6.399999999985084,3.309067475993368,0,0,0
2025-11-25 06:00:00+00:00,8213,6.699999999909778,9.219466234390609,0,0,0
2025-11-25 06:15:00+00:00,8213,6.300000000010186,7.112919329367548,0,0,0
2025-11-25 06:30:00+00:00,8213,6.30000000023756,6.590297718014273,0,0,0
2025-11-25 06:45:00+00:00,8213,6.499999999959982,6.440963082137159,0,0,0
2025-11-25 07:00:00+00:00,8213,6.499999999959982,6.247768439722181,0,0,0
2025-11-25 07:15:00+00:00,8213,6.0000000000854925,5.995746142726611,0,0,0
2025-11-25 07:30:00+00:00,8213,6.300000000010186,6.055226315171929,0,0,0
2025-11-25 07:45:00+00:00,8213,6.399999999985084,6.1082392355161055,0,0,0
2025-11-25 08:00:00+00:00,8213,6.799999999884676,6.04257702777517,0,0,0
2025-11-25 08:15:00+00:00,8213,6.499999999959982,5.9982468551007,0,0,0
2025-11-25 08:30:00+00:00,8213,6.0000000000854925,5.8876814434712905,0,0,0
2025-11-25 08:45:00+00:00,8213,6.199999999807915,5.837972674098173,0,0,0
2025-11-25 09:00:00+00:00,8213,6.500000000187356,5.873369690177142,0,0,0
2025-11-25 09:15:00+00:00,8213,6.399999999985084,5.911307421715856,0,0,0
2025-11-25 09:30:00+00:00,8213,5.899999999883221,5.928410818916133,0,0,0
2025-11-25 09:45:00+00:00,8213,6.200000000035288,5.919900552083281,0,0,0
2025-11-25 10:00:00+00:00,8213,5.799999999908323,5.901783050685594,0,0,0
2025-11-25 10:15:00+00:00,8213,6.500000000187356,5.873583472901135,0,0,0
2025-11-25 10:30:00+00:00,8213,6.0000000000854925,5.861284342384014,0,0,0
2025-11-25 10:45:00+00:00,8213,5.899999999883221,5.870571032743007,0,0,0
2025-11-25 11:00:00+00:00,8213,5.9000000001105946,5.879133251635153,0,0,0
2025-11-25 11:15:00+00:00,8213,6.499999999732609,5.884128961656806,0,0,0
2025-11-25 11:30:00+00:00,8213,5.9000000001105946,5.90750660905795,0,0,0
2025-11-25 11:45:00+00:00,8213,6.0000000000854925,5.92912204260786,0,0,0
2025-11-25 12:00:00+00:00,8213,5.999999999858119,5.930397465663514,0,0,0
2025-11-25 12:15:00+00:00,8213,6.400000000212458,5.939099435595159,0,0,0
2025-11-25 12:30:00+00:00,8213,6.59999999993488,5.932082011186102,0,0,0
2025-11-25 12:45:00+00:00,8213,5.599999999958527,5.951425061662519,0,0,0
2025-11-25 13:00:00+00:00,8213,5.000000000109139,5.942688543611444,0,0,0
2025-11-25 13:15:00+00:00,8213,6.299999999782813,5.904577811715283,0,0,0
2025-11-25 13:30:00+00:00,8213,5.700000000160799,5.908130293529768,0,0,0
2025-11-25 13:45:00+00:00,8213,7.2999999999865395,5.8896961443306886,0,0,0
2025-11-25 14:00:00+00:00,8213,6.399999999985084,5.9359033449074285,0,0,0
2025-11-25 14:15:00+00:00,8213,7.2000000000116415,5.957470722802492,0,0,0
2025-11-25 14:30:00+00:00,8213,6.59999999993488,6.026970629163431,0,0,0
2025-11-25 14:45:00+00:00,8213,5.899999999883221,6.04532321362942,0,0,0
2025-11-25 15:00:00+00:00,8213,5.800000000135697,6.051027549739835,0,0,0
2025-11-25 15:15:00+00:00,8213,5.9000000001105946,6.080420466326265,0,0,0
2025-11-25 15:30:00+00:00,8213,5.499999999756255,6.146577257671673,0,0,0
2025-11-25 15:45:00+00:00,8213,5.300000000261207,6.182804987178743,0,0,0
2025-11-25 16:00:00+00:00,8213,5.3999999997813575,6.111445197095101,0,0,0
2025-11-25 16:15:00+00:00,8213,6.200000000035288,6.055000323714001,0,0,0
2025-11-25 16:30:00+00:00,8213,5.599999999958527,6.054122853432537,0,0,0
2025-11-25 16:45:00+00:00,8213,5.800000000135697,5.976859750851384,0,0,0
2025-11-25 17:00:00+00:00,8213,5.499999999983629,5.859865791405008,0,0,0
2025-11-25 17:15:00+00:00,8213,5.799999999908323,5.75227281684807,0,0,0
2025-11-25 17:30:00+00:00,8213,6.1000000000603904,5.763172878408419,0,0,0
2025-11-25 17:45:00+00:00,8213,6.200000000035288,5.751602635283184,0,0,0
2025-11-25 18:00:00+00:00,8213,5.599999999958527,5.754987571706447,0,0,0
2025-11-25 18:15:00+00:00,8213,5.400000000008731,5.7460772740170345,0,0,0
2025-11-25 18:30:00+00:00,8213,5.999999999858119,5.760222520961147,0,0,0
2025-11-25 18:45:00+00:00,8213,5.800000000135697,5.735953376222529,0,0,0
2025-11-25 19:00:00+00:00,8213,5.800000000135697,5.710204117314642,0,0,0
2025-11-25 19:15:00+00:00,8213,5.29999999980646,5.709619396887295,0,0,0
2025-11-25 19:30:00+00:00,8213,5.499999999983629,5.744269602113921,0,0,0
2025-11-25 19:45:00+00:00,8213,5.400000000008731,5.631139317317194,0,0,0
2025-11-25 20:00:00+00:00,8213,5.9000000001105946,5.498475577746741,0,0,0
2025-11-25 20:15:00+00:00,8213,5.499999999983629,5.507373406941923,0,0,0
2025-11-25 20:30:00+00:00,8213,5.400000000008731,5.592222289460802,0,0,0
2025-11-25 20:45:00+00:00,8213,5.400000000008731,5.48747343038988,0,0,0
2025-11-25 21:00:00+00:00,8213,6.099999999833017,5.41433636035781,0,0,0
2025-11-25 21:15:00+00:00,8213,5.800000000135697,5.346778941493852,0,0,0
2025-11-25 21:30:00+00:00,8213,5.400000000008731,5.501625171341404,0,0,0
2025-11-25 21:45:00+00:00,8213,5.400000000008731,4.160761223719964,0,0,0
2025-11-25 22:00:00+00:00,8213,5.799999999908323,2.7191506088553448,0,0,0
2025-11-25 22:15:00+00:00,8213,3.100000000131331,2.685040380345,0,0,0
2025-11-25 22:30:00+00:00,8213,1.099999999951251,2.148821031812492,0,0,0
2025-11-25 22:45:00+00:00,8213,1.9999999999527065,2.1212214353727967,0,0,0
2025-11-25 23:00:00+00:00,8213,2.7999999999792635,2.695597753134235,0,0,0
2025-11-25 23:15:00+00:00,8213,2.900000000181535,3.075871826004839,0,0,0
2025-11-25 23:30:00+00:00,8213,2.2999999998774,3.086015725342173,0,0,0
2025-11-25 23:45:00+00:00,8213,3.2999999998537533,2.955480981161563,0,0,0
2025-11-26 00:00:00+00:00,8213,3.000000000156433,2.9178689890346208,0,0,0
2025-11-26 00:15:00+00:00,8213,2.9999999999290594,2.8669047981486795,0,0,0
2025-11-26 00:30:00+00:00,8213,2.7999999999792635,2.866329429092005,0,0,0
2025-11-26 00:45:00+00:00,8213,2.800000000206637,2.915107607203028,0,0,0
2025-11-26 01:00:00+00:00,8213,2.899999999726788,2.848664949651358,0,0,0
2025-11-26 01:15:00+00:00,8213,2.900000000181535,2.8685114155823284,0,0,0
2025-11-26 01:30:00+00:00,8213,2.9999999999290594,2.913150832889742,0,0,0
2025-11-26 01:45:00+00:00,8213,3.000000000156433,2.983204028682155,0,0,0
2025-11-26 02:00:00+00:00,8213,2.899999999726788,2.967089668810675,0,0,0
2025-11-26 08:15:00+00:00,8213,6.1000000000603904,2.962978832238936,0,0,0
2025-11-26 08:30:00+00:00,8213,5.999999999858119,5.837713952842893,0,0,0
2025-11-26 08:45:00+00:00,8213,5.600000000185901,7.0409631296432185,0,0,0
2025-11-26 09:00:00+00:00,8213,6.300000000010186,6.365837806795932,0,0,0
2025-11-26 09:15:00+00:00,8213,7.000000000061846,6.928226121935342,0,0,0
2025-11-26 09:30:00+00:00,8213,6.399999999757711,6.171476321129223,0,0,0
2025-11-26 09:45:00+00:00,8213,6.399999999985084,5.9621604351949085,0,0,0
2025-11-26 10:00:00+00:00,8213,5.9000000001105946,6.06539904790217,0,0,0
2025-11-26 10:15:00+00:00,8213,6.200000000035288,6.148686511278985,0,0,0
2025-11-26 10:30:00+00:00,8213,6.200000000035288,6.07036046956469,0,0,0
2025-11-26 10:45:00+00:00,8213,5.599999999958527,6.020318167970912,0,0,0
2025-11-26 11:00:00+00:00,8213,5.899999999883221,5.9889056150794495,0,0,0
2025-11-26 11:15:00+00:00,8213,6.399999999985084,5.962322006099312,0,0,0
2025-11-26 11:30:00+00:00,8213,5.700000000160799,5.9084220043427,0,0,0
2025-11-26 11:45:00+00:00,8213,5.300000000033833,5.855087760511793,0,0,0
2025-11-26 12:00:00+00:00,8213,5.699999999933425,5.814080441549731,0,0,0
2025-11-26 12:15:00+00:00,8213,5.800000000135697,5.790408225972394,0,0,0
2025-11-26 12:30:00+00:00,8213,5.899999999883221,5.747075532836357,0,0,0
2025-11-26 12:45:00+00:00,8213,5.499999999983629,5.689115997166559,0,0,0
2025-11-26 13:00:00+00:00,8213,5.599999999958527,5.639943373045352,0,0,0
2025-11-26 13:15:00+00:00,8213,6.499999999959982,5.591958632759887,0,0,0
2025-11-26 13:30:00+00:00,8213,5.9000000001105946,5.571650313021799,0,0,0
2025-11-26 13:45:00+00:00,8213,5.599999999958527,5.55420792863463,0,0,0
2025-11-26 14:00:00+00:00,8213,5.300000000033833,5.539501339689854,0,0,0
2025-11-26 14:15:00+00:00,8213,5.400000000008731,5.51282837316773,0,0,0
2025-11-26 14:30:00+00:00,8213,5.599999999958527,5.513441926987985,0,0,0
2025-11-26 14:45:00+00:00,8213,5.599999999958527,5.486991575039934,0,0,0
2025-11-26 15:00:00+00:00,8213,5.000000000109139,5.46840624534831,0,0,0
2025-11-26 15:15:00+00:00,8213,5.099999999856664,5.424785478043493,0,0,0
2025-11-26 15:30:00+00:00,8213,5.300000000033833,5.379937343337868,0,0,0
2025-11-26 15:45:00+00:00,8213,5.000000000109139,5.316980539084637,0,0,0
2025-11-26 16:00:00+00:00,8213,5.499999999983629,5.320802392326557,0,0,0
2025-11-26 16:15:00+00:00,8213,5.199999999831562,5.378843752489741,0,0,0
2025-11-26 16:30:00+00:00,8213,5.9000000001105946,5.482997500721456,0,0,0
2025-11-26 16:45:00+00:00,8213,6.0000000000854925,5.52139033229958,0,0,0
2025-11-26 17:00:00+00:00,8213,5.699999999933425,5.569757699501739,0,0,0
2025-11-26 17:15:00+00:00,8213,5.599999999958527,5.641852091703791,0,0,0
2025-11-26 17:30:00+00:00,8213,5.599999999958527,5.768793311943076,0,0,0
2025-11-26 17:45:00+00:00,8213,5.400000000008731,5.788956685435736,0,0,0
2025-11-26 18:00:00+00:00,8213,5.300000000033833,5.821253981896962,0,0,0
2025-11-26 18:15:00+00:00,8213,5.599999999958527,5.832219503052022,0,0,0
2025-11-26 18:30:00+00:00,8213,5.9000000001105946,5.980691215224272,0,0,0
2025-11-26 18:45:00+00:00,8213,6.999999999834472,5.993488565990017,0,0,0
2025-11-26 19:00:00+00:00,8213,6.300000000010186,6.075256171872205,0,0,0
2025-11-26 19:15:00+00:00,8213,7.500000000163709,6.11109815733902,0,0,0
2025-11-26 19:30:00+00:00,8213,7.399999999961437,6.271550014384332,0,0,0
2025-11-26 19:45:00+00:00,8213,6.200000000035288,6.3803199628445615,0,0,0
2025-11-26 20:00:00+00:00,8213,5.899999999883221,6.444751426300835,0,0,0
2025-11-26 20:15:00+00:00,8213,6.600000000162254,6.476952871212667,0,0,0
2025-11-26 20:30:00+00:00,8213,6.299999999782813,6.62724706162493,0,0,0
2025-11-26 20:45:00+00:00,8213,6.80000000011205,6.637680593692824,0,0,0
2025-11-26 21:00:00+00:00,8213,6.399999999985084,6.579810155804715,0,0,0
2025-11-26 21:15:00+00:00,8213,6.399999999985084,6.46344689435816,0,0,0
2025-11-26 21:30:00+00:00,8213,6.399999999985084,6.319726717528884,0,0,0
2025-11-26 21:45:00+00:00,8213,6.200000000035288,4.9816866240903375,0,0,0
2025-11-26 22:00:00+00:00,8213,7.000000000061846,4.005859405168969,0,0,0
2025-11-26 22:15:00+00:00,8213,3.2999999998537533,3.459406085416327,0,0,0
2025-11-26 22:30:00+00:00,8213,1.8999999999778083,2.2110028736912506,0,0,0
2025-11-26 22:45:00+00:00,8213,2.7000000000043656,2.547907334993683,0,0,0
2025-11-26 23:00:00+00:00,8213,3.700000000208093,3.239230270887467,0,0,0
2025-11-26 23:15:00+00:00,8213,3.7999999999556167,3.647608394693506,0,0,0
2025-11-26 23:30:00+00:00,8213,3.699999999980719,3.609983024911295,0,0,0
2025-11-26 23:45:00+00:00,8213,3.7999999999556167,3.5724506493152197,0,0,0
2025-11-27 00:00:00+00:00,8213,3.699999999980719,3.619386087883105,0,0,0
2025-11-27 00:15:00+00:00,8213,3.699999999980719,3.566047817767603,0,0,0
2025-11-27 00:30:00+00:00,8213,3.700000000208093,3.682252365673016,0,0,0
2025-11-27 00:45:00+00:00,8213,3.599999999778447,3.855585995580423,0,0,0
2025-11-27 01:00:00+00:00,8213,3.700000000208093,3.876289150969141,0,0,0
2025-11-27 01:15:00+00:00,8213,3.8999999999305146,3.9227813085911056,0,0,0
2025-11-27 01:30:00+00:00,8213,3.699999999980719,3.998735738798657,0,0,0
2025-11-27 01:45:00+00:00,8213,3.8999999999305146,4.060382831637101,0,0,0
2025-11-27 02:00:00+00:00,8213,3.900000000157888,4.091116630873893,0,0,0
2025-11-27 02:15:00+00:00,8213,3.999999999905413,4.090332154778563,0,0,0
2025-11-27 02:30:00+00:00,8213,4.199999999855208,4.067131404139314,0,0,0
2025-11-27 02:45:00+00:00,8213,4.200000000082582,4.242068274596514,0,0,0
2025-11-27 03:00:00+00:00,8213,4.30000000005748,4.4618743203433535,0,0,0
2025-11-27 03:15:00+00:00,8213,4.400000000032378,4.641045543393264,0,0,0
2025-11-27 03:30:00+00:00,8213,4.399999999805004,4.668986659682739,0,0,0
2025-11-27 03:45:00+00:00,8213,5.200000000058935,5.6620154651964505,0,0,0
2025-11-27 04:00:00+00:00,8213,13.100000000122236,7.946346733046584,0,0,0
2025-11-27 04:15:00+00:00,8213,8.700000000089858,9.591681438883546,0,0,0
2025-11-27 04:30:00+00:00,8213,7.299999999759166,8.123999916923939,0,0,0
2025-11-27 04:45:00+00:00,8213,6.600000000162254,7.582644912510057,0,0,0
2025-11-27 05:00:00+00:00,8213,7.09999999980937,7.307698509590976,0,0,0
2025-11-27 05:15:00+00:00,8213,7.000000000061846,7.405214602967069,0,0,0
2025-11-27 05:30:00+00:00,8213,6.900000000086948,7.320001796272839,0,0,0
2025-11-27 05:45:00+00:00,8213,7.2999999999865395,7.24203786041182,0,0,0
2025-11-27 06:00:00+00:00,8213,7.799999999861029,7.276967307957147,0,0,0
2025-11-27 06:15:00+00:00,8213,7.2000000000116415,7.15786773154761,0,0,0
2025-11-27 06:30:00+00:00,8213,7.500000000163709,7.049850048905947,0,0,0
2025-11-27 06:45:00+00:00,8213,7.100000000036744,7.019070531856977,0,0,0
2025-11-27 07:00:00+00:00,8213,7.2999999999865395,7.0545205390364245,0,0,0
2025-11-27 07:15:00+00:00,8213,7.2000000000116415,7.011925565142354,0,0,0
2025-11-27 07:30:00+00:00,8213,7.2999999999865395,7.083884881990244,0,0,0
2025-11-27 07:45:00+00:00,8213,6.999999999834472,7.09674457522714,0,0,0
2025-11-27 08:00:00+00:00,8213,7.000000000061846,7.032737560095292,0,0,0
2025-11-27 08:15:00+00:00,8213,7.2000000000116415,6.880302425319549,0,0,0
2025-11-27 08:30:00+00:00,8213,7.100000000036744,6.5612850905018725,0,0,0
2025-11-27 08:45:00+00:00,8213,6.499999999959982,6.356145630614154,0,0,0
2025-11-27 09:00:00+00:00,8213,6.600000000162254,6.332841495376911,0,0,0
2025-11-27 09:15:00+00:00,8213,5.899999999883221,6.314652040377105,0,0,0
2025-11-27 09:30:00+00:00,8213,7.399999999961437,6.215595048922369,0,0,0
2025-11-27 09:45:00+00:00,8213,6.900000000086948,6.182975909453818,0,0,0
2025-11-27 10:00:00+00:00,8213,6.099999999833017,6.1630668412914,0,0,0
2025-11-27 10:15:00+00:00,8213,5.400000000236105,6.103918382744672,0,0,0
2025-11-27 10:30:00+00:00,8213,5.799999999908323,5.963325979645155,0,0,0
2025-11-27 10:45:00+00:00,8213,6.499999999959982,5.811495307079291,0,0,0
2025-11-27 11:00:00+00:00,8213,6.200000000035288,5.7784008062682055,0,0,0
2025-11-27 11:15:00+00:00,8213,6.399999999985084,5.761395858220288,0,0,0
2025-11-27 11:30:00+00:00,8213,6.399999999985084,5.760440459849882,0,0,0
2025-11-27 11:45:00+00:00,8213,6.200000000035288,5.720660508288626,0,0,0
2025-11-27 12:00:00+00:00,8213,7.399999999961437,5.68453902074281,0,0,0
2025-11-27 12:15:00+00:00,8213,6.59999999993488,5.739692625690172,0,0,0
2025-11-27 12:30:00+00:00,8213,6.399999999985084,5.718978560369001,0,0,0
2025-11-27 12:45:00+00:00,8213,5.800000000135697,5.723864391785249,0,0,0
2025-11-27 13:00:00+00:00,8213,5.799999999908323,5.773716029321422,0,0,0
2025-11-27 13:15:00+00:00,8213,5.9000000001105946,5.843221910169179,0,0,0
2025-11-27 13:30:00+00:00,8213,6.1000000000603904,5.907948721082537,0,0,0
2025-11-27 13:45:00+00:00,8213,6.899999999859574,6.00093927057358,0,0,0
2025-11-27 14:00:00+00:00,8213,6.200000000035288,6.121928083619324,0,0,0
2025-11-27 14:15:00+00:00,8213,5.999999999858119,6.071634334058565,0,0,0
2025-11-27 14:30:00+00:00,8213,6.399999999985084,6.012377555468211,0,0,0
2025-11-27 14:45:00+00:00,8213,5.600000000185901,5.97185079305461,0,0,0
2025-11-27 15:00:00+00:00,8213,5.400000000008731,5.927733364062947,0,0,0
2025-11-27 15:15:00+00:00,8213,5.29999999980646,5.874513155002191,0,0,0
2025-11-27 15:30:00+00:00,8213,6.0000000000854925,5.845536634170998,0,0,0
2025-11-27 15:45:00+00:00,8213,5.799999999908323,5.81586343622468,0,0,0
2025-11-27 16:00:00+00:00,8213,5.700000000160799,5.730655564976083,0,0,0
2025-11-27 16:15:00+00:00,8213,5.599999999958527,5.654689445555191,0,0,0
2025-11-27 16:30:00+00:00,8213,5.899999999883221,5.657845533157266,0,0,0
2025-11-27 16:45:00+00:00,8213,5.100000000084037,5.608044548878905,0,0,0
2025-11-27 17:00:00+00:00,8213,5.600000000185901,5.53579300169749,0,0,0
2025-11-27 17:15:00+00:00,8213,5.899999999883221,5.500865891994831,0,0,0
2025-11-27 17:30:00+00:00,8213,5.799999999908323,5.569641326888922,0,0,0
2025-11-27 19:30:00+00:00,8213,5.400000000008731,5.546963733486758,0,0,0
2025-11-27 19:45:00+00:00,8213,5.899999999883221,5.21492097836304,0,0,0
2025-11-27 20:00:00+00:00,8213,5.800000000135697,5.387168810231214,0,0,0
2025-11-27 20:15:00+00:00,8213,5.699999999933425,5.30694054386589,0,0,0
2025-11-27 20:30:00+00:00,8213,5.499999999983629,5.253314589222052,0,0,0
2025-11-27 20:45:00+00:00,8213,5.400000000008731,5.470327692261278,0,0,0
2025-11-27 21:00:00+00:00,8213,5.400000000008731,5.468365462981765,0,0,0
2025-11-27 21:15:00+00:00,8213,5.799999999908323,5.193774412148252,0,0,0
2025-11-27 21:30:00+00:00,8213,5.600000000185901,5.266708349628484,0,0,0
2025-11-27 21:45:00+00:00,8213,5.300000000033833,5.186990512245719,0,0,0
2025-11-27 22:00:00+00:00,8213,5.3999999997813575,3.5198637358572484,0,0,0
2025-11-27 22:15:00+00:00,8213,2.5000000000545697,2.3489142583008933,0,0,0
2025-11-27 22:30:00+00:00,8213,1.5000000000782163,1.39311822735132,0,0,0
2025-11-27 22:45:00+00:00,8213,1.399999999875945,1.6438684051175068,0,0,0
2025-11-27 23:00:00+00:00,8213,2.100000000154978,2.2536040493623983,0,0,0
2025-11-27 23:15:00+00:00,8213,2.5000000000545697,2.662215243094442,0,0,0
2025-11-27 23:30:00+00:00,8213,2.199999999902502,2.6302999241491696,0,0,0
2025-11-27 23:45:00+00:00,8213,2.100000000154978,2.579138315437913,0,0,0
2025-11-28 00:00:00+00:00,8213,2.699999999776992,2.513387854136254,0,0,0
2025-11-28 00:15:00+00:00,8213,2.7000000000043656,2.3802950554961115,0,0,0
2025-11-28 00:30:00+00:00,8213,2.5000000000545697,2.4043575609188896,0,0,0
2025-11-28 00:45:00+00:00,8213,2.5000000000545697,2.456085447076444,0,0,0
2025-11-28 01:00:00+00:00,8213,2.399999999852298,2.445654382731365,0,0,0
2025-11-28 01:15:00+00:00,8213,2.6000000002568413,2.4156150526471776,0,0,0
2025-11-28 01:30:00+00:00,8213,2.499999999827196,2.422883600322844,0,0,0
2025-11-28 01:45:00+00:00,8213,2.600000000029468,2.482734061070773,0,0,0
2025-11-28 02:00:00+00:00,8213,2.600000000029468,2.523237055417246,0,0,0
2025-11-28 02:15:00+00:00,8213,2.5000000000545697,2.5105936775672326,0,0,0
2025-11-28 02:30:00+00:00,8213,2.399999999852298,2.4854568035582667,0,0,0
2025-11-28 02:45:00+00:00,8213,2.600000000029468,2.51391276475534,0,0,0
2025-11-28 03:00:00+00:00,8213,2.5000000000545697,2.570520248082027,0,0,0
2025-11-28 03:15:00+00:00,8213,2.600000000029468,2.560172047271522,0,0,0
2025-11-28 03:30:00+00:00,8213,2.600000000029468,2.48880816596321,0,0,0
2025-11-28 03:45:00+00:00,8213,3.999999999905413,2.901136010017104,0,0,0
2025-11-28 04:00:00+00:00,8213,10.89999999999236,7.058549421234629,0,0,0
2025-11-28 04:15:00+00:00,8213,7.100000000036744,8.325560918967527,0,0,0
2025-11-28 04:30:00+00:00,8213,6.59999999993488,6.653409079643902,0,0,0
2025-11-28 04:45:00+00:00,8213,5.699999999933425,6.267462945879718,0,0,0
2025-11-28 05:00:00+00:00,8213,6.0000000000854925,6.068505781047916,0,0,0
2025-11-28 05:15:00+00:00,8213,5.700000000160799,6.081932531011999,0,0,0
2025-11-28 05:30:00+00:00,8213,5.199999999831562,5.904582747160918,0,0,0
2025-11-28 05:45:00+00:00,8213,5.799999999908323,5.816535176351342,0,0,0
2025-11-28 06:00:00+00:00,8213,5.9000000001105946,5.851669574770584,0,0,0
2025-11-28 06:15:00+00:00,8213,5.9000000001105946,5.725263720502317,0,0,0
2025-11-28 07:30:00+00:00,8213,5.300000000261207,5.656643362505216,0,0,0
2025-11-28 07:45:00+00:00,8213,5.400000000008731,5.529208078182052,0,0,0
2025-11-28 08:00:00+00:00,8213,5.699999999933425,5.545101252161089,0,0,0
2025-11-28 08:15:00+00:00,8213,5.599999999958527,5.540977297694379,0,0,0
2025-11-28 08:30:00+00:00,8213,5.499999999983629,5.454026694616786,0,0,0
2025-11-28 08:45:00+00:00,8213,5.599999999958527,5.40157771387624,0,0,0
2025-11-28 09:00:00+00:00,8213,5.700000000160799,5.326685443520942,0,0,0
2025-11-28 09:15:00+00:00,8213,5.699999999933425,5.293071941637516,0,0,0
2025-11-28 09:30:00+00:00,8213,5.599999999958527,5.270650471887668,0,0,0
2025-11-28 09:45:00+00:00,8213,5.000000000109139,5.27796973776122,0,0,0
2025-11-28 10:00:00+00:00,8213,5.199999999831562,5.248637345323866,0,0,0
2025-11-28 10:15:00+00:00,8213,5.799999999908323,5.210929501647527,0,0,0
2025-11-28 10:30:00+00:00,8213,5.100000000084037,5.187734465734801,0,0,0
2025-11-28 10:45:00+00:00,8213,4.899999999906868,5.153126601436499,0,0,0
2025-11-28 11:00:00+00:00,8213,4.7000000001844455,5.093156001551453,0,0,0
2025-11-28 11:15:00+00:00,8213,5.100000000084037,5.017406002697221,0,0,0
2025-11-28 11:30:00+00:00,8213,5.099999999856664,4.967433576623192,0,0,0
2025-11-28 11:45:00+00:00,8213,4.999999999881766,4.928165872366568,0,0,0
2025-11-28 12:00:00+00:00,8213,4.800000000159344,4.914603267767431,0,0,0
2025-11-28 12:15:00+00:00,8213,5.300000000033833,4.871609821578581,0,0,0
2025-11-28 12:30:00+00:00,8213,4.999999999881766,4.8584815361951375,0,0,0
2025-11-28 12:45:00+00:00,8213,4.900000000134241,4.855713530475985,0,0,0
2025-11-28 13:00:00+00:00,8213,4.899999999906868,4.843674939536221,0,0,0
2025-11-28 13:15:00+00:00,8213,4.699999999957072,4.845408839515138,0,0,0
2025-11-28 13:30:00+00:00,8213,4.7000000001844455,4.827332640004591,0,0,0
2025-11-28 13:45:00+00:00,8213,4.699999999729698,4.797148233794826,0,0,0
2025-11-28 14:00:00+00:00,8213,5.000000000109139,4.7721359148480165,0,0,0
2025-11-28 16:45:00+00:00,8213,4.79999999993197,4.777207215115942,0,0,0
2025-11-28 17:00:00+00:00,8213,4.400000000032378,4.646036837489877,0,0,0
2025-11-28 17:15:00+00:00,8213,4.599999999982174,4.638692115107272,0,0,0
2025-11-28 17:30:00+00:00,8213,4.500000000007276,4.675027904897673,0,0,0
2025-11-28 17:45:00+00:00,8213,4.400000000032378,4.635567198740774,0,0,0
2025-11-28 18:00:00+00:00,8213,4.099999999880311,4.656073196064474,0,0,0
2025-11-28 18:15:00+00:00,8213,4.500000000007276,4.573800356405659,0,0,0
2025-11-28 18:30:00+00:00,8213,4.7000000001844455,4.594103740698115,0,0,0
2025-11-28 18:45:00+00:00,8213,4.699999999957072,4.560902478405182,0,0,0
2025-11-28 19:00:00+00:00,8213,4.899999999906868,4.532304428325941,0,0,0
2025-11-28 19:15:00+00:00,8213,4.400000000032378,4.562790156479608,0,0,0
2025-11-28 19:30:00+00:00,8213,4.500000000007276,4.589102315949939,0,0,0
2025-11-28 19:45:00+00:00,8213,4.800000000159344,4.533796231708552,0,0,0
2025-11-28 20:00:00+00:00,8213,4.899999999906868,4.555811955875317,0,0,0
2025-11-28 20:15:00+00:00,8213,4.400000000032378,4.5301998504039656,0,0,0
2025-11-28 20:30:00+00:00,8213,4.399999999805004,4.5344469312512015,0,0,0
2025-11-28 20:45:00+00:00,8213,4.800000000159344,4.551778138231481,0,0,0
2025-11-28 21:00:00+00:00,8213,4.699999999957072,4.593037164920821,0,0,0
2025-11-28 21:15:00+00:00,8213,4.79999999993197,4.538762848577001,0,0,0
2025-11-28 21:30:00+00:00,8213,4.79999999993197,4.593216919045976,0,0,0
2025-11-28 21:45:00+00:00,8213,4.500000000007276,4.53374038324481,0,0,0
2025-11-28 22:00:00+00:00,8213,5.000000000109139,3.51450150405728,0,0,0
2025-11-28 22:15:00+00:00,8213,2.100000000154978,2.046304033208816,0,0,0
2025-11-28 22:30:00+00:00,8213,1.399999999875945,0.8599186896753527,0,0,0
2025-11-28 22:45:00+00:00,8213,0.5999999998493877,0.7949501718061331,0,0,0
2025-11-28 23:00:00+00:00,8213,1.5000000000782163,0.9130711012987318,0,0,0
2025-11-28 23:15:00+00:00,8213,1.8000000000029104,1.555324213208635,0,0,0
2025-11-28 23:30:00+00:00,8213,1.8000000000029104,2.0282834548717497,0,0,0
2025-11-28 23:45:00+00:00,8213,1.7000000000280124,2.0469072615572865,0,0,0
2025-11-29 00:00:00+00:00,8213,1.8000000000029104,1.9180371750015672,0,0,0
2025-11-29 00:15:00+00:00,8213,1.7000000000280124,1.5726448024867965,0,0,0
2025-11-29 00:30:00+00:00,8213,1.8000000000029104,1.7987900222735986,0,0,0
2025-11-29 00:45:00+00:00,8213,1.8000000000029104,1.9184595939486784,0,0,0
2025-11-29 01:00:00+00:00,8213,1.8000000000029104,1.9107446806735704,0,0,0
2025-11-29 01:15:00+00:00,8213,1.8000000000029104,1.9188329019647383,0,0,0
2025-11-29 01:30:00+00:00,8213,1.8000000000029104,1.875273892670405,0,0,0
2025-11-29 01:45:00+00:00,8213,1.8999999999778083,1.919454849289573,0,0,0
2025-11-29 02:00:00+00:00,8213,1.8999999999778083,1.961740854546014,0,0,0
2025-11-29 04:15:00+00:00,8213,1.8999999999778083,1.9522415828544,0,0,0
2025-11-29 04:30:00+00:00,8213,2.099999999927604,2.029896501372736,0,0,0
2025-11-29 04:45:00+00:00,8213,1.8999999999778083,1.99030175890286,0,0,0
2025-11-29 05:00:00+00:00,8213,2.00000000018008,1.9893981177715248,0,0,0
2025-11-29 05:15:00+00:00,8213,1.8999999997504349,2.0511002148527457,0,0,0
2025-11-29 05:30:00+00:00,8213,2.00000000018008,1.992595572200812,0,0,0
2025-11-29 05:45:00+00:00,8213,1.8999999999778083,1.9604200708485904,0,0,0
2025-11-29 06:00:00+00:00,8213,1.9999999999527065,2.0485897614675403,0,0,0
2025-11-29 06:15:00+00:00,8213,2.200000000129876,2.159920037289898,0,0,0
2025-11-29 06:30:00+00:00,8213,2.099999999927604,2.1358039887760105,0,0,0
2025-11-29 06:45:00+00:00,8213,2.099999999927604,1.9728761777598696,0,0,0
2025-11-29 07:00:00+00:00,8213,1.9999999999527065,2.2110383309717183,0,0,0
2025-11-29 07:15:00+00:00,8213,1.8000000000029104,2.032991382954955,0,0,0
2025-11-29 07:30:00+00:00,8213,1.9999999999527065,1.8816085046701607,0,0,0
2025-11-29 07:45:00+00:00,8213,2.00000000018008,1.9180280022160985,0,0,0
2025-11-29 08:00:00+00:00,8213,1.9999999999527065,1.67063376513008,0,0,0
2025-11-29 08:15:00+00:00,8213,1.9999999999527065,1.872944492211837,0,0,0
2025-11-29 08:30:00+00:00,8213,1.8999999999778083,1.8782403227860216,0,0,0
2025-11-29 08:45:00+00:00,8213,3.6000000000058208,4.966498959076503,0,0,0
2025-11-29 09:00:00+00:00,8213,9.399999999914144,7.949095516503798,0,0,0
2025-11-29 09:15:00+00:00,8213,6.500000000187356,7.132548375930375,0,0,0
2025-11-29 09:30:00+00:00,8213,5.899999999883221,6.231672652711898,0,0,0
2025-11-29 09:45:00+00:00,8213,5.400000000008731,5.647901649248212,0,0,0
2025-11-29 10:00:00+00:00,8213,5.400000000008731,5.255132911297321,0,0,0
2025-11-29 10:15:00+00:00,8213,6.499999999959982,5.029166650119766,0,0,0
2025-11-29 10:30:00+00:00,8213,5.800000000135697,4.994810493548741,0,0,0
2025-11-29 10:45:00+00:00,8213,4.999999999881766,5.021945054117687,0,0,0
2025-11-29 11:00:00+00:00,8213,5.000000000109139,5.003056064639494,0,0,0
2025-11-29 11:15:00+00:00,8213,4.400000000032378,4.910379565346878,0,0,0
2025-11-29 11:30:00+00:00,8213,4.499999999779902,4.84048326477353,0,0,0
2025-11-29 11:45:00+00:00,8213,6.1000000000603904,4.771176620073163,0,0,0
2025-11-29 12:00:00+00:00,8213,5.500000000211003,4.739576520247653,0,0,0
2025-11-29 12:15:00+00:00,8213,4.999999999881766,4.735689726931618,0,0,0
2025-11-29 12:30:00+00:00,8213,5.300000000033833,4.710038397655499,0,0,0
2025-11-29 12:45:00+00:00,8213,4.500000000007276,4.7052585484402085,0,0,0
2025-11-29 13:00:00+00:00,8213,4.899999999906868,4.699376016766417,0,0,0
2025-11-29 13:15:00+00:00,8213,5.000000000109139,4.692437039966893,0,0,0
2025-11-29 13:30:00+00:00,8213,4.79999999993197,4.713163833542589,0,0,0
2025-11-29 13:45:00+00:00,8213,4.999999999881766,4.739744065638875,0,0,0
2025-11-29 14:00:00+00:00,8213,4.900000000134241,4.724419506948802,0,0,0
2025-11-29 14:15:00+00:00,8213,4.79999999993197,4.712725098401856,0,0,0
2025-11-29 14:30:00+00:00,8213,4.7000000001844455,4.740788821551265,0,0,0
2025-11-29 14:45:00+00:00,8213,5.099999999856664,4.722460135032552,0,0,0
2025-11-29 15:00:00+00:00,8213,4.699999999957072,4.752937291096435,0,0,0
2025-11-29 15:15:00+00:00,8213,4.79999999993197,4.7400687660094585,0,0,0
2025-11-29 15:30:00+00:00,8213,4.7000000001844455,4.773442509139246,0,0,0
2025-11-29 15:45:00+00:00,8213,4.79999999993197,4.778698758738256,0,0,0
2025-11-29 16:00:00+00:00,8213,4.900000000134241,4.784321270355284,0,0,0
2025-11-29 16:15:00+00:00,8213,5.199999999831562,4.799727913299041,0,0,0
2025-11-29 16:30:00+00:00,8213,5.000000000109139,4.859573828241782,0,0,0
2025-11-29 16:45:00+00:00,8213,5.099999999856664,4.855103093779288,0,0,0
2025-11-29 17:00:00+00:00,8213,5.400000000008731,4.828701057246379,0,0,0
2025-11-29 17:15:00+00:00,8213,5.200000000058935,4.8302180573777465,0,0,0
2025-11-29 17:30:00+00:00,8213,5.200000000058935,4.878335794935002,0,0,0
2025-11-29 17:45:00+00:00,8213,5.199999999831562,4.883480087846235,0,0,0
2025-11-29 18:00:00+00:00,8213,4.800000000159344,4.881338623962161,0,0,0
2025-11-29 18:15:00+00:00,8213,5.100000000084037,4.843117753700299,0,0,0
2025-11-29 18:30:00+00:00,8213,4.999999999881766,4.841243842921585,0,0,0
2025-11-29 18:45:00+00:00,8213,4.79999999993197,4.789422183297008,0,0,0
2025-11-29 19:00:00+00:00,8213,4.900000000134241,4.685848479807303,0,0,0
2025-11-29 19:15:00+00:00,8213,4.999999999881766,4.557943029347532,0,0,0
2025-11-29 19:30:00+00:00,8213,5.100000000084037,4.524967238991934,0,0,0
2025-11-29 19:45:00+00:00,8213,5.300000000033833,4.211556050892609,0,0,0
2025-11-29 20:00:00+00:00,8213,5.099999999856664,3.577057757933358,0,0,0
2025-11-29 20:15:00+00:00,8213,2.200000000129876,1.5773958183091783,0,0,0
2025-11-29 20:30:00+00:00,8213,1.199999999926149,0.663547958115472,0,0,0
2025-11-29 20:45:00+00:00,8213,0.0,0.52631087876542,0,0,0
2025-11-29 21:00:00+00:00,8213,0.0,0.6029150993545835,0,0,0
2025-11-29 21:15:00+00:00,8213,0.0,0.6322421667058589,0,0,0
2025-11-29 21:30:00+00:00,8213,0.0,0.6605900676196019,0,0,0
2025-11-29 21:45:00+00:00,8213,0.0,0.354150326356859,0,0,0
2025-11-29 22:00:00+00:00,8213,0.0,0.0762627874810304,0,0,0
2025-11-29 22:15:00+00:00,8213,0.0,0.0355934166646705,0,0,0
2025-11-29 22:30:00+00:00,8213,0.0,0.0217345554474135,0,0,0
2025-11-29 22:45:00+00:00,8213,0.0,0.02769618413148,0,0,0
2025-11-29 23:00:00+00:00,8213,0.0,0.032545649106223,0,0,0
2025-11-29 23:15:00+00:00,8213,0.0,0.0342108424867249,0,0,0
2025-11-29 23:30:00+00:00,8213,0.0,0.0332662241686225,0,0,0
2025-11-29 23:45:00+00:00,8213,0.0,0.0370005381906324,0,0,0
2025-11-30 00:00:00+00:00,8213,0.0,0.0363217845359642,0,0,0
2025-11-30 00:15:00+00:00,8213,0.0,0.0360748823741723,0,0,0
2025-11-30 00:30:00+00:00,8213,0.0,0.0380658151664436,0,0,0
2025-11-30 00:45:00+00:00,8213,0.0,0.0387315808062886,0,0,0
2025-11-30 01:00:00+00:00,8213,0.0,0.0441401798191769,0,0,0
2025-11-30 01:15:00+00:00,8213,0.0,0.0493097993593154,0,0,0
2025-11-30 01:30:00+00:00,8213,0.0,0.0502988366881136,0,0,0
2025-11-30 01:45:00+00:00,8213,0.0,0.054442273177059,0,0,0
2025-11-30 02:00:00+00:00,8213,0.0,0.0597043673827399,0,0,0
2025-11-30 02:15:00+00:00,8213,0.0,0.0619024590114438,0,0,0
2025-11-30 02:30:00+00:00,8213,0.0,0.058437386536722,0,0,0
2025-11-30 02:45:00+00:00,8213,0.0,0.0598516514708367,0,0,0
2025-11-30 03:00:00+00:00,8213,0.0,0.069236661102042,0,0,0
2025-11-30 03:15:00+00:00,8213,0.0,0.073520498031228,0,0,0
2025-11-30 03:30:00+00:00,8213,0.0,0.0685946635293239,0,0,0
2025-11-30 03:45:00+00:00,8213,0.0,0.0705320857005231,0,0,0
2025-11-30 04:00:00+00:00,8213,0.0,0.0795972005266294,0,0,0
2025-11-30 04:15:00+00:00,8213,0.0,0.0837470011428385,0,0,0
2025-11-30 04:30:00+00:00,8213,5.699999999933425,0.0775906821165699,0,0,0
2025-11-30 04:45:00+00:00,8213,4.79999999993197,0.3798150332882459,0,0,0
2025-11-30 05:00:00+00:00,8213,3.000000000156433,3.9504114918057103,0,0,0
2025-11-30 05:15:00+00:00,8213,2.600000000029468,1.9140860585421184,0,0,0
2025-11-30 05:30:00+00:00,8213,2.600000000029468,1.699470965149765,0,0,0
2025-11-30 05:45:00+00:00,8213,2.5000000000545697,2.5923709595204625,0,0,0
2025-11-30 06:00:00+00:00,8213,2.7000000000043656,3.92895633035872,0,0,0
2025-11-30 06:15:00+00:00,8213,2.599999999802094,3.924193365562701,0,0,0
2025-11-30 06:30:00+00:00,8213,2.7999999999792635,3.013786777306552,0,0,0
2025-11-30 06:45:00+00:00,8213,2.7999999999792635,1.9649015853633875,0,0,0
2025-11-30 07:00:00+00:00,8213,2.70000000023174,1.8867384458250145,0,0,0
2025-11-30 07:15:00+00:00,8213,2.7000000000043656,2.158912134869569,0,0,0
2025-11-30 07:30:00+00:00,8213,2.79999999975189,2.5256883483949317,0,0,0
2025-11-30 07:45:00+00:00,8213,3.100000000131331,2.685686923722906,0,0,0
2025-11-30 08:00:00+00:00,8213,2.7999999999792635,2.678819316064837,0,0,0
2025-11-30 08:15:00+00:00,8213,2.899999999954161,2.8625213431457985,0,0,0
2025-11-30 08:30:00+00:00,8213,2.9999999999290594,3.3216497452336378,0,0,0
2025-11-30 08:45:00+00:00,8213,3.900000000157888,4.563598270761917,0,0,0
2025-11-30 09:00:00+00:00,8213,11.099999999942156,6.501990127147938,0,0,0
2025-11-30 09:15:00+00:00,8213,8.599999999887586,7.163205286119414,0,0,0
2025-11-30 09:30:00+00:00,8213,7.2000000000116415,6.649016013510053,0,0,0
2025-11-30 09:45:00+00:00,8213,6.80000000011205,6.057162568421793,0,0,0
2025-11-30 10:00:00+00:00,8213,6.0000000000854925,5.75155587842982,0,0,0
2025-11-30 10:15:00+00:00,8213,5.899999999883221,5.693575561936305,0,0,0
2025-11-30 10:30:00+00:00,8213,6.59999999993488,5.703412944123808,0,0,0
2025-11-30 10:45:00+00:00,8213,6.200000000035288,5.720445426763151,0,0,0
2025-11-30 11:00:00+00:00,8213,6.200000000035288,5.755005235406606,0,0,0
2025-11-30 11:15:00+00:00,8213,6.399999999985084,5.663745728531218,0,0,0
2025-11-30 11:30:00+00:00,8213,6.500000000187356,5.587693888212492,0,0,0
2025-11-30 11:45:00+00:00,8213,6.499999999732609,5.560229951587626,0,0,0
2025-11-30 12:00:00+00:00,8213,6.200000000262662,5.547326878381219,0,0,0
2025-11-30 12:15:00+00:00,8213,6.699999999909778,5.546525258106322,0,0,0
2025-11-30 12:30:00+00:00,8213,6.0000000000854925,5.632522540895881,0,0,0
2025-11-30 12:45:00+00:00,8213,5.899999999883221,5.580978045507633,0,0,0
2025-11-30 13:00:00+00:00,8213,5.699999999933425,5.4406513771914025,0,0,0
2025-11-30 13:15:00+00:00,8213,5.000000000109139,5.260254345302465,0,0,0
2025-11-30 13:30:00+00:00,8213,5.199999999831562,5.027313260404474,0,0,0
2025-11-30 13:45:00+00:00,8213,5.600000000185901,5.14031782121771,0,0,0
2025-11-30 14:00:00+00:00,8213,5.599999999958527,5.219479252045443,0,0,0
2025-11-30 14:15:00+00:00,8213,6.200000000035288,5.272548280613656,0,0,0
2025-11-30 14:30:00+00:00,8213,5.799999999908323,5.350976667884759,0,0,0
2025-11-30 14:45:00+00:00,8213,6.0000000000854925,5.419861461863664,0,0,0
2025-11-30 15:00:00+00:00,8213,5.699999999933425,5.501032398344866,0,0,0
2025-11-30 15:15:00+00:00,8213,6.300000000010186,5.5478967924716684,0,0,0
2025-11-30 15:30:00+00:00,8213,6.1000000000603904,5.614802212991494,0,0,0
2025-11-30 15:45:00+00:00,8213,6.399999999985084,5.666671668510622,0,0,0
2025-11-30 16:00:00+00:00,8213,5.799999999908323,5.7086245149518255,0,0,0
2025-11-30 16:15:00+00:00,8213,6.200000000035288,5.724904212252007,0,0,0
2025-11-30 16:30:00+00:00,8213,6.200000000035288,5.804189288980858,0,0,0
2025-11-30 16:45:00+00:00,8213,6.1000000000603904,5.861895038841007,0,0,0
2025-11-30 17:00:00+00:00,8213,6.399999999985084,5.88503526533118,0,0,0
2025-11-30 17:15:00+00:00,8213,6.699999999909778,5.901865134939278,0,0,0
2025-11-30 17:30:00+00:00,8213,6.499999999959982,5.962265897875273,0,0,0
2025-11-30 17:45:00+00:00,8213,6.399999999985084,6.04751714909338,0,0,0
2025-11-30 18:00:00+00:00,8213,7.000000000061846,6.098353278153162,0,0,0
2025-11-30 18:15:00+00:00,8213,6.900000000086948,6.226876438597932,0,0,0
2025-11-30 18:30:00+00:00,8213,7.399999999961437,6.393398374251083,0,0,0
2025-11-30 18:45:00+00:00,8213,6.899999999859574,6.389027127982136,0,0,0
2025-11-30 19:00:00+00:00,8213,6.900000000086948,6.300387563456914,0,0,0
2025-11-30 19:15:00+00:00,8213,6.499999999959982,6.25477105779434,0,0,0
2025-11-30 19:30:00+00:00,8213,6.700000000137152,6.238301215957144,0,0,0
2025-11-30 19:45:00+00:00,8213,6.799999999884676,5.801762608291263,0,0,0
2025-11-30 20:00:00+00:00,8213,6.699999999909778,4.596536915395121,0,0,0
2025-11-30 20:15:00+00:00,8213,4.000000000132786,2.6145521509960785,0,0,0
2025-11-30 21:30:00+00:00,8213,2.200000000129876,1.70530225098757,0,0,0
2025-11-30 21:45:00+00:00,8213,2.7999999999792635,1.4010608529963182,0,0,0
2025-11-30 22:00:00+00:00,8213,2.5000000000545697,2.1000962669124306,0,0,0
2025-11-30 22:15:00+00:00,8213,3.499999999803549,2.551385785123673,0,0,0
2025-11-30 22:30:00+00:00,8213,3.000000000156433,2.9819983512661032,0,0,0
2025-11-30 22:45:00+00:00,8213,3.199999999878856,2.9159253326163057,0,0,0
2025-11-30 23:00:00+00:00,8213,3.100000000131331,2.800946723430069,0,0,0
2025-11-30 23:15:00+00:00,8213,2.9999999999290594,2.6465832580935014,0,0,0
2025-11-30 23:30:00+00:00,8213,3.199999999878856,2.784558965846557,0,0,0
2025-11-30 23:45:00+00:00,8213,3.200000000106229,2.943992043009123,0,0,0
2025-12-01 00:00:00+00:00,8213,3.300000000081127,2.9189792045417207,0,0,0
2025-12-01 00:15:00+00:00,8213,3.0999999999039574,2.928212644039937,0,0,0
2025-12-01 00:30:00+00:00,8213,3.100000000131331,2.9197226385102093,0,0,0
2025-12-01 00:45:00+00:00,8213,2.9999999999290594,3.024827888707883,0,0,0
2025-12-01 01:00:00+00:00,8213,2.9999999999290594,3.0513249975092984,0,0,0
2025-12-01 01:15:00+00:00,8213,3.100000000131331,2.891672033255773,0,0,0
2025-12-01 01:30:00+00:00,8213,2.9999999999290594,2.9922064113966647,0,0,0
2025-12-01 01:45:00+00:00,8213,3.100000000131331,2.9626246490747032,0,0,0
2025-12-01 02:00:00+00:00,8213,3.0999999999039574,2.933503181998081,0,0,0
2025-12-01 02:45:00+00:00,8213,3.200000000106229,2.9403989087082434,0,0,0
2025-12-01 03:00:00+00:00,8213,3.0999999999039574,2.933539678319735,0,0,0
2025-12-01 03:15:00+00:00,8213,3.399999999828651,3.0092518820508305,0,0,0
2025-12-01 03:30:00+00:00,8213,3.100000000131331,3.075760908358248,0,0,0
2025-12-01 03:45:00+00:00,8213,4.699999999957072,3.125688655661285,0,0,0
2025-12-01 04:00:00+00:00,8213,12.69999999999527,6.068240306024926,0,0,0
2025-12-01 04:15:00+00:00,8213,8.800000000064756,10.455655614385917,0,0,0
2025-12-01 04:30:00+00:00,8213,7.2000000000116415,7.69862217015606,0,0,0
2025-12-01 04:45:00+00:00,8213,7.499999999936335,7.356727746028534,0,0,0
2025-12-01 05:00:00+00:00,8213,7.2000000000116415,7.1784604888103285,0,0,0
2025-12-01 05:15:00+00:00,8213,7.599999999911233,7.687046212304304,0,0,0
2025-12-01 05:30:00+00:00,8213,8.000000000038199,7.641143970315616,0,0,0
2025-12-01 05:45:00+00:00,8213,7.900000000063301,7.573765786056221,0,0,0
2025-12-01 06:00:00+00:00,8213,7.399999999961437,7.618988495109351,0,0,0
2025-12-01 06:15:00+00:00,8213,7.800000000088403,7.521981531914333,0,0,0
2025-12-01 06:30:00+00:00,8213,7.699999999886131,7.496174865980928,0,0,0
2025-12-01 06:45:00+00:00,8213,8.000000000038199,7.531293938542676,0,0,0
2025-12-01 07:00:00+00:00,8213,7.700000000113505,7.548274469122726,0,0,0
2025-12-01 07:15:00+00:00,8213,8.299999999962893,7.511670606706371,0,0,0
2025-12-01 07:30:00+00:00,8213,7.899999999835927,7.609874025826915,0,0,0
2025-12-01 07:45:00+00:00,8213,7.800000000088403,7.672838363128744,0,0,0
2025-12-01 08:00:00+00:00,8213,8.199999999987995,7.702327391024866,0,0,0
2025-12-01 08:15:00+00:00,8213,8.000000000038199,7.628997578852818,0,0,0
2025-12-01 08:30:00+00:00,8213,7.2000000000116415,7.438042070193385,0,0,0
2025-12-01 08:45:00+00:00,8213,7.600000000138607,7.340886524108789,0,0,0
2025-12-01 09:00:00+00:00,8213,7.399999999734064,7.3571049179790045,0,0,0
2025-12-01 09:15:00+00:00,8213,7.300000000213913,7.384694578587359,0,0,0
2025-12-01 09:30:00+00:00,8213,7.199999999784268,7.14692351073686,0,0,0
2025-12-01 09:45:00+00:00,8213,6.500000000187356,6.960594852478099,0,0,0
2025-12-01 10:00:00+00:00,8213,6.799999999884676,6.838903907351005,0,0,0
2025-12-01 10:15:00+00:00,8213,7.100000000036744,6.721692788296782,0,0,0
2025-12-01 10:30:00+00:00,8213,5.9000000001105946,6.571015191686934,0,0,0
2025-12-01 10:45:00+00:00,8213,6.299999999782813,6.431570669337505,0,0,0
2025-12-01 11:00:00+00:00,8213,6.300000000010186,6.218080435438965,0,0,0
2025-12-01 11:15:00+00:00,8213,5.800000000135697,6.090717883998812,0,0,0
2025-12-01 11:30:00+00:00,8213,5.799999999908323,5.908989840350776,0,0,0
2025-12-01 11:45:00+00:00,8213,6.0000000000854925,5.72990511747959,0,0,0
2025-12-01 12:00:00+00:00,8213,5.899999999883221,5.652812157892624,0,0,0
2025-12-01 12:15:00+00:00,8213,5.499999999983629,5.561136774782592,0,0,0
2025-12-01 12:30:00+00:00,8213,5.800000000135697,5.383661266948019,0,0,0
2025-12-01 12:45:00+00:00,8213,5.400000000008731,5.354863201440499,0,0,0
2025-12-01 13:00:00+00:00,8213,5.499999999983629,5.253070934063966,0,0,0
2025-12-01 13:15:00+00:00,8213,5.200000000058935,5.265995567374979,0,0,0
2025-12-01 13:30:00+00:00,8213,5.29999999980646,5.285882296151902,0,0,0
2025-12-01 13:45:00+00:00,8213,5.400000000008731,5.254148419773711,0,0,0
2025-12-01 14:00:00+00:00,8213,5.000000000109139,5.206758790327452,0,0,0
2025-12-01 14:15:00+00:00,8213,5.400000000008731,5.131311412218605,0,0,0
2025-12-01 14:30:00+00:00,8213,5.200000000058935,5.179211730407717,0,0,0
2025-12-01 14:45:00+00:00,8213,5.799999999908323,5.141520251630055,0,0,0
2025-12-01 15:00:00+00:00,8213,5.499999999983629,5.157459403181569,0,0,0
2025-12-01 15:15:00+00:00,8213,5.200000000058935,5.234301174561852,0,0,0
2025-12-01 15:30:00+00:00,8213,5.599999999958527,5.338720397816555,0,0,0
2025-12-01 15:45:00+00:00,8213,5.300000000033833,5.391410955632816,0,0,0
2025-12-01 16:00:00+00:00,8213,5.300000000033833,5.397892494550262,0,0,0
2025-12-01 16:15:00+00:00,8213,5.400000000008731,5.434825733022537,0,0,0
2025-12-01 16:30:00+00:00,8213,5.599999999958527,5.534419389249773,0,0,0
2025-12-01 16:45:00+00:00,8213,5.499999999983629,5.635150795575535,0,0,0
2025-12-01 17:00:00+00:00,8213,5.499999999983629,5.674336675338772,0,0,0
2025-12-01 17:15:00+00:00,8213,5.799999999908323,5.596975902886148,0,0,0
2025-12-01 17:30:00+00:00,8213,5.9000000001105946,5.659922576487816,0,0,0
2025-12-01 17:45:00+00:00,8213,5.499999999983629,5.612875830632895,0,0,0
2025-12-01 18:00:00+00:00,8213,5.700000000160799,5.568646444953454,0,0,0
2025-12-01 18:15:00+00:00,8213,5.599999999958527,5.602863370005572,0,0,0
2025-12-01 18:30:00+00:00,8213,5.799999999908323,5.721158988297546,0,0,0
2025-12-01 18:45:00+00:00,8213,5.899999999883221,5.670786011846364,0,0,0
2025-12-01 19:00:00+00:00,8213,5.600000000185901,5.666698423821158,0,0,0
2025-12-01 19:15:00+00:00,8213,5.999999999858119,5.684354331172022,0,0,0
2025-12-01 19:30:00+00:00,8213,6.0000000000854925,5.825383651090196,0,0,0
2025-12-01 19:45:00+00:00,8213,5.799999999908323,5.701399542065892,0,0,0
2025-12-01 20:00:00+00:00,8213,6.200000000035288,5.699290028698283,0,0,0
2025-12-01 20:15:00+00:00,8213,5.799999999908323,5.622822312144914,0,0,0
2025-12-01 20:30:00+00:00,8213,5.800000000135697,5.598168462407228,0,0,0
2025-12-01 20:45:00+00:00,8213,5.599999999958527,5.472493313852923,0,0,0
2025-12-01 21:00:00+00:00,8213,5.699999999933425,5.250508658499615,1,0,1
2025-12-01 21:15:00+00:00,8213,5.800000000135697,4.992629026579011,1,0,1
2025-12-01 21:30:00+00:00,8213,5.599999999958527,4.867833166628247,1,0,1
2025-12-01 21:45:00+00:00,8213,5.599999999958527,3.099893938701517,1,0,1
2025-12-01 22:00:00+00:00,8213,5.400000000008731,2.516768959095143,1,0,1
2025-12-01 22:15:00+00:00,8213,2.300000000104774,2.302155196974309,0,0,0
2025-12-01 22:30:00+00:00,8213,1.7000000000280124,1.7750644036321876,0,0,0
2025-12-01 22:45:00+00:00,8213,1.299999999901047,1.98491194380641,0,0,0
2025-12-01 23:00:00+00:00,8213,2.199999999902502,2.473176180962269,0,0,0
2025-12-01 23:15:00+00:00,8213,2.300000000104774,2.811841524844415,0,0,0
2025-12-01 23:30:00+00:00,8213,2.5000000000545697,2.80400968696586,0,0,0
2025-12-01 23:45:00+00:00,8213,2.400000000079672,2.7431396021142227,0,0,0
2025-12-02 00:00:00+00:00,8213,2.2999999998774,2.6517188490348027,0,0,0
2025-12-02 00:15:00+00:00,8213,2.400000000079672,2.4837013434747424,0,0,0
2025-12-02 00:30:00+00:00,8213,2.199999999902502,2.5513872138053038,0,0,0
2025-12-02 00:45:00+00:00,8213,1.9999999999527065,2.5509947159973416,0,0,0
2025-12-02 01:00:00+00:00,8213,2.200000000129876,2.474809099125935,0,0,0
2025-12-02 01:15:00+00:00,8213,2.7999999999792635,2.4701901064742326,0,0,0
2025-12-02 01:30:00+00:00,8213,2.7999999999792635,2.4939111569873047,0,0,0
2025-12-02 01:45:00+00:00,8213,2.5000000000545697,2.520439112323926,0,0,0
2025-12-02 02:00:00+00:00,8213,2.7000000000043656,2.543060013041386,0,0,0
2025-12-02 02:15:00+00:00,8213,2.599999999802094,2.5650520340810994,0,0,0
2025-12-02 02:30:00+00:00,8213,2.5000000000545697,2.567812506751655,0,0,0
2025-12-02 02:45:00+00:00,8213,2.400000000079672,2.5849716874755995,0,0,0
2025-12-02 03:00:00+00:00,8213,2.5000000000545697,2.64637090405114,0,0,0
2025-12-02 03:15:00+00:00,8213,2.7999999999792635,2.7080531944097546,0,0,0
2025-12-02 03:30:00+00:00,8213,2.7000000000043656,2.680270791661421,0,0,0
2025-12-02 03:45:00+00:00,8213,3.8999999999305146,3.35128657673845,0,0,0
2025-12-02 04:00:00+00:00,8213,10.1999999999407,7.990084132724515,0,0,0
2025-12-02 04:15:00+00:00,8213,7.600000000138607,8.816748936845327,0,0,0
2025-12-02 04:30:00+00:00,8213,7.09999999980937,6.832871234225856,0,0,0
2025-12-02 04:45:00+00:00,8213,6.700000000137152,6.398723979849249,0,0,0
2025-12-02 05:00:00+00:00,8213,5.999999999858119,6.262481262914074,0,0,0
2025-12-02 05:15:00+00:00,8213,6.300000000010186,6.334815673630061,0,0,0
2025-12-02 05:30:00+00:00,8213,6.200000000035288,6.208462031181384,0,0,0
2025-12-02 05:45:00+00:00,8213,6.300000000010186,6.204149490739439,0,0,0
2025-12-02 06:00:00+00:00,8213,6.700000000137152,6.272781278189584,0,0,0
2025-12-02 06:15:00+00:00,8213,5.999999999858119,6.183694406433846,0,0,0
2025-12-02 06:30:00+00:00,8213,6.200000000035288,6.139440083765946,0,0,0
2025-12-02 06:45:00+00:00,8213,6.200000000035288,6.078295367340868,0,0,0
2025-12-02 07:00:00+00:00,8213,6.499999999959982,6.108855906459917,0,0,0
2025-12-02 07:15:00+00:00,8213,6.300000000010186,6.076729012753173,0,0,0
2025-12-02 07:30:00+00:00,8213,5.799999999908323,6.107497879629987,0,0,0
2025-12-02 07:45:00+00:00,8213,6.400000000212458,6.048521901920115,0,0,0
2025-12-02 08:00:00+00:00,8213,6.59999999993488,6.01119824372225,0,0,0
2025-12-02 08:15:00+00:00,8213,6.200000000035288,6.0979096075667965,0,0,0
2025-12-02 08:30:00+00:00,8213,6.399999999985084,6.012092078902393,0,0,0
2025-12-02 08:45:00+00:00,8213,6.200000000035288,5.928465368578392,0,0,0
2025-12-02 09:00:00+00:00,8213,6.399999999985084,5.975848763777535,0,0,0
2025-12-02 09:15:00+00:00,8213,6.499999999959982,6.011582169440429,0,0,0
2025-12-02 09:30:00+00:00,8213,6.399999999985084,6.002251060070739,0,0,0
2025-12-02 09:45:00+00:00,8213,6.300000000010186,6.0160755030487145,0,0,0
2025-12-02 10:00:00+00:00,8213,6.59999999993488,5.997024942666119,0,0,0
2025-12-02 10:15:00+00:00,8213,8.39999999993779,6.001526328843596,0,0,0
2025-12-02 10:30:00+00:00,8213,6.600000000162254,6.104821829055785,0,0,0
2025-12-02 10:45:00+00:00,8213,6.099999999833017,6.130527188473568,0,0,0
2025-12-02 11:00:00+00:00,8213,5.9000000001105946,6.159788666349986,0,0,0
2025-12-02 11:15:00+00:00,8213,5.699999999933425,6.17875324607445,0,0,0
2025-12-02 11:30:00+00:00,8213,5.9000000001105946,6.158780796399693,0,0,0
2025-12-02 11:45:00+00:00,8213,5.899999999883221,6.066203265780032,0,0,0
2025-12-02 12:00:00+00:00,8213,5.700000000160799,5.981843511899401,0,0,0
2025-12-02 12:15:00+00:00,8213,5.200000000058935,5.892668321642864,0,0,0
2025-12-02 12:30:00+00:00,8213,5.599999999731153,5.596730689166282,0,0,0
2025-12-02 12:45:00+00:00,8213,5.300000000261207,5.407216330631649,0,0,0
2025-12-02 13:00:00+00:00,8213,5.29999999980646,5.332945926426094,0,0,0
2025-12-02 13:15:00+00:00,8213,5.200000000058935,5.336711931204272,0,0,0
2025-12-02 13:30:00+00:00,8213,5.200000000058935,5.33858843958595,0,0,0
2025-12-02 13:45:00+00:00,8213,5.29999999980646,5.266043363269529,0,0,0
2025-12-02 14:00:00+00:00,8213,5.200000000058935,5.218042258085387,0,0,0
2025-12-02 14:15:00+00:00,8213,5.100000000084037,5.17208702499622,0,0,0
2025-12-02 14:30:00+00:00,8213,5.499999999983629,5.181287215176489,0,0,0
2025-12-02 14:45:00+00:00,8213,5.200000000058935,5.137399154526607,0,0,0
2025-12-02 15:00:00+00:00,8213,4.899999999906868,5.08407815847082,0,0,0
2025-12-02 15:15:00+00:00,8213,5.000000000109139,5.030708846999891,0,0,0
2025-12-02 15:30:00+00:00,8213,5.099999999856664,5.061661364406309,0,0,0
2025-12-02 15:45:00+00:00,8213,5.400000000008731,5.032723547859289,0,0,0
2025-12-02 16:00:00+00:00,8213,5.000000000109139,5.005306887608381,0,0,0
2025-12-02 16:15:00+00:00,8213,5.499999999983629,4.967739314492134,0,0,0
2025-12-02 16:30:00+00:00,8213,6.300000000010186,5.059141949290876,0,0,0
2025-12-02 16:45:00+00:00,8213,5.699999999933425,5.150425613873835,0,0,0
2025-12-02 17:00:00+00:00,8213,5.799999999908323,5.1893662799172064,0,0,0
2025-12-02 17:15:00+00:00,8213,5.9000000001105946,5.240421127146615,0,0,0
2025-12-02 17:30:00+00:00,8213,6.0000000000854925,5.36387428612494,0,0,0
2025-12-02 17:45:00+00:00,8213,5.899999999883221,5.408864249952436,0,0,0
2025-12-02 18:00:00+00:00,8213,5.9000000001105946,5.442331766549247,0,0,0
2025-12-02 18:15:00+00:00,8213,5.899999999883221,5.495804202857874,0,0,0
2025-12-02 18:30:00+00:00,8213,5.699999999933425,5.612676334725208,0,0,0
2025-12-02 18:45:00+00:00,8213,5.800000000135697,5.601068166596689,0,0,0
2025-12-02 19:00:00+00:00,8213,5.599999999958527,5.615513956203813,0,0,0
2025-12-02 19:15:00+00:00,8213,5.200000000058935,5.617946611380227,0,0,0
2025-12-02 19:30:00+00:00,8213,5.400000000008731,5.667447832276466,0,0,0
2025-12-02 19:45:00+00:00,8213,5.199999999831562,5.589709628113075,0,0,0
2025-12-02 20:00:00+00:00,8213,5.800000000135697,5.464524387477908,0,0,0
2025-12-02 20:15:00+00:00,8213,5.599999999958527,5.324905046448957,0,0,0
2025-12-02 20:30:00+00:00,8213,5.700000000160799,5.448394312108492,0,0,0
2025-12-02 20:45:00+00:00,8213,5.29999999980646,5.246698754231334,0,0,0
2025-12-02 21:00:00+00:00,8213,5.699999999933425,5.170319615939059,0,0,0
2025-12-02 21:15:00+00:00,8213,5.400000000008731,5.063967516318343,0,0,0
2025-12-02 21:30:00+00:00,8213,5.499999999983629,5.210640128677262,0,0,0
2025-12-02 21:45:00+00:00,8213,5.400000000008731,4.675810043150335,0,0,0
2025-12-02 22:00:00+00:00,8213,5.300000000261207,2.910716489271401,0,0,0
2025-12-02 22:15:00+00:00,8213,3.699999999753345,2.2973682368209034,0,0,0
2025-12-02 22:30:00+00:00,8213,1.4000000001033186,1.757510334493803,0,0,0
2025-12-02 22:45:00+00:00,8213,0.9999999999763532,1.5239508841219402,0,0,0
2025-12-02 23:00:00+00:00,8213,1.7000000000280124,1.908510222603361,0,0,0
2025-12-02 23:15:00+00:00,8213,1.9999999999527065,2.4006974084615207,0,0,0
2025-12-02 23:30:00+00:00,8213,2.400000000079672,2.6692428630951355,0,0,0
2025-12-02 23:45:00+00:00,8213,2.399999999852298,2.632921425061115,0,0,0
2025-12-03 00:00:00+00:00,8213,2.400000000079672,2.541001607512107,0,0,0
2025-12-03 00:15:00+00:00,8213,2.400000000079672,2.406763265964545,0,0,0
2025-12-03 00:30:00+00:00,8213,2.2999999998774,2.3298864918843134,0,0,0
2025-12-03 00:45:00+00:00,8213,2.400000000079672,2.446832525555992,0,0,0
2025-12-03 01:00:00+00:00,8213,2.200000000129876,2.414533930293282,0,0,0
2025-12-03 01:15:00+00:00,8213,2.399999999852298,2.3836983050202742,0,0,0
2025-12-03 01:30:00+00:00,8213,2.5000000000545697,2.405981452412253,0,0,0
2025-12-03 01:45:00+00:00,8213,2.399999999852298,2.4370451472255588,0,0,0
2025-12-03 02:00:00+00:00,8213,1.8000000000029104,2.4642648442316712,0,0,0
2025-12-03 02:15:00+00:00,8213,1.8999999999778083,2.4731635176478166,0,0,0
2025-12-03 02:30:00+00:00,8213,2.300000000104774,2.4658322378605533,0,0,0
2025-12-03 02:45:00+00:00,8213,1.9999999999527065,2.4894256811279862,0,0,0
2025-12-03 03:00:00+00:00,8213,2.5000000000545697,2.496690527219428,0,0,0
2025-12-03 03:15:00+00:00,8213,2.7999999999792635,2.514713865509644,0,0,0
2025-12-03 03:30:00+00:00,8213,2.600000000029468,2.5222667208297933,0,0,0
2025-12-03 03:45:00+00:00,8213,3.500000000030923,2.8729611094608085,0,0,0
2025-12-03 04:00:00+00:00,8213,10.700000000042564,7.117374218451959,0,0,0
2025-12-03 04:15:00+00:00,8213,7.599999999911233,9.03167928182748,0,0,0
2025-12-03 04:30:00+00:00,8213,6.399999999985084,6.775226268275079,0,0,0
2025-12-03 04:45:00+00:00,8213,5.9000000001105946,6.140173646843168,0,0,0
2025-12-03 05:00:00+00:00,8213,5.699999999933425,5.978076727840332,0,0,0
2025-12-03 05:15:00+00:00,8213,5.300000000033833,6.073057300962612,0,0,0
2025-12-03 05:30:00+00:00,8213,5.499999999983629,5.774155803503341,0,0,0
2025-12-03 06:45:00+00:00,8213,5.899999999883221,5.70193932396195,0,0,0
2025-12-03 07:00:00+00:00,8213,6.0000000000854925,5.932726996002229,0,0,0
2025-12-03 07:15:00+00:00,8213,6.0000000000854925,5.680383895040523,0,0,0
2025-12-03 07:30:00+00:00,8213,5.699999999933425,5.600696189852148,0,0,0
2025-12-03 07:45:00+00:00,8213,5.499999999983629,5.58504563199001,0,0,0
2025-12-03 08:00:00+00:00,8213,5.799999999908323,5.541746967452811,0,0,0
2025-12-03 08:15:00+00:00,8213,6.300000000010186,5.563141604750724,0,0,0
2025-12-03 08:30:00+00:00,8213,5.600000000185901,5.496405547944195,0,0,0
2025-12-03 08:45:00+00:00,8213,5.899999999883221,5.477064835310447,0,0,0
2025-12-03 09:00:00+00:00,8213,6.0000000000854925,5.565388271554868,0,0,0
2025-12-03 09:15:00+00:00,8213,5.599999999958527,5.506808168536811,0,0,0
2025-12-03 09:30:00+00:00,8213,5.899999999883221,5.416906168970758,0,0,0
2025-12-03 09:45:00+00:00,8213,5.400000000008731,5.393776852413039,0,0,0
2025-12-03 10:00:00+00:00,8213,5.600000000185901,5.32436734263527,0,0,0
2025-12-03 10:15:00+00:00,8213,5.099999999856664,5.272892722766772,0,0,0
2025-12-03 10:30:00+00:00,8213,5.300000000033833,5.134725182034774,0,0,0
2025-12-03 10:45:00+00:00,8213,5.100000000084037,5.107905191184851,0,0,0
2025-12-03 11:00:00+00:00,8213,5.199999999831562,5.065634657901068,0,0,0
2025-12-03 11:15:00+00:00,8213,5.300000000261207,4.988039062140438,0,0,0
2025-12-03 11:30:00+00:00,8213,5.099999999856664,4.941877579375877,0,0,0
2025-12-03 11:45:00+00:00,8213,4.699999999957072,4.837767730634264,0,0,0
2025-12-03 12:00:00+00:00,8213,4.200000000082582,4.835060508824485,0,0,0
2025-12-03 12:15:00+00:00,8213,4.699999999957072,4.751047794699934,0,0,0
2025-12-03 12:30:00+00:00,8213,4.30000000005748,4.66375898371634,0,0,0
2025-12-03 12:45:00+00:00,8213,3.8999999999305146,4.69606641082913,0,0,0
2025-12-03 13:00:00+00:00,8213,3.999999999905413,4.649386186752524,0,0,0
2025-12-03 13:15:00+00:00,8213,4.500000000007276,4.593246012199181,0,0,0
2025-12-03 13:30:00+00:00,8213,4.30000000005748,4.593952560205571,0,0,0
2025-12-03 13:45:00+00:00,8213,4.30000000005748,4.513519342966335,0,0,0
2025-12-03 14:00:00+00:00,8213,4.200000000082582,4.443646940340263,0,0,0
2025-12-03 14:15:00+00:00,8213,3.999999999905413,4.416268724613231,0,0,0
2025-12-03 14:30:00+00:00,8213,4.999999999881766,4.372782253381686,0,0,0
2025-12-03 14:45:00+00:00,8213,4.400000000259752,4.406331074951292,0,0,0
2025-12-03 15:00:00+00:00,8213,3.999999999905413,4.424445459225421,0,0,0
2025-12-03 15:15:00+00:00,8213,3.8999999999305146,4.404916160616436,0,0,0
2025-12-03 15:30:00+00:00,8213,3.6000000000058208,4.405341388221753,0,0,0
2025-12-03 15:45:00+00:00,8213,4.200000000082582,4.3272514686169465,0,0,0
2025-12-03 16:00:00+00:00,8213,3.999999999905413,4.304023183386272,0,0,0
2025-12-03 16:15:00+00:00,8213,4.200000000082582,4.2722163143647744,0,0,0
2025-12-03 16:30:00+00:00,8213,4.199999999855208,4.338289982415313,0,0,0
2025-12-03 16:45:00+00:00,8213,4.000000000132786,4.24495369196967,0,0,0
2025-12-03 17:00:00+00:00,8213,3.699999999980719,4.202588346177677,0,0,0
2025-12-03 17:15:00+00:00,8213,4.000000000132786,4.197573154133789,0,0,0
2025-12-03 17:30:00+00:00,8213,4.399999999805004,4.272947020078735,0,0,0
2025-12-03 17:45:00+00:00,8213,4.30000000005748,4.285638908164115,0,0,0
2025-12-03 18:00:00+00:00,8213,4.30000000005748,4.250591009923598,0,0,0
2025-12-03 18:15:00+00:00,8213,4.599999999982174,4.280803730005678,0,0,0
2025-12-03 18:30:00+00:00,8213,4.099999999880311,4.388353844113698,0,0,0
2025-12-03 18:45:00+00:00,8213,4.200000000082582,4.3395983950286166,0,0,0
2025-12-03 19:00:00+00:00,8213,4.599999999982174,4.346865189322282,0,0,0
2025-12-03 19:15:00+00:00,8213,4.500000000007276,4.417275815282634,0,0,0
2025-12-03 19:30:00+00:00,8213,4.400000000032378,4.523054623929047,0,0,0
2025-12-03 19:45:00+00:00,8213,4.79999999993197,4.446720164407765,0,0,0
2025-12-03 20:00:00+00:00,8213,4.500000000007276,4.478464431197814,0,0,0
2025-12-03 20:15:00+00:00,8213,4.500000000007276,4.422621682183925,0,0,0
2025-12-03 20:30:00+00:00,8213,4.30000000005748,4.496827665835957,0,0,0
2025-12-03 20:45:00+00:00,8213,4.500000000007276,4.547518848650311,0,0,0
2025-12-03 21:00:00+00:00,8213,4.400000000032378,4.597592321479667,0,0,0
2025-12-03 21:15:00+00:00,8213,4.79999999993197,4.538428796835744,0,0,0
2025-12-03 21:30:00+00:00,8213,4.79999999993197,4.719970072830619,0,0,0
2025-12-03 21:45:00+00:00,8213,4.699999999957072,4.464638689418356,0,0,0
2025-12-03 22:00:00+00:00,8213,4.200000000082582,2.594924078534363,0,0,0
2025-12-03 22:15:00+00:00,8213,3.000000000156433,1.896710383846087,0,0,0
2025-12-03 22:30:00+00:00,8213,1.4999999998508429,1.429507787523089,0,0,0
2025-12-03 22:45:00+00:00,8213,1.099999999951251,1.373584350467111,0,0,0
2025-12-03 23:00:00+00:00,8213,1.7000000000280124,1.6385063600202512,0,0,0
2025-12-03 23:15:00+00:00,8213,2.00000000018008,2.134288190036014,0,0,0
2025-12-03 23:30:00+00:00,8213,2.199999999902502,2.393042012764341,0,0,0
2025-12-03 23:45:00+00:00,8213,2.199999999902502,2.391358960863457,0,0,0
2025-12-04 00:00:00+00:00,8213,2.200000000129876,2.343787888850117,0,0,0
2025-12-04 00:15:00+00:00,8213,2.199999999902502,2.264296919616278,0,0,0
2025-12-04 00:30:00+00:00,8213,2.199999999902502,2.2568850816670736,0,0,0
2025-12-04 00:45:00+00:00,8213,2.300000000104774,2.3816032083491194,0,0,0
2025-12-04 01:00:00+00:00,8213,2.2999999998774,2.408920510286629,0,0,0
2025-12-04 01:15:00+00:00,8213,2.200000000129876,2.3747630703424014,0,0,0
2025-12-04 01:30:00+00:00,8213,2.2999999998774,2.3866141792881908,0,0,0
2025-12-04 01:45:00+00:00,8213,2.400000000079672,2.437356989461468,0,0,0
2025-12-04 02:00:00+00:00,8213,2.400000000079672,2.477272016376887,0,0,0
2025-12-04 02:15:00+00:00,8213,2.399999999852298,2.4991409759761494,0,0,0
2025-12-04 02:30:00+00:00,8213,2.5000000000545697,2.509226689007075,0,0,0
2025-12-04 02:45:00+00:00,8213,2.400000000079672,2.5304427411011674,0,0,0
2025-12-04 03:00:00+00:00,8213,2.5000000000545697,2.5650758021482263,0,0,0
2025-12-04 03:15:00+00:00,8213,2.599999999802094,2.594934209185925,0,0,0
2025-12-04 03:30:00+00:00,8213,2.5000000000545697,2.6181969126558813,0,0,0
2025-12-04 03:45:00+00:00,8213,3.500000000030923,3.04556572209618,0,0,0
2025-12-04 04:00:00+00:00,8213,11.10000000016953,6.8846856205621325,0,0,0
2025-12-04 04:15:00+00:00,8213,7.09999999980937,8.45221484431892,0,0,0
2025-12-04 04:30:00+00:00,8213,6.300000000010186,6.502990204289334,0,0,0
2025-12-04 04:45:00+00:00,8213,5.300000000033833,5.873179285879832,0,0,0
2025-12-04 05:00:00+00:00,8213,5.300000000033833,5.607868171637604,0,0,0
2025-12-04 05:15:00+00:00,8213,5.400000000008731,5.680261028420295,0,0,0
2025-12-04 05:30:00+00:00,8213,5.200000000058935,5.5225343166452205,0,0,0
2025-12-04 05:45:00+00:00,8213,5.499999999983629,5.471225943366461,0,0,0
2025-12-04 06:00:00+00:00,8213,5.699999999933425,5.551391087979742,0,0,0
2025-12-04 06:15:00+00:00,8213,5.999999999858119,5.416105068216455,0,0,0
2025-12-04 06:30:00+00:00,8213,5.700000000160799,5.41365189197662,0,0,0
2025-12-04 07:45:00+00:00,8213,5.400000000008731,5.429201922604025,0,0,0
2025-12-04 08:00:00+00:00,8213,4.999999999881766,5.412095408280189,0,0,0
2025-12-04 08:15:00+00:00,8213,5.9000000001105946,5.505278699911212,0,0,0
2025-12-04 08:30:00+00:00,8213,5.699999999933425,5.456013341364166,0,0,0
2025-12-04 08:45:00+00:00,8213,5.800000000135697,5.457602814618248,0,0,0
2025-12-04 09:00:00+00:00,8213,5.499999999756255,5.441661065463769,0,0,0
2025-12-04 09:15:00+00:00,8213,6.200000000035288,5.347338984693035,0,0,0
2025-12-04 09:30:00+00:00,8213,5.400000000008731,5.304711800522203,0,0,0
2025-12-04 09:45:00+00:00,8213,6.300000000010186,5.31470477912729,0,0,0
2025-12-04 10:00:00+00:00,8213,5.699999999933425,5.403296807518258,0,0,0
2025-12-04 10:15:00+00:00,8213,5.200000000058935,5.442497493618394,0,0,0
2025-12-04 10:30:00+00:00,8213,5.200000000058935,5.358370484963396,0,0,0
2025-12-04 10:45:00+00:00,8213,5.100000000084037,5.261457035475107,0,0,0
2025-12-04 11:00:00+00:00,8213,5.599999999958527,5.198645177467306,0,0,0
2025-12-04 11:15:00+00:00,8213,5.300000000033833,5.207062709874319,0,0,0
2025-12-04 11:30:00+00:00,8213,5.400000000008731,5.111075046082638,0,0,0
2025-12-04 11:45:00+00:00,8213,5.200000000058935,5.086538607998955,0,0,0
2025-12-04 12:00:00+00:00,8213,4.699999999729698,5.000130384420386,0,0,0
2025-12-04 12:15:00+00:00,8213,5.000000000109139,4.924306613641957,0,0,0
2025-12-04 12:30:00+00:00,8213,5.000000000109139,4.9111224797947735,0,0,0
2025-12-04 12:45:00+00:00,8213,4.699999999957072,4.861092127174631,0,0,0
2025-12-04 13:00:00+00:00,8213,4.400000000032378,4.788843177596182,0,0,0
2025-12-04 13:15:00+00:00,8213,5.499999999983629,4.657808914365466,0,0,0
2025-12-04 13:30:00+00:00,8213,4.899999999906868,4.70745534126743,0,0,0
2025-12-04 13:45:00+00:00,8213,4.599999999982174,4.653734314355084,0,0,0
2025-12-04 14:00:00+00:00,8213,4.30000000005748,4.638310786992059,0,0,0
2025-12-04 14:15:00+00:00,8213,3.6000000000058208,4.635967749117926,0,0,0
2025-12-04 14:30:00+00:00,8213,3.8999999999305146,4.611201942692464,0,0,0
2025-12-04 14:45:00+00:00,8213,5.300000000033833,4.652532143703036,0,0,0
2025-12-04 15:00:00+00:00,8213,4.500000000007276,4.499906864390277,0,0,0
2025-12-04 15:15:00+00:00,8213,3.7999999999556167,4.598001443946602,0,0,0
2025-12-04 15:30:00+00:00,8213,5.100000000084037,4.584222718780805,0,0,0
2025-12-04 15:45:00+00:00,8213,4.400000000032378,4.745806611198118,0,0,0
2025-12-04 16:00:00+00:00,8213,4.599999999982174,4.815317167731212,0,0,0
2025-12-04 16:15:00+00:00,8213,4.400000000032378,4.924465327183098,0,0,0
2025-12-04 16:30:00+00:00,8213,4.899999999906868,5.089952377815125,0,0,0
2025-12-04 16:45:00+00:00,8213,4.800000000159344,5.18908443999554,0,0,0
2025-12-04 17:00:00+00:00,8213,4.999999999881766,5.124904164745949,0,0,0
2025-12-04 17:15:00+00:00,8213,5.699999999933425,5.078541887272218,0,0,0
2025-12-04 17:30:00+00:00,8213,5.9000000001105946,5.270384477344086,0,0,0
2025-12-04 17:45:00+00:00,8213,6.099999999833017,5.278116502328723,0,0,0
2025-12-04 18:00:00+00:00,8213,5.700000000160799,5.2998205141397285,0,0,0
2025-12-04 18:15:00+00:00,8213,5.499999999983629,5.320813302259008,0,0,0
2025-12-04 18:30:00+00:00,8213,5.599999999958527,5.509487076474274,0,0,0
2025-12-04 18:45:00+00:00,8213,5.699999999933425,5.530577534465025,0,0,0
2025-12-04 19:00:00+00:00,8213,5.700000000160799,5.567731309429,0,0,0
2025-12-04 19:15:00+00:00,8213,5.3999999997813575,5.624693625320662,0,0,0
2025-12-04 19:30:00+00:00,8213,5.400000000008731,5.723024586746772,0,0,0
2025-12-04 19:45:00+00:00,8213,5.600000000185901,5.629448537547491,0,0,0
2025-12-04 20:00:00+00:00,8213,6.099999999833017,5.536163939400845,0,0,0
2025-12-04 20:15:00+00:00,8213,6.1000000000603904,5.533109677834986,0,0,0
2025-12-04 20:30:00+00:00,8213,5.699999999933425,5.713274224258585,0,0,0
2025-12-04 20:45:00+00:00,8213,6.200000000035288,5.710802345277405,0,0,0
2025-12-04 21:00:00+00:00,8213,5.800000000135697,5.73633262625537,0,0,0
2025-12-04 21:15:00+00:00,8213,5.999999999858119,5.678823774699943,0,0,0
2025-12-04 21:30:00+00:00,8213,6.0000000000854925,5.8366614041216085,0,0,0
2025-12-04 21:45:00+00:00,8213,5.899999999883221,5.767512174160901,0,0,0
2025-12-04 22:00:00+00:00,8213,5.200000000058935,4.826269960631745,0,0,0
2025-12-04 22:15:00+00:00,8213,3.699999999980719,2.9296093751540404,0,0,0
2025-12-04 22:30:00+00:00,8213,1.8000000000029104,2.793722984405544,0,0,0
2025-12-04 22:45:00+00:00,8213,2.7000000000043656,2.9961186612217543,0,0,0
2025-12-04 23:00:00+00:00,8213,2.800000000206637,3.4012318578614997,0,0,0
2025-12-04 23:15:00+00:00,8213,3.499999999803549,3.4269646219905603,0,0,0
2025-12-04 23:30:00+00:00,8213,3.400000000056025,3.308433401109692,0,0,0
2025-12-04 23:45:00+00:00,8213,3.400000000056025,3.289080999262602,0,0,0
2025-12-05 00:00:00+00:00,8213,3.399999999828651,3.2594258546568886,0,0,0
2025-12-05 00:15:00+00:00,8213,3.200000000106229,3.2058423708215225,0,0,0
2025-12-05 00:30:00+00:00,8213,3.500000000030923,3.247499869805643,0,0,0
2025-12-05 00:45:00+00:00,8213,3.400000000056025,3.3824206665920986,0,0,0
2025-12-05 01:00:00+00:00,8213,3.699999999980719,3.4070895824269787,0,0,0
2025-12-05 01:15:00+00:00,8213,3.6000000000058208,3.5019139097309324,0,0,0
2025-12-05 01:30:00+00:00,8213,3.7999999999556167,3.6178925960585673,0,0,0
2025-12-05 01:45:00+00:00,8213,3.8999999999305146,3.775527092928396,0,0,0
2025-12-05 02:00:00+00:00,8213,3.8999999999305146,3.802579049723065,0,0,0
2025-12-05 02:15:00+00:00,8213,3.5000000002582965,3.7744751936078527,0,0,0
2025-12-05 02:30:00+00:00,8213,3.699999999753345,3.695156088280165,0,0,0
2025-12-05 02:45:00+00:00,8213,3.6000000002331944,3.733195515974944,0,0,0
2025-12-05 03:00:00+00:00,8213,3.399999999828651,3.748126537815869,0,0,0
2025-12-05 03:15:00+00:00,8213,3.500000000030923,3.599089197598061,0,0,0
2025-12-05 03:30:00+00:00,8213,3.500000000030923,3.629047482469751,0,0,0
2025-12-05 03:45:00+00:00,8213,4.199999999855208,4.135309390351532,0,0,0
2025-12-05 04:00:00+00:00,8213,12.400000000070577,6.52699569232704,0,0,0
2025-12-05 04:15:00+00:00,8213,8.39999999993779,8.932232130407451,0,0,0
2025-12-05 04:30:00+00:00,8213,6.300000000010186,7.292385120593652,0,0,0
2025-12-05 04:45:00+00:00,8213,6.500000000187356,6.622673202324739,0,0,0
2025-12-05 05:00:00+00:00,8213,5.899999999883221,6.366357846909459,0,0,0
2025-12-05 05:15:00+00:00,8213,6.200000000035288,6.535178661186343,0,0,0
2025-12-05 05:30:00+00:00,8213,6.1000000000603904,6.3482406052720695,0,0,0
2025-12-05 05:45:00+00:00,8213,6.399999999985084,6.306614017763229,0,0,0
2025-12-05 06:00:00+00:00,8213,6.499999999959982,6.380995339615376,0,0,0
2025-12-05 06:15:00+00:00,8213,6.300000000010186,6.229344161414369,0,0,0
2025-12-05 06:30:00+00:00,8213,6.300000000010186,6.13337468084344,0,0,0
2025-12-05 06:45:00+00:00,8213,6.300000000010186,6.156503218120271,0,0,0
2025-12-05 07:00:00+00:00,8213,6.499999999959982,6.198688290266516,0,0,0
2025-12-05 07:15:00+00:00,8213,6.1000000000603904,6.15932889062524,0,0,0
2025-12-05 07:30:00+00:00,8213,6.499999999959982,6.230350992323475,0,0,0
2025-12-05 07:45:00+00:00,8213,5.9000000001105946,6.276447015493327,0,0,0
2025-12-05 08:00:00+00:00,8213,6.300000000010186,6.239511179418088,0,0,0
2025-12-05 08:15:00+00:00,8213,5.899999999883221,6.12187405347766,0,0,0
2025-12-05 08:30:00+00:00,8213,5.999999999858119,5.797247974338667,0,0,0
2025-12-05 08:45:00+00:00,8213,6.200000000262662,5.643722625598651,0,0,0
2025-12-05 09:00:00+00:00,8213,6.499999999732609,5.7525645276610025,0,0,0
2025-12-05 09:15:00+00:00,8213,6.200000000262662,5.814183566387428,0,0,0
2025-12-05 09:30:00+00:00,8213,5.699999999933425,5.781844708278765,0,0,0
2025-12-05 09:45:00+00:00,8213,5.899999999883221,5.72366879228201,0,0,0
2025-12-05 10:00:00+00:00,8213,6.0000000000854925,5.710381014076535,0,0,0
2025-12-05 10:15:00+00:00,8213,6.300000000010186,5.641963269110679,0,0,0
2025-12-05 10:30:00+00:00,8213,5.699999999933425,5.559445475492296,0,0,0
2025-12-05 10:45:00+00:00,8213,5.499999999983629,5.471714812244412,0,0,0
2025-12-05 11:00:00+00:00,8213,5.200000000058935,5.4352452459013305,0,0,0
2025-12-05 11:15:00+00:00,8213,5.400000000008731,5.346864662391687,0,0,0
2025-12-05 11:30:00+00:00,8213,5.099999999856664,5.223416698619291,0,0,0
2025-12-05 11:45:00+00:00,8213,4.900000000134241,5.112768683215603,0,0,0
2025-12-05 12:00:00+00:00,8213,4.699999999957072,5.06309939740755,0,0,0
2025-12-05 12:15:00+00:00,8213,4.800000000159344,5.022038567824414,0,0,0
2025-12-05 12:30:00+00:00,8213,4.79999999993197,4.9603086114513975,0,0,0
2025-12-05 12:45:00+00:00,8213,4.399999999805004,4.90862878094869,0,0,0
2025-12-05 13:00:00+00:00,8213,5.400000000008731,4.821612458516091,0,0,0
2025-12-05 13:15:00+00:00,8213,5.300000000033833,4.839188619455939,0,0,0
2025-12-05 13:30:00+00:00,8213,5.000000000109139,4.851555547410437,0,0,0
2025-12-05 13:45:00+00:00,8213,4.899999999906868,4.818523129310208,0,0,0
2025-12-05 14:00:00+00:00,8213,5.499999999983629,4.783493933811037,0,0,0
2025-12-05 14:15:00+00:00,8213,6.0000000000854925,4.834799449726535,0,0,0
2025-12-05 14:30:00+00:00,8213,5.200000000058935,4.966229068128474,0,0,0
2025-12-05 14:45:00+00:00,8213,5.400000000008731,4.966672219194247,0,0,0
2025-12-05 15:00:00+00:00,8213,5.499999999983629,5.046017820072175,0,0,0
2025-12-05 15:15:00+00:00,8213,5.499999999983629,5.058912061428502,0,0,0
2025-12-05 15:30:00+00:00,8213,5.300000000033833,5.154143562997168,0,0,0
2025-12-05 15:45:00+00:00,8213,5.799999999908323,5.177784867099224,0,0,0
2025-12-05 16:00:00+00:00,8213,5.400000000008731,5.208034213383106,0,0,0
2025-12-05 16:15:00+00:00,8213,4.899999999906868,5.210391018552951,0,0,0
2025-12-05 16:30:00+00:00,8213,4.7000000001844455,5.214228976933251,0,0,0
2025-12-05 16:45:00+00:00,8213,4.899999999906868,5.188981834678435,0,0,0
2025-12-05 17:00:00+00:00,8213,4.599999999982174,5.154806731034048,0,0,0
2025-12-05 17:15:00+00:00,8213,5.000000000109139,5.101135318338328,0,0,0
2025-12-05 17:30:00+00:00,8213,5.200000000058935,5.13466232004303,0,0,0
2025-12-05 17:45:00+00:00,8213,5.29999999980646,5.111843417039587,0,0,0
2025-12-05 18:00:00+00:00,8213,4.900000000134241,5.093869303325551,0,0,0
2025-12-05 18:15:00+00:00,8213,4.599999999982174,5.074545475111073,0,0,0
2025-12-05 18:30:00+00:00,8213,4.399999999805004,5.1273942269478825,0,0,0
2025-12-05 18:45:00+00:00,8213,4.800000000159344,5.086030516859067,0,0,0
2025-12-05 19:00:00+00:00,8213,5.400000000008731,5.058278765825715,0,0,0
2025-12-05 19:15:00+00:00,8213,5.499999999983629,5.096340403025843,0,0,0
2025-12-05 19:30:00+00:00,8213,4.899999999906868,5.345019844766178,0,0,0
2025-12-05 19:45:00+00:00,8213,4.800000000159344,5.080356572703337,0,0,0
2025-12-05 20:00:00+00:00,8213,5.099999999856664,4.711474612334665,0,0,0
2025-12-05 20:15:00+00:00,8213,5.600000000185901,4.394194294619464,0,0,0
2025-12-05 20:30:00+00:00,8213,5.400000000008731,4.820621472985069,0,0,0
2025-12-05 20:45:00+00:00,8213,4.999999999881766,5.054747844115839,0,0,0
2025-12-05 21:00:00+00:00,8213,5.099999999856664,5.075359823640497,0,0,0
2025-12-05 21:15:00+00:00,8213,5.400000000008731,5.237405569864929,0,0,0
2025-12-05 21:30:00+00:00,8213,5.800000000135697,5.397606758224148,0,0,0
2025-12-05 21:45:00+00:00,8213,5.699999999933425,5.488194524972872,0,0,0
2025-12-05 22:00:00+00:00,8213,5.499999999983629,5.203533606486518,0,0,0
2025-12-05 22:15:00+00:00,8213,3.700000000208093,3.159432167573093,0,0,0
2025-12-05 22:30:00+00:00,8213,1.5999999998257408,2.152952356977615,0,0,0
2025-12-05 22:45:00+00:00,8213,2.5000000000545697,2.3531458184704155,0,0,0
2025-12-05 23:00:00+00:00,8213,2.9999999999290594,3.0360451175902186,0,0,0
2025-12-05 23:15:00+00:00,8213,3.400000000056025,3.3387900283960144,0,0,0
2025-12-05 23:30:00+00:00,8213,2.7000000000043656,3.2876307575274266,0,0,0
2025-12-05 23:45:00+00:00,8213,3.699999999980719,3.2320763424426167,0,0,0
2025-12-06 00:00:00+00:00,8213,3.400000000056025,3.2601399357118765,0,0,0
2025-12-06 00:15:00+00:00,8213,3.399999999828651,3.1613394575499023,0,0,0
2025-12-06 00:30:00+00:00,8213,3.5000000002582965,3.156593377173153,0,0,0
2025-12-06 00:45:00+00:00,8213,3.199999999878856,3.147444879291881,0,0,0
2025-12-06 01:00:00+00:00,8213,3.400000000056025,3.095474377017427,0,0,0
2025-12-06 01:15:00+00:00,8213,3.0999999999039574,3.112265542341352,0,0,0
2025-12-06 01:30:00+00:00,8213,3.300000000081127,3.120475656151637,0,0,0
2025-12-06 01:45:00+00:00,8213,3.399999999828651,3.1650062338948306,0,0,0
2025-12-06 02:00:00+00:00,8213,3.300000000081127,3.2162790200129745,0,0,0
2025-12-06 02:15:00+00:00,8213,3.200000000106229,3.251517712191246,0,0,0
2025-12-06 02:30:00+00:00,8213,3.400000000056025,3.2282086415083717,0,0,0
2025-12-06 02:45:00+00:00,8213,3.2999999998537533,3.1967898543697952,0,0,0
2025-12-06 03:00:00+00:00,8213,3.000000000156433,3.164853235080212,0,0,0
2025-12-06 03:15:00+00:00,8213,3.0999999999039574,3.139515826122373,0,0,0
2025-12-06 03:30:00+00:00,8213,3.199999999878856,3.1307751519065548,0,0,0
2025-12-06 03:45:00+00:00,8213,3.300000000081127,3.131992388655799,0,0,0
2025-12-06 04:00:00+00:00,8213,3.199999999878856,3.126408711203092,0,0,0
2025-12-06 04:15:00+00:00,8213,3.300000000081127,3.116070641044149,0,0,0
2025-12-06 04:30:00+00:00,8213,3.200000000106229,3.0951627945418148,0,0,0
2025-12-06 04:45:00+00:00,8213,3.199999999878856,3.0823838867571194,0,0,0
2025-12-06 05:00:00+00:00,8213,2.9999999999290594,3.0804950397613595,0,0,0
2025-12-06 05:15:00+00:00,8213,3.100000000131331,3.088312785643831,0,0,0
2025-12-06 05:30:00+00:00,8213,2.9999999999290594,3.0657720859179047,0,0,0
2025-12-06 05:45:00+00:00,8213,3.100000000131331,3.058005382933689,0,0,0
2025-12-06 06:00:00+00:00,8213,2.9999999999290594,3.0653490662751084,0,0,0
2025-12-06 06:15:00+00:00,8213,3.300000000081127,3.1024559545055714,0,0,0
2025-12-06 06:30:00+00:00,8213,3.199999999878856,3.0642957382729348,0,0,0
2025-12-06 06:45:00+00:00,8213,3.300000000081127,3.0636911461829075,0,0,0
2025-12-06 07:00:00+00:00,8213,3.2999999998537533,3.1445488117465703,0,0,0
2025-12-06 07:15:00+00:00,8213,3.300000000081127,3.0877913168486737,0,0,0
2025-12-06 07:30:00+00:00,8213,3.300000000081127,3.1115239266949386,0,0,0
2025-12-06 07:45:00+00:00,8213,3.199999999878856,3.194240696700416,0,0,0
2025-12-06 08:00:00+00:00,8213,3.500000000030923,3.2189903979874974,0,0,0
2025-12-06 08:15:00+00:00,8213,3.300000000081127,3.3995619887956607,0,0,0
2025-12-06 08:30:00+00:00,8213,3.399999999828651,3.4855031633611837,0,0,0
2025-12-06 08:45:00+00:00,8213,4.400000000259752,6.499883471143589,0,0,0
2025-12-06 09:00:00+00:00,8213,12.4999999998181,8.257422156560077,0,0,0
2025-12-06 09:15:00+00:00,8213,7.700000000113505,8.289897908344978,0,0,0
2025-12-06 09:30:00+00:00,8213,7.000000000061846,7.110606943208399,0,0,0
2025-12-06 09:45:00+00:00,8213,6.300000000010186,6.408400050892647,0,0,0
2025-12-06 10:00:00+00:00,8213,6.299999999782813,6.1741617230741,0,0,0
2025-12-06 10:15:00+00:00,8213,6.200000000035288,5.998790273640909,0,0,0
2025-12-06 10:30:00+00:00,8213,6.200000000035288,5.902329326589065,0,0,0
2025-12-06 10:45:00+00:00,8213,6.0000000000854925,5.876673581387907,0,0,0
2025-12-06 11:00:00+00:00,8213,6.300000000010186,5.903224460570691,0,0,0
2025-12-06 11:15:00+00:00,8213,6.299999999782813,5.705558044652033,0,0,0
2025-12-06 11:30:00+00:00,8213,6.0000000000854925,5.6053510943648375,0,0,0
2025-12-06 11:45:00+00:00,8213,5.600000000185901,5.545201779395823,0,0,0
2025-12-06 12:00:00+00:00,8213,5.699999999933425,5.488560267470298,0,0,0
2025-12-06 12:15:00+00:00,8213,6.1000000000603904,5.433862022322644,0,0,0
2025-12-06 12:30:00+00:00,8213,5.899999999883221,5.403832952770166,0,0,0
2025-12-06 12:45:00+00:00,8213,5.499999999983629,5.386891645994883,0,0,0
2025-12-06 13:00:00+00:00,8213,5.599999999958527,5.336770377270978,0,0,0
2025-12-06 13:15:00+00:00,8213,5.499999999983629,5.197365078726316,0,0,0
2025-12-06 13:30:00+00:00,8213,5.9000000001105946,5.091360278621977,0,0,0
2025-12-06 13:45:00+00:00,8213,5.300000000033833,5.070997149461334,0,0,0
2025-12-06 14:00:00+00:00,8213,5.29999999980646,5.006329823655868,0,0,0
2025-12-06 14:15:00+00:00,8213,5.100000000084037,4.928421996018884,0,0,0
2025-12-06 14:30:00+00:00,8213,5.200000000058935,4.975882020505486,0,0,0
2025-12-06 14:45:00+00:00,8213,4.899999999906868,4.990885515469124,0,0,0
2025-12-06 15:00:00+00:00,8213,5.000000000109139,4.966367780126788,0,0,0
2025-12-06 15:15:00+00:00,8213,5.100000000084037,4.90089259979931,0,0,0
2025-12-06 15:30:00+00:00,8213,6.399999999757711,4.951212065629418,0,0,0
2025-12-06 15:45:00+00:00,8213,5.600000000185901,5.009950882188618,0,0,0
2025-12-06 16:00:00+00:00,8213,4.999999999881766,5.0140758756965145,0,0,0
2025-12-06 16:15:00+00:00,8213,4.899999999906868,4.981268929533618,0,0,0
2025-12-06 16:30:00+00:00,8213,5.000000000109139,5.062339338780088,0,0,0
2025-12-06 16:45:00+00:00,8213,5.799999999908323,5.059904605521302,0,0,0
2025-12-06 17:00:00+00:00,8213,5.000000000109139,5.092039032276645,0,0,0
2025-12-06 17:15:00+00:00,8213,5.400000000008731,5.015824062491737,0,0,0
2025-12-06 17:30:00+00:00,8213,5.200000000058935,5.116654177730156,0,0,0
2025-12-06 17:45:00+00:00,8213,5.099999999856664,4.880326597847125,0,0,0
2025-12-06 18:00:00+00:00,8213,5.300000000033833,4.754221805762464,0,0,0
2025-12-06 18:15:00+00:00,8213,5.100000000084037,4.87967849590744,0,0,0
2025-12-06 18:30:00+00:00,8213,5.099999999856664,4.991516732989539,0,0,0
2025-12-06 18:45:00+00:00,8213,4.900000000134241,4.808806535660563,0,0,0
2025-12-06 19:00:00+00:00,8213,5.400000000008731,4.405085524329733,0,0,0
2025-12-06 19:15:00+00:00,8213,4.999999999881766,4.616333247588873,0,0,0
2025-12-06 19:30:00+00:00,8213,5.000000000109139,4.591724336382477,0,0,0
2025-12-06 19:45:00+00:00,8213,4.899999999906868,2.758559298012876,0,0,0
2025-12-06 20:00:00+00:00,8213,5.200000000058935,2.176499173271832,0,0,0
2025-12-06 20:15:00+00:00,8213,2.899999999954161,1.889016300099752,0,0,0
2025-12-06 20:30:00+00:00,8213,0.9999999999763532,1.736617257799575,0,0,0
2025-12-06 20:45:00+00:00,8213,0.9000000000014552,1.2828135501194882,0,0,0
2025-12-06 21:00:00+00:00,8213,1.4000000001033186,1.5633051210273246,0,0,0
2025-12-06 21:15:00+00:00,8213,1.9999999999527065,1.895184746684862,0,0,0
2025-12-06 21:30:00+00:00,8213,1.9999999999527065,2.243835114013015,0,0,0
2025-12-06 21:45:00+00:00,8213,2.099999999927604,2.222036062403539,0,0,0
2025-12-06 22:00:00+00:00,8213,2.00000000018008,2.056684152065749,0,0,0
2025-12-06 22:15:00+00:00,8213,1.8999999999778083,1.8231392137710745,0,0,0
2025-12-06 22:30:00+00:00,8213,1.8999999999778083,1.7961125998403296,0,0,0
2025-12-06 22:45:00+00:00,8213,1.8999999999778083,1.904527740088114,0,0,0
2025-12-06 23:00:00+00:00,8213,1.9999999999527065,1.9770866161702847,0,0,0
2025-12-06 23:15:00+00:00,8213,1.900000000205182,1.943416632657396,0,0,0
2025-12-06 23:30:00+00:00,8213,1.8999999997504349,1.9597597114699157,0,0,0
2025-12-06 23:45:00+00:00,8213,1.8999999999778083,2.0282161120148903,0,0,0
2025-12-07 00:00:00+00:00,8213,2.00000000018008,2.0673058804684343,0,0,0
2025-12-07 00:15:00+00:00,8213,1.9999999999527065,2.0842429661389,0,0,0
2025-12-07 00:30:00+00:00,8213,2.099999999927604,2.070283252986539,0,0,0
2025-12-07 00:45:00+00:00,8213,1.9999999999527065,2.0545233360395883,0,0,0
2025-12-07 01:00:00+00:00,8213,2.00000000018008,2.059600805614555,0,0,0
2025-12-07 01:15:00+00:00,8213,1.9999999999527065,2.0474285680022586,0,0,0
2025-12-07 01:30:00+00:00,8213,1.9999999999527065,2.015810414836144,0,0,0
2025-12-07 01:45:00+00:00,8213,2.00000000018008,2.0228121562173014,0,0,0
2025-12-07 02:00:00+00:00,8213,2.099999999927604,2.057538568620904,0,0,0
2025-12-07 02:15:00+00:00,8213,1.8999999999778083,2.0750745316548738,0,0,0
2025-12-07 02:30:00+00:00,8213,1.9999999999527065,2.0651025936338008,0,0,0
2025-12-07 02:45:00+00:00,8213,2.099999999927604,2.064059591103412,0,0,0
2025-12-07 03:00:00+00:00,8213,1.9999999999527065,2.081189516323967,0,0,0
2025-12-07 03:15:00+00:00,8213,2.100000000154978,2.0889259897036814,0,0,0
2025-12-07 03:30:00+00:00,8213,2.199999999902502,2.070975254416328,0,0,0
2025-12-07 03:45:00+00:00,8213,2.099999999927604,2.065444145953618,0,0,0
2025-12-07 04:00:00+00:00,8213,2.100000000154978,2.0837267899597824,0,0,0
2025-12-07 04:15:00+00:00,8213,2.099999999927604,2.1114600655420475,0,0,0
2025-12-07 04:30:00+00:00,8213,2.300000000104774,2.106077832199251,0,0,0
2025-12-07 04:45:00+00:00,8213,2.199999999902502,2.1028049823439146,0,0,0
2025-12-07 05:00:00+00:00,8213,2.200000000129876,2.1482317655799568,0,0,0
2025-12-07 05:15:00+00:00,8213,2.199999999902502,2.1856252992975707,0,0,0
2025-12-07 05:30:00+00:00,8213,2.199999999902502,2.146691192201685,0,0,0
2025-12-07 05:45:00+00:00,8213,2.200000000129876,2.13402057199058,0,0,0
2025-12-07 06:00:00+00:00,8213,2.099999999927604,2.21860274562506,0,0,0
2025-12-07 06:15:00+00:00,8213,2.200000000129876,2.517653572784761,0,0,0
2025-12-07 06:30:00+00:00,8213,2.2999999998774,2.223977705679556,0,0,0
2025-12-07 06:45:00+00:00,8213,2.200000000129876,2.016211387323778,0,0,0
2025-12-07 07:00:00+00:00,8213,2.099999999927604,2.5815068098211,0,0,0
2025-12-07 07:15:00+00:00,8213,2.200000000129876,2.1864755272179446,0,0,0
2025-12-07 07:30:00+00:00,8213,2.199999999902502,2.037262589039725,0,0,0
2025-12-07 07:45:00+00:00,8213,2.2999999998774,2.1869083528119324,0,0,0
2025-12-07 08:00:00+00:00,8213,2.300000000104774,2.1789617008823394,0,0,0
2025-12-07 08:15:00+00:00,8213,2.199999999902502,2.3623182142989627,0,0,0
2025-12-07 08:30:00+00:00,8213,2.200000000129876,2.420203978044564,0,0,0
2025-12-07 08:45:00+00:00,8213,3.300000000081127,4.41311315653175,0,0,0
2025-12-07 09:00:00+00:00,8213,10.69999999981519,7.299689580130304,0,0,0
2025-12-07 09:15:00+00:00,8213,6.59999999993488,7.32216715810419,0,0,0
2025-12-07 09:30:00+00:00,8213,6.0000000000854925,6.060803888257668,0,0,0
2025-12-07 09:45:00+00:00,8213,5.200000000058935,5.424058408973682,0,0,0
2025-12-07 10:00:00+00:00,8213,5.300000000033833,5.043867004817428,0,0,0
2025-12-07 10:15:00+00:00,8213,4.999999999881766,4.8520659763929945,0,0,0
2025-12-07 10:30:00+00:00,8213,4.79999999993197,4.784387509230884,0,0,0
2025-12-07 10:45:00+00:00,8213,5.000000000109139,4.793714202675532,0,0,0
2025-12-07 11:00:00+00:00,8213,5.300000000033833,4.8977087178455125,0,0,0
2025-12-07 11:15:00+00:00,8213,5.099999999856664,4.723286952056206,0,0,0
2025-12-07 11:30:00+00:00,8213,5.200000000058935,4.699468231671663,0,0,0
2025-12-07 11:45:00+00:00,8213,5.100000000084037,4.695710019702378,0,0,0
2025-12-07 12:00:00+00:00,8213,5.000000000109139,4.661124754549868,0,0,0
2025-12-07 12:15:00+00:00,8213,4.79999999993197,4.606606523287665,0,0,0
2025-12-07 12:30:00+00:00,8213,5.099999999856664,4.569497686854978,0,0,0
2025-12-07 12:45:00+00:00,8213,4.900000000134241,4.60492691321071,0,0,0
2025-12-07 13:00:00+00:00,8213,4.79999999993197,4.599164650554181,0,0,0
2025-12-07 13:15:00+00:00,8213,4.999999999881766,4.516775438282549,0,0,0
2025-12-07 13:30:00+00:00,8213,4.7000000001844455,4.4550750945833295,0,0,0
2025-12-07 13:45:00+00:00,8213,4.999999999881766,4.367795375210113,0,0,0
2025-12-07 14:00:00+00:00,8213,4.400000000032378,4.298692382582176,0,0,0
2025-12-07 14:15:00+00:00,8213,4.500000000007276,4.251088191131036,0,0,0
2025-12-07 14:30:00+00:00,8213,4.200000000082582,4.300647338573386,0,0,0
2025-12-07 14:45:00+00:00,8213,4.500000000007276,4.243651513603481,0,0,0
2025-12-07 15:00:00+00:00,8213,4.699999999957072,4.200623519295201,0,0,0
2025-12-07 15:15:00+00:00,8213,4.699999999957072,4.313455339511286,0,0,0
2025-12-07 15:30:00+00:00,8213,4.500000000007276,4.435060823500842,0,0,0
2025-12-07 15:45:00+00:00,8213,4.500000000007276,4.4200781093609205,0,0,0
2025-12-07 16:00:00+00:00,8213,4.79999999993197,4.343145162116578,0,0,0
2025-12-07 16:15:00+00:00,8213,4.900000000134241,4.424823150696483,0,0,0
2025-12-07 16:30:00+00:00,8213,4.500000000007276,4.567831584313439,0,0,0
2025-12-07 16:45:00+00:00,8213,4.500000000007276,4.579926023716944,0,0,0
2025-12-07 17:00:00+00:00,8213,4.79999999993197,4.515619764723567,0,0,0
2025-12-07 17:15:00+00:00,8213,4.500000000007276,4.528253726262834,0,0,0
2025-12-07 17:30:00+00:00,8213,4.30000000005748,4.599077111334273,0,0,0
2025-12-07 17:45:00+00:00,8213,4.699999999957072,4.49700534187874,0,0,0
2025-12-07 18:00:00+00:00,8213,4.79999999993197,4.526450730045056,0,0,0
2025-12-07 18:15:00+00:00,8213,5.000000000109139,4.431078957916299,0,0,0
2025-12-07 18:30:00+00:00,8213,4.599999999982174,4.505193246183678,0,0,0
2025-12-07 18:45:00+00:00,8213,4.79999999993197,4.349808013720957,0,0,0
2025-12-07 19:00:00+00:00,8213,4.699999999957072,4.256437954436774,0,0,0
2025-12-07 19:15:00+00:00,8213,4.79999999993197,4.150226904657041,0,0,0
2025-12-07 19:30:00+00:00,8213,4.600000000209548,4.212824200659961,0,0,0
2025-12-07 19:45:00+00:00,8213,4.399999999805004,3.735976120068475,0,0,0
2025-12-07 20:00:00+00:00,8213,4.599999999982174,2.152805462529962,0,0,0
2025-12-07 20:15:00+00:00,8213,0.0,1.185961046890757,0,0,0
2025-12-07 20:30:00+00:00,8213,0.0,0.6023745381776355,0,0,0
2025-12-07 20:45:00+00:00,8213,0.0,0.495722545294649,0,0,0
2025-12-07 21:00:00+00:00,8213,0.0,0.3721575595086943,0,0,0
2025-12-07 21:15:00+00:00,8213,0.0,0.2413685099978435,0,0,0
2025-12-07 21:30:00+00:00,8213,0.0,0.1245171589542275,0,0,0
2025-12-07 21:45:00+00:00,8213,0.0,0.0859736664041537,0,0,0
2025-12-07 22:00:00+00:00,8213,0.0,0.0624827635137512,0,0,0
2025-12-07 22:15:00+00:00,8213,0.0,0.0288170498107354,0,0,0
2025-12-07 22:30:00+00:00,8213,0.0,0.0207301922611238,0,0,0
2025-12-07 22:45:00+00:00,8213,0.0,0.0277891783176154,0,0,0
2025-12-07 23:00:00+00:00,8213,0.0,0.0292457841800541,0,0,0
2025-12-07 23:15:00+00:00,8213,0.0,0.0304384735812826,0,0,0
2025-12-07 23:30:00+00:00,8213,0.0,0.0320961339131868,0,0,0
2025-12-07 23:45:00+00:00,8213,0.0,0.0330443888754397,0,0,0
2025-12-08 00:00:00+00:00,8213,0.0,0.0328654140311739,0,0,0
2025-12-08 00:15:00+00:00,8213,0.0,0.0344854091200905,0,0,0
2025-12-08 00:30:00+00:00,8213,0.0,0.0330562079689289,0,0,0
2025-12-08 00:45:00+00:00,8213,0.0,0.0329529532510832,0,0,0
2025-12-08 01:00:00+00:00,8213,0.0,0.0347512737835244,0,0,0
2025-12-08 01:15:00+00:00,8213,0.0,0.0364440017554519,0,0,0
2025-12-08 01:30:00+00:00,8213,0.0,0.0425039497117312,0,0,0
2025-12-08 01:45:00+00:00,8213,0.0,0.0591265306032491,0,0,0
2025-12-08 02:00:00+00:00,8213,0.0,0.0728456407810067,0,0,0
2025-12-08 02:15:00+00:00,8213,0.0,0.0803860925469996,0,0,0
2025-12-08 02:30:00+00:00,8213,0.0,0.0757817114119734,0,0,0
2025-12-08 02:45:00+00:00,8213,0.0,0.0801684134185605,0,0,0
2025-12-08 03:00:00+00:00,8213,0.0,0.0969515261732949,0,0,0
2025-12-08 03:15:00+00:00,8213,0.0,0.1130967975200547,0,0,0
2025-12-08 03:30:00+00:00,8213,0.0,0.1135318960166369,0,0,0
2025-12-08 03:45:00+00:00,8213,2.6000000002568413,0.2091369328916221,0,0,0
2025-12-08 04:00:00+00:00,8213,8.89999999981228,9.33700465141838,0,0,0
2025-12-08 04:15:00+00:00,8213,8.39999999993779,8.612494220527376,0,0,0
2025-12-08 04:30:00+00:00,8213,8.199999999987995,6.57543942905636,0,0,0
2025-12-08 04:45:00+00:00,8213,5.300000000261207,6.054470412709209,0,0,0
2025-12-08 05:00:00+00:00,8213,4.899999999906868,5.5761644274538025,0,0,0
2025-12-08 05:15:00+00:00,8213,4.699999999957072,5.253094832011241,0,0,0
2025-12-08 05:30:00+00:00,8213,4.699999999957072,4.9988014507436604,0,0,0
2025-12-08 05:45:00+00:00,8213,5.000000000109139,4.804326449827396,0,0,0
2025-12-08 06:00:00+00:00,8213,5.29999999980646,4.773984888638268,0,0,0
2025-12-08 06:15:00+00:00,8213,4.400000000032378,4.847265606114284,0,0,0
2025-12-08 06:30:00+00:00,8213,4.900000000134241,4.853488683536745,0,0,0
2025-12-08 06:45:00+00:00,8213,5.300000000033833,4.767377365977037,0,0,0
2025-12-08 07:00:00+00:00,8213,4.79999999993197,4.957009915446562,0,0,0
2025-12-08 07:15:00+00:00,8213,4.699999999957072,4.943287038744506,0,0,0
2025-12-08 07:30:00+00:00,8213,4.900000000134241,4.886065222316675,0,0,0
2025-12-08 07:45:00+00:00,8213,5.099999999856664,4.875855603624334,0,0,0
2025-12-08 08:00:00+00:00,8213,5.300000000033833,4.877956804662457,0,0,0
2025-12-08 08:15:00+00:00,8213,5.000000000109139,4.880078786524296,0,0,0
2025-12-08 08:30:00+00:00,8213,4.79999999993197,4.7532484839316025,0,0,0
2025-12-08 08:45:00+00:00,8213,5.099999999856664,4.693690643157643,0,0,0
2025-12-08 09:00:00+00:00,8213,5.100000000084037,4.766365859382594,0,0,0
2025-12-08 09:15:00+00:00,8213,4.79999999993197,4.855532477549348,0,0,0
2025-12-08 09:30:00+00:00,8213,4.599999999982174,4.821456862098507,0,0,0
2025-12-08 09:45:00+00:00,8213,4.800000000159344,4.783127931553315,0,0,0
2025-12-08 10:00:00+00:00,8213,4.79999999993197,4.743691123343691,0,0,0
2025-12-08 10:15:00+00:00,8213,4.200000000082582,4.7095240722684935,0,0,0
2025-12-08 10:30:00+00:00,8213,4.79999999993197,4.313782377724538,0,0,0
2025-12-08 10:45:00+00:00,8213,4.100000000107684,4.362947209036852,0,0,0
2025-12-08 11:00:00+00:00,8213,4.399999999805004,4.288883054506691,0,0,0
2025-12-08 11:15:00+00:00,8213,4.100000000107684,4.213721412723958,0,0,0
2025-12-08 11:30:00+00:00,8213,4.400000000032378,4.025327400347987,0,0,0
2025-12-08 11:45:00+00:00,8213,4.199999999855208,4.051926335185616,0,0,0
2025-12-08 12:00:00+00:00,8213,4.400000000032378,3.990910719627885,0,0,0
2025-12-08 12:15:00+00:00,8213,4.500000000007276,3.999014981117359,0,0,0
2025-12-08 12:30:00+00:00,8213,4.000000000132786,4.068276167765845,0,0,0
2025-12-08 12:45:00+00:00,8213,3.8999999999305146,3.992537598364657,0,0,0
2025-12-08 13:00:00+00:00,8213,4.400000000032378,3.979473473774441,0,0,0
2025-12-08 13:15:00+00:00,8213,4.30000000005748,4.000517954192717,0,0,0
2025-12-08 13:30:00+00:00,8213,4.199999999855208,4.060321268446838,0,0,0
2025-12-08 13:45:00+00:00,8213,3.8999999999305146,4.0113377498214575,0,0,0
2025-12-08 14:00:00+00:00,8213,4.000000000132786,3.9364254779233327,0,0,0
2025-12-08 14:15:00+00:00,8213,3.7999999999556167,3.810064042665762,0,0,0
2025-12-08 14:30:00+00:00,8213,3.8999999999305146,3.695833802893647,0,0,0
2025-12-08 14:45:00+00:00,8213,4.100000000107684,3.646476878842096,0,0,0
2025-12-08 15:00:00+00:00,8213,3.8999999999305146,3.696754003743881,0,0,0
2025-12-08 15:15:00+00:00,8213,3.7999999999556167,3.6699641450883473,0,0,0
2025-12-08 15:30:00+00:00,8213,3.900000000157888,3.712143112867625,0,0,0
2025-12-08 15:45:00+00:00,8213,3.8999999999305146,3.702939545803502,0,0,0
2025-12-08 16:00:00+00:00,8213,3.699999999980719,3.706426308262979,0,0,0
2025-12-08 16:15:00+00:00,8213,3.500000000030923,3.69299994793934,0,0,0
2025-12-08 16:30:00+00:00,8213,3.900000000157888,3.7377285929085895,0,0,0
2025-12-08 19:15:00+00:00,8213,3.6000000000058208,3.731347711106025,0,0,0
2025-12-08 19:30:00+00:00,8213,3.6000000000058208,3.4553881131505757,0,0,0
2025-12-08 19:45:00+00:00,8213,3.8000000001829903,3.770385007979683,0,0,0
2025-12-08 20:00:00+00:00,8213,3.999999999905413,3.690677171368332,0,0,0
2025-12-08 20:15:00+00:00,8213,3.6000000000058208,2.751155934743344,0,0,0
2025-12-08 20:30:00+00:00,8213,3.8999999999305146,3.575012924879569,0,0,0
2025-12-08 20:45:00+00:00,8213,3.7999999999556167,3.7520216434613913,0,0,0
2025-12-08 21:00:00+00:00,8213,3.8999999999305146,3.722485598951608,0,0,0
2025-12-08 21:15:00+00:00,8213,3.900000000157888,3.4642910076715374,0,0,0
2025-12-08 21:30:00+00:00,8213,3.7999999999556167,3.455203813220232,0,0,0
2025-12-08 21:45:00+00:00,8213,3.900000000157888,3.4659416544754373,0,0,0
2025-12-08 22:00:00+00:00,8213,3.8999999999305146,1.6752195165813442,0,0,0
2025-12-08 22:15:00+00:00,8213,0.0,0.8048704175282089,0,0,0
2025-12-08 22:30:00+00:00,8213,0.0,0.173154546984565,0,0,0
2025-12-08 22:45:00+00:00,8213,0.0,0.1423308706851949,0,0,0
2025-12-08 23:00:00+00:00,8213,0.0,0.0778077118442681,0,0,0
2025-12-08 23:15:00+00:00,8213,0.0,0.0433686917386697,0,0,0
2025-12-08 23:30:00+00:00,8213,0.0,0.0348805045310167,0,0,0
2025-12-08 23:45:00+00:00,8213,0.0,0.0314140033746643,0,0,0
2025-12-09 00:00:00+00:00,8213,0.0,0.025416268009389,0,0,0
2025-12-09 00:15:00+00:00,8213,0.0,0.0161963360465884,0,0,0
2025-12-09 00:30:00+00:00,8213,0.0,0.0254036696350103,0,0,0
2025-12-09 00:45:00+00:00,8213,0.0,0.0363342530301946,0,0,0
2025-12-09 01:00:00+00:00,8213,0.0,0.0380915314357939,0,0,0
2025-12-09 01:15:00+00:00,8213,0.0,0.0411333245074228,0,0,0
2025-12-09 01:30:00+00:00,8213,0.0,0.0431704946324655,0,0,0
2025-12-09 01:45:00+00:00,8213,0.0,0.045474568462128,0,0,0
2025-12-09 02:00:00+00:00,8213,0.0,0.0473143207618558,0,0,0
2025-12-09 05:15:00+00:00,8213,4.30000000005748,0.0480602224531607,0,0,0
2025-12-09 05:30:00+00:00,8213,4.099999999880311,3.620457858866328,0,0,0
2025-12-09 05:45:00+00:00,8213,4.400000000032378,5.747399194165755,0,0,0
2025-12-09 06:00:00+00:00,8213,4.000000000132786,4.706760222714085,0,0,0
2025-12-09 06:15:00+00:00,8213,4.099999999880311,5.689846962640818,0,0,0
2025-12-09 06:30:00+00:00,8213,4.100000000107684,5.372353381722217,0,0,0
2025-12-09 06:45:00+00:00,8213,4.299999999830106,4.879559006171065,0,0,0
2025-12-09 07:00:00+00:00,8213,4.400000000259752,4.996986765312542,0,0,0
2025-12-09 07:15:00+00:00,8213,4.199999999855208,4.668554158789122,0,0,0
2025-12-09 07:30:00+00:00,8213,4.500000000007276,4.252134245844909,0,0,0
2025-12-09 07:45:00+00:00,8213,4.400000000032378,4.221253682040612,0,0,0
2025-12-09 08:00:00+00:00,8213,4.30000000005748,4.221001195032446,0,0,0
2025-12-09 08:15:00+00:00,8213,4.30000000005748,4.240013570651461,0,0,0
2025-12-09 08:30:00+00:00,8213,4.5999999997548,4.109570002334911,0,0,0
2025-12-09 08:45:00+00:00,8213,4.400000000032378,4.075586861549612,0,0,0
2025-12-09 09:00:00+00:00,8213,4.400000000032378,4.202505222882808,0,0,0
2025-12-09 09:15:00+00:00,8213,4.599999999982174,4.307350972544311,0,0,0
2025-12-09 09:30:00+00:00,8213,4.200000000082582,4.271771344976926,0,0,0
2025-12-09 09:45:00+00:00,8213,4.199999999855208,4.210282965679624,0,0,0
2025-12-09 10:00:00+00:00,8213,3.900000000157888,4.162774885538177,0,0,0
2025-12-09 10:15:00+00:00,8213,4.299999999830106,4.096983057409305,0,0,0
2025-12-09 10:30:00+00:00,8213,4.200000000082582,4.052848224477778,0,0,0
2025-12-09 10:45:00+00:00,8213,3.8999999999305146,4.006107216491798,0,0,0
2025-12-09 11:00:00+00:00,8213,4.000000000132786,3.967056931603317,0,0,0
2025-12-09 11:15:00+00:00,8213,3.999999999905413,3.9247505513986223,0,0,0
2025-12-09 11:30:00+00:00,8213,3.6000000000058208,3.8525490080742784,0,0,0
2025-12-09 11:45:00+00:00,8213,3.6000000000058208,3.754300260782,0,0,0
2025-12-09 12:00:00+00:00,8213,3.300000000081127,3.653493264209966,0,0,0
2025-12-09 12:15:00+00:00,8213,3.199999999878856,3.55891324146484,0,0,0
2025-12-09 12:30:00+00:00,8213,3.100000000131331,3.433999969860073,0,0,0
2025-12-09 12:45:00+00:00,8213,3.400000000056025,3.299954045752119,0,0,0
2025-12-09 13:00:00+00:00,8213,3.0999999999039574,3.2364525241571966,0,0,0
2025-12-09 13:15:00+00:00,8213,3.0999999999039574,3.0516164485619344,0,0,0
2025-12-09 13:30:00+00:00,8213,3.200000000106229,3.046520471065844,0,0,0
2025-12-09 13:45:00+00:00,8213,2.9999999999290594,3.0289296336692457,0,0,0
2025-12-09 14:00:00+00:00,8213,3.100000000131331,2.9745338793868266,0,0,0
2025-12-09 14:15:00+00:00,8213,3.0999999999039574,2.9903560089247816,0,0,0
2025-12-09 14:30:00+00:00,8213,2.900000000181535,3.03598693128381,0,0,0
2025-12-09 14:45:00+00:00,8213,2.79999999975189,3.037755379382157,0,0,0
2025-12-09 15:00:00+00:00,8213,2.7999999999792635,2.981166988437261,0,0,0
2025-12-09 15:15:00+00:00,8213,3.000000000156433,2.9484490101759047,0,0,0
2025-12-09 15:30:00+00:00,8213,3.400000000056025,3.0680351176207257,0,0,0
2025-12-09 15:45:00+00:00,8213,3.2999999998537533,3.113124959282213,0,0,0
2025-12-09 16:00:00+00:00,8213,3.300000000081127,3.164858430286141,0,0,0
2025-12-09 16:15:00+00:00,8213,3.8999999999305146,3.1979742314415365,0,0,0
2025-12-09 16:30:00+00:00,8213,3.400000000056025,3.349978423885442,0,0,0
2025-12-09 16:45:00+00:00,8213,3.699999999980719,3.3950105987611137,0,0,0
2025-12-09 17:00:00+00:00,8213,3.699999999980719,3.459594671391562,0,0,0
2025-12-09 17:15:00+00:00,8213,3.699999999980719,3.5303457132204343,0,0,0
2025-12-09 17:30:00+00:00,8213,4.000000000132786,3.617929352140518,0,0,0
2025-12-09 17:45:00+00:00,8213,4.099999999880311,3.619115028013741,0,0,0
2025-12-09 18:00:00+00:00,8213,3.6000000000058208,3.6257860620674593,0,0,0
2025-12-09 18:15:00+00:00,8213,3.7999999999556167,3.63774477671606,0,0,0
2025-12-09 18:30:00+00:00,8213,3.700000000208093,3.702882528418428,0,0,0
2025-12-09 18:45:00+00:00,8213,3.399999999828651,3.708605177629744,0,0,0
2025-12-09 19:00:00+00:00,8213,3.500000000030923,3.7424606462293295,0,0,0
2025-12-09 19:15:00+00:00,8213,3.7999999999556167,3.7436716487314583,0,0,0
2025-12-09 19:30:00+00:00,8213,3.8999999999305146,3.823005690276194,0,0,0
2025-12-09 19:45:00+00:00,8213,3.8000000001829903,3.763667736593194,0,0,0
2025-12-09 20:00:00+00:00,8213,3.6000000000058208,3.722443777543877,0,0,0
2025-12-09 20:15:00+00:00,8213,3.699999999980719,3.5775301320324835,0,0,0
2025-12-09 20:30:00+00:00,8213,3.8999999999305146,3.65002559413228,0,0,0
2025-12-09 20:45:00+00:00,8213,3.7999999999556167,3.745773369290173,0,0,0
2025-12-09 21:00:00+00:00,8213,4.200000000082582,3.794333218872016,0,0,0
2025-12-09 21:15:00+00:00,8213,3.7999999999556167,3.7368344979681503,0,0,0
2025-12-09 21:30:00+00:00,8213,3.7999999999556167,3.7304855666820513,0,0,0
2025-12-09 21:45:00+00:00,8213,3.7999999999556167,3.534587598861741,0,0,0
2025-12-09 22:00:00+00:00,8213,3.700000000208093,1.5800912859655427,0,0,0
2025-12-09 22:15:00+00:00,8213,0.0,1.143687461423491,0,0,0
2025-12-09 22:30:00+00:00,8213,0.0,0.2864538058541428,0,0,0
2025-12-09 22:45:00+00:00,8213,0.0,0.2223870458541086,0,0,0
2025-12-09 23:00:00+00:00,8213,0.0,0.1304626824999128,0,0,0
2025-12-09 23:15:00+00:00,8213,0.0,0.0486819587227547,0,0,0
2025-12-09 23:30:00+00:00,8213,0.0,0.0392448671521075,0,0,0
2025-12-09 23:45:00+00:00,8213,0.0,0.0341356418808975,0,0,0
2025-12-10 00:00:00+00:00,8213,0.0,0.0285536528701177,0,0,0
2025-12-10 00:15:00+00:00,8213,0.0,0.0208992962141238,0,0,0
2025-12-10 00:30:00+00:00,8213,0.0,0.0266524672602757,0,0,0
2025-12-10 00:45:00+00:00,8213,0.0,0.0361412511299195,0,0,0
2025-12-10 01:00:00+00:00,8213,0.0,0.0382620640704245,0,0,0
2025-12-10 01:15:00+00:00,8213,0.0,0.0403066373639164,0,0,0
2025-12-10 01:30:00+00:00,8213,0.0,0.0408688885256194,0,0,0
2025-12-10 01:45:00+00:00,8213,0.0,0.0443130502964757,0,0,0
2025-12-10 02:00:00+00:00,8213,0.0,0.047701103843295,0,0,0
2025-12-10 02:15:00+00:00,8213,0.0,0.0474866717185615,0,0,0
2025-12-10 02:30:00+00:00,8213,0.0,0.0489261334014337,0,0,0
2025-12-10 02:45:00+00:00,8213,0.0,0.0593474567353942,0,0,0
2025-12-10 03:00:00+00:00,8213,0.0,0.0748390412960946,0,0,0
2025-12-10 03:15:00+00:00,8213,0.0,0.0888073914783125,0,0,0
2025-12-10 03:30:00+00:00,8213,0.0,0.0900360576806016,0,0,0
2025-12-10 03:45:00+00:00,8213,2.7999999999792635,0.1113213358937026,0,0,0
2025-12-10 04:00:00+00:00,8213,9.199999999964348,8.09095061440444,0,0,0
2025-12-10 04:15:00+00:00,8213,7.499999999936335,7.318589219780652,0,0,0
2025-12-10 04:30:00+00:00,8213,4.599999999982174,5.652948532048269,0,0,0
2025-12-10 04:45:00+00:00,8213,4.000000000132786,4.492015866104202,0,0,0
2025-12-10 05:00:00+00:00,8213,4.099999999880311,4.374392247699189,0,0,0
2025-12-10 05:15:00+00:00,8213,3.8999999999305146,4.557804577109516,0,0,0
2025-12-10 05:30:00+00:00,8213,3.900000000157888,4.171704145729231,0,0,0
2025-12-10 05:45:00+00:00,8213,4.099999999880311,4.048581921368603,0,0,0
2025-12-10 06:00:00+00:00,8213,4.100000000107684,4.0582873453255015,0,0,0
2025-12-10 06:15:00+00:00,8213,4.099999999880311,4.029471616117821,0,0,0
2025-12-10 06:30:00+00:00,8213,4.100000000107684,4.024907887469192,0,0,0
2025-12-10 06:45:00+00:00,8213,4.100000000107684,4.068608920705619,0,0,0
2025-12-10 07:00:00+00:00,8213,4.099999999880311,4.254464035943921,0,0,0
2025-12-10 07:15:00+00:00,8213,3.699999999980719,4.133884085604818,0,0,0
2025-12-10 07:30:00+00:00,8213,4.200000000082582,4.047812251610171,0,0,0
2025-12-10 07:45:00+00:00,8213,4.099999999880311,4.05515307758833,0,0,0
2025-12-10 08:00:00+00:00,8213,4.400000000032378,4.05168423858931,0,0,0
2025-12-10 08:15:00+00:00,8213,4.200000000082582,4.042503270670979,0,0,0
2025-12-10 08:30:00+00:00,8213,3.7999999999556167,3.8595387680117614,0,0,0
2025-12-10 08:45:00+00:00,8213,3.7999999999556167,3.808976945825048,0,0,0
2025-12-10 09:00:00+00:00,8213,4.200000000082582,3.908613982021794,0,0,0
2025-12-10 09:15:00+00:00,8213,3.8999999999305146,3.977484489184393,0,0,0
2025-12-10 09:30:00+00:00,8213,3.7999999999556167,3.963369374434672,0,0,0
2025-12-10 09:45:00+00:00,8213,3.6000000000058208,3.8933153993613687,0,0,0
2025-12-10 10:00:00+00:00,8213,3.699999999980719,3.8018571758591833,0,0,0
2025-12-10 10:15:00+00:00,8213,3.500000000030923,3.6968789484464817,0,0,0
2025-12-10 10:30:00+00:00,8213,3.6000000000058208,3.5832208307273348,0,0,0
2025-12-10 10:45:00+00:00,8213,3.400000000056025,3.5306113181235714,0,0,0
2025-12-10 11:00:00+00:00,8213,3.500000000030923,3.497392132370183,0,0,0
2025-12-10 11:15:00+00:00,8213,3.7999999999556167,3.44306872133033,0,0,0
2025-12-10 11:30:00+00:00,8213,3.6000000000058208,3.440654249374669,0,0,0
2025-12-10 11:45:00+00:00,8213,3.500000000030923,3.3547593121419177,0,0,0
2025-12-10 12:00:00+00:00,8213,3.300000000081127,3.282847921068728,0,0,0
2025-12-10 12:15:00+00:00,8213,3.999999999905413,3.1846521648769284,0,0,0
2025-12-10 12:30:00+00:00,8213,3.399999999828651,3.1925784905633234,0,0,0
2025-12-10 12:45:00+00:00,8213,3.300000000081127,3.241576555765305,0,0,0
2025-12-10 13:00:00+00:00,8213,3.300000000081127,3.2648778336392867,0,0,0
2025-12-10 13:15:00+00:00,8213,3.0999999999039574,3.2897358549699955,0,0,0
2025-12-10 13:30:00+00:00,8213,3.300000000081127,3.3004900611238783,0,0,0
2025-12-10 13:45:00+00:00,8213,3.199999999878856,3.3084495062480728,0,0,0
2025-12-10 14:00:00+00:00,8213,3.000000000156433,3.2845061009212246,0,0,0
2025-12-10 14:15:00+00:00,8213,2.9999999999290594,3.253022763348977,0,0,0
2025-12-10 19:45:00+00:00,8213,3.400000000056025,3.2109783514032686,0,0,0
2025-12-10 20:00:00+00:00,8213,3.699999999980719,3.423202773377125,0,0,0
2025-12-10 20:15:00+00:00,8213,3.500000000030923,3.475591879369336,0,0,0
2025-12-10 20:30:00+00:00,8213,3.400000000056025,3.517289251558964,0,0,0
2025-12-10 20:45:00+00:00,8213,3.400000000056025,3.253742039609894,0,0,0
2025-12-10 21:00:00+00:00,8213,3.499999999803549,3.6567998829038433,0,0,0
2025-12-10 21:15:00+00:00,8213,3.300000000081127,3.3831282536396747,0,0,0
2025-12-10 21:30:00+00:00,8213,3.200000000106229,3.162522405940013,0,0,0
2025-12-10 21:45:00+00:00,8213,3.300000000081127,3.0191439437807395,0,0,0
2025-12-10 22:00:00+00:00,8213,3.2999999998537533,1.3931614125006075,0,0,0
2025-12-10 22:15:00+00:00,8213,0.0,1.4289322236461923,0,0,0
2025-12-10 22:30:00+00:00,8213,0.0,0.3219245938573081,0,0,0
2025-12-10 22:45:00+00:00,8213,0.0,0.1612690847395681,0,0,0
2025-12-10 23:00:00+00:00,8213,0.0,0.1445611725906608,0,0,0
2025-12-10 23:15:00+00:00,8213,0.0,0.0904059563427706,0,0,0
2025-12-10 23:30:00+00:00,8213,0.0,0.0682320381554559,0,0,0
2025-12-10 23:45:00+00:00,8213,0.0,0.0524123763403174,0,0,0
2025-12-11 00:00:00+00:00,8213,0.0,0.0405971792555148,0,0,0
2025-12-11 00:15:00+00:00,8213,0.0,0.0300327279982011,0,0,0
2025-12-11 00:30:00+00:00,8213,0.0,0.0315298564668886,0,0,0
2025-12-11 00:45:00+00:00,8213,0.0,0.044373834205849,0,0,0
2025-12-11 01:00:00+00:00,8213,0.0,0.0504730059668947,0,0,0
2025-12-11 01:15:00+00:00,8213,0.0,0.0524235460330657,0,0,0
2025-12-11 01:30:00+00:00,8213,0.0,0.0533054322395711,0,0,0
2025-12-11 01:45:00+00:00,8213,0.0,0.0563778770261831,0,0,0
2025-12-11 02:00:00+00:00,8213,0.0,0.0590058719455401,0,0,0
2025-12-11 02:15:00+00:00,8213,0.0,0.0584628430457758,0,0,0
2025-12-11 02:30:00+00:00,8213,0.0,0.0567329693514535,0,0,0
2025-12-11 02:45:00+00:00,8213,0.0,0.0680495565471879,0,0,0
2025-12-11 03:00:00+00:00,8213,0.8000000000265572,0.1076435197361742,0,0,0
2025-12-11 03:15:00+00:00,8213,6.300000000010186,0.1798032416527868,0,0,0
2025-12-11 03:30:00+00:00,8213,2.7000000000043656,8.178309041147486,0,0,0
2025-12-11 03:45:00+00:00,8213,3.0999999999039574,3.1376697096953823,0,0,0
2025-12-11 04:00:00+00:00,8213,9.09999999998945,3.64461491703702,0,0,0
2025-12-11 04:15:00+00:00,8213,7.2000000000116415,7.712869502896684,0,0,0
2025-12-11 04:30:00+00:00,8213,5.200000000058935,5.761026738839009,0,0,0
2025-12-11 04:45:00+00:00,8213,4.79999999993197,5.041326808878277,0,0,0
2025-12-11 05:00:00+00:00,8213,4.400000000032378,4.9695038661860345,0,0,0
2025-12-11 05:15:00+00:00,8213,4.100000000107684,5.073579426568513,0,0,0
2025-12-11 05:30:00+00:00,8213,4.099999999880311,4.348301923522041,0,0,0
2025-12-11 05:45:00+00:00,8213,4.30000000005748,4.387094785956723,0,0,0
2025-12-11 06:00:00+00:00,8213,4.599999999982174,4.653900560944823,0,0,0
2025-12-11 06:15:00+00:00,8213,4.79999999993197,4.629437115504448,0,0,0
2025-12-11 06:30:00+00:00,8213,4.500000000007276,4.575398921270117,0,0,0
2025-12-11 06:45:00+00:00,8213,4.500000000007276,4.580242931278634,0,0,0
2025-12-11 07:00:00+00:00,8213,4.400000000032378,4.747646493377994,0,0,0
2025-12-11 07:15:00+00:00,8213,4.500000000007276,4.651192819614451,0,0,0
2025-12-11 07:30:00+00:00,8213,4.400000000032378,4.607747910030342,0,0,0
2025-12-11 07:45:00+00:00,8213,4.199999999855208,4.57522228426852,0,0,0
2025-12-11 08:00:00+00:00,8213,4.600000000209548,4.505110902169697,0,0,0
2025-12-11 08:15:00+00:00,8213,4.899999999906868,4.495711735602335,0,0,0
2025-12-11 08:30:00+00:00,8213,4.30000000005748,4.338846908490938,0,0,0
2025-12-11 08:45:00+00:00,8213,4.199999999855208,4.316705979861275,0,0,0
2025-12-11 09:00:00+00:00,8213,4.30000000005748,4.365111531827015,0,0,0
2025-12-11 09:15:00+00:00,8213,3.8999999999305146,4.392369218776486,0,0,0
2025-12-11 09:30:00+00:00,8213,5.700000000160799,4.323126994629643,0,0,0
2025-12-11 09:45:00+00:00,8213,4.299999999830106,4.350831729049334,0,0,0
2025-12-11 10:00:00+00:00,8213,3.900000000157888,4.317385772557129,0,0,0
2025-12-11 10:15:00+00:00,8213,3.7999999999556167,4.206583979057934,0,0,0
2025-12-11 10:30:00+00:00,8213,3.400000000056025,4.066531357854475,0,0,0
2025-12-11 10:45:00+00:00,8213,3.8999999999305146,3.965733193132521,0,0,0
2025-12-11 11:00:00+00:00,8213,4.400000000032378,3.9409957005793737,0,0,0
2025-12-11 11:15:00+00:00,8213,3.699999999980719,3.92310081375576,0,0,0
2025-12-11 11:30:00+00:00,8213,3.999999999905413,3.9574530739223386,0,0,0
2025-12-11 11:45:00+00:00,8213,4.000000000132786,3.844754250978044,0,0,0
2025-12-11 12:00:00+00:00,8213,3.999999999905413,3.839123686791825,0,0,0
2025-12-11 12:15:00+00:00,8213,3.900000000157888,3.8636127186214018,0,0,0
2025-12-11 12:30:00+00:00,8213,4.199999999855208,3.818322342011042,0,0,0
2025-12-11 12:45:00+00:00,8213,3.6000000000058208,3.826247628656251,0,0,0
2025-12-11 13:00:00+00:00,8213,3.200000000106229,3.747038401933968,0,0,0
2025-12-11 13:15:00+00:00,8213,3.699999999980719,3.614528050818578,0,0,0
2025-12-11 13:30:00+00:00,8213,3.999999999905413,3.6234254903733154,0,0,0
2025-12-11 13:45:00+00:00,8213,4.200000000082582,3.4795736150737304,0,0,0
2025-12-11 14:00:00+00:00,8213,3.8999999999305146,3.437555568798114,0,0,0
2025-12-11 14:15:00+00:00,8213,2.5000000000545697,3.3839909175842413,0,0,0
2025-12-11 14:30:00+00:00,8213,2.899999999954161,3.417235040326092,0,0,0
2025-12-11 14:45:00+00:00,8213,2.9999999999290594,3.408834392338348,0,0,0
2025-12-11 15:00:00+00:00,8213,3.100000000131331,3.4210322163398463,0,0,0
2025-12-11 15:15:00+00:00,8213,2.9999999999290594,3.464444136366305,0,0,0
2025-12-11 15:30:00+00:00,8213,3.699999999980719,3.496638567750132,0,0,0
2025-12-11 15:45:00+00:00,8213,3.700000000208093,3.6018105763439974,0,0,0
2025-12-11 16:00:00+00:00,8213,3.999999999905413,3.6462340029648983,0,0,0
2025-12-11 16:15:00+00:00,8213,4.200000000082582,3.744128696973093,0,0,0
2025-12-11 16:30:00+00:00,8213,3.699999999753345,4.00776656526563,0,0,0
2025-12-11 16:45:00+00:00,8213,4.900000000134241,4.07174682508694,0,0,0
2025-12-11 17:00:00+00:00,8213,4.099999999880311,4.163585337663154,0,0,0
2025-12-11 17:15:00+00:00,8213,4.30000000005748,4.207089472594857,0,0,0
2025-12-11 17:30:00+00:00,8213,4.899999999906868,4.326668566511675,0,0,0
2025-12-11 17:45:00+00:00,8213,4.500000000007276,4.374501347023705,0,0,0
2025-12-11 18:00:00+00:00,8213,4.400000000259752,4.391802162049299,0,0,0
2025-12-11 18:15:00+00:00,8213,4.5999999997548,4.417575578664756,0,0,0
2025-12-11 18:30:00+00:00,8213,5.000000000109139,4.522966305428248,0,0,0
2025-12-11 18:45:00+00:00,8213,4.999999999881766,4.5927054510222325,0,0,0
2025-12-11 19:00:00+00:00,8213,4.900000000134241,4.597728955395608,0,0,0
2025-12-11 19:15:00+00:00,8213,4.79999999993197,4.681567110600934,0,0,0
2025-12-11 19:30:00+00:00,8213,5.100000000084037,4.800251070536125,0,0,0
2025-12-11 19:45:00+00:00,8213,4.899999999906868,4.808185189031414,0,0,0
2025-12-11 20:00:00+00:00,8213,5.000000000109139,4.834665673173856,0,0,0
2025-12-11 20:15:00+00:00,8213,4.79999999993197,4.858155537023071,0,0,0
2025-12-11 20:30:00+00:00,8213,4.899999999906868,4.929727811029224,0,0,0
2025-12-11 20:45:00+00:00,8213,5.400000000008731,4.992385111660628,0,0,0
2025-12-11 21:00:00+00:00,8213,5.000000000109139,5.079482998826318,0,0,0
2025-12-11 21:15:00+00:00,8213,4.900000000134241,4.998370248651526,0,0,0
2025-12-11 21:30:00+00:00,8213,5.099999999856664,5.051535388529431,0,0,0
2025-12-11 21:45:00+00:00,8213,5.200000000058935,4.907556230684578,0,0,0
2025-12-11 22:00:00+00:00,8213,5.199999999831562,3.64490091312343,0,0,0
2025-12-11 22:15:00+00:00,8213,3.700000000208093,2.8946504448150634,0,0,0
2025-12-11 22:30:00+00:00,8213,1.7999999997755367,2.1469709215709427,0,0,0
2025-12-11 22:45:00+00:00,8213,1.5000000000782163,1.8279608762765864,0,0,0
2025-12-11 23:00:00+00:00,8213,2.5000000000545697,2.028818301322175,0,0,0
2025-12-11 23:15:00+00:00,8213,2.7999999999792635,2.617725577597942,0,0,0
2025-12-11 23:30:00+00:00,8213,2.7000000000043656,2.9294985873875974,0,0,0
2025-12-11 23:45:00+00:00,8213,3.300000000081127,2.908868294762038,0,0,0
2025-12-12 00:00:00+00:00,8213,3.0999999999039574,2.9146210761677454,0,0,0
2025-12-12 00:15:00+00:00,8213,3.0999999999039574,2.874501617899006,0,0,0
2025-12-12 00:30:00+00:00,8213,3.200000000106229,2.898383849676036,0,0,0
2025-12-12 00:45:00+00:00,8213,3.000000000156433,3.0106188706109887,0,0,0
2025-12-12 01:00:00+00:00,8213,3.199999999878856,3.0613456405859587,0,0,0
2025-12-12 01:15:00+00:00,8213,3.2999999998537533,3.061258620886642,0,0,0
2025-12-12 01:30:00+00:00,8213,3.300000000081127,3.1266258708109387,0,0,0
2025-12-12 01:45:00+00:00,8213,3.200000000106229,3.250918445187297,0,0,0
2025-12-12 02:00:00+00:00,8213,3.300000000081127,3.274145431616489,0,0,0
2025-12-12 02:15:00+00:00,8213,3.2999999998537533,3.290752556770367,0,0,0
2025-12-12 02:30:00+00:00,8213,3.300000000081127,3.2834213419231784,0,0,0
2025-12-12 02:45:00+00:00,8213,3.2999999998537533,3.2657081574269435,0,0,0
2025-12-12 03:00:00+00:00,8213,3.300000000081127,3.311638323647502,0,0,0
2025-12-12 03:15:00+00:00,8213,3.300000000081127,3.314188390477919,0,0,0
2025-12-12 03:30:00+00:00,8213,3.499999999803549,3.2770500712515838,0,0,0
2025-12-12 06:15:00+00:00,8213,6.499999999959982,3.634712075254807,0,0,0
2025-12-12 06:30:00+00:00,8213,6.59999999993488,8.55968495225563,0,0,0
2025-12-12 06:45:00+00:00,8213,6.600000000162254,6.646924423602901,0,0,0
2025-12-12 07:00:00+00:00,8213,6.499999999959982,6.037218172859056,0,0,0
2025-12-12 07:15:00+00:00,8213,6.099999999833017,5.871959191767326,0,0,0
2025-12-12 07:30:00+00:00,8213,6.500000000187356,5.898681512745778,0,0,0
2025-12-12 07:45:00+00:00,8213,6.300000000010186,5.887951074659023,0,0,0
2025-12-12 08:00:00+00:00,8213,6.699999999909778,5.960520308683016,0,0,0
2025-12-12 08:15:00+00:00,8213,6.499999999959982,6.050836625921932,0,0,0
2025-12-12 08:30:00+00:00,8213,6.59999999993488,5.929501292640703,0,0,0
2025-12-12 08:45:00+00:00,8213,6.700000000137152,5.856096669503272,0,0,0
2025-12-12 09:00:00+00:00,8213,7.399999999961437,5.869786037127083,0,0,0
2025-12-12 09:15:00+00:00,8213,7.699999999886131,5.941653918350616,0,0,0
2025-12-12 09:30:00+00:00,8213,6.300000000010186,6.011928949436211,0,0,0
2025-12-12 09:45:00+00:00,8213,6.600000000162254,6.012969549183859,0,0,0
2025-12-12 10:00:00+00:00,8213,6.099999999833017,6.035454140685747,0,0,0
2025-12-12 10:15:00+00:00,8213,6.500000000187356,6.0467825469749705,0,0,0
2025-12-12 10:30:00+00:00,8213,6.099999999833017,6.033919996374813,0,0,0
2025-12-12 10:45:00+00:00,8213,5.800000000135697,5.928670059692008,0,0,0
2025-12-12 11:00:00+00:00,8213,5.499999999983629,5.741317166584276,0,0,0
2025-12-12 11:15:00+00:00,8213,5.200000000058935,5.532560544568255,0,0,0
2025-12-12 11:30:00+00:00,8213,5.200000000058935,5.245143049815792,0,0,0
2025-12-12 11:45:00+00:00,8213,4.899999999906868,5.061488364048861,0,0,0
2025-12-12 12:00:00+00:00,8213,4.79999999993197,4.799516208657419,0,0,0
2025-12-12 12:15:00+00:00,8213,5.200000000058935,4.605943615011082,0,0,0
2025-12-12 12:30:00+00:00,8213,4.79999999993197,4.529953337882618,0,0,0
2025-12-12 12:45:00+00:00,8213,4.400000000032378,4.327867360279869,0,0,0
2025-12-12 13:00:00+00:00,8213,4.200000000082582,4.158562352810371,0,0,0
2025-12-12 13:15:00+00:00,8213,4.500000000007276,4.012412637928239,0,0,0
2025-12-12 13:30:00+00:00,8213,5.099999999856664,4.0394183573901365,0,0,0
2025-12-12 13:45:00+00:00,8213,4.900000000134241,4.070377628564263,0,0,0
2025-12-12 14:00:00+00:00,8213,4.099999999880311,4.091348077298045,0,0,0
2025-12-12 14:15:00+00:00,8213,4.000000000132786,4.0278408409766016,0,0,0
2025-12-12 14:30:00+00:00,8213,4.30000000005748,4.080737128947664,0,0,0
2025-12-12 14:45:00+00:00,8213,3.999999999905413,4.131971990062524,0,0,0
2025-12-12 15:00:00+00:00,8213,4.200000000082582,4.144446718540056,0,0,0
2025-12-12 15:15:00+00:00,8213,4.299999999830106,4.177376271562885,0,0,0
2025-12-12 15:30:00+00:00,8213,3.999999999905413,4.235583618555512,0,0,0
2025-12-12 15:45:00+00:00,8213,4.100000000107684,4.173774695052369,0,0,0
2025-12-12 16:00:00+00:00,8213,4.200000000082582,4.132766077288823,0,0,0
2025-12-12 22:00:00+00:00,8213,4.500000000007276,4.161452705629159,0,0,0
2025-12-12 22:15:00+00:00,8213,2.300000000104774,3.891007169366963,0,0,0
2025-12-12 22:30:00+00:00,8213,1.199999999926149,2.8128269904691363,0,0,0
2025-12-12 22:45:00+00:00,8213,0.8000000000265572,0.8912716275787744,0,0,0
2025-12-12 23:00:00+00:00,8213,0.9000000000014552,0.7490019522449705,0,0,0
2025-12-12 23:15:00+00:00,8213,1.3000000001284209,1.4328204456438591,0,0,0
2025-12-12 23:30:00+00:00,8213,1.399999999875945,1.7291837217481063,0,0,0
2025-12-12 23:45:00+00:00,8213,1.399999999875945,1.6338979850706667,0,0,0
2025-12-13 00:00:00+00:00,8213,1.4000000001033186,1.4593960994649189,0,0,0
2025-12-13 00:15:00+00:00,8213,1.5000000000782163,0.7082955006462899,0,0,0
2025-12-13 00:30:00+00:00,8213,1.4999999998508429,0.9045296632303031,0,0,0
2025-12-13 00:45:00+00:00,8213,1.6000000000531145,1.3462646782168957,0,0,0
2025-12-13 01:00:00+00:00,8213,1.5000000000782163,1.4272301443035922,0,0,0
2025-12-13 01:15:00+00:00,8213,1.5999999998257408,1.5682295917876723,0,0,0
2025-12-13 01:30:00+00:00,8213,1.5000000000782163,1.5581323194235543,0,0,0
2025-12-13 01:45:00+00:00,8213,1.7000000000280124,1.582231532223227,0,0,0
2025-12-13 02:00:00+00:00,8213,1.6000000000531145,1.630916943438374,0,0,0
2025-12-13 02:15:00+00:00,8213,1.6000000000531145,1.623317704670287,0,0,0
2025-12-13 02:30:00+00:00,8213,1.6999999998006388,1.5581944995445212,0,0,0
2025-12-13 02:45:00+00:00,8213,1.700000000255386,1.609822085757602,0,0,0
2025-12-13 03:00:00+00:00,8213,1.6999999998006388,1.660172114010093,0,0,0
2025-12-13 03:15:00+00:00,8213,1.7000000000280124,1.6942979849607909,0,0,0
2025-12-13 03:30:00+00:00,8213,1.8000000000029104,1.6538233126041424,0,0,0
2025-12-13 03:45:00+00:00,8213,1.8000000000029104,1.6652829627831558,0,0,0
2025-12-13 04:30:00+00:00,8213,2.199999999902502,1.7045207215481024,0,0,0
2025-12-13 04:45:00+00:00,8213,2.099999999927604,1.7689443089910124,0,0,0
2025-12-13 05:00:00+00:00,8213,2.099999999927604,1.7520125402891151,0,0,0
2025-12-13 05:15:00+00:00,8213,2.00000000018008,1.7979418562005782,0,0,0
2025-12-13 05:30:00+00:00,8213,2.099999999927604,1.8474001354728071,0,0,0
2025-12-13 05:45:00+00:00,8213,2.099999999927604,1.8558763412367856,0,0,0
2025-12-13 06:00:00+00:00,8213,2.100000000154978,1.8999382627000971,0,0,0
2025-12-13 06:15:00+00:00,8213,2.099999999927604,2.020493730631259,0,0,0
2025-12-13 06:30:00+00:00,8213,1.9999999999527065,1.9718636808292969,0,0,0
2025-12-13 06:45:00+00:00,8213,2.199999999902502,1.6260392620014277,0,0,0
2025-12-13 07:00:00+00:00,8213,2.200000000129876,1.7582999895600442,0,0,0
2025-12-13 07:15:00+00:00,8213,2.099999999927604,1.6024135759871956,0,0,0
2025-12-13 07:30:00+00:00,8213,2.100000000154978,1.622095824705743,0,0,0
2025-12-13 07:45:00+00:00,8213,2.099999999927604,1.820599253239692,0,0,0
2025-12-13 08:00:00+00:00,8213,2.099999999927604,1.7553550667852242,0,0,0
2025-12-13 08:15:00+00:00,8213,2.200000000129876,1.9153695179319437,0,0,0
2025-12-13 08:30:00+00:00,8213,1.9999999999527065,2.015851976483579,0,0,0
2025-12-13 08:45:00+00:00,8213,3.199999999878856,4.7508275179685295,0,0,0
2025-12-13 09:00:00+00:00,8213,10.200000000168076,7.253926050139929,0,0,0
2025-12-13 09:15:00+00:00,8213,6.799999999884676,7.343586992150859,0,0,0
2025-12-13 09:30:00+00:00,8213,6.0000000000854925,5.949772986176988,0,0,0
2025-12-13 10:00:00+00:00,8213,5.200000000058935,5.333521555243065,0,0,0
2025-12-13 10:15:00+00:00,8213,5.000000000109139,5.047606514045367,0,0,0
2025-12-13 10:30:00+00:00,8213,4.79999999993197,4.759552866326857,0,0,0
2025-12-13 10:45:00+00:00,8213,4.79999999993197,4.630516419536269,0,0,0
2025-12-13 11:00:00+00:00,8213,5.100000000084037,4.718742185909219,0,0,0
2025-12-13 11:15:00+00:00,8213,5.29999999980646,4.861833223300452,0,0,0
2025-12-13 11:30:00+00:00,8213,5.200000000058935,4.68655087164895,0,0,0
2025-12-13 11:45:00+00:00,8213,5.000000000109139,4.659393452173916,0,0,0
2025-12-13 12:00:00+00:00,8213,4.999999999881766,4.669279669297154,0,0,0
2025-12-13 12:15:00+00:00,8213,5.100000000084037,4.671244236419334,0,0,0
2025-12-13 12:30:00+00:00,8213,5.300000000033833,4.6758625147302215,0,0,0
2025-12-13 12:45:00+00:00,8213,5.499999999983629,4.685639372768647,0,0,0
2025-12-13 13:00:00+00:00,8213,4.699999999957072,4.747489078638335,0,0,0
2025-12-13 13:15:00+00:00,8213,5.300000000033833,4.746808506661592,0,0,0
2025-12-13 13:30:00+00:00,8213,5.099999999856664,4.72567986390726,0,0,0
2025-12-13 13:45:00+00:00,8213,4.30000000005748,4.656056831165797,0,0,0
2025-12-13 14:00:00+00:00,8213,4.400000000032378,4.559455873314157,0,0,0
2025-12-13 14:15:00+00:00,8213,4.599999999982174,4.49344454773477,0,0,0
2025-12-13 14:30:00+00:00,8213,4.899999999906868,4.482992053165233,0,0,0
2025-12-13 14:45:00+00:00,8213,4.400000000259752,4.435476699735485,0,0,0
2025-12-13 15:00:00+00:00,8213,4.5999999997548,4.312632938412671,0,0,0
2025-12-13 15:15:00+00:00,8213,4.599999999982174,4.485353534020415,0,0,0
2025-12-13 15:30:00+00:00,8213,5.000000000109139,4.620839828972279,0,0,0
2025-12-13 15:45:00+00:00,8213,5.100000000084037,4.724143901274251,0,0,0
2025-12-13 16:00:00+00:00,8213,5.100000000084037,4.842438480525038,0,0,0
2025-12-13 16:15:00+00:00,8213,5.199999999831562,4.93819521741316,0,0,0
2025-12-13 16:30:00+00:00,8213,5.300000000033833,5.143408968745668,0,0,0
2025-12-13 16:45:00+00:00,8213,5.499999999983629,5.225541797604687,0,0,0
2025-12-13 17:00:00+00:00,8213,5.699999999933425,5.34226170993829,0,0,0
2025-12-13 17:15:00+00:00,8213,5.500000000211003,5.3514234555946825,0,0,0
2025-12-13 17:30:00+00:00,8213,5.099999999856664,5.418204710692797,0,0,0
2025-12-13 17:45:00+00:00,8213,5.400000000008731,5.306458168995351,0,0,0
2025-12-13 18:00:00+00:00,8213,5.800000000135697,5.263842414277564,0,0,0
2025-12-13 18:15:00+00:00,8213,5.199999999831562,5.337382112769157,0,0,0
2025-12-13 18:30:00+00:00,8213,5.599999999958527,5.40733166420328,0,0,0
2025-12-13 18:45:00+00:00,8213,5.400000000008731,5.285709036034158,0,0,0
2025-12-13 19:00:00+00:00,8213,5.699999999933425,5.123097272123725,0,0,0
2025-12-13 19:15:00+00:00,8213,5.500000000211003,5.162721887027694,0,0,0
2025-12-13 19:30:00+00:00,8213,5.499999999983629,5.032858623213452,0,0,0
2025-12-13 19:45:00+00:00,8213,5.699999999933425,3.439850421137252,0,0,0
2025-12-13 20:00:00+00:00,8213,5.499999999983629,2.861567763097468,0,0,0
2025-12-13 20:15:00+00:00,8213,2.7999999999792635,2.1146942760532843,0,0,0
2025-12-13 20:30:00+00:00,8213,1.3000000001284209,1.8458816660722628,0,0,0
2025-12-13 20:45:00+00:00,8213,1.4999999998508429,1.6203864883098602,0,0,0
2025-12-13 21:00:00+00:00,8213,2.099999999927604,2.108875255771978,0,0,0
2025-12-13 21:15:00+00:00,8213,2.400000000079672,2.4808250177119637,0,0,0
2025-12-13 21:30:00+00:00,8213,2.400000000079672,2.560018593876384,0,0,0
2025-12-13 21:45:00+00:00,8213,2.300000000104774,2.5632630649193318,0,0,0
2025-12-13 22:00:00+00:00,8213,2.2999999998774,2.477782575239593,0,0,0
2025-12-13 22:15:00+00:00,8213,2.2999999998774,2.384945284323464,0,0,0
2025-12-13 22:30:00+00:00,8213,2.400000000079672,2.416166004235984,0,0,0
2025-12-13 22:45:00+00:00,8213,2.400000000079672,2.5012467877595337,0,0,0
2025-12-13 23:00:00+00:00,8213,2.600000000029468,2.5310133045923573,0,0,0
2025-12-13 23:15:00+00:00,8213,2.599999999802094,2.524218105116928,0,0,0
2025-12-13 23:30:00+00:00,8213,2.6000000002568413,2.5620873898175214,0,0,0
2025-12-13 23:45:00+00:00,8213,2.7000000000043656,2.609572870813176,0,0,0
2025-12-14 00:00:00+00:00,8213,2.899999999726788,2.6664866115293977,0,0,0
2025-12-14 00:15:00+00:00,8213,2.600000000029468,2.6913254755382416,0,0,0
2025-12-14 00:30:00+00:00,8213,2.7000000000043656,2.6943760355198765,0,0,0
2025-12-14 00:45:00+00:00,8213,2.900000000181535,2.7108852959820604,0,0,0
2025-12-14 01:00:00+00:00,8213,2.7999999999792635,2.709632731832497,0,0,0
2025-12-14 01:15:00+00:00,8213,2.899999999954161,2.709968666835903,0,0,0
2025-12-14 01:30:00+00:00,8213,2.2999999998774,2.710447275182143,0,0,0
2025-12-14 01:45:00+00:00,8213,2.7999999999792635,2.724575313006614,0,0,0
2025-12-14 02:00:00+00:00,8213,3.200000000106229,2.744856098153277,0,0,0
2025-12-14 02:15:00+00:00,8213,2.7999999999792635,2.7558364905853088,0,0,0
2025-12-14 02:30:00+00:00,8213,2.9999999999290594,2.7572834853167785,0,0,0
2025-12-14 02:45:00+00:00,8213,2.7999999999792635,2.757653643739244,0,0,0
2025-12-14 03:00:00+00:00,8213,2.900000000181535,2.767389070010384,0,0,0
2025-12-14 03:15:00+00:00,8213,2.9999999999290594,2.777262558879095,0,0,0
2025-12-14 03:30:00+00:00,8213,2.899999999954161,2.779114779673053,0,0,0
2025-12-14 03:45:00+00:00,8213,3.000000000156433,2.7850421199979856,0,0,0
2025-12-14 04:00:00+00:00,8213,2.7999999999792635,2.793031892136793,0,0,0
2025-12-14 04:15:00+00:00,8213,2.7000000000043656,2.79975117666558,0,0,0
2025-12-14 04:30:00+00:00,8213,2.7000000000043656,2.77711436562996,0,0,0
2025-12-14 04:45:00+00:00,8213,2.7000000000043656,2.746227762398771,0,0,0
2025-12-14 05:00:00+00:00,8213,2.899999999954161,2.749731733977889,0,0,0
2025-12-14 05:15:00+00:00,8213,2.7999999999792635,2.740772990993186,0,0,0
2025-12-14 05:30:00+00:00,8213,2.7999999999792635,2.682930607217094,0,0,0
2025-12-14 05:45:00+00:00,8213,2.899999999954161,2.6457307248004964,0,0,0
2025-12-14 06:00:00+00:00,8213,2.7999999999792635,2.673444680710712,0,0,0
2025-12-14 06:15:00+00:00,8213,2.7000000000043656,2.941057660820084,0,0,0
2025-12-14 06:30:00+00:00,8213,2.800000000206637,2.664588932683558,0,0,0
2025-12-14 06:45:00+00:00,8213,2.7000000000043656,2.6698423898593813,0,0,0
2025-12-14 07:00:00+00:00,8213,2.79999999975189,2.9664529963240343,0,0,0
2025-12-14 07:15:00+00:00,8213,2.600000000029468,2.7988106495721468,0,0,0
2025-12-14 07:30:00+00:00,8213,2.7000000000043656,2.8439336756115075,0,0,0
2025-12-14 07:45:00+00:00,8213,2.800000000206637,2.9525753024852834,0,0,0
2025-12-14 08:00:00+00:00,8213,2.7000000000043656,2.978228190323181,0,0,0
2025-12-14 08:15:00+00:00,8213,2.7000000000043656,3.056937378474765,0,0,0
2025-12-14 08:30:00+00:00,8213,2.79999999975189,3.12131948747471,0,0,0
2025-12-14 08:45:00+00:00,8213,4.000000000132786,5.633986549926769,0,0,0
2025-12-14 09:00:00+00:00,8213,11.899999999968712,8.178241503470405,0,0,0
2025-12-14 09:15:00+00:00,8213,7.800000000088403,7.9199280718547005,0,0,0
2025-12-14 09:30:00+00:00,8213,6.199999999807915,6.903530710550223,0,0,0
2025-12-14 09:45:00+00:00,8213,6.30000000023756,6.138434291898024,0,0,0
2025-12-14 10:00:00+00:00,8213,6.199999999807915,5.802831781671522,0,0,0
2025-12-14 10:15:00+00:00,8213,5.599999999958527,5.62690834160834,0,0,0
2025-12-14 10:30:00+00:00,8213,5.499999999983629,5.539322364845588,0,0,0
2025-12-14 10:45:00+00:00,8213,5.800000000135697,5.481815331612236,0,0,0
2025-12-14 11:00:00+00:00,8213,5.699999999933425,5.497822280601127,0,0,0
2025-12-14 11:15:00+00:00,8213,5.9000000001105946,5.3103413256672365,0,0,0
2025-12-14 11:30:00+00:00,8213,5.599999999958527,5.257100335782763,0,0,0
2025-12-14 11:45:00+00:00,8213,5.699999999933425,5.239782636337899,0,0,0
2025-12-14 12:00:00+00:00,8213,5.699999999933425,5.201151344807619,0,0,0
2025-12-14 12:15:00+00:00,8213,5.800000000135697,5.136885348660194,0,0,0
2025-12-14 12:30:00+00:00,8213,5.000000000109139,5.177477570668504,0,0,0
2025-12-14 12:45:00+00:00,8213,5.199999999831562,5.214567444599548,0,0,0
2025-12-14 13:00:00+00:00,8213,5.400000000008731,5.21130719311859,0,0,0
2025-12-14 13:15:00+00:00,8213,5.599999999958527,5.165443135893483,0,0,0
2025-12-14 13:30:00+00:00,8213,5.000000000109139,5.161783113316263,0,0,0
2025-12-14 13:45:00+00:00,8213,5.400000000008731,5.122038489155326,0,0,0
2025-12-14 14:00:00+00:00,8213,5.499999999983629,5.077085151529632,0,0,0
2025-12-14 14:15:00+00:00,8213,5.099999999856664,5.052409481927043,0,0,0
2025-12-14 14:30:00+00:00,8213,5.700000000160799,5.055139562642911,0,0,0
2025-12-14 14:45:00+00:00,8213,5.300000000033833,5.12610477683622,0,0,0
2025-12-14 15:00:00+00:00,8213,5.099999999856664,5.114335817084188,0,0,0
2025-12-14 15:15:00+00:00,8213,5.100000000084037,5.061777217498533,0,0,0
2025-12-14 15:30:00+00:00,8213,5.699999999933425,5.071917739952013,0,0,0
2025-12-14 15:45:00+00:00,8213,5.699999999933425,5.1294808814094015,0,0,0
2025-12-14 16:00:00+00:00,8213,5.600000000185901,5.18577431453766,0,0,0
2025-12-14 16:15:00+00:00,8213,5.29999999980646,5.204264571960776,0,0,0
2025-12-14 16:30:00+00:00,8213,5.700000000160799,5.354298482555979,0,0,0
2025-12-14 16:45:00+00:00,8213,5.799999999908323,5.374258983257098,0,0,0
2025-12-14 17:00:00+00:00,8213,5.699999999933425,5.425712302781287,0,0,0
2025-12-14 17:15:00+00:00,8213,5.400000000008731,5.476089435397213,0,0,0
2025-12-14 17:30:00+00:00,8213,5.800000000135697,5.594893664349668,0,0,0
2025-12-14 17:45:00+00:00,8213,5.799999999908323,5.533649459731045,0,0,0
2025-12-14 18:00:00+00:00,8213,5.699999999933425,5.487576035706985,0,0,0
2025-12-14 18:15:00+00:00,8213,6.0000000000854925,5.47106930790769,0,0,0
2025-12-14 18:30:00+00:00,8213,6.0000000000854925,5.748255623863207,0,0,0
2025-12-14 18:45:00+00:00,8213,5.899999999883221,5.43054332477498,0,0,0
2025-12-14 19:00:00+00:00,8213,5.800000000135697,5.081155855135566,0,0,0
2025-12-14 19:15:00+00:00,8213,5.499999999983629,5.027941360801331,0,0,0
2025-12-14 19:30:00+00:00,8213,5.599999999958527,5.1092104866745975,0,0,0
2025-12-14 19:45:00+00:00,8213,5.699999999933425,2.974622327767774,0,0,0
2025-12-14 20:00:00+00:00,8213,5.699999999933425,2.547161822942823,0,0,0
2025-12-14 20:15:00+00:00,8213,2.800000000206637,2.4268315671886977,0,0,0
2025-12-14 20:30:00+00:00,8213,1.299999999901047,1.8947364166481784,0,0,0
2025-12-14 20:45:00+00:00,8213,1.6000000000531145,1.7973184071365296,0,0,0
2025-12-14 21:00:00+00:00,8213,2.099999999927604,2.282060627490176,0,0,0
2025-12-14 21:15:00+00:00,8213,2.600000000029468,2.647339225496294,0,0,0
2025-12-14 21:30:00+00:00,8213,2.5000000000545697,2.7876267349478328,0,0,0
2025-12-14 21:45:00+00:00,8213,2.600000000029468,2.7834463475567146,0,0,0
2025-12-14 22:00:00+00:00,8213,3.199999999878856,2.705161737609706,0,0,0
2025-12-14 22:15:00+00:00,8213,3.100000000131331,2.6831920559554887,0,0,0
2025-12-14 22:30:00+00:00,8213,3.2999999998537533,2.8185408078303738,0,0,0
2025-12-14 22:45:00+00:00,8213,3.300000000081127,2.917495453728301,0,0,0
2025-12-14 23:00:00+00:00,8213,3.400000000056025,2.8916709942145866,0,0,0
2025-12-14 23:15:00+00:00,8213,3.2999999998537533,2.8901094451923752,0,0,0
2025-12-14 23:30:00+00:00,8213,3.400000000056025,2.92796691079948,0,0,0
2025-12-14 23:45:00+00:00,8213,3.400000000056025,2.9899337685628744,0,0,0
2025-12-15 00:00:00+00:00,8213,3.500000000030923,3.040953678032408,0,0,0
2025-12-15 00:15:00+00:00,8213,3.2999999998537533,3.100875183221421,0,0,0
2025-12-15 00:30:00+00:00,8213,3.6000000000058208,3.1924374407223417,0,0,0
2025-12-15 00:45:00+00:00,8213,3.500000000030923,3.3050054743573645,0,0,0
2025-12-15 01:00:00+00:00,8213,3.500000000030923,3.3695144762621343,0,0,0
2025-12-15 01:15:00+00:00,8213,3.500000000030923,3.321943534128942,0,0,0
2025-12-15 01:30:00+00:00,8213,3.699999999980719,3.3342951362259488,0,0,0
2025-12-15 01:45:00+00:00,8213,3.7999999999556167,3.400057221800875,0,0,0
2025-12-15 02:00:00+00:00,8213,3.500000000030923,3.4806316187612407,0,0,0
2025-12-15 02:15:00+00:00,8213,3.699999999980719,3.501957809221035,0,0,0
2025-12-15 02:30:00+00:00,8213,3.8999999999305146,3.496600123226255,0,0,0
2025-12-15 02:45:00+00:00,8213,3.6000000002331944,3.584157526356395,0,0,0
2025-12-15 03:00:00+00:00,8213,3.7999999999556167,3.738526836299633,0,0,0
2025-12-15 03:15:00+00:00,8213,3.699999999980719,3.8751504917095776,0,0,0
2025-12-15 03:30:00+00:00,8213,3.699999999980719,3.9212965187365,0,0,0
2025-12-15 03:45:00+00:00,8213,4.79999999993197,5.42569957452676,0,0,0
2025-12-15 04:00:00+00:00,8213,12.30000000009568,8.545591397610515,0,0,0
2025-12-15 04:15:00+00:00,8213,8.39999999993779,9.388990479550326,0,0,0
2025-12-15 04:30:00+00:00,8213,7.700000000113505,7.766210240735003,0,0,0
2025-12-15 04:45:00+00:00,8213,6.999999999834472,7.272999729188911,0,0,0
2025-12-15 05:00:00+00:00,8213,6.80000000011205,7.151710373480155,0,0,0
2025-12-15 05:15:00+00:00,8213,7.000000000061846,7.282553193372374,0,0,0
2025-12-15 05:30:00+00:00,8213,7.299999999759166,7.17043077852594,0,0,0
2025-12-15 05:45:00+00:00,8213,7.2999999999865395,7.166502683322767,0,0,0
2025-12-15 06:00:00+00:00,8213,7.700000000113505,7.2346752145687585,0,0,0
2025-12-15 06:15:00+00:00,8213,7.2999999999865395,7.171007446384097,0,0,0
2025-12-15 06:30:00+00:00,8213,7.000000000061846,7.12535301571824,0,0,0
2025-12-15 06:45:00+00:00,8213,6.999999999834472,7.106817560003538,0,0,0
2025-12-15 07:00:00+00:00,8213,6.900000000086948,7.155553786826681,0,0,0
2025-12-15 07:15:00+00:00,8213,6.80000000011205,7.099692854592041,0,0,0
2025-12-15 07:30:00+00:00,8213,7.000000000061846,7.195499725217381,0,0,0
2025-12-15 07:45:00+00:00,8213,7.299999999759166,7.211936837257221,0,0,0
2025-12-15 08:00:00+00:00,8213,6.900000000086948,7.181491371949507,0,0,0
2025-12-15 08:15:00+00:00,8213,6.699999999909778,7.021552801250016,0,0,0
2025-12-15 08:30:00+00:00,8213,7.200000000239015,6.656247220643101,0,0,0
2025-12-15 08:45:00+00:00,8213,6.499999999732609,6.546177951179942,0,0,0
2025-12-15 09:00:00+00:00,8213,6.80000000011205,6.576419244894634,0,0,0
2025-12-15 09:15:00+00:00,8213,7.2000000000116415,6.603354829076485,0,0,0
2025-12-15 09:30:00+00:00,8213,6.699999999909778,6.52542725965697,0,0,0
2025-12-15 09:45:00+00:00,8213,6.200000000035288,6.456549219445774,0,0,0
2025-12-15 10:00:00+00:00,8213,6.59999999993488,6.375363736387971,0,0,0
2025-12-15 10:15:00+00:00,8213,6.80000000011205,6.331782192887919,0,0,0
2025-12-15 10:30:00+00:00,8213,6.499999999959982,6.27319845322571,0,0,0
2025-12-15 10:45:00+00:00,8213,5.9000000001105946,6.144544893112116,0,0,0
2025-12-15 11:00:00+00:00,8213,6.099999999833017,6.032197525848941,0,0,0
2025-12-15 11:15:00+00:00,8213,5.9000000001105946,5.96071772650833,0,0,0
2025-12-15 11:30:00+00:00,8213,5.800000000135697,5.813711841689043,0,0,0
2025-12-15 11:45:00+00:00,8213,4.899999999906868,5.664350450501393,0,0,0
2025-12-15 12:00:00+00:00,8213,4.79999999993197,5.4768196215905816,0,0,0
2025-12-15 12:15:00+00:00,8213,6.600000000162254,5.2683422418932615,0,0,0
2025-12-15 12:30:00+00:00,8213,6.399999999757711,5.291639883123093,0,0,0
2025-12-15 12:45:00+00:00,8213,5.200000000058935,5.181748809223311,0,0,0
2025-12-15 13:00:00+00:00,8213,5.000000000109139,5.038982212442366,0,0,0
2025-12-15 13:15:00+00:00,8213,4.79999999993197,4.866911796856678,0,0,0
2025-12-15 13:30:00+00:00,8213,4.899999999906868,4.759562477457827,0,0,0
2025-12-15 13:45:00+00:00,8213,4.900000000134241,4.630982689268428,0,0,0
2025-12-15 14:00:00+00:00,8213,4.899999999906868,4.572097367902021,0,0,0
2025-12-15 14:15:00+00:00,8213,5.100000000084037,4.797559434344134,0,0,0
2025-12-15 14:30:00+00:00,8213,5.499999999983629,4.878770893431584,0,0,0
2025-12-15 14:45:00+00:00,8213,5.300000000033833,4.961406098703971,0,0,0
2025-12-15 15:00:00+00:00,8213,5.199999999831562,5.062440905056006,0,0,0
2025-12-15 15:15:00+00:00,8213,4.900000000134241,5.12167794186383,0,0,0
2025-12-15 15:30:00+00:00,8213,5.100000000084037,5.198131111840597,0,0,0
2025-12-15 15:45:00+00:00,8213,5.29999999980646,5.217857828274896,0,0,0
2025-12-15 16:00:00+00:00,8213,4.800000000159344,5.251741740626944,0,0,0
2025-12-15 16:15:00+00:00,8213,5.400000000008731,5.268454718101632,0,0,0
2025-12-15 16:30:00+00:00,8213,5.499999999983629,5.352865644760668,0,0,0
2025-12-15 16:45:00+00:00,8213,5.400000000008731,5.347066755902338,0,0,0
2025-12-15 17:00:00+00:00,8213,5.599999999958527,5.36284199870678,0,0,0
2025-12-15 17:15:00+00:00,8213,5.799999999908323,5.367291432824963,0,0,0
2025-12-15 17:30:00+00:00,8213,5.700000000160799,5.482294849119514,0,0,0
2025-12-15 17:45:00+00:00,8213,5.3999999997813575,5.490640427924406,0,0,0
2025-12-15 18:00:00+00:00,8213,5.700000000160799,5.471528304351548,0,0,0
2025-12-15 18:15:00+00:00,8213,5.499999999983629,5.52728403366612,0,0,0
2025-12-15 18:30:00+00:00,8213,5.300000000033833,5.607893628146657,0,0,0
2025-12-15 18:45:00+00:00,8213,5.699999999933425,5.569515602905433,0,0,0
2025-12-15 19:00:00+00:00,8213,5.799999999908323,5.580085768889269,0,0,0
2025-12-15 19:15:00+00:00,8213,5.300000000261207,5.602915581825163,0,0,0
2025-12-15 19:30:00+00:00,8213,5.799999999908323,5.66453228270892,0,0,0
2025-12-15 19:45:00+00:00,8213,6.0000000000854925,5.616778469327015,0,0,0
2025-12-15 20:00:00+00:00,8213,5.599999999731153,5.646271133867288,0,0,0
2025-12-15 20:15:00+00:00,8213,5.800000000135697,5.397196856476323,0,0,0
2025-12-15 20:30:00+00:00,8213,5.800000000135697,5.511412160031392,0,0,0
2025-12-15 20:45:00+00:00,8213,5.599999999731153,5.535468301326906,0,0,0
2025-12-15 21:00:00+00:00,8213,5.300000000261207,5.417967549542123,0,0,0
2025-12-15 21:15:00+00:00,8213,5.799999999908323,4.99283787385737,1,0,1
2025-12-15 21:30:00+00:00,8213,6.0000000000854925,5.269250883410304,1,0,1
2025-12-15 21:45:00+00:00,8213,5.799999999908323,4.367320273627874,1,0,1
2025-12-15 22:00:00+00:00,8213,5.599999999958527,2.7173039079676866,1,0,1
2025-12-15 22:15:00+00:00,8213,2.7000000000043656,2.59758662157315,0,0,0
2025-12-15 22:30:00+00:00,8213,1.3000000001284209,1.7331214686697962,0,0,0
2025-12-15 22:45:00+00:00,8213,1.8999999997504349,1.7506964160420095,0,0,0
2025-12-15 23:00:00+00:00,8213,2.6000000002568413,2.370420527586214,0,0,0
2025-12-15 23:15:00+00:00,8213,2.599999999802094,2.8912058934037628,0,0,0
2025-12-15 23:30:00+00:00,8213,2.7000000000043656,2.8717542631234227,0,0,0
2025-12-15 23:45:00+00:00,8213,2.099999999927604,2.7914885263353337,0,0,0
2025-12-16 00:00:00+00:00,8213,2.400000000079672,2.7126993969525124,0,0,0
2025-12-16 00:15:00+00:00,8213,2.900000000181535,2.6485828279156305,0,0,0
2025-12-16 00:30:00+00:00,8213,2.7000000000043656,2.664737255812841,0,0,0
2025-12-16 00:45:00+00:00,8213,2.499999999827196,2.676728635318722,0,0,0
2025-12-16 01:00:00+00:00,8213,2.5000000000545697,2.576255690487945,0,0,0
2025-12-16 01:15:00+00:00,8213,2.600000000029468,2.5774111692267043,0,0,0
2025-12-16 01:30:00+00:00,8213,2.499999999827196,2.592835605750768,0,0,0
2025-12-16 01:45:00+00:00,8213,2.5000000000545697,2.617714407905194,0,0,0
2025-12-16 02:00:00+00:00,8213,2.7000000000043656,2.639378416630544,0,0,0
2025-12-16 02:15:00+00:00,8213,2.899999999954161,2.64827884342869,0,0,0
2025-12-16 02:30:00+00:00,8213,2.7000000000043656,2.6539373318467794,0,0,0
2025-12-16 02:45:00+00:00,8213,2.7000000000043656,2.67901465580778,0,0,0
2025-12-16 03:00:00+00:00,8213,2.70000000023174,2.7109354946593527,0,0,0
2025-12-16 03:15:00+00:00,8213,2.499999999827196,2.7250309975066918,0,0,0
2025-12-16 03:30:00+00:00,8213,2.7999999999792635,2.730604024787243,0,0,0
2025-12-16 03:45:00+00:00,8213,3.8999999999305146,3.1651129953766786,0,0,0
2025-12-16 04:00:00+00:00,8213,12.20000000012078,7.53475810185636,0,0,0
2025-12-16 04:15:00+00:00,8213,7.800000000088403,8.74933334710324,0,0,0
2025-12-16 04:30:00+00:00,8213,6.59999999993488,6.889607039138998,0,0,0
2025-12-16 04:45:00+00:00,8213,6.300000000010186,6.263737463707788,0,0,0
2025-12-16 05:00:00+00:00,8213,6.300000000010186,6.102782710728519,0,0,0
2025-12-16 05:15:00+00:00,8213,6.300000000010186,6.409171019452561,0,0,0
2025-12-16 05:30:00+00:00,8213,6.200000000035288,6.266897187954013,0,0,0
2025-12-16 05:45:00+00:00,8213,6.300000000010186,6.22213269606385,0,0,0
2025-12-16 06:00:00+00:00,8213,6.59999999993488,6.322371596867511,0,0,0
2025-12-16 06:15:00+00:00,8213,6.1000000000603904,6.167336261524131,0,0,0
2025-12-16 06:30:00+00:00,8213,6.300000000010186,6.121835608953782,0,0,0
2025-12-16 06:45:00+00:00,8213,6.499999999959982,6.143744831398996,0,0,0
2025-12-16 07:00:00+00:00,8213,6.300000000010186,6.25248153054128,0,0,0
2025-12-16 07:15:00+00:00,8213,6.499999999959982,6.1946235611474005,0,0,0
2025-12-16 07:30:00+00:00,8213,6.300000000010186,6.286563120478938,0,0,0
2025-12-16 07:45:00+00:00,8213,6.80000000011205,6.316384641554539,0,0,0
2025-12-16 08:00:00+00:00,8213,6.399999999985084,6.353235276252537,0,0,0
2025-12-16 08:15:00+00:00,8213,6.59999999993488,6.228166408230187,0,0,0
2025-12-16 08:30:00+00:00,8213,6.59999999993488,5.95718498647638,0,0,0
2025-12-16 08:45:00+00:00,8213,6.700000000137152,5.892372194904892,0,0,0
2025-12-16 09:00:00+00:00,8213,6.499999999732609,6.00516479131621,0,0,0
2025-12-16 09:15:00+00:00,8213,6.700000000137152,6.05111171207589,0,0,0
2025-12-16 09:30:00+00:00,8213,6.700000000137152,6.017021550048447,0,0,0
2025-12-16 09:45:00+00:00,8213,5.799999999908323,6.028407623123487,0,0,0
2025-12-16 10:00:00+00:00,8213,5.799999999908323,5.960600314854327,0,0,0
2025-12-16 10:15:00+00:00,8213,5.9000000001105946,5.912911701306836,0,0,0
2025-12-16 10:30:00+00:00,8213,5.599999999958527,5.710342050032066,0,0,0
2025-12-16 10:45:00+00:00,8213,5.300000000033833,5.49618319313042,0,0,0
2025-12-16 11:00:00+00:00,8213,5.29999999980646,5.332511866970697,0,0,0
2025-12-16 11:15:00+00:00,8213,5.300000000261207,5.232637669623276,0,0,0
2025-12-16 11:30:00+00:00,8213,5.29999999980646,5.106268181796516,0,0,0
2025-12-16 11:45:00+00:00,8213,5.100000000084037,5.00875442626309,0,0,0
2025-12-16 12:00:00+00:00,8213,4.79999999993197,4.896008846465433,0,0,0
2025-12-16 12:15:00+00:00,8213,5.000000000109139,4.759558061532786,0,0,0
2025-12-16 12:30:00+00:00,8213,4.699999999957072,4.673343878895677,0,0,0
2025-12-16 12:45:00+00:00,8213,4.699999999957072,4.450367458730458,0,0,0
2025-12-16 13:00:00+00:00,8213,4.400000000032378,4.302118620892576,0,0,0
2025-12-16 13:15:00+00:00,8213,4.30000000005748,4.147796067802702,0,0,0
2025-12-16 13:30:00+00:00,8213,4.199999999855208,4.055504273509154,0,0,0
2025-12-16 13:45:00+00:00,8213,4.000000000132786,4.10391528044112,0,0,0
2025-12-16 14:00:00+00:00,8213,3.7999999999556167,4.021133570361526,0,0,0
2025-12-16 14:15:00+00:00,8213,3.8999999999305146,3.959996646745344,0,0,0
2025-12-16 14:30:00+00:00,8213,4.000000000132786,3.953316650961397,0,0,0
2025-12-16 14:45:00+00:00,8213,3.8999999999305146,3.899204684802869,0,0,0
2025-12-16 15:00:00+00:00,8213,3.8999999999305146,3.768744232067049,0,0,0
2025-12-16 15:15:00+00:00,8213,4.200000000082582,3.708791295882163,0,0,0
2025-12-16 15:30:00+00:00,8213,4.400000000032378,4.098235881319165,0,0,0
2025-12-16 15:45:00+00:00,8213,4.699999999957072,4.318309220411069,0,0,0
2025-12-16 16:00:00+00:00,8213,4.900000000134241,4.443356528328813,0,0,0
2025-12-16 16:15:00+00:00,8213,4.999999999881766,4.602512701015344,0,0,0
2025-12-16 16:30:00+00:00,8213,5.200000000058935,4.804867011004344,0,0,0
2025-12-16 16:45:00+00:00,8213,5.29999999980646,4.893641391123432,0,0,0
2025-12-16 17:00:00+00:00,8213,5.200000000058935,4.999543845670964,0,0,0
2025-12-16 17:15:00+00:00,8213,5.300000000033833,5.088381867062686,0,0,0
2025-12-16 17:30:00+00:00,8213,5.100000000084037,5.10597231481884,0,0,0
2025-12-16 17:45:00+00:00,8213,5.29999999980646,5.037384426858797,0,0,0
2025-12-16 18:00:00+00:00,8213,5.100000000084037,5.003229324757237,0,0,0
2025-12-16 18:15:00+00:00,8213,5.000000000109139,4.995369497706738,0,0,0
2025-12-16 18:30:00+00:00,8213,5.599999999958527,5.06949677398894,0,0,0
2025-12-16 18:45:00+00:00,8213,5.000000000109139,5.064099994069541,0,0,0
2025-12-16 19:00:00+00:00,8213,5.199999999831562,5.043717382886663,0,0,0
2025-12-16 19:45:00+00:00,8213,5.000000000109139,5.060821819128128,0,0,0
2025-12-16 20:00:00+00:00,8213,5.099999999856664,5.158589879991793,0,0,0
2025-12-16 20:15:00+00:00,8213,5.100000000084037,4.8472323567963365,0,0,0
2025-12-16 20:30:00+00:00,8213,5.599999999958527,4.943853835711398,0,0,0
2025-12-16 20:45:00+00:00,8213,5.400000000008731,5.257717266486871,0,0,0
2025-12-16 21:00:00+00:00,8213,5.100000000084037,5.293115061846729,0,0,0
2025-12-16 21:15:00+00:00,8213,5.699999999933425,4.803705362958543,0,0,0
2025-12-16 21:30:00+00:00,8213,5.499999999983629,5.049629786994549,0,0,0
2025-12-16 21:45:00+00:00,8213,5.300000000033833,5.0130869682478645,0,0,0
2025-12-16 22:00:00+00:00,8213,5.400000000008731,3.326593503195998,0,0,0
2025-12-16 22:15:00+00:00,8213,2.2999999998774,2.284739275667344,0,0,0
2025-12-16 22:30:00+00:00,8213,1.3000000001284209,1.1972134732932642,0,0,0
2025-12-16 22:45:00+00:00,8213,1.099999999951251,1.2715432976666363,0,0,0
2025-12-16 23:00:00+00:00,8213,1.8999999999778083,1.6517609538478517,0,0,0
2025-12-16 23:15:00+00:00,8213,2.200000000129876,2.1915646535362154,0,0,0
2025-12-16 23:30:00+00:00,8213,2.2999999998774,2.448483172359891,0,0,0
2025-12-16 23:45:00+00:00,8213,2.400000000079672,2.426775848605105,0,0,0
2025-12-17 00:00:00+00:00,8213,2.399999999852298,2.3566225801584784,0,0,0
2025-12-17 00:15:00+00:00,8213,2.100000000154978,2.2006658750435304,0,0,0
2025-12-17 00:30:00+00:00,8213,1.8999999999778083,2.103839023144076,0,0,0
2025-12-17 00:45:00+00:00,8213,2.099999999927604,2.129956881912649,0,0,0
2025-12-17 01:00:00+00:00,8213,2.099999999927604,2.228922502683102,0,0,0
2025-12-17 01:15:00+00:00,8213,2.200000000129876,2.23127287878561,0,0,0
2025-12-17 01:30:00+00:00,8213,2.2999999998774,2.2598406992603493,0,0,0
2025-12-17 01:45:00+00:00,8213,2.200000000129876,2.319318144222553,0,0,0
2025-12-17 02:00:00+00:00,8213,2.2999999998774,2.3516312860618647,0,0,0
2025-12-17 02:15:00+00:00,8213,2.200000000129876,2.372710054839274,0,0,0
2025-12-17 02:30:00+00:00,8213,2.399999999852298,2.386138623125434,0,0,0
2025-12-17 02:45:00+00:00,8213,2.200000000129876,2.4138997904695314,0,0,0
2025-12-17 03:00:00+00:00,8213,2.5000000000545697,2.441038377323072,0,0,0
2025-12-17 03:15:00+00:00,8213,2.400000000079672,2.468677457327831,0,0,0
2025-12-17 03:30:00+00:00,8213,2.499999999827196,2.488731406795604,0,0,0
2025-12-17 03:45:00+00:00,8213,3.999999999905413,2.8476238303831183,0,0,0
2025-12-17 04:00:00+00:00,8213,11.700000000018916,7.511507996760782,0,0,0
2025-12-17 04:15:00+00:00,8213,7.500000000163709,8.500242445053301,0,0,0
2025-12-17 04:30:00+00:00,8213,6.699999999909778,6.760182510465487,0,0,0
2025-12-17 04:45:00+00:00,8213,6.300000000010186,6.326952729456004,0,0,0
2025-12-17 05:00:00+00:00,8213,6.200000000035288,6.157787473026003,0,0,0
2025-12-17 05:15:00+00:00,8213,6.499999999959982,6.312061710700736,0,0,0
2025-12-17 05:30:00+00:00,8213,6.399999999985084,6.219321050614893,0,0,0
2025-12-17 05:45:00+00:00,8213,6.59999999993488,6.20289796563106,0,0,0
2025-12-17 06:00:00+00:00,8213,6.500000000187356,6.287234341085009,0,0,0
2025-12-17 06:15:00+00:00,8213,6.59999999993488,6.162458482677074,0,0,0
2025-12-17 06:30:00+00:00,8213,6.699999999909778,6.167244825899775,0,0,0
2025-12-17 06:45:00+00:00,8213,6.1000000000603904,6.215931178745997,0,0,0
2025-12-17 07:00:00+00:00,8213,6.600000000162254,6.278088700566999,0,0,0
2025-12-17 07:15:00+00:00,8213,6.799999999884676,6.282793479056609,0,0,0
2025-12-17 07:30:00+00:00,8213,6.300000000010186,6.351167064772067,0,0,0
2025-12-17 07:45:00+00:00,8213,6.59999999993488,6.350738460282896,0,0,0
2025-12-17 08:00:00+00:00,8213,6.80000000011205,6.334422916061802,0,0,0
2025-12-17 08:15:00+00:00,8213,6.59999999993488,6.309184605657066,0,0,0
2025-12-17 08:30:00+00:00,8213,6.699999999909778,6.113743556198241,0,0,0
2025-12-17 08:45:00+00:00,8213,6.400000000212458,6.054457944214979,0,0,0
2025-12-17 09:00:00+00:00,8213,5.899999999883221,6.014330173616752,0,0,0
2025-12-17 09:15:00+00:00,8213,5.9000000001105946,5.952444361065856,0,0,0
2025-12-17 09:30:00+00:00,8213,6.199999999807915,5.837572643241614,0,0,0
2025-12-17 09:45:00+00:00,8213,6.200000000035288,5.795584988920684,0,0,0
2025-12-17 10:00:00+00:00,8213,5.700000000160799,5.740021222465202,0,0,0
2025-12-17 10:15:00+00:00,8213,5.499999999756255,5.637590983800546,0,0,0
2025-12-17 10:30:00+00:00,8213,4.900000000134241,5.498326215576272,0,0,0
2025-12-17 10:45:00+00:00,8213,4.500000000007276,5.112868431169446,0,0,0
2025-12-17 11:00:00+00:00,8213,4.500000000007276,5.061760073318967,0,0,0
2025-12-17 11:15:00+00:00,8213,4.999999999881766,5.0204935135810285,0,0,0
2025-12-17 11:30:00+00:00,8213,5.000000000109139,4.952668801372006,0,0,0
2025-12-17 11:45:00+00:00,8213,5.000000000109139,4.824422285642974,0,0,0
2025-12-17 12:00:00+00:00,8213,5.099999999856664,4.697561591095594,0,0,0
2025-12-17 12:15:00+00:00,8213,4.900000000134241,4.656537647474557,0,0,0
2025-12-17 12:30:00+00:00,8213,4.299999999830106,4.50667310059265,0,0,0
2025-12-17 12:45:00+00:00,8213,4.599999999982174,4.333083866553521,0,0,0
2025-12-17 13:00:00+00:00,8213,4.100000000107684,4.218832456317243,0,0,0
2025-12-17 13:15:00+00:00,8213,4.099999999880311,4.103266139460249,0,0,0
2025-12-17 13:30:00+00:00,8213,3.700000000208093,4.003762620055887,0,0,0
2025-12-17 13:45:00+00:00,8213,4.099999999880311,3.814734143155795,0,0,0
2025-12-17 14:00:00+00:00,8213,3.999999999905413,4.002087945424564,0,0,0
2025-12-17 14:15:00+00:00,8213,4.000000000132786,4.08544372575935,0,0,0
2025-12-17 14:30:00+00:00,8213,3.8999999999305146,4.118625506030048,0,0,0
2025-12-17 14:45:00+00:00,8213,4.30000000005748,4.142627357423601,0,0,0
2025-12-17 15:00:00+00:00,8213,4.500000000007276,4.132957001106727,0,0,0
2025-12-17 15:15:00+00:00,8213,4.099999999880311,4.189778786677999,0,0,0
2025-12-17 15:30:00+00:00,8213,4.400000000032378,4.23599326054304,0,0,0
2025-12-17 15:45:00+00:00,8213,3.999999999905413,4.261001683085404,0,0,0
2025-12-17 16:00:00+00:00,8213,4.000000000132786,4.2221992095197525,0,0,0
2025-12-17 16:15:00+00:00,8213,4.199999999855208,4.213249428265277,0,0,0
2025-12-17 16:30:00+00:00,8213,4.200000000082582,4.29618855308453,0,0,0
2025-12-17 16:45:00+00:00,8213,4.100000000107684,4.304432565613504,0,0,0
2025-12-17 17:00:00+00:00,8213,4.099999999880311,4.267249957256621,0,0,0
2025-12-17 17:15:00+00:00,8213,4.100000000107684,4.24681019880852,0,0,0
2025-12-17 17:30:00+00:00,8213,4.199999999855208,4.336146700209163,0,0,0
2025-12-17 17:45:00+00:00,8213,4.000000000132786,4.366139403320135,0,0,0
2025-12-17 18:00:00+00:00,8213,4.100000000107684,4.446176226346962,0,0,0
2025-12-17 18:15:00+00:00,8213,4.099999999880311,4.414961610801409,0,0,0
2025-12-17 18:30:00+00:00,8213,4.500000000007276,4.431553799738241,0,0,0
2025-12-17 18:45:00+00:00,8213,4.199999999855208,4.36270251483758,0,0,0
2025-12-17 19:00:00+00:00,8213,4.000000000132786,4.309181503353514,0,0,0
2025-12-17 19:15:00+00:00,8213,4.199999999855208,4.294400103443355,0,0,0
2025-12-17 19:30:00+00:00,8213,3.900000000157888,4.351320597927284,0,0,0
2025-12-17 19:45:00+00:00,8213,5.400000000008731,4.222593785410085,0,0,0
2025-12-17 20:00:00+00:00,8213,5.000000000109139,4.348675978348954,0,0,0
2025-12-17 20:15:00+00:00,8213,4.099999999880311,4.357793045234353,0,0,0
2025-12-17 20:30:00+00:00,8213,4.100000000107684,4.537969280871294,0,0,0
2025-12-17 20:45:00+00:00,8213,4.199999999855208,4.47328559016715,0,0,0
2025-12-17 21:00:00+00:00,8213,4.200000000082582,4.500391317343189,0,0,0
2025-12-17 21:15:00+00:00,8213,5.29999999980646,4.350751982638318,0,0,0
2025-12-17 21:30:00+00:00,8213,4.800000000159344,4.632866990458999,0,0,0
2025-12-17 21:45:00+00:00,8213,4.599999999982174,4.5549656568294274,0,0,0
2025-12-17 22:00:00+00:00,8213,4.30000000005748,2.212318429712708,0,0,0
2025-12-17 22:15:00+00:00,8213,2.899999999954161,1.5665558587874242,0,0,0
2025-12-17 22:30:00+00:00,8213,1.099999999951251,1.3052402800153395,0,0,0
2025-12-17 22:45:00+00:00,8213,1.2000000001535227,1.1891723984959048,0,0,0
2025-12-17 23:00:00+00:00,8213,1.4999999998508429,1.5094470543235745,0,0,0
2025-12-17 23:15:00+00:00,8213,1.7000000000280124,2.031074579257288,0,0,0
2025-12-17 23:30:00+00:00,8213,1.8000000000029104,2.153982339023144,0,0,0
2025-12-17 23:45:00+00:00,8213,1.9999999999527065,2.143435129355508,0,0,0
2025-12-18 00:00:00+00:00,8213,2.099999999927604,2.2016944933475027,0,0,0
2025-12-18 00:15:00+00:00,8213,2.100000000154978,2.160289708661808,0,0,0
2025-12-18 00:30:00+00:00,8213,1.8999999999778083,2.135008407928006,0,0,0
2025-12-18 00:45:00+00:00,8213,2.199999999902502,2.2748205885070467,0,0,0
2025-12-18 01:00:00+00:00,8213,2.100000000154978,2.295772918960151,0,0,0
2025-12-18 01:15:00+00:00,8213,1.9999999999527065,2.253343931895524,0,0,0
2025-12-18 01:30:00+00:00,8213,1.8000000000029104,2.2426345343927814,0,0,0
2025-12-18 01:45:00+00:00,8213,1.9999999999527065,2.283619903609793,0,0,0
2025-12-18 02:00:00+00:00,8213,2.2999999998774,2.317201097806346,0,0,0
2025-12-18 02:15:00+00:00,8213,2.300000000104774,2.328968888637044,0,0,0
2025-12-18 02:30:00+00:00,8213,2.300000000104774,2.3379513347487992,0,0,0
2025-12-18 02:45:00+00:00,8213,2.5000000000545697,2.416612142545166,0,0,0
2025-12-18 03:00:00+00:00,8213,2.399999999852298,2.4452305188676053,0,0,0
2025-12-18 03:15:00+00:00,8213,2.2999999998774,2.479026307539077,0,0,0
2025-12-18 03:30:00+00:00,8213,2.400000000079672,2.4846162192388994,0,0,0
2025-12-18 03:45:00+00:00,8213,3.500000000030923,3.252468564756464,0,0,0
2025-12-18 04:00:00+00:00,8213,10.89999999999236,7.454311377081709,0,0,0
2025-12-18 04:15:00+00:00,8213,7.2999999999865395,8.284809204137188,0,0,0
2025-12-18 04:30:00+00:00,8213,6.0000000000854925,6.517075446604963,0,0,0
2025-12-18 04:45:00+00:00,8213,5.499999999983629,5.873808165557579,0,0,0
2025-12-18 05:00:00+00:00,8213,5.9000000001105946,5.649307731732987,0,0,0
2025-12-18 05:15:00+00:00,8213,5.599999999731153,5.71215491714111,0,0,0
2025-12-18 05:30:00+00:00,8213,5.100000000084037,5.582356853161279,0,0,0
2025-12-18 05:45:00+00:00,8213,5.699999999933425,5.4979680061274445,0,0,0
2025-12-18 06:00:00+00:00,8213,5.9000000001105946,5.579968357235265,0,0,0
2025-12-18 06:15:00+00:00,8213,5.499999999983629,5.448342619809495,0,0,0
2025-12-18 06:30:00+00:00,8213,5.799999999908323,5.399006086941216,0,0,0
2025-12-18 06:45:00+00:00,8213,5.499999999983629,5.437625429497858,0,0,0
2025-12-18 07:00:00+00:00,8213,5.400000000008731,5.541556303395204,0,0,0
2025-12-18 07:15:00+00:00,8213,5.400000000008731,5.425671520414742,0,0,0
2025-12-18 07:30:00+00:00,8213,5.600000000185901,5.4351467967489695,0,0,0
2025-12-18 07:45:00+00:00,8213,5.29999999980646,5.449019555142088,0,0,0
2025-12-18 08:00:00+00:00,8213,5.300000000261207,5.373573735595018,0,0,0
2025-12-18 08:15:00+00:00,8213,5.199999999831562,5.260257462426022,0,0,0
2025-12-18 08:30:00+00:00,8213,5.300000000033833,4.745585035665233,0,0,0
2025-12-18 08:45:00+00:00,8213,5.200000000058935,4.780727226893367,0,0,0
2025-12-18 09:00:00+00:00,8213,4.899999999906868,4.991951311965528,0,0,0
2025-12-18 09:15:00+00:00,8213,5.100000000084037,4.950547079270463,0,0,0
2025-12-18 09:30:00+00:00,8213,7.09999999980937,4.883214872583542,0,0,0
2025-12-18 09:45:00+00:00,8213,6.400000000212458,4.982965943550438,0,0,0
2025-12-18 10:00:00+00:00,8213,5.099999999856664,5.025679627899993,0,0,0
2025-12-18 10:15:00+00:00,8213,4.000000000132786,4.790853722290837,0,0,0
2025-12-18 10:30:00+00:00,8213,4.299999999830106,4.632884913919456,0,0,0
2025-12-18 10:45:00+00:00,8213,4.200000000082582,4.558785691749272,0,0,0
2025-12-18 11:00:00+00:00,8213,4.100000000107684,4.516147337885692,0,0,0
2025-12-18 11:15:00+00:00,8213,4.199999999855208,4.327158993951404,0,0,0
2025-12-18 11:30:00+00:00,8213,4.200000000082582,4.261297290302783,0,0,0
2025-12-18 11:45:00+00:00,8213,4.199999999855208,3.987732812160907,0,0,0
2025-12-18 12:00:00+00:00,8213,3.8000000001829903,3.812878805238279,0,0,0
2025-12-18 12:15:00+00:00,8213,3.399999999828651,3.800481225568797,0,0,0
2025-12-18 12:30:00+00:00,8213,3.900000000157888,3.750307225504709,0,0,0
2025-12-18 12:45:00+00:00,8213,3.6000000000058208,3.731751248726587,0,0,0
2025-12-18 13:00:00+00:00,8213,3.699999999980719,3.631025297367051,0,0,0
2025-12-18 13:15:00+00:00,8213,3.2999999998537533,3.565140345171896,0,0,0
2025-12-18 13:30:00+00:00,8213,3.200000000106229,3.5529520024212182,0,0,0
2025-12-18 13:45:00+00:00,8213,2.899999999954161,3.431764992269271,0,0,0
2025-12-18 14:00:00+00:00,8213,2.7999999999792635,3.3096519366604187,0,0,0
2025-12-18 14:15:00+00:00,8213,2.5000000000545697,3.2171432425193203,0,0,0
2025-12-18 14:30:00+00:00,8213,3.000000000156433,3.1852885776032727,0,0,0
2025-12-18 14:45:00+00:00,8213,3.199999999878856,3.09819380756114,0,0,0
2025-12-18 15:00:00+00:00,8213,3.2999999998537533,3.0372732642719145,0,0,0
2025-12-18 15:15:00+00:00,8213,3.400000000056025,3.07600923920167,0,0,0
2025-12-18 15:30:00+00:00,8213,3.700000000208093,3.1833237507207963,0,0,0
2025-12-18 15:45:00+00:00,8213,3.399999999828651,3.3823318285707065,0,0,0
2025-12-18 16:00:00+00:00,8213,3.699999999980719,3.4516026263501614,0,0,0
2025-12-18 16:15:00+00:00,8213,3.500000000030923,3.592938723178462,0,0,0
2025-12-18 16:30:00+00:00,8213,3.6000000000058208,3.765571260045704,0,0,0
2025-12-18 16:45:00+00:00,8213,3.500000000030923,3.896716181162715,0,0,0
2025-12-18 17:00:00+00:00,8213,3.2999999998537533,3.902234399020712,0,0,0
2025-12-18 17:15:00+00:00,8213,3.100000000131331,3.8835032139226233,0,0,0
2025-12-18 17:30:00+00:00,8213,3.199999999878856,3.8989873953148746,0,0,0
2025-12-18 17:45:00+00:00,8213,3.400000000056025,3.774987181152189,0,0,0
2025-12-18 18:00:00+00:00,8213,3.400000000056025,3.6445116623191742,0,0,0
2025-12-18 18:15:00+00:00,8213,3.8999999999305146,3.564743950959487,0,0,0
2025-12-18 18:30:00+00:00,8213,3.300000000081127,3.6828181235987216,0,0,0
2025-12-18 18:45:00+00:00,8213,3.500000000030923,3.542033757640116,0,0,0
2025-12-18 19:00:00+00:00,8213,3.400000000056025,3.491574670650655,0,0,0
2025-12-18 19:15:00+00:00,8213,3.7999999999556167,3.510026613430042,0,0,0
2025-12-18 19:30:00+00:00,8213,3.6000000000058208,3.681140591604137,0,0,0
2025-12-18 19:45:00+00:00,8213,3.699999999980719,3.5928094924309706,0,0,0
2025-12-18 20:00:00+00:00,8213,3.699999999980719,3.575493091787589,0,0,0
2025-12-18 20:15:00+00:00,8213,4.500000000007276,3.434695478053864,0,0,0
2025-12-18 20:30:00+00:00,8213,3.8999999999305146,3.612101370128984,0,0,0
2025-12-18 20:45:00+00:00,8213,3.6000000000058208,3.747324008379933,0,0,0
2025-12-18 21:00:00+00:00,8213,3.699999999980719,3.717233245757045,0,0,0
2025-12-18 21:15:00+00:00,8213,3.500000000030923,3.5897004214425565,0,0,0
2025-12-18 21:30:00+00:00,8213,3.999999999905413,3.6367806763757216,0,0,0
2025-12-18 21:45:00+00:00,8213,3.6000000000058208,3.59073907298798,0,0,0
2025-12-18 22:00:00+00:00,8213,3.5000000002582965,2.473095200689846,0,0,0
2025-12-18 22:15:00+00:00,8213,0.0,1.3866502609093652,0,0,0
2025-12-18 22:30:00+00:00,8213,0.0,0.3736820926886595,0,0,0
2025-12-18 22:45:00+00:00,8213,0.0,0.2176247304588303,0,0,0
2025-12-18 23:00:00+00:00,8213,0.0,0.1406038543541339,0,0,0
2025-12-18 23:15:00+00:00,8213,0.0,0.0903753046277875,0,0,0
2025-12-18 23:30:00+00:00,8213,0.0,0.0921506363739914,0,0,0
2025-12-18 23:45:00+00:00,8213,0.0,0.0756228679906838,0,0,0
2025-12-19 00:00:00+00:00,8213,0.0,0.0678487618380188,0,0,0
2025-12-19 00:15:00+00:00,8213,0.0,0.0516647862070855,0,0,0
2025-12-19 00:30:00+00:00,8213,0.0,0.0377341012678553,0,0,0
2025-12-19 00:45:00+00:00,8213,0.0,0.0441164117520502,0,0,0
2025-12-19 01:00:00+00:00,8213,0.0,0.0484403816470402,0,0,0
2025-12-19 01:15:00+00:00,8213,0.0,0.0492399238395657,0,0,0
2025-12-19 01:30:00+00:00,8213,0.0,0.0494407185487348,0,0,0
2025-12-19 01:45:00+00:00,8213,0.0,0.0511160425807988,0,0,0
2025-12-19 02:00:00+00:00,8213,0.0,0.0526853844119044,0,0,0
2025-12-19 02:15:00+00:00,8213,0.0,0.0528592939303891,0,0,0
2025-12-19 02:30:00+00:00,8213,0.0,0.052479914017399,0,0,0
2025-12-19 02:45:00+00:00,8213,0.0,0.0612135747052133,0,0,0
2025-12-19 03:00:00+00:00,8213,0.0,0.0747187722788305,0,0,0
2025-12-19 03:15:00+00:00,8213,0.0,0.0840363741131027,0,0,0
2025-12-19 03:30:00+00:00,8213,0.0,0.0851981520390514,0,0,0
2025-12-19 03:45:00+00:00,8213,3.199999999878856,0.1037030859189176,0,0,0
2025-12-19 04:00:00+00:00,8213,9.000000000014552,8.293932505269703,0,0,0
2025-12-19 04:15:00+00:00,8213,7.899999999835927,7.464998954719547,0,0,0
2025-12-19 04:30:00+00:00,8213,4.7000000001844455,5.803087385803245,0,0,0
2025-12-19 04:45:00+00:00,8213,4.099999999880311,4.648484558763487,0,0,0
2025-12-19 05:00:00+00:00,8213,3.500000000030923,4.4283195242869295,0,0,0
2025-12-19 05:15:00+00:00,8213,3.699999999980719,4.435017443531332,0,0,0
2025-12-19 05:30:00+00:00,8213,3.400000000056025,4.100167978404286,0,0,0
2025-12-19 05:45:00+00:00,8213,4.000000000132786,3.9836782136933526,0,0,0
2025-12-19 06:00:00+00:00,8213,3.6000000000058208,3.961407664675753,0,0,0
2025-12-19 06:45:00+00:00,8213,3.8999999999305146,3.892325972392126,0,0,0
2025-12-19 07:00:00+00:00,8213,3.699999999980719,3.833600273727898,0,0,0
2025-12-19 07:15:00+00:00,8213,3.699999999980719,3.784082558052834,0,0,0
2025-12-19 07:30:00+00:00,8213,3.6000000000058208,3.802992328354744,0,0,0
2025-12-19 07:45:00+00:00,8213,3.500000000030923,3.7361773044180886,0,0,0
2025-12-19 08:00:00+00:00,8213,3.8999999999305146,3.686290339481596,0,0,0
2025-12-19 08:15:00+00:00,8213,3.6000000000058208,3.83178338033426,0,0,0
2025-12-19 08:30:00+00:00,8213,3.300000000081127,3.665948900305709,0,0,0
2025-12-19 08:45:00+00:00,8213,3.7999999999556167,3.5082405016315352,0,0,0
2025-12-19 09:00:00+00:00,8213,3.6000000000058208,3.5112974906805072,0,0,0
2025-12-19 09:15:00+00:00,8213,3.7999999999556167,3.803013498818906,0,0,0
2025-12-19 09:30:00+00:00,8213,4.000000000132786,3.969575567437861,0,0,0
2025-12-19 09:45:00+00:00,8213,3.399999999828651,3.9707855308988047,0,0,0
2025-12-19 10:00:00+00:00,8213,3.699999999980719,3.907634685704113,0,0,0
2025-12-19 10:15:00+00:00,8213,3.900000000157888,3.889633037398652,0,0,0
2025-12-19 10:30:00+00:00,8213,3.699999999980719,3.857858638414213,0,0,0
2025-12-19 10:45:00+00:00,8213,3.699999999980719,3.8011297171489273,0,0,0
2025-12-19 11:00:00+00:00,8213,3.699999999980719,3.719162225718609,0,0,0
2025-12-19 11:15:00+00:00,8213,3.900000000157888,3.725454918900523,0,0,0
2025-12-19 11:30:00+00:00,8213,3.499999999803549,3.756205732436734,0,0,0
2025-12-19 11:45:00+00:00,8213,3.699999999980719,3.684938287138485,0,0,0
2025-12-19 12:00:00+00:00,8213,3.6000000000058208,3.72045765031709,0,0,0
2025-12-19 12:15:00+00:00,8213,3.7999999999556167,3.703723762138536,0,0,0
2025-12-19 12:30:00+00:00,8213,3.6000000000058208,3.668090883710376,0,0,0
2025-12-19 12:45:00+00:00,8213,3.8000000001829903,3.605434622120157,0,0,0
2025-12-19 13:00:00+00:00,8213,3.499999999803549,3.554145081462891,0,0,0
2025-12-19 13:15:00+00:00,8213,3.6000000000058208,3.5150633655785377,0,0,0
2025-12-19 13:30:00+00:00,8213,3.700000000208093,3.498089848526493,0,0,0
2025-12-19 13:45:00+00:00,8213,3.2999999998537533,3.5144286412941206,0,0,0
2025-12-19 14:00:00+00:00,8213,3.100000000131331,3.324530486921457,0,0,0
2025-12-19 14:15:00+00:00,8213,3.499999999803549,3.33271943026758,0,0,0
2025-12-19 14:30:00+00:00,8213,4.600000000209548,3.38190660096539,0,0,0
2025-12-19 14:45:00+00:00,8213,4.30000000005748,3.5240184719190903,0,0,0
2025-12-19 15:00:00+00:00,8213,4.099999999880311,3.621704578409221,0,0,0
2025-12-19 15:15:00+00:00,8213,3.999999999905413,3.707487429074047,0,0,0
2025-12-19 15:30:00+00:00,8213,4.100000000107684,3.828789642917477,0,0,0
2025-12-19 15:45:00+00:00,8213,3.6000000000058208,3.8528796829316807,0,0,0
2025-12-19 16:00:00+00:00,8213,3.399999999828651,3.8287763951423575,0,0,0
2025-12-19 16:15:00+00:00,8213,3.8000000001829903,3.836604661316836,0,0,0
2025-12-19 16:30:00+00:00,8213,3.500000000030923,3.907941202853944,0,0,0
2025-12-19 16:45:00+00:00,8213,3.8999999999305146,3.800156525198213,0,0,0
2025-12-19 17:00:00+00:00,8213,4.199999999855208,3.769528967922676,0,0,0
2025-12-19 17:15:00+00:00,8213,3.5000000002582965,3.816973406791489,0,0,0
2025-12-19 17:30:00+00:00,8213,3.6000000000058208,3.8609756320916686,0,0,0
2025-12-19 17:45:00+00:00,8213,3.699999999753345,3.79003392620519,0,0,0
2025-12-19 18:00:00+00:00,8213,3.6000000000058208,3.7789564483623534,0,0,0
2025-12-19 18:15:00+00:00,8213,3.8000000001829903,3.8244716475093057,0,0,0
2025-12-19 18:30:00+00:00,8213,3.6000000000058208,3.894337815888263,0,0,0
2025-12-19 18:45:00+00:00,8213,3.999999999905413,3.834945052782708,0,0,0
2025-12-19 19:00:00+00:00,8213,4.099999999880311,4.0170020828462185,0,0,0
2025-12-19 19:15:00+00:00,8213,4.100000000107684,4.089561186218649,0,0,0
2025-12-19 19:30:00+00:00,8213,4.200000000082582,4.218476584711083,0,0,0
2025-12-19 19:45:00+00:00,8213,4.099999999880311,4.227871595113703,0,0,0
2025-12-19 20:00:00+00:00,8213,4.30000000005748,4.226096653007943,0,0,0
2025-12-19 20:15:00+00:00,8213,4.400000000032378,4.197318329282954,0,0,0
2025-12-19 20:30:00+00:00,8213,4.30000000005748,4.250712577742345,0,0,0
2025-12-19 20:45:00+00:00,8213,4.199999999855208,4.339783863880294,0,0,0
2025-12-19 21:00:00+00:00,8213,4.30000000005748,4.375456225873518,0,0,0
2025-12-19 21:15:00+00:00,8213,4.30000000005748,4.301882758543384,0,0,0
2025-12-19 21:30:00+00:00,8213,4.500000000007276,4.3993585890735245,0,0,0
2025-12-19 21:45:00+00:00,8213,4.099999999880311,4.384533029912966,0,0,0
2025-12-19 22:00:00+00:00,8213,4.500000000007276,3.3443204549879457,0,0,0
2025-12-19 22:15:00+00:00,8213,4.7000000001844455,2.357704222032967,0,0,0
2025-12-19 22:30:00+00:00,8213,0.9000000000014552,2.326739625772764,0,0,0
2025-12-19 22:45:00+00:00,8213,1.0999999997238774,1.2259526381535606,0,0,0
2025-12-19 23:00:00+00:00,8213,2.900000000181535,1.2864638966256652,0,0,0
2025-12-19 23:15:00+00:00,8213,3.699999999980719,2.169361057735029,0,0,0
2025-12-19 23:30:00+00:00,8213,3.0999999999039574,2.907272717140989,0,0,0
2025-12-19 23:45:00+00:00,8213,2.899999999954161,2.905683373767056,0,0,0
2025-12-20 00:00:00+00:00,8213,2.7000000000043656,2.914038563702918,0,0,0
2025-12-20 00:15:00+00:00,8213,2.5000000000545697,2.8417796133530544,0,0,0
2025-12-20 00:30:00+00:00,8213,2.400000000079672,2.8248076548627887,0,0,0
2025-12-20 00:45:00+00:00,8213,2.600000000029468,2.92368995751815,0,0,0
2025-12-20 01:00:00+00:00,8213,2.499999999827196,2.9444567541795026,0,0,0
2025-12-20 01:15:00+00:00,8213,2.6000000002568413,2.95739801214949,0,0,0
2025-12-20 01:30:00+00:00,8213,2.499999999827196,2.958729283668884,0,0,0
2025-12-20 01:45:00+00:00,8213,2.600000000029468,2.9693098400645788,0,0,0
2025-12-20 02:00:00+00:00,8213,2.7000000000043656,2.976594038298107,0,0,0
2025-12-20 02:15:00+00:00,8213,2.7000000000043656,2.95789285551426,0,0,0
2025-12-20 02:30:00+00:00,8213,2.7999999999792635,2.9434670674499634,0,0,0
2025-12-20 02:45:00+00:00,8213,3.000000000156433,2.955534751542932,0,0,0
2025-12-20 03:00:00+00:00,8213,2.7000000000043656,2.9712757059882406,0,0,0
2025-12-20 03:15:00+00:00,8213,2.79999999975189,2.9892056604518773,0,0,0
2025-12-20 03:30:00+00:00,8213,3.000000000156433,2.999337091294981,0,0,0
2025-12-20 03:45:00+00:00,8213,2.9999999999290594,3.015556913846827,0,0,0
2025-12-20 04:00:00+00:00,8213,3.000000000156433,3.0341774410586204,0,0,0
2025-12-20 04:15:00+00:00,8213,3.199999999878856,3.042908244383174,0,0,0
2025-12-20 04:30:00+00:00,8213,3.199999999878856,3.046740488036952,0,0,0
2025-12-20 04:45:00+00:00,8213,3.200000000106229,3.0465794366531425,0,0,0
2025-12-20 05:00:00+00:00,8213,3.100000000131331,3.0474149556467287,0,0,0
2025-12-20 05:15:00+00:00,8213,3.0999999999039574,3.058996368464711,0,0,0
2025-12-20 05:30:00+00:00,8213,3.200000000106229,3.0748410971484583,0,0,0
2025-12-20 05:45:00+00:00,8213,3.399999999828651,3.078205512508299,0,0,0
2025-12-20 06:00:00+00:00,8213,3.300000000081127,3.0944768974789936,0,0,0
2025-12-20 06:15:00+00:00,8213,3.199999999878856,3.1685033867661665,0,0,0
2025-12-20 06:30:00+00:00,8213,3.300000000081127,3.1262354510853485,0,0,0
2025-12-20 06:45:00+00:00,8213,3.500000000030923,3.150954630537595,0,0,0
2025-12-20 07:00:00+00:00,8213,3.6000000000058208,3.2478059973150293,0,0,0
2025-12-20 07:15:00+00:00,8213,3.399999999828651,3.237266612926325,0,0,0
2025-12-20 07:30:00+00:00,8213,3.8000000001829903,3.2901208197293594,0,0,0
2025-12-20 07:45:00+00:00,8213,2.9999999999290594,3.35955734457796,0,0,0
2025-12-20 08:00:00+00:00,8213,3.7999999999556167,3.3335730026017707,0,0,0
2025-12-20 08:15:00+00:00,8213,3.8999999999305146,3.4219773541785417,0,0,0
2025-12-20 08:30:00+00:00,8213,3.8000000001829903,3.867398335301964,0,0,0
2025-12-20 08:45:00+00:00,8213,4.500000000007276,6.743076775422541,0,0,0
2025-12-20 09:00:00+00:00,8213,11.799999999993815,7.897407893192195,0,0,0
2025-12-20 09:15:00+00:00,8213,7.699999999886131,8.150491830519426,0,0,0
2025-12-20 09:30:00+00:00,8213,6.80000000011205,7.158538432633087,0,0,0
2025-12-20 09:45:00+00:00,8213,5.699999999933425,6.398732292178737,0,0,0
2025-12-20 10:00:00+00:00,8213,6.1000000000603904,6.132300312257252,0,0,0
2025-12-20 10:15:00+00:00,8213,5.199999999831562,6.101082319827846,0,0,0
2025-12-20 10:30:00+00:00,8213,5.700000000160799,6.058357465785543,0,0,0
2025-12-20 10:45:00+00:00,8213,6.099999999833017,6.05152499070757,0,0,0
2025-12-20 11:00:00+00:00,8213,6.600000000162254,6.027108821641152,0,0,0
2025-12-20 11:15:00+00:00,8213,5.699999999933425,5.860017231657848,0,0,0
2025-12-20 11:30:00+00:00,8213,5.499999999983629,5.578307709659952,0,0,0
2025-12-20 11:45:00+00:00,8213,5.100000000084037,5.286364411262144,0,0,0
2025-12-20 12:00:00+00:00,8213,5.499999999983629,5.1018945976849,0,0,0
2025-12-20 12:15:00+00:00,8213,5.099999999856664,4.973214282260769,0,0,0
2025-12-20 12:30:00+00:00,8213,4.7000000001844455,4.901335231344489,0,0,0
2025-12-20 12:45:00+00:00,8213,4.79999999993197,4.830120907026868,0,0,0
2025-12-20 13:00:00+00:00,8213,4.999999999881766,4.777916360725297,0,0,0
2025-12-20 13:15:00+00:00,8213,5.100000000084037,4.629077087733545,0,0,0
2025-12-20 13:30:00+00:00,8213,4.79999999993197,4.677009356439124,0,0,0
2025-12-20 13:45:00+00:00,8213,4.800000000159344,4.665794984920049,0,0,0
2025-12-20 14:00:00+00:00,8213,5.400000000008731,4.660301314410068,0,0,0
2025-12-20 14:15:00+00:00,8213,4.699999999957072,4.676269299354489,0,0,0
2025-12-20 14:30:00+00:00,8213,4.599999999982174,4.711013797568732,0,0,0
2025-12-20 14:45:00+00:00,8213,4.79999999993197,4.722710543958346,0,0,0
2025-12-20 15:00:00+00:00,8213,4.900000000134241,4.653157646496928,0,0,0
2025-12-20 15:15:00+00:00,8213,4.79999999993197,4.635273150085173,0,0,0
2025-12-20 15:30:00+00:00,8213,4.200000000082582,4.655089224061457,0,0,0
2025-12-20 15:45:00+00:00,8213,4.699999999957072,4.595753738101273,0,0,0
2025-12-20 16:00:00+00:00,8213,4.999999999881766,4.571072873292755,0,0,0
2025-12-20 16:15:00+00:00,8213,4.600000000209548,4.542193762572737,0,0,0
2025-12-20 16:30:00+00:00,8213,5.199999999831562,4.598493689708407,0,0,0
2025-12-20 16:45:00+00:00,8213,5.100000000084037,4.635227432272995,0,0,0
2025-12-20 17:00:00+00:00,8213,4.699999999957072,4.620801644208699,0,0,0
2025-12-20 17:15:00+00:00,8213,4.79999999993197,4.595899463627591,0,0,0
2025-12-20 17:30:00+00:00,8213,4.699999999957072,4.6338470660575695,0,0,0
2025-12-20 17:45:00+00:00,8213,4.30000000005748,4.607819603872166,0,0,0
2025-12-20 18:00:00+00:00,8213,4.7000000001844455,4.590351243455352,0,0,0
2025-12-20 18:15:00+00:00,8213,4.899999999906868,4.579365460997169,0,0,0
2025-12-20 18:30:00+00:00,8213,4.699999999957072,4.700616372182047,0,0,0
2025-12-20 18:45:00+00:00,8213,4.900000000134241,4.632324091439383,0,0,0
2025-12-20 19:00:00+00:00,8213,5.099999999856664,4.538206442021968,0,0,0
2025-12-20 19:15:00+00:00,8213,4.79999999993197,4.570770772067964,0,0,0
2025-12-20 19:30:00+00:00,8213,4.900000000134241,4.619688051817745,0,0,0
2025-12-20 19:45:00+00:00,8213,5.100000000084037,4.024477464657946,0,0,0
2025-12-20 20:00:00+00:00,8213,4.899999999906868,3.51296554142427,0,0,0
2025-12-20 20:15:00+00:00,8213,2.7000000000043656,2.3741434121551794,0,0,0
2025-12-20 20:30:00+00:00,8213,1.099999999951251,1.7726435878430364,0,0,0
2025-12-20 20:45:00+00:00,8213,1.5000000000782163,1.5519487255661568,0,0,0
2025-12-20 21:00:00+00:00,8213,2.5000000000545697,2.051095539167409,0,0,0
2025-12-20 21:15:00+00:00,8213,2.499999999827196,2.443690075369482,0,0,0
2025-12-20 21:30:00+00:00,8213,2.600000000029468,2.53668478102527,0,0,0
2025-12-20 21:45:00+00:00,8213,2.2999999998774,2.5639096082972377,0,0,0
2025-12-20 22:00:00+00:00,8213,2.5000000000545697,2.459567533850584,0,0,0
2025-12-20 22:15:00+00:00,8213,2.300000000104774,2.381824978702228,0,0,0
2025-12-20 22:30:00+00:00,8213,2.300000000104774,2.4108500747088604,0,0,0
2025-12-20 22:45:00+00:00,8213,2.099999999927604,2.5056553745710977,0,0,0
2025-12-20 23:00:00+00:00,8213,2.099999999927604,2.4938177731607247,0,0,0
2025-12-20 23:15:00+00:00,8213,2.100000000154978,2.424799787089807,0,0,0
2025-12-20 23:30:00+00:00,8213,2.199999999902502,2.4232639543369454,0,0,0
2025-12-20 23:45:00+00:00,8213,2.099999999927604,2.443667541163763,0,0,0
2025-12-21 00:00:00+00:00,8213,1.9999999999527065,2.432591556942632,0,0,0
2025-12-21 00:15:00+00:00,8213,1.9999999999527065,2.37460546078252,0,0,0
2025-12-21 00:30:00+00:00,8213,2.100000000154978,2.328712570164505,0,0,0
2025-12-21 00:45:00+00:00,8213,2.099999999927604,2.302512627142248,0,0,0
2025-12-21 01:00:00+00:00,8213,2.00000000018008,2.2851790498492623,0,0,0
2025-12-21 01:15:00+00:00,8213,1.8999999997504349,2.244045097742671,0,0,0
2025-12-21 01:30:00+00:00,8213,2.00000000018008,2.195520413210964,0,0,0
2025-12-21 01:45:00+00:00,8213,1.8999999999778083,2.1715783066855976,0,0,0
2025-12-21 02:00:00+00:00,8213,1.9999999999527065,2.169306930183253,0,0,0
2025-12-21 02:15:00+00:00,8213,1.9999999999527065,2.1691912069711767,0,0,0
2025-12-21 02:30:00+00:00,8213,2.00000000018008,2.14720717356058,0,0,0
2025-12-21 02:45:00+00:00,8213,1.9999999999527065,2.140934059811012,0,0,0
2025-12-21 03:00:00+00:00,8213,1.8999999999778083,2.148668520048429,0,0,0
2025-12-21 03:15:00+00:00,8213,1.9999999999527065,2.158331603077002,0,0,0
2025-12-21 03:30:00+00:00,8213,2.099999999927604,2.145870869185442,0,0,0
2025-12-21 03:45:00+00:00,8213,1.9999999999527065,2.151359539309716,0,0,0
2025-12-21 04:00:00+00:00,8213,2.00000000018008,2.175038021604205,0,0,0
2025-12-21 04:15:00+00:00,8213,1.9999999999527065,2.2016753360256383,0,0,0
2025-12-21 04:30:00+00:00,8213,2.099999999927604,2.1857441721032416,0,0,0
2025-12-21 04:45:00+00:00,8213,2.00000000018008,2.1981144120015204,0,0,0
2025-12-21 05:00:00+00:00,8213,1.9999999997253328,2.231847013980876,0,0,0
2025-12-21 05:15:00+00:00,8213,2.200000000129876,2.269791109646852,0,0,0
2025-12-21 05:30:00+00:00,8213,1.9999999999527065,2.2496231578789674,0,0,0
2025-12-21 05:45:00+00:00,8213,2.200000000129876,2.228325768342043,0,0,0
2025-12-21 06:00:00+00:00,8213,2.2999999998774,2.281798854051411,0,0,0
2025-12-21 06:15:00+00:00,8213,2.200000000129876,2.427743650529668,0,0,0
2025-12-21 06:30:00+00:00,8213,2.199999999902502,2.221938749702475,0,0,0
2025-12-21 06:45:00+00:00,8213,2.300000000104774,2.137899962138166,0,0,0
2025-12-21 07:00:00+00:00,8213,2.2999999998774,2.3273648038662857,0,0,0
2025-12-21 07:15:00+00:00,8213,2.400000000079672,2.298026339532002,0,0,0
2025-12-21 07:30:00+00:00,8213,2.400000000079672,2.349780169249166,0,0,0
2025-12-21 07:45:00+00:00,8213,2.399999999852298,2.50697904810182,0,0,0
2025-12-21 08:00:00+00:00,8213,2.300000000104774,2.565284000025845,0,0,0
2025-12-21 08:15:00+00:00,8213,2.5000000000545697,2.6114141167346085,0,0,0
2025-12-21 08:30:00+00:00,8213,2.499999999827196,2.572514882458523,0,0,0
2025-12-21 08:45:00+00:00,8213,3.699999999980719,3.978900442560435,0,0,0
2025-12-21 09:00:00+00:00,8213,11.099999999942156,7.196003140671934,0,0,0
2025-12-21 09:15:00+00:00,8213,7.100000000036744,7.229222326425322,0,0,0
2025-12-21 09:30:00+00:00,8213,5.500000000211003,6.220406848654124,0,0,0
2025-12-21 09:45:00+00:00,8213,5.499999999756255,5.411323920199682,0,0,0
2025-12-21 10:00:00+00:00,8213,5.300000000033833,5.130367962821837,0,0,0
2025-12-21 10:15:00+00:00,8213,4.800000000159344,5.00403562071747,0,0,0
2025-12-21 10:30:00+00:00,8213,4.999999999881766,4.9599984576574165,0,0,0
2025-12-21 10:45:00+00:00,8213,4.800000000159344,4.926463663143819,0,0,0
2025-12-21 11:00:00+00:00,8213,4.899999999906868,4.919973292376294,0,0,0
2025-12-21 11:15:00+00:00,8213,4.899999999906868,4.600403447408032,0,0,0
2025-12-21 11:30:00+00:00,8213,4.699999999957072,4.420149543442449,0,0,0
2025-12-21 11:45:00+00:00,8213,4.7000000001844455,4.414436895002545,0,0,0
2025-12-21 12:00:00+00:00,8213,4.599999999982174,4.3299090762101,0,0,0
2025-12-21 12:15:00+00:00,8213,4.699999999957072,4.247145549351259,0,0,0
2025-12-21 12:30:00+00:00,8213,4.500000000007276,4.199859304502995,0,0,0
2025-12-21 12:45:00+00:00,8213,4.400000000032378,4.171958451059472,0,0,0
2025-12-21 13:00:00+00:00,8213,4.200000000082582,4.032152342377361,0,0,0
2025-12-21 13:15:00+00:00,8213,4.099999999880311,3.935686719640181,0,0,0
2025-12-21 13:30:00+00:00,8213,3.500000000030923,3.8220647086022415,0,0,0
2025-12-21 13:45:00+00:00,8213,3.7999999999556167,3.6762416422929176,0,0,0
2025-12-21 14:00:00+00:00,8213,3.400000000056025,3.598679945250977,0,0,0
2025-12-21 14:15:00+00:00,8213,4.199999999855208,3.507004692021093,0,0,0
2025-12-21 14:30:00+00:00,8213,3.7999999999556167,3.4915108994978725,0,0,0
2025-12-21 14:45:00+00:00,8213,3.6000000000058208,3.435265781784757,0,0,0
2025-12-21 15:00:00+00:00,8213,3.5000000002582965,3.465289656131305,0,0,0
2025-12-21 15:15:00+00:00,8213,3.699999999753345,3.471643652743185,0,0,0
2025-12-21 15:30:00+00:00,8213,4.400000000032378,3.729527830468977,0,0,0
2025-12-21 15:45:00+00:00,8213,4.30000000005748,3.99336233730594,0,0,0
2025-12-21 16:00:00+00:00,8213,3.999999999905413,4.009299930295674,0,0,0
2025-12-21 16:15:00+00:00,8213,4.30000000005748,4.057400783433659,0,0,0
2025-12-21 16:30:00+00:00,8213,4.500000000007276,4.143966421751888,0,0,0
2025-12-21 16:45:00+00:00,8213,4.100000000107684,4.303873561455507,0,0,0
2025-12-21 17:00:00+00:00,8213,4.500000000007276,4.396499927010905,0,0,0
2025-12-21 17:15:00+00:00,8213,4.399999999805004,4.418439801171102,0,0,0
2025-12-21 17:30:00+00:00,8213,5.000000000109139,4.506419055022706,0,0,0
2025-12-21 17:45:00+00:00,8213,4.699999999957072,4.5155511880053005,0,0,0
2025-12-21 18:00:00+00:00,8213,4.30000000005748,4.479549969476749,0,0,0
2025-12-21 18:15:00+00:00,8213,4.200000000082582,4.459494396507123,0,0,0
2025-12-21 18:30:00+00:00,8213,4.699999999957072,4.478212723470537,0,0,0
2025-12-21 18:45:00+00:00,8213,4.400000000032378,4.389921757263174,0,0,0
2025-12-21 19:00:00+00:00,8213,4.399999999805004,4.320933318925979,0,0,0
2025-12-21 19:15:00+00:00,8213,4.500000000007276,4.234444569655504,0,0,0
2025-12-21 19:30:00+00:00,8213,4.7000000001844455,4.325941757202159,0,0,0
2025-12-21 19:45:00+00:00,8213,5.199999999831562,3.4251694185816763,0,0,0
2025-12-21 20:00:00+00:00,8213,4.50000000023465,2.916911642461991,0,0,0
2025-12-21 20:15:00+00:00,8213,2.499999999827196,1.97311228363434,0,0,0
2025-12-21 20:30:00+00:00,8213,1.3000000001284209,1.5191182710964306,0,0,0
2025-12-21 20:45:00+00:00,8213,1.4999999998508429,1.2602747985957856,0,0,0
2025-12-21 21:00:00+00:00,8213,2.200000000129876,1.7751365967008323,0,0,0
2025-12-21 21:15:00+00:00,8213,2.2999999998774,2.319834547691929,0,0,0
2025-12-21 21:30:00+00:00,8213,2.5000000000545697,2.5287281932643366,0,0,0
2025-12-21 21:45:00+00:00,8213,2.400000000079672,2.543957614745828,0,0,0
2025-12-21 22:00:00+00:00,8213,2.5000000000545697,2.4091968952420704,0,0,0
2025-12-21 22:15:00+00:00,8213,2.599999999802094,2.339817257898396,0,0,0
2025-12-21 22:30:00+00:00,8213,2.5000000000545697,2.443304461209377,0,0,0
2025-12-21 22:45:00+00:00,8213,2.5000000000545697,2.5556820905470894,0,0,0
2025-12-21 23:00:00+00:00,8213,2.499999999827196,2.581789299143508,0,0,0
2025-12-21 23:15:00+00:00,8213,2.6000000002568413,2.558318267915785,0,0,0
2025-12-21 23:30:00+00:00,8213,2.399999999852298,2.578483394790446,0,0,0
2025-12-21 23:45:00+00:00,8213,2.600000000029468,2.6172151486153843,0,0,0
2025-12-22 00:00:00+00:00,8213,2.600000000029468,2.651123413495226,0,0,0
2025-12-22 00:15:00+00:00,8213,0.0,2.682879174678394,0,0,0
2025-12-22 00:30:00+00:00,8213,0.0,2.562747180970548,0,0,0
2025-12-22 00:45:00+00:00,8213,0.0,2.1333380842816494,0,0,0
2025-12-22 01:00:00+00:00,8213,0.0,1.6609079175198729,0,0,0
2025-12-22 01:15:00+00:00,8213,0.0,0.9800286037579994,0,0,0
2025-12-22 01:30:00+00:00,8213,0.0,0.5026046345892463,0,0,0
2025-12-22 01:45:00+00:00,8213,0.0,0.3063783297542013,0,0,0
2025-12-22 02:00:00+00:00,8213,0.0,0.1986015747875125,0,0,0
2025-12-22 02:15:00+00:00,8213,0.0,0.1507617807474768,0,0,0
2025-12-22 02:30:00+00:00,8213,0.0,0.1065578515770901,0,0,0
2025-12-22 02:45:00+00:00,8213,0.0,0.077297672502155,0,0,0
2025-12-22 03:00:00+00:00,8213,0.0,0.0749761947326292,0,0,0
2025-12-22 03:15:00+00:00,8213,0.0,0.0751450389253327,0,0,0
2025-12-22 03:30:00+00:00,8213,0.0,0.0709344543997505,0,0,0
2025-12-22 03:45:00+00:00,8213,2.499999999827196,0.0952121712281517,0,0,0
2025-12-22 04:00:00+00:00,8213,11.799999999993815,8.90520251299828,0,0,0
2025-12-22 04:15:00+00:00,8213,9.30000000016662,11.400646948273982,0,0,0
2025-12-22 04:30:00+00:00,8213,1.4999999998508429,7.129957526733413,0,0,0
2025-12-22 04:45:00+00:00,8213,2.100000000154978,4.322384339942044,0,0,0
2025-12-22 05:15:00+00:00,8213,2.7000000000043656,4.431258452281158,0,0,0
2025-12-22 05:30:00+00:00,8213,2.800000000206637,5.166971825238191,0,0,0
2025-12-22 05:45:00+00:00,8213,2.899999999954161,4.675465341236923,0,0,0
2025-12-22 06:00:00+00:00,8213,2.9999999999290594,4.544699929913051,0,0,0
2025-12-22 06:15:00+00:00,8213,2.900000000181535,4.830709004338069,0,0,0
2025-12-22 06:30:00+00:00,8213,2.899999999726788,4.026873493632558,0,0,0
2025-12-22 06:45:00+00:00,8213,2.900000000181535,3.607505820844037,0,0,0
2025-12-22 07:00:00+00:00,8213,3.0999999999039574,4.35317892308821,0,0,0
2025-12-22 07:15:00+00:00,8213,3.100000000131331,4.144943380226901,0,0,0
2025-12-22 07:30:00+00:00,8213,2.9999999999290594,3.9841304563695017,0,0,0
2025-12-22 07:45:00+00:00,8213,2.9999999999290594,4.0297552743615626,0,0,0
2025-12-22 08:00:00+00:00,8213,3.100000000131331,4.139786099300844,0,0,0
2025-12-22 08:15:00+00:00,8213,2.899999999954161,4.856646589460895,0,0,0
2025-12-22 08:30:00+00:00,8213,3.200000000106229,3.9864815468128247,0,0,0
2025-12-22 08:45:00+00:00,8213,3.0999999999039574,4.243939847532559,0,0,0
2025-12-22 09:00:00+00:00,8213,3.0999999999039574,6.173109174352815,0,0,0
2025-12-22 09:15:00+00:00,8213,2.9999999999290594,6.063038865848471,0,0,0
2025-12-22 09:30:00+00:00,8213,3.200000000106229,4.750314231622711,0,0,0
2025-12-22 09:45:00+00:00,8213,3.000000000156433,4.237040354298099,0,0,0
2025-12-22 10:00:00+00:00,8213,2.899999999954161,3.885997692049596,0,0,0
2025-12-22 10:15:00+00:00,8213,2.7999999999792635,3.5922495791119355,0,0,0
2025-12-22 10:30:00+00:00,8213,2.899999999954161,3.4323788058498224,0,0,0
2025-12-22 10:45:00+00:00,8213,2.899999999954161,3.3291560385206456,0,0,0
2025-12-22 11:00:00+00:00,8213,2.7000000000043656,3.2468037122111117,0,0,0
2025-12-22 11:15:00+00:00,8213,2.7999999999792635,3.1794234498693434,0,0,0
2025-12-22 11:30:00+00:00,8213,2.7000000000043656,3.08500058210358,0,0,0
2025-12-22 11:45:00+00:00,8213,2.7000000000043656,2.921209766207483,0,0,0
2025-12-22 12:00:00+00:00,8213,2.600000000029468,2.818629515971617,0,0,0
2025-12-22 12:15:00+00:00,8213,2.7999999999792635,2.721400003142601,0,0,0
2025-12-22 12:30:00+00:00,8213,2.600000000029468,2.7210493916824445,0,0,0
2025-12-22 12:45:00+00:00,8213,2.5000000000545697,2.640916911926444,0,0,0
2025-12-22 13:00:00+00:00,8213,2.499999999827196,2.579928246499469,0,0,0
2025-12-22 13:15:00+00:00,8213,2.5000000000545697,2.608335827341326,0,0,0
2025-12-22 13:30:00+00:00,8213,2.5000000000545697,2.634831572401185,0,0,0
2025-12-22 13:45:00+00:00,8213,2.5000000000545697,2.625327657494272,0,0,0
2025-12-22 14:00:00+00:00,8213,2.600000000029468,2.61703682317186,0,0,0
2025-12-22 14:15:00+00:00,8213,2.599999999802094,2.6728448941861696,0,0,0
2025-12-22 14:30:00+00:00,8213,2.6000000002568413,2.7432116206564183,0,0,0
2025-12-22 14:45:00+00:00,8213,2.599999999802094,2.7956911881718742,0,0,0
2025-12-22 15:00:00+00:00,8213,2.800000000206637,2.821407392582035,0,0,0
2025-12-22 15:15:00+00:00,8213,2.699999999776992,2.855964213982081,0,0,0
2025-12-22 15:30:00+00:00,8213,2.899999999954161,2.9280367863192294,0,0,0
2025-12-22 15:45:00+00:00,8213,2.900000000181535,2.9944351547403514,0,0,0
2025-12-22 16:00:00+00:00,8213,2.899999999954161,3.0295130552951104,0,0,0
2025-12-22 16:15:00+00:00,8213,2.9999999999290594,3.05051168802106,0,0,0
2025-12-22 16:30:00+00:00,8213,2.9999999999290594,3.114848079208828,0,0,0
2025-12-22 16:45:00+00:00,8213,3.300000000081127,3.1296427268941063,0,0,0
2025-12-22 17:00:00+00:00,8213,2.9999999999290594,3.131184014613193,0,0,0
2025-12-22 17:15:00+00:00,8213,3.200000000106229,3.129380888515268,0,0,0
2025-12-22 17:30:00+00:00,8213,3.0999999999039574,3.2013529336176827,0,0,0
2025-12-22 17:45:00+00:00,8213,3.100000000131331,3.2226569145721298,0,0,0
2025-12-22 18:00:00+00:00,8213,3.0999999999039574,3.2395521138947894,0,0,0
2025-12-22 18:15:00+00:00,8213,3.100000000131331,3.2618295465602465,0,0,0
2025-12-22 18:30:00+00:00,8213,3.0999999999039574,3.321670526057355,0,0,0
2025-12-22 18:45:00+00:00,8213,3.200000000106229,3.326541291376408,0,0,0
2025-12-22 19:00:00+00:00,8213,3.0999999999039574,3.328998234140541,0,0,0
2025-12-22 19:15:00+00:00,8213,3.0999999999039574,3.330363274498476,0,0,0
2025-12-22 19:30:00+00:00,8213,3.200000000106229,3.3880307097148967,0,0,0
2025-12-22 19:45:00+00:00,8213,3.0999999999039574,3.347750200062348,0,0,0
2025-12-22 20:00:00+00:00,8213,3.100000000131331,3.347083655141613,0,0,0
2025-12-22 20:15:00+00:00,8213,3.2999999998537533,3.298070783602733,0,0,0
2025-12-22 20:30:00+00:00,8213,3.000000000156433,3.267275031535233,0,0,0
2025-12-22 20:45:00+00:00,8213,3.0999999999039574,3.2031213817160307,0,0,0
2025-12-22 21:00:00+00:00,8213,3.300000000081127,3.186897402999441,0,0,0
2025-12-22 21:15:00+00:00,8213,2.9999999999290594,3.151840543028696,0,0,0
2025-12-22 21:30:00+00:00,8213,3.100000000131331,3.231570848905692,0,0,0
2025-12-22 21:45:00+00:00,8213,3.0999999999039574,3.254960445280473,0,0,0
2025-12-22 22:00:00+00:00,8213,3.0999999999039574,3.2000323122704444,0,0,0
2025-12-22 22:15:00+00:00,8213,0.0,3.1499185765951365,0,0,0
2025-12-22 22:30:00+00:00,8213,0.0,1.7306278509988056,0,0,0
2025-12-22 22:45:00+00:00,8213,0.0,1.100766358477207,0,0,0
2025-12-22 23:00:00+00:00,8213,0.0,0.7870078708615056,0,0,0
2025-12-22 23:15:00+00:00,8213,0.0,0.5105360256014224,0,0,0
2025-12-22 23:30:00+00:00,8213,0.0,0.3242795807050782,0,0,0
2025-12-22 23:45:00+00:00,8213,0.0,0.2575061184158576,0,0,0
2025-12-23 00:00:00+00:00,8213,0.0,0.2022865343531936,0,0,0
2025-12-23 00:15:00+00:00,8213,0.0,0.1680145401182238,0,0,0
2025-12-23 00:30:00+00:00,8213,0.0,0.1376438857758921,0,0,0
2025-12-23 00:45:00+00:00,8213,0.0,0.1212010590095293,0,0,0
2025-12-23 01:00:00+00:00,8213,0.0,0.1067867003982776,0,0,0
2025-12-23 01:15:00+00:00,8213,0.0,0.0890496179547679,0,0,0
2025-12-23 01:30:00+00:00,8213,0.0,0.0751842627300993,0,0,0
2025-12-23 01:45:00+00:00,8213,0.0,0.0687450647409781,0,0,0
2025-12-23 02:00:00+00:00,8213,0.0,0.0682907439824573,0,0,0
2025-12-23 02:30:00+00:00,8213,0.0,0.0649139900085342,0,0,0
2025-12-23 02:45:00+00:00,8213,0.0,0.0605476791852201,0,0,0
2025-12-23 03:00:00+00:00,8213,0.0,0.0524232862727691,0,0,0
2025-12-23 03:15:00+00:00,8213,0.0,0.021303742995723,0,0,0
2025-12-23 03:30:00+00:00,8213,0.0,0.0246302333522798,0,0,0
2025-12-23 03:45:00+00:00,8213,1.6000000000531145,0.0212246459854488,0,0,0
2025-12-23 04:00:00+00:00,8213,12.899999999945068,1.2457095841923609,0,0,0
2025-12-23 04:15:00+00:00,8213,10.600000000067666,10.406581699177368,0,0,0
2025-12-23 04:30:00+00:00,8213,2.099999999927604,7.097874532516771,0,0,0
2025-12-23 04:45:00+00:00,8213,3.100000000131331,3.627374756040652,0,0,0
2025-12-23 05:00:00+00:00,8213,3.500000000030923,4.605002763217279,0,0,0
2025-12-23 05:15:00+00:00,8213,3.399999999828651,4.8839442794960215,0,0,0
2025-12-23 05:30:00+00:00,8213,3.500000000030923,4.512097934624068,0,0,0
2025-12-23 05:45:00+00:00,8213,3.699999999980719,4.636421030835261,0,0,0
2025-12-23 06:00:00+00:00,8213,3.6000000000058208,4.843521940721602,0,0,0
2025-12-23 06:15:00+00:00,8213,3.6000000000058208,4.365213098102935,0,0,0
2025-12-23 06:30:00+00:00,8213,3.6000000000058208,3.910775447448696,0,0,0
2025-12-23 06:45:00+00:00,8213,3.6000000002331944,4.344905297885438,0,0,0
2025-12-23 07:00:00+00:00,8213,3.699999999753345,4.793260401437604,0,0,0
2025-12-23 07:15:00+00:00,8213,3.5000000002582965,3.9929025615811935,0,0,0
2025-12-23 07:30:00+00:00,8213,3.699999999753345,4.011137214872585,0,0,0
2025-12-23 07:45:00+00:00,8213,3.500000000030923,4.09822964707205,0,0,0
2025-12-23 08:00:00+00:00,8213,3.6000000000058208,4.009428511642426,0,0,0
2025-12-23 08:15:00+00:00,8213,3.700000000208093,3.98053667266788,0,0,0
2025-12-23 08:30:00+00:00,8213,3.6000000000058208,3.882518072998272,0,0,0
2025-12-23 08:45:00+00:00,8213,3.599999999778447,4.097274768222237,0,0,0
2025-12-23 09:00:00+00:00,8213,3.7999999999556167,4.817950098096202,0,0,0
2025-12-23 09:15:00+00:00,8213,3.6000000000058208,4.4457359326444505,0,0,0
2025-12-23 09:30:00+00:00,8213,3.8000000001829903,3.959904691600394,0,0,0
2025-12-23 09:45:00+00:00,8213,3.699999999980719,3.91286625807496,0,0,0
2025-12-23 10:00:00+00:00,8213,3.699999999980719,3.9109897496932815,0,0,0
2025-12-23 10:15:00+00:00,8213,3.699999999980719,3.841612969712868,0,0,0
2025-12-23 10:30:00+00:00,8213,3.699999999980719,3.764897701596965,0,0,0
2025-12-23 10:45:00+00:00,8213,3.699999999980719,3.741079500733014,0,0,0
2025-12-23 11:00:00+00:00,8213,3.6000000000058208,3.764028673525135,0,0,0
2025-12-23 11:15:00+00:00,8213,3.699999999980719,3.7292084551844713,0,0,0
2025-12-23 11:30:00+00:00,8213,3.699999999980719,3.714872933823197,0,0,0
2025-12-23 11:45:00+00:00,8213,3.700000000208093,3.676469711833216,0,0,0
2025-12-23 12:00:00+00:00,8213,3.599999999778447,3.657527861134692,0,0,0
2025-12-23 12:15:00+00:00,8213,3.700000000208093,3.634526996043575,0,0,0
2025-12-23 12:30:00+00:00,8213,3.6000000000058208,3.634291523334827,0,0,0
2025-12-23 12:45:00+00:00,8213,3.6000000000058208,3.616816149390008,0,0,0
2025-12-23 13:00:00+00:00,8213,3.699999999753345,3.603884892191435,0,0,0
2025-12-23 13:15:00+00:00,8213,3.699999999980719,3.6080684616461847,0,0,0
2025-12-23 13:30:00+00:00,8213,3.6000000000058208,3.629139957135293,0,0,0
2025-12-23 13:45:00+00:00,8213,3.699999999980719,3.5965996549167207,0,0,0
2025-12-23 14:00:00+00:00,8213,4.000000000132786,3.5632820200109707,0,0,0
2025-12-23 14:15:00+00:00,8213,5.200000000058935,3.614449603209045,0,0,0
2025-12-23 14:30:00+00:00,8213,3.999999999905413,3.7566153744242623,0,0,0
2025-12-23 14:45:00+00:00,8213,4.100000000107684,3.793449644223583,0,0,0
2025-12-23 15:00:00+00:00,8213,4.099999999880311,3.8171564079203497,0,0,0
2025-12-23 15:15:00+00:00,8213,4.30000000005748,3.862423665864324,0,0,0
2025-12-23 15:30:00+00:00,8213,4.400000000032378,3.961020102313424,0,0,0
2025-12-23 15:45:00+00:00,8213,4.099999999880311,4.022557576306758,0,0,0
2025-12-23 16:00:00+00:00,8213,4.100000000107684,4.050722605971789,0,0,0
2025-12-23 16:15:00+00:00,8213,4.199999999855208,4.075614396141038,0,0,0
2025-12-23 16:30:00+00:00,8213,3.900000000157888,4.111945250485805,0,0,0
2025-12-23 16:45:00+00:00,8213,4.400000000032378,4.12213538715591,0,0,0
2025-12-23 17:00:00+00:00,8213,4.199999999855208,4.125942693821227,0,0,0
2025-12-23 17:15:00+00:00,8213,4.200000000082582,4.12757398848304,0,0,0
2025-12-23 17:30:00+00:00,8213,4.199999999855208,4.1798084072187045,0,0,0
2025-12-23 17:45:00+00:00,8213,4.30000000005748,4.183544020042197,0,0,0
2025-12-23 18:00:00+00:00,8213,4.30000000005748,4.190684570831779,0,0,0
2025-12-23 18:15:00+00:00,8213,4.30000000005748,4.210391025962954,0,0,0
2025-12-23 18:30:00+00:00,8213,4.199999999855208,4.277932339688531,0,0,0
2025-12-23 18:45:00+00:00,8213,4.30000000005748,4.2827885584309815,0,0,0
2025-12-23 19:00:00+00:00,8213,4.30000000005748,4.277189425240636,0,0,0
2025-12-23 19:15:00+00:00,8213,4.30000000005748,4.301201667046048,0,0,0
2025-12-23 19:30:00+00:00,8213,4.399999999805004,4.396476288823926,0,0,0
2025-12-23 19:45:00+00:00,8213,4.400000000259752,4.376629303372363,0,0,0
2025-12-23 20:00:00+00:00,8213,4.299999999830106,4.378928181996097,0,0,0
2025-12-23 20:15:00+00:00,8213,4.30000000005748,4.346599454538996,0,0,0
2025-12-23 20:30:00+00:00,8213,4.400000000032378,4.380750400475812,0,0,0
2025-12-23 20:45:00+00:00,8213,4.400000000032378,4.380495315864682,0,0,0
2025-12-23 21:00:00+00:00,8213,4.399999999805004,4.403981283309451,0,0,0
2025-12-23 21:15:00+00:00,8213,4.400000000032378,4.368359834334335,0,0,0
2025-12-23 21:30:00+00:00,8213,4.200000000082582,4.491882609072114,0,0,0
2025-12-23 21:45:00+00:00,8213,4.400000000032378,4.463865642776071,0,0,0
2025-12-23 22:00:00+00:00,8213,4.500000000007276,4.334296687377725,0,0,0
2025-12-23 22:15:00+00:00,8213,1.9999999999527065,4.281533916199047,0,0,0
2025-12-23 22:30:00+00:00,8213,2.899999999954161,3.330010909656318,0,0,0
2025-12-23 22:45:00+00:00,8213,2.900000000181535,3.1580812841513164,0,0,0
2025-12-23 23:00:00+00:00,8213,3.2999999998537533,3.4924808444448807,0,0,0
2025-12-23 23:15:00+00:00,8213,3.0999999999039574,3.5487157016262856,0,0,0
2025-12-23 23:30:00+00:00,8213,3.300000000081127,3.551598651276625,0,0,0
2025-12-23 23:45:00+00:00,8213,3.200000000106229,3.610510078552826,0,0,0
2025-12-24 00:00:00+00:00,8213,3.199999999878856,3.608675131818584,0,0,0
2025-12-24 00:15:00+00:00,8213,3.200000000106229,3.563126293713238,0,0,0
2025-12-24 00:30:00+00:00,8213,3.199999999878856,3.6297550695173273,0,0,0
2025-12-24 00:45:00+00:00,8213,3.200000000106229,3.712517297574686,0,0,0
2025-12-24 01:00:00+00:00,8213,3.399999999828651,3.7481210828496425,0,0,0
2025-12-24 01:15:00+00:00,8213,3.6000000000058208,3.773490831964391,0,0,0
2025-12-24 01:30:00+00:00,8213,3.8000000001829903,3.800538242953872,0,0,0
2025-12-24 01:45:00+00:00,8213,3.699999999980719,3.8591535434921007,0,0,0
2025-12-24 02:00:00+00:00,8213,3.7999999999556167,3.927459072009884,0,0,0
2025-12-24 02:15:00+00:00,8213,3.8999999999305146,3.986661041177684,0,0,0
2025-12-24 02:30:00+00:00,8213,3.700000000208093,4.013796640787815,0,0,0
2025-12-24 02:45:00+00:00,8213,3.799999999728243,4.059430290629956,0,0,0
2025-12-24 03:00:00+00:00,8213,3.8000000001829903,4.151031642055495,0,0,0
2025-12-24 03:15:00+00:00,8213,3.7999999999556167,4.241978137773641,0,0,0
2025-12-24 03:30:00+00:00,8213,3.8999999999305146,4.258390053064724,0,0,0
2025-12-24 03:45:00+00:00,8213,5.000000000109139,4.399879927988534,0,0,0
2025-12-24 04:00:00+00:00,8213,14.299999999821011,5.138069336091491,0,0,0
2025-12-24 04:15:00+00:00,8213,9.30000000016662,7.706214963621791,0,0,0
2025-12-24 04:30:00+00:00,8213,1.9999999999527065,6.5491002545151975,0,0,0
2025-12-24 04:45:00+00:00,8213,3.500000000030923,4.680050370229862,0,0,0
2025-12-24 05:00:00+00:00,8213,4.599999999982174,4.983792500813795,0,0,0
2025-12-24 05:15:00+00:00,8213,5.200000000058935,5.389309754594695,0,0,0
2025-12-24 05:30:00+00:00,8213,5.199999999831562,5.4343363446239925,0,0,0
2025-12-24 05:45:00+00:00,8213,5.499999999983629,5.4522288936049375,0,0,0
2025-12-24 06:00:00+00:00,8213,5.200000000058935,5.535737412994046,0,0,0
2025-12-24 06:15:00+00:00,8213,5.200000000058935,5.339728008006551,0,0,0
2025-12-24 06:30:00+00:00,8213,5.200000000058935,5.123480938081606,0,0,0
2025-12-24 06:45:00+00:00,8213,5.100000000084037,5.320460807536703,0,0,0
2025-12-24 07:00:00+00:00,8213,5.199999999831562,5.445208352072323,0,0,0
2025-12-24 07:15:00+00:00,8213,5.100000000084037,5.155875904414305,0,0,0
2025-12-24 07:30:00+00:00,8213,5.100000000084037,5.27290752910367,0,0,0
2025-12-24 07:45:00+00:00,8213,5.099999999856664,5.322926971791361,0,0,0
2025-12-24 08:00:00+00:00,8213,5.300000000033833,5.189588634730982,0,0,0
2025-12-24 08:15:00+00:00,8213,5.200000000058935,5.1217667798852204,0,0,0
2025-12-24 08:30:00+00:00,8213,5.29999999980646,4.992402255840196,0,0,0
2025-12-24 08:45:00+00:00,8213,5.200000000058935,4.993318690166131,0,0,0
2025-12-24 09:00:00+00:00,8213,5.400000000008731,5.296672479106846,0,0,0
2025-12-24 09:15:00+00:00,8213,5.300000000033833,5.373406449964094,0,0,0
2025-12-24 09:30:00+00:00,8213,5.200000000058935,5.146225809400556,0,0,0
2025-12-24 09:45:00+00:00,8213,5.300000000033833,5.1033344490082175,0,0,0
2025-12-24 10:00:00+00:00,8213,5.200000000058935,5.082966384401941,0,0,0
2025-12-24 10:15:00+00:00,8213,5.199999999831562,4.992586945410983,0,0,0
2025-12-24 10:30:00+00:00,8213,5.100000000084037,4.913639816827836,0,0,0
2025-12-24 10:45:00+00:00,8213,4.899999999906868,4.844335509970136,0,0,0
2025-12-24 11:00:00+00:00,8213,4.79999999993197,4.832274839405173,0,0,0
2025-12-24 11:15:00+00:00,8213,4.900000000134241,4.801738717753992,0,0,0
2025-12-24 11:30:00+00:00,8213,4.899999999906868,4.756462238319492,0,0,0
2025-12-24 11:45:00+00:00,8213,5.000000000109139,4.725306328600941,0,0,0
2025-12-24 12:00:00+00:00,8213,4.999999999881766,4.693931440952468,0,0,0
2025-12-24 12:15:00+00:00,8213,4.800000000159344,4.665685625835236,0,0,0
2025-12-24 12:30:00+00:00,8213,4.699999999957072,4.645147158474478,0,0,0
2025-12-24 12:45:00+00:00,8213,4.79999999993197,4.607182671625229,0,0,0
2025-12-24 13:00:00+00:00,8213,4.500000000007276,4.586829153595556,0,0,0
2025-12-24 13:15:00+00:00,8213,4.800000000159344,4.54951588580955,0,0,0
2025-12-24 13:30:00+00:00,8213,4.399999999805004,4.528648821673761,0,0,0
2025-12-24 13:45:00+00:00,8213,4.599999999982174,4.556592795326497,0,0,0
2025-12-24 14:00:00+00:00,8213,4.79999999993197,4.50885976276831,0,0,0
2025-12-24 14:15:00+00:00,8213,4.400000000032378,4.441101289434887,0,0,0
2025-12-24 14:30:00+00:00,8213,4.30000000005748,4.41694150378108,0,0,0
2025-12-24 14:45:00+00:00,8213,4.30000000005748,4.365127896725692,0,0,0
2025-12-24 15:00:00+00:00,8213,4.599999999982174,4.399079866275415,0,0,0
2025-12-24 15:15:00+00:00,8213,4.599999999982174,4.479289949419986,0,0,0
2025-12-24 15:30:00+00:00,8213,5.000000000109139,4.64250305841674,0,0,0
2025-12-24 15:45:00+00:00,8213,4.79999999993197,4.791800029050867,0,0,0
2025-12-24 16:00:00+00:00,8213,4.79999999993197,4.815474062950278,0,0,0
2025-12-24 16:15:00+00:00,8213,5.000000000109139,4.818853024886721,0,0,0
2025-12-24 16:30:00+00:00,8213,5.100000000084037,4.870214908786553,0,0,0
2025-12-24 16:45:00+00:00,8213,4.899999999906868,4.909931998356065,0,0,0
2025-12-24 17:00:00+00:00,8213,5.400000000008731,4.935180439412363,0,0,0
2025-12-24 17:15:00+00:00,8213,4.999999999881766,4.958264297918202,0,0,0
2025-12-24 17:30:00+00:00,8213,5.300000000033833,5.016251887700019,0,0,0
2025-12-24 17:45:00+00:00,8213,5.100000000084037,5.039046892756186,0,0,0
2025-12-24 18:00:00+00:00,8213,5.199999999831562,5.0507675370930745,0,0,0
2025-12-24 18:15:00+00:00,8213,5.400000000008731,5.083859440301195,0,0,0
2025-12-24 18:30:00+00:00,8213,5.300000000033833,5.194982817047416,0,0,0
2025-12-24 18:45:00+00:00,8213,5.400000000008731,5.208398916839346,0,0,0
2025-12-24 19:00:00+00:00,8213,5.200000000058935,5.221729035973144,0,0,0
2025-12-24 19:15:00+00:00,8213,5.499999999983629,5.2409567528779295,0,0,0
2025-12-24 19:30:00+00:00,8213,5.200000000058935,5.3880616063701705,0,0,0
2025-12-24 19:45:00+00:00,8213,5.300000000033833,5.367305459880972,0,0,0
2025-12-24 20:00:00+00:00,8213,5.499999999983629,5.353926505811439,0,0,0
2025-12-24 20:15:00+00:00,8213,5.400000000008731,5.37064000280672,0,0,0
2025-12-24 20:30:00+00:00,8213,5.699999999933425,5.3877987289501466,0,0,0
2025-12-24 20:45:00+00:00,8213,5.599999999958527,5.357566786606128,0,0,0
2025-12-24 21:00:00+00:00,8213,5.600000000185901,5.392295699202583,0,0,0
2025-12-24 21:15:00+00:00,8213,5.899999999883221,5.420436051639449,0,0,0
2025-12-24 21:30:00+00:00,8213,5.799999999908323,5.586297676618981,0,0,0
2025-12-24 21:45:00+00:00,8213,5.800000000135697,5.689083007608907,0,0,0
2025-12-24 22:00:00+00:00,8213,5.899999999883221,5.65757901909309,0,0,0
2025-12-24 22:15:00+00:00,8213,5.200000000058935,5.627978034509191,0,0,0
2025-12-24 22:30:00+00:00,8213,5.200000000058935,5.556321598166983,0,0,0
2025-12-24 22:45:00+00:00,8213,5.099999999856664,5.488205694665621,0,0,0
2025-12-24 23:00:00+00:00,8213,5.300000000033833,5.44647987872353,0,0,0
2025-12-24 23:15:00+00:00,8213,5.200000000058935,5.449681943898078,0,0,0
2025-12-24 23:30:00+00:00,8213,5.300000000033833,5.448836164372782,0,0,0
2025-12-24 23:45:00+00:00,8213,5.499999999983629,5.488811455676982,0,0,0
2025-12-25 00:00:00+00:00,8213,5.400000000008731,5.5251173730332885,0,0,0
2025-12-25 00:15:00+00:00,8213,5.599999999958527,5.481536089293533,0,0,0
2025-12-25 00:30:00+00:00,8213,5.599999999958527,5.52562312633051,0,0,0
2025-12-25 00:45:00+00:00,8213,5.599999999958527,5.624090202151969,0,0,0
2025-12-25 01:00:00+00:00,8213,5.599999999958527,5.702341952421474,0,0,0
2025-12-25 01:15:00+00:00,8213,5.700000000160799,5.716138341287431,0,0,0
2025-12-25 01:30:00+00:00,8213,5.799999999908323,5.702290000362181,0,0,0
2025-12-25 01:45:00+00:00,8213,5.600000000185901,5.740220718372889,0,0,0
2025-12-25 02:00:00+00:00,8213,5.699999999933425,5.769542460638087,0,0,0
2025-12-25 02:15:00+00:00,8213,5.699999999933425,5.786641961433919,0,0,0
2025-12-25 02:30:00+00:00,8213,5.800000000135697,5.769742216306069,0,0,0
2025-12-25 02:45:00+00:00,8213,5.999999999858119,5.792060041697628,0,0,0
2025-12-25 03:00:00+00:00,8213,6.0000000000854925,5.826430225324662,0,0,0
2025-12-25 03:15:00+00:00,8213,5.799999999908323,5.861028998012587,0,0,0
2025-12-25 03:30:00+00:00,8213,5.899999999883221,5.858735054834487,0,0,0
2025-12-25 03:45:00+00:00,8213,7.500000000163709,5.916268064097485,0,0,0
2025-12-25 04:00:00+00:00,8213,16.800000000102955,6.16330062555822,0,0,0
2025-12-25 04:15:00+00:00,8213,11.099999999942156,7.998135662873807,0,0,0
2025-12-25 04:30:00+00:00,8213,2.899999999954161,7.972497841133105,0,0,0
2025-12-25 04:45:00+00:00,8213,5.799999999908323,6.773031813290526,0,0,0
2025-12-25 05:00:00+00:00,8213,7.2000000000116415,7.129558015397448,0,0,0
2025-12-25 05:15:00+00:00,8213,7.599999999911233,7.66643683038261,0,0,0
2025-12-25 05:30:00+00:00,8213,7.700000000113505,7.676059910325527,0,0,0
2025-12-25 05:45:00+00:00,8213,7.599999999911233,7.655082188303444,0,0,0
2025-12-25 06:00:00+00:00,8213,7.600000000138607,7.665399867279115,0,0,0
2025-12-25 06:15:00+00:00,8213,7.599999999911233,7.530536477518178,0,0,0
2025-12-25 06:30:00+00:00,8213,7.2999999999865395,7.297914897784841,0,0,0
2025-12-25 06:45:00+00:00,8213,7.800000000088403,7.48815606562899,0,0,0
2025-12-25 07:00:00+00:00,8213,7.399999999961437,7.535670380017553,0,0,0
2025-12-25 07:15:00+00:00,8213,7.2000000000116415,7.365627133785495,0,0,0
2025-12-25 07:30:00+00:00,8213,7.2999999999865395,7.484741256771635,0,0,0
2025-12-25 07:45:00+00:00,8213,7.399999999961437,7.553669170959752,0,0,0
2025-12-25 08:00:00+00:00,8213,7.400000000188811,7.456640907420425,0,0,0
2025-12-25 08:15:00+00:00,8213,7.299999999759166,7.375891302140092,0,0,0
2025-12-25 08:30:00+00:00,8213,7.2999999999865395,7.236240010594676,0,0,0
2025-12-25 08:45:00+00:00,8213,7.300000000213913,7.232299966417864,0,0,0
2025-12-25 09:00:00+00:00,8213,7.399999999961437,7.259603371179512,0,0,0
2025-12-25 09:15:00+00:00,8213,7.599999999911233,7.249934053903825,0,0,0
2025-12-25 09:30:00+00:00,8213,7.599999999911233,7.213313047307903,0,0,0
2025-12-25 09:45:00+00:00,8213,7.2000000000116415,7.191912435523172,0,0,0
2025-12-25 10:00:00+00:00,8213,7.100000000036744,7.1539474291533285,0,0,0
2025-12-25 10:15:00+00:00,8213,6.900000000086948,7.068417714897411,0,0,0
2025-12-25 10:30:00+00:00,8213,7.100000000036744,6.96312024208035,0,0,0
2025-12-25 10:45:00+00:00,8213,6.900000000086948,6.871438884483501,0,0,0
2025-12-25 11:00:00+00:00,8213,6.699999999909778,6.815906289263594,0,0,0
2025-12-25 11:15:00+00:00,8213,6.200000000035288,6.716138074117131,0,0,0
2025-12-25 11:30:00+00:00,8213,6.300000000010186,6.546908397133608,0,0,0
2025-12-25 11:45:00+00:00,8213,6.199999999807915,6.384133243996697,0,0,0
2025-12-25 12:00:00+00:00,8213,6.0000000000854925,6.319924135354199,0,0,0
2025-12-25 12:15:00+00:00,8213,6.0000000000854925,6.12905071094845,0,0,0
2025-12-25 12:30:00+00:00,8213,5.699999999933425,6.0135028370725045,0,0,0
2025-12-25 12:45:00+00:00,8213,5.599999999958527,5.854942034985475,0,0,0
2025-12-25 13:00:00+00:00,8213,5.200000000058935,5.652775791451119,0,0,0
2025-12-25 13:15:00+00:00,8213,5.200000000058935,5.511184350251391,0,0,0
2025-12-25 13:30:00+00:00,8213,5.099999999856664,5.373001223901605,0,0,0
2025-12-25 13:45:00+00:00,8213,5.200000000058935,5.218157591657018,0,0,0
2025-12-25 14:00:00+00:00,8213,4.999999999881766,5.086113380393639,0,0,0
2025-12-25 14:15:00+00:00,8213,5.000000000109139,4.983130631578398,0,0,0
2025-12-25 14:30:00+00:00,8213,4.999999999881766,4.963389628327793,0,0,0
2025-12-25 14:45:00+00:00,8213,5.100000000084037,4.924382203888229,0,0,0
2025-12-25 15:00:00+00:00,8213,5.200000000058935,4.981242174223082,0,0,0
2025-12-25 15:15:00+00:00,8213,5.200000000058935,5.056698124421713,0,0,0
2025-12-25 15:30:00+00:00,8213,5.699999999933425,5.153011267864867,0,0,0
2025-12-25 15:45:00+00:00,8213,6.0000000000854925,5.332411079975667,0,0,0
2025-12-25 16:00:00+00:00,8213,5.899999999883221,5.393262007505441,0,0,0
2025-12-25 16:15:00+00:00,8213,6.300000000010186,5.448954095547378,0,0,0
2025-12-25 16:30:00+00:00,8213,6.300000000010186,5.570109155182859,0,0,0
2025-12-25 16:45:00+00:00,8213,6.300000000010186,5.650325472574545,0,0,0
2025-12-25 17:00:00+00:00,8213,6.399999999985084,5.7188021831277,0,0,0
2025-12-25 17:15:00+00:00,8213,6.399999999985084,5.81045938301698,0,0,0
2025-12-25 17:30:00+00:00,8213,6.600000000162254,5.939314517120634,0,0,0
2025-12-25 17:45:00+00:00,8213,6.499999999732609,6.017921619475706,0,0,0
2025-12-25 18:00:00+00:00,8213,6.600000000162254,6.064833289976464,0,0,0
2025-12-25 18:15:00+00:00,8213,6.59999999993488,6.143380127942757,0,0,0
2025-12-25 18:30:00+00:00,8213,6.59999999993488,6.279306456836837,0,0,0
2025-12-25 18:45:00+00:00,8213,6.80000000011205,6.341250975214734,0,0,0
2025-12-25 19:00:00+00:00,8213,6.799999999884676,6.3827450849723775,0,0,0
2025-12-25 19:15:00+00:00,8213,6.700000000137152,6.460664861582998,0,0,0
2025-12-25 19:30:00+00:00,8213,7.100000000036744,6.62319220339708,0,0,0
2025-12-25 19:45:00+00:00,8213,6.899999999859574,6.66924718444009,0,0,0
2025-12-25 20:00:00+00:00,8213,6.900000000086948,6.711427580900999,0,0,0
2025-12-25 20:15:00+00:00,8213,7.2000000000116415,6.762305791128808,0,0,0
2025-12-25 20:30:00+00:00,8213,7.100000000036744,6.844626946202768,0,0,0
2025-12-25 20:45:00+00:00,8213,6.999999999834472,6.818178152816495,0,0,0
2025-12-25 21:00:00+00:00,8213,7.100000000036744,6.863658024563128,0,0,0
2025-12-25 21:15:00+00:00,8213,6.900000000086948,6.89804301452706,0,0,0
2025-12-25 21:30:00+00:00,8213,6.699999999909778,7.027304933254982,0,0,0
2025-12-25 21:45:00+00:00,8213,7.100000000036744,6.991850250390197,0,0,0
2025-12-25 22:00:00+00:00,8213,7.2999999999865395,6.85703101987966,0,0,0
2025-12-25 22:15:00+00:00,8213,6.300000000010186,6.768798759499299,0,0,0
2025-12-25 22:30:00+00:00,8213,6.200000000035288,6.574526111853983,0,0,0
2025-12-25 22:45:00+00:00,8213,6.0000000000854925,6.3840968775551925,0,0,0
2025-12-25 23:00:00+00:00,8213,6.199999999807915,6.2706164358788286,0,0,0
2025-12-25 23:15:00+00:00,8213,6.1000000000603904,6.2390103615665,0,0,0
2025-12-25 23:30:00+00:00,8213,6.200000000035288,6.24375410410058,0,0,0
2025-12-25 23:45:00+00:00,8213,6.399999999985084,6.294803756124059,0,0,0
2025-12-26 00:00:00+00:00,8213,6.399999999985084,6.370369065407502,0,0,0
2025-12-26 00:15:00+00:00,8213,6.300000000010186,6.2925957936040895,0,0,0
2025-12-26 00:30:00+00:00,8213,6.399999999985084,6.305751094058365,0,0,0
2025-12-26 00:45:00+00:00,8213,6.300000000010186,6.376405375176804,0,0,0
2025-12-26 01:00:00+00:00,8213,6.300000000010186,6.411143119623338,0,0,0
2025-12-26 01:15:00+00:00,8213,6.399999999985084,6.41275103585847,0,0,0
2025-12-26 01:30:00+00:00,8213,6.59999999993488,6.402262434607724,0,0,0
2025-12-26 01:45:00+00:00,8213,6.399999999985084,6.435812035458218,0,0,0
2025-12-26 02:00:00+00:00,8213,6.399999999985084,6.454146436703455,0,0,0
2025-12-26 02:15:00+00:00,8213,6.400000000212458,6.455446277226976,0,0,0
2025-12-26 02:30:00+00:00,8213,6.300000000010186,6.437782057546626,0,0,0
2025-12-26 02:45:00+00:00,8213,6.59999999993488,6.470261445975677,0,0,0
2025-12-26 03:00:00+00:00,8213,6.59999999993488,6.5464236844204,0,0,0
2025-12-26 03:15:00+00:00,8213,6.300000000010186,6.620586807623516,0,0,0
2025-12-26 03:30:00+00:00,8213,6.399999999985084,6.626293221816303,0,0,0
2025-12-26 04:30:00+00:00,8213,3.199999999878856,6.684789162498305,0,0,0
2025-12-26 04:45:00+00:00,8213,6.399999999985084,6.689757337928533,0,0,0
2025-12-26 05:00:00+00:00,8213,7.2000000000116415,6.745538783512455,0,0,0
2025-12-26 05:15:00+00:00,8213,7.700000000113505,7.025707926952302,0,0,0
2025-12-26 05:30:00+00:00,8213,7.800000000088403,7.406507170202289,0,0,0
2025-12-26 05:45:00+00:00,8213,7.499999999936335,7.482105728803679,0,0,0
2025-12-26 06:00:00+00:00,8213,7.399999999961437,7.529478733590965,0,0,0
2025-12-26 06:15:00+00:00,8213,7.399999999961437,7.655515468477951,0,0,0
2025-12-26 06:30:00+00:00,8213,7.399999999961437,7.5484105835180735,0,0,0
2025-12-26 06:45:00+00:00,8213,7.2000000000116415,7.680675331273154,0,0,0
2025-12-26 07:00:00+00:00,8213,7.399999999961437,7.662752909858115,0,0,0
2025-12-26 07:15:00+00:00,8213,7.300000000213913,7.539892004355734,0,0,0
2025-12-26 07:30:00+00:00,8213,7.399999999734064,7.595984123254231,0,0,0
2025-12-26 07:45:00+00:00,8213,7.500000000163709,7.596444418499571,0,0,0
2025-12-26 08:00:00+00:00,8213,7.499999999936335,7.513030711618672,0,0,0
2025-12-26 08:15:00+00:00,8213,7.2000000000116415,7.535399709788633,0,0,0
2025-12-26 08:30:00+00:00,8213,7.399999999961437,7.540893640058911,0,0,0
2025-12-26 08:45:00+00:00,8213,7.499999999936335,7.574632865925828,0,0,0
2025-12-26 09:00:00+00:00,8213,7.600000000138607,7.616188798634029,0,0,0
2025-12-26 09:15:00+00:00,8213,7.499999999936335,7.615243790675482,0,0,0
2025-12-26 09:30:00+00:00,8213,7.100000000036744,7.561640694937733,0,0,0
2025-12-26 09:45:00+00:00,8213,6.900000000086948,7.364768366245373,0,0,0
2025-12-26 10:00:00+00:00,8213,6.899999999859574,7.190482195330823,0,0,0
2025-12-26 10:15:00+00:00,8213,6.700000000137152,7.107377083682128,0,0,0
2025-12-26 10:30:00+00:00,8213,6.499999999959982,6.756962002309889,0,0,0
2025-12-26 10:45:00+00:00,8213,5.899999999883221,6.493464274697296,0,0,0
2025-12-26 11:00:00+00:00,8213,5.700000000160799,6.263233528732643,0,0,0
2025-12-26 11:15:00+00:00,8213,5.499999999983629,5.942959213840362,0,0,0
2025-12-26 11:30:00+00:00,8213,5.29999999980646,5.597238520545876,0,0,0
2025-12-26 11:45:00+00:00,8213,5.500000000211003,5.477490842196652,0,0,0
2025-12-26 12:00:00+00:00,8213,5.3999999997813575,5.3241221289154055,0,0,0
2025-12-26 12:15:00+00:00,8213,5.200000000058935,5.068254860011532,0,0,0
2025-12-26 12:30:00+00:00,8213,5.000000000109139,4.851741016262115,0,0,0
2025-12-26 12:45:00+00:00,8213,4.999999999881766,4.650326778786031,0,0,0
2025-12-26 13:00:00+00:00,8213,4.699999999957072,4.486461671445143,0,0,0
2025-12-26 13:15:00+00:00,8213,4.800000000159344,4.445974652356904,0,0,0
2025-12-26 13:30:00+00:00,8213,4.599999999982174,4.315104038112962,0,0,0
2025-12-26 13:45:00+00:00,8213,4.199999999855208,4.259360517532325,0,0,0
2025-12-26 14:00:00+00:00,8213,4.200000000082582,4.065063192658844,0,0,0
2025-12-26 14:15:00+00:00,8213,4.100000000107684,3.874143271160027,0,0,0
2025-12-26 14:30:00+00:00,8213,3.7999999999556167,3.843583251561571,0,0,0
2025-12-26 14:45:00+00:00,8213,3.400000000056025,3.7802062850288047,0,0,0
2025-12-26 15:00:00+00:00,8213,3.2999999998537533,3.700684047149279,0,0,0
2025-12-26 15:15:00+00:00,8213,3.500000000030923,3.6251760150112062,0,0,0
2025-12-26 15:30:00+00:00,8213,3.8999999999305146,3.86926834967623,0,0,0
2025-12-26 15:45:00+00:00,8213,5.300000000033833,4.12512938433299,0,0,0
2025-12-26 16:00:00+00:00,8213,5.400000000008731,4.308564312889109,0,0,0
2025-12-26 16:15:00+00:00,8213,4.79999999993197,4.373796097818797,0,0,0
2025-12-26 16:30:00+00:00,8213,4.800000000159344,4.42855330855375,0,0,0
2025-12-26 16:45:00+00:00,8213,4.899999999906868,4.5174656213902615,0,0,0
2025-12-26 17:00:00+00:00,8213,5.000000000109139,4.618726419200224,0,0,0
2025-12-26 17:15:00+00:00,8213,5.199999999831562,4.710410114639743,0,0,0
2025-12-26 17:30:00+00:00,8213,5.300000000261207,4.835801604950305,0,0,0
2025-12-26 17:45:00+00:00,8213,5.29999999980646,4.9409273762114,0,0,0
2025-12-26 18:00:00+00:00,8213,5.100000000084037,4.984990775061398,0,0,0
2025-12-26 18:15:00+00:00,8213,5.200000000058935,5.032170777948407,0,0,0
2025-12-26 18:30:00+00:00,8213,5.3999999997813575,5.210132037537374,0,0,0
2025-12-26 18:45:00+00:00,8213,5.400000000008731,5.321952351159016,0,0,0
2025-12-26 19:00:00+00:00,8213,5.700000000160799,5.382301162035718,0,0,0
2025-12-26 19:15:00+00:00,8213,5.699999999933425,5.4372108520646965,0,0,0
2025-12-26 19:30:00+00:00,8213,5.499999999983629,5.558791918586384,0,0,0
2025-12-26 19:45:00+00:00,8213,5.600000000185901,5.612139669952707,0,0,0
2025-12-26 20:00:00+00:00,8213,5.599999999731153,5.652375241073967,0,0,0
2025-12-26 20:15:00+00:00,8213,5.600000000185901,5.657712016364881,0,0,0
2025-12-26 20:30:00+00:00,8213,5.699999999933425,5.672454452230571,0,0,0
2025-12-26 20:45:00+00:00,8213,5.799999999908323,5.630772276018286,0,0,0
2025-12-26 21:00:00+00:00,8213,6.0000000000854925,5.647965810041439,0,0,0
2025-12-26 21:15:00+00:00,8213,5.599999999958527,5.648043218609786,0,0,0
2025-12-26 21:30:00+00:00,8213,6.0000000000854925,5.724783943234742,0,0,0
2025-12-26 21:45:00+00:00,8213,5.699999999933425,5.803804324221494,0,0,0
2025-12-26 22:00:00+00:00,8213,5.9000000001105946,5.801649352802004,0,0,0
2025-12-26 22:15:00+00:00,8213,5.099999999856664,5.757222029776656,0,0,0
2025-12-26 22:30:00+00:00,8213,4.900000000134241,5.667574075780548,0,0,0
2025-12-26 22:45:00+00:00,8213,4.899999999906868,5.582621029382787,0,0,0
2025-12-26 23:00:00+00:00,8213,5.100000000084037,5.506440607717309,0,0,0
2025-12-26 23:15:00+00:00,8213,4.899999999906868,5.432938834229,0,0,0
2025-12-26 23:30:00+00:00,8213,5.000000000109139,5.423856834983623,0,0,0
2025-12-26 23:45:00+00:00,8213,4.899999999906868,5.417226972936895,0,0,0
2025-12-27 00:00:00+00:00,8213,4.800000000159344,5.3954782823548975,0,0,0
2025-12-27 00:15:00+00:00,8213,5.099999999856664,5.210496740993613,0,0,0
2025-12-27 00:30:00+00:00,8213,5.200000000058935,5.305710838622415,0,0,0
2025-12-27 00:45:00+00:00,8213,4.999999999881766,5.36708362458779,0,0,0
2025-12-27 01:00:00+00:00,8213,5.200000000058935,5.381838269187414,0,0,0
2025-12-27 01:15:00+00:00,8213,4.899999999906868,5.422890786441062,0,0,0
2025-12-27 01:30:00+00:00,8213,5.200000000058935,5.422618557650365,0,0,0
2025-12-27 01:45:00+00:00,8213,5.100000000084037,5.43811273981403,0,0,0
2025-12-27 02:00:00+00:00,8213,5.099999999856664,5.454142807469307,0,0,0
2025-12-27 02:15:00+00:00,8213,5.300000000033833,5.459867664643143,0,0,0
2025-12-27 02:30:00+00:00,8213,5.300000000033833,5.446211546337279,0,0,0
2025-12-27 02:45:00+00:00,8213,5.200000000058935,5.441952516516405,0,0,0
2025-12-27 03:00:00+00:00,8213,5.300000000033833,5.437529577948462,0,0,0
2025-12-27 03:15:00+00:00,8213,4.899999999906868,5.425364743504614,0,0,0
2025-12-27 03:30:00+00:00,8213,5.300000000033833,5.378197988392724,0,0,0
2025-12-27 03:45:00+00:00,8213,5.300000000033833,5.3885722951130255,0,0,0
2025-12-27 04:00:00+00:00,8213,5.199999999831562,5.419073349124183,0,0,0
2025-12-27 04:15:00+00:00,8213,5.400000000008731,5.438903969677069,0,0,0
2025-12-27 04:30:00+00:00,8213,5.100000000084037,5.426635750635228,0,0,0
2025-12-27 04:45:00+00:00,8213,5.400000000008731,5.415591522110339,0,0,0
2025-12-27 05:00:00+00:00,8213,5.499999999983629,5.428866052540693,0,0,0
2025-12-27 05:15:00+00:00,8213,5.200000000058935,5.448656670007923,0,0,0
2025-12-27 05:30:00+00:00,8213,5.300000000033833,5.426844857673883,0,0,0
2025-12-27 05:45:00+00:00,8213,5.300000000033833,5.415591262350043,0,0,0
2025-12-27 06:00:00+00:00,8213,5.29999999980646,5.42728411233521,0,0,0
2025-12-27 06:15:00+00:00,8213,5.499999999983629,5.454768829783792,0,0,0
2025-12-27 07:45:00+00:00,8213,5.499999999983629,5.43799948432477,0,0,0
2025-12-27 08:00:00+00:00,8213,5.500000000211003,5.363029026120236,0,0,0
2025-12-27 08:15:00+00:00,8213,5.400000000008731,5.4260886954508685,0,0,0
2025-12-27 08:30:00+00:00,8213,5.200000000058935,5.396311593385963,0,0,0
2025-12-27 08:45:00+00:00,8213,6.799999999884676,5.321837537107978,0,0,0
2025-12-27 09:00:00+00:00,8213,15.499999999974534,5.353226192052164,0,0,0
2025-12-27 09:15:00+00:00,8213,9.80000000004111,7.940984761006911,0,0,0
2025-12-27 09:30:00+00:00,8213,2.7999999999792635,8.119527883659963,0,0,0
2025-12-27 09:45:00+00:00,8213,5.099999999856664,6.508535567098313,0,0,0
2025-12-27 10:00:00+00:00,8213,5.499999999983629,6.729892901335653,0,0,0
2025-12-27 10:15:00+00:00,8213,6.1000000000603904,6.724376112159288,0,0,0
2025-12-27 10:30:00+00:00,8213,5.700000000160799,6.471246457019879,0,0,0
2025-12-27 10:45:00+00:00,8213,5.899999999883221,6.142562402529478,0,0,0
2025-12-27 11:00:00+00:00,8213,5.700000000160799,5.941474164225459,0,0,0
2025-12-27 11:15:00+00:00,8213,5.699999999933425,5.311680130235228,0,0,0
2025-12-27 11:30:00+00:00,8213,5.599999999958527,4.935230832909879,0,0,0
2025-12-27 11:45:00+00:00,8213,5.400000000008731,5.135346528663924,0,0,0
2025-12-27 12:00:00+00:00,8213,5.199999999831562,4.94215889977695,0,0,0
2025-12-27 12:15:00+00:00,8213,5.300000000033833,4.894027135163686,0,0,0
2025-12-27 12:30:00+00:00,8213,5.100000000084037,4.925673472321966,0,0,0
2025-12-27 12:45:00+00:00,8213,4.999999999881766,4.73269417119276,0,0,0
2025-12-27 13:00:00+00:00,8213,5.000000000109139,4.703671672789092,0,0,0
2025-12-27 13:15:00+00:00,8213,4.899999999906868,4.642057049987706,0,0,0
2025-12-27 13:30:00+00:00,8213,4.800000000159344,4.710410374400039,0,0,0
2025-12-27 13:45:00+00:00,8213,5.099999999856664,4.764967050186119,0,0,0
2025-12-27 14:00:00+00:00,8213,4.900000000134241,4.822344722791831,0,0,0
2025-12-27 14:15:00+00:00,8213,5.099999999856664,4.857772910106376,0,0,0
2025-12-27 14:30:00+00:00,8213,5.000000000109139,4.924217515860269,0,0,0
2025-12-27 14:45:00+00:00,8213,4.999999999881766,4.963325987055159,0,0,0
2025-12-27 15:00:00+00:00,8213,5.100000000084037,4.982590330161746,0,0,0
2025-12-27 15:15:00+00:00,8213,5.100000000084037,4.999073939294654,0,0,0
2025-12-27 15:30:00+00:00,8213,4.899999999906868,5.053557882197723,0,0,0
2025-12-27 15:45:00+00:00,8213,5.100000000084037,5.072070219246038,0,0,0
2025-12-27 16:00:00+00:00,8213,4.899999999906868,5.076098581923649,0,0,0
2025-12-27 16:15:00+00:00,8213,5.000000000109139,5.085200842472151,0,0,0
2025-12-27 16:30:00+00:00,8213,4.79999999993197,5.13861872911852,0,0,0
2025-12-27 16:45:00+00:00,8213,5.200000000058935,5.136247117611775,0,0,0
2025-12-27 17:00:00+00:00,8213,5.100000000084037,5.128529898964036,0,0,0
2025-12-27 17:15:00+00:00,8213,5.099999999856664,5.123172862369996,0,0,0
2025-12-27 17:30:00+00:00,8213,5.100000000084037,5.175573008174808,0,0,0
2025-12-27 17:45:00+00:00,8213,4.899999999906868,5.159221617032801,0,0,0
2025-12-27 18:00:00+00:00,8213,5.100000000084037,5.108874616611265,0,0,0
2025-12-27 18:15:00+00:00,8213,4.899999999906868,5.10644066263337,0,0,0
2025-12-27 18:30:00+00:00,8213,5.100000000084037,5.1721569005159695,0,0,0
2025-12-27 18:45:00+00:00,8213,5.300000000033833,5.166590237362682,0,0,0
2025-12-27 19:00:00+00:00,8213,4.999999999881766,5.136849501739282,0,0,0
2025-12-27 19:15:00+00:00,8213,4.899999999906868,5.1203858941492015,0,0,0
2025-12-27 19:30:00+00:00,8213,5.000000000109139,5.174578645759931,0,0,0
2025-12-27 19:45:00+00:00,8213,4.800000000159344,5.122556970707073,0,0,0
2025-12-27 20:00:00+00:00,8213,4.899999999906868,5.042219864777531,0,0,0
2025-12-27 20:15:00+00:00,8213,2.499999999827196,4.930687625324669,0,0,0
2025-12-27 20:30:00+00:00,8213,2.900000000181535,4.592037347539719,0,0,0
2025-12-27 20:45:00+00:00,8213,3.199999999878856,4.18314528798712,0,0,0
2025-12-27 21:00:00+00:00,8213,3.400000000056025,4.039466413044983,0,0,0
2025-12-27 21:15:00+00:00,8213,3.199999999878856,3.9162675593968985,0,0,0
2025-12-27 21:30:00+00:00,8213,3.400000000056025,3.874191196934725,0,0,0
2025-12-27 21:45:00+00:00,8213,3.100000000131331,3.847039362306064,0,0,0
2025-12-27 22:00:00+00:00,8213,3.0999999999039574,3.767464912606949,0,0,0
2025-12-27 22:15:00+00:00,8213,3.0999999999039574,3.661332700077193,0,0,0
2025-12-27 22:30:00+00:00,8213,2.900000000181535,3.631465461189414,0,0,0
2025-12-27 22:45:00+00:00,8213,3.0999999999039574,3.6034792764885015,0,0,0
2025-12-27 23:00:00+00:00,8213,3.100000000131331,3.5564372063189165,0,0,0
2025-12-27 23:15:00+00:00,8213,3.199999999878856,3.510903564190915,0,0,0
2025-12-27 23:30:00+00:00,8213,3.200000000106229,3.484153838501185,0,0,0
2025-12-27 23:45:00+00:00,8213,2.9999999999290594,3.4747136298069807,0,0,0
2025-12-28 00:00:00+00:00,8213,2.9999999999290594,3.4628388177341387,0,0,0
2025-12-28 00:15:00+00:00,8213,2.899999999954161,3.4536497972466176,0,0,0
2025-12-28 00:30:00+00:00,8213,2.900000000181535,3.4363272922362693,0,0,0
2025-12-28 00:45:00+00:00,8213,2.9999999999290594,3.409813169135435,0,0,0
2025-12-28 01:00:00+00:00,8213,2.7999999999792635,3.3904299856932143,0,0,0
2025-12-28 01:15:00+00:00,8213,2.899999999954161,3.382743808400903,0,0,0
2025-12-28 01:30:00+00:00,8213,2.800000000206637,3.379520442882044,0,0,0
2025-12-28 01:45:00+00:00,8213,2.79999999975189,3.3759669220263757,0,0,0
2025-12-28 02:00:00+00:00,8213,3.100000000131331,3.383279693892515,0,0,0
2025-12-28 02:15:00+00:00,8213,2.899999999954161,3.390324912653293,0,0,0
2025-12-28 02:30:00+00:00,8213,2.9999999999290594,3.3826819854503443,0,0,0
2025-12-28 02:45:00+00:00,8213,3.100000000131331,3.3749037231329355,0,0,0
2025-12-28 03:00:00+00:00,8213,2.899999999954161,3.390850927253639,0,0,0
2025-12-28 03:15:00+00:00,8213,2.899999999954161,3.4046910857295503,0,0,0
2025-12-28 03:30:00+00:00,8213,2.9999999999290594,3.396014702187107,0,0,0
2025-12-28 03:45:00+00:00,8213,3.000000000156433,3.389313665819147,0,0,0
2025-12-28 04:00:00+00:00,8213,3.0999999999039574,3.405938974193778,0,0,0
2025-12-28 04:15:00+00:00,8213,2.899999999954161,3.425269686056113,0,0,0
2025-12-28 04:30:00+00:00,8213,2.900000000181535,3.417785732154601,0,0,0
2025-12-28 04:45:00+00:00,8213,2.9999999999290594,3.4073851896443585,0,0,0
2025-12-28 05:00:00+00:00,8213,3.0999999999039574,3.4177480669116136,0,0,0
2025-12-28 05:15:00+00:00,8213,3.699999999980719,3.44569502780776,0,0,0
2025-12-28 05:30:00+00:00,8213,4.100000000107684,3.514657879755753,0,0,0
2025-12-28 05:45:00+00:00,8213,3.999999999905413,3.630039247281662,0,0,0
2025-12-28 06:00:00+00:00,8213,4.000000000132786,3.7429061351377695,0,0,0
2025-12-28 06:15:00+00:00,8213,3.999999999905413,3.880973408395331,0,0,0
2025-12-28 06:30:00+00:00,8213,4.200000000082582,3.966886788609132,0,0,0
2025-12-28 06:45:00+00:00,8213,4.199999999855208,4.00802528652091,0,0,0
2025-12-28 07:00:00+00:00,8213,4.400000000032378,4.07883308597456,0,0,0
2025-12-28 07:15:00+00:00,8213,4.30000000005748,4.111350659167192,0,0,0
2025-12-28 07:30:00+00:00,8213,4.500000000007276,4.17717729517579,0,0,0
2025-12-28 07:45:00+00:00,8213,4.599999999982174,4.244913169363421,0,0,0
2025-12-28 08:00:00+00:00,8213,4.900000000134241,4.324067846423446,0,0,0
2025-12-28 08:15:00+00:00,8213,4.999999999881766,4.517930072800345,0,0,0
2025-12-28 08:30:00+00:00,8213,4.899999999906868,4.950393560935251,0,0,0
2025-12-28 08:45:00+00:00,8213,6.900000000086948,6.668669477540748,0,0,0
2025-12-28 09:00:00+00:00,8213,14.10000000009859,8.301438538796415,0,0,0
2025-12-28 09:15:00+00:00,8213,9.600000000091311,9.318878058410318,0,0,0
2025-12-28 09:30:00+00:00,8213,2.599999999802094,8.425784753673993,0,0,0
2025-12-28 09:45:00+00:00,8213,4.79999999993197,6.7446587156280255,0,0,0
2025-12-28 10:00:00+00:00,8213,5.400000000008731,5.905594253755359,0,0,0
2025-12-28 10:15:00+00:00,8213,5.9000000001105946,5.914180890115373,0,0,0
2025-12-28 10:30:00+00:00,8213,5.899999999883221,5.800104038798322,0,0,0
2025-12-28 10:45:00+00:00,8213,5.800000000135697,5.8293044730050685,0,0,0
2025-12-28 11:00:00+00:00,8213,5.799999999908323,5.869454582988791,0,0,0
2025-12-28 11:15:00+00:00,8213,5.700000000160799,5.490133895346295,0,0,0
2025-12-28 11:30:00+00:00,8213,5.599999999958527,5.22259325847949,0,0,0
2025-12-28 11:45:00+00:00,8213,5.599999999958527,5.440549031634594,0,0,0
2025-12-28 12:00:00+00:00,8213,5.300000000033833,5.39953885530927,0,0,0
2025-12-28 12:15:00+00:00,8213,5.699999999933425,5.307276673689518,0,0,0
2025-12-28 12:30:00+00:00,8213,5.400000000008731,5.239237659235911,0,0,0
2025-12-28 12:45:00+00:00,8213,5.400000000008731,5.156193331496588,0,0,0
2025-12-28 13:00:00+00:00,8213,5.200000000058935,5.082537779912771,0,0,0
2025-12-28 13:15:00+00:00,8213,5.199999999831562,5.0989257972565785,0,0,0
2025-12-28 13:30:00+00:00,8213,5.400000000008731,5.133223767521196,0,0,0
2025-12-28 13:45:00+00:00,8213,5.400000000008731,5.161074227467204,0,0,0
2025-12-28 14:00:00+00:00,8213,5.100000000084037,5.1789665166878525,0,0,0
2025-12-28 14:15:00+00:00,8213,5.400000000008731,5.192629648521722,0,0,0
2025-12-28 14:30:00+00:00,8213,5.300000000033833,5.240119025921823,0,0,0
2025-12-28 14:45:00+00:00,8213,5.499999999983629,5.253649939764791,0,0,0
2025-12-28 15:00:00+00:00,8213,5.200000000058935,5.262758694320704,0,0,0
2025-12-28 15:15:00+00:00,8213,5.29999999980646,5.260427345659911,0,0,0
2025-12-28 15:30:00+00:00,8213,5.100000000084037,5.3065231090694684,0,0,0
2025-12-28 15:45:00+00:00,8213,5.300000000033833,5.283951238107965,0,0,0
2025-12-28 16:00:00+00:00,8213,5.499999999983629,5.310127802703541,0,0,0
2025-12-28 16:15:00+00:00,8213,5.300000000033833,5.365703258372364,0,0,0
2025-12-28 16:30:00+00:00,8213,5.400000000008731,5.448294564154648,0,0,0
2025-12-28 16:45:00+00:00,8213,5.499999999983629,5.460186650287206,0,0,0
2025-12-28 17:00:00+00:00,8213,5.400000000008731,5.445362909448721,0,0,0
2025-12-28 17:15:00+00:00,8213,5.200000000058935,5.455600842013376,0,0,0
2025-12-28 17:30:00+00:00,8213,5.499999999983629,5.506861159637289,0,0,0
2025-12-28 17:45:00+00:00,8213,5.599999999958527,5.484587493496131,0,0,0
2025-12-28 18:00:00+00:00,8213,5.400000000008731,5.4627250279042805,0,0,0
2025-12-28 18:15:00+00:00,8213,5.400000000008731,5.457715290826618,0,0,0
2025-12-28 18:30:00+00:00,8213,5.499999999983629,5.578157827968891,0,0,0
2025-12-28 18:45:00+00:00,8213,5.599999999958527,5.534679149546239,0,0,0
2025-12-28 19:00:00+00:00,8213,5.599999999958527,5.485326771299876,0,0,0
2025-12-28 19:15:00+00:00,8213,5.599999999958527,5.504094972240212,0,0,0
2025-12-28 19:30:00+00:00,8213,5.600000000185901,5.738805544277737,0,0,0
2025-12-28 19:45:00+00:00,8213,5.400000000008731,5.660141814178035,0,0,0
2025-12-28 20:00:00+00:00,8213,5.699999999933425,5.489614374753361,0,0,0
2025-12-28 20:15:00+00:00,8213,4.79999999993197,5.366368764251913,0,0,0
2025-12-28 20:30:00+00:00,8213,4.400000000032378,5.161208263780181,0,0,0
2025-12-28 20:45:00+00:00,8213,4.500000000007276,4.929115036489859,0,0,0
2025-12-28 21:00:00+00:00,8213,4.400000000032378,4.889646537524065,0,0,0
2025-12-28 21:15:00+00:00,8213,4.599999999982174,4.835398456970188,0,0,0
2025-12-28 21:30:00+00:00,8213,4.400000000032378,4.881930098157216,0,0,0
2025-12-28 21:45:00+00:00,8213,4.699999999957072,4.893980378310321,0,0,0
2025-12-28 22:00:00+00:00,8213,4.599999999982174,4.867867195227085,0,0,0
2025-12-28 22:15:00+00:00,8213,4.599999999982174,4.825904477894615,0,0,0
2025-12-28 22:30:00+00:00,8213,4.7000000001844455,4.831361781963091,0,0,0
2025-12-28 22:45:00+00:00,8213,4.699999999729698,4.869154827016672,0,0,0
2025-12-28 23:00:00+00:00,8213,4.7000000001844455,4.892710669981191,0,0,0
2025-12-28 23:15:00+00:00,8213,4.599999999982174,4.897458308919719,0,0,0
2025-12-28 23:30:00+00:00,8213,4.899999999906868,4.8945409410300975,0,0,0
2025-12-28 23:45:00+00:00,8213,4.699999999957072,4.918590848078496,0,0,0
2025-12-29 00:00:00+00:00,8213,4.7000000001844455,4.93066190905532,0,0,0
2025-12-29 00:15:00+00:00,8213,4.500000000007276,4.9723742174619945,0,0,0
2025-12-29 00:30:00+00:00,8213,4.699999999957072,4.864421215134152,0,0,0
2025-12-29 00:45:00+00:00,8213,4.79999999993197,4.83141918898861,0,0,0
2025-12-29 01:00:00+00:00,8213,4.699999999957072,4.859421868468349,0,0,0
2025-12-29 01:15:00+00:00,8213,4.79999999993197,4.823053348880594,0,0,0
2025-12-29 01:30:00+00:00,8213,4.800000000159344,4.810378085454188,0,0,0
2025-12-29 01:45:00+00:00,8213,4.699999999957072,4.8382911476316455,0,0,0
2025-12-29 02:00:00+00:00,8213,4.800000000159344,4.885383871059042,0,0,0
2025-12-29 02:15:00+00:00,8213,4.499999999779902,4.917353350026128,0,0,0
2025-12-29 03:00:00+00:00,8213,4.699999999957072,4.880557005230092,0,0,0
2025-12-29 03:15:00+00:00,8213,5.000000000109139,4.923157693850683,0,0,0
2025-12-29 03:30:00+00:00,8213,4.79999999993197,5.00296073261069,0,0,0
2025-12-29 03:45:00+00:00,8213,6.499999999959982,5.074582101312875,0,0,0
2025-12-29 04:00:00+00:00,8213,14.70000000017535,5.882946013266697,0,0,0
2025-12-29 04:15:00+00:00,8213,9.399999999914144,8.610953322448733,0,0,0
2025-12-29 04:30:00+00:00,8213,2.499999999827196,7.860722985563344,0,0,0
2025-12-29 04:45:00+00:00,8213,4.500000000007276,5.971093332030113,0,0,0
2025-12-29 05:00:00+00:00,8213,5.300000000033833,5.977240819206301,0,0,0
2025-12-29 05:15:00+00:00,8213,5.800000000135697,6.3591328740235245,0,0,0
2025-12-29 05:30:00+00:00,8213,5.899999999883221,6.25916048728404,0,0,0
2025-12-29 05:45:00+00:00,8213,5.9000000001105946,6.205007738758965,0,0,0
2025-12-29 06:00:00+00:00,8213,5.799999999908323,6.205057093215295,0,0,0
2025-12-29 06:15:00+00:00,8213,5.9000000001105946,5.934554149927578,0,0,0
2025-12-29 06:30:00+00:00,8213,5.799999999908323,5.65958774546567,0,0,0
2025-12-29 06:45:00+00:00,8213,5.599999999958527,5.927360867797814,0,0,0
2025-12-29 07:00:00+00:00,8213,5.600000000185901,5.992971643000049,0,0,0
2025-12-29 07:15:00+00:00,8213,5.699999999933425,5.800614467780878,0,0,0
2025-12-29 07:30:00+00:00,8213,5.799999999908323,5.929046192601293,0,0,0
2025-12-29 07:45:00+00:00,8213,5.700000000160799,5.98705352416564,0,0,0
2025-12-29 08:00:00+00:00,8213,5.29999999980646,5.84827528697665,0,0,0
2025-12-29 08:15:00+00:00,8213,5.800000000135697,5.679808006463256,0,0,0
2025-12-29 08:30:00+00:00,8213,5.599999999958527,5.448851490230274,0,0,0
2025-12-29 08:45:00+00:00,8213,5.300000000033833,5.402572076291115,0,0,0
2025-12-29 09:00:00+00:00,8213,5.499999999983629,5.676626462352129,0,0,0
2025-12-29 09:15:00+00:00,8213,5.400000000008731,5.666789599685218,0,0,0
2025-12-29 09:30:00+00:00,8213,5.400000000008731,5.431808357418776,0,0,0
2025-12-29 09:45:00+00:00,8213,5.499999999983629,5.350427794378325,0,0,0
2025-12-29 10:00:00+00:00,8213,5.499999999983629,5.243625010643239,0,0,0
2025-12-29 10:15:00+00:00,8213,5.199999999831562,5.182679530365553,0,0,0
2025-12-29 10:30:00+00:00,8213,5.200000000058935,5.092812338679227,0,0,0
2025-12-29 10:45:00+00:00,8213,5.300000000033833,5.058626325102388,0,0,0
2025-12-29 11:00:00+00:00,8213,5.200000000058935,5.086787977883564,0,0,0
2025-12-29 11:15:00+00:00,8213,5.000000000109139,5.063213172417402,0,0,0
2025-12-29 11:30:00+00:00,8213,5.099999999856664,5.005674708188177,0,0,0
2025-12-29 11:45:00+00:00,8213,4.899999999906868,4.960533044347545,0,0,0
2025-12-29 12:00:00+00:00,8213,5.000000000109139,4.91375489063917,0,0,0
2025-12-29 12:15:00+00:00,8213,4.999999999881766,4.863924813207604,0,0,0
2025-12-29 12:30:00+00:00,8213,4.800000000159344,4.872566258990172,0,0,0
2025-12-29 12:45:00+00:00,8213,4.899999999906868,4.842670706230079,0,0,0
2025-12-29 13:00:00+00:00,8213,4.79999999993197,4.774787288194055,0,0,0
2025-12-29 13:15:00+00:00,8213,4.599999999982174,4.740199685198878,0,0,0
2025-12-29 13:30:00+00:00,8213,4.800000000159344,4.725208398969173,0,0,0
2025-12-29 13:45:00+00:00,8213,4.79999999993197,4.678008654299632,0,0,0
2025-12-29 14:00:00+00:00,8213,4.900000000134241,4.639052142878176,0,0,0
2025-12-29 14:15:00+00:00,8213,4.399999999805004,4.603684219952411,0,0,0
2025-12-29 14:30:00+00:00,8213,4.7000000001844455,4.65275605707859,0,0,0
2025-12-29 14:45:00+00:00,8213,4.599999999982174,4.672301980346548,0,0,0
2025-12-29 15:00:00+00:00,8213,4.699999999957072,4.678478560675941,0,0,0
2025-12-29 15:15:00+00:00,8213,4.699999999957072,4.687819281176599,0,0,0
2025-12-29 15:30:00+00:00,8213,4.699999999957072,4.725461405497931,0,0,0
2025-12-29 15:45:00+00:00,8213,4.699999999957072,4.724244428508984,0,0,0
2025-12-29 16:00:00+00:00,8213,4.7000000001844455,4.711481625862669,0,0,0
2025-12-29 16:15:00+00:00,8213,4.899999999906868,4.702432356414647,0,0,0
2025-12-29 16:30:00+00:00,8213,4.800000000159344,4.72866424995337,0,0,0
2025-12-29 16:45:00+00:00,8213,4.5999999997548,4.705278549983037,0,0,0
2025-12-29 17:00:00+00:00,8213,4.800000000159344,4.664933360016668,0,0,0
2025-12-29 17:15:00+00:00,8213,4.599999999982174,4.648858613590399,0,0,0
2025-12-29 17:30:00+00:00,8213,4.79999999993197,4.675879399149492,0,0,0
2025-12-29 17:45:00+00:00,8213,4.800000000159344,4.654534895588796,0,0,0
2025-12-29 18:00:00+00:00,8213,4.500000000007276,4.6165272885303335,0,0,0
2025-12-29 18:15:00+00:00,8213,4.500000000007276,4.590185776146502,0,0,0
2025-12-29 18:30:00+00:00,8213,4.5999999997548,4.613463156073209,0,0,0
2025-12-29 18:45:00+00:00,8213,4.7000000001844455,4.579020759083757,0,0,0
2025-12-29 19:00:00+00:00,8213,4.500000000007276,4.555421276389431,0,0,0
2025-12-29 19:15:00+00:00,8213,4.499999999779902,4.522142865288448,0,0,0
2025-12-29 19:30:00+00:00,8213,4.600000000209548,4.523354906831763,0,0,0
2025-12-29 19:45:00+00:00,8213,4.500000000007276,4.510774715673865,0,0,0
2025-12-29 20:00:00+00:00,8213,4.499999999779902,4.51347414467475,0,0,0
2025-12-29 20:15:00+00:00,8213,4.400000000032378,4.525887050201723,0,0,0
2025-12-29 20:30:00+00:00,8213,4.599999999982174,4.544855006810042,0,0,0
2025-12-29 20:45:00+00:00,8213,4.500000000007276,4.549344444013881,0,0,0
2025-12-29 21:00:00+00:00,8213,4.599999999982174,4.5450565808001,0,0,0
2025-12-29 21:15:00+00:00,8213,4.7000000001844455,4.504359675392315,0,0,0
2025-12-29 21:30:00+00:00,8213,4.599999999982174,4.625531099926474,0,0,0
2025-12-29 21:45:00+00:00,8213,4.699999999957072,4.65358832906847,0,0,0
2025-12-29 22:00:00+00:00,8213,4.599999999982174,4.559063635266492,0,0,0
2025-12-29 22:15:00+00:00,8213,1.299999999901047,4.4702528887058985,0,0,0
2025-12-29 22:30:00+00:00,8213,2.100000000154978,3.0506470231355194,0,0,0
2025-12-29 22:45:00+00:00,8213,2.600000000029468,2.8859189920897697,0,0,0
2025-12-29 23:00:00+00:00,8213,2.899999999954161,3.3390064087229714,0,0,0
2025-12-29 23:15:00+00:00,8213,2.899999999954161,3.4204355469388616,0,0,0
2025-12-29 23:30:00+00:00,8213,2.7999999999792635,3.385031777092185,0,0,0
2025-12-29 23:45:00+00:00,8213,2.900000000181535,3.3652341460969506,0,0,0
2025-12-30 00:00:00+00:00,8213,2.9999999999290594,3.3210608686415477,0,0,0
2025-12-30 00:15:00+00:00,8213,3.300000000081127,3.335445614579001,0,0,0
2025-12-30 00:30:00+00:00,8213,3.399999999828651,3.4371425499267314,0,0,0
2025-12-30 00:45:00+00:00,8213,3.300000000081127,3.4642797080986414,0,0,0
2025-12-30 01:00:00+00:00,8213,3.399999999828651,3.471709761738636,0,0,0
2025-12-30 01:15:00+00:00,8213,3.200000000106229,3.4902456070937817,0,0,0
2025-12-30 01:30:00+00:00,8213,3.500000000030923,3.5048219262498805,0,0,0
2025-12-30 01:45:00+00:00,8213,3.500000000030923,3.570830784106451,0,0,0
2025-12-30 02:00:00+00:00,8213,3.500000000030923,3.615214207641696,0,0,0
2025-12-30 02:15:00+00:00,8213,3.2999999998537533,3.650503423197631,0,0,0
2025-12-30 02:30:00+00:00,8213,3.400000000056025,3.664769718439896,0,0,0
2025-12-30 02:45:00+00:00,8213,3.500000000030923,3.710683130121332,0,0,0
2025-12-30 03:00:00+00:00,8213,3.400000000056025,3.782351385557029,0,0,0
2025-12-30 03:15:00+00:00,8213,3.699999999980719,3.835374046912323,0,0,0
2025-12-30 03:30:00+00:00,8213,3.6000000000058208,3.899483797241423,0,0,0
2025-12-30 03:45:00+00:00,8213,4.999999999881766,4.182485496834094,0,0,0
2025-12-30 04:00:00+00:00,8213,13.300000000072032,6.0269165990217655,0,0,0
2025-12-30 04:15:00+00:00,8213,9.500000000116415,7.92264932072049,0,0,0
2025-12-30 04:30:00+00:00,8213,2.2999999998774,6.989863084122224,0,0,0
2025-12-30 04:45:00+00:00,8213,4.200000000082582,5.159924008874448,0,0,0
2025-12-30 05:00:00+00:00,8213,4.899999999906868,5.256472495146202,0,0,0
2025-12-30 05:15:00+00:00,8213,5.200000000058935,5.774033716164002,0,0,0
2025-12-30 05:30:00+00:00,8213,5.400000000008731,5.74453949306195,0,0,0
2025-12-30 05:45:00+00:00,8213,5.099999999856664,5.738696964473814,0,0,0
2025-12-30 06:00:00+00:00,8213,5.599999999958527,5.771602879309663,0,0,0
2025-12-30 06:15:00+00:00,8213,5.300000000261207,5.588196784146452,0,0,0
2025-12-30 06:30:00+00:00,8213,5.499999999756255,5.403954260828616,0,0,0
2025-12-30 06:45:00+00:00,8213,5.600000000185901,5.610489672549548,0,0,0
2025-12-30 07:00:00+00:00,8213,5.3999999997813575,5.753351081838704,0,0,0
2025-12-30 07:15:00+00:00,8213,5.400000000008731,5.554020901221175,0,0,0
2025-12-30 07:30:00+00:00,8213,5.700000000160799,5.675916537461884,0,0,0
2025-12-30 07:45:00+00:00,8213,5.300000000033833,5.725147607649797,0,0,0
2025-12-30 08:00:00+00:00,8213,5.699999999933425,5.662521738014265,0,0,0
2025-12-30 08:15:00+00:00,8213,5.599999999958527,5.587806104660565,0,0,0
2025-12-30 08:30:00+00:00,8213,5.400000000008731,5.432880647922591,0,0,0
2025-12-30 08:45:00+00:00,8213,5.400000000008731,5.372114402249467,0,0,0
2025-12-30 09:00:00+00:00,8213,5.499999999983629,5.506532043341666,0,0,0
2025-12-30 09:15:00+00:00,8213,5.300000000033833,5.596198440318822,0,0,0
2025-12-30 09:30:00+00:00,8213,5.699999999933425,5.454956896238434,0,0,0
2025-12-30 09:45:00+00:00,8213,5.500000000211003,5.415639058244592,0,0,0
2025-12-30 10:00:00+00:00,8213,5.599999999731153,5.40577440122596,0,0,0
2025-12-30 10:15:00+00:00,8213,5.500000000211003,5.344257708056343,0,0,0
2025-12-30 10:30:00+00:00,8213,5.200000000058935,5.208926749761766,0,0,0
2025-12-30 10:45:00+00:00,8213,5.099999999856664,5.116604303753235,0,0,0
2025-12-30 11:00:00+00:00,8213,4.900000000134241,5.071830200732103,0,0,0
2025-12-30 11:15:00+00:00,8213,5.199999999831562,4.992278869699373,0,0,0
2025-12-30 11:30:00+00:00,8213,5.100000000084037,4.9346240328573305,0,0,0
2025-12-30 11:45:00+00:00,8213,4.699999999957072,4.852995918254347,0,0,0
2025-12-30 12:00:00+00:00,8213,4.999999999881766,4.805652006620267,0,0,0
2025-12-30 12:15:00+00:00,8213,4.7000000001844455,4.766436254422937,0,0,0
2025-12-30 12:30:00+00:00,8213,4.899999999906868,4.706550855915133,0,0,0
2025-12-30 12:45:00+00:00,8213,4.699999999957072,4.626505201038226,0,0,0
2025-12-30 13:00:00+00:00,8213,4.600000000209548,4.574259612609813,0,0,0
2025-12-30 13:15:00+00:00,8213,4.399999999805004,4.409866672346505,0,0,0
2025-12-30 13:30:00+00:00,8213,4.400000000032378,4.2884058748420815,0,0,0
2025-12-30 13:45:00+00:00,8213,4.400000000032378,4.107039677287025,0,0,0
2025-12-30 14:00:00+00:00,8213,3.2999999998537533,4.092412574992967,0,0,0
2025-12-30 14:15:00+00:00,8213,3.6000000000058208,3.9978302144051727,0,0,0
2025-12-30 14:30:00+00:00,8213,3.6000000000058208,3.850173630043236,0,0,0
2025-12-30 14:45:00+00:00,8213,3.8000000001829903,3.840262475931537,0,0,0
2025-12-30 15:00:00+00:00,8213,3.6000000000058208,3.815370945522584,0,0,0
2025-12-30 15:15:00+00:00,8213,3.7999999999556167,3.797219285645912,0,0,0
2025-12-30 15:30:00+00:00,8213,3.8999999999305146,3.827676829807413,0,0,0
2025-12-30 15:45:00+00:00,8213,3.8000000001829903,4.003686770049319,0,0,0
2025-12-30 16:00:00+00:00,8213,5.899999999883221,4.062077507811251,0,0,0
2025-12-30 16:15:00+00:00,8213,5.499999999983629,4.186025769914643,0,0,0
2025-12-30 16:30:00+00:00,8213,4.599999999982174,4.384995663000973,0,0,0
2025-12-30 16:45:00+00:00,8213,4.800000000159344,4.473189478857458,0,0,0
2025-12-30 17:00:00+00:00,8213,4.999999999881766,4.582715329780408,0,0,0
2025-12-30 17:15:00+00:00,8213,5.099999999856664,4.7107857280284335,0,0,0
2025-12-30 17:30:00+00:00,8213,5.200000000058935,4.922281782130996,0,0,0
2025-12-30 17:45:00+00:00,8213,5.300000000033833,4.9888858807069205,0,0,0
2025-12-30 18:00:00+00:00,8213,5.200000000058935,5.039775520387776,0,0,0
2025-12-30 18:15:00+00:00,8213,5.099999999856664,5.058305780896548,0,0,0
2025-12-30 18:30:00+00:00,8213,5.300000000033833,5.153131277121835,0,0,0
2025-12-30 18:45:00+00:00,8213,5.100000000084037,5.184636564439135,0,0,0
2025-12-30 19:00:00+00:00,8213,5.300000000033833,5.17304138432544,0,0,0
2025-12-30 19:15:00+00:00,8213,5.499999999983629,5.19672580863671,0,0,0
2025-12-30 19:30:00+00:00,8213,5.400000000008731,5.337107805896089,0,0,0
2025-12-30 19:45:00+00:00,8213,5.199999999831562,5.327360041010866,0,0,0
2025-12-30 20:00:00+00:00,8213,5.200000000058935,5.299378921635736,0,0,0
2025-12-30 20:15:00+00:00,8213,5.300000000033833,5.2299927902846495,0,0,0
2025-12-30 20:30:00+00:00,8213,5.600000000185901,5.224842782646894,0,0,0
2025-12-30 20:45:00+00:00,8213,5.599999999731153,5.177830584911403,0,0,0
2025-12-30 21:00:00+00:00,8213,5.500000000211003,5.203541139535115,0,0,0
2025-12-30 21:15:00+00:00,8213,5.3999999997813575,5.19056299560303,0,0,0
2025-12-30 21:30:00+00:00,8213,5.300000000261207,5.2783461304308,0,0,0
2025-12-30 21:45:00+00:00,8213,5.400000000008731,5.326528548301876,0,0,0
2025-12-30 22:00:00+00:00,8213,5.499999999756255,5.268798380973858,0,0,0
2025-12-30 22:15:00+00:00,8213,4.000000000132786,5.225029550300054,0,0,0
2025-12-30 22:30:00+00:00,8213,4.199999999855208,4.976399722776344,0,0,0
2025-12-30 22:45:00+00:00,8213,4.100000000107684,4.745647378136384,0,0,0
2025-12-30 23:00:00+00:00,8213,4.30000000005748,4.6674631655439605,0,0,0
2025-12-30 23:15:00+00:00,8213,4.299999999830106,4.661073062250871,0,0,0
2025-12-30 23:30:00+00:00,8213,4.400000000259752,4.66933733608297,0,0,0
2025-12-30 23:45:00+00:00,8213,4.099999999880311,4.690284666150367,0,0,0
2025-12-31 00:00:00+00:00,8213,4.30000000005748,4.671617252205061,0,0,0
2025-12-31 00:15:00+00:00,8213,4.199999999855208,4.628537046077191,0,0,0
2025-12-31 00:30:00+00:00,8213,4.30000000005748,4.633395342902013,0,0,0
2025-12-31 00:45:00+00:00,8213,4.30000000005748,4.673512463328084,0,0,0
2025-12-31 01:00:00+00:00,8213,4.400000000032378,4.688205544737444,0,0,0
2025-12-31 01:15:00+00:00,8213,4.099999999880311,4.650302880838756,0,0,0
2025-12-31 01:30:00+00:00,8213,4.100000000107684,4.619624410545111,0,0,0
2025-12-31 01:45:00+00:00,8213,4.299999999830106,4.626884970591661,0,0,0
2025-12-31 02:00:00+00:00,8213,4.30000000005748,4.648859912391881,0,0,0
2025-12-31 02:15:00+00:00,8213,4.400000000032378,4.646597140449357,0,0,0
2025-12-31 02:30:00+00:00,8213,4.200000000082582,4.620537467987192,0,0,0
2025-12-31 02:45:00+00:00,8213,4.199999999855208,4.630720331368996,0,0,0
2025-12-31 03:00:00+00:00,8213,4.400000000032378,4.657637472569798,0,0,0
2025-12-31 05:15:00+00:00,8213,5.499999999983629,4.674823213784057,0,0,0
2025-12-31 05:30:00+00:00,8213,5.899999999883221,5.013939241780573,0,0,0
2025-12-31 05:45:00+00:00,8213,5.699999999933425,5.729752118664971,0,0,0
2025-12-31 06:00:00+00:00,8213,5.700000000160799,5.89457652078071,0,0,0
2025-12-31 06:15:00+00:00,8213,5.599999999958527,6.461056580110069,0,0,0
2025-12-31 06:30:00+00:00,8213,5.700000000160799,5.611404548313705,0,0,0
2025-12-31 06:45:00+00:00,8213,5.499999999983629,5.50258342707507,0,0,0
2025-12-31 07:00:00+00:00,8213,5.599999999958527,5.759887170418407,0,0,0
2025-12-31 07:15:00+00:00,8213,5.699999999933425,5.744624954199487,0,0,0
2025-12-31 07:30:00+00:00,8213,5.599999999958527,5.793787967189726,0,0,0
2025-12-31 07:45:00+00:00,8213,5.599999999958527,5.786701186781512,0,0,0
2025-12-31 08:00:00+00:00,8213,5.9000000001105946,5.744691193075086,0,0,0
2025-12-31 08:15:00+00:00,8213,5.499999999983629,5.710477904667118,0,0,0
2025-12-31 08:30:00+00:00,8213,5.499999999983629,5.577514141954245,0,0,0
2025-12-31 08:45:00+00:00,8213,5.799999999908323,5.483429741854778,0,0,0
2025-12-31 09:00:00+00:00,8213,5.599999999958527,5.502743439417694,0,0,0
2025-12-31 09:15:00+00:00,8213,5.600000000185901,5.469598804869391,0,0,0
2025-12-31 09:30:00+00:00,8213,5.599999999958527,5.371992834430721,0,0,0
2025-12-31 09:45:00+00:00,8213,5.699999999933425,5.3281208789192185,0,0,0
2025-12-31 10:00:00+00:00,8213,5.300000000033833,5.307016134112162,0,0,0
2025-12-31 10:15:00+00:00,8213,5.499999999983629,5.256966039709489,0,0,0
2025-12-31 10:30:00+00:00,8213,5.599999999958527,5.216257704848658,0,0,0
2025-12-31 10:45:00+00:00,8213,5.500000000211003,5.203354891402549,0,0,0
2025-12-31 11:00:00+00:00,8213,5.199999999831562,5.0624845447858124,0,0,0
2025-12-31 11:15:00+00:00,8213,5.300000000033833,5.022835512413975,0,0,0
2025-12-31 11:30:00+00:00,8213,4.999999999881766,4.98059900772903,0,0,0
2025-12-31 11:45:00+00:00,8213,5.000000000109139,4.944532329605769,0,0,0
2025-12-31 12:00:00+00:00,8213,4.999999999881766,4.758787612493466,0,0,0
2025-12-31 12:15:00+00:00,8213,5.000000000109139,4.654141618499946,0,0,0
2025-12-31 12:30:00+00:00,8213,4.599999999982174,4.62967817305957,0,0,0
2025-12-31 12:45:00+00:00,8213,4.899999999906868,4.547500145908966,0,0,0
2025-12-31 13:00:00+00:00,8213,4.800000000159344,4.539130409396501,0,0,0
2025-12-31 13:15:00+00:00,8213,4.500000000007276,4.556800603563671,0,0,0
2025-12-31 13:30:00+00:00,8213,4.79999999993197,4.556214324574545,0,0,0
2025-12-31 13:45:00+00:00,8213,4.30000000005748,4.473409236068269,0,0,0
2025-12-31 14:00:00+00:00,8213,4.599999999982174,4.448982936350289,0,0,0
2025-12-31 14:15:00+00:00,8213,4.599999999982174,4.466160884755652,0,0,0
2025-12-31 14:30:00+00:00,8213,4.30000000005748,4.512712527485508,0,0,0
2025-12-31 14:45:00+00:00,8213,4.79999999993197,4.505970708751003,0,0,0
2025-12-31 15:00:00+00:00,8213,4.599999999982174,4.490225598140951,0,0,0
2025-12-31 15:15:00+00:00,8213,4.599999999982174,4.480734476428639,0,0,0
2025-12-31 15:30:00+00:00,8213,4.7000000001844455,4.517612385957766,0,0,0
2025-12-31 15:45:00+00:00,8213,4.79999999993197,4.505052715863289,0,0,0
2025-12-31 16:00:00+00:00,8213,4.699999999957072,4.5145747490508805,0,0,0
2025-12-31 16:15:00+00:00,8213,4.699999999957072,4.519795931009868,0,0,0
2025-12-31 16:30:00+00:00,8213,4.599999999982174,4.549456660461955,0,0,0
2025-12-31 16:45:00+00:00,8213,4.699999999957072,4.550823519141964,0,0,0
2025-12-31 17:00:00+00:00,8213,4.800000000159344,4.532429892549135,0,0,0
2025-12-31 17:15:00+00:00,8213,4.79999999993197,4.547675743869377,0,0,0
2025-12-31 17:30:00+00:00,8213,4.79999999993197,4.632395525520911,0,0,0
2025-12-31 17:45:00+00:00,8213,4.900000000134241,4.643165706933027,0,0,0
2025-12-31 18:00:00+00:00,8213,4.699999999957072,4.638869271629464,0,0,0
2025-12-31 18:15:00+00:00,8213,4.699999999957072,4.64123620745087,0,0,0
2025-12-31 18:30:00+00:00,8213,4.900000000134241,4.698120075732998,0,0,0
2025-12-31 18:45:00+00:00,8213,4.699999999957072,4.701570211990673,0,0,0
2025-12-31 19:00:00+00:00,8213,4.699999999957072,4.693484653242544,0,0,0
2025-12-31 19:15:00+00:00,8213,4.79999999993197,4.693673758738372,0,0,0
2025-12-31 19:30:00+00:00,8213,4.699999999957072,4.763472908960841,0,0,0
2025-12-31 19:45:00+00:00,8213,4.699999999957072,4.7396071719626365,0,0,0
2025-12-31 20:00:00+00:00,8213,4.900000000134241,4.719936823512671,0,0,0
2025-12-31 20:15:00+00:00,8213,4.699999999957072,4.702600940847055,0,0,0
2025-12-31 20:30:00+00:00,8213,4.800000000159344,4.726624352345215,0,0,0
2025-12-31 20:45:00+00:00,8213,4.899999999906868,4.704133266835914,0,0,0
2025-12-31 21:00:00+00:00,8213,4.999999999881766,4.734098695115756,0,0,0
2025-12-31 21:15:00+00:00,8213,4.699999999957072,4.738510204230656,0,0,0
2025-12-31 21:30:00+00:00,8213,4.800000000159344,4.813020107429555,0,0,0
2025-12-31 21:45:00+00:00,8213,4.79999999993197,4.85913717118342,0,0,0
2025-12-31 22:00:00+00:00,8213,4.800000000159344,4.845512224113133,0,0,0
2025-12-31 22:15:00+00:00,8213,1.9999999997253328,4.705861971608902,0,0,0
2025-12-31 22:30:00+00:00,8213,2.800000000206637,3.4131713502481613,0,0,0
2025-12-31 22:45:00+00:00,8213,3.2999999998537533,3.292318781477915,0,0,0
2025-12-31 23:00:00+00:00,8213,3.300000000081127,3.7973795577488327,0,0,0
2025-12-31 23:15:00+00:00,8213,3.300000000081127,3.754703538642265,0,0,0
2025-12-31 23:30:00+00:00,8213,3.400000000056025,3.7556716652671978,0,0,0
2025-12-31 23:45:00+00:00,8213,3.199999999878856,3.7585544850373886,0,0,0
