timestamp,building_id,y_true,y_pred,over_flag,under_flag,anomaly_point
2025-10-02 08:15:00+00:00,421,10.2999999999156,10.577391058988926,0,0,0
2025-10-02 08:30:00+00:00,421,8.499999999912689,9.853127746683942,0,0,0
2025-10-02 08:45:00+00:00,421,8.100000000013097,9.01867516000927,0,0,0
2025-10-02 09:00:00+00:00,421,7.499999999708962,8.703197950498389,0,0,0
2025-10-02 09:15:00+00:00,421,6.200000000717409,8.054365735149224,0,0,0
2025-10-02 09:30:00+00:00,421,6.199999999807915,7.14489461873203,0,0,0
2025-10-02 09:45:00+00:00,421,5.699999999706051,6.39659673783965,0,0,0
2025-10-02 10:00:00+00:00,421,5.9000000001105946,6.178298811242749,0,0,0
2025-10-02 10:15:00+00:00,421,5.500000000211003,6.190864848292257,0,0,0
2025-10-02 10:30:00+00:00,421,5.699999999706051,5.722033824873611,0,0,0
2025-10-02 10:45:00+00:00,421,4.500000000007276,5.29784049017299,0,0,0
2025-10-02 11:00:00+00:00,421,5.000000000109139,4.784762069061325,0,0,0
2025-10-02 11:15:00+00:00,421,4.600000000209548,4.319208435294305,0,0,0
2025-10-02 11:30:00+00:00,421,6.5999999997075065,4.227515764478646,0,0,0
2025-10-02 11:45:00+00:00,421,6.000000000312866,4.4364289421960805,0,0,0
2025-10-02 12:00:00+00:00,421,5.29999999980646,4.643617001323928,0,0,0
2025-10-02 12:15:00+00:00,421,4.799999999704596,4.517074868675066,0,0,0
2025-10-02 12:30:00+00:00,421,3.999999999905413,4.20829756064126,0,0,0
2025-10-02 12:45:00+00:00,421,3.999999999905413,3.792706670833816,0,0,0
2025-10-02 13:00:00+00:00,421,4.000000000814907,3.479574956498791,0,0,0
2025-10-02 13:15:00+00:00,421,4.0999999991981895,3.5056666068339783,0,0,0
2025-10-02 13:30:00+00:00,421,3.400000000510772,3.610012806499344,0,0,0
2025-10-02 13:45:00+00:00,421,3.499999999803549,2.787156392613672,0,0,0
2025-10-02 14:00:00+00:00,421,4.100000000107684,2.9521965303033664,0,0,0
2025-10-02 14:15:00+00:00,421,4.200000000309956,3.187626807396371,0,0,0
2025-10-02 14:30:00+00:00,421,3.6000000000058208,3.465721870167222,0,0,0
2025-10-02 14:45:00+00:00,421,4.199999999400461,3.573339138452311,0,0,0
2025-10-02 15:00:00+00:00,421,0.600000000304135,3.6580472433886495,0,0,0
2025-10-02 15:15:00+00:00,421,0.0,1.7500825615809703,0,0,0
2025-10-02 15:30:00+00:00,421,0.0,-0.006796205379028,0,0,0
2025-10-02 15:45:00+00:00,421,4.500000000007276,0.0498636064915984,0,0,0
2025-10-02 16:00:00+00:00,421,7.800000000315777,2.87876131006919,0,0,0
2025-10-02 16:15:00+00:00,421,7.299999999304418,5.7264637784044,0,0,0
2025-10-02 16:30:00+00:00,421,6.000000000312866,5.238281722291761,0,0,0
2025-10-02 16:45:00+00:00,421,4.500000000007276,4.395155197673427,0,0,0
2025-10-02 17:00:00+00:00,421,3.6000000000058208,4.211416924495316,0,0,0
2025-10-02 17:15:00+00:00,421,2.900000000408909,4.619053514942901,0,0,0
2025-10-02 17:30:00+00:00,421,2.7999999992971425,4.393286221116395,0,0,0
2025-10-02 17:45:00+00:00,421,3.400000000510772,4.347667464653729,0,0,0
2025-10-02 18:00:00+00:00,421,4.100000000107684,4.295001258942642,0,0,0
2025-10-02 18:15:00+00:00,421,3.499999999803549,4.274529376512309,0,0,0
2025-10-02 18:30:00+00:00,421,3.499999999803549,3.870857903987376,0,0,0
2025-10-02 18:45:00+00:00,421,4.100000000107684,3.899010210722882,0,0,0
2025-10-02 19:00:00+00:00,421,5.500000000211003,4.1819073832269655,0,0,0
2025-10-02 19:15:00+00:00,421,5.499999999301508,4.619489884110812,0,0,0
2025-10-02 19:30:00+00:00,421,3.6000000000058208,5.162184780913293,0,0,0
2025-10-02 19:45:00+00:00,421,0.0,3.499872705398532,0,0,0
2025-10-02 20:00:00+00:00,421,0.0,0.0727633536824798,0,0,0
2025-10-02 20:15:00+00:00,421,0.0,0.0914966253896114,0,0,0
2025-10-02 20:30:00+00:00,421,0.0,0.0489579116032334,0,0,0
2025-10-02 20:45:00+00:00,421,0.0,0.0393283208225101,0,0,0
2025-10-02 21:00:00+00:00,421,0.0,0.0519843344916557,0,0,0
2025-10-02 21:15:00+00:00,421,0.0,0.0583468672384146,0,0,0
2025-10-02 21:30:00+00:00,421,0.0,0.0572943500366101,0,0,0
2025-10-02 21:45:00+00:00,421,0.0,0.0687457929916961,0,0,0
2025-10-02 22:00:00+00:00,421,0.0,0.0776112799986767,0,0,0
2025-10-02 22:15:00+00:00,421,0.0,0.0884534626649777,0,0,0
2025-10-02 22:30:00+00:00,421,0.0,0.0940400342540117,0,0,0
2025-10-02 22:45:00+00:00,421,0.0,0.0993277300173511,0,0,0
2025-10-02 23:00:00+00:00,421,0.0,0.0947737970746205,0,0,0
2025-10-02 23:15:00+00:00,421,0.0,0.0835434594561626,0,0,0
2025-10-02 23:30:00+00:00,421,12.20000000012078,0.0958542140034435,0,0,0
2025-10-02 23:45:00+00:00,421,17.800000000534055,12.855569773493308,0,0,0
2025-10-03 00:00:00+00:00,421,12.299999999413558,10.427303431248657,0,0,0
2025-10-03 00:15:00+00:00,421,8.60000000011496,8.310957083319924,0,0,0
2025-10-03 00:30:00+00:00,421,5.799999999908323,7.050284203183354,0,0,0
2025-10-03 00:45:00+00:00,421,4.400000000714499,6.02910903159262,0,0,0
2025-10-03 01:00:00+00:00,421,3.6999999992985977,5.496436632195278,0,0,0
2025-10-03 01:15:00+00:00,421,3.700000000208093,5.33080611012586,0,0,0
2025-10-03 01:30:00+00:00,421,3.6000000000058208,5.373428305126679,0,0,0
2025-10-03 01:45:00+00:00,421,3.999999999905413,5.462378912302895,0,0,0
2025-10-03 02:00:00+00:00,421,4.500000000007276,5.311182139633636,0,0,0
2025-10-03 02:15:00+00:00,421,5.700000000615546,5.245024388819158,0,0,0
2025-10-03 02:30:00+00:00,421,5.099999999401916,5.191500855012093,0,0,0
2025-10-03 02:45:00+00:00,421,5.400000000008731,5.187349201258322,0,0,0
2025-10-03 03:00:00+00:00,421,4.899999999906868,5.213424634877179,0,0,0
2025-10-03 03:15:00+00:00,421,5.200000000513683,5.244968938111708,0,0,0
2025-10-03 03:30:00+00:00,421,4.6999999995023245,5.2432061112973205,0,0,0
2025-10-03 03:45:00+00:00,421,5.100000000311411,5.214435912794984,0,0,0
2025-10-03 04:00:00+00:00,421,4.6999999995023245,5.126463278237442,0,0,0
2025-10-03 04:15:00+00:00,421,4.900000000816362,5.04495701572316,0,0,0
2025-10-03 04:30:00+00:00,421,5.099999999401916,4.986396011829459,0,0,0
2025-10-03 04:45:00+00:00,421,4.500000000007276,4.907318333365564,0,0,0
2025-10-03 05:00:00+00:00,421,4.600000000209548,4.8604887287502585,0,0,0
2025-10-03 05:15:00+00:00,421,4.899999999906868,4.881185007813141,0,0,0
2025-10-03 05:30:00+00:00,421,4.500000000007276,5.036303566641526,0,0,0
2025-10-03 05:45:00+00:00,421,5.000000000109139,4.991361465745725,0,0,0
2025-10-03 06:00:00+00:00,421,5.000000000109139,5.401217130731111,1,0,1
2025-10-03 06:15:00+00:00,421,13.100000000122236,14.169464172891958,1,0,1
2025-10-03 06:30:00+00:00,421,9.999999999308784,12.757551057542631,1,0,1
2025-10-03 06:45:00+00:00,421,3.0000000006111804,9.042482345821456,1,0,1
2025-10-03 07:00:00+00:00,421,3.499999999803549,4.929180733831207,0,0,0
2025-10-03 07:15:00+00:00,421,3.800000000410364,4.3444445884531,0,0,0
2025-10-03 07:30:00+00:00,421,3.1999999991967343,4.018468384714917,0,0,0
2025-10-03 07:45:00+00:00,421,3.0000000006111804,3.6861410478840617,0,0,0
2025-10-03 08:00:00+00:00,421,3.799999999500869,3.98781652399842,0,0,0
2025-10-03 08:15:00+00:00,421,3.800000000410364,4.913103080203082,0,0,0
2025-10-03 08:30:00+00:00,421,3.999999999905413,4.574657202456916,0,0,0
2025-10-03 08:45:00+00:00,421,5.100000000311411,4.129192374790256,0,0,0
2025-10-03 09:00:00+00:00,421,5.29999999980646,4.540301827351896,0,0,0
2025-10-03 09:15:00+00:00,421,1.1999999996987754,4.848872415845818,0,0,0
2025-10-03 09:30:00+00:00,421,0.0,3.7949205141728,0,0,0
2025-10-03 09:45:00+00:00,421,0.0,1.9875197009131345,0,0,0
2025-10-03 10:00:00+00:00,421,0.0,0.2202343357749239,0,0,0
2025-10-03 10:15:00+00:00,421,0.0,0.1975009407063952,0,0,0
2025-10-03 10:30:00+00:00,421,0.0,0.0936250258145987,0,0,0
2025-10-03 10:45:00+00:00,421,0.0,0.0725506182639579,0,0,0
2025-10-03 11:00:00+00:00,421,0.0,0.0629443935046127,0,0,0
2025-10-03 11:15:00+00:00,421,0.0,0.0587929141241359,0,0,0
2025-10-03 11:30:00+00:00,421,0.0,0.0542919906627421,0,0,0
2025-10-03 11:45:00+00:00,421,0.0,0.0468685707960725,0,0,0
2025-10-03 12:00:00+00:00,421,0.0,0.0391808010158953,0,0,0
2025-10-03 12:15:00+00:00,421,0.0,0.0417057263111448,0,0,0
2025-10-03 12:30:00+00:00,421,0.0,0.0463639344836108,0,0,0
2025-10-03 12:45:00+00:00,421,0.0,0.0456803911716372,0,0,0
2025-10-03 13:00:00+00:00,421,0.0,0.0448601391972687,0,0,0
2025-10-03 13:15:00+00:00,421,0.0,0.0450986818632834,0,0,0
2025-10-03 13:30:00+00:00,421,0.0,0.0437326414790995,0,0,0
2025-10-03 13:45:00+00:00,421,0.0,0.0432008029327937,0,0,0
2025-10-03 14:00:00+00:00,421,0.0,0.0444252522023544,0,0,0
2025-10-03 14:15:00+00:00,421,0.0,0.0442498326687204,0,0,0
2025-10-03 14:30:00+00:00,421,0.0,0.0464678609667581,0,0,0
2025-10-03 14:45:00+00:00,421,0.0,0.0464165952183597,0,0,0
2025-10-03 15:00:00+00:00,421,0.0,0.0463178999340287,0,0,0
2025-10-03 15:15:00+00:00,421,0.0,0.0459653171338221,0,0,0
2025-10-03 15:30:00+00:00,421,0.0,0.0458341884168307,0,0,0
2025-10-03 15:45:00+00:00,421,0.0,0.0440984766496406,0,0,0
2025-10-03 16:00:00+00:00,421,0.0,0.0407923589978498,0,0,0
2025-10-03 16:15:00+00:00,421,0.0,0.0412806042206881,0,0,0
2025-10-03 16:30:00+00:00,421,0.0,0.0430281733718613,0,0,0
2025-10-03 16:45:00+00:00,421,0.0,0.0452863075274887,0,0,0
2025-10-03 17:00:00+00:00,421,0.0,0.0489586090964087,0,0,0
2025-10-03 17:15:00+00:00,421,0.0,0.0498175719420164,0,0,0
2025-10-03 17:30:00+00:00,421,0.0,0.0497049267941758,0,0,0
2025-10-03 17:45:00+00:00,421,0.0,0.0515885071145687,0,0,0
2025-10-03 18:00:00+00:00,421,0.0,0.0528359736589205,0,0,0
2025-10-03 18:15:00+00:00,421,0.0,0.0498984811503726,0,0,0
2025-10-03 18:30:00+00:00,421,0.0,0.0495047462528122,0,0,0
2025-10-03 18:45:00+00:00,421,0.0,0.0521144169688829,0,0,0
2025-10-03 19:00:00+00:00,421,0.0,0.0559544656465069,0,0,0
2025-10-03 19:15:00+00:00,421,0.0,0.0546731706831442,0,0,0
2025-10-03 19:30:00+00:00,421,0.0,0.0521001183587861,0,0,0
2025-10-03 19:45:00+00:00,421,0.0,0.0530657976602428,0,0,0
2025-10-03 20:00:00+00:00,421,0.0,0.0552395351416361,0,0,0
2025-10-03 20:15:00+00:00,421,0.0,0.0537203950054339,0,0,0
2025-10-03 20:30:00+00:00,421,0.0,0.0540161321118386,0,0,0
2025-10-03 20:45:00+00:00,421,0.0,0.0553636889268727,0,0,0
2025-10-03 21:00:00+00:00,421,0.0,0.0588016327888301,0,0,0
2025-10-03 21:15:00+00:00,421,0.0,0.0612229803475203,0,0,0
2025-10-03 21:30:00+00:00,421,0.0,0.0643257787386577,0,0,0
2025-10-03 21:45:00+00:00,421,0.0,0.071530883241401,0,0,0
2025-10-03 22:00:00+00:00,421,0.0,0.0797435166361291,0,0,0
2025-10-03 22:15:00+00:00,421,0.0,0.0839783464510768,0,0,0
2025-10-03 22:30:00+00:00,421,0.0,0.084652822351769,0,0,0
2025-10-03 22:45:00+00:00,421,0.0,0.084485075243065,0,0,0
2025-10-03 23:00:00+00:00,421,0.0,0.0853740302952186,0,0,0
2025-10-03 23:15:00+00:00,421,0.0,0.0898665838385071,0,0,0
2025-10-03 23:30:00+00:00,421,0.0,0.1192530175613839,0,0,0
2025-10-03 23:45:00+00:00,421,0.0,0.1221828376450018,0,0,0
2025-10-04 00:00:00+00:00,421,0.0,0.1190622531778888,0,0,0
2025-10-04 00:15:00+00:00,421,0.0,0.1115439742393542,0,0,0
2025-10-04 00:30:00+00:00,421,0.0,0.1007914194461028,0,0,0
2025-10-04 00:45:00+00:00,421,0.0,0.0959992925839445,0,0,0
2025-10-04 01:00:00+00:00,421,0.0,0.0930387828006056,0,0,0
2025-10-04 01:15:00+00:00,421,0.0,0.0911597361858529,0,0,0
2025-10-04 01:30:00+00:00,421,0.0,0.091122420300965,0,0,0
2025-10-04 01:45:00+00:00,421,0.0,0.0913822365088323,0,0,0
2025-10-04 02:00:00+00:00,421,0.0,0.0912448303532622,0,0,0
2025-10-04 02:15:00+00:00,421,0.0,0.0865381464051004,0,0,0
2025-10-04 02:30:00+00:00,421,0.0,0.0759243927537705,0,0,0
2025-10-04 02:45:00+00:00,421,0.0,0.0670892466999228,0,0,0
2025-10-04 03:00:00+00:00,421,0.0,0.0639704059657493,0,0,0
2025-10-04 03:15:00+00:00,421,0.0,0.0613467853861688,0,0,0
2025-10-04 03:30:00+00:00,421,0.0,0.0601784843172339,0,0,0
2025-10-04 03:45:00+00:00,421,0.0,0.0588685921336757,0,0,0
2025-10-04 04:00:00+00:00,421,0.0,0.0590213431391069,0,0,0
2025-10-04 04:15:00+00:00,421,0.0,0.0583956917606984,0,0,0
2025-10-04 04:30:00+00:00,421,0.0,0.0544827550462372,0,0,0
2025-10-04 04:45:00+00:00,421,0.0,0.0501290026448701,0,0,0
2025-10-04 05:00:00+00:00,421,0.0,0.0463304548111871,0,0,0
2025-10-04 05:15:00+00:00,421,0.0,0.0454753281780453,0,0,0
2025-10-04 05:30:00+00:00,421,0.0,0.0470813062145953,0,0,0
2025-10-04 05:45:00+00:00,421,0.0,0.0506992033158271,0,0,0
2025-10-04 06:00:00+00:00,421,0.0,0.0508746228494612,0,0,0
2025-10-04 06:15:00+00:00,421,0.0,0.0541748118092613,0,0,0
2025-10-04 06:30:00+00:00,421,0.0,0.0521998598828794,0,0,0
2025-10-04 06:45:00+00:00,421,4.600000000209548,0.0549444955284066,0,0,0
2025-10-04 07:00:00+00:00,421,20.89999999952852,3.540070632087988,0,0,0
2025-10-04 07:15:00+00:00,421,33.90000000035798,9.222619723294487,0,0,0
2025-10-04 07:30:00+00:00,421,22.20000000033906,21.062926632349456,0,0,0
2025-10-04 07:45:00+00:00,421,14.799999999922877,14.286507015203942,0,0,0
2025-10-04 08:00:00+00:00,421,11.800000000221187,10.42737248307303,0,0,0
2025-10-04 08:15:00+00:00,421,9.49999999920692,7.14091960512495,0,0,0
2025-10-04 08:30:00+00:00,421,8.30000000041764,6.201147292685233,0,0,0
2025-10-04 08:45:00+00:00,421,7.499999999708962,6.719894066460757,0,0,0
2025-10-04 09:00:00+00:00,421,8.700000000317232,6.446924357916651,0,0,0
2025-10-04 09:15:00+00:00,421,8.299999999508145,7.258647385735259,0,0,0
2025-10-04 09:30:00+00:00,421,8.700000000317232,8.122824690322915,0,0,0
2025-10-04 09:45:00+00:00,421,8.200000000215368,8.288002582914768,0,0,0
2025-10-04 10:00:00+00:00,421,7.8999999996085535,8.100024684656127,0,0,0
2025-10-04 10:15:00+00:00,421,7.700000000113505,7.633519975351012,0,0,0
2025-10-04 10:30:00+00:00,421,7.999999999810825,7.544425335834059,0,0,0
2025-10-04 10:45:00+00:00,421,7.2000000000116415,7.559522226870808,0,0,0
2025-10-04 11:00:00+00:00,421,7.500000000618456,7.69742534632856,0,0,0
2025-10-04 11:15:00+00:00,421,6.999999999607098,7.669026214195579,0,0,0
2025-10-04 11:30:00+00:00,421,7.2000000000116415,7.399360705197032,0,0,0
2025-10-04 11:45:00+00:00,421,7.400000000416185,6.989826715345515,0,0,0
2025-10-04 12:00:00+00:00,421,7.499999999708962,6.962801470394943,0,0,0
2025-10-04 12:15:00+00:00,421,6.999999999607098,7.054791404083328,0,0,0
2025-10-04 12:30:00+00:00,421,7.000000000516593,6.862439351747938,0,0,0
2025-10-04 12:45:00+00:00,421,6.400000000212458,6.781299098777491,0,0,0
2025-10-04 13:00:00+00:00,421,6.799999999202555,6.863065700619522,0,0,0
2025-10-04 13:15:00+00:00,421,6.400000000212458,6.766563160459054,0,0,0
2025-10-04 13:30:00+00:00,421,6.199999999807915,6.4570261515771765,0,0,0
2025-10-04 13:45:00+00:00,421,5.800000000817818,6.097852040862026,0,0,0
2025-10-04 14:00:00+00:00,421,4.6999999995023245,5.220562256915194,0,0,0
2025-10-04 14:15:00+00:00,421,5.100000000311411,4.865529860676064,0,0,0
2025-10-04 14:30:00+00:00,421,5.500000000211003,4.811985445667058,0,0,0
2025-10-04 14:45:00+00:00,421,4.6999999995023245,4.632917717571954,0,0,0
2025-10-04 15:00:00+00:00,421,3.700000000208093,4.390912303093637,0,0,0
2025-10-04 15:15:00+00:00,421,4.200000000309956,4.066149454124194,0,0,0
2025-10-04 15:30:00+00:00,421,4.6999999995023245,4.394214213989715,0,0,0
2025-10-04 15:45:00+00:00,421,5.400000000008731,4.483144179727268,0,0,0
2025-10-04 16:00:00+00:00,421,4.899999999906868,4.487123857819959,0,0,0
2025-10-04 16:15:00+00:00,421,4.899999999906868,4.429232447374723,0,0,0
2025-10-04 16:30:00+00:00,421,4.399999999805004,4.39094488910293,0,0,0
2025-10-04 16:45:00+00:00,421,4.900000000816362,4.638032783774361,0,0,0
2025-10-04 17:00:00+00:00,421,4.899999999906868,4.636441801841083,0,0,0
2025-10-04 17:15:00+00:00,421,4.299999999602733,4.908539556729188,0,0,0
2025-10-04 17:30:00+00:00,421,6.199999999807915,5.127215088693966,0,0,0
2025-10-04 17:45:00+00:00,421,7.2000000000116415,6.561191700510093,0,0,0
2025-10-04 18:00:00+00:00,421,6.100000000515138,6.053432013608076,0,0,0
2025-10-04 18:15:00+00:00,421,0.0,5.794940170907477,0,0,0
2025-10-04 18:30:00+00:00,421,0.0,0.505144953110011,0,0,0
2025-10-04 18:45:00+00:00,421,0.0,0.2012806562243394,0,0,0
2025-10-04 19:00:00+00:00,421,0.0,0.0849952915009311,0,0,0
2025-10-04 19:15:00+00:00,421,0.0,0.0506765347876241,0,0,0
2025-10-04 19:30:00+00:00,421,0.0,0.0414284727738909,0,0,0
2025-10-04 19:45:00+00:00,421,0.0,0.044282963594556,0,0,0
2025-10-04 20:00:00+00:00,421,0.0,0.0543251215885778,0,0,0
2025-10-04 20:15:00+00:00,421,0.0,0.0481254534982937,0,0,0
2025-10-04 20:30:00+00:00,421,0.0,0.0619326796535748,0,0,0
2025-10-04 20:45:00+00:00,421,0.0,0.079755025273525,0,0,0
2025-10-04 21:00:00+00:00,421,0.0,0.0847246641488439,0,0,0
2025-10-04 21:15:00+00:00,421,0.0,0.0814032016471921,0,0,0
2025-10-04 21:30:00+00:00,421,0.0,0.0765570190639337,0,0,0
2025-10-04 21:45:00+00:00,421,0.0,0.0852812637028792,0,0,0
2025-10-04 22:00:00+00:00,421,0.0,0.0757807091596207,0,0,0
2025-10-04 22:15:00+00:00,421,0.0,0.0685142252574353,0,0,0
2025-10-04 22:30:00+00:00,421,0.0,0.0683984413903049,0,0,0
2025-10-04 22:45:00+00:00,421,0.0,0.0701132283622305,0,0,0
2025-10-04 23:00:00+00:00,421,0.0,0.0706635504776871,0,0,0
2025-10-04 23:15:00+00:00,421,0.0,0.0705610189808911,0,0,0
2025-10-04 23:30:00+00:00,421,0.0,0.0695273340948245,0,0,0
2025-10-04 23:45:00+00:00,421,0.0,0.0685239901618919,0,0,0
2025-10-05 00:00:00+00:00,421,0.0,0.067204333073878,0,0,0
2025-10-05 00:15:00+00:00,421,0.0,0.0650755839023027,0,0,0
2025-10-05 00:30:00+00:00,421,0.0,0.064848201127095,0,0,0
2025-10-05 00:45:00+00:00,421,0.0,0.066618090059884,0,0,0
2025-10-05 01:00:00+00:00,421,0.0,0.0679401883740125,0,0,0
2025-10-05 01:15:00+00:00,421,0.0,0.0688695980303437,0,0,0
2025-10-05 01:30:00+00:00,421,0.0,0.0688835478938534,0,0,0
2025-10-05 01:45:00+00:00,421,0.0,0.0688273996932276,0,0,0
2025-10-05 02:00:00+00:00,421,0.0,0.0689599233965694,0,0,0
2025-10-05 02:15:00+00:00,421,0.0,0.0681930296501249,0,0,0
2025-10-05 02:30:00+00:00,421,0.0,0.0654480452580106,0,0,0
2025-10-05 02:45:00+00:00,421,0.0,0.0631536414572577,0,0,0
2025-10-05 03:00:00+00:00,421,0.0,0.0633060437161008,0,0,0
2025-10-05 03:15:00+00:00,421,0.0,0.0652482134632341,0,0,0
2025-10-05 03:30:00+00:00,421,0.0,0.0664566203897596,0,0,0
2025-10-05 03:45:00+00:00,421,0.0,0.0665622906058454,0,0,0
2025-10-05 04:00:00+00:00,421,0.0,0.0667010917477668,0,0,0
2025-10-05 04:15:00+00:00,421,0.0,0.0684249461309738,0,0,0
2025-10-05 04:30:00+00:00,421,0.0,0.0713463962964855,0,0,0
2025-10-05 04:45:00+00:00,421,0.0,0.0735386173470296,0,0,0
2025-10-05 05:00:00+00:00,421,0.0,0.0755515826514745,0,0,0
2025-10-05 05:15:00+00:00,421,0.0,0.0819479438172443,0,0,0
2025-10-05 05:30:00+00:00,421,0.0,0.0848997349358899,0,0,0
2025-10-05 05:45:00+00:00,421,0.0,0.087525796741585,0,0,0
2025-10-05 06:00:00+00:00,421,0.0,0.0945725702934936,0,0,0
2025-10-05 06:15:00+00:00,421,0.0,0.1239617939890722,0,0,0
2025-10-05 06:30:00+00:00,421,0.0,0.115546538826865,0,0,0
2025-10-05 06:45:00+00:00,421,0.0,0.1266373778102263,0,0,0
2025-10-05 07:00:00+00:00,421,0.0,9.408639409462957,0,0,0
2025-10-05 07:15:00+00:00,421,0.0,0.2269993220839374,0,0,0
2025-10-05 07:30:00+00:00,421,0.0,0.1487036206564047,0,0,0
2025-10-05 07:45:00+00:00,421,0.0,0.1397321146867503,0,0,0
2025-10-05 08:00:00+00:00,421,0.0,0.1320356262418798,0,0,0
2025-10-05 08:15:00+00:00,421,0.0,0.1281359418977521,0,0,0
2025-10-05 08:30:00+00:00,421,0.0,0.1218354860436106,0,0,0
2025-10-05 08:45:00+00:00,421,0.0,0.1134945139045928,0,0,0
2025-10-05 09:00:00+00:00,421,0.0,0.105800466685836,0,0,0
2025-10-05 09:15:00+00:00,421,0.0,0.0977545341600478,0,0,0
2025-10-05 09:30:00+00:00,421,0.0,0.0902652011882958,0,0,0
2025-10-05 09:45:00+00:00,421,0.0,0.0850985204909031,0,0,0
2025-10-05 10:00:00+00:00,421,0.0,0.0802645440382159,0,0,0
2025-10-05 10:15:00+00:00,421,0.0,0.0794156948436519,0,0,0
2025-10-05 10:30:00+00:00,421,0.0,0.0748432783317714,0,0,0
2025-10-05 10:45:00+00:00,421,0.0,0.0731644122583832,0,0,0
2025-10-05 11:00:00+00:00,421,0.0,0.0711650480708598,0,0,0
2025-10-05 11:15:00+00:00,421,0.0,0.0678195220546538,0,0,0
2025-10-05 11:30:00+00:00,421,0.0,0.0646738278332241,0,0,0
2025-10-05 11:45:00+00:00,421,0.0,0.062561121004685,0,0,0
2025-10-05 12:00:00+00:00,421,0.0,0.0566868334807644,0,0,0
2025-10-05 12:15:00+00:00,421,0.0,0.0531672829172755,0,0,0
2025-10-05 12:30:00+00:00,421,0.0,0.0523023913796762,0,0,0
2025-10-05 12:45:00+00:00,421,0.0,0.0538825621687335,0,0,0
2025-10-05 13:00:00+00:00,421,0.0,0.0529775647735437,0,0,0
2025-10-05 13:15:00+00:00,421,0.0,0.0500487909296891,0,0,0
2025-10-05 13:30:00+00:00,421,0.0,0.0480225732549097,0,0,0
2025-10-05 13:45:00+00:00,421,0.0,0.045767229071985,0,0,0
2025-10-05 14:00:00+00:00,421,0.0,0.045204003332782,0,0,0
2025-10-05 14:15:00+00:00,421,0.0,0.0458429070815249,0,0,0
2025-10-05 14:30:00+00:00,421,0.0,0.0474921296949553,0,0,0
2025-10-05 14:45:00+00:00,421,0.0,0.0488679349835958,0,0,0
2025-10-05 15:00:00+00:00,421,0.0,0.0475461854160546,0,0,0
2025-10-05 15:15:00+00:00,421,0.0,0.0444475719839703,0,0,0
2025-10-05 15:30:00+00:00,421,0.0,0.0428701911676148,0,0,0
2025-10-05 15:45:00+00:00,421,0.0,0.0445644020908639,0,0,0
2025-10-05 16:00:00+00:00,421,0.0,0.047471902392866,0,0,0
2025-10-05 16:15:00+00:00,421,0.0,0.0483068017239194,0,0,0
2025-10-05 16:30:00+00:00,421,0.0,0.0464197339376495,0,0,0
2025-10-05 16:45:00+00:00,421,0.0,0.0477714757117357,0,0,0
2025-10-05 17:00:00+00:00,421,0.0,0.178517966442441,0,0,0
2025-10-05 17:15:00+00:00,421,0.0,0.0389705068234871,0,0,0
2025-10-05 17:30:00+00:00,421,0.0,0.0410465952603136,0,0,0
2025-10-05 17:45:00+00:00,421,0.0,0.0424380941454023,0,0,0
2025-10-05 18:00:00+00:00,421,0.0,0.043126171163017,0,0,0
2025-10-05 18:15:00+00:00,421,0.0,0.0405736948873354,0,0,0
2025-10-05 18:30:00+00:00,421,0.0,0.0382151217144386,0,0,0
2025-10-05 18:45:00+00:00,421,0.0,0.0383375317667358,0,0,0
2025-10-05 19:00:00+00:00,421,0.0,0.0400708023078122,0,0,0
2025-10-05 19:15:00+00:00,421,0.0,0.0388163608317055,0,0,0
2025-10-05 19:30:00+00:00,421,0.0,0.036123688427752,0,0,0
2025-10-05 19:45:00+00:00,421,0.0,0.0379002035457078,0,0,0
2025-10-05 20:00:00+00:00,421,0.0,0.0398423732928412,0,0,0
2025-10-05 20:15:00+00:00,421,0.0,0.0366506445218295,0,0,0
2025-10-05 20:30:00+00:00,421,0.0,0.0375141410730783,0,0,0
2025-10-05 20:45:00+00:00,421,0.0,0.0399309549261275,0,0,0
2025-10-05 21:00:00+00:00,421,0.0,0.0420970199825916,0,0,0
2025-10-05 21:15:00+00:00,421,0.0,0.0426414134060557,0,0,0
2025-10-05 21:30:00+00:00,421,0.0,0.0417531558470782,0,0,0
2025-10-05 21:45:00+00:00,421,0.0,0.0414396326646979,0,0,0
2025-10-05 22:00:00+00:00,421,0.0,0.043495145052848,0,0,0
2025-10-05 22:15:00+00:00,421,0.0,0.0438501690791683,0,0,0
2025-10-05 22:30:00+00:00,421,0.0,0.0438456353735281,0,0,0
2025-10-05 22:45:00+00:00,421,0.0,0.0454306886148137,0,0,0
2025-10-05 23:00:00+00:00,421,0.0,0.0475908249792862,0,0,0
2025-10-05 23:15:00+00:00,421,0.0,0.047742180998366,0,0,0
2025-10-05 23:30:00+00:00,421,0.0,0.0450512523273509,0,0,0
2025-10-05 23:45:00+00:00,421,0.0,0.0429221544091884,0,0,0
2025-10-06 00:00:00+00:00,421,0.0,0.0431593020888527,0,0,0
2025-10-06 00:15:00+00:00,421,0.0,0.0429908574869735,0,0,0
2025-10-06 00:30:00+00:00,421,0.0,0.0446868121431611,0,0,0
2025-10-06 00:45:00+00:00,421,0.0,0.0498845312868629,0,0,0
2025-10-06 01:00:00+00:00,421,0.0,0.0526162633086437,0,0,0
2025-10-06 01:15:00+00:00,421,0.0,0.0527425095734059,0,0,0
2025-10-06 01:30:00+00:00,421,0.0,0.0486785655864521,0,0,0
2025-10-06 01:45:00+00:00,421,0.0,0.0456176167858437,0,0,0
2025-10-06 02:00:00+00:00,421,0.0,0.0467172147769927,0,0,0
2025-10-06 02:15:00+00:00,421,0.0,0.0469463412851389,0,0,0
2025-10-06 02:30:00+00:00,421,0.0,0.0506284077585155,0,0,0
2025-10-06 02:45:00+00:00,421,0.0,0.0508875264732076,0,0,0
2025-10-06 03:00:00+00:00,421,0.0,0.0497725836321976,0,0,0
2025-10-06 03:15:00+00:00,421,0.0,0.0482551872289338,0,0,0
2025-10-06 03:30:00+00:00,421,0.0,0.0470544527273393,0,0,0
2025-10-06 03:45:00+00:00,421,0.0,0.045561468585217,0,0,0
2025-10-06 04:00:00+00:00,421,0.0,0.0428897209765279,0,0,0
2025-10-06 04:15:00+00:00,421,0.0,0.0460082129641143,0,0,0
2025-10-06 04:30:00+00:00,421,0.0,0.0518050787455566,0,0,0
2025-10-06 04:45:00+00:00,421,0.0,0.0529437363545328,0,0,0
2025-10-06 05:00:00+00:00,421,0.0,0.0526302131721534,0,0,0
2025-10-06 05:15:00+00:00,421,0.0,0.0543955683993013,0,0,0
2025-10-06 05:30:00+00:00,421,0.0,0.0585997085145271,0,0,0
2025-10-06 05:45:00+00:00,421,6.5999999997075065,0.0606255774427184,0,0,0
2025-10-06 06:00:00+00:00,421,41.40000000006694,8.259249821741816,0,0,0
2025-10-06 06:15:00+00:00,421,36.00000000005821,27.162229639640195,0,0,0
2025-10-06 06:30:00+00:00,421,26.39999999973952,26.4377560331428,0,0,0
2025-10-06 06:45:00+00:00,421,19.699999999829743,18.25477865324932,0,0,0
2025-10-06 07:00:00+00:00,421,15.900000000328872,15.16181979833819,0,0,0
2025-10-06 07:15:00+00:00,421,13.399999999819556,13.21663688068672,0,0,0
2025-10-06 07:30:00+00:00,421,12.000000000625732,11.612756903608163,0,0,0
2025-10-06 07:45:00+00:00,421,10.59999999961292,11.026353466184048,0,0,0
2025-10-06 08:00:00+00:00,421,11.199999999917054,11.31133732030256,0,0,0
2025-10-06 08:15:00+00:00,421,10.2999999999156,11.53063963707216,0,0,0
2025-10-06 08:30:00+00:00,421,9.500000000116415,11.267477554441818,0,0,0
2025-10-06 08:45:00+00:00,421,10.40000000011787,10.405462129951571,0,0,0
2025-10-06 09:00:00+00:00,421,9.699999999611464,9.449276059359793,0,0,0
2025-10-06 09:15:00+00:00,421,12.20000000012078,9.537859785125704,0,0,0
2025-10-06 09:30:00+00:00,421,10.00000000021828,10.15114705075906,0,0,0
2025-10-06 09:45:00+00:00,421,10.199999999713327,10.124850163056989,0,0,0
2025-10-06 10:00:00+00:00,421,9.300000000621369,10.18462253822321,0,0,0
2025-10-06 10:15:00+00:00,421,10.199999999713327,10.098896441997251,0,0,0
2025-10-06 10:30:00+00:00,421,10.500000000320142,9.790926002787511,0,0,0
2025-10-06 10:45:00+00:00,421,9.900000000016009,9.8210346906936,0,0,0
2025-10-06 11:00:00+00:00,421,9.299999999711872,9.554202050227278,0,0,0
2025-10-06 11:15:00+00:00,421,8.799999999610009,9.43206855397403,0,0,0
2025-10-06 11:30:00+00:00,421,9.200000000419095,9.032270348239203,0,0,0
2025-10-06 11:45:00+00:00,421,10.499999999410647,9.318280912312028,0,0,0
2025-10-06 12:00:00+00:00,421,10.200000000622822,9.956884738989316,0,0,0
2025-10-06 12:15:00+00:00,421,10.199999999713327,10.175984085244847,0,0,0
2025-10-06 12:30:00+00:00,421,10.600000000522414,9.883576113766493,0,0,0
2025-10-06 12:45:00+00:00,421,10.499999999410647,9.832216901282951,0,0,0
2025-10-06 13:00:00+00:00,421,9.900000000016009,9.95092675228434,0,0,0
2025-10-06 13:15:00+00:00,421,9.299999999711872,9.883233644617327,0,0,0
2025-10-06 13:30:00+00:00,421,9.70000000052096,9.640048812772594,0,0,0
2025-10-06 13:45:00+00:00,421,9.100000000216824,9.77508209655982,0,0,0
2025-10-06 14:00:00+00:00,421,9.299999999711872,9.69844294142406,0,0,0
2025-10-06 14:15:00+00:00,421,8.700000000317232,9.29759047475449,0,0,0
2025-10-06 14:30:00+00:00,421,7.999999999810825,8.683669536571205,0,0,0
2025-10-06 14:45:00+00:00,421,8.499999999912689,8.26627567049846,0,0,0
2025-10-06 15:00:00+00:00,421,8.799999999610009,8.309238111388945,0,0,0
2025-10-06 15:15:00+00:00,421,8.60000000011496,8.31721987454259,0,0,0
2025-10-06 15:30:00+00:00,421,9.70000000052096,8.362876382823378,0,0,0
2025-10-06 15:45:00+00:00,421,9.999999999308784,8.56544723329948,0,0,0
2025-10-06 16:00:00+00:00,421,8.900000000721775,8.962560439055284,0,0,0
2025-10-06 16:15:00+00:00,421,8.100000000013097,8.56305518045416,0,0,0
2025-10-06 16:30:00+00:00,421,7.2000000000116415,8.376248373237157,0,0,0
2025-10-06 16:45:00+00:00,421,7.599999999911233,8.157496727329605,0,0,0
2025-10-06 17:00:00+00:00,421,8.499999999912689,8.136541939858558,0,0,0
2025-10-06 17:15:00+00:00,421,9.100000000216824,8.231594914827078,0,0,0
2025-10-06 17:30:00+00:00,421,9.099999999307329,8.370317240019435,0,0,0
2025-10-06 17:45:00+00:00,421,8.100000000013097,8.315840930534659,0,0,0
2025-10-06 18:00:00+00:00,421,6.80000000011205,8.332677020804475,0,0,0
2025-10-06 18:15:00+00:00,421,6.400000000212458,8.167321616199462,0,0,0
2025-10-06 18:30:00+00:00,421,6.5999999997075065,7.865665931453959,0,0,0
2025-10-06 18:45:00+00:00,421,6.699999999909778,7.328898549623354,0,0,0
2025-10-06 19:00:00+00:00,421,7.900000000518048,7.214615687806757,0,0,0
2025-10-06 19:15:00+00:00,421,6.80000000011205,7.411144154903647,0,0,0
2025-10-06 19:30:00+00:00,421,6.899999999404827,6.805291817774355,0,0,0
2025-10-06 19:45:00+00:00,421,0.0,0.5422198541062411,0,0,0
2025-10-06 20:00:00+00:00,421,0.0,0.1763271403782473,0,0,0
2025-10-06 20:15:00+00:00,421,0.0,0.030411568067131,0,0,0
2025-10-06 20:30:00+00:00,421,0.0,0.0200147347933761,0,0,0
2025-10-06 20:45:00+00:00,421,0.0,0.0288436034086441,0,0,0
2025-10-06 21:00:00+00:00,421,0.0,0.0018956058272578,0,0,0
2025-10-06 21:15:00+00:00,421,0.0,0.0206954881326479,0,0,0
2025-10-06 21:30:00+00:00,421,0.0,0.0390182851060076,0,0,0
2025-10-06 21:45:00+00:00,421,0.0,0.046444146198791,0,0,0
2025-10-06 22:00:00+00:00,421,0.0,0.044823172058968,0,0,0
2025-10-06 22:15:00+00:00,421,0.0,0.0450707821362641,0,0,0
2025-10-06 22:30:00+00:00,421,0.0,0.0433978447548675,0,0,0
2025-10-06 22:45:00+00:00,421,0.0,0.0471269920175894,0,0,0
2025-10-06 23:00:00+00:00,421,0.0,0.051863668172297,0,0,0
2025-10-06 23:15:00+00:00,421,0.0,0.0541075037178266,0,0,0
2025-10-06 23:30:00+00:00,421,0.0,0.054843359017962,0,0,0
2025-10-06 23:45:00+00:00,421,0.0,0.0544007995981177,0,0,0
2025-10-07 00:00:00+00:00,421,0.0,0.0545458781786178,0,0,0
2025-10-07 00:15:00+00:00,421,0.0,0.0565176913857099,0,0,0
2025-10-07 00:30:00+00:00,421,0.0,0.0571569438810399,0,0,0
2025-10-07 00:45:00+00:00,421,0.0,0.0563457593179528,0,0,0
2025-10-07 01:00:00+00:00,421,0.0,0.0566885772137029,0,0,0
2025-10-07 01:15:00+00:00,421,0.0,0.0575733473068034,0,0,0
2025-10-07 01:30:00+00:00,421,0.0,0.0579587122862577,0,0,0
2025-10-07 01:45:00+00:00,421,0.0,0.0578328147680835,0,0,0
2025-10-07 02:00:00+00:00,421,0.0,0.0578474621247684,0,0,0
2025-10-07 02:15:00+00:00,421,0.0,0.0584678823043613,0,0,0
2025-10-07 02:30:00+00:00,421,0.0,0.0590495916127142,0,0,0
2025-10-07 02:45:00+00:00,421,0.0,0.0592058300840223,0,0,0
2025-10-07 03:00:00+00:00,421,0.0,0.0595821276521952,0,0,0
2025-10-07 03:15:00+00:00,421,0.0,0.06060535014063,0,0,0
2025-10-07 03:30:00+00:00,421,0.0,0.0614259508615857,0,0,0
2025-10-07 03:45:00+00:00,421,0.0,0.061895015022098,0,0,0
2025-10-07 04:00:00+00:00,421,0.0,0.062378377792708,0,0,0
2025-10-07 04:15:00+00:00,421,0.0,0.0642476595030041,0,0,0
2025-10-07 04:45:00+00:00,421,0.0,0.0657214625828004,0,0,0
2025-10-07 05:00:00+00:00,421,0.0,0.0664963775007621,0,0,0
2025-10-07 05:15:00+00:00,421,0.0,0.0728836712552505,0,0,0
2025-10-07 05:30:00+00:00,421,0.0,7.87956731918793,0,0,0
2025-10-07 05:45:00+00:00,421,0.0,0.0911485762950459,0,0,0
2025-10-07 06:00:00+00:00,421,0.0,0.1044490736583378,0,0,0
2025-10-07 06:15:00+00:00,421,24.900000000343425,22.78607096750391,0,0,0
2025-10-07 06:30:00+00:00,421,21.39999999963038,26.864713925637773,0,0,0
2025-10-07 06:45:00+00:00,421,28.000000000247383,23.50694411422946,0,0,0
2025-10-07 07:00:00+00:00,421,19.90000000023429,22.907772366734942,0,0,0
2025-10-07 07:15:00+00:00,421,13.6000000002241,17.045445455787377,0,0,0
2025-10-07 07:30:00+00:00,421,11.799999999311694,11.75291536724884,0,0,0
2025-10-07 07:45:00+00:00,421,10.40000000011787,9.900352568369804,0,0,0
2025-10-07 08:00:00+00:00,421,10.2999999999156,8.816786109112204,0,0,0
2025-10-07 08:15:00+00:00,421,8.800000000519503,8.922453186478641,0,0,0
2025-10-07 08:30:00+00:00,421,8.499999999912689,8.656221785129585,0,0,0
2025-10-07 08:45:00+00:00,421,9.500000000116415,8.621225065049709,0,0,0
2025-10-07 09:00:00+00:00,421,9.099999999307329,8.389519924633667,0,0,0
2025-10-07 09:15:00+00:00,421,8.400000000619912,8.295992715986516,0,0,0
2025-10-07 09:30:00+00:00,421,8.89999999981228,8.287615822948961,0,0,0
2025-10-07 09:45:00+00:00,421,8.60000000011496,8.14465239050308,0,0,0
2025-10-07 10:00:00+00:00,421,8.100000000013097,8.051736883370827,0,0,0
2025-10-07 10:15:00+00:00,421,8.200000000215368,8.156099299752523,0,0,0
2025-10-07 10:30:00+00:00,421,8.199999999305874,8.051650742963655,0,0,0
2025-10-07 10:45:00+00:00,421,7.300000000213913,8.037594860491314,0,0,0
2025-10-07 11:00:00+00:00,421,7.300000000213913,7.728667460644809,0,0,0
2025-10-07 11:15:00+00:00,421,7.700000000113505,7.517501750513814,0,0,0
2025-10-07 11:30:00+00:00,421,8.89999999981228,7.439280332109471,0,0,0
2025-10-07 11:45:00+00:00,421,8.200000000215368,7.552785140288814,0,0,0
2025-10-07 12:00:00+00:00,421,7.300000000213913,7.6625318552386545,0,0,0
2025-10-07 12:15:00+00:00,421,8.799999999610009,7.584528054705061,0,0,0
2025-10-07 12:30:00+00:00,421,10.00000000021828,7.716053296566193,0,0,0
2025-10-07 12:45:00+00:00,421,9.299999999711872,8.277067284909538,0,0,0
2025-10-07 13:00:00+00:00,421,9.000000000014552,8.429982898729806,0,0,0
2025-10-07 13:15:00+00:00,421,7.8999999996085535,8.005887518227016,0,0,0
2025-10-07 13:30:00+00:00,421,7.500000000618456,7.559673931636476,0,0,0
2025-10-07 13:45:00+00:00,421,5.999999999403372,7.148789071877341,0,0,0
2025-10-07 14:00:00+00:00,421,6.50000000041473,6.662811573725788,0,0,0
2025-10-07 14:15:00+00:00,421,6.999999999607098,6.717081599603914,0,0,0
2025-10-07 14:30:00+00:00,421,8.30000000041764,6.710225241688914,0,0,0
2025-10-07 14:45:00+00:00,421,7.599999999911233,6.784132316056304,0,0,0
2025-10-07 15:00:00+00:00,421,6.50000000041473,6.8556023492685565,0,0,0
2025-10-07 15:15:00+00:00,421,6.999999999607098,6.712101149584376,0,0,0
2025-10-07 15:30:00+00:00,421,6.999999999607098,6.684458797546795,0,0,0
2025-10-07 15:45:00+00:00,421,7.100000000718865,6.65638696408641,0,0,0
2025-10-07 16:00:00+00:00,421,7.2000000000116415,6.827312897937421,0,0,0
2025-10-07 16:15:00+00:00,421,6.300000000010186,6.94530694656747,0,0,0
2025-10-07 16:30:00+00:00,421,8.199999999305874,7.032821589668659,0,0,0
2025-10-07 16:45:00+00:00,421,7.599999999911233,7.133656259942054,0,0,0
2025-10-07 17:00:00+00:00,421,7.400000000416185,7.283429318260182,0,0,0
2025-10-07 17:15:00+00:00,421,6.50000000041473,7.400088190579061,0,0,0
2025-10-07 17:30:00+00:00,421,6.699999999909778,7.266378748838903,0,0,0
2025-10-07 17:45:00+00:00,421,6.399999999302963,7.014120228274306,0,0,0
2025-10-07 18:00:00+00:00,421,6.700000000819273,6.982388473748866,0,0,0
2025-10-07 18:15:00+00:00,421,6.699999999909778,6.9910590114133,0,0,0
2025-10-07 18:30:00+00:00,421,7.09999999980937,6.948940188518563,0,0,0
2025-10-07 18:45:00+00:00,421,7.999999999810825,6.501395436202611,0,0,0
2025-10-07 19:00:00+00:00,421,6.80000000011205,6.485448649731535,0,0,0
2025-10-07 19:15:00+00:00,421,6.80000000011205,6.525015693843767,0,0,0
2025-10-07 19:30:00+00:00,421,6.300000000010186,6.4130108447383005,0,0,0
2025-10-07 19:45:00+00:00,421,0.3999999998995918,0.8548275766931841,0,0,0
2025-10-07 20:00:00+00:00,421,0.0,0.1260696183653822,0,0,0
2025-10-07 20:15:00+00:00,421,0.0,0.0278646717368538,0,0,0
2025-10-07 20:30:00+00:00,421,0.0,0.0180247867637222,0,0,0
2025-10-07 20:45:00+00:00,421,0.0,0.0283916278309313,0,0,0
2025-10-07 21:00:00+00:00,421,0.0,0.0445640533442759,0,0,0
2025-10-07 21:15:00+00:00,421,0.0,0.0437113679372478,0,0,0
2025-10-07 21:30:00+00:00,421,0.0,0.0431157087653844,0,0,0
2025-10-07 21:45:00+00:00,421,0.0,0.0441657847410752,0,0,0
2025-10-07 22:00:00+00:00,421,0.0,0.0437744910696284,0,0,0
2025-10-07 22:15:00+00:00,421,0.0,0.0435073511834183,0,0,0
2025-10-07 22:30:00+00:00,421,0.0,0.0429608652804276,0,0,0
2025-10-07 22:45:00+00:00,421,0.0,0.0454725382053426,0,0,0
2025-10-07 23:00:00+00:00,421,0.0,0.0468978655094431,0,0,0
2025-10-07 23:15:00+00:00,421,0.0,0.0477010289010122,0,0,0
2025-10-07 23:30:00+00:00,421,0.0,0.0481376596288649,0,0,0
2025-10-07 23:45:00+00:00,421,0.0,0.0481289409641716,0,0,0
2025-10-08 00:00:00+00:00,421,0.0,0.0491413523083856,0,0,0
2025-10-08 00:15:00+00:00,421,0.0,0.0507079219805213,0,0,0
2025-10-08 00:30:00+00:00,421,0.0,0.0509694819213271,0,0,0
2025-10-08 00:45:00+00:00,421,0.0,0.0500243786685477,0,0,0
2025-10-08 01:00:00+00:00,421,0.0,0.0495563607477977,0,0,0
2025-10-08 01:15:00+00:00,421,0.0,0.0496344799834522,0,0,0
2025-10-08 01:30:00+00:00,421,0.0,0.0495106749448037,0,0,0
2025-10-08 01:45:00+00:00,421,0.0,0.049150419719667,0,0,0
2025-10-08 02:00:00+00:00,421,0.0,0.0490988052246805,0,0,0
2025-10-08 02:15:00+00:00,421,0.0,0.0496065802564329,0,0,0
2025-10-08 02:30:00+00:00,421,0.0,0.0501715497285744,0,0,0
2025-10-08 02:45:00+00:00,421,0.0,0.0504578706771106,0,0,0
2025-10-08 03:00:00+00:00,421,0.0,0.0507999910796845,0,0,0
2025-10-08 03:15:00+00:00,421,0.0,0.051684761172785,0,0,0
2025-10-08 03:30:00+00:00,421,0.0,0.0520561762887306,0,0,0
2025-10-08 03:45:00+00:00,421,0.0,0.0523139000170713,0,0,0
2025-10-08 04:00:00+00:00,421,0.0,0.053226221090604,0,0,0
2025-10-08 04:15:00+00:00,421,0.0,0.0556364087584864,0,0,0
2025-10-08 04:30:00+00:00,421,0.0,0.0582708404822867,0,0,0
2025-10-08 04:45:00+00:00,421,0.0,0.0602468386484309,0,0,0
2025-10-08 05:00:00+00:00,421,0.0,0.0626169204587236,0,0,0
2025-10-08 05:15:00+00:00,421,0.0,0.088032176786986,0,0,0
2025-10-08 05:30:00+00:00,421,0.0,0.0832466761099945,0,0,0
2025-10-08 05:45:00+00:00,421,0.0,0.0864865319101149,0,0,0
2025-10-08 06:00:00+00:00,421,0.0,5.059001127998164,0,0,0
2025-10-08 06:15:00+00:00,421,23.799999999937427,22.006563754474527,0,0,0
2025-10-08 06:30:00+00:00,421,15.40000000022701,23.921076502213644,0,0,0
2025-10-08 06:45:00+00:00,421,25.99999999983993,20.888966254438508,0,0,0
2025-10-08 07:00:00+00:00,421,18.60000000033324,20.69853527268169,0,0,0
2025-10-08 07:15:00+00:00,421,12.999999999919964,15.62225806074954,0,0,0
2025-10-08 07:30:00+00:00,421,10.69999999981519,10.994242275371146,0,0,0
2025-10-08 07:45:00+00:00,421,9.299999999711872,9.08256902234942,0,0,0
2025-10-08 08:00:00+00:00,421,10.00000000021828,8.03257221213466,0,0,0
2025-10-08 08:15:00+00:00,421,11.099999999714782,8.272165302872242,0,0,0
2025-10-08 08:30:00+00:00,421,9.500000000116415,8.267469081321712,0,0,0
2025-10-08 08:45:00+00:00,421,11.000000000422006,8.33580039524429,0,0,0
2025-10-08 09:00:00+00:00,421,10.499999999410647,8.177906075137422,0,0,0
2025-10-08 09:15:00+00:00,421,9.500000000116415,8.217793966110376,0,0,0
2025-10-08 09:30:00+00:00,421,8.60000000011496,8.25454244030048,0,0,0
2025-10-08 09:45:00+00:00,421,8.700000000317232,8.18747637899823,0,0,0
2025-10-08 10:00:00+00:00,421,8.799999999610009,8.226522395708376,0,0,0
2025-10-08 10:15:00+00:00,421,9.200000000419095,8.439435674990545,0,0,0
2025-10-08 10:30:00+00:00,421,8.199999999305874,8.294907416605465,0,0,0
2025-10-08 10:45:00+00:00,421,7.800000000315777,8.247297229940147,0,0,0
2025-10-08 11:00:00+00:00,421,8.700000000317232,8.007992901377214,0,0,0
2025-10-08 11:15:00+00:00,421,8.799999999610009,7.939751912820862,0,0,0
2025-10-08 11:30:00+00:00,421,7.700000000113505,7.932888928720693,0,0,0
2025-10-08 11:45:00+00:00,421,7.300000000213913,7.876420229980149,0,0,0
2025-10-08 12:00:00+00:00,421,5.59999999950378,7.1324230920078,0,0,0
2025-10-08 12:15:00+00:00,421,5.100000000311411,5.728485462373539,0,0,0
2025-10-08 12:30:00+00:00,421,5.600000000413274,5.578754602392528,0,0,0
2025-10-08 12:45:00+00:00,421,6.699999999909778,5.983628291592053,0,0,0
2025-10-08 13:00:00+00:00,421,5.400000000008731,6.127780949902135,0,0,0
2025-10-08 13:15:00+00:00,421,5.499999999301508,5.930401018011274,0,0,0
2025-10-08 13:30:00+00:00,421,5.500000000211003,5.594915170521889,0,0,0
2025-10-08 13:45:00+00:00,421,6.300000000010186,5.579050339498933,0,0,0
2025-10-08 14:00:00+00:00,421,6.199999999807915,5.832460770042841,0,0,0
2025-10-08 14:15:00+00:00,421,5.600000000413274,5.994762898272176,0,0,0
2025-10-08 14:30:00+00:00,421,5.500000000211003,5.972835805314506,0,0,0
2025-10-08 14:45:00+00:00,421,5.499999999301508,5.875809796525838,0,0,0
2025-10-08 15:00:00+00:00,421,6.600000000617001,5.714619472418224,0,0,0
2025-10-08 15:15:00+00:00,421,4.899999999906868,5.693928162994216,0,0,0
2025-10-08 15:30:00+00:00,421,4.399999999805004,5.387355325734848,0,0,0
2025-10-08 15:45:00+00:00,421,4.399999999805004,5.121728694562261,0,0,0
2025-10-08 16:00:00+00:00,421,5.9000000001105946,5.128980356734467,0,0,0
2025-10-08 16:15:00+00:00,421,5.9000000001105946,5.549236342459485,0,0,0
2025-10-08 16:30:00+00:00,421,8.100000000013097,5.7433893221739725,0,0,0
2025-10-08 16:45:00+00:00,421,7.2000000000116415,6.155932820704407,0,0,0
2025-10-08 17:00:00+00:00,421,7.300000000213913,6.4174060979836085,0,0,0
2025-10-08 17:15:00+00:00,421,6.099999999605643,6.414409492928438,0,0,0
2025-10-08 17:30:00+00:00,421,6.100000000515138,6.377643407035654,0,0,0
2025-10-08 17:45:00+00:00,421,6.699999999909778,6.214296782776033,0,0,0
2025-10-08 18:00:00+00:00,421,7.300000000213913,6.360866429312459,0,0,0
2025-10-08 18:15:00+00:00,421,6.699999999909778,6.58731578427794,0,0,0
2025-10-08 18:30:00+00:00,421,7.39999999950669,6.780599687495775,0,0,0
2025-10-08 18:45:00+00:00,421,7.000000000516593,6.409345866847723,0,0,0
2025-10-08 19:00:00+00:00,421,6.999999999607098,6.355687193737907,0,0,0
2025-10-08 19:15:00+00:00,421,7.400000000416185,6.3107541602533885,0,0,0
2025-10-08 19:30:00+00:00,421,5.099999999401916,6.340611924989598,0,0,0
2025-10-08 19:45:00+00:00,421,0.0,0.3708203223890773,0,0,0
2025-10-08 20:00:00+00:00,421,0.0,0.1451118795492538,0,0,0
2025-10-08 20:15:00+00:00,421,0.0,0.0350073506003907,0,0,0
2025-10-08 20:30:00+00:00,421,0.0,0.0215551484714309,0,0,0
2025-10-08 20:45:00+00:00,421,0.0,0.0293391723098253,0,0,0
2025-10-08 21:00:00+00:00,421,0.0,0.0393143709590004,0,0,0
2025-10-08 21:15:00+00:00,421,0.0,0.0320063862128741,0,0,0
2025-10-08 21:30:00+00:00,421,0.0,0.0358359724928654,0,0,0
2025-10-08 21:45:00+00:00,421,0.0,0.0377959283159734,0,0,0
2025-10-08 22:00:00+00:00,421,0.0,0.0361017173927242,0,0,0
2025-10-08 22:15:00+00:00,421,0.0,0.0266123227402736,0,0,0
2025-10-08 22:30:00+00:00,421,0.0,0.0296031734767456,0,0,0
2025-10-08 22:45:00+00:00,421,0.0,0.0382778961002321,0,0,0
2025-10-08 23:00:00+00:00,421,0.0,0.0442118192906564,0,0,0
2025-10-08 23:15:00+00:00,421,0.0,0.0450435799024209,0,0,0
2025-10-08 23:30:00+00:00,421,0.0,0.0449316322477555,0,0,0
2025-10-08 23:45:00+00:00,421,0.0,0.0447719063105696,0,0,0
2025-10-09 00:00:00+00:00,421,0.0,0.0452444579369597,0,0,0
2025-10-09 00:15:00+00:00,421,0.0,0.0457403755847289,0,0,0
2025-10-09 00:30:00+00:00,421,0.0,0.0468424148019925,0,0,0
2025-10-09 00:45:00+00:00,421,0.0,0.0477526433959978,0,0,0
2025-10-09 01:00:00+00:00,421,0.0,0.0476124472677259,0,0,0
2025-10-09 01:15:00+00:00,421,0.0,0.0466481629526205,0,0,0
2025-10-09 01:30:00+00:00,421,0.0,0.0459144001320117,0,0,0
2025-10-09 01:45:00+00:00,421,0.0,0.0456162217994924,0,0,0
2025-10-09 02:00:00+00:00,421,0.0,0.0455255476866796,0,0,0
2025-10-09 02:15:00+00:00,421,0.0,0.0485624329727345,0,0,0
2025-10-09 02:30:00+00:00,421,0.0,0.0512212769576763,0,0,0
2025-10-09 02:45:00+00:00,421,0.0,0.0517269595099021,0,0,0
2025-10-09 03:00:00+00:00,421,0.0,0.0509115899877619,0,0,0
2025-10-09 03:15:00+00:00,421,0.0,0.0516620926445821,0,0,0
2025-10-09 03:30:00+00:00,421,0.0,0.0525109418391451,0,0,0
2025-10-09 03:45:00+00:00,421,0.0,0.053104159784894,0,0,0
2025-10-09 04:00:00+00:00,421,0.0,0.0537078401282746,0,0,0
2025-10-09 04:15:00+00:00,421,0.0,0.0557671887288897,0,0,0
2025-10-09 04:30:00+00:00,421,0.0,0.0583266399363253,0,0,0
2025-10-09 04:45:00+00:00,421,0.0,0.0604341155660481,0,0,0
2025-10-09 05:00:00+00:00,421,0.0,0.0631578264163108,0,0,0
2025-10-09 05:15:00+00:00,421,0.0,0.0970521585323362,0,0,0
2025-10-09 05:30:00+00:00,421,0.0,0.0818663371157129,0,0,0
2025-10-09 05:45:00+00:00,421,0.0,0.084900083682478,0,0,0
2025-10-09 06:00:00+00:00,421,0.0,7.134235876770881,0,0,0
2025-10-09 06:15:00+00:00,421,24.10000000054424,20.92606870641517,0,0,0
2025-10-09 06:30:00+00:00,421,16.599999999925785,23.80855690314467,0,0,0
2025-10-09 06:45:00+00:00,421,30.200000000149885,21.10950104164918,0,0,0
2025-10-09 07:00:00+00:00,421,22.099999999227293,21.605117372366035,0,0,0
2025-10-09 07:15:00+00:00,421,15.900000000328872,16.751513461720588,0,0,0
2025-10-09 07:30:00+00:00,421,11.700000000018916,11.916539593792304,0,0,0
2025-10-09 07:45:00+00:00,421,10.00000000021828,9.88362110207631,0,0,0
2025-10-09 08:00:00+00:00,421,9.399999999914144,8.529639328656517,0,0,0
2025-10-09 08:15:00+00:00,421,9.699999999611464,8.606319984636217,0,0,0
2025-10-09 08:30:00+00:00,421,9.300000000621369,8.474171183876203,0,0,0
2025-10-09 08:45:00+00:00,421,8.399999999710417,8.56076356662611,0,0,0
2025-10-09 09:00:00+00:00,421,8.299999999508145,8.166418013790624,0,0,0
2025-10-09 09:15:00+00:00,421,7.800000000315777,8.025033705894035,0,0,0
2025-10-09 09:30:00+00:00,421,8.30000000041764,7.927326071899627,0,0,0
2025-10-09 09:45:00+00:00,421,8.399999999710417,7.668205264728035,0,0,0
2025-10-09 10:00:00+00:00,421,8.399999999710417,7.474711939184262,0,0,0
2025-10-09 10:15:00+00:00,421,8.100000000013097,7.725890042820035,0,0,0
2025-10-09 10:30:00+00:00,421,8.700000000317232,7.668841029757489,0,0,0
2025-10-09 10:45:00+00:00,421,7.499999999708962,7.701215524244136,0,0,0
2025-10-09 11:00:00+00:00,421,7.09999999980937,7.592670938782242,0,0,0
2025-10-09 11:15:00+00:00,421,8.200000000215368,7.422297070779626,0,0,0
2025-10-09 11:30:00+00:00,421,7.2000000000116415,7.317182408008172,0,0,0
2025-10-09 11:45:00+00:00,421,6.100000000515138,6.654583421107905,0,0,0
2025-10-09 12:00:00+00:00,421,6.199999999807915,6.168153424258756,0,0,0
2025-10-09 12:15:00+00:00,421,6.099999999605643,6.140507236008711,0,0,0
2025-10-09 12:30:00+00:00,421,6.199999999807915,6.079318252203083,0,0,0
2025-10-09 12:45:00+00:00,421,5.800000000817818,6.017031762885832,0,0,0
2025-10-09 13:00:00+00:00,421,6.300000000010186,6.039521558462823,0,0,0
2025-10-09 13:15:00+00:00,421,6.300000000010186,6.010058574863938,0,0,0
2025-10-09 13:30:00+00:00,421,6.199999999807915,5.873804329273029,0,0,0
2025-10-09 13:45:00+00:00,421,6.899999999404827,6.371950467737358,0,0,0
2025-10-09 14:00:00+00:00,421,6.900000000314321,6.569456820266276,0,0,0
2025-10-09 14:15:00+00:00,421,6.400000000212458,6.57123908970293,0,0,0
2025-10-09 14:30:00+00:00,421,6.400000000212458,6.499020646313384,0,0,0
2025-10-09 14:45:00+00:00,421,5.799999999908323,6.453020797016963,0,0,0
2025-10-09 15:00:00+00:00,421,6.499999999505235,6.423060152037371,0,0,0
2025-10-09 15:15:00+00:00,421,5.9000000001105946,6.322638746470449,0,0,0
2025-10-09 15:30:00+00:00,421,4.899999999906868,6.076243004792377,0,0,0
2025-10-09 15:45:00+00:00,421,5.29999999980646,5.882196741533738,0,0,0
2025-10-09 16:00:00+00:00,421,5.9000000001105946,5.745238899702061,0,0,0
2025-10-09 16:15:00+00:00,421,6.400000000212458,5.715976794137713,0,0,0
2025-10-09 16:30:00+00:00,421,7.300000000213913,6.006499267189446,0,0,0
2025-10-09 16:45:00+00:00,421,6.5999999997075065,6.2812303203749416,0,0,0
2025-10-09 17:00:00+00:00,421,6.100000000515138,6.41668000758793,0,0,0
2025-10-09 17:15:00+00:00,421,6.300000000010186,6.226905366909246,0,0,0
2025-10-09 17:30:00+00:00,421,5.29999999980646,6.0422342837955725,0,0,0
2025-10-09 17:45:00+00:00,421,5.099999999401916,5.82853928903698,0,0,0
2025-10-09 18:00:00+00:00,421,5.100000000311411,5.750603842834584,0,0,0
2025-10-09 18:15:00+00:00,421,5.400000000008731,5.770506984970296,0,0,0
2025-10-09 18:30:00+00:00,421,5.9000000001105946,5.774139180681625,0,0,0
2025-10-09 18:45:00+00:00,421,6.300000000010186,5.6134508772870655,0,0,0
2025-10-09 19:00:00+00:00,421,6.5999999997075065,5.744735484002655,0,0,0
2025-10-09 19:15:00+00:00,421,6.400000000212458,5.923692877396062,0,0,0
2025-10-09 19:30:00+00:00,421,3.899999999703141,5.661404056221428,0,0,0
2025-10-09 19:45:00+00:00,421,0.0,0.0611486973243309,0,0,0
2025-10-09 20:00:00+00:00,421,0.0,0.1098100062051026,0,0,0
2025-10-09 20:15:00+00:00,421,0.0,0.0353658620925889,0,0,0
2025-10-09 20:30:00+00:00,421,0.0,0.0302605607946393,0,0,0
2025-10-09 20:45:00+00:00,421,0.0,0.0319788352324419,0,0,0
2025-10-09 21:00:00+00:00,421,0.0,0.0383985624195908,0,0,0
2025-10-09 21:15:00+00:00,421,0.0,0.0321096152028452,0,0,0
2025-10-09 21:30:00+00:00,421,0.0,0.0348528558620211,0,0,0
2025-10-09 21:45:00+00:00,421,0.0,0.0372525811322717,0,0,0
2025-10-09 22:00:00+00:00,421,0.0,0.0376752619966147,0,0,0
2025-10-09 22:15:00+00:00,421,0.0,0.0313584150528498,0,0,0
2025-10-09 22:30:00+00:00,421,0.0,0.0320719505713693,0,0,0
2025-10-09 22:45:00+00:00,421,0.0,0.0403138786794681,0,0,0
2025-10-09 23:00:00+00:00,421,0.0,0.0442951697251272,0,0,0
2025-10-09 23:15:00+00:00,421,0.0,0.0451311152959439,0,0,0
2025-10-09 23:30:00+00:00,421,0.0,0.0451084467677409,0,0,0
2025-10-09 23:45:00+00:00,421,0.0,0.0451938896817374,0,0,0
2025-10-10 00:00:00+00:00,421,0.0,0.0455684435169718,0,0,0
2025-10-10 00:15:00+00:00,421,0.0,0.0459182363444767,0,0,0
2025-10-10 00:30:00+00:00,421,0.0,0.046676411426227,0,0,0
2025-10-10 00:45:00+00:00,421,0.0,0.0472933441399421,0,0,0
2025-10-10 01:00:00+00:00,421,0.0,0.0478122790625015,0,0,0
2025-10-10 01:15:00+00:00,421,0.0,0.0479953710210665,0,0,0
2025-10-10 01:30:00+00:00,421,0.0,0.0478293676453009,0,0,0
2025-10-10 01:45:00+00:00,421,0.0,0.0476654567490628,0,0,0
2025-10-10 02:00:00+00:00,421,0.0,0.0478781921675848,0,0,0
2025-10-10 02:15:00+00:00,421,0.0,0.0484442078794895,0,0,0
2025-10-10 02:30:00+00:00,421,0.0,0.0488407327497517,0,0,0
2025-10-10 02:45:00+00:00,421,0.0,0.0492271439689702,0,0,0
2025-10-10 03:15:00+00:00,421,0.0,0.0497000443419475,0,0,0
2025-10-10 03:30:00+00:00,421,0.0,0.0503511542212615,0,0,0
2025-10-10 03:45:00+00:00,421,0.0,0.0506590974582374,0,0,0
2025-10-10 04:00:00+00:00,421,0.0,0.0511686162229274,0,0,0
2025-10-10 04:15:00+00:00,421,0.0,0.0528010990001464,0,0,0
2025-10-10 04:30:00+00:00,421,0.0,0.0553082382194212,0,0,0
2025-10-10 04:45:00+00:00,421,0.0,0.057663323926441,0,0,0
2025-10-10 05:00:00+00:00,421,0.0,0.0596368808664706,0,0,0
2025-10-10 05:15:00+00:00,421,0.0,0.0676754897139169,0,0,0
2025-10-10 05:30:00+00:00,421,0.0,0.0787722573892688,0,0,0
2025-10-10 05:45:00+00:00,421,0.0,0.077037591861842,0,0,0
2025-10-10 06:00:00+00:00,421,0.0,0.1113654159864303,0,0,0
2025-10-10 06:15:00+00:00,421,22.50000000003638,20.66698905134093,0,0,0
2025-10-10 06:30:00+00:00,421,15.40000000022701,23.153058396770824,0,0,0
2025-10-10 06:45:00+00:00,421,26.200000000244472,20.25127753880745,0,0,0
2025-10-10 07:00:00+00:00,421,18.399999999928696,19.791467717747214,0,0,0
2025-10-10 07:15:00+00:00,421,12.20000000012078,15.042936271536108,0,0,0
2025-10-10 08:15:00+00:00,421,7.700000000113505,9.95394410776148,0,0,0
2025-10-10 08:30:00+00:00,421,7.2000000000116415,7.859245506773635,0,0,0
2025-10-10 08:45:00+00:00,421,6.699999999909778,6.979159777839554,0,0,0
2025-10-10 09:00:00+00:00,421,6.300000000010186,7.266745630249208,0,0,0
2025-10-10 09:15:00+00:00,421,6.900000000314321,7.213489236328352,0,0,0
2025-10-10 09:30:00+00:00,421,5.999999999403372,7.062350137626041,0,0,0
2025-10-10 09:45:00+00:00,421,6.50000000041473,6.664307522213906,0,0,0
2025-10-10 10:00:00+00:00,421,6.699999999909778,6.289042418313649,0,0,0
2025-10-10 10:15:00+00:00,421,6.300000000010186,6.275931290347501,0,0,0
2025-10-10 10:30:00+00:00,421,6.199999999807915,6.088986379481751,0,0,0
2025-10-10 10:45:00+00:00,421,5.100000000311411,5.877129976733733,0,0,0
2025-10-10 11:00:00+00:00,421,5.59999999950378,5.705942308568623,0,0,0
2025-10-10 11:15:00+00:00,421,6.200000000717409,5.661171093500816,0,0,0
2025-10-10 11:30:00+00:00,421,6.5999999997075065,5.4731060085952405,0,0,0
2025-10-10 11:45:00+00:00,421,5.500000000211003,5.377073055715167,0,0,0
2025-10-10 12:00:00+00:00,421,5.499999999301508,5.273364931525398,0,0,0
2025-10-10 12:15:00+00:00,421,6.000000000312866,5.11623933608456,0,0,0
2025-10-10 12:30:00+00:00,421,5.000000000109139,4.983921829162727,0,0,0
2025-10-10 12:45:00+00:00,421,4.600000000209548,4.921784516198382,0,0,0
2025-10-10 13:00:00+00:00,421,4.600000000209548,4.922814626431924,0,0,0
2025-10-10 13:15:00+00:00,421,5.099999999401916,4.885491505051869,0,0,0
2025-10-10 13:30:00+00:00,421,4.300000000512227,4.748584580222002,0,0,0
2025-10-10 13:45:00+00:00,421,3.6999999992985977,4.52753303775494,0,0,0
2025-10-10 14:00:00+00:00,421,4.100000000107684,4.588368915640479,0,0,0
2025-10-10 14:15:00+00:00,421,4.700000000411819,4.333376396201281,0,0,0
2025-10-10 14:30:00+00:00,421,4.6999999995023245,4.304289274237333,0,0,0
2025-10-10 14:45:00+00:00,421,4.300000000512227,4.427909913127359,0,0,0
2025-10-10 15:00:00+00:00,421,0.0,4.476400619536739,0,0,0
2025-10-10 15:15:00+00:00,421,0.0,3.685970162056068,0,0,0
2025-10-10 15:30:00+00:00,421,0.0,-0.0378356979278002,0,0,0
2025-10-10 15:45:00+00:00,421,0.0,0.086513734143959,0,0,0
2025-10-10 16:00:00+00:00,421,0.0,0.0780698817615572,0,0,0
2025-10-10 16:15:00+00:00,421,0.0,0.0631351578881078,0,0,0
2025-10-10 16:30:00+00:00,421,0.0,0.0572120458419034,0,0,0
2025-10-10 16:45:00+00:00,421,0.0,0.0537873543502795,0,0,0
2025-10-10 17:00:00+00:00,421,0.0,0.0512303443689576,0,0,0
2025-10-10 17:15:00+00:00,421,0.0,0.0431575583559133,0,0,0
2025-10-10 17:30:00+00:00,421,0.0,0.0381764108431994,0,0,0
2025-10-10 17:45:00+00:00,421,0.0,0.0381753646034361,0,0,0
2025-10-10 18:00:00+00:00,421,0.0,0.0426790780375325,0,0,0
2025-10-10 18:15:00+00:00,421,18.599999999423744,0.0423606724029239,0,0,0
2025-10-10 18:30:00+00:00,421,18.200000000433647,17.347913371335732,0,0,0
2025-10-10 18:45:00+00:00,421,11.90000000042346,13.192239266901488,0,0,0
2025-10-10 19:00:00+00:00,421,8.799999999610009,8.966445476042725,0,0,0
2025-10-10 19:15:00+00:00,421,6.099999999605643,7.04719953961478,0,0,0
2025-10-10 19:30:00+00:00,421,4.200000000309956,5.188104063247489,0,0,0
2025-10-10 19:45:00+00:00,421,0.0,0.1162639105578495,0,0,0
2025-10-10 20:00:00+00:00,421,0.0,0.0634539122693036,0,0,0
2025-10-10 20:15:00+00:00,421,0.0,0.019291783116988,0,0,0
2025-10-10 20:30:00+00:00,421,0.0,0.0226059219402969,0,0,0
2025-10-10 20:45:00+00:00,421,0.0,-0.0293458109958173,0,0,0
2025-10-10 21:00:00+00:00,421,0.0,0.0134997997877741,0,0,0
2025-10-10 21:15:00+00:00,421,0.0,0.0428388039747176,0,0,0
2025-10-10 21:30:00+00:00,421,0.0,0.0395427999739714,0,0,0
2025-10-10 21:45:00+00:00,421,0.0,0.0426354847140642,0,0,0
2025-10-10 22:00:00+00:00,421,0.0,0.0359507101202316,0,0,0
2025-10-10 22:15:00+00:00,421,0.0,0.0158848777013389,0,0,0
2025-10-10 22:30:00+00:00,421,0.0,0.0274873279289167,0,0,0
2025-10-10 22:45:00+00:00,421,0.0,0.0341689638034594,0,0,0
2025-10-10 23:00:00+00:00,421,0.0,0.0357501808322808,0,0,0
2025-10-10 23:15:00+00:00,421,0.0,0.0355283780024766,0,0,0
2025-10-10 23:30:00+00:00,421,0.0,0.0345933884007418,0,0,0
2025-10-10 23:45:00+00:00,421,0.0,0.0348518096222578,0,0,0
2025-10-11 00:00:00+00:00,421,0.0,0.0340092378662744,0,0,0
2025-10-11 00:15:00+00:00,421,0.0,0.0327171317586909,0,0,0
2025-10-11 00:30:00+00:00,421,0.0,0.0307209062904583,0,0,0
2025-10-11 00:45:00+00:00,421,0.0,0.03099397486866,0,0,0
2025-10-11 01:00:00+00:00,421,0.0,0.0318930435718574,0,0,0
2025-10-11 01:15:00+00:00,421,0.0,0.0315864953212328,0,0,0
2025-10-11 01:30:00+00:00,421,0.0,0.033170502322755,0,0,0
2025-10-11 01:45:00+00:00,421,0.0,0.0352462420129935,0,0,0
2025-10-11 02:00:00+00:00,421,0.0,0.0360776538781699,0,0,0
2025-10-11 04:00:00+00:00,421,0.0,0.0360650990010116,0,0,0
2025-10-11 04:15:00+00:00,421,0.0,0.0362363335755926,0,0,0
2025-10-11 04:30:00+00:00,421,0.0,0.0367880506773996,0,0,0
2025-10-11 04:45:00+00:00,421,0.0,0.0368089754726641,0,0,0
2025-10-11 05:00:00+00:00,421,0.0,0.036880817269739,0,0,0
2025-10-11 05:15:00+00:00,421,0.0,0.0396261504084414,0,0,0
2025-10-11 05:30:00+00:00,421,0.0,0.0440102437629423,0,0,0
2025-10-11 05:45:00+00:00,421,0.0,0.0464458899317303,0,0,0
2025-10-11 06:00:00+00:00,421,0.0,0.0462139734508815,0,0,0
2025-10-11 06:15:00+00:00,421,0.0,0.0547164152600236,0,0,0
2025-10-11 06:30:00+00:00,421,0.0,0.0599298280001736,0,0,0
2025-10-11 06:45:00+00:00,421,4.799999999704596,0.0670201948755497,0,0,0
2025-10-11 07:00:00+00:00,421,23.400000000037835,18.774441758684134,0,0,0
2025-10-11 07:15:00+00:00,421,29.900000000452565,17.463174118584355,0,0,0
2025-10-11 07:30:00+00:00,421,19.19999999972788,20.415127055646597,0,0,0
2025-10-11 07:45:00+00:00,421,15.199999999822468,13.376125670192742,0,0,0
2025-10-11 08:00:00+00:00,421,10.800000000017462,9.5137885981466,0,0,0
2025-10-11 08:15:00+00:00,421,7.700000000113505,7.402604048463029,0,0,0
2025-10-11 08:30:00+00:00,421,6.400000000212458,6.063354725895795,0,0,0
2025-10-11 08:45:00+00:00,421,6.80000000011205,5.52221458497479,0,0,0
2025-10-11 09:00:00+00:00,421,6.199999999807915,5.901626285803296,0,0,0
2025-10-11 09:15:00+00:00,421,6.400000000212458,6.404566469236017,0,0,0
2025-10-11 09:30:00+00:00,421,6.499999999505235,6.750136498683245,0,0,0
2025-10-11 09:45:00+00:00,421,6.200000000717409,6.53670079701264,0,0,0
2025-10-11 10:00:00+00:00,421,5.799999999908323,6.092025357247333,0,0,0
2025-10-11 10:15:00+00:00,421,5.9000000001105946,5.309108928356158,0,0,0
2025-10-11 10:30:00+00:00,421,6.399999999302963,4.965377054986269,0,0,0
2025-10-11 10:45:00+00:00,421,6.50000000041473,5.254209763633746,0,0,0
2025-10-11 11:00:00+00:00,421,6.699999999909778,5.541877266338254,0,0,0
2025-10-11 11:15:00+00:00,421,5.59999999950378,5.709951499341301,0,0,0
2025-10-11 11:30:00+00:00,421,5.200000000513683,5.386350586815565,0,0,0
2025-10-11 11:45:00+00:00,421,4.799999999704596,5.04201019424339,0,0,0
2025-10-11 12:00:00+00:00,421,5.400000000008731,4.570131605174439,0,0,0
2025-10-11 12:15:00+00:00,421,5.000000000109139,4.7230938202574935,0,0,0
2025-10-11 12:30:00+00:00,421,5.799999999908323,4.756862298448668,0,0,0
2025-10-11 12:45:00+00:00,421,6.300000000010186,4.955863684005911,0,0,0
2025-10-11 13:00:00+00:00,421,4.800000000614091,5.433937581832798,0,0,0
2025-10-11 13:15:00+00:00,421,5.29999999980646,5.20853808487639,0,0,0
2025-10-11 13:30:00+00:00,421,6.099999999605643,5.179684012819701,0,0,0
2025-10-11 13:45:00+00:00,421,6.100000000515138,5.30910177905111,0,0,0
2025-10-11 14:00:00+00:00,421,5.699999999706051,5.4123935870017625,0,0,0
2025-10-11 14:15:00+00:00,421,5.199999999604188,5.209057717292125,0,0,0
2025-10-11 14:30:00+00:00,421,5.200000000513683,5.066796573287307,0,0,0
2025-10-11 14:45:00+00:00,421,6.699999999909778,5.08588399715429,0,0,0
2025-10-11 15:00:00+00:00,421,5.699999999706051,5.420041599670937,0,0,0
2025-10-11 15:15:00+00:00,421,5.200000000513683,5.497834408518946,0,0,0
2025-10-11 15:30:00+00:00,421,5.099999999401916,5.27646162685125,0,0,0
2025-10-11 15:45:00+00:00,421,5.600000000413274,5.102112570868261,0,0,0
2025-10-11 16:00:00+00:00,421,5.199999999604188,5.109771743428244,0,0,0
2025-10-11 16:15:00+00:00,421,5.200000000513683,5.07216979915129,0,0,0
2025-10-11 16:30:00+00:00,421,5.699999999706051,5.062809702296244,0,0,0
2025-10-11 16:45:00+00:00,421,5.500000000211003,5.1284763307285335,0,0,0
2025-10-11 17:00:00+00:00,421,5.000000000109139,5.039338621007994,0,0,0
2025-10-11 17:15:00+00:00,421,5.400000000008731,5.139910249167586,0,0,0
2025-10-11 17:30:00+00:00,421,5.400000000008731,5.253192905770538,0,0,0
2025-10-11 17:45:00+00:00,421,5.799999999908323,5.192241244017868,0,0,0
2025-10-11 18:00:00+00:00,421,5.29999999980646,5.215050840215818,0,0,0
2025-10-11 18:15:00+00:00,421,0.3999999998995918,5.203117865409709,0,0,0
2025-10-11 18:30:00+00:00,421,0.0,0.1999962225416869,0,0,0
2025-10-11 18:45:00+00:00,421,0.0,0.1423013307986433,0,0,0
2025-10-11 19:00:00+00:00,421,0.0,0.0592951092104838,0,0,0
2025-10-11 19:15:00+00:00,421,0.0,0.0399658295849016,0,0,0
2025-10-11 19:30:00+00:00,421,0.0,0.028440103606627,0,0,0
2025-10-11 19:45:00+00:00,421,0.0,0.0359583825451625,0,0,0
2025-10-11 20:00:00+00:00,421,0.0,0.0375612218624228,0,0,0
2025-10-11 20:15:00+00:00,421,0.0,0.0401053282199983,0,0,0
2025-10-11 20:30:00+00:00,421,0.0,0.0379570492395098,0,0,0
2025-10-11 20:45:00+00:00,421,0.0,0.0168320734336457,0,0,0
2025-10-11 21:00:00+00:00,421,0.0,0.0192795769864169,0,0,0
2025-10-11 21:15:00+00:00,421,0.0,0.0171494328284902,0,0,0
2025-10-11 21:30:00+00:00,421,0.0,0.0182894854238178,0,0,0
2025-10-11 21:45:00+00:00,421,0.0,0.0281558751376183,0,0,0
2025-10-11 22:00:00+00:00,421,0.0,0.0378185968441764,0,0,0
2025-10-11 22:15:00+00:00,421,0.0,0.0409785896757037,0,0,0
2025-10-11 22:30:00+00:00,421,0.0,0.0406650664933243,0,0,0
2025-10-11 22:45:00+00:00,421,0.0,0.0400980045416563,0,0,0
2025-10-11 23:00:00+00:00,421,0.0,0.0409555724009127,0,0,0
2025-10-11 23:15:00+00:00,421,0.0,0.0407864303058582,0,0,0
2025-10-11 23:30:00+00:00,421,0.0,0.0402064647304438,0,0,0
2025-10-11 23:45:00+00:00,421,0.0,0.0406811088363605,0,0,0
2025-10-12 00:00:00+00:00,421,0.0,0.0416209808903236,0,0,0
2025-10-12 00:15:00+00:00,421,0.0,0.0421873453488164,0,0,0
2025-10-12 00:30:00+00:00,421,0.0,0.041885330803832,0,0,0
2025-10-12 00:45:00+00:00,421,0.0,0.0424691325917114,0,0,0
2025-10-12 01:00:00+00:00,421,0.0,0.0431920842681003,0,0,0
2025-10-12 01:15:00+00:00,421,0.0,0.0437560075004785,0,0,0
2025-10-12 01:30:00+00:00,421,0.0,0.0438930649094606,0,0,0
2025-10-12 01:45:00+00:00,421,0.0,0.0441514861309775,0,0,0
2025-10-12 02:00:00+00:00,421,0.0,0.0445173213015186,0,0,0
2025-10-12 02:15:00+00:00,421,0.0,0.0451740111262362,0,0,0
2025-10-12 02:30:00+00:00,421,0.0,0.045603666922334,0,0,0
2025-10-12 02:45:00+00:00,421,0.0,0.0454885805483789,0,0,0
2025-10-12 03:00:00+00:00,421,0.0,0.0450533448068775,0,0,0
2025-10-12 03:15:00+00:00,421,0.0,0.045374889160775,0,0,0
2025-10-12 03:30:00+00:00,421,0.0,0.0462101372384164,0,0,0
2025-10-12 03:45:00+00:00,421,0.0,0.0465989896837486,0,0,0
2025-10-12 04:00:00+00:00,421,0.0,0.0463349885168282,0,0,0
2025-10-12 04:15:00+00:00,421,0.0,0.047045734062646,0,0,0
2025-10-12 04:30:00+00:00,421,0.0,0.0487214614167443,0,0,0
2025-10-12 04:45:00+00:00,421,0.0,0.0499145234934088,0,0,0
2025-10-12 05:00:00+00:00,421,0.0,0.0509304223034998,0,0,0
2025-10-12 05:15:00+00:00,421,0.0,0.0543760385903882,0,0,0
2025-10-12 05:30:00+00:00,421,0.0,0.0577254008190593,0,0,0
2025-10-12 05:45:00+00:00,421,0.0,0.0584731135031768,0,0,0
2025-10-12 06:00:00+00:00,421,0.0,0.064764501946037,0,0,0
2025-10-12 06:15:00+00:00,421,0.0,2.534422181703395,0,0,0
2025-10-12 06:30:00+00:00,421,0.0,0.1120245470372625,0,0,0
2025-10-12 06:45:00+00:00,421,0.0,0.1135056737954007,0,0,0
2025-10-12 07:00:00+00:00,421,0.0,2.339161234079652,0,0,0
2025-10-12 07:15:00+00:00,421,0.0,0.2060420933867766,0,0,0
2025-10-12 07:30:00+00:00,421,0.0,0.1405467867157153,0,0,0
2025-10-12 07:45:00+00:00,421,0.0,0.1381132330264538,0,0,0
2025-10-12 08:00:00+00:00,421,0.0,0.1219826571036382,0,0,0
2025-10-12 08:15:00+00:00,421,0.0,0.1154094814178829,0,0,0
2025-10-12 08:30:00+00:00,421,0.0,0.1057495496840266,0,0,0
2025-10-12 08:45:00+00:00,421,0.0,0.0941171072499029,0,0,0
2025-10-12 09:00:00+00:00,421,0.0,0.0883216364548111,0,0,0
2025-10-12 09:15:00+00:00,421,0.0,0.0851278152042729,0,0,0
2025-10-12 09:30:00+00:00,421,0.0,0.0775031685564773,0,0,0
2025-10-12 09:45:00+00:00,421,0.0,0.0682558040359184,0,0,0
2025-10-12 10:00:00+00:00,421,0.0,0.0635620237115039,0,0,0
2025-10-12 10:15:00+00:00,421,0.0,0.0615494071536462,0,0,0
2025-10-12 10:30:00+00:00,421,0.0,0.0580218354186392,0,0,0
2025-10-12 10:45:00+00:00,421,0.0,0.0559642305509635,0,0,0
2025-10-12 11:00:00+00:00,421,0.0,0.053686566586423,0,0,0
2025-10-12 11:15:00+00:00,421,0.0,0.0514144825672859,0,0,0
2025-10-12 11:30:00+00:00,421,0.0,0.0501143552881844,0,0,0
2025-10-12 11:45:00+00:00,421,0.0,0.049888716245916,0,0,0
2025-10-12 12:00:00+00:00,421,0.0,0.0495256710480767,0,0,0
2025-10-12 12:15:00+00:00,421,0.0,0.0483287727589472,0,0,0
2025-10-12 12:30:00+00:00,421,0.0,0.0467294209075639,0,0,0
2025-10-12 12:45:00+00:00,421,0.0,0.0471719803274082,0,0,0
2025-10-12 13:00:00+00:00,421,0.0,0.0475629252522669,0,0,0
2025-10-12 13:15:00+00:00,421,0.0,0.0475751313828372,0,0,0
2025-10-12 13:30:00+00:00,421,0.0,0.0465145930095154,0,0,0
2025-10-12 13:45:00+00:00,421,0.0,0.0445647508374511,0,0,0
2025-10-12 14:00:00+00:00,421,0.0,0.0425943326167113,0,0,0
2025-10-12 14:15:00+00:00,421,0.0,0.0414846209745167,0,0,0
2025-10-12 14:30:00+00:00,421,0.0,0.0415951736428308,0,0,0
2025-10-12 14:45:00+00:00,421,0.0,0.0429106457717924,0,0,0
2025-10-12 15:00:00+00:00,421,0.0,0.0419780973961714,0,0,0
2025-10-12 15:15:00+00:00,421,0.0,0.0410629863499369,0,0,0
2025-10-12 15:30:00+00:00,421,0.0,0.0412213173007716,0,0,0
2025-10-12 15:45:00+00:00,421,0.0,0.0416272583289032,0,0,0
2025-10-12 16:00:00+00:00,421,0.0,0.0412171323417194,0,0,0
2025-10-12 16:15:00+00:00,421,0.0,0.0388861101492539,0,0,0
2025-10-12 16:30:00+00:00,421,0.0,0.0380731818532282,0,0,0
2025-10-12 16:45:00+00:00,421,0.0,0.0375434357864481,0,0,0
2025-10-12 17:00:00+00:00,421,0.0,0.0383839150629059,0,0,0
2025-10-12 17:15:00+00:00,421,0.0,0.0377812809592876,0,0,0
2025-10-12 17:30:00+00:00,421,0.0,0.035575458791822,0,0,0
2025-10-12 17:45:00+00:00,421,0.0,0.035762038216264,0,0,0
2025-10-12 18:00:00+00:00,421,0.0,0.0369547515463404,0,0,0
2025-10-12 18:15:00+00:00,421,0.0,0.0355165206184935,0,0,0
2025-10-12 18:30:00+00:00,421,0.0,0.0349710809552661,0,0,0
2025-10-12 18:45:00+00:00,421,0.0,0.0351346431049162,0,0,0
2025-10-12 19:00:00+00:00,421,0.0,0.0380703918805256,0,0,0
2025-10-12 19:15:00+00:00,421,0.0,0.036793281876216,0,0,0
2025-10-12 19:30:00+00:00,421,0.0,0.0337141982530448,0,0,0
2025-10-12 19:45:00+00:00,421,0.0,0.0346376792173845,0,0,0
2025-10-12 20:00:00+00:00,421,0.0,0.0368637286869395,0,0,0
2025-10-12 20:15:00+00:00,421,0.0,0.0345093404730958,0,0,0
2025-10-12 20:30:00+00:00,421,0.0,0.0358098164987845,0,0,0
2025-10-12 20:45:00+00:00,421,0.0,0.0382848710319869,0,0,0
2025-10-12 21:00:00+00:00,421,0.0,0.0406716926784911,0,0,0
2025-10-12 22:00:00+00:00,421,0.0,0.0411864426419974,0,0,0
2025-10-12 22:15:00+00:00,421,0.0,0.0394175999489716,0,0,0
2025-10-12 22:30:00+00:00,421,0.0,0.037786512158104,0,0,0
2025-10-12 22:45:00+00:00,421,0.0,0.0389579519463287,0,0,0
2025-10-12 23:00:00+00:00,421,0.0,0.0402211120871287,0,0,0
2025-10-12 23:15:00+00:00,421,0.0,0.0413140838931109,0,0,0
2025-10-12 23:30:00+00:00,421,0.0,0.0426651281740229,0,0,0
2025-10-12 23:45:00+00:00,421,0.0,0.0435129311288227,0,0,0
2025-10-13 00:00:00+00:00,421,0.0,0.0440988253962286,0,0,0
2025-10-13 00:15:00+00:00,421,0.0,0.0410469440069007,0,0,0
2025-10-13 00:30:00+00:00,421,0.0,0.0424506490225615,0,0,0
2025-10-13 00:45:00+00:00,421,0.0,0.0477937954933516,0,0,0
2025-10-13 01:00:00+00:00,421,0.0,0.0503518517144367,0,0,0
2025-10-13 01:15:00+00:00,421,0.0,0.0506500300469561,0,0,0
2025-10-13 01:30:00+00:00,421,0.0,0.0459921706210781,0,0,0
2025-10-13 01:45:00+00:00,421,0.0,0.0387891585978614,0,0,0
2025-10-13 02:00:00+00:00,421,0.0,0.0353641183596504,0,0,0
2025-10-13 03:45:00+00:00,421,0.0,0.0373164017578284,0,0,0
2025-10-13 04:00:00+00:00,421,0.0,0.0413022265091278,0,0,0
2025-10-13 04:15:00+00:00,421,0.0,0.0467726654844442,0,0,0
2025-10-13 04:30:00+00:00,421,0.0,0.049043703263818,0,0,0
2025-10-13 04:45:00+00:00,421,0.0,0.0480421030638238,0,0,0
2025-10-13 05:00:00+00:00,421,0.0,0.0465948047246955,0,0,0
2025-10-13 05:15:00+00:00,421,0.0,0.048107667422319,0,0,0
2025-10-13 05:30:00+00:00,421,0.0,0.0509028713230685,0,0,0
2025-10-13 05:45:00+00:00,421,6.199999999807915,0.0542951293820319,0,0,0
2025-10-13 06:00:00+00:00,421,38.500000000567525,4.645946584936718,0,0,0
2025-10-13 06:15:00+00:00,421,28.69999999984429,23.370639997876506,0,0,0
2025-10-13 06:30:00+00:00,421,22.399999999834108,20.45680924781348,0,0,0
2025-10-13 06:45:00+00:00,421,15.40000000022701,15.631707000797812,0,0,0
2025-10-13 07:00:00+00:00,421,12.39999999961583,12.549758773154862,0,0,0
2025-10-13 07:15:00+00:00,421,9.500000000116415,10.275999026663758,0,0,0
2025-10-13 07:30:00+00:00,421,8.700000000317232,9.11113206537864,0,0,0
2025-10-13 07:45:00+00:00,421,8.399999999710417,8.531129871572524,0,0,0
2025-10-13 09:30:00+00:00,421,10.399999999208376,8.478951802100966,0,0,0
2025-10-13 09:45:00+00:00,421,9.400000000823638,8.376345673535138,0,0,0
2025-10-13 10:00:00+00:00,421,8.799999999610009,8.459936394404352,0,0,0
2025-10-13 10:15:00+00:00,421,8.30000000041764,8.184252565541145,0,0,0
2025-10-13 10:30:00+00:00,421,7.2000000000116415,7.882220931974056,0,0,0
2025-10-13 10:45:00+00:00,421,6.699999999909778,7.903175719445103,0,0,0
2025-10-13 11:00:00+00:00,421,7.299999999304418,7.9376423447116125,0,0,0
2025-10-13 11:15:00+00:00,421,8.200000000215368,8.018044126782517,0,0,0
2025-10-13 11:30:00+00:00,421,7.300000000213913,8.170899756189693,0,0,0
2025-10-13 11:45:00+00:00,421,7.39999999950669,7.634658632959988,0,0,0
2025-10-13 12:00:00+00:00,421,6.400000000212458,5.498785963583599,0,0,0
2025-10-13 12:15:00+00:00,421,5.799999999908323,4.878442028713906,0,0,0
2025-10-13 12:30:00+00:00,421,5.799999999908323,5.283429932420916,0,0,0
2025-10-13 12:45:00+00:00,421,5.800000000817818,5.612041766699296,0,0,0
2025-10-13 13:00:00+00:00,421,6.899999999404827,5.887538318644884,0,0,0
2025-10-13 13:15:00+00:00,421,6.400000000212458,6.28450749205995,0,0,0
2025-10-13 13:30:00+00:00,421,6.400000000212458,6.359460457443978,0,0,0
2025-10-13 13:45:00+00:00,421,6.400000000212458,6.218012154548539,0,0,0
2025-10-13 14:00:00+00:00,421,5.699999999706051,5.801368093639439,0,0,0
2025-10-13 14:15:00+00:00,421,4.799999999704596,5.446354878462634,0,0,0
2025-10-13 14:30:00+00:00,421,5.200000000513683,5.193719929549893,0,0,0
2025-10-13 14:45:00+00:00,421,6.199999999807915,5.1870553822581495,0,0,0
2025-10-13 15:00:00+00:00,421,5.699999999706051,5.670137019525066,0,0,0
2025-10-13 15:15:00+00:00,421,5.699999999706051,5.813342133356255,0,0,0
2025-10-13 15:30:00+00:00,421,6.200000000717409,5.818333045773426,0,0,0
2025-10-13 15:45:00+00:00,421,5.59999999950378,5.727106343992314,0,0,0
2025-10-13 16:00:00+00:00,421,6.100000000515138,5.5974013849459,0,0,0
2025-10-13 16:15:00+00:00,421,5.59999999950378,5.590425058204716,0,0,0
2025-10-13 16:30:00+00:00,421,6.000000000312866,5.651627991873853,0,0,0
2025-10-13 16:45:00+00:00,421,6.400000000212458,5.747581779278509,0,0,0
2025-10-13 17:00:00+00:00,421,6.699999999909778,6.248799677687668,0,0,0
2025-10-13 17:15:00+00:00,421,6.399999999302963,6.478551488465769,0,0,0
2025-10-13 17:30:00+00:00,421,5.9000000001105946,6.509216427179306,0,0,0
2025-10-13 17:45:00+00:00,421,5.500000000211003,6.161385647977042,0,0,0
2025-10-13 18:00:00+00:00,421,5.9000000001105946,5.986282078751474,0,0,0
2025-10-13 18:15:00+00:00,421,5.699999999706051,5.986187045306314,0,0,0
2025-10-13 18:30:00+00:00,421,5.799999999908323,5.996285525874256,0,0,0
2025-10-13 18:45:00+00:00,421,6.300000000010186,5.763738859941993,0,0,0
2025-10-13 19:00:00+00:00,421,5.800000000817818,5.7856661272729575,0,0,0
2025-10-13 19:15:00+00:00,421,6.299999999100692,5.817789349843137,0,0,0
2025-10-13 19:30:00+00:00,421,6.200000000717409,5.745549284165151,0,0,0
2025-10-13 19:45:00+00:00,421,0.0,0.9300480307100104,0,0,0
2025-10-13 20:00:00+00:00,421,0.0,0.1749910922006092,0,0,0
2025-10-13 20:15:00+00:00,421,0.0,0.0371371460117293,0,0,0
2025-10-13 20:30:00+00:00,421,0.0,0.0299923746686658,0,0,0
2025-10-13 20:45:00+00:00,421,0.0,0.0328639540721305,0,0,0
2025-10-13 21:00:00+00:00,421,0.0,0.0446704210535369,0,0,0
2025-10-13 21:15:00+00:00,421,0.0,0.0359489663872931,0,0,0
2025-10-13 21:30:00+00:00,421,0.0,0.0459245137830564,0,0,0
2025-10-13 21:45:00+00:00,421,0.0,0.0482112451588783,0,0,0
2025-10-13 22:00:00+00:00,421,0.0,0.0457438630506059,0,0,0
2025-10-13 22:15:00+00:00,421,0.0,0.0464413562260892,0,0,0
2025-10-13 22:30:00+00:00,421,0.0,0.0500536733819174,0,0,0
2025-10-13 22:45:00+00:00,421,0.0,0.0527425095734059,0,0,0
2025-10-13 23:00:00+00:00,421,0.0,0.0559195909877328,0,0,0
2025-10-13 23:15:00+00:00,421,0.0,0.0596351371335321,0,0,0
2025-10-13 23:30:00+00:00,421,0.0,0.0613844500176448,0,0,0
2025-10-13 23:45:00+00:00,421,0.0,0.0624146474378335,0,0,0
2025-10-14 00:00:00+00:00,421,0.0,0.0619640668464711,0,0,0
2025-10-14 00:15:00+00:00,421,0.0,0.0633353384294714,0,0,0
2025-10-14 00:30:00+00:00,421,0.0,0.0629370698262707,0,0,0
2025-10-14 00:45:00+00:00,421,0.0,0.0594032206526842,0,0,0
2025-10-14 01:00:00+00:00,421,0.0,0.0584413775636925,0,0,0
2025-10-14 01:15:00+00:00,421,0.0,0.06042609439453,0,0,0
2025-10-14 01:30:00+00:00,421,0.0,0.0637241908748036,0,0,0
2025-10-14 01:45:00+00:00,421,0.0,0.0660632342387872,0,0,0
2025-10-14 02:00:00+00:00,421,0.0,0.0649897922417181,0,0,0
2025-10-14 02:15:00+00:00,421,0.0,0.0618936200357476,0,0,0
2025-10-14 02:30:00+00:00,421,0.0,0.0609610716601265,0,0,0
2025-10-14 02:45:00+00:00,421,0.0,0.0602761333618016,0,0,0
2025-10-14 03:00:00+00:00,421,0.0,0.0598422926066506,0,0,0
2025-10-14 03:15:00+00:00,421,0.0,0.0601872029819272,0,0,0
2025-10-14 03:30:00+00:00,421,0.0,0.060593492756646,0,0,0
2025-10-14 03:45:00+00:00,421,0.0,0.0605052598699478,0,0,0
2025-10-14 04:00:00+00:00,421,0.0,0.06018685423534,0,0,0
2025-10-14 04:15:00+00:00,421,0.0,0.0612097279771859,0,0,0
2025-10-14 04:30:00+00:00,421,0.0,0.0631477127652662,0,0,0
2025-10-14 04:45:00+00:00,421,0.0,0.0637433719371296,0,0,0
2025-10-14 05:00:00+00:00,421,0.0,0.0646570879970127,0,0,0
2025-10-14 05:15:00+00:00,421,0.0,0.1007851420075232,0,0,0
2025-10-14 05:30:00+00:00,421,0.0,0.0853290419853998,0,0,0
2025-10-14 05:45:00+00:00,421,0.0,0.0923064149663481,0,0,0
2025-10-14 06:00:00+00:00,421,0.0,7.974344435605547,1,0,1
2025-10-14 06:15:00+00:00,421,26.600000000144064,22.083699524751232,1,0,1
2025-10-14 06:30:00+00:00,421,17.599999999220017,25.65132829282627,1,0,1
2025-10-14 06:45:00+00:00,421,31.800000000657747,21.422951684738692,1,0,1
2025-10-14 07:00:00+00:00,421,22.399999999834108,22.083958992212512,0,0,0
2025-10-14 07:15:00+00:00,421,14.699999999720603,16.84716488583367,0,0,0
2025-10-14 07:30:00+00:00,421,11.300000000119326,11.808751090932637,0,0,0
2025-10-14 07:45:00+00:00,421,8.200000000215368,10.124382842629416,0,0,0
2025-10-14 08:00:00+00:00,421,8.399999999710417,8.845503298133202,0,0,0
2025-10-14 08:15:00+00:00,421,7.300000000213913,9.052404186242708,0,0,0
2025-10-14 08:30:00+00:00,421,7.800000000315777,8.500658138468594,0,0,0
2025-10-14 08:45:00+00:00,421,7.09999999980937,8.633090121457855,0,0,0
2025-10-14 09:00:00+00:00,421,7.2000000000116415,8.065823106796302,0,0,0
2025-10-14 09:15:00+00:00,421,8.100000000013097,7.771002506423947,0,0,0
2025-10-14 09:30:00+00:00,421,8.499999999912689,7.645049886288339,0,0,0
2025-10-14 09:45:00+00:00,421,9.399999999914144,7.327919617951562,0,0,0
2025-10-14 10:00:00+00:00,421,7.700000000113505,7.491504436130611,0,0,0
2025-10-14 10:15:00+00:00,421,7.300000000213913,7.704483279771276,0,0,0
2025-10-14 10:30:00+00:00,421,6.699999999909778,7.360997883052272,0,0,0
2025-10-14 10:45:00+00:00,421,6.999999999607098,7.050921363199159,0,0,0
2025-10-14 11:00:00+00:00,421,8.399999999710417,6.713206153147635,0,0,0
2025-10-14 11:15:00+00:00,421,7.000000000516593,6.607310298019639,0,0,0
2025-10-14 11:30:00+00:00,421,6.999999999607098,6.617930154736255,0,0,0
2025-10-14 11:45:00+00:00,421,6.900000000314321,6.652418053544617,0,0,0
2025-10-14 12:00:00+00:00,421,8.799999999610009,6.701428457759717,0,0,0
2025-10-14 12:15:00+00:00,421,8.00000000072032,7.435836110808934,0,0,0
2025-10-14 12:30:00+00:00,421,6.199999999807915,7.270701114047373,0,0,0
2025-10-14 12:45:00+00:00,421,6.199999999807915,6.99703147110167,0,0,0
2025-10-14 13:00:00+00:00,421,6.50000000041473,6.791920350480458,0,0,0
2025-10-14 13:15:00+00:00,421,5.499999999301508,6.459460402759614,0,0,0
2025-10-14 13:30:00+00:00,421,6.200000000717409,6.1902036247618994,0,0,0
2025-10-14 13:45:00+00:00,421,6.999999999607098,6.115069311152245,0,0,0
2025-10-14 14:00:00+00:00,421,7.300000000213913,6.456388642814785,0,0,0
2025-10-14 14:15:00+00:00,421,9.1999999995096,6.542971783780116,0,0,0
2025-10-14 14:30:00+00:00,421,7.500000000618456,7.339286315485827,0,0,0
2025-10-14 14:45:00+00:00,421,7.8999999996085535,7.616163903918872,0,0,0
2025-10-14 15:00:00+00:00,421,6.900000000314321,7.386114961048015,0,0,0
2025-10-14 15:15:00+00:00,421,7.2000000000116415,6.884083785596244,0,0,0
2025-10-14 15:30:00+00:00,421,6.999999999607098,6.807136512850215,0,0,0
2025-10-14 15:45:00+00:00,421,6.199999999807915,6.878687280897529,0,0,0
2025-10-14 16:00:00+00:00,421,6.300000000010186,6.738497604437249,0,0,0
2025-10-14 16:15:00+00:00,421,6.699999999909778,6.584646477895365,0,0,0
2025-10-14 16:30:00+00:00,421,5.700000000615546,6.3550339913790665,0,0,0
2025-10-14 16:45:00+00:00,421,6.199999999807915,6.265432274323537,0,0,0
2025-10-14 17:00:00+00:00,421,5.799999999908323,6.213866080740171,0,0,0
2025-10-14 17:15:00+00:00,421,6.099999999605643,6.122212861882252,0,0,0
2025-10-14 17:30:00+00:00,421,6.200000000717409,6.004592320847674,0,0,0
2025-10-14 17:45:00+00:00,421,5.799999999908323,5.847104116142233,0,0,0
2025-10-14 18:00:00+00:00,421,6.199999999807915,5.89935420178416,0,0,0
2025-10-14 18:15:00+00:00,421,6.199999999807915,6.166735595006292,0,0,0
2025-10-14 18:30:00+00:00,421,7.2000000000116415,6.130220781029976,0,0,0
2025-10-14 18:45:00+00:00,421,6.5999999997075065,6.0465515921785205,0,0,0
2025-10-14 19:00:00+00:00,421,6.50000000041473,6.0299915348329005,0,0,0
2025-10-14 19:15:00+00:00,421,6.099999999605643,6.08075962185022,0,0,0
2025-10-14 19:30:00+00:00,421,5.800000000817818,5.775960160989518,0,0,0
2025-10-14 19:45:00+00:00,421,0.0,0.3303862942597195,0,0,0
2025-10-14 20:00:00+00:00,421,0.0,0.1457044000018266,0,0,0
2025-10-14 20:15:00+00:00,421,0.0,0.0306466232672688,0,0,0
2025-10-14 20:30:00+00:00,421,0.0,0.0250652828770512,0,0,0
2025-10-14 20:45:00+00:00,421,0.0,0.0305929162927567,0,0,0
2025-10-14 21:00:00+00:00,421,0.0,0.0391605737138061,0,0,0
2025-10-14 21:15:00+00:00,421,0.0,0.0344116914285281,0,0,0
2025-10-14 21:30:00+00:00,421,0.0,0.0321465823411459,0,0,0
2025-10-14 21:45:00+00:00,421,0.0,0.0393422706860198,0,0,0
2025-10-14 22:00:00+00:00,421,0.0,0.0393830740367855,0,0,0
2025-10-14 22:15:00+00:00,421,0.0,0.0342003509963566,0,0,0
2025-10-14 22:30:00+00:00,421,0.0,0.0353899256071432,0,0,0
2025-10-14 22:45:00+00:00,421,0.0,0.0428203204055677,0,0,0
2025-10-14 23:00:00+00:00,421,0.0,0.0455680947703838,0,0,0
2025-10-14 23:15:00+00:00,421,0.0,0.047479574817796,0,0,0
2025-10-14 23:30:00+00:00,421,0.0,0.0477366010529616,0,0,0
2025-10-14 23:45:00+00:00,421,0.0,0.0481223147790039,0,0,0
2025-10-15 00:00:00+00:00,421,0.0,0.0490559093943883,0,0,0
2025-10-15 00:15:00+00:00,421,0.0,0.0505586584409671,0,0,0
2025-10-15 00:30:00+00:00,421,0.0,0.049956721830525,0,0,0
2025-10-15 00:45:00+00:00,421,0.0,0.0479022556821391,0,0,0
2025-10-15 01:00:00+00:00,421,0.0,0.0469393663533841,0,0,0
2025-10-15 01:15:00+00:00,421,0.0,0.0468375323497642,0,0,0
2025-10-15 01:30:00+00:00,421,0.0,0.0463395222224685,0,0,0
2025-10-15 01:45:00+00:00,421,0.0,0.0456280791834755,0,0,0
2025-10-15 02:00:00+00:00,421,0.0,0.045203654586194,0,0,0
2025-10-15 02:15:00+00:00,421,0.0,0.0455471699751193,0,0,0
2025-10-15 02:30:00+00:00,421,0.0,0.0457986162648813,0,0,0
2025-10-15 02:45:00+00:00,421,0.0,0.0454505671703149,0,0,0
2025-10-15 03:00:00+00:00,421,0.0,0.0479625888418189,0,0,0
2025-10-15 03:15:00+00:00,421,0.0,0.0513527544212557,0,0,0
2025-10-15 03:30:00+00:00,421,0.0,0.0515902508475072,0,0,0
2025-10-15 03:45:00+00:00,421,0.0,0.0501038928905526,0,0,0
2025-10-15 04:00:00+00:00,421,0.0,0.050269198773142,0,0,0
2025-10-15 04:15:00+00:00,421,0.0,0.0524150365275168,0,0,0
2025-10-15 04:30:00+00:00,421,0.0,0.0544548553192179,0,0,0
2025-10-15 04:45:00+00:00,421,0.0,0.0562376478757533,0,0,0
2025-10-15 05:00:00+00:00,421,0.0,0.0584591636396671,0,0,0
2025-10-15 05:15:00+00:00,421,0.0,0.09243893866969,0,0,0
2025-10-15 05:30:00+00:00,421,0.0,0.0768998369596838,0,0,0
2025-10-15 05:45:00+00:00,421,0.0,0.0784318807196333,0,0,0
2025-10-15 06:00:00+00:00,421,0.0,4.944072649061011,1,0,1
2025-10-15 06:15:00+00:00,421,23.49999999933061,18.9277870283005,1,0,1
2025-10-15 06:30:00+00:00,421,16.000000000531145,22.817625558762774,1,0,1
2025-10-15 06:45:00+00:00,421,27.79999999984284,20.12773196762044,1,0,1
2025-10-15 07:00:00+00:00,421,17.10000000002765,20.84360408827777,0,0,0
2025-10-15 07:15:00+00:00,421,12.899999999717693,15.16868871113035,0,0,0
2025-10-15 07:30:00+00:00,421,10.800000000017462,10.80530183653034,0,0,0
2025-10-15 07:45:00+00:00,421,8.89999999981228,9.159428585328634,0,0,0
2025-10-15 08:00:00+00:00,421,8.200000000215368,8.456761754216139,0,0,0
2025-10-15 08:15:00+00:00,421,8.30000000041764,8.460779314906922,0,0,0
2025-10-15 08:30:00+00:00,421,7.499999999708962,7.762175730288205,0,0,0
2025-10-15 08:45:00+00:00,421,9.799999999813735,8.02703899877355,0,0,0
2025-10-15 09:00:00+00:00,421,9.70000000052096,7.770087395377713,0,0,0
2025-10-15 09:15:00+00:00,421,8.699999999407737,7.948877913528886,0,0,0
2025-10-15 09:30:00+00:00,421,7.700000000113505,7.910882670287606,0,0,0
2025-10-15 09:45:00+00:00,421,7.800000000315777,7.733595598676187,0,0,0
2025-10-15 10:00:00+00:00,421,6.5999999997075065,7.646176337766745,0,0,0
2025-10-15 10:15:00+00:00,421,7.599999999911233,7.648282767156704,0,0,0
2025-10-15 10:30:00+00:00,421,7.300000000213913,7.554041674244448,0,0,0
2025-10-15 10:45:00+00:00,421,6.80000000011205,7.534964887148391,0,0,0
2025-10-15 11:00:00+00:00,421,7.799999999406282,7.164104627024605,0,0,0
2025-10-15 11:15:00+00:00,421,8.60000000011496,6.981323750416491,0,0,0
2025-10-15 11:30:00+00:00,421,7.800000000315777,6.989580674627863,0,0,0
2025-10-15 11:45:00+00:00,421,7.09999999980937,6.974915880613326,0,0,0
2025-10-15 12:00:00+00:00,421,7.09999999980937,6.909783444766809,0,0,0
2025-10-15 12:15:00+00:00,421,6.600000000617001,7.004077372787109,0,0,0
2025-10-15 12:30:00+00:00,421,5.199999999604188,6.292636077527033,0,0,0
2025-10-15 12:45:00+00:00,421,5.700000000615546,6.162305292728917,0,0,0
2025-10-15 13:00:00+00:00,421,7.299999999304418,6.317671200074656,0,0,0
2025-10-15 13:15:00+00:00,421,6.600000000617001,6.348093062416538,0,0,0
2025-10-15 13:30:00+00:00,421,5.999999999403372,6.208270267366563,0,0,0
2025-10-15 13:45:00+00:00,421,6.50000000041473,6.098664271664877,0,0,0
2025-10-15 14:00:00+00:00,421,6.499999999505235,6.313814411560822,0,0,0
2025-10-15 14:15:00+00:00,421,6.000000000312866,6.473340168205144,0,0,0
2025-10-15 14:30:00+00:00,421,5.9000000001105946,6.384737261376907,0,0,0
2025-10-15 14:45:00+00:00,421,7.09999999980937,6.488245248618636,0,0,0
2025-10-15 15:00:00+00:00,421,6.199999999807915,6.636531774606514,0,0,0
2025-10-15 15:15:00+00:00,421,5.700000000615546,6.40984980566701,0,0,0
2025-10-15 15:30:00+00:00,421,6.999999999607098,6.200278216188581,0,0,0
2025-10-15 15:45:00+00:00,421,6.699999999909778,6.285408827615968,0,0,0
2025-10-15 16:00:00+00:00,421,7.499999999708962,6.5047029488407535,0,0,0
2025-10-15 16:15:00+00:00,421,7.000000000516593,6.679089146335336,0,0,0
2025-10-15 16:30:00+00:00,421,6.499999999505235,6.690912004406368,0,0,0
2025-10-15 16:45:00+00:00,421,6.000000000312866,6.685176343651074,0,0,0
2025-10-15 17:00:00+00:00,421,6.50000000041473,6.474647096042706,0,0,0
2025-10-15 17:15:00+00:00,421,6.499999999505235,6.276354145585137,0,0,0
2025-10-15 17:30:00+00:00,421,7.500000000618456,6.274346411479509,0,0,0
2025-10-15 17:45:00+00:00,421,7.39999999950669,6.253170693045128,0,0,0
2025-10-15 18:00:00+00:00,421,6.80000000011205,6.703254146146545,0,0,0
2025-10-15 18:15:00+00:00,421,7.300000000213913,6.769944607373798,0,0,0
2025-10-15 18:30:00+00:00,421,6.899999999404827,6.901758785782873,0,0,0
2025-10-15 18:45:00+00:00,421,6.900000000314321,6.624270367701398,0,0,0
2025-10-15 19:00:00+00:00,421,7.800000000315777,6.52818091787411,0,0,0
2025-10-15 19:15:00+00:00,421,6.80000000011205,6.627209429569591,0,0,0
2025-10-15 19:30:00+00:00,421,4.799999999704596,6.241157942457072,0,0,0
2025-10-15 19:45:00+00:00,421,0.0,0.1001880878493093,0,0,0
2025-10-15 20:00:00+00:00,421,0.0,0.1158370447344543,0,0,0
2025-10-15 20:15:00+00:00,421,0.0,0.0297562732287648,0,0,0
2025-10-15 20:30:00+00:00,421,0.0,0.0206881644543051,0,0,0
2025-10-15 20:45:00+00:00,421,0.0,0.025452391589444,0,0,0
2025-10-15 21:00:00+00:00,421,0.0,0.0277656277059348,0,0,0
2025-10-15 21:15:00+00:00,421,0.0,0.0369861387392367,0,0,0
2025-10-15 21:30:00+00:00,421,0.0,0.0423735760266703,0,0,0
2025-10-15 21:45:00+00:00,421,0.0,0.0503441792895067,0,0,0
2025-10-15 22:00:00+00:00,421,0.0,0.043693233114685,0,0,0
2025-10-15 22:15:00+00:00,421,0.0,0.0348277461077035,0,0,0
2025-10-15 22:30:00+00:00,421,0.0,0.0333047697590362,0,0,0
2025-10-15 22:45:00+00:00,421,0.0,0.0353463322836757,0,0,0
2025-10-15 23:00:00+00:00,421,0.0,0.0440402359694882,0,0,0
2025-10-15 23:15:00+00:00,421,0.0,0.0510141214845578,0,0,0
2025-10-15 23:30:00+00:00,421,0.0,0.0529946533563432,0,0,0
2025-10-15 23:45:00+00:00,421,0.0,0.0531732116092671,0,0,0
2025-10-16 00:00:00+00:00,421,0.0,0.0536973777306428,0,0,0
2025-10-16 00:15:00+00:00,421,0.0,0.0541047137451249,0,0,0
2025-10-16 00:30:00+00:00,421,0.0,0.0540534479967265,0,0,0
2025-10-16 00:45:00+00:00,421,0.0,0.0530378979332235,0,0,0
2025-10-16 01:00:00+00:00,421,0.0,0.0543586012610006,0,0,0
2025-10-16 01:15:00+00:00,421,0.0,0.0547896520434498,0,0,0
2025-10-16 01:30:00+00:00,421,0.0,0.0545218146640635,0,0,0
2025-10-16 01:45:00+00:00,421,0.0,0.0537475972392771,0,0,0
2025-10-16 02:00:00+00:00,421,0.0,0.0538769822233291,0,0,0
2025-10-16 02:15:00+00:00,421,0.0,0.0554655229304925,0,0,0
2025-10-16 02:30:00+00:00,421,0.0,0.0572559879119589,0,0,0
2025-10-16 02:45:00+00:00,421,0.0,0.058428125193358,0,0,0
2025-10-16 03:00:00+00:00,421,0.0,0.0594726212236444,0,0,0
2025-10-16 03:15:00+00:00,421,0.0,0.061194731873913,0,0,0
2025-10-16 03:30:00+00:00,421,0.0,0.0625450786616488,0,0,0
2025-10-16 03:45:00+00:00,421,0.0,0.0627860625537781,0,0,0
2025-10-16 04:00:00+00:00,421,0.0,0.0619776679633927,0,0,0
2025-10-16 04:15:00+00:00,421,0.0,0.0623832602449363,0,0,0
2025-10-16 04:30:00+00:00,421,0.0,0.0644635336408159,0,0,0
2025-10-16 04:45:00+00:00,421,0.0,0.0656942603489563,0,0,0
2025-10-16 05:00:00+00:00,421,0.0,0.0664726627327958,0,0,0
2025-10-16 05:15:00+00:00,421,0.0,0.1080851055821323,0,0,0
2025-10-16 07:15:00+00:00,421,15.800000000126602,0.0846214351588727,0,0,0
2025-10-16 07:30:00+00:00,421,14.900000000125146,20.378921579893607,0,0,0
2025-10-16 07:45:00+00:00,421,11.899999999513966,17.1353774358615,0,0,0
2025-10-16 08:00:00+00:00,421,10.69999999981519,15.183393959749065,0,0,0
2025-10-16 08:15:00+00:00,421,8.89999999981228,11.30443004538575,0,0,0
2025-10-16 08:30:00+00:00,421,8.900000000721775,8.849391125093348,0,0,0
2025-10-16 08:45:00+00:00,421,11.199999999917054,8.152022452141823,0,0,0
2025-10-16 09:00:00+00:00,421,9.799999999813735,8.226566686525018,0,0,0
2025-10-16 09:15:00+00:00,421,8.399999999710417,8.196123201894697,0,0,0
2025-10-16 09:30:00+00:00,421,7.999999999810825,7.748603559333063,0,0,0
2025-10-16 09:45:00+00:00,421,8.100000000013097,7.827240334923406,0,0,0
2025-10-16 10:00:00+00:00,421,8.200000000215368,7.908414939432745,0,0,0
2025-10-16 10:15:00+00:00,421,7.09999999980937,7.698415786637746,0,0,0
2025-10-16 10:30:00+00:00,421,7.100000000718865,7.480724679103515,0,0,0
2025-10-16 10:45:00+00:00,421,6.80000000011205,7.253936168081456,0,0,0
2025-10-16 11:00:00+00:00,421,7.999999999810825,6.712208214786813,0,0,0
2025-10-16 11:15:00+00:00,421,8.100000000013097,6.60595123256721,0,0,0
2025-10-16 11:30:00+00:00,421,6.300000000010186,6.6627202021198,0,0,0
2025-10-16 11:45:00+00:00,421,7.2000000000116415,6.559480749750632,0,0,0
2025-10-16 12:00:00+00:00,421,8.399999999710417,6.576281093495205,0,0,0
2025-10-16 12:15:00+00:00,421,8.200000000215368,6.781256377320492,0,0,0
2025-10-16 12:30:00+00:00,421,6.699999999909778,6.940458322758097,0,0,0
2025-10-16 12:45:00+00:00,421,7.39999999950669,7.165067865099948,0,0,0
2025-10-16 13:00:00+00:00,421,8.800000000519503,7.308302273644506,0,0,0
2025-10-16 13:15:00+00:00,421,7.700000000113505,7.048505595585872,0,0,0
2025-10-16 13:30:00+00:00,421,6.300000000010186,6.577497172846661,0,0,0
2025-10-16 13:45:00+00:00,421,5.9000000001105946,6.42269030628107,0,0,0
2025-10-16 14:00:00+00:00,421,6.699999999909778,6.233839320940019,0,0,0
2025-10-16 14:15:00+00:00,421,7.299999999304418,6.111358298712086,0,0,0
2025-10-16 14:30:00+00:00,421,6.900000000314321,6.067147693784074,0,0,0
2025-10-16 14:45:00+00:00,421,6.000000000312866,6.251602554013347,0,0,0
2025-10-16 15:00:00+00:00,421,6.300000000010186,6.181363247509236,0,0,0
2025-10-16 15:15:00+00:00,421,6.400000000212458,5.808250956295108,0,0,0
2025-10-16 15:30:00+00:00,421,4.199999999400461,5.59558371773059,0,0,0
2025-10-16 15:45:00+00:00,421,3.700000000208093,5.48629961512939,0,0,0
2025-10-16 16:00:00+00:00,421,4.200000000309956,5.352267408422277,0,0,0
2025-10-16 16:15:00+00:00,421,4.399999999805004,5.0924273550067936,0,0,0
2025-10-16 16:30:00+00:00,421,4.100000000107684,4.187125242486109,0,0,0
2025-10-16 16:45:00+00:00,421,5.400000000008731,4.560059585753843,0,0,0
2025-10-16 17:00:00+00:00,421,4.799999999704596,4.63988288442233,0,0,0
2025-10-16 17:15:00+00:00,421,5.000000000109139,4.740735733111611,0,0,0
2025-10-16 17:30:00+00:00,421,6.000000000312866,5.198808142265044,0,0,0
2025-10-16 17:45:00+00:00,421,6.999999999607098,5.716893474543593,0,0,0
2025-10-16 18:00:00+00:00,421,6.80000000011205,6.678356429754492,0,0,0
2025-10-16 18:15:00+00:00,421,6.999999999607098,6.565659667418945,0,0,0
2025-10-16 18:30:00+00:00,421,6.600000000617001,6.230610101910825,0,0,0
2025-10-16 18:45:00+00:00,421,5.9000000001105946,5.996912572239015,0,0,0
2025-10-16 19:00:00+00:00,421,5.699999999706051,5.763366049839697,0,0,0
2025-10-16 19:15:00+00:00,421,5.699999999706051,5.430893024121813,0,0,0
2025-10-16 19:30:00+00:00,421,3.400000000510772,3.5550798133579207,0,0,0
2025-10-16 19:45:00+00:00,421,0.0,0.1096705075700059,0,0,0
2025-10-16 20:00:00+00:00,421,0.0,0.0149847627583783,0,0,0
2025-10-16 20:15:00+00:00,421,0.0,-0.0020912651638056,0,0,0
2025-10-16 20:30:00+00:00,421,0.0,0.0131663980498926,0,0,0
2025-10-16 20:45:00+00:00,421,0.0,0.0243273350973893,0,0,0
2025-10-16 21:00:00+00:00,421,0.0,0.0333016310397464,0,0,0
2025-10-16 21:15:00+00:00,421,0.0,0.0317068128940034,0,0,0
2025-10-16 21:30:00+00:00,421,0.0,0.0315578981010382,0,0,0
2025-10-16 21:45:00+00:00,421,0.0,0.0354718810552627,0,0,0
2025-10-16 22:00:00+00:00,421,0.0,0.0215806069723365,0,0,0
2025-10-16 22:15:00+00:00,421,0.0,0.0197535235991574,0,0,0
2025-10-16 22:30:00+00:00,421,0.0,0.0225804634393913,0,0,0
2025-10-16 22:45:00+00:00,421,0.0,0.0262227728017654,0,0,0
2025-10-16 23:00:00+00:00,421,0.0,0.0369310367783741,0,0,0
2025-10-16 23:15:00+00:00,421,0.0,0.0418385987610747,0,0,0
2025-10-16 23:30:00+00:00,421,0.0,0.0420251781855167,0,0,0
2025-10-16 23:45:00+00:00,421,0.0,0.0431554658763877,0,0,0
2025-10-17 00:00:00+00:00,421,0.0,0.0441068465677467,0,0,0
2025-10-17 00:15:00+00:00,421,0.0,0.0445459185217131,0,0,0
2025-10-17 00:30:00+00:00,421,0.0,0.0446250839971309,0,0,0
2025-10-17 00:45:00+00:00,421,0.0,0.0452193481826421,0,0,0
2025-10-17 01:00:00+00:00,421,0.0,0.0453581493245636,0,0,0
2025-10-17 01:15:00+00:00,421,0.0,0.0453839565720564,0,0,0
2025-10-17 01:30:00+00:00,421,0.0,0.0447945748387734,0,0,0
2025-10-17 01:45:00+00:00,421,0.0,0.0443467842201128,0,0,0
2025-10-17 02:00:00+00:00,421,0.0,0.044157066076381,0,0,0
2025-10-17 05:00:00+00:00,421,0.0,0.0447757425230355,0,0,0
2025-10-17 05:15:00+00:00,421,0.0,0.0481554457048396,0,0,0
2025-10-17 05:30:00+00:00,421,0.0,0.0515110853720903,0,0,0
2025-10-17 05:45:00+00:00,421,0.0,0.0532795793185281,0,0,0
2025-10-17 06:00:00+00:00,421,0.0,0.0551502560151746,0,0,0
2025-10-17 06:15:00+00:00,421,25.09999999983848,0.1349902073332272,0,0,0
2025-10-17 06:30:00+00:00,421,17.10000000002765,21.87754704681902,0,0,0
2025-10-17 06:45:00+00:00,421,32.499999999345164,18.28625512527253,0,0,0
2025-10-17 07:00:00+00:00,421,21.90000000064174,21.125900501191147,0,0,0
2025-10-17 07:15:00+00:00,421,14.299999999821011,16.339017392726088,0,0,0
2025-10-17 07:30:00+00:00,421,10.59999999961292,11.288656237222195,0,0,0
2025-10-17 07:45:00+00:00,421,8.400000000619912,9.48577064603402,0,0,0
2025-10-17 08:00:00+00:00,421,7.700000000113505,8.514690654919557,0,0,0
2025-10-17 08:15:00+00:00,421,8.100000000013097,8.77613062689963,0,0,0
2025-10-17 08:30:00+00:00,421,7.799999999406282,8.332921143415895,0,0,0
2025-10-17 08:45:00+00:00,421,7.09999999980937,8.4695851662474,0,0,0
2025-10-17 09:00:00+00:00,421,8.100000000013097,7.901204952477775,0,0,0
2025-10-17 09:15:00+00:00,421,10.900000000219734,7.821468578896281,0,0,0
2025-10-17 09:30:00+00:00,421,9.100000000216824,8.064904159537601,0,0,0
2025-10-17 09:45:00+00:00,421,7.999999999810825,7.753474502924051,0,0,0
2025-10-17 10:00:00+00:00,421,7.499999999708962,7.636079077811861,0,0,0
2025-10-17 10:15:00+00:00,421,7.300000000213913,7.703061788679641,0,0,0
2025-10-17 10:30:00+00:00,421,6.50000000041473,7.509054759412123,0,0,0
2025-10-17 10:45:00+00:00,421,6.199999999807915,7.410104192579002,0,0,0
2025-10-17 11:00:00+00:00,421,6.400000000212458,7.072769290681411,0,0,0
2025-10-17 11:15:00+00:00,421,5.500000000211003,6.754857481241505,0,0,0
2025-10-17 11:30:00+00:00,421,5.59999999950378,6.164228281413724,0,0,0
2025-10-17 11:45:00+00:00,421,5.9000000001105946,5.295057928336046,0,0,0
2025-10-17 12:00:00+00:00,421,7.2000000000116415,5.307192129923283,0,0,0
2025-10-17 12:15:00+00:00,421,6.000000000312866,5.786898597714036,0,0,0
2025-10-17 12:30:00+00:00,421,5.499999999301508,6.033556771199384,0,0,0
2025-10-17 12:45:00+00:00,421,5.799999999908323,6.302973972627459,0,0,0
2025-10-17 13:00:00+00:00,421,5.800000000817818,6.400601743653276,0,0,0
2025-10-17 13:15:00+00:00,421,5.699999999706051,6.27442487946175,0,0,0
2025-10-17 13:30:00+00:00,421,5.59999999950378,5.786201802031728,0,0,0
2025-10-17 13:45:00+00:00,421,5.700000000615546,5.159537096819158,0,0,0
2025-10-17 14:00:00+00:00,421,6.80000000011205,5.522332984441329,0,0,0
2025-10-17 14:15:00+00:00,421,8.89999999981228,5.950047831404995,0,0,0
2025-10-17 14:30:00+00:00,421,7.8999999996085535,7.250662135115737,0,0,0
2025-10-17 14:45:00+00:00,421,6.199999999807915,7.868118666205547,0,0,0
2025-10-17 15:00:00+00:00,421,7.000000000516593,7.157277563822974,0,0,0
2025-10-17 15:15:00+00:00,421,6.099999999605643,6.748785977522216,0,0,0
2025-10-17 15:30:00+00:00,421,5.200000000513683,6.277563250004838,0,0,0
2025-10-17 15:45:00+00:00,421,4.500000000007276,6.304259801296463,0,0,0
2025-10-17 16:00:00+00:00,421,5.000000000109139,6.423749449668041,0,0,0
2025-10-17 16:15:00+00:00,421,7.39999999950669,6.393244585638278,0,0,0
2025-10-17 16:30:00+00:00,421,7.499999999708962,6.598587622740338,0,0,0
2025-10-17 16:45:00+00:00,421,7.400000000416185,7.5010935723071555,0,0,0
2025-10-17 17:00:00+00:00,421,6.400000000212458,7.231276009796353,0,0,0
2025-10-17 17:15:00+00:00,421,5.9000000001105946,6.6332676809185465,0,0,0
2025-10-17 17:30:00+00:00,421,5.9000000001105946,6.168229799761472,0,0,0
2025-10-17 17:45:00+00:00,421,6.399999999302963,6.159882550183875,0,0,0
2025-10-17 18:00:00+00:00,421,6.300000000010186,6.337355678099854,0,0,0
2025-10-17 18:15:00+00:00,421,5.9000000001105946,6.292358475243191,0,0,0
2025-10-17 18:30:00+00:00,421,5.500000000211003,5.846805937809713,0,0,0
2025-10-17 18:45:00+00:00,421,5.600000000413274,5.324043041923079,0,0,0
2025-10-17 19:00:00+00:00,421,5.499999999301508,5.442770635407119,0,0,0
2025-10-17 19:15:00+00:00,421,5.9000000001105946,5.653279830086691,0,0,0
2025-10-17 19:30:00+00:00,421,3.3000000003085006,4.927234640684962,0,0,0
2025-10-17 19:45:00+00:00,421,0.3999999998995918,0.1212652853726536,0,0,0
2025-10-17 20:00:00+00:00,421,0.0,0.1034551458832737,0,0,0
2025-10-17 20:15:00+00:00,421,0.0,0.0306201185266008,0,0,0
2025-10-17 20:30:00+00:00,421,0.0,0.0370081097742645,0,0,0
2025-10-17 20:45:00+00:00,421,0.0,0.0365216082843655,0,0,0
2025-10-17 21:00:00+00:00,421,0.0,0.049066720538609,0,0,0
2025-10-17 21:15:00+00:00,421,0.0,0.0652907605469392,0,0,0
2025-10-17 21:30:00+00:00,421,0.0,0.0649838635497266,0,0,0
2025-10-17 21:45:00+00:00,421,0.0,0.0721526984073444,0,0,0
2025-10-17 22:00:00+00:00,421,0.0,0.0703918768858367,0,0,0
2025-10-17 22:15:00+00:00,421,0.0,0.0701627503776904,0,0,0
2025-10-17 22:30:00+00:00,421,0.0,0.0685853695613349,0,0,0
2025-10-17 22:45:00+00:00,421,0.0,0.0631714275332333,0,0,0
2025-10-17 23:00:00+00:00,421,0.0,0.0624770730770389,0,0,0
2025-10-17 23:15:00+00:00,421,0.0,0.0621286752358853,0,0,0
2025-10-17 23:30:00+00:00,421,0.0,0.0605174660005189,0,0,0
2025-10-17 23:45:00+00:00,421,0.0,0.0597711483027518,0,0,0
2025-10-18 00:00:00+00:00,421,0.0,0.0598049767217627,0,0,0
2025-10-18 00:15:00+00:00,421,0.0,0.0586154021109761,0,0,0
2025-10-18 00:30:00+00:00,421,0.0,0.0572545929256076,0,0,0
2025-10-18 00:45:00+00:00,421,0.0,0.0587604806914763,0,0,0
2025-10-18 01:00:00+00:00,421,0.0,0.061240417676907,0,0,0
2025-10-18 01:15:00+00:00,421,0.0,0.0619117548583103,0,0,0
2025-10-18 01:30:00+00:00,421,0.0,0.0696933374705901,0,0,0
2025-10-18 01:45:00+00:00,421,0.0,0.0698806143882073,0,0,0
2025-10-18 02:00:00+00:00,421,0.0,0.066130891076809,0,0,0
2025-10-18 02:15:00+00:00,421,0.0,0.0653081978763259,0,0,0
2025-10-18 02:30:00+00:00,421,0.0,0.0657375049258357,0,0,0
2025-10-18 02:45:00+00:00,421,0.0,0.0655756865091241,0,0,0
2025-10-18 03:00:00+00:00,421,0.0,0.0655000084995842,0,0,0
2025-10-18 03:15:00+00:00,421,0.0,0.0674216021980411,0,0,0
2025-10-18 03:30:00+00:00,421,0.0,0.0689909618428785,0,0,0
2025-10-18 03:45:00+00:00,421,0.0,0.0698841018540843,0,0,0
2025-10-18 04:00:00+00:00,421,0.0,0.0698708494837507,0,0,0
2025-10-18 04:15:00+00:00,421,0.0,0.0718294103205074,0,0,0
2025-10-18 04:30:00+00:00,421,0.0,0.0740596447491155,0,0,0
2025-10-18 04:45:00+00:00,421,0.0,0.0755337965754998,0,0,0
2025-10-18 05:00:00+00:00,421,0.0,0.0762166423942982,0,0,0
2025-10-18 05:15:00+00:00,421,0.0,0.0925749498389088,0,0,0
2025-10-18 05:30:00+00:00,421,0.0,0.0877221410704836,0,0,0
2025-10-18 05:45:00+00:00,421,0.0,0.0911049829715775,0,0,0
2025-10-18 06:00:00+00:00,421,0.0,0.1012848958677574,0,0,0
2025-10-18 06:15:00+00:00,421,0.0,0.2129619231807469,0,0,0
2025-10-18 06:30:00+00:00,421,0.0,0.1284526037994213,0,0,0
2025-10-18 06:45:00+00:00,421,5.000000000109139,0.1348984869806511,0,0,0
2025-10-18 07:00:00+00:00,421,30.499999999847205,25.956693595025584,0,0,0
2025-10-18 07:15:00+00:00,421,40.60000000026776,23.307564295031195,0,0,0
2025-10-18 07:30:00+00:00,421,27.90000000004511,23.92330569040249,0,0,0
2025-10-18 07:45:00+00:00,421,20.19999999993161,17.160001734928763,0,0,0
2025-10-18 08:00:00+00:00,421,14.799999999922877,13.48096935686552,0,0,0
2025-10-18 08:15:00+00:00,421,10.800000000017462,10.405072928759653,0,0,0
2025-10-18 08:30:00+00:00,421,9.000000000014552,8.908668628851563,0,0,0
2025-10-18 08:45:00+00:00,421,8.299999999508145,8.535215437847917,0,0,0
2025-10-18 09:00:00+00:00,421,8.100000000013097,8.27263680825887,0,0,0
2025-10-18 09:15:00+00:00,421,8.30000000041764,8.412104056162642,0,0,0
2025-10-18 09:30:00+00:00,421,8.200000000215368,8.801531933364382,0,0,0
2025-10-18 09:45:00+00:00,421,8.399999999710417,8.805094728504752,0,0,0
2025-10-18 10:00:00+00:00,421,7.700000000113505,8.192183760439567,0,0,0
2025-10-18 10:15:00+00:00,421,7.799999999406282,5.734855841918522,0,0,0
2025-10-18 10:30:00+00:00,421,7.600000000820728,5.974816685932878,0,0,0
2025-10-18 10:45:00+00:00,421,7.499999999708962,6.633284420754757,0,0,0
2025-10-18 11:00:00+00:00,421,6.5999999997075065,7.084550996655088,0,0,0
2025-10-18 11:15:00+00:00,421,6.5999999997075065,7.273162567463654,0,0,0
2025-10-18 11:30:00+00:00,421,6.600000000617001,7.148943217869123,0,0,0
2025-10-18 11:45:00+00:00,421,7.999999999810825,6.922940084162658,0,0,0
2025-10-18 12:00:00+00:00,421,7.2000000000116415,6.66225758977116,0,0,0
2025-10-18 12:15:00+00:00,421,6.5999999997075065,6.2132693753285455,0,0,0
2025-10-18 12:30:00+00:00,421,5.500000000211003,5.746352796303308,0,0,0
2025-10-18 12:45:00+00:00,421,5.000000000109139,5.537196215264292,0,0,0
2025-10-18 13:00:00+00:00,421,6.099999999605643,5.608438168208161,0,0,0
2025-10-18 13:15:00+00:00,421,7.2000000000116415,5.8443582598836485,0,0,0
2025-10-18 13:30:00+00:00,421,6.400000000212458,5.998782202695899,0,0,0
2025-10-18 13:45:00+00:00,421,4.399999999805004,5.448833943581596,0,0,0
2025-10-18 14:00:00+00:00,421,4.500000000007276,4.339683194883986,0,0,0
2025-10-18 14:15:00+00:00,421,4.500000000007276,2.740500027865828,0,0,0
2025-10-18 14:30:00+00:00,421,5.100000000311411,4.149547972030239,0,0,0
2025-10-18 14:45:00+00:00,421,5.9000000001105946,5.850664993176369,0,0,0
2025-10-18 15:00:00+00:00,421,5.9000000001105946,5.716822678986281,0,0,0
2025-10-18 15:15:00+00:00,421,5.500000000211003,5.767370358160147,0,0,0
2025-10-18 15:30:00+00:00,421,5.400000000008731,5.7138485680860205,0,0,0
2025-10-18 15:45:00+00:00,421,5.400000000008731,5.617256400052503,0,0,0
2025-10-18 16:00:00+00:00,421,5.400000000008731,5.486621682603169,0,0,0
2025-10-18 16:15:00+00:00,421,4.399999999805004,5.0310216251968845,0,0,0
2025-10-18 16:30:00+00:00,421,4.6999999995023245,4.848648869283076,0,0,0
2025-10-18 16:45:00+00:00,421,5.799999999908323,4.941801611281638,0,0,0
2025-10-18 17:00:00+00:00,421,5.9000000001105946,5.3791890756362895,0,0,0
2025-10-18 17:15:00+00:00,421,5.700000000615546,5.523983427667816,0,0,0
2025-10-18 17:30:00+00:00,421,5.099999999401916,5.50917808877842,0,0,0
2025-10-18 17:45:00+00:00,421,5.600000000413274,5.090795656909397,0,0,0
2025-10-18 18:00:00+00:00,421,5.500000000211003,5.48436703591342,0,0,0
2025-10-18 18:15:00+00:00,421,0.0,5.655633869553947,0,0,0
2025-10-18 18:30:00+00:00,421,0.0,0.1384992954990833,0,0,0
2025-10-18 18:45:00+00:00,421,0.0,0.2072797950266718,0,0,0
2025-10-18 19:00:00+00:00,421,0.0,0.0789804591021505,0,0,0
2025-10-18 19:15:00+00:00,421,0.0,0.0452552690811796,0,0,0
2025-10-18 19:30:00+00:00,421,10.59999999961292,0.2533799089670685,0,0,0
2025-10-18 19:45:00+00:00,421,14.100000000325965,9.529737825843789,0,0,0
2025-10-18 20:00:00+00:00,421,9.699999999611464,8.685623214955735,0,0,0
2025-10-18 20:15:00+00:00,421,7.300000000213913,6.978390442866996,0,0,0
2025-10-18 20:30:00+00:00,421,5.9000000001105946,6.037354970286478,0,0,0
2025-10-18 20:45:00+00:00,421,4.799999999704596,5.86166620428668,0,0,0
2025-10-18 21:00:00+00:00,421,5.600000000413274,5.679690583549662,0,0,0
2025-10-18 21:15:00+00:00,421,4.999999999199645,5.837197097450961,0,0,0
2025-10-18 21:30:00+00:00,421,5.400000000008731,6.179841840520212,0,0,0
2025-10-18 21:45:00+00:00,421,5.600000000413274,6.265074983444396,0,0,0
2025-10-18 22:00:00+00:00,421,6.50000000041473,5.432275978715503,0,0,0
2025-10-18 22:15:00+00:00,421,6.499999999505235,5.764329462288334,0,0,0
2025-10-18 22:30:00+00:00,421,6.000000000312866,5.970653174795125,0,0,0
2025-10-18 22:45:00+00:00,421,6.399999999302963,5.949045010591944,0,0,0
2025-10-18 23:00:00+00:00,421,6.900000000314321,6.026880017777069,0,0,0
2025-10-18 23:15:00+00:00,421,5.9000000001105946,6.149188759190658,0,0,0
2025-10-18 23:30:00+00:00,421,6.199999999807915,6.273213856935818,0,0,0
2025-10-18 23:45:00+00:00,421,6.199999999807915,6.256714307123171,0,0,0
2025-10-19 00:00:00+00:00,421,6.200000000717409,6.134676890554846,0,0,0
2025-10-19 00:15:00+00:00,421,6.5999999997075065,6.078972295588043,0,0,0
2025-10-19 00:30:00+00:00,421,6.400000000212458,6.154830258367261,0,0,0
2025-10-19 00:45:00+00:00,421,6.300000000010186,6.253388834035761,0,0,0
2025-10-19 01:00:00+00:00,421,7.09999999980937,6.296498445986272,0,0,0
2025-10-19 01:15:00+00:00,421,6.80000000011205,6.3551940660628405,0,0,0
2025-10-19 01:30:00+00:00,421,5.9000000001105946,6.480147352851274,0,0,0
2025-10-19 01:45:00+00:00,421,6.5999999997075065,6.513842550665699,0,0,0
2025-10-19 02:00:00+00:00,421,6.5999999997075065,6.445142611599879,0,0,0
2025-10-19 02:15:00+00:00,421,6.600000000617001,6.392877181108092,0,0,0
2025-10-19 02:30:00+00:00,421,6.300000000010186,6.362549305971607,0,0,0
2025-10-19 02:45:00+00:00,421,6.80000000011205,6.358783365943878,0,0,0
2025-10-19 03:00:00+00:00,421,7.39999999950669,6.412326255186564,0,0,0
2025-10-19 03:15:00+00:00,421,6.900000000314321,6.51364934505609,0,0,0
2025-10-19 03:30:00+00:00,421,6.399999999302963,6.612144623218914,0,0,0
2025-10-19 03:45:00+00:00,421,6.900000000314321,6.677143140375739,0,0,0
2025-10-19 04:00:00+00:00,421,6.900000000314321,6.692030957833136,0,0,0
2025-10-19 05:00:00+00:00,421,7.600000000820728,6.685106245586938,0,0,0
2025-10-19 05:15:00+00:00,421,6.5999999997075065,6.784724139015702,0,0,0
2025-10-19 05:30:00+00:00,421,6.5999999997075065,6.893400725061056,0,0,0
2025-10-19 05:45:00+00:00,421,7.300000000213913,6.892248989455039,0,0,0
2025-10-19 06:00:00+00:00,421,6.80000000011205,7.184051885603665,0,0,0
2025-10-19 06:15:00+00:00,421,7.300000000213913,7.463693290744564,0,0,0
2025-10-19 06:30:00+00:00,421,6.799999999202555,7.448461434778357,0,0,0
2025-10-19 06:45:00+00:00,421,7.400000000416185,7.331965427115954,0,0,0
2025-10-19 07:00:00+00:00,421,7.499999999708962,8.515385009375752,0,0,0
2025-10-19 07:15:00+00:00,421,7.000000000516593,7.313931043570657,0,0,0
2025-10-19 07:30:00+00:00,421,7.39999999950669,6.904043599052463,0,0,0
2025-10-19 07:45:00+00:00,421,7.000000000516593,7.113420239188343,0,0,0
2025-10-19 08:00:00+00:00,421,7.599999999911233,7.305764095978922,0,0,0
2025-10-19 08:15:00+00:00,421,6.999999999607098,7.511314986047276,0,0,0
2025-10-19 08:30:00+00:00,421,7.700000000113505,7.216300831318725,0,0,0
2025-10-19 08:45:00+00:00,421,7.2000000000116415,6.945427612886828,0,0,0
2025-10-19 09:00:00+00:00,421,7.300000000213913,6.802650934238681,0,0,0
2025-10-19 09:15:00+00:00,421,6.699999999909778,6.728073917676238,0,0,0
2025-10-19 09:30:00+00:00,421,6.699999999909778,6.6441060273723815,0,0,0
2025-10-19 09:45:00+00:00,421,6.199999999807915,6.404545021320871,0,0,0
2025-10-19 10:00:00+00:00,421,5.600000000413274,6.102955598427038,0,0,0
2025-10-19 10:15:00+00:00,421,6.300000000010186,5.915676588330233,0,0,0
2025-10-19 10:30:00+00:00,421,5.099999999401916,5.648536004626935,0,0,0
2025-10-19 10:45:00+00:00,421,5.600000000413274,4.866568079267771,0,0,0
2025-10-19 11:00:00+00:00,421,5.199999999604188,4.736582074064961,0,0,0
2025-10-19 11:15:00+00:00,421,5.200000000513683,4.717544172213437,0,0,0
2025-10-19 11:30:00+00:00,421,5.199999999604188,4.723002971771387,0,0,0
2025-10-19 11:45:00+00:00,421,2.300000000104774,4.573368060695329,0,0,0
2025-10-19 12:00:00+00:00,421,0.0,3.8232800635680713,0,0,0
2025-10-19 12:15:00+00:00,421,0.0,0.1037473955238015,0,0,0
2025-10-19 12:30:00+00:00,421,0.0,0.0673706851962308,0,0,0
2025-10-19 12:45:00+00:00,421,0.0,0.0592550033528942,0,0,0
2025-10-19 13:00:00+00:00,421,0.0,0.0491064776496115,0,0,0
2025-10-19 13:15:00+00:00,421,0.0,0.0483186591079025,0,0,0
2025-10-19 13:30:00+00:00,421,0.0,0.0492194715440392,0,0,0
2025-10-19 13:45:00+00:00,421,0.0,0.0514266886978562,0,0,0
2025-10-19 14:00:00+00:00,421,0.0,0.0504038149560104,0,0,0
2025-10-19 14:15:00+00:00,421,0.0,0.044252622641423,0,0,0
2025-10-19 14:30:00+00:00,421,0.0,0.041828136363442,0,0,0
2025-10-19 14:45:00+00:00,421,0.0,0.0436604509354374,0,0,0
2025-10-19 15:00:00+00:00,421,0.0,0.0471514042787317,0,0,0
2025-10-19 15:15:00+00:00,421,0.0,0.0494758002860296,0,0,0
2025-10-19 15:30:00+00:00,421,0.0,0.0507044345146434,0,0,0
2025-10-19 15:45:00+00:00,421,0.0,0.049283640916184,0,0,0
2025-10-19 16:00:00+00:00,421,0.0,0.0489286168898628,0,0,0
2025-10-19 16:15:00+00:00,421,0.0,0.0462132759577063,0,0,0
2025-10-19 16:30:00+00:00,421,0.0,0.0468744994880641,0,0,0
2025-10-19 16:45:00+00:00,421,0.0,0.0467594131141098,0,0,0
2025-10-19 17:00:00+00:00,421,0.0,0.0467719679912681,0,0,0
2025-10-19 17:15:00+00:00,421,0.0,0.0464748358985129,0,0,0
2025-10-19 17:30:00+00:00,421,0.0,0.0505349436730009,0,0,0
2025-10-19 17:45:00+00:00,421,0.0,0.0565155989061834,0,0,0
2025-10-19 18:00:00+00:00,421,0.0,0.0625911132112309,0,0,0
2025-10-19 18:15:00+00:00,421,0.0,0.0880719338979885,0,0,0
2025-10-19 18:30:00+00:00,421,0.0,0.1658403304848557,0,0,0
2025-10-19 18:45:00+00:00,421,0.0,0.1068257816537974,0,0,0
2025-10-19 19:00:00+00:00,421,0.0,0.1041896061970577,0,0,0
2025-10-19 19:15:00+00:00,421,0.0,0.098372164366939,0,0,0
2025-10-19 19:30:00+00:00,421,0.0,0.0910320949347394,0,0,0
2025-10-19 19:45:00+00:00,421,0.0,0.0817474145292935,0,0,0
2025-10-19 20:00:00+00:00,421,0.0,0.0787213403874584,0,0,0
2025-10-19 20:15:00+00:00,421,0.0,0.0729485381205705,0,0,0
2025-10-19 20:30:00+00:00,421,0.0,0.0742838888050334,0,0,0
2025-10-19 20:45:00+00:00,421,0.0,0.0777082315500692,0,0,0
2025-10-19 21:00:00+00:00,421,0.0,0.0865144316371342,0,0,0
2025-10-19 21:15:00+00:00,421,0.0,0.0933442848114669,0,0,0
2025-10-19 21:30:00+00:00,421,0.0,0.097896125274671,0,0,0
2025-10-19 21:45:00+00:00,421,0.0,0.105728276142174,0,0,0
2025-10-19 22:00:00+00:00,421,0.0,0.1124311855585693,0,0,0
2025-10-19 22:15:00+00:00,421,0.0,0.1121431208770946,0,0,0
2025-10-19 22:30:00+00:00,421,0.0,0.1060393580984397,0,0,0
2025-10-19 22:45:00+00:00,421,0.0,0.1012674585383699,0,0,0
2025-10-19 23:00:00+00:00,421,0.0,0.1006784255516741,0,0,0
2025-10-19 23:15:00+00:00,421,0.0,0.100373621033988,0,0,0
2025-10-19 23:30:00+00:00,421,0.0,0.0982574267395719,0,0,0
2025-10-19 23:45:00+00:00,421,0.0,0.0970221663257904,0,0,0
2025-10-20 00:00:00+00:00,421,0.0,0.0968770877452902,0,0,0
2025-10-20 00:15:00+00:00,421,0.0,0.0978214935048944,0,0,0
2025-10-20 00:30:00+00:00,421,0.0,0.098645930438316,0,0,0
2025-10-20 00:45:00+00:00,421,0.0,0.0953031943948117,0,0,0
2025-10-20 01:00:00+00:00,421,0.0,0.0924717208489376,0,0,0
2025-10-20 01:15:00+00:00,421,0.0,0.0909306096777067,0,0,0
2025-10-20 01:30:00+00:00,421,0.0,0.0867613442212551,0,0,0
2025-10-20 01:45:00+00:00,421,0.0,0.0815120105825677,0,0,0
2025-10-20 02:00:00+00:00,421,0.0,0.0800995869022136,0,0,0
2025-10-20 02:15:00+00:00,421,0.0,0.0802652415313911,0,0,0
2025-10-20 02:30:00+00:00,421,0.0,0.0753831380495952,0,0,0
2025-10-20 02:45:00+00:00,421,0.0,0.0710827438761532,0,0,0
2025-10-20 03:00:00+00:00,421,0.0,0.0691914911308293,0,0,0
2025-10-20 03:15:00+00:00,421,0.0,0.0685860670545102,0,0,0
2025-10-20 03:30:00+00:00,421,0.0,0.0673804501006873,0,0,0
2025-10-20 03:45:00+00:00,421,0.0,0.0657709845982594,0,0,0
2025-10-20 04:00:00+00:00,421,0.0,0.0643875068846879,0,0,0
2025-10-20 04:15:00+00:00,421,0.0,0.0646351169619849,0,0,0
2025-10-20 04:30:00+00:00,421,0.0,0.0614873302610288,0,0,0
2025-10-20 04:45:00+00:00,421,0.0,0.0595144708141734,0,0,0
2025-10-20 05:00:00+00:00,421,0.0,0.0582408482757408,0,0,0
2025-10-20 05:15:00+00:00,421,0.0,0.0674104423072332,0,0,0
2025-10-20 05:30:00+00:00,421,0.0,0.073935839710467,0,0,0
2025-10-20 05:45:00+00:00,421,4.700000000411819,0.0788967599210925,0,0,0
2025-10-20 06:00:00+00:00,421,22.100000000136788,13.79782446414457,0,0,0
2025-10-20 06:15:00+00:00,421,38.89999999955762,20.846526584683048,0,0,0
2025-10-20 06:30:00+00:00,421,25.99999999983993,27.172588808282477,0,0,0
2025-10-20 06:45:00+00:00,421,17.400000000634464,18.823319290449305,0,0,0
2025-10-20 07:00:00+00:00,421,13.199999999415011,14.271395825557097,0,0,0
2025-10-20 07:15:00+00:00,421,13.800000000628645,10.593408292270729,0,0,0
2025-10-20 07:30:00+00:00,421,11.299999999209833,9.785464631223476,0,0,0
2025-10-20 07:45:00+00:00,421,8.800000000519503,9.787152564708148,0,0,0
2025-10-20 08:00:00+00:00,421,9.500000000116415,9.496857997551505,0,0,0
2025-10-20 08:15:00+00:00,421,8.399999999710417,9.83959707657274,0,0,0
2025-10-20 08:30:00+00:00,421,8.499999999912689,9.47890173324186,0,0,0
2025-10-20 08:45:00+00:00,421,9.600000000318689,8.834344104818644,0,0,0
2025-10-20 09:00:00+00:00,421,8.60000000011496,8.582615679067416,0,0,0
2025-10-20 09:15:00+00:00,421,8.499999999912689,8.608329113728196,0,0,0
2025-10-20 09:30:00+00:00,421,8.60000000011496,8.424831911628862,0,0,0
2025-10-20 09:45:00+00:00,421,8.89999999981228,8.286037047146255,0,0,0
2025-10-20 10:00:00+00:00,421,7.999999999810825,8.52546762197395,0,0,0
2025-10-20 10:15:00+00:00,421,7.999999999810825,8.500355775177024,0,0,0
2025-10-20 10:30:00+00:00,421,7.500000000618456,8.026888340247645,0,0,0
2025-10-20 10:45:00+00:00,421,7.599999999911233,7.648221039010675,0,0,0
2025-10-20 11:00:00+00:00,421,8.100000000013097,7.435896095222025,0,0,0
2025-10-20 11:15:00+00:00,421,8.699999999407737,7.803472557475636,0,0,0
2025-10-20 11:30:00+00:00,421,7.2000000000116415,7.794249605216219,0,0,0
2025-10-20 11:45:00+00:00,421,7.500000000618456,7.807039537575058,0,0,0
2025-10-20 12:00:00+00:00,421,7.999999999810825,7.984192690496783,0,0,0
2025-10-20 12:15:00+00:00,421,6.999999999607098,8.148323297085646,0,0,0
2025-10-20 12:30:00+00:00,421,6.600000000617001,7.479148693273511,0,0,0
2025-10-20 12:45:00+00:00,421,6.799999999202555,7.183645595828946,0,0,0
2025-10-20 13:00:00+00:00,421,6.400000000212458,6.956959267557094,0,0,0
2025-10-20 13:15:00+00:00,421,5.9000000001105946,6.08198720983907,0,0,0
2025-10-20 13:30:00+00:00,421,4.899999999906868,5.387513482312389,0,0,0
2025-10-20 13:45:00+00:00,421,6.300000000010186,5.348420384812899,0,0,0
2025-10-20 14:00:00+00:00,421,5.699999999706051,5.680638128028557,0,0,0
2025-10-20 14:15:00+00:00,421,6.000000000312866,5.646531757987184,0,0,0
2025-10-20 14:30:00+00:00,421,6.199999999807915,5.5552347837686415,0,0,0
2025-10-20 14:45:00+00:00,421,5.100000000311411,5.651451526100455,0,0,0
2025-10-20 15:00:00+00:00,421,5.100000000311411,5.745207686882457,0,0,0
2025-10-20 15:15:00+00:00,421,5.999999999403372,5.702452227091798,0,0,0
2025-10-20 15:30:00+00:00,421,6.000000000312866,5.557290296156792,0,0,0
2025-10-20 15:45:00+00:00,421,6.50000000041473,5.648456141658342,0,0,0
2025-10-20 16:00:00+00:00,421,5.999999999403372,5.746330302148398,0,0,0
2025-10-20 16:15:00+00:00,421,5.500000000211003,5.7650018457095,0,0,0
2025-10-20 16:30:00+00:00,421,5.500000000211003,5.6308467058302085,0,0,0
2025-10-20 16:45:00+00:00,421,5.9000000001105946,5.446989074132443,0,0,0
2025-10-20 17:00:00+00:00,421,6.099999999605643,5.542686358421815,0,0,0
2025-10-20 17:15:00+00:00,421,4.299999999602733,5.653227343725236,0,0,0
2025-10-20 17:30:00+00:00,421,3.700000000208093,5.426187212040121,0,0,0
2025-10-20 17:45:00+00:00,421,5.000000000109139,5.192790083960327,0,0,0
2025-10-20 18:00:00+00:00,421,5.9000000001105946,5.279415946382657,0,0,0
2025-10-20 18:15:00+00:00,421,6.699999999909778,5.653719250787246,0,0,0
2025-10-20 18:30:00+00:00,421,7.000000000516593,6.188159097891264,0,0,0
2025-10-20 18:45:00+00:00,421,7.799999999406282,6.353109782081202,0,0,0
2025-10-20 19:00:00+00:00,421,7.500000000618456,6.608565611362215,0,0,0
2025-10-20 19:15:00+00:00,421,6.899999999404827,6.739567733341735,0,0,0
2025-10-20 19:30:00+00:00,421,4.200000000309956,6.628961009306524,0,0,0
2025-10-20 19:45:00+00:00,421,0.0,0.0532370322348239,0,0,0
2025-10-20 20:00:00+00:00,421,0.0,0.1355408781952709,0,0,0
2025-10-20 20:15:00+00:00,421,0.0,0.0361798366283787,0,0,0
2025-10-20 20:30:00+00:00,421,0.0,0.0307910043545938,0,0,0
2025-10-20 20:45:00+00:00,421,0.0,0.0369373142169529,0,0,0
2025-10-20 21:00:00+00:00,421,0.0,0.0180233917773708,0,0,0
2025-10-20 21:15:00+00:00,421,0.0,0.0520331590139395,0,0,0
2025-10-20 21:30:00+00:00,421,0.0,0.0484605989691138,0,0,0
2025-10-20 21:45:00+00:00,421,0.0,0.0431704619796597,0,0,0
2025-10-20 22:00:00+00:00,421,0.0,0.0396104568119932,0,0,0
2025-10-20 22:15:00+00:00,421,0.0,0.0388997112661755,0,0,0
2025-10-20 22:30:00+00:00,421,0.0,0.0391832422420099,0,0,0
2025-10-20 22:45:00+00:00,421,0.0,0.0400952145689537,0,0,0
2025-10-20 23:00:00+00:00,421,0.0,0.0415561140250035,0,0,0
2025-10-20 23:15:00+00:00,421,0.0,0.0422124551031339,0,0,0
2025-10-20 23:30:00+00:00,421,0.0,0.0421838578829394,0,0,0
2025-10-20 23:45:00+00:00,421,0.0,0.042361021149512,0,0,0
2025-10-21 00:00:00+00:00,421,0.0,0.0432321901256909,0,0,0
2025-10-21 00:15:00+00:00,421,0.0,0.0444447820112685,0,0,0
2025-10-21 00:30:00+00:00,421,0.0,0.0443621290699738,0,0,0
2025-10-21 00:45:00+00:00,421,0.0,0.0440489546341815,0,0,0
2025-10-21 01:00:00+00:00,421,0.0,0.0446348489015875,0,0,0
2025-10-21 01:15:00+00:00,421,0.0,0.0457843176547836,0,0,0
2025-10-21 01:30:00+00:00,421,0.0,0.0465013406391809,0,0,0
2025-10-21 01:45:00+00:00,421,0.0,0.0466160782665481,0,0,0
2025-10-21 02:00:00+00:00,421,0.0,0.0469843546632029,0,0,0
2025-10-21 02:15:00+00:00,421,0.0,0.0481533532253131,0,0,0
2025-10-21 02:30:00+00:00,421,0.0,0.0491978492555995,0,0,0
2025-10-21 02:45:00+00:00,421,0.0,0.0499807853450793,0,0,0
2025-10-21 03:00:00+00:00,421,0.0,0.0511386240163815,0,0,0
2025-10-21 03:15:00+00:00,421,0.0,0.0529894221575268,0,0,0
2025-10-21 03:30:00+00:00,421,0.0,0.0551377011380154,0,0,0
2025-10-21 03:45:00+00:00,421,0.0,0.0571262541813188,0,0,0
2025-10-21 04:00:00+00:00,421,0.0,0.0590213431391069,0,0,0
2025-10-21 04:15:00+00:00,421,0.0,0.0621182128382526,0,0,0
2025-10-21 04:30:00+00:00,421,0.0,0.0646759203127507,0,0,0
2025-10-21 04:45:00+00:00,421,0.0,0.0653552786656712,0,0,0
2025-10-21 05:00:00+00:00,421,0.0,0.0684566820704581,0,0,0
2025-10-21 05:15:00+00:00,421,0.0,1.95726576005325,0,0,0
2025-10-21 05:30:00+00:00,421,0.0,0.0892039653217979,0,0,0
2025-10-21 05:45:00+00:00,421,0.0,0.0911956570843903,0,0,0
2025-10-21 06:00:00+00:00,421,0.0,8.502298293670744,0,0,0
2025-10-21 06:15:00+00:00,421,23.19999999963329,18.99138724601377,0,0,0
2025-10-21 06:30:00+00:00,421,16.400000000430737,23.62121581615525,0,0,0
2025-10-21 06:45:00+00:00,421,26.899999999841384,20.55174643891487,0,0,0
2025-10-21 07:00:00+00:00,421,19.099999999525608,20.619948716599986,0,0,0
2025-10-21 07:15:00+00:00,421,16.80000000033033,15.408350853692305,0,0,0
2025-10-21 07:30:00+00:00,421,11.700000000018916,11.58919209667446,0,0,0
2025-10-21 07:45:00+00:00,421,9.399999999914144,9.553999079713211,0,0,0
2025-10-21 08:00:00+00:00,421,9.70000000052096,8.49063202281761,0,0,0
2025-10-21 08:15:00+00:00,421,7.69999999920401,8.531941404882199,0,0,0
2025-10-21 08:30:00+00:00,421,8.800000000519503,8.103922974013905,0,0,0
2025-10-21 08:45:00+00:00,421,9.600000000318689,8.45490363239665,0,0,0
2025-10-21 09:00:00+00:00,421,8.499999999912689,8.221723991407638,0,0,0
2025-10-21 09:15:00+00:00,421,9.1999999995096,8.147567911976598,0,0,0
2025-10-21 09:30:00+00:00,421,9.600000000318689,8.063291206569296,0,0,0
2025-10-21 09:45:00+00:00,421,8.699999999407737,8.050951157308646,0,0,0
2025-10-21 10:00:00+00:00,421,8.700000000317232,8.12300464356219,0,0,0
2025-10-21 10:15:00+00:00,421,8.700000000317232,8.28115808238375,0,0,0
2025-10-21 10:30:00+00:00,421,7.39999999950669,8.209098667438214,0,0,0
2025-10-21 10:45:00+00:00,421,8.700000000317232,8.060695834463324,0,0,0
2025-10-21 11:00:00+00:00,421,8.200000000215368,7.866342848580766,0,0,0
2025-10-21 11:15:00+00:00,421,8.399999999710417,7.902765942204507,0,0,0
2025-10-21 11:30:00+00:00,421,8.30000000041764,7.804712351595057,0,0,0
2025-10-21 11:45:00+00:00,421,8.499999999912689,7.876421973713088,0,0,0
2025-10-21 12:00:00+00:00,421,9.900000000016009,7.892331444299275,0,0,0
2025-10-21 12:15:00+00:00,421,10.99999999951251,8.315009518669482,0,0,0
2025-10-21 12:30:00+00:00,421,11.199999999917054,8.70911373886625,0,0,0
2025-10-21 12:45:00+00:00,421,9.300000000621369,9.40398294502343,0,0,0
2025-10-21 13:00:00+00:00,421,9.799999999813735,8.9164257992027,0,0,0
2025-10-21 13:15:00+00:00,421,9.799999999813735,8.665813013785657,0,0,0
2025-10-21 13:30:00+00:00,421,8.499999999912689,8.410167466360912,0,0,0
2025-10-21 13:45:00+00:00,421,9.100000000216824,8.270645116496276,0,0,0
2025-10-21 14:00:00+00:00,421,7.300000000213913,8.400961951430883,0,0,0
2025-10-21 14:15:00+00:00,421,6.899999999404827,7.83511084791556,0,0,0
2025-10-21 14:30:00+00:00,421,7.400000000416185,7.326990905788406,0,0,0
2025-10-21 14:45:00+00:00,421,7.09999999980937,6.987676867005382,0,0,0
2025-10-21 15:00:00+00:00,421,8.100000000013097,6.818852131345515,0,0,0
2025-10-21 15:15:00+00:00,421,9.100000000216824,7.161449967998715,0,0,0
2025-10-21 15:30:00+00:00,421,8.799999999610009,7.55357505131005,0,0,0
2025-10-21 15:45:00+00:00,421,8.30000000041764,7.812152511297938,0,0,0
2025-10-21 16:00:00+00:00,421,8.60000000011496,7.92982867741326,0,0,0
2025-10-21 16:15:00+00:00,421,7.8999999996085535,8.10111626147576,0,0,0
2025-10-21 16:30:00+00:00,421,7.499999999708962,8.20870842000653,0,0,0
2025-10-21 16:45:00+00:00,421,7.900000000518048,8.029031388029319,0,0,0
2025-10-21 17:00:00+00:00,421,7.999999999810825,8.058977211278933,0,0,0
2025-10-21 17:15:00+00:00,421,7.499999999708962,8.10223573802241,0,0,0
2025-10-21 17:30:00+00:00,421,7.900000000518048,8.038306652276896,0,0,0
2025-10-21 17:45:00+00:00,421,7.8999999996085535,7.936472997402914,0,0,0
2025-10-21 18:00:00+00:00,421,8.700000000317232,7.984978067812378,0,0,0
2025-10-21 18:15:00+00:00,421,8.700000000317232,8.051031020277238,0,0,0
2025-10-21 18:30:00+00:00,421,7.69999999920401,8.11615421433918,0,0,0
2025-10-21 18:45:00+00:00,421,8.100000000013097,7.784274406567044,0,0,0
2025-10-21 19:00:00+00:00,421,8.60000000011496,7.771770097663566,0,0,0
2025-10-21 19:15:00+00:00,421,8.100000000013097,7.847350458158942,0,0,0
2025-10-21 19:30:00+00:00,421,7.999999999810825,7.479804685605053,0,0,0
2025-10-21 19:45:00+00:00,421,0.0,0.8538287664658917,0,0,0
2025-10-21 20:00:00+00:00,421,0.0,0.1327645066102594,0,0,0
2025-10-21 20:15:00+00:00,421,0.0,0.0298563634994462,0,0,0
2025-10-21 20:30:00+00:00,421,0.0,0.0070347355442192,0,0,0
2025-10-21 20:45:00+00:00,421,0.0,0.0245414655022635,0,0,0
2025-10-21 21:00:00+00:00,421,0.0,-0.037496367497928,0,0,0
2025-10-21 21:15:00+00:00,421,0.0,-0.0400157128477731,0,0,0
2025-10-21 21:30:00+00:00,421,0.0,-0.0171686263916406,0,0,0
2025-10-21 21:45:00+00:00,421,0.0,0.0582690967493482,0,0,0
2025-10-21 22:00:00+00:00,421,0.0,0.0486046313098507,0,0,0
2025-10-21 22:15:00+00:00,421,0.0,0.0412216660473596,0,0,0
2025-10-21 22:30:00+00:00,421,0.0,0.0468696170358358,0,0,0
2025-10-21 22:45:00+00:00,421,0.0,0.0431457009719302,0,0,0
2025-10-21 23:00:00+00:00,421,0.0,0.0471897664033829,0,0,0
2025-10-21 23:15:00+00:00,421,0.0,0.0530504528103819,0,0,0
2025-10-21 23:30:00+00:00,421,0.0,0.0557215029258957,0,0,0
2025-10-21 23:45:00+00:00,421,0.0,0.057518942839116,0,0,0
2025-10-22 00:00:00+00:00,421,0.0,0.0580870510305473,0,0,0
2025-10-22 00:15:00+00:00,421,0.0,0.0588434823793591,0,0,0
2025-10-22 00:30:00+00:00,421,0.0,0.0580584538103519,0,0,0
2025-10-22 00:45:00+00:00,421,0.0,0.0542442123802215,0,0,0
2025-10-22 01:00:00+00:00,421,0.0,0.0566774173228949,0,0,0
2025-10-22 01:15:00+00:00,421,0.0,0.057149620202697,0,0,0
2025-10-22 01:30:00+00:00,421,0.0,0.057145783990232,0,0,0
2025-10-22 01:45:00+00:00,421,0.0,0.0565340824753333,0,0,0
2025-10-22 02:00:00+00:00,421,0.0,0.0558993636856435,0,0,0
2025-10-22 02:15:00+00:00,421,0.0,0.0560730394863391,0,0,0
2025-10-22 02:30:00+00:00,421,0.0,0.0562177693202521,0,0,0
2025-10-22 02:45:00+00:00,421,0.0,0.0561072166519371,0,0,0
2025-10-22 03:00:00+00:00,421,0.0,0.0560904768157257,0,0,0
2025-10-22 03:15:00+00:00,421,0.0,0.0566181304029793,0,0,0
2025-10-22 03:30:00+00:00,421,0.0,0.0568786441040218,0,0,0
2025-10-22 03:45:00+00:00,421,0.0,0.0566910184398175,0,0,0
2025-10-22 04:00:00+00:00,421,0.0,0.056727288084942,0,0,0
2025-10-22 04:15:00+00:00,421,0.0,0.0582349195837492,0,0,0
2025-10-22 04:30:00+00:00,421,0.0,0.0602482336347822,0,0,0
2025-10-22 04:45:00+00:00,421,0.0,0.0617558651335894,0,0,0
2025-10-22 05:00:00+00:00,421,0.0,0.0639662210066962,0,0,0
2025-10-22 05:15:00+00:00,421,0.0,0.1094682345491158,0,0,0
2025-10-22 05:30:00+00:00,421,0.0,0.0831598382096467,0,0,0
2025-10-22 05:45:00+00:00,421,0.0,0.0846842095446662,0,0,0
2025-10-22 06:00:00+00:00,421,0.0,7.48571663776045,0,0,0
2025-10-22 06:15:00+00:00,421,24.600000000646105,25.4078543500603,0,0,0
2025-10-22 06:30:00+00:00,421,16.499999999723514,26.02552361656863,0,0,0
2025-10-22 06:45:00+00:00,421,30.60000000004948,22.438284130371706,0,0,0
2025-10-22 07:00:00+00:00,421,23.699999999735155,23.290339003569457,0,0,0
2025-10-22 07:15:00+00:00,421,16.200000000026193,18.25434341750782,0,0,0
2025-10-22 07:30:00+00:00,421,12.300000000323053,12.873842002211443,0,0,0
2025-10-22 07:45:00+00:00,421,9.799999999813735,10.931322810997145,0,0,0
2025-10-22 08:00:00+00:00,421,9.70000000052096,9.044273508296095,0,0,0
2025-10-22 08:15:00+00:00,421,9.1999999995096,9.098096266675444,0,0,0
2025-10-22 08:30:00+00:00,421,8.60000000011496,8.868046277564826,0,0,0
2025-10-22 08:45:00+00:00,421,8.799999999610009,8.847013370858125,0,0,0
2025-10-22 09:00:00+00:00,421,8.60000000011496,8.533276406820075,0,0,0
2025-10-22 09:15:00+00:00,421,8.100000000013097,8.404923363921041,0,0,0
2025-10-22 09:30:00+00:00,421,7.599999999911233,8.29154166328717,0,0,0
2025-10-22 09:45:00+00:00,421,7.2000000000116415,7.980447152144437,0,0,0
2025-10-22 10:00:00+00:00,421,8.800000000519503,7.67589512698774,0,0,0
2025-10-22 10:15:00+00:00,421,12.09999999991851,7.906197957374472,0,0,0
2025-10-22 10:30:00+00:00,421,9.900000000016009,8.484725650607617,0,0,0
2025-10-22 10:45:00+00:00,421,8.60000000011496,8.56642790870421,0,0,0
2025-10-22 11:00:00+00:00,421,7.499999999708962,8.260868703402114,0,0,0
2025-10-22 11:15:00+00:00,421,7.499999999708962,7.853418997532235,0,0,0
2025-10-22 11:30:00+00:00,421,7.400000000416185,7.410695666791812,0,0,0
2025-10-22 11:45:00+00:00,421,7.800000000315777,7.264622461023036,0,0,0
2025-10-22 12:00:00+00:00,421,6.999999999607098,7.5362957041272125,0,0,0
2025-10-22 12:15:00+00:00,421,6.5999999997075065,7.420185061444263,0,0,0
2025-10-22 12:30:00+00:00,421,7.000000000516593,7.033038161299647,0,0,0
2025-10-22 12:45:00+00:00,421,7.2000000000116415,6.838205823232238,0,0,0
2025-10-22 13:00:00+00:00,421,6.80000000011205,6.841866267417175,0,0,0
2025-10-22 13:15:00+00:00,421,6.199999999807915,6.731884846013785,0,0,0
2025-10-22 13:30:00+00:00,421,6.300000000010186,6.413468749008005,0,0,0
2025-10-22 13:45:00+00:00,421,5.799999999908323,6.312938360132415,0,0,0
2025-10-22 14:00:00+00:00,421,5.500000000211003,6.301889370739582,0,0,0
2025-10-22 14:15:00+00:00,421,5.9000000001105946,6.150923599091379,0,0,0
2025-10-22 14:30:00+00:00,421,6.5999999997075065,5.932684261921219,0,0,0
2025-10-22 14:45:00+00:00,421,6.5999999997075065,5.93708056140629,0,0,0
2025-10-22 15:00:00+00:00,421,6.000000000312866,6.1943442929981565,0,0,0
2025-10-22 15:15:00+00:00,421,5.500000000211003,6.204697184201855,0,0,0
2025-10-22 15:30:00+00:00,421,5.400000000008731,6.129257891701221,0,0,0
2025-10-22 15:45:00+00:00,421,4.999999999199645,6.077209381587009,0,0,0
2025-10-22 16:00:00+00:00,421,5.9000000001105946,6.0712501742689735,0,0,0
2025-10-22 16:15:00+00:00,421,6.50000000041473,6.157940554810035,0,0,0
2025-10-22 16:30:00+00:00,421,6.80000000011205,6.214815194578711,0,0,0
2025-10-22 16:45:00+00:00,421,6.199999999807915,6.2216877692100425,0,0,0
2025-10-22 17:00:00+00:00,421,5.9000000001105946,5.912533509708212,0,0,0
2025-10-22 17:15:00+00:00,421,4.500000000007276,5.63202163308431,0,0,0
2025-10-22 17:30:00+00:00,421,3.999999999905413,5.394975961796886,0,0,0
2025-10-22 17:45:00+00:00,421,5.29999999980646,5.099158338523502,0,0,0
2025-10-22 18:00:00+00:00,421,5.799999999908323,5.775867568770473,0,0,0
2025-10-22 18:15:00+00:00,421,7.800000000315777,6.215195502732643,0,0,0
2025-10-22 18:30:00+00:00,421,7.700000000113505,6.910821488985222,0,0,0
2025-10-22 18:45:00+00:00,421,7.599999999911233,6.854729785306027,0,0,0
2025-10-22 19:00:00+00:00,421,9.000000000014552,6.943752059906023,0,0,0
2025-10-22 19:15:00+00:00,421,7.39999999950669,7.465938521276444,0,0,0
2025-10-22 19:30:00+00:00,421,7.000000000516593,7.350523628036039,0,0,0
2025-10-22 19:45:00+00:00,421,0.0,0.3905035798012175,0,0,0
2025-10-22 20:00:00+00:00,421,0.0,0.1289551476323573,0,0,0
2025-10-22 20:15:00+00:00,421,0.0,0.0293883455786971,0,0,0
2025-10-22 20:30:00+00:00,421,0.0,0.0156212252810066,0,0,0
2025-10-22 20:45:00+00:00,421,0.0,0.0208255706098752,0,0,0
2025-10-22 21:00:00+00:00,421,0.0,0.0259629565938981,0,0,0
2025-10-22 21:15:00+00:00,421,0.0,0.0369195281409782,0,0,0
2025-10-22 21:30:00+00:00,421,0.0,0.0228486495653648,0,0,0
2025-10-22 21:45:00+00:00,421,0.0,0.0490960152519788,0,0,0
2025-10-22 22:00:00+00:00,421,0.0,0.0353299411940515,0,0,0
2025-10-22 22:15:00+00:00,421,0.0,0.0434236520023603,0,0,0
2025-10-22 22:30:00+00:00,421,0.0,0.0434159795774302,0,0,0
2025-10-22 22:45:00+00:00,421,0.0,0.0382186091803165,0,0,0
2025-10-22 23:00:00+00:00,421,0.0,0.0411522654763993,0,0,0
2025-10-22 23:15:00+00:00,421,0.0,0.0488030681182758,0,0,0
2025-10-22 23:30:00+00:00,421,0.0,0.0473508873269192,0,0,0
2025-10-22 23:45:00+00:00,421,0.0,0.0512118607998077,0,0,0
2025-10-23 00:00:00+00:00,421,0.0,0.0517527667573949,0,0,0
2025-10-23 00:15:00+00:00,421,0.0,0.0520736136181172,0,0,0
2025-10-23 00:30:00+00:00,421,0.0,0.0518807567550965,0,0,0
2025-10-23 00:45:00+00:00,421,0.0,0.0511009593849056,0,0,0
2025-10-23 01:00:00+00:00,421,0.0,0.0521029083314878,0,0,0
2025-10-23 01:15:00+00:00,421,0.0,0.0522382220075314,0,0,0
2025-10-23 01:30:00+00:00,421,0.0,0.0515679310658923,0,0,0
2025-10-23 01:45:00+00:00,421,0.0,0.0507291955223729,0,0,0
2025-10-23 02:00:00+00:00,421,0.0,0.05020468065441,0,0,0
2025-10-23 02:15:00+00:00,421,0.0,0.0502897748218185,0,0,0
2025-10-23 02:30:00+00:00,421,0.0,0.0503989325037821,0,0,0
2025-10-23 02:45:00+00:00,421,0.0,0.0499385870079631,0,0,0
2025-10-23 03:00:00+00:00,421,0.0,0.0492707372924376,0,0,0
2025-10-23 03:15:00+00:00,421,0.0,0.0493519952473811,0,0,0
2025-10-23 03:30:00+00:00,421,0.0,0.0491608821172988,0,0,0
2025-10-23 03:45:00+00:00,421,0.0,0.0490444007569932,0,0,0
2025-10-23 04:00:00+00:00,421,0.0,0.0492588799084545,0,0,0
2025-10-23 04:15:00+00:00,421,0.0,0.0507595364755069,0,0,0
2025-10-23 04:30:00+00:00,421,0.0,0.0531773965683202,0,0,0
2025-10-23 04:45:00+00:00,421,0.0,0.0547129277941467,0,0,0
2025-10-23 05:00:00+00:00,421,0.0,0.0561937058056978,0,0,0
2025-10-23 05:15:00+00:00,421,0.0,0.0700190667835407,0,0,0
2025-10-23 05:30:00+00:00,421,0.0,0.0717226938646584,0,0,0
2025-10-23 05:45:00+00:00,421,0.0,0.0750396226606699,0,0,0
2025-10-23 06:00:00+00:00,421,0.0,7.598871304365701,0,0,0
2025-10-23 06:15:00+00:00,421,26.499999999941792,23.411333144720555,0,0,0
2025-10-23 06:30:00+00:00,421,16.999999999825377,24.874224641279607,0,0,0
2025-10-23 06:45:00+00:00,421,31.20000000035361,21.429572289960383,0,0,0
2025-10-23 07:00:00+00:00,421,19.999999999527063,21.94009404983732,0,0,0
2025-10-23 07:15:00+00:00,421,14.100000000325965,15.982453998966772,0,0,0
2025-10-23 07:30:00+00:00,421,10.199999999713327,11.067607397541188,0,0,0
2025-10-23 07:45:00+00:00,421,7.900000000518048,9.135342750992844,0,0,0
2025-10-23 08:00:00+00:00,421,7.8999999996085535,7.977669734319663,0,0,0
2025-10-23 08:15:00+00:00,421,8.799999999610009,8.198501653623095,0,0,0
2025-10-23 08:30:00+00:00,421,7.800000000315777,7.948045106677359,0,0,0
2025-10-23 08:45:00+00:00,421,7.300000000213913,8.05365289712388,0,0,0
2025-10-23 09:00:00+00:00,421,7.09999999980937,7.60308730186491,0,0,0
2025-10-23 09:15:00+00:00,421,7.2000000000116415,7.289271869844618,0,0,0
2025-10-23 09:30:00+00:00,421,7.2000000000116415,7.159743899691483,0,0,0
2025-10-23 09:45:00+00:00,421,7.300000000213913,6.813658422787571,0,0,0
2025-10-23 10:00:00+00:00,421,7.300000000213913,6.686275592895635,0,0,0
2025-10-23 10:15:00+00:00,421,6.300000000010186,7.131595865101676,0,0,0
2025-10-23 10:30:00+00:00,421,7.299999999304418,6.83416733774619,0,0,0
2025-10-23 10:45:00+00:00,421,7.400000000416185,6.725639317747214,0,0,0
2025-10-23 11:00:00+00:00,421,6.699999999909778,6.640641230023168,0,0,0
2025-10-23 11:15:00+00:00,421,5.100000000311411,6.5733212812050414,0,0,0
2025-10-23 11:30:00+00:00,421,5.59999999950378,6.28434079119101,0,0,0
2025-10-23 11:45:00+00:00,421,5.700000000615546,5.694491737480006,0,0,0
2025-10-23 12:00:00+00:00,421,5.199999999604188,5.624146935133103,0,0,0
2025-10-23 12:15:00+00:00,421,4.799999999704596,5.3941530942231095,0,0,0
2025-10-23 12:30:00+00:00,421,5.700000000615546,5.26357387107455,0,0,0
2025-10-23 12:45:00+00:00,421,5.8999999992011,5.258453573673327,0,0,0
2025-10-23 13:00:00+00:00,421,5.300000000715954,5.26759753483062,0,0,0
2025-10-23 13:15:00+00:00,421,5.699999999706051,5.1555153511693215,0,0,0
2025-10-23 13:30:00+00:00,421,5.100000000311411,5.073257278198515,0,0,0
2025-10-23 13:45:00+00:00,421,4.6999999995023245,5.080915142958793,0,0,0
2025-10-23 14:00:00+00:00,421,4.200000000309956,5.050199635990033,0,0,0
2025-10-23 14:15:00+00:00,421,4.799999999704596,4.971608633389331,0,0,0
2025-10-23 14:30:00+00:00,421,4.700000000411819,4.930786014374583,0,0,0
2025-10-23 14:45:00+00:00,421,4.799999999704596,4.897612367082125,0,0,0
2025-10-23 15:00:00+00:00,421,5.200000000513683,4.83381576144663,0,0,0
2025-10-23 15:15:00+00:00,421,5.699999999706051,4.948784738581283,0,0,0
2025-10-23 15:30:00+00:00,421,5.59999999950378,5.177995730588443,0,0,0
2025-10-23 15:45:00+00:00,421,6.000000000312866,5.604234028092935,0,0,0
2025-10-23 16:00:00+00:00,421,7.2000000000116415,6.3328838749785366,0,0,0
2025-10-23 16:15:00+00:00,421,9.200000000419095,9.57185316127265,0,0,0
2025-10-23 16:30:00+00:00,421,8.100000000013097,9.034037447199292,0,0,0
2025-10-23 16:45:00+00:00,421,6.699999999909778,7.632018621290785,0,0,0
2025-10-23 17:00:00+00:00,421,6.899999999404827,7.122458704502845,0,0,0
2025-10-23 17:15:00+00:00,421,7.300000000213913,6.944838579900133,0,0,0
2025-10-23 17:30:00+00:00,421,7.2000000000116415,7.073676031809539,0,0,0
2025-10-23 17:45:00+00:00,421,6.000000000312866,6.791748941532583,0,0,0
2025-10-23 18:00:00+00:00,421,6.199999999807915,6.308425928033625,0,0,0
2025-10-23 18:15:00+00:00,421,7.800000000315777,6.217621732743562,0,0,0
2025-10-23 18:30:00+00:00,421,5.699999999706051,6.299091725612719,0,0,0
2025-10-23 18:45:00+00:00,421,5.199999999604188,5.47846083807672,0,0,0
2025-10-23 19:00:00+00:00,421,5.200000000513683,4.789530655528811,0,0,0
2025-10-23 19:15:00+00:00,421,5.29999999980646,4.75047426360768,0,0,0
2025-10-23 19:30:00+00:00,421,4.399999999805004,3.418137839495985,0,0,0
2025-10-23 22:00:00+00:00,421,0.0,0.3943694357263334,0,0,0
2025-10-23 22:15:00+00:00,421,0.0,0.058653066742452,0,0,0
2025-10-23 22:30:00+00:00,421,0.0,0.0034698479243235,0,0,0
2025-10-23 22:45:00+00:00,421,0.0,0.0281415765275205,0,0,0
2025-10-23 23:00:00+00:00,421,0.0,0.0528401586179736,0,0,0
2025-10-23 23:15:00+00:00,421,0.0,0.0467050086464224,0,0,0
2025-10-23 23:30:00+00:00,421,0.0,0.0266918369622786,0,0,0
2025-10-23 23:45:00+00:00,421,0.0,0.0335237826161378,0,0,0
2025-10-24 00:00:00+00:00,421,0.0,0.0476902177567923,0,0,0
2025-10-24 00:15:00+00:00,421,0.0,0.0382726649014157,0,0,0
2025-10-24 00:30:00+00:00,421,0.0,0.0185015233491654,0,0,0
2025-10-24 00:45:00+00:00,421,0.0,0.0252009452996828,0,0,0
2025-10-24 01:00:00+00:00,421,0.0,0.0342732390331947,0,0,0
2025-10-24 01:15:00+00:00,421,0.0,0.0443377168088314,0,0,0
2025-10-24 01:30:00+00:00,421,0.0,0.04417275967283,0,0,0
2025-10-24 01:45:00+00:00,421,0.0,0.0438930649094606,0,0,0
2025-10-24 02:00:00+00:00,421,0.0,0.0476145397472524,0,0,0
2025-10-24 02:15:00+00:00,421,0.0,0.0492550436959895,0,0,0
2025-10-24 02:30:00+00:00,421,0.0,0.0501680622626965,0,0,0
2025-10-24 02:45:00+00:00,421,0.0,0.0506744423080975,0,0,0
2025-10-24 03:00:00+00:00,421,0.0,0.0515107366255023,0,0,0
2025-10-24 03:15:00+00:00,421,0.0,0.0535624128011864,0,0,0
2025-10-24 03:30:00+00:00,421,22.89999999993597,0.0551624621457458,0,0,0
2025-10-24 03:45:00+00:00,421,19.50000000033469,20.16420667573916,0,0,0
2025-10-24 04:00:00+00:00,421,14.19999999961874,15.01076091135106,0,0,0
2025-10-24 04:15:00+00:00,421,10.200000000622822,11.811825640850165,0,0,0
2025-10-24 04:30:00+00:00,421,7.799999999406282,8.418318022863023,0,0,0
2025-10-24 04:45:00+00:00,421,6.50000000041473,6.856327742171059,0,0,0
2025-10-24 05:00:00+00:00,421,5.500000000211003,5.990493193798455,0,0,0
2025-10-24 05:15:00+00:00,421,4.999999999199645,6.300256016095895,0,0,0
2025-10-24 05:30:00+00:00,421,5.500000000211003,6.592477931269692,0,0,0
2025-10-24 05:45:00+00:00,421,5.000000000109139,6.803248337143483,0,0,0
2025-10-24 06:00:00+00:00,421,5.600000000413274,11.411541979865202,0,0,0
2025-10-24 10:00:00+00:00,421,7.700000000113505,14.114708168643814,0,0,0
2025-10-24 10:15:00+00:00,421,7.800000000315777,10.329740875834748,0,0,0
2025-10-24 10:30:00+00:00,421,6.5999999997075065,8.630662845207173,0,0,0
2025-10-24 10:45:00+00:00,421,6.000000000312866,7.662017105275147,0,0,0
2025-10-24 11:00:00+00:00,421,5.9000000001105946,7.632974186941196,0,0,0
2025-10-24 11:15:00+00:00,421,5.699999999706051,7.570515068063013,0,0,0
2025-10-24 11:30:00+00:00,421,6.199999999807915,7.108909202075905,0,0,0
2025-10-24 11:45:00+00:00,421,5.400000000008731,7.209846229472802,0,0,0
2025-10-24 12:00:00+00:00,421,6.000000000312866,7.194809322849145,0,0,0
2025-10-24 12:15:00+00:00,421,7.700000000113505,6.785364786497384,0,0,0
2025-10-24 12:30:00+00:00,421,8.89999999981228,6.561548991389234,0,0,0
2025-10-24 12:45:00+00:00,421,8.100000000013097,6.657935747682572,0,0,0
2025-10-24 13:00:00+00:00,421,6.400000000212458,7.410934906951002,0,0,0
2025-10-24 13:15:00+00:00,421,5.799999999908323,6.757120149102773,0,0,0
2025-10-24 13:30:00+00:00,421,4.799999999704596,6.542110902828276,0,0,0
2025-10-24 13:45:00+00:00,421,4.899999999906868,6.288002804735591,0,0,0
2025-10-24 14:00:00+00:00,421,6.50000000041473,6.150584268661507,0,0,0
2025-10-24 14:15:00+00:00,421,7.39999999950669,6.148460053195572,0,0,0
2025-10-24 14:30:00+00:00,421,6.699999999909778,5.861835346381735,0,0,0
2025-10-24 14:45:00+00:00,421,4.899999999906868,5.420647895613726,0,0,0
2025-10-24 15:00:00+00:00,421,4.900000000816362,5.361009439137198,0,0,0
2025-10-24 15:15:00+00:00,421,4.399999999805004,5.5760185110384,0,0,0
2025-10-24 15:30:00+00:00,421,5.199999999604188,5.641315904020919,0,0,0
2025-10-24 15:45:00+00:00,421,4.899999999906868,5.846073046855574,0,0,0
2025-10-24 16:00:00+00:00,421,6.900000000314321,6.075727208589107,0,0,0
2025-10-24 16:15:00+00:00,421,6.5999999997075065,6.295535033537636,0,0,0
2025-10-24 16:30:00+00:00,421,7.400000000416185,6.199919007203206,0,0,0
2025-10-24 16:45:00+00:00,421,6.400000000212458,6.115662529097994,0,0,0
2025-10-24 17:00:00+00:00,421,6.199999999807915,6.255280435527672,0,0,0
2025-10-24 17:15:00+00:00,421,6.80000000011205,6.325052770350797,0,0,0
2025-10-24 17:30:00+00:00,421,6.300000000010186,6.5420191824757,0,0,0
2025-10-24 17:45:00+00:00,421,6.899999999404827,6.471649793494361,0,0,0
2025-10-24 18:00:00+00:00,421,6.300000000010186,6.763808062415896,0,0,0
2025-10-24 18:15:00+00:00,421,7.700000000113505,6.581411330174179,0,0,0
2025-10-24 18:30:00+00:00,421,6.5999999997075065,6.818932168687401,0,0,0
2025-10-24 18:45:00+00:00,421,7.300000000213913,6.582328708073234,0,0,0
2025-10-24 19:00:00+00:00,421,7.2000000000116415,6.348590723797246,0,0,0
2025-10-24 19:15:00+00:00,421,7.09999999980937,6.430275893311039,0,0,0
2025-10-24 19:30:00+00:00,421,6.700000000819273,6.303544870791592,0,0,0
2025-10-24 19:45:00+00:00,421,2.199999999902502,4.081789125631439,0,0,0
2025-10-24 20:00:00+00:00,421,2.4999999995998223,0.8218378932257604,0,0,0
2025-10-24 20:15:00+00:00,421,3.6000000000058208,0.3561353010724506,0,0,0
2025-10-24 20:30:00+00:00,421,3.700000000208093,1.4099303103743086,0,0,0
2025-10-24 22:00:00+00:00,421,5.199999999604188,4.0147610341139295,0,0,0
2025-10-24 22:15:00+00:00,421,6.300000000010186,4.638501499188285,0,0,0
2025-10-24 22:30:00+00:00,421,5.800000000817818,5.27717969607541,0,0,0
2025-10-24 22:45:00+00:00,421,5.699999999706051,5.474651653472112,0,0,0
2025-10-24 23:00:00+00:00,421,5.100000000311411,5.509206511625321,0,0,0
2025-10-24 23:15:00+00:00,421,5.199999999604188,5.574295702894957,0,0,0
2025-10-24 23:30:00+00:00,421,5.199999999604188,5.583195890187418,0,0,0
2025-10-24 23:45:00+00:00,421,5.200000000513683,5.450114541051783,0,0,0
2025-10-25 00:00:00+00:00,421,5.699999999706051,5.38926767764873,0,0,0
2025-10-25 00:15:00+00:00,421,6.100000000515138,5.211150807125104,0,0,0
2025-10-25 00:30:00+00:00,421,6.699999999909778,5.257450404113689,0,0,0
2025-10-25 00:45:00+00:00,421,6.099999999605643,5.47998032695951,0,0,0
2025-10-25 01:00:00+00:00,421,5.699999999706051,5.635704920170744,0,0,0
2025-10-25 01:15:00+00:00,421,5.200000000513683,5.780197955150461,0,0,0
2025-10-25 01:30:00+00:00,421,5.699999999706051,5.861340126227141,0,0,0
2025-10-25 01:45:00+00:00,421,6.199999999807915,5.801622504275196,0,0,0
2025-10-25 02:00:00+00:00,421,6.100000000515138,5.6168666757407015,0,0,0
2025-10-25 03:15:00+00:00,421,5.400000000008731,5.575732364463159,0,0,0
2025-10-25 03:30:00+00:00,421,6.000000000312866,5.570987144017051,0,0,0
2025-10-25 03:45:00+00:00,421,6.099999999605643,5.635938231637942,0,0,0
2025-10-25 04:00:00+00:00,421,5.699999999706051,5.721831551852722,0,0,0
2025-10-25 04:15:00+00:00,421,5.800000000817818,5.8414350659851975,0,0,0
2025-10-25 04:30:00+00:00,421,5.799999999908323,5.913148873062282,0,0,0
2025-10-25 04:45:00+00:00,421,5.799999999908323,5.917885723590283,0,0,0
2025-10-25 05:00:00+00:00,421,6.499999999505235,5.731118499110988,0,0,0
2025-10-25 05:15:00+00:00,421,6.000000000312866,5.694177865551039,0,0,0
2025-10-25 05:30:00+00:00,421,6.099999999605643,5.817071106245683,0,0,0
2025-10-25 05:45:00+00:00,421,5.100000000311411,5.731106118607123,0,0,0
2025-10-25 06:00:00+00:00,421,5.600000000413274,5.613343288964748,0,0,0
2025-10-25 06:15:00+00:00,421,5.59999999950378,7.114942866790424,0,0,0
2025-10-25 06:30:00+00:00,421,5.500000000211003,6.115520589236783,0,0,0
2025-10-25 06:45:00+00:00,421,8.60000000011496,5.639506781097009,0,0,0
2025-10-25 07:00:00+00:00,421,17.299999999522697,6.335799745198644,0,0,0
2025-10-25 07:15:00+00:00,421,11.599999999816646,12.637477607383174,0,0,0
2025-10-25 07:30:00+00:00,421,10.200000000622822,6.266425504605426,0,0,0
2025-10-25 07:45:00+00:00,421,9.000000000014552,7.312370402590512,0,0,0
2025-10-25 08:00:00+00:00,421,8.699999999407737,7.775611890074129,0,0,0
2025-10-25 08:15:00+00:00,421,8.500000000822183,7.879031644429158,0,0,0
2025-10-25 08:30:00+00:00,421,7.499999999708962,7.764641368663539,0,0,0
2025-10-25 08:45:00+00:00,421,7.39999999950669,7.459325937226274,0,0,0
2025-10-25 09:00:00+00:00,421,7.400000000416185,7.338257513051989,0,0,0
2025-10-25 09:15:00+00:00,421,7.39999999950669,7.1891599768743175,0,0,0
2025-10-25 09:30:00+00:00,421,8.00000000072032,7.41393133763288,0,0,0
2025-10-25 09:45:00+00:00,421,7.999999999810825,7.620011973768014,0,0,0
2025-10-25 10:00:00+00:00,421,7.999999999810825,7.668487749464107,0,0,0
2025-10-25 10:15:00+00:00,421,7.499999999708962,7.852776257571027,0,0,0
2025-10-25 10:30:00+00:00,421,8.900000000721775,7.730635437639436,0,0,0
2025-10-25 10:45:00+00:00,421,8.699999999407737,7.601919000795975,0,0,0
2025-10-25 11:00:00+00:00,421,7.999999999810825,7.394476857982298,0,0,0
2025-10-25 11:15:00+00:00,421,7.700000000113505,7.089803469013066,0,0,0
2025-10-25 11:30:00+00:00,421,7.800000000315777,7.032400129417374,0,0,0
2025-10-25 11:45:00+00:00,421,7.800000000315777,7.132941329437184,0,0,0
2025-10-25 12:00:00+00:00,421,7.39999999950669,7.135030321497757,0,0,0
2025-10-25 12:15:00+00:00,421,6.80000000011205,6.99346954782777,0,0,0
2025-10-25 12:30:00+00:00,421,6.699999999909778,7.053247154192808,0,0,0
2025-10-25 12:45:00+00:00,421,7.800000000315777,6.9926723131281925,0,0,0
2025-10-25 13:00:00+00:00,421,7.09999999980937,6.925382530889907,0,0,0
2025-10-25 13:15:00+00:00,421,7.09999999980937,6.898573160077147,0,0,0
2025-10-25 13:30:00+00:00,421,7.09999999980937,6.937912472667583,0,0,0
2025-10-25 13:45:00+00:00,421,7.100000000718865,7.124244984525258,0,0,0
2025-10-25 14:00:00+00:00,421,6.399999999302963,7.285776731542271,0,0,0
2025-10-25 14:15:00+00:00,421,6.900000000314321,7.147199136183827,0,0,0
2025-10-25 14:30:00+00:00,421,6.699999999909778,7.02835780771886,0,0,0
2025-10-25 14:45:00+00:00,421,6.699999999909778,6.890198359519118,0,0,0
2025-10-25 15:00:00+00:00,421,6.100000000515138,6.681638832638316,0,0,0
2025-10-25 15:15:00+00:00,421,7.799999999406282,6.613645105412672,0,0,0
2025-10-25 15:30:00+00:00,421,6.600000000617001,6.782399045515229,0,0,0
2025-10-25 15:45:00+00:00,421,6.5999999997075065,6.92646695840449,0,0,0
2025-10-25 16:00:00+00:00,421,6.699999999909778,6.965409223004782,0,0,0
2025-10-25 16:15:00+00:00,421,7.700000000113505,7.000308119666797,0,0,0
2025-10-25 16:30:00+00:00,421,8.399999999710417,7.101015671808961,0,0,0
2025-10-25 16:45:00+00:00,421,8.499999999912689,7.229850333745665,0,0,0
2025-10-25 17:45:00+00:00,421,7.2000000000116415,7.332206062261495,0,0,0
2025-10-25 18:00:00+00:00,421,6.100000000515138,7.46117045792884,0,0,0
2025-10-25 18:15:00+00:00,421,0.5000000001018634,6.953949758878178,0,0,0
2025-10-25 18:30:00+00:00,421,0.0,0.1056913090038733,0,0,0
2025-10-25 18:45:00+00:00,421,0.0,0.1427648150137521,0,0,0
2025-10-25 19:00:00+00:00,421,0.0,0.1538762300457898,0,0,0
2025-10-25 19:15:00+00:00,421,0.0,0.3114399383874779,0,0,0
2025-10-25 19:30:00+00:00,421,0.0,0.1730433425080715,0,0,0
2025-10-25 19:45:00+00:00,421,0.0,0.0649803760838487,0,0,0
2025-10-25 20:00:00+00:00,421,0.0,0.1002076176582233,0,0,0
2025-10-25 20:15:00+00:00,421,15.89999999941938,0.1338466672720217,0,0,0
2025-10-25 20:30:00+00:00,421,18.000000000029104,16.052232611228476,0,0,0
2025-10-25 20:45:00+00:00,421,13.100000000122236,13.55975190852954,0,0,0
2025-10-25 21:00:00+00:00,421,9.100000000216824,11.789992709471186,0,0,0
2025-10-25 21:15:00+00:00,421,6.400000000212458,9.593288870288193,0,0,0
2025-10-25 21:30:00+00:00,421,5.699999999706051,8.103148059095941,0,0,0
2025-10-25 21:45:00+00:00,421,5.600000000413274,7.263100182167544,0,0,0
2025-10-25 22:00:00+00:00,421,5.699999999706051,7.061800861750347,0,0,0
2025-10-25 22:15:00+00:00,421,6.699999999909778,7.047234763020141,0,0,0
2025-10-25 22:30:00+00:00,421,6.699999999909778,6.9725792784754566,0,0,0
2025-10-25 22:45:00+00:00,421,6.600000000617001,6.745449693290586,0,0,0
2025-10-25 23:00:00+00:00,421,6.5999999997075065,6.691947433025373,0,0,0
2025-10-25 23:15:00+00:00,421,6.899999999404827,6.717647266569232,0,0,0
2025-10-25 23:30:00+00:00,421,6.80000000011205,6.796686844468416,0,0,0
2025-10-25 23:45:00+00:00,421,7.300000000213913,6.845374832463151,0,0,0
2025-10-26 00:00:00+00:00,421,8.399999999710417,6.913596291210589,0,0,0
2025-10-26 00:15:00+00:00,421,7.300000000213913,7.09440622647808,0,0,0
2025-10-26 00:30:00+00:00,421,6.900000000314321,7.141415174026131,0,0,0
2025-10-26 00:45:00+00:00,421,6.499999999505235,7.036438266156834,0,0,0
2025-10-26 01:00:00+00:00,421,6.50000000041473,6.979934169637635,0,0,0
2025-10-26 01:15:00+00:00,421,7.09999999980937,6.97269610858235,0,0,0
2025-10-26 01:30:00+00:00,421,6.80000000011205,7.035084083156633,0,0,0
2025-10-26 01:45:00+00:00,421,6.80000000011205,7.0859902738226985,0,0,0
2025-10-26 02:00:00+00:00,421,35.70000000036089,7.111794033849705,0,0,0
2025-10-26 02:30:00+00:00,421,36.60000000036234,20.02614766655669,0,0,0
2025-10-26 02:45:00+00:00,421,7.39999999950669,18.90191003149007,0,0,0
2025-10-26 03:00:00+00:00,421,6.900000000314321,11.040661841185916,0,0,0
2025-10-26 03:15:00+00:00,421,7.400000000416185,8.763724664533896,0,0,0
2025-10-26 03:30:00+00:00,421,7.599999999911233,9.539967260755429,0,0,0
2025-10-26 03:45:00+00:00,421,6.899999999404827,9.39790324575933,0,0,0
2025-10-26 04:00:00+00:00,421,7.700000000113505,9.58766951651991,0,0,0
2025-10-26 04:15:00+00:00,421,7.09999999980937,9.628888573218273,0,0,0
2025-10-26 04:30:00+00:00,421,7.300000000213913,9.761035630245347,0,0,0
2025-10-26 04:45:00+00:00,421,7.999999999810825,0.1381547338703947,0,0,0
2025-10-26 05:00:00+00:00,421,7.500000000618456,8.864812699203284,0,0,0
2025-10-26 05:15:00+00:00,421,7.599999999911233,8.783272259523404,0,0,0
2025-10-26 05:30:00+00:00,421,8.499999999912689,8.572129217920612,0,0,0
2025-10-26 05:45:00+00:00,421,7.8999999996085535,8.513478411780568,0,0,0
2025-10-26 06:00:00+00:00,421,7.300000000213913,8.565266931313618,0,0,0
2025-10-26 06:15:00+00:00,421,7.300000000213913,8.755618050101841,0,0,0
2025-10-26 06:30:00+00:00,421,6.699999999909778,8.688065138563102,0,0,0
2025-10-26 06:45:00+00:00,421,7.39999999950669,7.616059279942549,0,0,0
2025-10-26 07:00:00+00:00,421,8.100000000013097,8.49480163702065,0,0,0
2025-10-26 07:15:00+00:00,421,8.00000000072032,11.846256693964724,0,0,0
2025-10-26 07:30:00+00:00,421,9.299999999711872,8.796170303324441,0,0,0
2025-10-26 07:45:00+00:00,421,8.60000000011496,8.423782881892935,0,0,0
2025-10-26 08:00:00+00:00,421,7.499999999708962,8.606850079449584,0,0,0
2025-10-26 08:15:00+00:00,421,8.100000000013097,8.606361485480157,0,0,0
2025-10-26 08:30:00+00:00,421,7.599999999911233,8.065130844819635,0,0,0
2025-10-26 08:45:00+00:00,421,7.599999999911233,7.231233811459236,0,0,0
2025-10-26 09:00:00+00:00,421,7.700000000113505,6.842201587261289,0,0,0
2025-10-26 09:15:00+00:00,421,7.09999999980937,7.303465158472528,0,0,0
2025-10-26 09:30:00+00:00,421,7.800000000315777,7.330705056947855,0,0,0
2025-10-26 09:45:00+00:00,421,7.700000000113505,7.191500066478064,0,0,0
2025-10-26 10:00:00+00:00,421,6.50000000041473,7.194824318952418,0,0,0
2025-10-26 10:15:00+00:00,421,7.2000000000116415,7.09870696939811,0,0,0
2025-10-26 10:30:00+00:00,421,6.699999999909778,6.398279788872092,0,0,0
2025-10-26 10:45:00+00:00,421,6.799999999202555,5.305794702346202,0,0,0
2025-10-26 11:00:00+00:00,421,6.700000000819273,5.45537416271481,0,0,0
2025-10-26 11:15:00+00:00,421,6.099999999605643,5.906840570409916,0,0,0
2025-10-26 11:30:00+00:00,421,6.80000000011205,6.095094850339341,0,0,0
2025-10-26 11:45:00+00:00,421,5.400000000008731,6.106652661003688,0,0,0
2025-10-26 12:00:00+00:00,421,6.099999999605643,5.71001810993956,0,0,0
2025-10-26 12:15:00+00:00,421,5.100000000311411,5.735384367372244,0,0,0
2025-10-26 12:30:00+00:00,421,4.500000000007276,4.846245874513565,0,0,0
2025-10-26 12:45:00+00:00,421,4.600000000209548,2.675253900631707,0,0,0
2025-10-26 13:00:00+00:00,421,6.099999999605643,3.624747872951312,0,0,0
2025-10-26 13:15:00+00:00,421,6.100000000515138,5.055095166215457,0,0,0
2025-10-26 13:30:00+00:00,421,6.899999999404827,5.728023024398193,0,0,0
2025-10-26 13:45:00+00:00,421,9.399999999914144,5.944706079920556,0,0,0
2025-10-26 14:00:00+00:00,421,7.800000000315777,7.606394465756464,0,0,0
2025-10-26 14:15:00+00:00,421,6.999999999607098,6.555305206855601,0,0,0
2025-10-26 14:30:00+00:00,421,7.700000000113505,6.201495690526387,0,0,0
2025-10-26 14:45:00+00:00,421,5.700000000615546,6.417556756509512,0,0,0
2025-10-26 15:00:00+00:00,421,6.300000000010186,6.334846097654465,0,0,0
2025-10-26 15:15:00+00:00,421,6.899999999404827,6.370312405014736,0,0,0
2025-10-26 15:30:00+00:00,421,5.600000000413274,6.635965235774728,0,0,0
2025-10-26 15:45:00+00:00,421,6.899999999404827,6.68562622674926,0,0,0
2025-10-26 16:00:00+00:00,421,6.80000000011205,6.707681832824513,0,0,0
2025-10-26 16:15:00+00:00,421,7.2000000000116415,6.760111697332421,0,0,0
2025-10-26 16:30:00+00:00,421,7.100000000718865,6.879766302840002,0,0,0
2025-10-26 16:45:00+00:00,421,7.09999999980937,6.753844023657528,0,0,0
2025-10-26 17:00:00+00:00,421,7.599999999911233,6.866292129676014,0,0,0
2025-10-26 17:15:00+00:00,421,6.999999999607098,7.17861527504736,0,0,0
2025-10-26 17:30:00+00:00,421,7.599999999911233,7.272192703203145,0,0,0
2025-10-26 17:45:00+00:00,421,7.700000000113505,7.43056306240228,0,0,0
2025-10-26 18:00:00+00:00,421,7.999999999810825,7.514585182800531,0,0,0
2025-10-26 18:15:00+00:00,421,7.600000000820728,7.686683602679528,0,0,0
2025-10-26 18:30:00+00:00,421,6.799999999202555,7.573008257418778,0,0,0
2025-10-26 18:45:00+00:00,421,7.2000000000116415,5.94366838444873,0,0,0
2025-10-26 19:00:00+00:00,421,7.700000000113505,6.703294252004135,0,0,0
2025-10-26 19:15:00+00:00,421,7.800000000315777,7.153035410329684,0,0,0
2025-10-26 19:30:00+00:00,421,8.200000000215368,7.466598349820451,0,0,0
2025-10-26 19:45:00+00:00,421,7.39999999950669,7.279950571047459,0,0,0
2025-10-26 20:00:00+00:00,421,7.400000000416185,7.245639138012494,0,0,0
2025-10-26 20:15:00+00:00,421,7.799999999406282,7.457443751892232,0,0,0
2025-10-26 20:30:00+00:00,421,7.2000000000116415,7.633836637252681,0,0,0
2025-10-26 20:45:00+00:00,421,7.600000000820728,7.782232495295817,0,0,0
2025-10-26 21:00:00+00:00,421,8.699999999407737,7.758854965279729,0,0,0
2025-10-26 21:15:00+00:00,421,7.000000000516593,7.812883135399257,0,0,0
2025-10-26 21:30:00+00:00,421,6.999999999607098,7.842483699527007,0,0,0
2025-10-26 21:45:00+00:00,421,7.599999999911233,7.68941359096837,0,0,0
2025-10-26 22:00:00+00:00,421,7.599999999911233,7.630670366982574,0,0,0
2025-10-26 22:15:00+00:00,421,8.100000000013097,7.625935783307394,0,0,0
2025-10-26 22:30:00+00:00,421,8.89999999981228,7.620751316534026,0,0,0
2025-10-26 22:45:00+00:00,421,8.200000000215368,7.711620727435997,0,0,0
2025-10-26 23:00:00+00:00,421,7.700000000113505,7.81082727426452,0,0,0
2025-10-26 23:15:00+00:00,421,7.800000000315777,7.796216535971082,0,0,0
2025-10-26 23:30:00+00:00,421,8.200000000215368,7.861512359593956,0,0,0
2025-10-26 23:45:00+00:00,421,7.39999999950669,7.963769392825455,0,0,0
2025-10-27 00:00:00+00:00,421,7.700000000113505,7.959091306097489,0,0,0
2025-10-27 00:15:00+00:00,421,8.499999999912689,8.0018197380276,0,0,0
2025-10-27 00:30:00+00:00,421,7.599999999911233,7.843592713676026,0,0,0
2025-10-27 00:45:00+00:00,421,7.599999999911233,7.618254988458972,0,0,0
2025-10-27 01:00:00+00:00,421,7.800000000315777,7.5690886945191505,0,0,0
2025-10-27 01:15:00+00:00,421,7.300000000213913,7.524554801504301,0,0,0
2025-10-27 01:30:00+00:00,421,7.799999999406282,7.562877169044883,0,0,0
2025-10-27 01:45:00+00:00,421,8.60000000011496,7.673129566546948,0,0,0
2025-10-27 02:00:00+00:00,421,7.800000000315777,7.84697555557712,0,0,0
2025-10-27 02:15:00+00:00,421,7.300000000213913,7.946584555967897,0,0,0
2025-10-27 02:30:00+00:00,421,7.2000000000116415,7.875958489497979,0,0,0
2025-10-27 02:45:00+00:00,421,7.8999999996085535,7.671531958428503,0,0,0
2025-10-27 03:00:00+00:00,421,7.300000000213913,7.647433220468966,0,0,0
2025-10-27 03:15:00+00:00,421,7.799999999406282,7.624385255978295,0,0,0
2025-10-27 03:30:00+00:00,421,8.60000000011496,7.621577148453799,0,0,0
2025-10-27 03:45:00+00:00,421,7.800000000315777,7.6781532611433665,0,0,0
2025-10-27 04:00:00+00:00,421,7.300000000213913,7.7612410894330575,0,0,0
2025-10-27 04:15:00+00:00,421,7.299999999304418,7.823307519653444,0,0,0
2025-10-27 04:30:00+00:00,421,7.300000000213913,7.769049874279181,0,0,0
2025-10-27 04:45:00+00:00,421,7.500000000618456,7.642119717458134,0,0,0
2025-10-27 05:00:00+00:00,421,6.799999999202555,7.600925073020912,0,0,0
2025-10-27 05:15:00+00:00,421,8.100000000013097,7.580452950827301,0,0,0
2025-10-27 05:30:00+00:00,421,7.000000000516593,7.68659990349847,0,0,0
2025-10-27 05:45:00+00:00,421,10.00000000021828,7.677813930713494,0,0,0
2025-10-27 06:00:00+00:00,421,20.89999999952852,12.97466185075486,0,0,0
2025-10-27 06:15:00+00:00,421,15.199999999822468,18.63558202733621,0,0,0
2025-10-27 06:30:00+00:00,421,13.500000000021828,7.229596446229789,0,0,0
2025-10-27 06:45:00+00:00,421,12.600000000020373,8.238035915556079,0,0,0
2025-10-27 07:00:00+00:00,421,11.500000000523867,9.70738271145423,0,0,0
2025-10-27 07:15:00+00:00,421,9.699999999611464,9.875838473224269,0,0,0
2025-10-27 07:30:00+00:00,421,11.500000000523867,9.548244761015477,0,0,0
2025-10-27 07:45:00+00:00,421,10.199999999713327,10.32798040305983,0,0,0
2025-10-27 08:00:00+00:00,421,10.900000000219734,10.9023963740235,0,0,0
2025-10-27 08:15:00+00:00,421,11.599999999816646,11.123957871188487,0,0,0
2025-10-27 08:30:00+00:00,421,9.699999999611464,11.158256400599704,0,0,0
2025-10-27 08:45:00+00:00,421,10.900000000219734,10.999306075825157,0,0,0
2025-10-27 09:00:00+00:00,421,13.200000000324508,11.148194364050182,0,0,0
2025-10-27 09:15:00+00:00,421,11.799999999311694,12.53326933699326,0,0,0
2025-10-27 09:30:00+00:00,421,13.6000000002241,14.049022446335846,0,0,0
2025-10-27 09:45:00+00:00,421,14.100000000325965,13.201436411913413,0,0,0
2025-10-27 10:00:00+00:00,421,13.89999999992142,13.095362347279078,0,0,0
2025-10-27 10:15:00+00:00,421,15.300000000024738,13.37587596763592,0,0,0
2025-10-27 10:30:00+00:00,421,12.999999999919964,13.35345295703048,0,0,0
2025-10-27 10:45:00+00:00,421,13.100000000122236,13.140336707234244,0,0,0
2025-10-27 11:00:00+00:00,421,12.20000000012078,12.839997540857466,0,0,0
2025-10-27 11:15:00+00:00,421,11.099999999714782,12.451166020320764,0,0,0
2025-10-27 11:30:00+00:00,421,14.299999999821011,12.467456670927351,0,0,0
2025-10-27 11:45:00+00:00,421,12.400000000525324,13.027102875153576,0,0,0
2025-10-27 12:00:00+00:00,421,11.499999999614374,12.728550686292383,0,0,0
2025-10-27 12:15:00+00:00,421,11.700000000018916,12.22557510508101,0,0,0
2025-10-27 12:30:00+00:00,421,11.499999999614374,10.73732275666138,0,0,0
2025-10-27 12:45:00+00:00,421,10.500000000320142,10.397751342896605,0,0,0
2025-10-27 13:00:00+00:00,421,9.600000000318689,10.08047843720544,0,0,0
2025-10-27 13:15:00+00:00,421,10.2999999999156,9.920112898777834,0,0,0
2025-10-27 13:30:00+00:00,421,9.900000000016009,9.87754593651785,0,0,0
2025-10-27 13:45:00+00:00,421,10.099999999511056,10.024163535710093,0,0,0
2025-10-27 14:00:00+00:00,421,9.70000000052096,10.275382442696628,0,0,0
2025-10-27 14:15:00+00:00,421,12.79999999951542,10.147630290168276,0,0,0
2025-10-27 14:30:00+00:00,421,11.90000000042346,10.883467106734056,0,0,0
2025-10-27 14:45:00+00:00,421,10.800000000017462,10.900259952426993,0,0,0
2025-10-27 15:00:00+00:00,421,11.800000000221187,10.555928496486128,0,0,0
2025-10-27 15:15:00+00:00,421,10.99999999951251,10.674016183574986,0,0,0
2025-10-27 15:30:00+00:00,421,8.700000000317232,10.592879592443712,0,0,0
2025-10-27 15:45:00+00:00,421,10.199999999713327,9.977268279549644,0,0,0
2025-10-27 16:00:00+00:00,421,11.400000000321596,10.365455316392197,0,0,0
2025-10-27 16:15:00+00:00,421,11.899999999513966,11.101128222061742,0,0,0
2025-10-27 16:30:00+00:00,421,12.400000000525324,11.78023826741205,0,0,0
2025-10-27 16:45:00+00:00,421,11.899999999513966,11.547004919448526,0,0,0
2025-10-27 17:00:00+00:00,421,11.800000000221187,11.470070724699536,0,0,0
2025-10-27 17:15:00+00:00,421,12.600000000020373,11.59364280062722,0,0,0
2025-10-27 17:30:00+00:00,421,12.700000000222644,11.851499052671658,0,0,0
2025-10-27 17:45:00+00:00,421,13.699999999516876,11.961875952705547,0,0,0
2025-10-27 18:00:00+00:00,421,12.20000000012078,12.22574180594995,0,0,0
2025-10-27 18:15:00+00:00,421,13.200000000324508,12.46371252756136,0,0,0
2025-10-27 18:30:00+00:00,421,12.299999999413558,12.293619051815288,0,0,0
2025-10-27 18:45:00+00:00,421,11.90000000042346,11.404635402441563,0,0,0
2025-10-27 19:00:00+00:00,421,12.79999999951542,11.229184481614606,0,0,0
2025-10-27 19:15:00+00:00,421,10.300000000825094,11.370517523762796,0,0,0
2025-10-27 19:30:00+00:00,421,9.299999999711872,9.546970789730455,0,0,0
2025-10-27 19:45:00+00:00,421,3.499999999803549,2.0094086061194467,0,0,0
2025-10-27 20:00:00+00:00,421,3.999999999905413,2.806967116903632,0,0,0
2025-10-27 22:00:00+00:00,421,9.1999999995096,5.320829865236921,0,0,0
2025-10-27 22:15:00+00:00,421,9.399999999914144,7.258988111151481,0,0,0
2025-10-27 22:30:00+00:00,421,9.300000000621369,8.18391846631009,0,0,0
2025-10-27 22:45:00+00:00,421,8.89999999981228,8.325534690687526,0,0,0
2025-10-27 23:00:00+00:00,421,8.699999999407737,8.302846632675404,0,0,0
2025-10-27 23:15:00+00:00,421,8.900000000721775,8.444005301529725,0,0,0
2025-10-27 23:30:00+00:00,421,8.60000000011496,8.537482290668239,0,0,0
2025-10-27 23:45:00+00:00,421,8.599999999205465,8.609627148527771,0,0,0
2025-10-28 00:00:00+00:00,421,8.800000000519503,8.725749997341293,0,0,0
2025-10-28 00:15:00+00:00,421,9.399999999914144,8.710670892380517,0,0,0
2025-10-28 00:30:00+00:00,421,8.89999999981228,8.555843101019661,0,0,0
2025-10-28 00:45:00+00:00,421,8.399999999710417,8.343380751075443,0,0,0
2025-10-28 01:00:00+00:00,421,7.900000000518048,8.282667108868907,0,0,0
2025-10-28 01:15:00+00:00,421,8.499999999912689,8.35034452293947,0,0,0
2025-10-28 01:30:00+00:00,421,8.700000000317232,8.464966366439349,0,0,0
2025-10-28 01:45:00+00:00,421,9.699999999611464,8.57737366910707,0,0,0
2025-10-28 02:00:00+00:00,421,9.200000000419095,8.744367485181293,0,0,0
2025-10-28 02:15:00+00:00,421,10.399999999208376,8.875998048511924,0,0,0
2025-10-28 02:30:00+00:00,421,9.70000000052096,8.95059598986963,0,0,0
2025-10-28 02:45:00+00:00,421,9.1999999995096,9.003339726306507,0,0,0
2025-10-28 03:00:00+00:00,421,9.100000000216824,9.0495451617164,0,0,0
2025-10-28 03:15:00+00:00,421,9.70000000052096,9.14725279571081,0,0,0
2025-10-28 03:30:00+00:00,421,9.099999999307329,9.252736083625509,0,0,0
2025-10-28 03:45:00+00:00,421,9.100000000216824,9.322324280250305,0,0,0
2025-10-28 04:00:00+00:00,421,9.299999999711872,9.355316404943842,0,0,0
2025-10-28 04:15:00+00:00,421,8.60000000011496,9.44118130231172,0,0,0
2025-10-28 04:30:00+00:00,421,8.60000000011496,9.273204020860067,0,0,0
2025-10-28 04:45:00+00:00,421,8.200000000215368,8.80896023568328,0,0,0
2025-10-28 05:00:00+00:00,421,8.700000000317232,8.602175131440907,0,0,0
2025-10-28 05:15:00+00:00,421,8.199999999305874,8.916472531245459,0,0,0
2025-10-28 05:30:00+00:00,421,9.100000000216824,8.953527553686186,0,0,0
2025-10-28 05:45:00+00:00,421,8.89999999981228,8.793079711063875,0,0,0
2025-10-28 06:00:00+00:00,421,8.400000000619912,11.479959782941538,0,0,0
2025-10-28 06:15:00+00:00,421,24.80000000014116,19.444894518740345,0,0,0
2025-10-28 06:30:00+00:00,421,16.29999999931897,19.883695845355025,0,0,0
2025-10-28 06:45:00+00:00,421,13.700000000426371,16.788569879147666,0,0,0
2025-10-28 07:00:00+00:00,421,15.199999999822468,14.89293617918936,0,0,0
2025-10-28 07:15:00+00:00,421,11.700000000018916,12.72606063565591,0,0,0
2025-10-28 07:30:00+00:00,421,11.90000000042346,11.356513255785444,0,0,0
2025-10-28 07:45:00+00:00,421,11.099999999714782,10.96630418622716,0,0,0
2025-10-28 08:30:00+00:00,421,10.700000000724684,11.292468037426213,0,0,0
2025-10-28 08:45:00+00:00,421,13.09999999921274,11.631282322349,0,0,0
2025-10-28 09:00:00+00:00,421,8.400000000619912,11.408081018728453,0,0,0
2025-10-28 09:15:00+00:00,421,12.69999999931315,11.038618186181749,0,0,0
2025-10-28 09:30:00+00:00,421,12.000000000625732,11.120894481161764,0,0,0
2025-10-28 09:45:00+00:00,421,10.59999999961292,11.097278757226247,0,0,0
2025-10-28 10:00:00+00:00,421,9.500000000116415,11.151015026451836,0,0,0
2025-10-28 10:15:00+00:00,421,9.399999999914144,10.720138617297,0,0,0
2025-10-28 10:30:00+00:00,421,9.600000000318689,10.279764792318192,0,0,0
2025-10-28 10:45:00+00:00,421,9.100000000216824,10.925151391380467,0,0,0
2025-10-28 11:00:00+00:00,421,9.799999999813735,10.433902414181905,0,0,0
2025-10-28 11:15:00+00:00,421,9.100000000216824,10.43976833178772,0,0,0
2025-10-28 11:30:00+00:00,421,10.499999999410647,10.166026672671649,0,0,0
2025-10-28 11:45:00+00:00,421,9.799999999813735,10.40566161299976,0,0,0
2025-10-28 12:00:00+00:00,421,11.100000000624275,10.619682860191183,0,0,0
2025-10-28 12:15:00+00:00,421,13.100000000122236,10.983689203626083,0,0,0
2025-10-28 12:30:00+00:00,421,12.899999999717693,13.696541480132632,0,0,0
2025-10-28 12:45:00+00:00,421,11.999999999716238,12.668182651954302,0,0,0
2025-10-28 13:00:00+00:00,421,13.100000000122236,11.732573676279046,0,0,0
2025-10-28 13:15:00+00:00,421,12.300000000323053,11.76458582306103,0,0,0
2025-10-28 13:30:00+00:00,421,11.700000000018916,11.8718365586824,0,0,0
2025-10-28 13:45:00+00:00,421,10.89999999931024,11.352819331928082,0,0,0
2025-10-28 14:00:00+00:00,421,9.600000000318689,10.90072239040234,0,0,0
2025-10-28 14:15:00+00:00,421,9.000000000014552,10.452450152704358,0,0,0
2025-10-28 14:30:00+00:00,421,10.500000000320142,10.321951969544129,0,0,0
2025-10-28 14:45:00+00:00,421,11.300000000119326,10.415921040117944,0,0,0
2025-10-28 15:00:00+00:00,421,10.40000000011787,10.63433719180809,0,0,0
2025-10-28 15:15:00+00:00,421,9.999999999308784,10.431731815419802,0,0,0
2025-10-28 15:30:00+00:00,421,10.500000000320142,10.184230547058588,0,0,0
2025-10-28 15:45:00+00:00,421,9.500000000116415,10.308492443736824,0,0,0
2025-10-28 16:00:00+00:00,421,8.499999999912689,10.389812475573253,0,0,0
2025-10-28 16:15:00+00:00,421,9.1999999995096,10.261599280055904,0,0,0
2025-10-28 16:30:00+00:00,421,9.300000000621369,10.20734965585316,0,0,0
2025-10-28 16:45:00+00:00,421,10.800000000017462,10.06394087401473,0,0,0
2025-10-28 17:00:00+00:00,421,10.59999999961292,10.20209613725542,0,0,0
2025-10-28 17:15:00+00:00,421,11.000000000422006,10.41865660835219,0,0,0
2025-10-28 17:30:00+00:00,421,12.39999999961583,10.609072594005733,0,0,0
2025-10-28 17:45:00+00:00,421,12.4999999998181,10.696852110140313,0,0,0
2025-10-28 18:00:00+00:00,421,10.800000000017462,11.00383629399992,0,0,0
2025-10-28 18:15:00+00:00,421,10.800000000017462,11.170465321143364,0,0,0
2025-10-28 18:30:00+00:00,421,11.500000000523867,11.082777176614774,0,0,0
2025-10-28 18:45:00+00:00,421,11.099999999714782,10.727388361362973,0,0,0
2025-10-28 19:00:00+00:00,421,11.800000000221187,10.477272888580048,0,0,0
2025-10-28 19:15:00+00:00,421,10.40000000011787,10.477962011837423,0,0,0
2025-10-28 19:30:00+00:00,421,9.799999999813735,10.141481190333211,0,0,0
2025-10-28 19:45:00+00:00,421,3.299999999399006,2.2823678522659203,0,0,0
2025-10-28 20:00:00+00:00,421,4.300000000512227,1.5907369325492162,0,0,0
2025-10-28 20:15:00+00:00,421,5.699999999706051,4.369106029031959,0,0,0
2025-10-28 20:30:00+00:00,421,6.300000000010186,6.309081920365167,0,0,0
2025-10-28 20:45:00+00:00,421,6.80000000011205,7.1350592674645394,0,0,0
2025-10-28 21:00:00+00:00,421,7.400000000416185,7.48329668518811,0,0,0
2025-10-28 21:15:00+00:00,421,7.799999999406282,7.6875837176224895,0,0,0
2025-10-28 21:30:00+00:00,421,8.30000000041764,7.954342075065623,0,0,0
2025-10-28 21:45:00+00:00,421,8.399999999710417,7.840146051149374,0,0,0
2025-10-28 22:00:00+00:00,421,8.89999999981228,7.821739554994957,0,0,0
2025-10-28 22:15:00+00:00,421,7.900000000518048,8.084409207443407,0,0,0
2025-10-28 22:30:00+00:00,421,7.799999999406282,8.12056760240705,0,0,0
2025-10-28 22:45:00+00:00,421,7.900000000518048,7.999393856763268,0,0,0
2025-10-28 23:00:00+00:00,421,7.39999999950669,7.903844964146979,0,0,0
2025-10-28 23:15:00+00:00,421,8.00000000072032,7.868624348757772,0,0,0
2025-10-28 23:30:00+00:00,421,8.199999999305874,7.928475540652823,0,0,0
2025-10-28 23:45:00+00:00,421,8.100000000013097,7.871664721509704,0,0,0
2025-10-29 00:00:00+00:00,421,8.100000000013097,7.889296651492748,0,0,0
2025-10-29 00:15:00+00:00,421,8.100000000013097,7.967272901045908,0,0,0
2025-10-29 00:30:00+00:00,421,8.499999999912689,8.015143950158857,0,0,0
2025-10-29 00:45:00+00:00,421,8.100000000013097,7.970125996880222,0,0,0
2025-10-29 01:00:00+00:00,421,8.60000000011496,7.899420764934888,0,0,0
2025-10-29 01:15:00+00:00,421,7.500000000618456,7.872295952833516,0,0,0
2025-10-29 01:30:00+00:00,421,7.499999999708962,7.849961523861364,0,0,0
2025-10-29 01:45:00+00:00,421,7.700000000113505,7.835830312126071,0,0,0
2025-10-29 02:00:00+00:00,421,8.499999999912689,7.830913682732089,0,0,0
2025-10-29 02:15:00+00:00,421,8.100000000013097,7.848835769876134,0,0,0
2025-10-29 02:30:00+00:00,421,7.999999999810825,7.874881211288445,0,0,0
2025-10-29 02:45:00+00:00,421,7.999999999810825,7.888564632405078,0,0,0
2025-10-29 03:00:00+00:00,421,8.60000000011496,7.879466880170661,0,0,0
2025-10-29 06:30:00+00:00,421,14.699999999720603,7.871082663454763,0,0,0
2025-10-29 06:45:00+00:00,421,34.099999999853026,8.716224333043716,0,0,0
2025-10-29 07:00:00+00:00,421,22.100000000136788,20.96259502902888,0,0,0
2025-10-29 07:15:00+00:00,421,15.69999999992433,15.845791371121615,0,0,0
2025-10-29 07:30:00+00:00,421,12.39999999961583,13.80187829448048,0,0,0
2025-10-29 07:45:00+00:00,421,10.40000000011787,12.849344646902118,0,0,0
2025-10-29 08:00:00+00:00,421,9.100000000216824,11.885465575331343,0,0,0
2025-10-29 08:15:00+00:00,421,10.900000000219734,11.94775590086106,0,0,0
2025-10-29 08:30:00+00:00,421,11.199999999917054,11.99458140770396,0,0,0
2025-10-29 08:45:00+00:00,421,10.00000000021828,11.706978466711508,0,0,0
2025-10-29 09:00:00+00:00,421,9.900000000016009,10.667270727074886,0,0,0
2025-10-29 09:15:00+00:00,421,9.099999999307329,10.098306362770796,0,0,0
2025-10-29 09:30:00+00:00,421,11.90000000042346,9.961831360589844,0,0,0
2025-10-29 09:45:00+00:00,421,9.900000000016009,10.323359510772251,0,0,0
2025-10-29 10:00:00+00:00,421,8.700000000317232,10.440755982124204,0,0,0
2025-10-29 10:15:00+00:00,421,8.699999999407737,10.425704776890448,0,0,0
2025-10-29 10:30:00+00:00,421,10.00000000021828,10.198257832310734,0,0,0
2025-10-29 10:45:00+00:00,421,9.399999999914144,10.203406726932151,0,0,0
2025-10-29 11:00:00+00:00,421,9.399999999914144,9.637486571592456,0,0,0
2025-10-29 11:15:00+00:00,421,8.89999999981228,8.979148570501216,0,0,0
2025-10-29 11:30:00+00:00,421,7.900000000518048,9.28700322584383,0,0,0
2025-10-29 11:45:00+00:00,421,8.399999999710417,8.80951613774414,0,0,0
2025-10-29 12:00:00+00:00,421,7.2000000000116415,8.750884163919835,0,0,0
2025-10-29 12:15:00+00:00,421,7.2000000000116415,8.719521732030813,0,0,0
2025-10-29 12:30:00+00:00,421,7.800000000315777,8.509118033194033,0,0,0
2025-10-29 12:45:00+00:00,421,8.699999999407737,8.295152934203234,0,0,0
2025-10-29 13:00:00+00:00,421,7.700000000113505,8.019206847906048,0,0,0
2025-10-29 13:15:00+00:00,421,7.100000000718865,7.750969107437714,0,0,0
2025-10-29 13:30:00+00:00,421,8.199999999305874,7.585486759074763,0,0,0
2025-10-29 13:45:00+00:00,421,6.600000000617001,8.12883429152288,0,0,0
2025-10-29 14:00:00+00:00,421,7.499999999708962,7.927757471428663,0,0,0
2025-10-29 14:15:00+00:00,421,7.499999999708962,8.168994204834272,0,0,0
2025-10-29 14:30:00+00:00,421,9.399999999914144,8.391573693288876,0,0,0
2025-10-29 14:45:00+00:00,421,9.399999999914144,8.880673694013776,0,0,0
2025-10-29 15:00:00+00:00,421,8.900000000721775,8.647173206164041,0,0,0
2025-10-29 15:15:00+00:00,421,8.499999999912689,8.425603687827534,0,0,0
2025-10-29 15:30:00+00:00,421,8.60000000011496,8.418748724898883,0,0,0
2025-10-29 15:45:00+00:00,421,7.599999999911233,8.38107537475809,0,0,0
2025-10-29 16:00:00+00:00,421,7.599999999911233,8.43809753433338,0,0,0
2025-10-29 16:15:00+00:00,421,8.100000000013097,8.347260208117481,0,0,0
2025-10-29 16:30:00+00:00,421,9.599999999409192,8.468092879598453,0,0,0
2025-10-29 16:45:00+00:00,421,8.60000000011496,8.519235520451007,0,0,0
2025-10-29 17:00:00+00:00,421,8.400000000619912,8.382325980021731,0,0,0
2025-10-29 17:15:00+00:00,421,9.000000000014552,8.388694790207069,0,0,0
2025-10-29 17:30:00+00:00,421,8.299999999508145,8.621734235067812,0,0,0
2025-10-29 17:45:00+00:00,421,9.200000000419095,8.69026921699763,0,0,0
2025-10-29 18:00:00+00:00,421,9.1999999995096,8.994307189683997,0,0,0
2025-10-29 18:15:00+00:00,421,8.400000000619912,9.21792768670301,0,0,0
2025-10-29 18:30:00+00:00,421,8.499999999912689,9.17160123622717,0,0,0
2025-10-29 18:45:00+00:00,421,7.999999999810825,8.499909030798126,0,0,0
2025-10-29 19:00:00+00:00,421,8.200000000215368,7.874263581081555,0,0,0
2025-10-29 19:15:00+00:00,421,7.999999999810825,7.856921808259512,0,0,0
2025-10-29 19:30:00+00:00,421,5.100000000311411,7.489833591228741,0,0,0
2025-10-29 19:45:00+00:00,421,0.3999999998995918,0.6268348437036524,0,0,0
2025-10-29 20:00:00+00:00,421,0.0,0.0517245182837875,0,0,0
2025-10-29 20:15:00+00:00,421,0.0,-0.0020905676706295,0,0,0
2025-10-29 20:30:00+00:00,421,0.0,-0.0157234205320397,0,0,0
2025-10-29 20:45:00+00:00,421,0.0,-0.0207802460542936,0,0,0
2025-10-29 21:00:00+00:00,421,0.0,-0.0754323238192915,0,0,0
2025-10-29 21:15:00+00:00,421,0.0,-0.0527937878226287,0,0,0
2025-10-29 21:30:00+00:00,421,0.0,-0.0350171280056725,0,0,0
2025-10-29 21:45:00+00:00,421,0.0,0.0134778287527463,0,0,0
2025-10-29 22:00:00+00:00,421,0.0,0.0648475036339197,0,0,0
2025-10-29 22:15:00+00:00,421,0.0,0.0614820990622124,0,0,0
2025-10-29 22:30:00+00:00,421,0.0,0.0655840564272294,0,0,0
2025-10-29 22:45:00+00:00,421,0.0,0.0669173146321666,0,0,0
2025-10-29 23:00:00+00:00,421,0.0,0.0578523445769967,0,0,0
2025-10-29 23:15:00+00:00,421,0.0,0.0612564600199432,0,0,0
2025-10-29 23:30:00+00:00,421,0.0,0.0623982563482092,0,0,0
2025-10-29 23:45:00+00:00,421,0.0,0.0623731465938925,0,0,0
2025-10-30 00:00:00+00:00,421,0.0,0.0626751611388769,0,0,0
2025-10-30 00:15:00+00:00,421,0.0,0.0633771880200004,0,0,0
2025-10-30 00:30:00+00:00,421,0.0,0.0614102572651376,0,0,0
2025-10-30 00:45:00+00:00,421,0.0,0.0628777829063542,0,0,0
2025-10-30 01:00:00+00:00,421,0.0,0.0688029874320852,0,0,0
2025-10-30 01:15:00+00:00,421,0.0,0.0692996025730297,0,0,0
2025-10-30 01:30:00+00:00,421,0.0,0.069308669984311,0,0,0
2025-10-30 01:45:00+00:00,421,0.0,0.0689351623888399,0,0,0
2025-10-30 02:00:00+00:00,421,0.0,0.0687060358806936,0,0,0
2025-10-30 02:15:00+00:00,421,0.0,0.0693752805825695,0,0,0
2025-10-30 02:30:00+00:00,421,0.0,0.0698900305460759,0,0,0
2025-10-30 02:45:00+00:00,421,0.0,0.0698206299751156,0,0,0
2025-10-30 03:00:00+00:00,421,0.0,0.0697278633827762,0,0,0
2025-10-30 03:15:00+00:00,421,0.0,0.0704410501547077,0,0,0
2025-10-30 03:30:00+00:00,421,0.0,0.0705177744040117,0,0,0
2025-10-30 03:45:00+00:00,421,0.0,0.0697738979323583,0,0,0
2025-10-30 04:00:00+00:00,421,0.0,0.0688873841063193,0,0,0
2025-10-30 04:15:00+00:00,421,0.0,0.0713014079866667,0,0,0
2025-10-30 04:30:00+00:00,421,0.0,0.0739417684024594,0,0,0
2025-10-30 04:45:00+00:00,421,0.0,0.0760429665936026,0,0,0
2025-10-30 05:00:00+00:00,421,0.0,0.0769134380766054,0,0,0
2025-10-30 05:15:00+00:00,421,0.0,0.4961807708186994,0,0,0
2025-10-30 05:30:00+00:00,421,0.0,0.1130184748123257,0,0,0
2025-10-30 05:45:00+00:00,421,0.0,0.1074692191081805,0,0,0
2025-10-30 06:00:00+00:00,421,0.0,10.623320984594509,0,0,0
2025-10-30 06:15:00+00:00,421,30.19999999924039,31.10831680974615,0,0,0
2025-10-30 06:30:00+00:00,421,21.300000000337604,29.54077901708298,0,0,0
2025-10-30 06:45:00+00:00,421,39.99999999996362,25.362660977248037,0,0,0
2025-10-30 07:00:00+00:00,421,25.09999999983848,25.35737258399152,0,0,0
2025-10-30 07:15:00+00:00,421,17.300000000432192,19.20072447778524,0,0,0
2025-10-30 07:30:00+00:00,421,14.599999999518332,13.378580846170443,0,0,0
2025-10-30 07:45:00+00:00,421,10.10000000042055,11.758904741146717,0,0,0
2025-10-30 08:00:00+00:00,421,11.800000000221187,10.297808940767943,0,0,0
2025-10-30 08:15:00+00:00,421,10.89999999931024,11.271877341392766,0,0,0
2025-10-30 08:30:00+00:00,421,13.200000000324508,10.679911395894171,0,0,0
2025-10-30 08:45:00+00:00,421,14.600000000427826,10.991935665439822,0,0,0
2025-10-30 09:00:00+00:00,421,11.799999999311694,10.802903157499852,0,0,0
2025-10-30 09:15:00+00:00,421,10.800000000017462,11.079434091824684,0,0,0
2025-10-30 09:30:00+00:00,421,10.40000000011787,11.197660580055462,0,0,0
2025-10-30 09:45:00+00:00,421,10.2999999999156,10.486924799142386,0,0,0
2025-10-30 10:00:00+00:00,421,12.300000000323053,10.262508811156732,0,0,0
2025-10-30 10:15:00+00:00,421,10.800000000017462,10.403914392595174,0,0,0
2025-10-30 10:30:00+00:00,421,11.300000000119326,10.51524790451924,0,0,0
2025-10-30 10:45:00+00:00,421,9.900000000016009,10.437230851615311,0,0,0
2025-10-30 11:00:00+00:00,421,8.89999999981228,9.992977220847878,0,0,0
2025-10-30 11:15:00+00:00,421,7.999999999810825,9.547304540214924,0,0,0
2025-10-30 11:30:00+00:00,421,7.300000000213913,8.799374238226024,0,0,0
2025-10-30 11:45:00+00:00,421,6.900000000314321,8.467578478381535,0,0,0
2025-10-30 12:00:00+00:00,421,6.999999999607098,8.515159370333482,0,0,0
2025-10-30 12:15:00+00:00,421,6.699999999909778,7.841402585105008,0,0,0
2025-10-30 12:30:00+00:00,421,7.400000000416185,7.894751745618203,0,0,0
2025-10-30 12:45:00+00:00,421,7.999999999810825,7.830141557786829,0,0,0
2025-10-30 13:00:00+00:00,421,9.000000000014552,7.842249341820045,0,0,0
2025-10-30 13:15:00+00:00,421,9.399999999914144,8.06142680731123,0,0,0
2025-10-30 13:30:00+00:00,421,9.000000000014552,8.22457115854996,0,0,0
2025-10-30 13:45:00+00:00,421,9.600000000318689,8.507380926440492,0,0,0
2025-10-30 14:00:00+00:00,421,8.89999999981228,9.000437457203319,0,0,0
2025-10-30 14:15:00+00:00,421,8.799999999610009,8.816779831673625,0,0,0
2025-10-30 14:30:00+00:00,421,8.400000000619912,8.778790168377746,0,0,0
2025-10-30 14:45:00+00:00,421,8.599999999205465,8.691863337650197,0,0,0
2025-10-30 15:00:00+00:00,421,9.200000000419095,8.581188259283788,0,0,0
2025-10-30 15:15:00+00:00,421,8.499999999912689,8.526063629892402,0,0,0
2025-10-30 15:30:00+00:00,421,8.499999999912689,8.374885471572263,0,0,0
2025-10-30 15:45:00+00:00,421,7.800000000315777,8.447584139013129,0,0,0
2025-10-30 16:00:00+00:00,421,7.799999999406282,8.381420633879953,0,0,0
2025-10-30 16:15:00+00:00,421,9.100000000216824,8.336992062334604,0,0,0
2025-10-30 16:30:00+00:00,421,9.600000000318689,8.45655320375667,0,0,0
2025-10-30 16:45:00+00:00,421,8.89999999981228,8.806440890333434,0,0,0
2025-10-30 17:00:00+00:00,421,8.60000000011496,9.0249246988616,0,0,0
2025-10-30 17:15:00+00:00,421,9.399999999914144,9.28307145681363,0,0,0
2025-10-30 17:30:00+00:00,421,10.40000000011787,9.530659911821775,0,0,0
2025-10-30 17:45:00+00:00,421,10.59999999961292,9.506583493643856,0,0,0
2025-10-30 18:00:00+00:00,421,8.800000000519503,9.646835770116637,0,0,0
2025-10-30 18:15:00+00:00,421,8.799999999610009,9.679861025736008,0,0,0
2025-10-30 18:30:00+00:00,421,8.700000000317232,9.616328116114168,0,0,0
2025-10-30 18:45:00+00:00,421,8.200000000215368,8.985778591880774,0,0,0
2025-10-30 19:00:00+00:00,421,9.599999999409192,8.760123158522287,0,0,0
2025-10-30 19:15:00+00:00,421,10.2999999999156,8.856274685242193,0,0,0
2025-10-30 19:30:00+00:00,421,8.400000000619912,8.296698579080106,0,0,0
2025-10-30 19:45:00+00:00,421,2.7000000000043656,1.139837935552365,0,0,0
2025-10-30 20:00:00+00:00,421,3.200000000106229,0.1546012742017044,0,0,0
2025-10-30 20:15:00+00:00,421,4.399999999805004,1.4748072893453044,0,0,0
2025-10-30 20:30:00+00:00,421,5.500000000211003,5.380121449638617,0,0,0
2025-10-30 20:45:00+00:00,421,6.699999999909778,6.267662160005558,0,0,0
2025-10-30 21:00:00+00:00,421,7.299999999304418,6.792528215782891,0,0,0
2025-10-30 21:15:00+00:00,421,6.900000000314321,7.130682149041793,0,0,0
2025-10-30 21:30:00+00:00,421,6.80000000011205,7.167797853388789,0,0,0
2025-10-30 21:45:00+00:00,421,6.80000000011205,7.01496593874958,0,0,0
2025-10-30 22:00:00+00:00,421,7.300000000213913,6.95378358112912,0,0,0
2025-10-30 22:15:00+00:00,421,7.8999999996085535,7.0466474737663845,0,0,0
2025-10-30 22:30:00+00:00,421,6.999999999607098,7.131313380365606,0,0,0
2025-10-30 22:45:00+00:00,421,7.000000000516593,7.097920894589341,0,0,0
2025-10-30 23:00:00+00:00,421,7.09999999980937,7.082365401789711,0,0,0
2025-10-30 23:15:00+00:00,421,6.999999999607098,7.107752758390954,0,0,0
2025-10-30 23:30:00+00:00,421,7.600000000820728,7.112534771602068,0,0,0
2025-10-30 23:45:00+00:00,421,7.599999999911233,7.083426986402797,0,0,0
2025-10-31 00:00:00+00:00,421,7.499999999708962,7.250397785202229,0,0,0
2025-10-31 00:15:00+00:00,421,7.499999999708962,7.355399454079255,0,0,0
2025-10-31 00:30:00+00:00,421,7.500000000618456,7.434091680377049,0,0,0
2025-10-31 00:45:00+00:00,421,7.2000000000116415,7.521367606438931,0,0,0
2025-10-31 01:00:00+00:00,421,7.599999999911233,7.579306272046805,0,0,0
2025-10-31 01:15:00+00:00,421,8.199999999305874,7.631845294236676,0,0,0
2025-10-31 01:30:00+00:00,421,7.700000000113505,7.699271262017476,0,0,0
2025-10-31 01:45:00+00:00,421,8.100000000013097,7.741759058802044,0,0,0
2025-10-31 02:00:00+00:00,421,7.2000000000116415,7.80350568840147,0,0,0
2025-10-31 02:15:00+00:00,421,8.100000000013097,7.863386872503067,0,0,0
2025-10-31 02:30:00+00:00,421,7.700000000113505,7.911174919928134,0,0,0
2025-10-31 02:45:00+00:00,421,8.800000000519503,7.976917139183317,0,0,0
2025-10-31 03:00:00+00:00,421,7.799999999406282,8.026275243746396,0,0,0
2025-10-31 03:15:00+00:00,421,7.800000000315777,8.107472865530527,0,0,0
2025-10-31 03:30:00+00:00,421,7.8999999996085535,8.122593471335243,0,0,0
2025-10-31 03:45:00+00:00,421,8.499999999912689,8.10844970472279,0,0,0
2025-10-31 04:00:00+00:00,421,8.100000000013097,8.09319099526933,0,0,0
2025-10-31 04:15:00+00:00,421,8.700000000317232,8.142769158929273,0,0,0
2025-10-31 04:30:00+00:00,421,7.599999999911233,8.158789182183774,0,0,0
2025-10-31 04:45:00+00:00,421,8.30000000041764,8.128642132153033,0,0,0
2025-10-31 05:00:00+00:00,421,8.299999999508145,8.09943879038872,0,0,0
2025-10-31 05:15:00+00:00,421,8.30000000041764,8.247549373723084,0,0,0
2025-10-31 05:30:00+00:00,421,7.300000000213913,8.27113998790428,0,0,0
2025-10-31 05:45:00+00:00,421,8.499999999912689,8.179710489982398,0,0,0
2025-10-31 06:00:00+00:00,421,7.39999999950669,8.58163116745022,0,0,0
2025-10-31 06:15:00+00:00,421,20.00000000043656,19.96842731631274,0,0,0
2025-10-31 06:30:00+00:00,421,13.699999999516876,18.44567974540641,0,0,0
2025-10-31 06:45:00+00:00,421,10.800000000017462,14.293129712905156,0,0,0
2025-10-31 07:00:00+00:00,421,13.30000000052678,12.919613596866188,0,0,0
2025-10-31 07:15:00+00:00,421,11.599999999816646,10.600284179994642,0,0,0
2025-10-31 07:30:00+00:00,421,9.500000000116415,10.143865222007015,0,0,0
2025-10-31 07:45:00+00:00,421,9.900000000016009,9.642153498429614,0,0,0
2025-10-31 08:00:00+00:00,421,9.000000000014552,9.622227862138995,0,0,0
2025-10-31 08:15:00+00:00,421,9.1999999995096,10.370343348565983,0,0,0
2025-10-31 08:30:00+00:00,421,9.500000000116415,9.894266242920535,0,0,0
2025-10-31 08:45:00+00:00,421,8.800000000519503,9.60223980020917,0,0,0
2025-10-31 09:00:00+00:00,421,8.89999999981228,9.566206605270525,0,0,0
2025-10-31 09:15:00+00:00,421,9.399999999914144,8.968114228465069,0,0,0
2025-10-31 09:30:00+00:00,421,8.200000000215368,8.684609059878582,0,0,0
2025-10-31 09:45:00+00:00,421,8.100000000013097,8.280667047188208,0,0,0
2025-10-31 10:00:00+00:00,421,8.799999999610009,7.924050992694144,0,0,0
2025-10-31 10:15:00+00:00,421,8.100000000013097,8.134644758421244,0,0,0
2025-10-31 10:30:00+00:00,421,6.300000000010186,7.979151907317565,0,0,0
2025-10-31 10:45:00+00:00,421,6.300000000010186,7.491537218309858,0,0,0
2025-10-31 11:00:00+00:00,421,6.199999999807915,6.9795679857205055,0,0,0
2025-10-31 11:15:00+00:00,421,6.80000000011205,6.787691449357502,0,0,0
2025-10-31 11:30:00+00:00,421,5.000000000109139,6.604259462870076,0,0,0
2025-10-31 11:45:00+00:00,421,6.099999999605643,6.234113610131278,0,0,0
2025-10-31 12:00:00+00:00,421,7.500000000618456,5.988456339352749,0,0,0
2025-10-31 12:15:00+00:00,421,7.39999999950669,6.072757282647899,0,0,0
2025-10-31 12:30:00+00:00,421,6.900000000314321,6.479622140490135,0,0,0
2025-10-31 12:45:00+00:00,421,6.400000000212458,6.7864427622000925,0,0,0
2025-10-31 13:00:00+00:00,421,6.499999999505235,6.761380088672038,0,0,0
2025-10-31 13:15:00+00:00,421,8.30000000041764,6.675521817489328,0,0,0
2025-10-31 13:30:00+00:00,421,8.499999999912689,6.746281802648937,0,0,0
2025-10-31 13:45:00+00:00,421,8.299999999508145,7.301018352412933,0,0,0
2025-10-31 14:00:00+00:00,421,8.100000000013097,7.697438947445482,0,0,0
2025-10-31 14:15:00+00:00,421,6.900000000314321,7.27955648740331,0,0,0
2025-10-31 14:30:00+00:00,421,7.400000000416185,6.844872811750096,0,0,0
2025-10-31 14:45:00+00:00,421,6.300000000010186,6.911635114774423,0,0,0
2025-10-31 15:00:00+00:00,421,6.799999999202555,7.193826206218301,0,0,0
2025-10-31 15:15:00+00:00,421,6.80000000011205,7.235581635168612,0,0,0
2025-10-31 15:30:00+00:00,421,7.300000000213913,7.062048123081057,0,0,0
2025-10-31 15:45:00+00:00,421,7.09999999980937,7.144939607041849,0,0,0
2025-10-31 16:00:00+00:00,421,6.300000000010186,7.325624167911046,0,0,0
2025-10-31 16:15:00+00:00,421,7.300000000213913,7.106260820488595,0,0,0
2025-10-31 16:30:00+00:00,421,7.8999999996085535,7.439749745016571,0,0,0
2025-10-31 16:45:00+00:00,421,7.800000000315777,7.726180548727624,0,0,0
2025-10-31 17:00:00+00:00,421,7.599999999911233,8.144274697948553,0,0,0
2025-10-31 17:15:00+00:00,421,7.300000000213913,8.072038119736446,0,0,0
2025-10-31 17:30:00+00:00,421,7.2000000000116415,7.757861386251253,0,0,0
2025-10-31 17:45:00+00:00,421,7.499999999708962,7.4781495342996305,0,0,0
2025-10-31 18:00:00+00:00,421,9.300000000621369,7.353869154052244,0,0,0
2025-10-31 18:15:00+00:00,421,7.700000000113505,7.539002326394676,0,0,0
2025-10-31 18:30:00+00:00,421,7.199999999102147,7.373968814890149,0,0,0
2025-10-31 18:45:00+00:00,421,7.100000000718865,6.879620352393031,0,0,0
2025-10-31 19:00:00+00:00,421,7.799999999406282,6.722095354922583,0,0,0
2025-10-31 19:15:00+00:00,421,7.300000000213913,6.862672663215138,0,0,0
2025-10-31 19:30:00+00:00,421,4.300000000512227,6.63754470907061,0,0,0
2025-10-31 19:45:00+00:00,421,0.4999999991923687,0.2480371112428656,0,0,0
2025-10-31 20:00:00+00:00,421,0.0,0.0814164540175266,0,0,0
2025-10-31 20:15:00+00:00,421,0.0,0.0367594534572051,0,0,0
2025-10-31 20:30:00+00:00,421,0.0,0.0231454329115337,0,0,0
2025-10-31 20:45:00+00:00,421,0.0,-0.0142708909940951,0,0,0
2025-10-31 21:00:00+00:00,421,0.0,0.0079508928302161,0,0,0
2025-10-31 21:15:00+00:00,421,0.0,0.0353850431549149,0,0,0
2025-10-31 21:30:00+00:00,421,0.0,0.0215586359373087,0,0,0
2025-10-31 21:45:00+00:00,421,0.0,0.0021575145146517,0,0,0
2025-10-31 22:00:00+00:00,421,0.0,0.077357043736213,0,0,0
2025-10-31 22:15:00+00:00,421,0.0,0.1050154381168297,0,0,0
2025-10-31 22:30:00+00:00,421,0.0,0.1102863940439577,0,0,0
2025-10-31 22:45:00+00:00,421,0.0,0.1104809946399179,0,0,0
2025-10-31 23:00:00+00:00,421,0.0,0.1053230326072185,0,0,0
2025-10-31 23:15:00+00:00,421,0.0,0.0969074286984241,0,0,0
2025-10-31 23:30:00+00:00,421,0.0,0.0874065254085776,0,0,0
2025-10-31 23:45:00+00:00,421,0.0,0.0838925547904922,0,0,0
2025-11-01 00:00:00+00:00,421,0.0,0.0834391842264281,0,0,0
2025-11-01 00:15:00+00:00,421,0.0,0.0796685361197653,0,0,0
2025-11-01 00:30:00+00:00,421,0.0,0.0623490830793382,0,0,0
2025-11-01 00:45:00+00:00,421,0.0,0.0597558034528908,0,0,0
2025-11-01 01:00:00+00:00,421,0.0,0.061358642770152,0,0,0
2025-11-01 01:15:00+00:00,421,0.0,0.0559171497616182,0,0,0
2025-11-01 01:30:00+00:00,421,0.0,0.0658581712451944,0,0,0
2025-11-01 01:45:00+00:00,421,0.0,0.0724962137962696,0,0,0
2025-11-01 02:00:00+00:00,421,0.0,0.0711660943106231,0,0,0
2025-11-01 02:15:00+00:00,421,0.0,0.0709156942606243,0,0,0
2025-11-01 02:30:00+00:00,421,0.0,0.0707643382415446,0,0,0
2025-11-01 02:45:00+00:00,421,0.0,0.069312157450188,0,0,0
2025-11-01 03:00:00+00:00,421,0.0,0.0615926517305265,0,0,0
2025-11-01 03:15:00+00:00,421,0.0,0.0649660774737519,0,0,0
2025-11-01 03:30:00+00:00,421,0.0,0.0680587622138446,0,0,0
2025-11-01 03:45:00+00:00,421,0.0,0.0671589960174712,0,0,0
2025-11-01 04:00:00+00:00,421,0.0,0.0677047844272866,0,0,0
2025-11-01 04:15:00+00:00,421,0.0,0.0696497441471226,0,0,0
2025-11-01 04:30:00+00:00,421,0.0,0.0699625698363268,0,0,0
2025-11-01 04:45:00+00:00,421,0.0,0.0679248435241524,0,0,0
2025-11-01 05:00:00+00:00,421,0.0,0.0671464411403128,0,0,0
2025-11-01 05:15:00+00:00,421,0.0,0.0824724586852081,0,0,0
2025-11-01 05:30:00+00:00,421,0.0,0.0702244785237207,0,0,0
2025-11-01 05:45:00+00:00,421,0.0,0.0728718138712674,0,0,0
2025-11-01 06:00:00+00:00,421,0.0,0.0774784075487478,0,0,0
2025-11-01 06:15:00+00:00,421,0.0,0.1390684499302779,0,0,0
2025-11-01 06:30:00+00:00,421,0.0,0.1006505258246548,0,0,0
2025-11-01 06:45:00+00:00,421,5.400000000008731,0.1070521181892409,0,0,0
2025-11-01 07:00:00+00:00,421,32.79999999995198,26.516283999797768,0,0,0
2025-11-01 07:15:00+00:00,421,0.5000000001018634,24.765043244548497,0,0,0
2025-11-01 07:30:00+00:00,421,0.0,4.797782871661249,0,0,0
2025-11-01 07:45:00+00:00,421,0.0,0.1530476081533152,0,0,0
2025-11-01 08:00:00+00:00,421,0.0,0.1839967753358626,0,0,0
2025-11-01 08:15:00+00:00,421,0.0,0.1141567836747148,0,0,0
2025-11-01 08:30:00+00:00,421,0.0,0.102930979761898,0,0,0
2025-11-01 08:45:00+00:00,421,0.0,0.0739958241235587,0,0,0
2025-11-01 09:00:00+00:00,421,0.0,0.1008594250307126,0,0,0
2025-11-01 09:15:00+00:00,421,0.0,0.0492215640235658,0,0,0
2025-11-01 09:30:00+00:00,421,0.0,0.0478185565010811,0,0,0
2025-11-01 09:45:00+00:00,421,0.0,0.0506263152789898,0,0,0
2025-11-01 10:00:00+00:00,421,0.0,0.0497010905817107,0,0,0
2025-11-01 10:15:00+00:00,421,0.0,0.0470366666513646,0,0,0
2025-11-01 10:30:00+00:00,421,0.0,0.0500861068145779,0,0,0
2025-11-01 10:45:00+00:00,421,0.0,0.0509792468257837,0,0,0
2025-11-01 11:00:00+00:00,421,0.0,0.048860960051841,0,0,0
2025-11-01 11:15:00+00:00,421,0.0,0.047494570921069,0,0,0
2025-11-01 11:30:00+00:00,421,0.0,0.048986508823428,0,0,0
2025-11-01 11:45:00+00:00,421,0.0,0.0487270413621478,0,0,0
2025-11-01 12:00:00+00:00,421,0.0,0.0482761120241983,0,0,0
2025-11-01 12:15:00+00:00,421,0.0,0.0492934058206406,0,0,0
2025-11-01 12:30:00+00:00,421,0.0,0.0512659165209079,0,0,0
2025-11-01 12:45:00+00:00,421,0.0,0.0530256918026523,0,0,0
2025-11-01 13:00:00+00:00,421,0.0,0.0539467315408774,0,0,0
2025-11-01 13:15:00+00:00,421,0.0,0.0544545065726298,0,0,0
2025-11-01 13:30:00+00:00,421,0.0,0.057092425762308,0,0,0
2025-11-01 13:45:00+00:00,421,0.0,0.0575628849091716,0,0,0
2025-11-01 14:00:00+00:00,421,0.0,0.0582286421451705,0,0,0
2025-11-01 14:15:00+00:00,421,0.0,0.0568319120612645,0,0,0
2025-11-01 14:30:00+00:00,421,0.0,0.0581477329368143,0,0,0
2025-11-01 14:45:00+00:00,421,0.0,0.0602384687303256,0,0,0
2025-11-01 15:00:00+00:00,421,0.0,0.0619337258933381,0,0,0
2025-11-01 15:15:00+00:00,421,0.0,0.0755585575832293,0,0,0
2025-11-01 15:30:00+00:00,421,0.0,0.0927102635149523,0,0,0
2025-11-01 15:45:00+00:00,421,0.0,0.0873946680245945,0,0,0
2025-11-01 16:00:00+00:00,421,0.0,0.0711120385895229,0,0,0
2025-11-01 16:15:00+00:00,421,0.0,0.0616704222195929,0,0,0
2025-11-01 16:30:00+00:00,421,0.0,0.0608728387734274,0,0,0
2025-11-01 16:45:00+00:00,421,0.0,0.0606499897038608,0,0,0
2025-11-01 17:00:00+00:00,421,0.0,0.0615434784616546,0,0,0
2025-11-01 17:15:00+00:00,421,0.0,0.0608254092374949,0,0,0
2025-11-01 17:30:00+00:00,421,0.0,0.0573121361125847,0,0,0
2025-11-01 17:45:00+00:00,421,0.0,0.0561992857511013,0,0,0
2025-11-01 18:00:00+00:00,421,0.0,0.0564371309239408,0,0,0
2025-11-01 18:15:00+00:00,421,0.0,0.0510929382133875,0,0,0
2025-11-01 18:30:00+00:00,421,0.0,0.0461546865309658,0,0,0
2025-11-01 18:45:00+00:00,421,0.0,0.0458561594518585,0,0,0
2025-11-01 19:00:00+00:00,421,0.0,0.0486551995650739,0,0,0
2025-11-01 19:15:00+00:00,421,0.0,0.0472131324247619,0,0,0
2025-11-01 19:30:00+00:00,421,0.0,0.0447488890357794,0,0,0
2025-11-01 19:45:00+00:00,421,0.0,0.0461539890377897,0,0,0
2025-11-01 20:00:00+00:00,421,0.0,0.0481223147790039,0,0,0
2025-11-01 20:15:00+00:00,421,0.0,0.0470453853160579,0,0,0
2025-11-01 20:30:00+00:00,421,0.0,0.0472044137600677,0,0,0
2025-11-01 20:45:00+00:00,421,0.0,0.0501024979042012,0,0,0
2025-11-01 21:00:00+00:00,421,0.0,0.0522507768846898,0,0,0
2025-11-01 21:15:00+00:00,421,0.0,0.0525949897667912,0,0,0
2025-11-01 21:30:00+00:00,421,0.0,0.0545765678783389,0,0,0
2025-11-01 21:45:00+00:00,421,0.0,0.0560828043907957,0,0,0
2025-11-01 22:00:00+00:00,421,0.0,0.0580985596679424,0,0,0
2025-11-01 22:15:00+00:00,421,0.0,0.0590209943925188,0,0,0
2025-11-01 22:30:00+00:00,421,0.0,0.0587730355686346,0,0,0
2025-11-01 22:45:00+00:00,421,0.0,0.0587643169039413,0,0,0
2025-11-01 23:00:00+00:00,421,0.0,0.0597205800475286,0,0,0
2025-11-01 23:15:00+00:00,421,0.0,0.0599451728500346,0,0,0
2025-11-01 23:30:00+00:00,421,0.0,0.0593840395903582,0,0,0
2025-11-01 23:45:00+00:00,421,0.0,0.0589624049657784,0,0,0
2025-11-02 00:00:00+00:00,421,0.0,0.0596299059347158,0,0,0
2025-11-02 00:15:00+00:00,421,0.0,0.06021301022942,0,0,0
2025-11-02 00:30:00+00:00,421,0.0,0.0590077420221852,0,0,0
2025-11-02 00:45:00+00:00,421,0.0,0.0591733966513627,0,0,0
2025-11-02 01:00:00+00:00,421,0.0,0.060022943339101,0,0,0
2025-11-02 01:15:00+00:00,421,0.0,0.0596602468878497,0,0,0
2025-11-02 01:30:00+00:00,421,0.0,0.0582527056597239,0,0,0
2025-11-02 01:45:00+00:00,421,12.400000000525324,0.0580884460168977,0,0,0
2025-11-02 02:00:00+00:00,421,35.69999999945139,13.5768656010832,0,0,0
2025-11-02 02:15:00+00:00,421,21.09999999993306,19.26609214320519,0,0,0
2025-11-02 02:30:00+00:00,421,17.400000000634464,16.054439479635704,0,0,0
2025-11-02 02:45:00+00:00,421,14.000000000123691,12.418519852242266,0,0,0
2025-11-02 03:00:00+00:00,421,15.69999999992433,10.10844372858327,0,0,0
2025-11-02 03:15:00+00:00,421,14.000000000123691,9.257680612746508,0,0,0
2025-11-02 03:30:00+00:00,421,10.800000000017462,9.71315969868017,0,0,0
2025-11-02 03:45:00+00:00,421,10.099999999511056,9.570068624983175,0,0,0
2025-11-02 04:00:00+00:00,421,8.499999999912689,9.654489013984628,0,0,0
2025-11-02 04:15:00+00:00,421,9.100000000216824,9.674041491426362,0,0,0
2025-11-02 04:30:00+00:00,421,8.799999999610009,9.68172437875431,0,0,0
2025-11-02 04:45:00+00:00,421,9.900000000016009,9.598151443961072,0,0,0
2025-11-02 05:00:00+00:00,421,9.000000000014552,9.375623221254866,0,0,0
2025-11-02 05:15:00+00:00,421,9.100000000216824,9.120034519523925,0,0,0
2025-11-02 05:30:00+00:00,421,8.800000000519503,8.75166152006391,0,0,0
2025-11-02 05:45:00+00:00,421,8.799999999610009,8.774521510143789,0,0,0
2025-11-02 06:00:00+00:00,421,9.399999999914144,9.05965218657574,0,0,0
2025-11-02 06:15:00+00:00,421,8.89999999981228,9.865702153651554,0,0,0
2025-11-02 06:30:00+00:00,421,9.000000000014552,9.13026255944921,0,0,0
2025-11-02 06:45:00+00:00,421,9.100000000216824,9.008295764064902,0,0,0
2025-11-02 07:00:00+00:00,421,9.200000000419095,9.002604917246135,0,0,0
2025-11-02 07:15:00+00:00,421,0.999999999294232,8.213110648183594,0,0,0
2025-11-02 07:30:00+00:00,421,0.0,-0.1171479956585992,0,0,0
2025-11-02 07:45:00+00:00,421,0.0,0.1530716716678695,0,0,0
2025-11-02 08:00:00+00:00,421,0.0,0.1191525785441145,0,0,0
2025-11-02 08:15:00+00:00,421,0.0,0.1323449644652061,0,0,0
2025-11-02 08:30:00+00:00,421,0.0,0.1333388922402703,0,0,0
2025-11-02 08:45:00+00:00,421,0.0,0.1251555535589119,0,0,0
2025-11-02 09:00:00+00:00,421,0.0,0.1068156680027527,0,0,0
2025-11-02 09:15:00+00:00,421,0.0,0.0748519969964647,0,0,0
2025-11-02 09:30:00+00:00,421,0.0,0.0633353384294714,0,0,0
2025-11-02 09:45:00+00:00,421,0.0,0.0597728920356903,0,0,0
2025-11-02 10:00:00+00:00,421,0.0,0.0623546630247418,0,0,0
2025-11-02 10:15:00+00:00,421,0.0,0.0574565171999097,0,0,0
2025-11-02 10:30:00+00:00,421,0.0,0.0477435759847164,0,0,0
2025-11-02 10:45:00+00:00,421,0.0,0.0455485649614706,0,0,0
2025-11-02 11:00:00+00:00,421,0.0,0.046676760172815,0,0,0
2025-11-02 11:15:00+00:00,421,0.0,0.0495145111572687,0,0,0
2025-11-02 11:30:00+00:00,421,0.0,0.0478781921675848,0,0,0
2025-11-02 11:45:00+00:00,421,0.0,0.0440869680122455,0,0,0
2025-11-02 12:00:00+00:00,421,0.0,0.0411229707630287,0,0,0
2025-11-02 12:15:00+00:00,421,0.0,0.0401046307268231,0,0,0
2025-11-02 12:30:00+00:00,421,0.0,0.0430623505374603,0,0,0
2025-11-02 12:45:00+00:00,421,0.0,0.0454181337376553,0,0,0
2025-11-02 13:00:00+00:00,421,0.0,0.0466736214535252,0,0,0
2025-11-02 13:15:00+00:00,421,0.0,0.0481432395742684,0,0,0
2025-11-02 13:30:00+00:00,421,0.0,0.0481885766306753,0,0,0
2025-11-02 13:45:00+00:00,421,0.0,0.0507930161479297,0,0,0
2025-11-02 14:00:00+00:00,421,0.0,0.0470181830822138,0,0,0
2025-11-02 14:15:00+00:00,421,0.0,0.041988211047216,0,0,0
2025-11-02 14:30:00+00:00,421,0.0,0.0421343358674795,0,0,0
2025-11-02 14:45:00+00:00,421,0.0,0.0439098047456729,0,0,0
2025-11-02 15:00:00+00:00,421,0.0,0.0452828200616117,0,0,0
2025-11-02 15:15:00+00:00,421,0.0,0.0477313698541461,0,0,0
2025-11-02 15:30:00+00:00,421,0.0,0.0480930200656342,0,0,0
2025-11-02 15:45:00+00:00,421,0.0,0.0474408639465568,0,0,0
2025-11-02 16:00:00+00:00,421,0.0,0.0464716971792231,0,0,0
2025-11-02 16:15:00+00:00,421,0.0,0.0451516913446203,0,0,0
2025-11-02 16:30:00+00:00,421,0.0,0.0446578661763785,0,0,0
2025-11-02 16:45:00+00:00,421,0.0,0.0485408106842939,0,0,0
2025-11-02 17:00:00+00:00,421,0.0,0.0538518724690124,0,0,0
2025-11-02 17:15:00+00:00,421,0.0,0.0586453943175211,0,0,0
2025-11-02 17:30:00+00:00,421,0.0,0.0653483037339164,0,0,0
2025-11-02 17:45:00+00:00,421,0.0,0.0732439264803881,0,0,0
2025-11-02 18:00:00+00:00,421,0.0,0.0813215949456607,0,0,0
2025-11-02 18:15:00+00:00,421,0.0,0.0801135367657233,0,0,0
2025-11-02 18:30:00+00:00,421,0.0,0.067245833917819,0,0,0
2025-11-02 18:45:00+00:00,421,0.0,0.0613380667214746,0,0,0
2025-11-02 19:00:00+00:00,421,0.0,0.0667900221276402,0,0,0
2025-11-02 19:15:00+00:00,421,0.0,0.0650180407153246,0,0,0
2025-11-02 19:30:00+00:00,421,0.0,0.062260501446052,0,0,0
2025-11-02 19:45:00+00:00,421,0.0,0.0620889181248829,0,0,0
2025-11-02 20:45:00+00:00,421,0.0,0.065297386732106,0,0,0
2025-11-02 21:00:00+00:00,421,0.0,0.0638605507906104,0,0,0
2025-11-02 21:15:00+00:00,421,0.0,0.0624662619328191,0,0,0
2025-11-02 21:30:00+00:00,421,0.0,0.0650316418322471,0,0,0
2025-11-02 21:45:00+00:00,421,0.0,0.0665138148301487,0,0,0
2025-11-02 22:00:00+00:00,421,0.0,0.0691238342928075,0,0,0
2025-11-02 22:15:00+00:00,421,0.0,0.0714056832164011,0,0,0
2025-11-02 22:30:00+00:00,421,0.0,0.0734015599380475,0,0,0
2025-11-02 22:45:00+00:00,421,0.0,0.0759355526445784,0,0,0
2025-11-02 23:00:00+00:00,421,0.0,0.0794411533445575,0,0,0
2025-11-02 23:15:00+00:00,421,0.0,0.0827305311601369,0,0,0
2025-11-02 23:30:00+00:00,421,0.0,0.0856404726882535,0,0,0
2025-11-02 23:45:00+00:00,421,0.0,0.0875659025991755,0,0,0
2025-11-03 00:00:00+00:00,421,0.0,0.0904406207219299,0,0,0
2025-11-03 00:15:00+00:00,421,0.0,0.0982253420534995,0,0,0
2025-11-03 00:30:00+00:00,421,0.0,0.1034202712244996,0,0,0
2025-11-03 00:45:00+00:00,421,0.0,0.1072449750522626,0,0,0
2025-11-03 01:00:00+00:00,421,0.0,0.1099233488461184,0,0,0
2025-11-03 01:15:00+00:00,421,0.0,0.1123384189662299,0,0,0
2025-11-03 01:30:00+00:00,421,0.0,0.1134892827057774,0,0,0
2025-11-03 01:45:00+00:00,421,27.700000000550062,0.1158963316543699,0,0,0
2025-11-03 02:00:00+00:00,421,32.599999999547435,23.026072789242328,0,0,0
2025-11-03 02:15:00+00:00,421,22.700000000440923,21.924853823953004,0,0,0
2025-11-03 02:30:00+00:00,421,18.000000000029104,16.565835198461517,0,0,0
2025-11-03 02:45:00+00:00,421,14.799999999922877,13.821309059363092,0,0,0
2025-11-03 03:00:00+00:00,421,12.600000000020373,11.692995123529418,0,0,0
2025-11-03 03:15:00+00:00,421,11.599999999816646,10.081625115985934,0,0,0
2025-11-03 03:30:00+00:00,421,11.000000000422006,10.139180857840469,0,0,0
2025-11-03 03:45:00+00:00,421,10.69999999981519,10.26511115819446,0,0,0
2025-11-03 04:00:00+00:00,421,11.099999999714782,10.516409230656418,0,0,0
2025-11-03 04:15:00+00:00,421,10.10000000042055,10.934281577047546,0,0,0
2025-11-03 04:30:00+00:00,421,10.59999999961292,10.939197508948352,0,0,0
2025-11-03 04:45:00+00:00,421,10.69999999981519,10.761116341356646,0,0,0
2025-11-03 05:00:00+00:00,421,10.69999999981519,10.69263506640134,0,0,0
2025-11-03 05:15:00+00:00,421,10.40000000011787,10.910969262643366,0,0,0
2025-11-03 05:30:00+00:00,421,10.600000000522414,10.99120120512604,0,0,0
2025-11-03 05:45:00+00:00,421,13.500000000021828,12.319882459844935,0,0,0
2025-11-03 06:00:00+00:00,421,19.099999999525608,17.84274292975064,0,0,0
2025-11-03 06:15:00+00:00,421,24.40000000024156,20.448175677287345,0,0,0
2025-11-03 06:30:00+00:00,421,18.699999999626016,19.792452578111,0,0,0
2025-11-03 06:45:00+00:00,421,15.000000000327418,16.499735165207312,0,0,0
2025-11-03 07:00:00+00:00,421,14.19999999961874,14.666888405919662,0,0,0
2025-11-03 07:15:00+00:00,421,14.100000000325965,13.423816766066416,0,0,0
2025-11-03 07:30:00+00:00,421,15.99999999962165,13.317230741441278,0,0,0
2025-11-03 07:45:00+00:00,421,13.900000000830914,14.794618238666402,0,0,0
2025-11-03 08:00:00+00:00,421,14.19999999961874,14.863626818462372,0,0,0
2025-11-03 08:15:00+00:00,421,13.89999999992142,15.420578606551704,0,0,0
2025-11-03 08:30:00+00:00,421,8.499999999912689,14.851273516831387,0,0,0
2025-11-03 08:45:00+00:00,421,11.599999999816646,12.6882055885429,0,0,0
2025-11-03 09:00:00+00:00,421,11.800000000221187,12.348121168547555,0,0,0
2025-11-03 09:15:00+00:00,421,11.90000000042346,12.611334168179708,0,0,0
2025-11-03 09:30:00+00:00,421,11.599999999816646,12.572218053405424,0,0,0
2025-11-03 09:45:00+00:00,421,12.39999999961583,11.824249389291875,0,0,0
2025-11-03 10:00:00+00:00,421,12.09999999991851,11.633759818108318,0,0,0
2025-11-03 10:15:00+00:00,421,11.000000000422006,11.658426664259288,0,0,0
2025-11-03 10:30:00+00:00,421,10.59999999961292,10.812200741529049,0,0,0
2025-11-03 10:45:00+00:00,421,10.10000000042055,10.897750371981603,0,0,0
2025-11-03 11:00:00+00:00,421,10.40000000011787,10.225325449971717,0,0,0
2025-11-03 11:15:00+00:00,421,9.799999999813735,10.115022484214428,0,0,0
2025-11-03 11:30:00+00:00,421,7.39999999950669,9.9119089840478,0,0,0
2025-11-03 11:45:00+00:00,421,7.400000000416185,8.832147698809049,0,0,0
2025-11-03 12:00:00+00:00,421,8.799999999610009,8.146165950693877,0,0,0
2025-11-03 12:15:00+00:00,421,10.300000000825094,8.23799859967119,0,0,0
2025-11-03 12:30:00+00:00,421,10.499999999410647,8.347413656616087,0,0,0
2025-11-03 12:45:00+00:00,421,9.200000000419095,8.6059136948615,0,0,0
2025-11-03 13:00:00+00:00,421,9.000000000014552,8.888192670445486,0,0,0
2025-11-03 13:15:00+00:00,421,9.599999999409192,8.802107713980742,0,0,0
2025-11-03 13:30:00+00:00,421,10.700000000724684,8.837788326119181,0,0,0
2025-11-03 13:45:00+00:00,421,9.999999999308784,9.852954070883246,0,0,0
2025-11-03 14:00:00+00:00,421,9.399999999914144,10.204888202436878,0,0,0
2025-11-03 14:15:00+00:00,421,10.00000000021828,9.77071474304153,0,0,0
2025-11-03 14:30:00+00:00,421,10.199999999713327,9.439851182826075,0,0,0
2025-11-03 14:45:00+00:00,421,7.800000000315777,9.491032883296455,0,0,0
2025-11-03 15:00:00+00:00,421,9.000000000014552,9.54038994161977,0,0,0
2025-11-03 15:15:00+00:00,421,9.100000000216824,9.54372884145081,0,0,0
2025-11-03 15:30:00+00:00,421,9.100000000216824,9.45146618793081,0,0,0
2025-11-03 15:45:00+00:00,421,9.699999999611464,9.411115510235923,0,0,0
2025-11-03 16:00:00+00:00,421,9.900000000016009,9.610092527125348,0,0,0
2025-11-03 16:15:00+00:00,421,9.699999999611464,9.644227145640327,0,0,0
2025-11-03 16:30:00+00:00,421,11.000000000422006,9.56687898869169,0,0,0
2025-11-03 16:45:00+00:00,421,11.499999999614374,9.579320523209372,0,0,0
2025-11-03 17:00:00+00:00,421,10.10000000042055,10.11006191275039,0,0,0
2025-11-03 17:15:00+00:00,421,10.500000000320142,10.171813076055455,0,0,0
2025-11-03 17:30:00+00:00,421,11.700000000018916,10.171988146842503,0,0,0
2025-11-03 17:45:00+00:00,421,11.199999999917054,10.215581470310212,0,0,0
2025-11-03 18:00:00+00:00,421,11.300000000119326,10.383009127139587,0,0,0
2025-11-03 18:15:00+00:00,421,10.69999999981519,10.528503064826124,0,0,0
2025-11-03 18:30:00+00:00,421,11.099999999714782,10.41778404438966,0,0,0
2025-11-03 18:45:00+00:00,421,10.199999999713327,10.008386937573832,0,0,0
2025-11-03 20:45:00+00:00,421,0.0,9.956118891482635,0,0,0
2025-11-03 21:00:00+00:00,421,0.0,0.26399191888546,0,0,0
2025-11-03 21:15:00+00:00,421,0.0,0.1224220778041926,0,0,0
2025-11-03 21:30:00+00:00,421,0.0,0.0495821679952905,0,0,0
2025-11-03 21:45:00+00:00,421,0.0,0.0598628686553279,0,0,0
2025-11-03 22:00:00+00:00,421,0.0,0.0146077676970293,0,0,0
2025-11-03 22:15:00+00:00,421,0.0,-0.0288240861005553,0,0,0
2025-11-03 22:30:00+00:00,421,0.0,0.0340448100182237,0,0,0
2025-11-03 22:45:00+00:00,421,0.0,0.0659338492547343,0,0,0
2025-11-03 23:00:00+00:00,421,0.0,0.0551778069956059,0,0,0
2025-11-03 23:15:00+00:00,421,0.0,0.0696459079346567,0,0,0
2025-11-03 23:30:00+00:00,421,0.0,0.0683311332988712,0,0,0
2025-11-03 23:45:00+00:00,421,0.0,0.0580309028299206,0,0,0
2025-11-04 00:00:00+00:00,421,0.0,0.0504045124491856,0,0,0
2025-11-04 00:15:00+00:00,421,0.0,0.0507358217075406,0,0,0
2025-11-04 00:30:00+00:00,421,0.0,0.0568800390903732,0,0,0
2025-11-04 00:45:00+00:00,421,0.0,0.0558955274731785,0,0,0
2025-11-04 01:00:00+00:00,421,0.0,0.0555774705851579,0,0,0
2025-11-04 01:15:00+00:00,421,0.0,0.0549145033218607,0,0,0
2025-11-04 01:30:00+00:00,421,0.0,0.057160780093505,0,0,0
2025-11-04 01:45:00+00:00,421,0.0,0.0568347020339663,0,0,0
2025-11-04 02:00:00+00:00,421,0.0,0.0599490090624996,0,0,0
2025-11-04 02:15:00+00:00,421,0.0,0.0598761210256615,0,0,0
2025-11-04 02:30:00+00:00,421,0.0,0.059493894765497,0,0,0
2025-11-04 02:45:00+00:00,421,0.0,0.0584877608598626,0,0,0
2025-11-04 03:00:00+00:00,421,0.0,0.0576793662694772,0,0,0
2025-11-04 03:15:00+00:00,421,0.0,0.0588208138511552,0,0,0
2025-11-04 03:30:00+00:00,421,0.0,0.0602506748608968,0,0,0
2025-11-04 05:45:00+00:00,421,0.0,0.060433766819461,0,0,0
2025-11-04 06:00:00+00:00,421,0.0,0.0614625692532984,0,0,0
2025-11-04 06:15:00+00:00,421,45.49999999926513,0.0928846368088232,0,0,0
2025-11-04 06:30:00+00:00,421,24.30000000003929,26.78681091286804,0,0,0
2025-11-04 06:45:00+00:00,421,26.200000000244472,21.63414424835695,0,0,0
2025-11-04 07:00:00+00:00,421,21.899999999732245,20.11306787109908,0,0,0
2025-11-04 07:15:00+00:00,421,16.599999999925785,15.69156447013144,0,0,0
2025-11-04 07:30:00+00:00,421,14.300000000730506,13.018253779236218,0,0,0
2025-11-04 07:45:00+00:00,421,13.09999999921274,11.678341489405687,0,0,0
2025-11-04 08:00:00+00:00,421,12.400000000525324,10.626544100558416,0,0,0
2025-11-04 08:15:00+00:00,421,11.800000000221187,10.846771990771876,0,0,0
2025-11-04 08:30:00+00:00,421,11.199999999917054,10.246587831933152,0,0,0
2025-11-04 08:45:00+00:00,421,11.099999999714782,10.35128295255955,0,0,0
2025-11-04 09:00:00+00:00,421,10.69999999981519,10.337229162566738,0,0,0
2025-11-04 09:15:00+00:00,421,10.2999999999156,10.029846012610752,0,0,0
2025-11-04 09:30:00+00:00,421,10.700000000724684,9.941645559344767,0,0,0
2025-11-04 09:45:00+00:00,421,11.199999999917054,9.860615335922756,0,0,0
2025-11-04 10:00:00+00:00,421,9.500000000116415,9.6675823558748,0,0,0
2025-11-04 10:15:00+00:00,421,10.099999999511056,10.202353512237172,0,0,0
2025-11-04 10:30:00+00:00,421,10.10000000042055,9.982628514603231,0,0,0
2025-11-04 10:45:00+00:00,421,9.299999999711872,9.63535014999595,0,0,0
2025-11-04 11:00:00+00:00,421,8.89999999981228,9.372026946442071,0,0,0
2025-11-04 11:15:00+00:00,421,7.300000000213913,8.731761691020782,0,0,0
2025-11-04 11:30:00+00:00,421,6.900000000314321,7.991763281423479,0,0,0
2025-11-04 11:45:00+00:00,421,7.39999999950669,7.708242767987131,0,0,0
2025-11-04 12:00:00+00:00,421,7.300000000213913,7.584064570489954,0,0,0
2025-11-04 12:15:00+00:00,421,7.999999999810825,7.664995401134462,0,0,0
2025-11-04 12:30:00+00:00,421,9.900000000016009,7.530010244376344,0,0,0
2025-11-04 12:45:00+00:00,421,10.2999999999156,8.109003165557537,0,0,0
2025-11-04 13:00:00+00:00,421,10.40000000011787,9.132287730884226,0,0,0
2025-11-04 13:15:00+00:00,421,9.299999999711872,9.335176289501762,0,0,0
2025-11-04 13:30:00+00:00,421,8.800000000519503,8.88831403425802,0,0,0
2025-11-04 13:45:00+00:00,421,7.799999999406282,8.917771263538208,0,0,0
2025-11-04 14:00:00+00:00,421,8.30000000041764,8.773085720442058,0,0,0
2025-11-04 14:15:00+00:00,421,9.399999999914144,8.713674995487324,0,0,0
2025-11-04 14:30:00+00:00,421,8.700000000317232,8.690344895007168,0,0,0
2025-11-04 14:45:00+00:00,421,8.89999999981228,8.531704605949123,0,0,0
2025-11-04 15:00:00+00:00,421,8.89999999981228,8.540565559250464,0,0,0
2025-11-04 15:15:00+00:00,421,8.399999999710417,8.394732291134053,0,0,0
2025-11-04 15:30:00+00:00,421,8.800000000519503,8.308674885649744,0,0,0
2025-11-04 15:45:00+00:00,421,8.700000000317232,8.411829243851502,0,0,0
2025-11-04 16:00:00+00:00,421,8.799999999610009,8.84361065040153,0,0,0
2025-11-04 16:15:00+00:00,421,8.700000000317232,8.931092685696765,0,0,0
2025-11-04 16:30:00+00:00,421,8.699999999407737,8.906428978265087,0,0,0
2025-11-04 16:45:00+00:00,421,9.100000000216824,8.88843888553643,0,0,0
2025-11-04 17:00:00+00:00,421,9.100000000216824,8.975428490649776,0,0,0
2025-11-04 17:15:00+00:00,421,8.100000000013097,8.964818224464324,0,0,0
2025-11-04 17:30:00+00:00,421,8.89999999981228,8.86801140290605,0,0,0
2025-11-04 17:45:00+00:00,421,9.100000000216824,8.780380104071263,0,0,0
2025-11-04 18:00:00+00:00,421,8.499999999912689,8.926355312048882,0,0,0
2025-11-04 18:15:00+00:00,421,9.299999999711872,8.886977637333795,0,0,0
2025-11-04 18:30:00+00:00,421,8.89999999981228,8.751781837636681,0,0,0
2025-11-04 18:45:00+00:00,421,9.500000000116415,8.430981011463924,0,0,0
2025-11-04 19:00:00+00:00,421,9.399999999914144,8.419957829318584,0,0,0
2025-11-04 19:15:00+00:00,421,9.399999999914144,8.512150384774447,0,0,0
2025-11-04 19:30:00+00:00,421,8.60000000011496,8.535756692552093,0,0,0
2025-11-04 19:45:00+00:00,421,0.3999999998995918,2.934717002579166,0,0,0
2025-11-04 20:00:00+00:00,421,0.0,0.1907798964674381,0,0,0
2025-11-04 20:15:00+00:00,421,0.0,0.0457595566470541,0,0,0
2025-11-04 20:30:00+00:00,421,0.0,0.0074417228121133,0,0,0
2025-11-04 20:45:00+00:00,421,0.0,-0.027476180538934,0,0,0
2025-11-04 21:00:00+00:00,421,0.0,-0.1283964680996199,0,0,0
2025-11-04 21:15:00+00:00,421,0.0,-0.1129902388395436,0,0,0
2025-11-04 21:30:00+00:00,421,0.0,-0.0638204574338443,0,0,0
2025-11-04 21:45:00+00:00,421,0.0,0.0118770819150118,0,0,0
2025-11-04 22:00:00+00:00,421,0.0,0.0620746195147852,0,0,0
2025-11-04 22:15:00+00:00,421,0.0,0.0627208469418709,0,0,0
2025-11-04 22:30:00+00:00,421,0.0,0.0775038660496525,0,0,0
2025-11-04 22:45:00+00:00,421,0.0,0.0735459410253724,0,0,0
2025-11-04 23:00:00+00:00,421,0.0,0.072524113523289,0,0,0
2025-11-04 23:15:00+00:00,421,0.0,0.0683921639517262,0,0,0
2025-11-04 23:30:00+00:00,421,0.0,0.0698310923727483,0,0,0
2025-11-04 23:45:00+00:00,421,0.0,0.0684681907078532,0,0,0
2025-11-05 00:00:00+00:00,421,0.0,0.0681808235195546,0,0,0
2025-11-05 00:15:00+00:00,421,0.0,0.0681665249094569,0,0,0
2025-11-05 00:30:00+00:00,421,0.0,0.0602412587030274,0,0,0
2025-11-05 00:45:00+00:00,421,0.0,0.0576566977412742,0,0,0
2025-11-05 01:00:00+00:00,421,0.0,0.0667962995662199,0,0,0
2025-11-05 01:15:00+00:00,421,0.0,0.0686042018770729,0,0,0
2025-11-05 01:30:00+00:00,421,0.0,0.0682551065427432,0,0,0
2025-11-05 01:45:00+00:00,421,0.0,0.0675021626598093,0,0,0
2025-11-05 02:00:00+00:00,421,0.0,0.0671227263723457,0,0,0
2025-11-05 06:00:00+00:00,421,0.0,0.067759537641562,0,0,0
2025-11-05 06:15:00+00:00,421,49.60000000028231,0.068075502050056,0,0,0
2025-11-05 06:30:00+00:00,421,33.59999999975116,29.038645310134413,0,0,0
2025-11-05 06:45:00+00:00,421,27.50000000014552,24.785746236983197,0,0,0
2025-11-05 07:00:00+00:00,421,23.9000000001397,19.796824465334925,0,0,0
2025-11-05 07:15:00+00:00,421,17.10000000002765,16.554304241284427,0,0,0
2025-11-05 07:30:00+00:00,421,14.400000000023285,14.076205847863957,0,0,0
2025-11-05 07:45:00+00:00,421,12.899999999717693,12.775895128057844,0,0,0
2025-11-05 08:00:00+00:00,421,11.500000000523867,11.761145786719544,0,0,0
2025-11-05 08:15:00+00:00,421,11.799999999311694,12.250354945126409,0,0,0
2025-11-05 09:00:00+00:00,421,12.20000000012078,11.745079031422286,0,0,0
2025-11-05 09:15:00+00:00,421,10.500000000320142,11.167410998527924,0,0,0
2025-11-05 09:30:00+00:00,421,11.699999999109425,10.747988822300872,0,0,0
2025-11-05 09:45:00+00:00,421,11.100000000624275,10.2988970301217,0,0,0
2025-11-05 10:00:00+00:00,421,10.00000000021828,10.090315880952456,0,0,0
2025-11-05 10:15:00+00:00,421,10.499999999410647,9.857872444010166,0,0,0
2025-11-05 10:30:00+00:00,421,9.399999999914144,9.205406289216732,0,0,0
2025-11-05 10:45:00+00:00,421,8.30000000041764,9.70278518518803,0,0,0
2025-11-05 11:00:00+00:00,421,8.399999999710417,9.131875861164104,0,0,0
2025-11-05 11:15:00+00:00,421,6.5999999997075065,8.361255408683554,0,0,0
2025-11-05 11:30:00+00:00,421,6.200000000717409,7.728978542601075,0,0,0
2025-11-05 11:45:00+00:00,421,6.699999999909778,6.7461799686453165,0,0,0
2025-11-05 12:00:00+00:00,421,6.300000000010186,6.2370123917685865,0,0,0
2025-11-05 12:15:00+00:00,421,6.300000000010186,6.296227469887596,0,0,0
2025-11-05 12:30:00+00:00,421,5.799999999908323,5.982398611123676,0,0,0
2025-11-05 12:45:00+00:00,421,5.199999999604188,6.063790659130473,0,0,0
2025-11-05 13:00:00+00:00,421,5.200000000513683,5.818995664290135,0,0,0
2025-11-05 13:15:00+00:00,421,1.0999999994965035,5.652268290608946,0,0,0
2025-11-05 13:30:00+00:00,421,0.0,1.882780115096796,0,0,0
2025-11-05 13:45:00+00:00,421,0.0,-0.0092109267525515,0,0,0
2025-11-05 14:00:00+00:00,421,0.0,0.119184663230186,0,0,0
2025-11-05 14:15:00+00:00,421,0.0,0.0810711948956619,0,0,0
2025-11-05 14:30:00+00:00,421,0.0,0.0619424445580314,0,0,0
2025-11-05 14:45:00+00:00,421,0.0,0.0571318341267224,0,0,0
2025-11-05 15:00:00+00:00,421,0.0,0.0553120744318862,0,0,0
2025-11-05 15:15:00+00:00,421,0.0,0.0534532551192237,0,0,0
2025-11-05 15:30:00+00:00,421,0.0,0.0523679557381715,0,0,0
2025-11-05 15:45:00+00:00,421,7.300000000213913,0.0540740240454038,0,0,0
2025-11-05 16:00:00+00:00,421,19.59999999962747,9.767808637725878,0,0,0
2025-11-05 16:15:00+00:00,421,14.300000000730506,14.106080178063085,0,0,0
2025-11-05 16:30:00+00:00,421,11.999999999716238,15.3584500994387,0,0,0
2025-11-05 16:45:00+00:00,421,10.500000000320142,12.08064509062685,0,0,0
2025-11-05 17:00:00+00:00,421,9.49999999920692,9.611362313451316,0,0,0
2025-11-05 17:15:00+00:00,421,7.700000000113505,8.910580108898976,0,0,0
2025-11-05 17:30:00+00:00,421,8.900000000721775,8.466032833504663,0,0,0
2025-11-05 17:45:00+00:00,421,8.299999999508145,8.173923389105413,0,0,0
2025-11-05 18:00:00+00:00,421,8.30000000041764,8.113589531932927,0,0,0
2025-11-05 18:15:00+00:00,421,8.299999999508145,7.992508552881484,0,0,0
2025-11-05 18:30:00+00:00,421,8.800000000519503,8.066885388902563,0,0,0
2025-11-05 18:45:00+00:00,421,8.299999999508145,7.911459148397142,0,0,0
2025-11-05 19:00:00+00:00,421,9.000000000014552,7.86368609707535,0,0,0
2025-11-05 19:15:00+00:00,421,8.200000000215368,7.929827979920084,0,0,0
2025-11-05 19:30:00+00:00,421,8.299999999508145,7.86730887662881,0,0,0
2025-11-05 19:45:00+00:00,421,0.0,5.9776380458277085,0,0,0
2025-11-05 20:00:00+00:00,421,0.0,0.221293130415308,0,0,0
2025-11-05 20:15:00+00:00,421,0.0,0.1312464127138195,0,0,0
2025-11-05 20:30:00+00:00,421,0.0,0.04167259538531,0,0,0
2025-11-05 20:45:00+00:00,421,0.0,0.0357575045106228,0,0,0
2025-11-05 21:00:00+00:00,421,0.0,0.022343664506315,0,0,0
2025-11-05 21:15:00+00:00,421,0.0,0.0037373365571209,0,0,0
2025-11-05 21:30:00+00:00,421,0.0,-0.0008054364948018,0,0,0
2025-11-05 21:45:00+00:00,421,0.0,0.0681138641747081,0,0,0
2025-11-05 22:00:00+00:00,421,0.0,0.0629935667734846,0,0,0
2025-11-05 22:15:00+00:00,421,0.0,0.0641897675694389,0,0,0
2025-11-05 22:30:00+00:00,421,0.0,0.0682268580691358,0,0,0
2025-11-05 22:45:00+00:00,421,0.0,0.0665249747209566,0,0,0
2025-11-05 23:00:00+00:00,421,0.0,0.0664405780467234,0,0,0
2025-11-05 23:15:00+00:00,421,3.0000000006111804,0.0673539453600184,0,0,0
2025-11-05 23:30:00+00:00,421,24.099999999634747,2.559127389979015,0,0,0
2025-11-05 23:45:00+00:00,421,17.700000000331784,20.80912700061363,0,0,0
2025-11-06 00:00:00+00:00,421,13.199999999415011,14.459705730567263,0,0,0
2025-11-06 00:15:00+00:00,421,10.40000000011787,11.459447903636924,0,0,0
2025-11-06 00:30:00+00:00,421,8.700000000317232,9.247096153808547,0,0,0
2025-11-06 00:45:00+00:00,421,8.200000000215368,7.835536667499193,0,0,0
2025-11-06 01:00:00+00:00,421,7.799999999406282,7.93934457680638,0,0,0
2025-11-06 01:15:00+00:00,421,7.300000000213913,8.161827113709592,0,0,0
2025-11-06 01:30:00+00:00,421,7.800000000315777,8.159547008518938,0,0,0
2025-11-06 01:45:00+00:00,421,8.399999999710417,8.17096950550724,0,0,0
2025-11-06 02:00:00+00:00,421,8.399999999710417,8.312560271383774,0,0,0
2025-11-06 02:15:00+00:00,421,9.000000000014552,8.464481957428976,0,0,0
2025-11-06 02:30:00+00:00,421,8.500000000822183,8.468214592157576,0,0,0
2025-11-06 02:45:00+00:00,421,8.599999999205465,8.503970184812378,0,0,0
2025-11-06 03:00:00+00:00,421,8.200000000215368,8.558286419613381,0,0,0
2025-11-06 03:15:00+00:00,421,8.399999999710417,8.594852150591507,0,0,0
2025-11-06 03:30:00+00:00,421,8.100000000013097,8.614523201873077,0,0,0
2025-11-06 03:45:00+00:00,421,8.60000000011496,8.56853573308052,0,0,0
2025-11-06 04:45:00+00:00,421,8.800000000519503,8.554322914643697,0,0,0
2025-11-06 05:00:00+00:00,421,8.89999999981228,8.752232418228044,0,0,0
2025-11-06 05:15:00+00:00,421,8.89999999981228,8.845949693765512,0,0,0
2025-11-06 05:30:00+00:00,421,9.200000000419095,8.855104291693731,0,0,0
2025-11-06 05:45:00+00:00,421,9.299999999711872,8.80924725412499,1,0,1
2025-11-06 06:00:00+00:00,421,9.100000000216824,12.20481701068545,1,0,1
2025-11-06 06:15:00+00:00,421,21.499999999832653,17.097751864003225,1,0,1
2025-11-06 06:30:00+00:00,421,13.6000000002241,18.26482255497628,1,0,1
2025-11-06 06:45:00+00:00,421,16.499999999723514,15.45045154176448,0,0,0
2025-11-06 07:00:00+00:00,421,16.000000000531145,17.153587587687017,0,0,0
2025-11-06 07:15:00+00:00,421,12.600000000020373,13.656618365754316,0,0,0
2025-11-06 07:30:00+00:00,421,11.499999999614374,11.546717552260226,0,0,0
2025-11-06 07:45:00+00:00,421,10.500000000320142,11.239344167208696,0,0,0
2025-11-06 08:00:00+00:00,421,11.799999999311694,11.25746434241458,0,0,0
2025-11-06 08:15:00+00:00,421,11.199999999917054,12.47331142864236,0,0,0
2025-11-06 08:30:00+00:00,421,10.200000000622822,11.126383054959645,0,0,0
2025-11-06 08:45:00+00:00,421,10.69999999981519,10.9217706419589,0,0,0
2025-11-06 09:00:00+00:00,421,10.2999999999156,10.431525357439858,0,0,0
2025-11-06 09:15:00+00:00,421,10.199999999713327,9.922881249191327,0,0,0
2025-11-06 09:30:00+00:00,421,10.10000000042055,9.644054167332808,0,0,0
2025-11-06 09:45:00+00:00,421,9.000000000014552,9.300767556168818,0,0,0
2025-11-06 10:00:00+00:00,421,9.600000000318689,8.919207750733117,0,0,0
2025-11-06 10:15:00+00:00,421,7.8999999996085535,8.791399450004135,0,0,0
2025-11-06 10:30:00+00:00,421,7.999999999810825,8.242266560411974,0,0,0
2025-11-06 10:45:00+00:00,421,7.499999999708962,8.041564642899578,0,0,0
2025-11-06 11:00:00+00:00,421,7.000000000516593,7.705359331199682,0,0,0
2025-11-06 11:15:00+00:00,421,5.699999999706051,7.372798421341687,0,0,0
2025-11-06 11:30:00+00:00,421,5.799999999908323,6.843416620372981,0,0,0
2025-11-06 11:45:00+00:00,421,5.600000000413274,5.789257694006815,0,0,0
2025-11-06 12:00:00+00:00,421,5.100000000311411,5.814055668874774,0,0,0
2025-11-06 12:15:00+00:00,421,5.099999999401916,5.72413973114369,0,0,0
2025-11-06 12:30:00+00:00,421,5.9000000001105946,5.354355005496499,0,0,0
2025-11-06 12:45:00+00:00,421,5.400000000008731,5.275747306652908,0,0,0
2025-11-06 13:00:00+00:00,421,5.400000000008731,5.199914976747889,0,0,0
2025-11-06 13:15:00+00:00,421,6.199999999807915,5.062400273802235,0,0,0
2025-11-06 13:30:00+00:00,421,6.199999999807915,5.068515719591579,0,0,0
2025-11-06 13:45:00+00:00,421,4.900000000816362,5.215926891644226,0,0,0
2025-11-06 14:00:00+00:00,421,4.199999999400461,5.31648988832577,1,0,1
2025-11-06 14:15:00+00:00,421,1.900000000205182,5.15165219803026,1,0,1
2025-11-06 14:30:00+00:00,421,0.0,3.89361348805755,1,0,1
2025-11-06 14:45:00+00:00,421,6.999999999607098,-0.0947082452169496,1,0,1
2025-11-06 15:00:00+00:00,421,9.400000000823638,4.247430589625047,0,0,0
2025-11-06 15:15:00+00:00,421,7.799999999406282,7.46021768225113,0,0,0
2025-11-06 15:30:00+00:00,421,7.000000000516593,6.698690971419239,0,0,0
2025-11-06 15:45:00+00:00,421,6.199999999807915,6.115965589882741,0,0,0
2025-11-06 16:00:00+00:00,421,6.699999999909778,6.12953531961177,0,0,0
2025-11-06 16:15:00+00:00,421,6.300000000010186,6.253768967816399,0,0,0
2025-11-06 16:30:00+00:00,421,7.999999999810825,7.260409950989705,0,0,0
2025-11-06 16:45:00+00:00,421,9.000000000014552,8.475430856551126,0,0,0
2025-11-06 17:00:00+00:00,421,9.299999999711872,8.367455076773838,0,0,0
2025-11-06 17:15:00+00:00,421,9.200000000419095,8.134345185102372,0,0,0
2025-11-06 17:30:00+00:00,421,8.399999999710417,8.145517282040679,0,0,0
2025-11-06 17:45:00+00:00,421,9.200000000419095,8.08429586480239,0,0,0
2025-11-06 18:00:00+00:00,421,8.89999999981228,8.231328472434043,0,0,0
2025-11-06 18:15:00+00:00,421,8.30000000041764,8.32080254823846,0,0,0
2025-11-06 18:30:00+00:00,421,8.499999999912689,8.421901742798656,0,0,0
2025-11-06 18:45:00+00:00,421,8.399999999710417,8.048870883912766,0,0,0
2025-11-06 19:00:00+00:00,421,8.399999999710417,7.736852543059107,0,0,0
2025-11-06 19:15:00+00:00,421,7.800000000315777,7.659393135948979,0,0,0
2025-11-06 19:30:00+00:00,421,5.500000000211003,7.104268082486239,0,0,0
2025-11-06 19:45:00+00:00,421,0.0,0.4191360234013963,0,0,0
2025-11-06 20:00:00+00:00,421,0.0,0.0908535366818164,0,0,0
2025-11-06 20:15:00+00:00,421,0.0,0.0066699466134414,0,0,0
2025-11-06 20:30:00+00:00,421,0.0,0.0278067798032886,0,0,0
2025-11-06 20:45:00+00:00,421,0.0,0.2715070591047048,0,0,0
2025-11-06 21:00:00+00:00,421,0.0,0.038589675549673,0,0,0
2025-11-06 21:15:00+00:00,421,0.0,-0.0181227970557023,0,0,0
2025-11-06 21:30:00+00:00,421,0.0,-0.0190609253767277,0,0,0
2025-11-06 21:45:00+00:00,421,0.0,0.0224556121609804,0,0,0
2025-11-06 22:00:00+00:00,421,0.0,0.0822339160191925,0,0,0
2025-11-06 22:15:00+00:00,421,0.0,0.0750322989823271,0,0,0
2025-11-06 22:30:00+00:00,421,0.0,0.092705381062724,0,0,0
2025-11-06 22:45:00+00:00,421,0.0,0.0912277417704627,0,0,0
2025-11-06 23:00:00+00:00,421,0.0,0.09286510699991,0,0,0
2025-11-06 23:15:00+00:00,421,0.0,0.0912974910880111,0,0,0
2025-11-06 23:30:00+00:00,421,0.0,0.0837174840034462,0,0,0
2025-11-06 23:45:00+00:00,421,0.0,0.0835096310371517,0,0,0
2025-11-07 00:00:00+00:00,421,3.200000000106229,0.0854702843534358,0,0,0
2025-11-07 00:15:00+00:00,421,25.3999999995358,4.02535543232964,0,0,0
2025-11-07 00:30:00+00:00,421,18.90000000003056,20.038681618920126,0,0,0
2025-11-07 00:45:00+00:00,421,14.200000000528236,15.446528142652388,0,0,0
2025-11-07 01:00:00+00:00,421,10.499999999410647,12.733402448821048,0,0,0
2025-11-07 01:15:00+00:00,421,8.200000000215368,10.416789419121422,0,0,0
2025-11-07 01:30:00+00:00,421,6.999999999607098,8.324293850328342,0,0,0
2025-11-07 01:45:00+00:00,421,7.400000000416185,7.857374481330401,0,0,0
2025-11-07 02:00:00+00:00,421,6.999999999607098,7.714001620390509,0,0,0
2025-11-07 02:15:00+00:00,421,6.50000000041473,7.629315486489198,0,0,0
2025-11-07 02:30:00+00:00,421,7.599999999911233,7.527754900193419,0,0,0
2025-11-07 02:45:00+00:00,421,7.2000000000116415,7.58422883013278,0,0,0
2025-11-07 03:00:00+00:00,421,6.199999999807915,7.647588412700511,0,0,0
2025-11-07 03:15:00+00:00,421,6.199999999807915,7.593950141266078,0,0,0
2025-11-07 03:30:00+00:00,421,6.200000000717409,7.21553882002451,0,0,0
2025-11-07 03:45:00+00:00,421,6.799999999202555,6.142791177411831,0,0,0
2025-11-07 04:00:00+00:00,421,6.300000000010186,6.45915978320098,0,0,0
2025-11-07 04:15:00+00:00,421,6.80000000011205,6.637424740244427,0,0,0
2025-11-07 04:30:00+00:00,421,6.300000000010186,6.649744562202989,0,0,0
2025-11-07 04:45:00+00:00,421,6.400000000212458,6.542898546996691,0,0,0
2025-11-07 05:00:00+00:00,421,6.400000000212458,6.530877600863823,0,0,0
2025-11-07 05:15:00+00:00,421,6.400000000212458,6.802713534251181,0,0,0
2025-11-07 05:30:00+00:00,421,6.499999999505235,6.779956075668098,0,0,0
2025-11-07 05:45:00+00:00,421,6.5999999997075065,6.849665984852018,0,0,0
2025-11-07 06:00:00+00:00,421,6.600000000617001,8.42995918396184,0,0,0
2025-11-07 06:15:00+00:00,421,17.39999999972497,20.05669228769746,0,0,0
2025-11-07 06:30:00+00:00,421,8.399999999710417,18.203889551166057,0,0,0
2025-11-07 06:45:00+00:00,421,15.50000000042928,12.773340908049224,0,0,0
2025-11-07 07:00:00+00:00,421,13.89999999992142,13.76855276804906,0,0,0
2025-11-07 07:15:00+00:00,421,10.900000000219734,11.415759721097348,0,0,0
2025-11-07 07:30:00+00:00,421,8.89999999981228,9.878412920534975,0,0,0
2025-11-07 07:45:00+00:00,421,8.30000000041764,9.020484457306472,0,0,0
2025-11-07 08:00:00+00:00,421,11.199999999917054,8.724341061126815,0,0,0
2025-11-07 08:15:00+00:00,421,9.900000000016009,10.191992251115366,0,0,0
2025-11-07 08:30:00+00:00,421,10.2999999999156,9.857676797174443,0,0,0
2025-11-07 08:45:00+00:00,421,10.69999999981519,10.169359992557284,0,0,0
2025-11-07 09:00:00+00:00,421,10.800000000017462,10.259703493604938,0,0,0
2025-11-07 09:15:00+00:00,421,9.699999999611464,10.456022364002596,0,0,0
2025-11-07 09:30:00+00:00,421,10.2999999999156,10.39991217675425,0,0,0
2025-11-07 09:45:00+00:00,421,8.200000000215368,9.98307212026284,0,0,0
2025-11-07 10:00:00+00:00,421,6.199999999807915,8.203367366015266,0,0,0
2025-11-07 10:15:00+00:00,421,7.300000000213913,6.070483106149236,0,0,0
2025-11-07 10:30:00+00:00,421,7.900000000518048,7.233711655965141,0,0,0
2025-11-07 10:45:00+00:00,421,7.8999999996085535,7.8608375349466755,0,0,0
2025-11-07 11:00:00+00:00,421,7.599999999911233,7.568684845970545,0,0,0
2025-11-07 11:15:00+00:00,421,6.900000000314321,7.280973793535892,0,0,0
2025-11-07 11:30:00+00:00,421,5.799999999908323,6.940486396858411,0,0,0
2025-11-07 11:45:00+00:00,421,6.400000000212458,6.583903647663475,0,0,0
2025-11-07 12:00:00+00:00,421,6.399999999302963,6.3044062748633145,0,0,0
2025-11-07 12:15:00+00:00,421,7.100000000718865,6.138424172640129,0,0,0
2025-11-07 12:30:00+00:00,421,6.899999999404827,6.278772354424538,0,0,0
2025-11-07 12:45:00+00:00,421,6.900000000314321,6.403524763178432,0,0,0
2025-11-07 13:00:00+00:00,421,6.400000000212458,6.367883385031115,0,0,0
2025-11-07 13:15:00+00:00,421,5.699999999706051,6.230638001637844,0,0,0
2025-11-07 13:30:00+00:00,421,5.799999999908323,6.051421489529745,0,0,0
2025-11-07 13:45:00+00:00,421,5.100000000311411,5.966789585722828,0,0,0
2025-11-07 14:00:00+00:00,421,5.59999999950378,5.88219726465362,0,0,0
2025-11-07 14:15:00+00:00,421,6.600000000617001,6.014172040866351,0,0,0
2025-11-07 14:30:00+00:00,421,6.5999999997075065,6.192298545514463,0,0,0
2025-11-07 14:45:00+00:00,421,6.699999999909778,6.380716387593539,0,0,0
2025-11-07 15:00:00+00:00,421,5.400000000008731,6.525011160138126,0,0,0
2025-11-07 15:15:00+00:00,421,6.000000000312866,6.37491202376046,0,0,0
2025-11-07 15:30:00+00:00,421,7.09999999980937,6.361413089588744,0,0,0
2025-11-07 15:45:00+00:00,421,6.499999999505235,6.666847617985722,0,0,0
2025-11-07 16:00:00+00:00,421,6.600000000617001,6.919996837335412,0,0,0
2025-11-07 16:15:00+00:00,421,6.400000000212458,6.931685602343455,0,0,0
2025-11-07 16:30:00+00:00,421,6.399999999302963,6.827892340392954,0,0,0
2025-11-07 16:45:00+00:00,421,6.900000000314321,6.6802019966968205,0,0,0
2025-11-07 17:00:00+00:00,421,6.80000000011205,6.606176697236185,0,0,0
2025-11-07 17:15:00+00:00,421,7.300000000213913,6.69124052369202,0,0,0
2025-11-07 17:30:00+00:00,421,7.09999999980937,6.865572316718915,0,0,0
2025-11-07 17:45:00+00:00,421,7.499999999708962,6.80275677882806,0,0,0
2025-11-07 18:00:00+00:00,421,7.000000000516593,6.938857575920363,0,0,0
2025-11-07 18:15:00+00:00,421,6.799999999202555,7.015694993491254,0,0,0
2025-11-07 18:30:00+00:00,421,6.80000000011205,6.904975798681496,0,0,0
2025-11-07 18:45:00+00:00,421,6.80000000011205,6.471326505407524,0,0,0
2025-11-07 19:00:00+00:00,421,7.2000000000116415,6.255954213935188,0,0,0
2025-11-07 19:15:00+00:00,421,7.2000000000116415,6.459873493092793,0,0,0
2025-11-07 19:30:00+00:00,421,4.399999999805004,6.51511966067001,0,0,0
2025-11-07 19:45:00+00:00,421,0.0,0.286231837532334,0,0,0
2025-11-07 20:00:00+00:00,421,0.0,0.1288236701687788,0,0,0
2025-11-07 20:15:00+00:00,421,0.0,0.0373540663893043,0,0,0
2025-11-07 20:30:00+00:00,421,0.0,0.0326777233942765,0,0,0
2025-11-07 20:45:00+00:00,421,0.0,0.0193022455146198,0,0,0
2025-11-07 21:00:00+00:00,421,0.0,-0.0051612813756953,0,0,0
2025-11-07 21:15:00+00:00,421,0.0,0.0124629761824177,0,0,0
2025-11-07 21:30:00+00:00,421,0.0,0.0369812562870084,0,0,0
2025-11-07 21:45:00+00:00,421,0.0,0.0907168280194214,0,0,0
2025-11-07 22:00:00+00:00,421,0.0,0.0910606921549348,0,0,0
2025-11-07 22:15:00+00:00,421,0.0,0.0969443958367239,0,0,0
2025-11-07 22:30:00+00:00,421,0.0,0.0997137924899806,0,0,0
2025-11-07 22:45:00+00:00,421,0.0,0.0926084295113325,0,0,0
2025-11-07 23:00:00+00:00,421,0.0,0.0838911598041409,0,0,0
2025-11-07 23:15:00+00:00,421,0.0,0.0818733120474677,0,0,0
2025-11-07 23:30:00+00:00,421,0.0,0.0800800570933004,0,0,0
2025-11-07 23:45:00+00:00,421,0.0,0.0807273307601486,0,0,0
2025-11-08 00:00:00+00:00,421,0.0,0.0818537822385545,0,0,0
2025-11-08 00:15:00+00:00,421,0.0,0.0807691803506776,0,0,0
2025-11-08 00:30:00+00:00,421,0.0,0.0702809754709345,0,0,0
2025-11-08 00:45:00+00:00,421,0.0,0.0730514183639545,0,0,0
2025-11-08 01:00:00+00:00,421,0.0,0.0691559189788799,0,0,0
2025-11-08 01:15:00+00:00,421,0.0,0.0789912702463704,0,0,0
2025-11-08 01:30:00+00:00,421,0.0,0.0711838803865978,0,0,0
2025-11-08 01:45:00+00:00,421,0.0,0.0785159286472785,0,0,0
2025-11-08 02:00:00+00:00,421,0.0,0.078114521324788,0,0,0
2025-11-08 02:15:00+00:00,421,0.0,0.077996644978131,0,0,0
2025-11-08 03:00:00+00:00,421,0.0,0.0772095239295982,0,0,0
2025-11-08 03:15:00+00:00,421,0.0,0.0769713300101706,0,0,0
2025-11-08 03:30:00+00:00,421,0.0,0.089337535264903,0,0,0
2025-11-08 03:45:00+00:00,421,0.0,0.0963476904250981,0,0,0
2025-11-08 04:00:00+00:00,421,0.0,0.0899959688225591,0,0,0
2025-11-08 04:15:00+00:00,421,0.0,0.0830656766309569,0,0,0
2025-11-08 04:30:00+00:00,421,0.0,0.0823381912489278,0,0,0
2025-11-08 04:45:00+00:00,421,0.0,0.0821453343859062,0,0,0
2025-11-08 05:00:00+00:00,421,0.0,0.0838737224747543,0,0,0
2025-11-08 05:15:00+00:00,421,4.800000000614091,0.087891283165538,0,0,0
2025-11-08 05:30:00+00:00,421,32.199999999647844,10.067934022444373,0,0,0
2025-11-08 05:45:00+00:00,421,20.80000000023574,21.31243249609701,0,0,0
2025-11-08 06:00:00+00:00,421,14.699999999720603,16.980938496945974,0,0,0
2025-11-08 06:15:00+00:00,421,10.900000000219734,12.966197073577195,0,0,0
2025-11-08 06:30:00+00:00,421,8.799999999610009,9.634330763719982,0,0,0
2025-11-08 06:45:00+00:00,421,10.700000000724684,7.953213531107691,0,0,0
2025-11-08 07:00:00+00:00,421,20.49999999962893,7.775716862797038,0,0,0
2025-11-08 07:15:00+00:00,421,15.800000000126602,10.28900727438652,0,0,0
2025-11-08 07:30:00+00:00,421,12.899999999717693,10.485368691867883,0,0,0
2025-11-08 07:45:00+00:00,421,10.500000000320142,10.443982585553991,0,0,0
2025-11-08 08:00:00+00:00,421,9.599999999409192,9.972482778872653,0,0,0
2025-11-08 08:15:00+00:00,421,8.800000000519503,9.70679577094706,0,0,0
2025-11-08 08:30:00+00:00,421,8.499999999912689,9.204368070625026,0,0,0
2025-11-08 08:45:00+00:00,421,8.200000000215368,8.84822631149029,0,0,0
2025-11-08 09:00:00+00:00,421,8.799999999610009,8.762814784686476,0,0,0
2025-11-08 09:15:00+00:00,421,8.399999999710417,8.457156535353462,0,0,0
2025-11-08 09:30:00+00:00,421,8.60000000011496,8.377156160605049,0,0,0
2025-11-08 09:45:00+00:00,421,8.60000000011496,8.09375003604948,0,0,0
2025-11-08 10:00:00+00:00,421,8.200000000215368,7.91709454450846,0,0,0
2025-11-08 10:15:00+00:00,421,8.200000000215368,7.933206636862126,0,0,0
2025-11-08 10:30:00+00:00,421,8.799999999610009,7.900153132769146,0,0,0
2025-11-08 10:45:00+00:00,421,8.399999999710417,7.883351219664927,0,0,0
2025-11-08 11:00:00+00:00,421,8.00000000072032,7.8427257296589,0,0,0
2025-11-08 11:15:00+00:00,421,7.999999999810825,7.622139327953239,0,0,0
2025-11-08 11:30:00+00:00,421,7.599999999911233,7.451683155755916,0,0,0
2025-11-08 11:45:00+00:00,421,8.100000000013097,7.30008754777025,0,0,0
2025-11-08 12:00:00+00:00,421,7.700000000113505,7.287072673862319,0,0,0
2025-11-08 12:15:00+00:00,421,7.599999999911233,7.372091860754923,0,0,0
2025-11-08 12:30:00+00:00,421,7.300000000213913,7.211074514954829,0,0,0
2025-11-08 12:45:00+00:00,421,7.2000000000116415,6.9770924080674215,0,0,0
2025-11-08 13:00:00+00:00,421,6.699999999909778,6.886916479755175,0,0,0
2025-11-08 13:15:00+00:00,421,6.699999999909778,6.596868302062772,0,0,0
2025-11-08 13:30:00+00:00,421,6.199999999807915,6.07707563727061,0,0,0
2025-11-08 13:45:00+00:00,421,6.300000000010186,6.081343772384686,0,0,0
2025-11-08 14:00:00+00:00,421,6.80000000011205,6.136486885345224,0,0,0
2025-11-08 14:15:00+00:00,421,6.80000000011205,6.258907748786772,0,0,0
2025-11-08 14:30:00+00:00,421,7.300000000213913,6.467961100835817,0,0,0
2025-11-08 14:45:00+00:00,421,7.299999999304418,6.827720931445079,0,0,0
2025-11-08 15:00:00+00:00,421,7.900000000518048,7.115915521023636,0,0,0
2025-11-08 15:15:00+00:00,421,7.2000000000116415,7.29134691204168,0,0,0
2025-11-08 15:30:00+00:00,421,7.799999999406282,7.161948675619186,0,0,0
2025-11-08 15:45:00+00:00,421,7.700000000113505,7.247348345039016,0,0,0
2025-11-08 16:00:00+00:00,421,7.700000000113505,7.414316353865746,0,0,0
2025-11-08 16:15:00+00:00,421,7.599999999911233,7.367837501131062,0,0,0
2025-11-08 16:30:00+00:00,421,7.599999999911233,7.392209307668802,0,0,0
2025-11-08 16:45:00+00:00,421,7.600000000820728,7.310555874094492,0,0,0
2025-11-08 17:00:00+00:00,421,7.599999999911233,7.474033975817692,0,0,0
2025-11-08 17:15:00+00:00,421,7.999999999810825,7.399449984323494,0,0,0
2025-11-08 17:30:00+00:00,421,7.499999999708962,7.3283649673441085,0,0,0
2025-11-08 17:45:00+00:00,421,7.999999999810825,6.987607815181009,0,0,0
2025-11-08 18:00:00+00:00,421,7.400000000416185,7.029098545471223,0,0,0
2025-11-08 18:15:00+00:00,421,0.0,6.96548211104162,0,0,0
2025-11-08 18:30:00+00:00,421,0.0,0.0336207341675303,0,0,0
2025-11-08 18:45:00+00:00,421,0.0,0.1745935210905838,0,0,0
2025-11-08 19:00:00+00:00,421,0.0,0.0574505885079181,0,0,0
2025-11-08 19:15:00+00:00,421,0.0,0.0343000925204508,0,0,0
2025-11-08 19:30:00+00:00,421,0.0,0.0375193722718938,0,0,0
2025-11-08 19:45:00+00:00,421,0.0,0.0389321446988359,0,0,0
2025-11-08 20:00:00+00:00,421,0.0,0.0414584649804359,0,0,0
2025-11-08 20:15:00+00:00,421,0.0,0.0438058782625256,0,0,0
2025-11-08 20:30:00+00:00,421,0.0,0.028942647439563,0,0,0
2025-11-08 20:45:00+00:00,421,0.0,0.0260124786093571,0,0,0
2025-11-08 21:00:00+00:00,421,0.0,0.031108015002851,0,0,0
2025-11-08 22:00:00+00:00,421,0.0,0.0305761764565453,0,0,0
2025-11-08 22:15:00+00:00,421,0.0,0.0343478708029714,0,0,0
2025-11-08 22:30:00+00:00,421,0.0,0.0313277253531287,0,0,0
2025-11-08 22:45:00+00:00,421,0.0,0.0434710815382937,0,0,0
2025-11-08 23:00:00+00:00,421,0.0,0.0528868906607309,0,0,0
2025-11-08 23:15:00+00:00,421,0.0,0.0500337948264162,0,0,0
2025-11-08 23:30:00+00:00,421,0.0,0.0456092468677375,0,0,0
2025-11-08 23:45:00+00:00,421,0.0,0.045667836294478,0,0,0
2025-11-09 00:00:00+00:00,421,0.0,0.0483671348835992,0,0,0
2025-11-09 00:15:00+00:00,421,0.0,0.0456507477116785,0,0,0
2025-11-09 00:30:00+00:00,421,0.0,0.0526745039887961,0,0,0
2025-11-09 00:45:00+00:00,421,0.0,0.0592040863510838,0,0,0
2025-11-09 01:00:00+00:00,421,0.0,0.0581306443540148,0,0,0
2025-11-09 01:15:00+00:00,421,0.0,0.0587081687033146,0,0,0
2025-11-09 01:30:00+00:00,421,0.0,0.0576514665424578,0,0,0
2025-11-09 01:45:00+00:00,421,0.0,0.061453501842017,0,0,0
2025-11-09 02:00:00+00:00,421,0.0,0.0585153118402939,0,0,0
2025-11-09 02:15:00+00:00,421,0.0,0.0579747546292939,0,0,0
2025-11-09 02:30:00+00:00,421,0.0,0.0618329381294806,0,0,0
2025-11-09 02:45:00+00:00,421,0.0,0.0617590038528792,0,0,0
2025-11-09 03:00:00+00:00,421,0.0,0.0612400689303198,0,0,0
2025-11-09 03:15:00+00:00,421,0.0,0.0613352767487729,0,0,0
2025-11-09 09:30:00+00:00,421,0.0,0.0617774874220291,0,0,0
2025-11-09 09:45:00+00:00,421,0.0,0.0612219341077571,0,0,0
2025-11-09 10:00:00+00:00,421,0.0,0.0633203423261985,0,0,0
2025-11-09 10:15:00+00:00,421,0.0,0.0772098726761862,0,0,0
2025-11-09 10:30:00+00:00,421,0.0,0.1083707290374924,0,0,0
2025-11-09 10:45:00+00:00,421,0.0,0.08719448748323,0,0,0
2025-11-09 11:00:00+00:00,421,0.0,0.0872084373467396,0,0,0
2025-11-09 11:15:00+00:00,421,0.0,0.0906777684015942,0,0,0
2025-11-09 11:30:00+00:00,421,0.0,0.0879687049080173,0,0,0
2025-11-09 11:45:00+00:00,421,0.0,0.0856931334230024,0,0,0
2025-11-09 12:00:00+00:00,421,0.0,0.08164592927226,0,0,0
2025-11-09 12:15:00+00:00,421,0.0,0.0787778373346732,0,0,0
2025-11-09 12:30:00+00:00,421,0.0,0.0763763683314833,0,0,0
2025-11-09 12:45:00+00:00,421,0.0,0.0740470898719571,0,0,0
2025-11-09 13:00:00+00:00,421,0.0,0.0736031354657615,0,0,0
2025-11-09 13:15:00+00:00,421,0.0,0.0737335666895768,0,0,0
2025-11-09 13:30:00+00:00,421,0.0,0.0742144882340731,0,0,0
2025-11-09 13:45:00+00:00,421,0.0,0.0732230016851236,0,0,0
2025-11-09 14:00:00+00:00,421,0.0,0.0715706403524034,0,0,0
2025-11-09 14:15:00+00:00,421,0.0,0.0708197889489952,0,0,0
2025-11-09 14:30:00+00:00,421,0.0,0.0703242200478149,0,0,0
2025-11-09 14:45:00+00:00,421,0.0,0.0715741278182804,0,0,0
2025-11-09 15:00:00+00:00,421,0.0,0.072455759192092,0,0,0
2025-11-09 15:15:00+00:00,421,0.0,0.0722227964714807,0,0,0
2025-11-09 15:30:00+00:00,421,0.0,0.0711298246654976,0,0,0
2025-11-09 15:45:00+00:00,421,0.0,0.0701812339468404,0,0,0
2025-11-09 16:00:00+00:00,421,0.0,0.0709979984553319,0,0,0
2025-11-09 16:15:00+00:00,421,0.0,0.0712724620198841,0,0,0
2025-11-09 16:30:00+00:00,421,0.0,0.073319953236516,0,0,0
2025-11-09 16:45:00+00:00,421,0.0,0.079629476501938,0,0,0
2025-11-09 17:00:00+00:00,421,0.0,0.0874330301492456,0,0,0
2025-11-09 17:15:00+00:00,421,0.0,0.0903220468820977,0,0,0
2025-11-09 17:30:00+00:00,421,0.0,0.0931863026072203,0,0,0
2025-11-09 17:45:00+00:00,421,0.0,0.0926719013903012,0,0,0
2025-11-09 18:00:00+00:00,421,0.0,0.0930213454712181,0,0,0
2025-11-09 18:15:00+00:00,421,0.0,0.0900423521187292,0,0,0
2025-11-09 18:30:00+00:00,421,0.0,0.0870651024991779,0,0,0
2025-11-09 18:45:00+00:00,421,0.0,0.0829662838534499,0,0,0
2025-11-09 19:00:00+00:00,421,0.0,0.0805372638698296,0,0,0
2025-11-09 19:15:00+00:00,421,0.0,0.0798554642907944,0,0,0
2025-11-09 19:30:00+00:00,421,0.0,0.0775662916888579,0,0,0
2025-11-09 19:45:00+00:00,421,0.0,0.0744673295101856,0,0,0
2025-11-09 20:00:00+00:00,421,0.0,0.0754340550514056,0,0,0
2025-11-09 20:15:00+00:00,421,0.0,0.0663903585380882,0,0,0
2025-11-09 20:30:00+00:00,421,0.0,0.0632355969053772,0,0,0
2025-11-09 20:45:00+00:00,421,0.0,0.0681483900868942,0,0,0
2025-11-09 21:00:00+00:00,421,0.0,0.0700654500797099,0,0,0
2025-11-09 21:15:00+00:00,421,0.0,0.0692465930916927,0,0,0
2025-11-09 21:30:00+00:00,421,0.0,0.0697418132462859,0,0,0
2025-11-09 21:45:00+00:00,421,0.0,0.0716815417673055,0,0,0
2025-11-09 22:00:00+00:00,421,0.0,0.0674407832603662,0,0,0
2025-11-09 22:15:00+00:00,421,0.0,0.0678645103644726,0,0,0
2025-11-09 22:30:00+00:00,421,31.19999999944412,0.0727766060528143,0,0,0
2025-11-09 22:45:00+00:00,421,29.900000000452565,24.99483097622513,0,0,0
2025-11-09 23:00:00+00:00,421,20.900000000438013,22.61959050640684,0,0,0
2025-11-09 23:15:00+00:00,421,17.099999999118154,14.664497399314106,0,0,0
2025-11-09 23:30:00+00:00,421,14.100000000325965,12.828959013862267,0,0,0
2025-11-09 23:45:00+00:00,421,11.90000000042346,10.866798414826356,0,0,0
2025-11-10 00:00:00+00:00,421,10.2999999999156,9.551767799044844,0,0,0
2025-11-10 00:15:00+00:00,421,9.399999999914144,9.814707730098792,0,0,0
2025-11-10 00:30:00+00:00,421,9.000000000014552,10.17092935220212,0,0,0
2025-11-10 00:45:00+00:00,421,10.00000000021828,10.418316929175733,0,0,0
2025-11-10 01:00:00+00:00,421,9.1999999995096,10.182995286644807,0,0,0
2025-11-10 01:15:00+00:00,421,9.70000000052096,10.249282248070042,0,0,0
2025-11-10 01:30:00+00:00,421,9.299999999711872,10.345354260567944,0,0,0
2025-11-10 01:45:00+00:00,421,9.900000000016009,10.207145987845918,0,0,0
2025-11-10 02:00:00+00:00,421,9.500000000116415,10.300957424962078,0,0,0
2025-11-10 02:15:00+00:00,421,10.099999999511056,10.46331047019322,0,0,0
2025-11-10 02:30:00+00:00,421,10.600000000522414,10.613152929082313,0,0,0
2025-11-10 02:45:00+00:00,421,10.099999999511056,10.603622382332505,0,0,0
2025-11-10 03:00:00+00:00,421,10.10000000042055,10.115058753859554,0,0,0
2025-11-10 03:15:00+00:00,421,10.00000000021828,10.137739836939922,0,0,0
2025-11-10 03:30:00+00:00,421,10.099999999511056,10.054170389612558,0,0,0
2025-11-10 03:45:00+00:00,421,9.000000000014552,10.020301515997438,0,0,0
2025-11-10 04:00:00+00:00,421,10.10000000042055,10.05060480449949,0,0,0
2025-11-10 04:15:00+00:00,421,9.699999999611464,10.347750847118904,0,0,0
2025-11-10 04:30:00+00:00,421,10.10000000042055,10.356222599228325,0,0,0
2025-11-10 04:45:00+00:00,421,10.199999999713327,10.16039441527962,0,0,0
2025-11-10 05:00:00+00:00,421,9.799999999813735,10.00717469443484,0,0,0
2025-11-10 05:15:00+00:00,421,10.00000000021828,10.173722114876757,0,0,0
2025-11-10 05:30:00+00:00,421,10.40000000011787,10.231901415630173,0,0,0
2025-11-10 05:45:00+00:00,421,12.79999999951542,10.10808382210472,0,0,0
2025-11-10 06:00:00+00:00,421,17.800000000534055,15.91400899365659,0,0,0
2025-11-10 06:15:00+00:00,421,22.29999999963184,21.8375444182187,0,0,0
2025-11-10 06:30:00+00:00,421,16.80000000033033,17.97253106485823,0,0,0
2025-11-10 06:45:00+00:00,421,14.599999999518332,13.547481608586438,0,0,0
2025-11-10 07:00:00+00:00,421,13.6000000002241,12.67857599776218,0,0,0
2025-11-10 07:15:00+00:00,421,11.999999999716238,12.15679321056707,0,0,0
2025-11-10 07:30:00+00:00,421,12.400000000525324,11.503980052918834,0,0,0
2025-11-10 07:45:00+00:00,421,13.699999999516876,11.957396651532592,0,0,0
2025-11-10 08:00:00+00:00,421,15.10000000052969,12.933901047072789,0,0,0
2025-11-10 08:15:00+00:00,421,16.099999999823922,14.88458300091977,0,0,0
2025-11-10 08:30:00+00:00,421,13.399999999819556,14.686997831662024,0,0,0
2025-11-10 08:45:00+00:00,421,14.000000000123691,13.995150165941038,0,0,0
2025-11-10 09:00:00+00:00,421,13.799999999719148,13.603109479303937,0,0,0
2025-11-10 09:15:00+00:00,421,13.89999999992142,13.728499919940104,0,0,0
2025-11-10 09:30:00+00:00,421,14.500000000225556,13.881400886403686,0,0,0
2025-11-10 09:45:00+00:00,421,13.6000000002241,13.907164191826515,0,0,0
2025-11-10 10:00:00+00:00,421,13.799999999719148,13.78757340694449,0,0,0
2025-11-10 10:15:00+00:00,421,15.300000000024738,14.208988321173898,0,0,0
2025-11-10 10:30:00+00:00,421,13.100000000122236,14.200488669337458,0,0,0
2025-11-10 10:45:00+00:00,421,12.09999999991851,13.57005527771778,0,0,0
2025-11-10 11:00:00+00:00,421,12.700000000222644,12.550928469210149,0,0,0
2025-11-10 11:15:00+00:00,421,11.700000000018916,12.224408198998423,0,0,0
2025-11-10 11:30:00+00:00,421,11.899999999513966,11.924427544113843,0,0,0
2025-11-10 11:45:00+00:00,421,10.40000000011787,11.637782261251331,0,0,0
2025-11-10 12:00:00+00:00,421,11.700000000018916,11.286439603910509,0,0,0
2025-11-10 12:15:00+00:00,421,12.300000000323053,11.274845872347624,0,0,0
2025-11-10 12:30:00+00:00,421,12.4999999998181,11.045872115206777,0,0,0
2025-11-10 12:45:00+00:00,421,10.10000000042055,11.142378665953002,0,0,0
2025-11-10 13:00:00+00:00,421,9.699999999611464,10.795042409412154,0,0,0
2025-11-10 13:15:00+00:00,421,10.900000000219734,10.313848493831362,0,0,0
2025-11-10 13:30:00+00:00,421,10.2999999999156,10.32035471017227,0,0,0
2025-11-10 13:45:00+00:00,421,10.199999999713327,10.258306414774443,0,0,0
2025-11-10 14:00:00+00:00,421,10.199999999713327,10.356283281134592,0,0,0
2025-11-10 14:15:00+00:00,421,9.500000000116415,10.182393350034364,0,0,0
2025-11-10 14:30:00+00:00,421,10.600000000522414,9.683968911793016,0,0,0
2025-11-10 14:45:00+00:00,421,9.399999999914144,9.527904116285445,0,0,0
2025-11-10 15:00:00+00:00,421,8.399999999710417,9.708718759631868,0,0,0
2025-11-10 15:15:00+00:00,421,9.70000000052096,9.613799703353042,0,0,0
2025-11-10 15:30:00+00:00,421,10.59999999961292,9.555553443254778,0,0,0
2025-11-10 15:45:00+00:00,421,10.40000000011787,10.129437575672142,0,0,0
2025-11-10 16:00:00+00:00,421,11.499999999614374,10.68698746415945,0,0,0
2025-11-10 16:15:00+00:00,421,14.300000000730506,11.595784104675952,0,0,0
2025-11-10 16:30:00+00:00,421,13.399999999819556,12.51349959042736,0,0,0
2025-11-10 16:45:00+00:00,421,13.500000000021828,12.460681222220709,0,0,0
2025-11-10 17:00:00+00:00,421,14.000000000123691,12.776042299117872,0,0,0
2025-11-10 17:15:00+00:00,421,14.400000000023285,12.95029492666935,0,0,0
2025-11-10 17:30:00+00:00,421,14.099999999416468,12.828367539649456,0,0,0
2025-11-10 17:45:00+00:00,421,13.399999999819556,12.577209314569185,0,0,0
2025-11-10 18:00:00+00:00,421,12.000000000625732,12.58103994708894,0,0,0
2025-11-10 18:15:00+00:00,421,12.69999999931315,12.513380319094352,0,0,0
2025-11-10 18:30:00+00:00,421,12.300000000323053,12.306204618673709,0,0,0
2025-11-10 18:45:00+00:00,421,12.20000000012078,11.707496704140892,0,0,0
2025-11-10 19:00:00+00:00,421,12.600000000020373,11.573433633360764,0,0,0
2025-11-10 19:15:00+00:00,421,11.800000000221187,11.662429577593386,0,0,0
2025-11-10 19:30:00+00:00,421,11.700000000018916,11.139842580766944,0,0,0
2025-11-10 19:45:00+00:00,421,2.300000000104774,2.0142579274219945,0,0,0
2025-11-10 20:00:00+00:00,421,3.6999999992985977,1.1901896191439203,0,0,0
2025-11-10 20:15:00+00:00,421,5.9000000001105946,4.276396108013182,0,0,0
2025-11-10 20:30:00+00:00,421,7.000000000516593,6.256620668664363,0,0,0
2025-11-10 20:45:00+00:00,421,7.2000000000116415,7.419739712051717,0,0,0
2025-11-10 21:00:00+00:00,421,7.8999999996085535,7.946396581557104,0,0,0
2025-11-10 21:15:00+00:00,421,8.100000000013097,8.311305829907665,0,0,0
2025-11-10 21:30:00+00:00,421,8.700000000317232,8.445834128635841,0,0,0
2025-11-10 21:45:00+00:00,421,8.699999999407737,8.126986632101024,0,0,0
2025-11-10 22:00:00+00:00,421,8.200000000215368,8.308629548593336,0,0,0
2025-11-10 22:15:00+00:00,421,8.100000000013097,8.474230819542708,0,0,0
2025-11-10 22:30:00+00:00,421,8.100000000013097,8.32910934321188,0,0,0
2025-11-10 22:45:00+00:00,421,7.599999999911233,8.209164929289884,0,0,0
2025-11-10 23:00:00+00:00,421,8.100000000013097,8.096360753005314,0,0,0
2025-11-10 23:15:00+00:00,421,8.200000000215368,8.207121623032306,0,0,0
2025-11-10 23:30:00+00:00,421,8.100000000013097,8.21830278738189,0,0,0
2025-11-10 23:45:00+00:00,421,8.100000000013097,8.042308170624644,0,0,0
2025-11-11 00:00:00+00:00,421,8.200000000215368,8.004644934134895,0,0,0
2025-11-11 00:15:00+00:00,421,8.100000000013097,8.159311604572212,0,0,0
2025-11-11 00:30:00+00:00,421,8.60000000011496,8.203412005578498,0,0,0
2025-11-11 00:45:00+00:00,421,8.599999999205465,8.189161522510197,0,0,0
2025-11-11 01:00:00+00:00,421,8.100000000013097,8.163363691175181,0,0,0
2025-11-11 01:15:00+00:00,421,8.60000000011496,8.164851792865075,0,0,0
2025-11-11 01:30:00+00:00,421,7.999999999810825,8.195226923164201,0,0,0
2025-11-11 01:45:00+00:00,421,8.60000000011496,8.121347748523828,0,0,0
2025-11-11 02:00:00+00:00,421,8.00000000072032,8.104130129487022,0,0,0
2025-11-11 02:15:00+00:00,421,7.999999999810825,8.104338679946492,0,0,0
2025-11-11 02:30:00+00:00,421,7.999999999810825,8.09388290849941,0,0,0
2025-11-11 02:45:00+00:00,421,8.499999999912689,8.064563085374791,0,0,0
2025-11-11 03:00:00+00:00,421,8.499999999912689,8.088806901914829,0,0,0
2025-11-11 03:15:00+00:00,421,8.60000000011496,8.17630811827239,0,0,0
2025-11-11 03:30:00+00:00,421,7.8999999996085535,8.147043397108636,0,0,0
2025-11-11 03:45:00+00:00,421,8.00000000072032,8.06683795936663,0,0,0
2025-11-11 04:00:00+00:00,421,7.999999999810825,8.00531417883677,0,0,0
2025-11-11 04:15:00+00:00,421,7.499999999708962,8.084139277584494,0,0,0
2025-11-11 04:30:00+00:00,421,8.100000000013097,8.028159172813377,0,0,0
2025-11-11 04:45:00+00:00,421,7.499999999708962,7.944567405704399,0,0,0
2025-11-11 05:00:00+00:00,421,8.100000000013097,7.875802599773259,0,0,0
2025-11-11 05:15:00+00:00,421,7.500000000618456,8.22080469540235,1,0,1
2025-11-11 05:30:00+00:00,421,5.9000000001105946,8.216311444365887,1,0,1
2025-11-11 05:45:00+00:00,421,0.0,7.83535183180769,1,0,1
2025-11-11 06:00:00+00:00,421,0.0,7.202650192381341,1,0,1
2025-11-11 06:15:00+00:00,421,20.39999999942665,6.597116958379832,1,0,1
2025-11-11 06:30:00+00:00,421,12.000000000625732,23.42571405901267,0,0,0
2025-11-11 06:45:00+00:00,421,25.799999999435386,7.778650519093122,0,0,0
2025-11-11 07:00:00+00:00,421,19.60000000053697,19.665740387907285,0,0,0
2025-11-11 07:15:00+00:00,421,13.699999999516876,14.891437266355243,0,0,0
2025-11-11 07:30:00+00:00,421,11.599999999816646,12.028803212865874,0,0,0
2025-11-11 07:45:00+00:00,421,10.10000000042055,10.836251003712889,0,0,0
2025-11-11 08:00:00+00:00,421,12.09999999991851,10.732729066607648,0,0,0
2025-11-11 08:15:00+00:00,421,10.40000000011787,12.349508482473592,0,0,0
2025-11-11 08:30:00+00:00,421,10.500000000320142,10.780004456548737,0,0,0
2025-11-11 08:45:00+00:00,421,11.599999999816646,10.691642533612626,0,0,0
2025-11-11 09:00:00+00:00,421,11.799999999311694,10.606328655853382,0,0,0
2025-11-11 09:15:00+00:00,421,12.900000000627188,10.767397267401872,0,0,0
2025-11-11 09:30:00+00:00,421,11.300000000119326,11.116567233501064,0,0,0
2025-11-11 09:45:00+00:00,421,10.69999999981519,11.031581177534296,0,0,0
2025-11-11 10:00:00+00:00,421,9.799999999813735,11.123493340733614,0,0,0
2025-11-11 10:15:00+00:00,421,9.699999999611464,11.292815389027602,0,0,0
2025-11-11 10:30:00+00:00,421,8.60000000011496,10.952002088663876,0,0,0
2025-11-11 10:45:00+00:00,421,9.70000000052096,10.557818702991687,0,0,0
2025-11-11 11:00:00+00:00,421,10.40000000011787,10.244757609840685,0,0,0
2025-11-11 11:15:00+00:00,421,10.40000000011787,10.21739355758012,0,0,0
2025-11-11 11:30:00+00:00,421,9.299999999711872,10.05030209246133,0,0,0
2025-11-11 11:45:00+00:00,421,9.1999999995096,9.990243047599984,0,0,0
2025-11-11 12:00:00+00:00,421,10.00000000021828,9.806157510007129,0,0,0
2025-11-11 12:15:00+00:00,421,11.300000000119326,9.993192048745929,0,0,0
2025-11-11 12:30:00+00:00,421,11.300000000119326,10.4115638002507,0,0,0
2025-11-11 12:45:00+00:00,421,8.60000000011496,10.838369290486831,0,0,0
2025-11-11 13:00:00+00:00,421,7.499999999708962,9.865947671249325,0,0,0
2025-11-11 13:15:00+00:00,421,7.09999999980937,8.323579966063233,0,0,0
2025-11-11 13:30:00+00:00,421,7.09999999980937,7.67314944510245,0,0,0
2025-11-11 13:45:00+00:00,421,6.700000000819273,7.844909580791338,0,0,0
2025-11-11 14:00:00+00:00,421,8.100000000013097,7.962609810421214,0,0,0
2025-11-11 14:15:00+00:00,421,7.69999999920401,7.930307157731642,0,0,0
2025-11-11 14:30:00+00:00,421,8.900000000721775,7.881516115120231,0,0,0
2025-11-11 14:45:00+00:00,421,8.399999999710417,8.152475822705888,0,0,0
2025-11-11 15:00:00+00:00,421,8.399999999710417,8.37417716725256,0,0,0
2025-11-11 15:15:00+00:00,421,9.70000000052096,8.323782587830712,0,0,0
2025-11-11 15:30:00+00:00,421,10.40000000011787,8.759321738863656,0,0,0
2025-11-11 15:45:00+00:00,421,9.900000000016009,9.911974548406295,0,0,0
2025-11-11 16:00:00+00:00,421,8.799999999610009,10.46316399662637,0,0,0
2025-11-11 16:15:00+00:00,421,9.100000000216824,9.859926910158553,0,0,0
2025-11-11 16:30:00+00:00,421,9.500000000116415,9.71083076896723,0,0,0
2025-11-11 16:45:00+00:00,421,9.900000000016009,9.56662405493605,0,0,0
2025-11-11 17:00:00+00:00,421,9.599999999409192,9.770146983596687,0,0,0
2025-11-11 17:15:00+00:00,421,9.200000000419095,9.857526836141714,0,0,0
2025-11-11 17:30:00+00:00,421,9.500000000116415,9.767844209877827,0,0,0
2025-11-11 17:45:00+00:00,421,9.900000000016009,9.73810589084792,0,0,0
2025-11-11 18:00:00+00:00,421,10.099999999511056,9.98352758330643,0,0,0
2025-11-11 18:15:00+00:00,421,10.00000000021828,10.200491902951809,0,0,0
2025-11-11 18:30:00+00:00,421,9.399999999914144,10.197905598257115,0,0,0
2025-11-11 18:45:00+00:00,421,10.199999999713327,9.645192476195197,0,0,0
2025-11-11 19:00:00+00:00,421,10.200000000622822,9.268094185856476,0,0,0
2025-11-11 19:15:00+00:00,421,9.799999999813735,9.28344810312839,0,0,0
2025-11-11 19:30:00+00:00,421,9.299999999711872,9.121819055813395,0,0,0
2025-11-11 19:45:00+00:00,421,0.0,2.383534180544258,0,0,0
2025-11-11 20:00:00+00:00,421,0.0,0.1998867161131361,0,0,0
2025-11-11 20:15:00+00:00,421,0.0,0.0746068281452823,0,0,0
2025-11-11 20:30:00+00:00,421,0.0,0.0690136303710815,0,0,0
2025-11-11 20:45:00+00:00,421,0.0,0.3750105126407934,0,0,0
2025-11-11 21:00:00+00:00,421,0.0,0.1626231432129383,0,0,0
2025-11-11 21:15:00+00:00,421,0.0,-0.0308255427676051,0,0,0
2025-11-11 21:30:00+00:00,421,0.0,-0.0491804244270372,0,0,0
2025-11-11 21:45:00+00:00,421,0.0,0.0267204341824731,0,0,0
2025-11-11 22:00:00+00:00,421,16.50000000063301,0.0411843501624717,0,0,0
2025-11-11 22:15:00+00:00,421,17.599999999220017,19.644757003216046,0,0,0
2025-11-11 22:30:00+00:00,421,14.200000000528236,13.83558813965159,0,0,0
2025-11-11 22:45:00+00:00,421,10.69999999981519,12.4595889479079,0,0,0
2025-11-11 23:00:00+00:00,421,9.000000000014552,10.425827535689336,0,0,0
2025-11-11 23:15:00+00:00,421,7.400000000416185,8.576455070594958,0,0,0
2025-11-11 23:30:00+00:00,421,7.799999999406282,7.93349784026289,0,0,0
2025-11-11 23:45:00+00:00,421,7.400000000416185,7.855176680334453,0,0,0
2025-11-12 00:00:00+00:00,421,6.899999999404827,7.887194755808428,0,0,0
2025-11-12 00:15:00+00:00,421,7.400000000416185,7.792707099058638,0,0,0
2025-11-12 00:30:00+00:00,421,7.499999999708962,7.8446487183437075,0,0,0
2025-11-12 00:45:00+00:00,421,7.999999999810825,7.900089660890177,0,0,0
2025-11-12 01:00:00+00:00,421,8.700000000317232,7.950592351754224,0,0,0
2025-11-12 01:15:00+00:00,421,8.200000000215368,8.053252536041153,0,0,0
2025-11-12 01:30:00+00:00,421,8.200000000215368,8.115390459312025,0,0,0
2025-11-12 01:45:00+00:00,421,8.199999999305874,8.12594353105709,0,0,0
2025-11-12 02:00:00+00:00,421,7.700000000113505,8.148322599592472,0,0,0
2025-11-12 02:15:00+00:00,421,8.200000000215368,8.122694956592275,0,0,0
2025-11-12 02:30:00+00:00,421,8.799999999610009,8.110995903559893,0,0,0
2025-11-12 02:45:00+00:00,421,8.200000000215368,8.136406974929102,0,0,0
2025-11-12 03:00:00+00:00,421,8.200000000215368,8.151910504487159,0,0,0
2025-11-12 03:15:00+00:00,421,8.200000000215368,8.156010369372648,0,0,0
2025-11-12 03:30:00+00:00,421,7.599999999911233,8.155562230007401,0,0,0
2025-11-12 03:45:00+00:00,421,8.100000000013097,8.177102562999266,0,0,0
2025-11-12 04:00:00+00:00,421,8.200000000215368,8.255319796444557,0,0,0
2025-11-12 04:15:00+00:00,421,8.100000000013097,8.392397083982535,0,0,0
2025-11-12 04:30:00+00:00,421,7.999999999810825,8.316813236021282,0,0,0
2025-11-12 04:45:00+00:00,421,8.100000000013097,8.194661256198884,0,0,0
2025-11-12 05:00:00+00:00,421,8.100000000013097,8.228717057985033,0,0,0
2025-11-12 05:15:00+00:00,421,8.499999999912689,8.397407177462032,0,0,0
2025-11-12 05:30:00+00:00,421,8.60000000011496,8.45607123597241,0,0,0
2025-11-12 05:45:00+00:00,421,8.60000000011496,8.41118545765053,0,0,0
2025-11-12 06:00:00+00:00,421,8.499999999912689,11.960515841013354,0,0,0
2025-11-12 06:15:00+00:00,421,21.29999999942811,20.510885893708704,0,0,0
2025-11-12 06:30:00+00:00,421,12.800000000424916,19.59906004033108,0,0,0
2025-11-12 06:45:00+00:00,421,16.999999999825377,14.6873598306201,0,0,0
2025-11-12 07:00:00+00:00,421,15.50000000042928,15.622205748761376,0,0,0
2025-11-12 07:15:00+00:00,421,12.4999999998181,12.675245467849246,0,0,0
2025-11-12 07:30:00+00:00,421,11.599999999816646,11.447026945167917,0,0,0
2025-11-12 07:45:00+00:00,421,10.2999999999156,10.704783305038733,0,0,0
2025-11-12 08:00:00+00:00,421,10.10000000042055,10.674787611027073,0,0,0
2025-11-12 08:15:00+00:00,421,11.399999999412104,11.436489218272715,0,0,0
2025-11-12 08:30:00+00:00,421,11.400000000321596,10.935527299858958,0,0,0
2025-11-12 08:45:00+00:00,421,11.499999999614374,10.949761740584222,0,0,0
2025-11-12 09:00:00+00:00,421,9.900000000016009,10.723048558825116,0,0,0
2025-11-12 09:15:00+00:00,421,10.10000000042055,10.388703461424234,0,0,0
2025-11-12 09:30:00+00:00,421,10.099999999511056,9.982108184694322,0,0,0
2025-11-12 09:45:00+00:00,421,9.70000000052096,9.712428725832265,0,0,0
2025-11-12 10:00:00+00:00,421,9.599999999409192,9.656275642753627,0,0,0
2025-11-12 10:15:00+00:00,421,10.200000000622822,9.933816547196557,0,0,0
2025-11-12 10:30:00+00:00,421,10.199999999713327,9.681836675155566,0,0,0
2025-11-12 10:45:00+00:00,421,10.40000000011787,9.410476955233769,0,0,0
2025-11-12 11:00:00+00:00,421,8.799999999610009,9.11490341097848,0,0,0
2025-11-12 11:15:00+00:00,421,7.700000000113505,8.876429448040959,0,0,0
2025-11-12 11:30:00+00:00,421,7.09999999980937,8.410997831986325,0,0,0
2025-11-12 11:45:00+00:00,421,7.100000000718865,7.962244323997261,0,0,0
2025-11-12 12:00:00+00:00,421,7.700000000113505,7.718162515928855,0,0,0
2025-11-12 12:15:00+00:00,421,7.2000000000116415,7.861097002407956,0,0,0
2025-11-12 12:30:00+00:00,421,7.799999999406282,7.502199796483472,0,0,0
2025-11-12 12:45:00+00:00,421,6.600000000617001,7.400507383977526,0,0,0
2025-11-12 13:00:00+00:00,421,6.099999999605643,7.1236957086495645,0,0,0
2025-11-12 13:15:00+00:00,421,6.5999999997075065,6.869771051262031,0,0,0
2025-11-12 13:30:00+00:00,421,6.600000000617001,6.751257370216248,0,0,0
2025-11-12 13:45:00+00:00,421,5.499999999301508,6.758521238519025,0,0,0
2025-11-12 14:00:00+00:00,421,6.600000000617001,6.693277901257607,0,0,0
2025-11-12 14:15:00+00:00,421,6.499999999505235,6.565022856149729,0,0,0
2025-11-12 14:30:00+00:00,421,7.000000000516593,6.45188859121986,0,0,0
2025-11-12 14:45:00+00:00,421,6.899999999404827,6.404012659654683,0,0,0
2025-11-12 15:00:00+00:00,421,6.400000000212458,6.757820257877665,0,0,0
2025-11-12 15:15:00+00:00,421,7.400000000416185,7.061606958647563,0,0,0
2025-11-12 15:30:00+00:00,421,8.89999999981228,7.389948034793884,0,0,0
2025-11-12 15:45:00+00:00,421,7.799999999406282,8.423529343123647,0,0,0
2025-11-12 16:00:00+00:00,421,7.800000000315777,8.899794771926476,0,0,0
2025-11-12 16:15:00+00:00,421,9.900000000016009,8.551864251200119,0,0,0
2025-11-12 16:30:00+00:00,421,9.500000000116415,8.945471158762768,0,0,0
2025-11-12 16:45:00+00:00,421,9.200000000419095,9.255804704851046,0,0,0
2025-11-12 17:00:00+00:00,421,8.499999999912689,9.443845377495478,0,0,0
2025-11-12 17:15:00+00:00,421,8.699999999407737,9.159440791459206,0,0,0
2025-11-12 17:30:00+00:00,421,8.89999999981228,8.835820000377968,0,0,0
2025-11-12 17:45:00+00:00,421,8.200000000215368,8.592671786924946,0,0,0
2025-11-12 18:00:00+00:00,421,8.499999999912689,8.602375311982271,0,0,0
2025-11-12 18:15:00+00:00,421,9.500000000116415,8.638194376516044,0,0,0
2025-11-12 18:30:00+00:00,421,9.799999999813735,8.629507099015399,0,0,0
2025-11-12 18:45:00+00:00,421,8.800000000519503,8.309249271279754,0,0,0
2025-11-12 19:00:00+00:00,421,8.299999999508145,8.189221506923289,0,0,0
2025-11-12 19:15:00+00:00,421,8.400000000619912,8.267773188346224,0,0,0
2025-11-12 19:30:00+00:00,421,8.100000000013097,8.150010881823729,0,0,0
2025-11-12 19:45:00+00:00,421,0.0,1.5439696663864697,0,0,0
2025-11-12 20:00:00+00:00,421,0.0,0.1216872687438206,0,0,0
2025-11-12 20:15:00+00:00,421,0.0,0.0273708465686111,0,0,0
2025-11-12 20:30:00+00:00,421,0.0,-0.0216834997165449,0,0,0
2025-11-12 20:45:00+00:00,421,0.0,-0.0306072274036788,0,0,0
2025-11-12 21:00:00+00:00,421,0.0,-0.0385080813489659,0,0,0
2025-11-12 21:15:00+00:00,421,0.0,-0.0108584056330434,0,0,0
2025-11-12 21:30:00+00:00,421,0.0,0.0145659181065003,0,0,0
2025-11-12 21:45:00+00:00,421,0.0,-0.0175048181022239,0,0,0
2025-11-12 22:00:00+00:00,421,0.0,0.0429294780875304,0,0,0
2025-11-12 22:15:00+00:00,421,0.0,0.0826332308621573,0,0,0
2025-11-12 22:30:00+00:00,421,0.0,0.0953945660008006,0,0,0
2025-11-12 22:45:00+00:00,421,0.0,0.0883927807587108,0,0,0
2025-11-12 23:00:00+00:00,421,0.0,0.0888168566094043,0,0,0
2025-11-12 23:15:00+00:00,421,0.0,0.0873559571533544,0,0,0
2025-11-12 23:30:00+00:00,421,0.0,0.0836916767559534,0,0,0
2025-11-12 23:45:00+00:00,421,0.0,0.0842705960916045,0,0,0
2025-11-13 00:00:00+00:00,421,0.0,0.0806488627779069,0,0,0
2025-11-13 00:15:00+00:00,421,0.0,0.0774323729991657,0,0,0
2025-11-13 00:30:00+00:00,421,0.0,0.0716546882800495,0,0,0
2025-11-13 00:45:00+00:00,421,0.0,0.0646459281062048,0,0,0
2025-11-13 01:00:00+00:00,421,0.0,0.0627480491757142,0,0,0
2025-11-13 01:15:00+00:00,421,0.0,0.0680078452120342,0,0,0
2025-11-13 01:30:00+00:00,421,0.0,0.0697086823204502,0,0,0
2025-11-13 01:45:00+00:00,421,0.0,0.0688322821454558,0,0,0
2025-11-13 02:00:00+00:00,421,0.0,0.0682331355077154,0,0,0
2025-11-13 02:15:00+00:00,421,0.0,0.068208723246574,0,0,0
2025-11-13 02:30:00+00:00,421,0.0,0.0678132446160741,0,0,0
2025-11-13 02:45:00+00:00,421,0.0,0.0672733848982503,0,0,0
2025-11-13 03:00:00+00:00,421,0.0,0.0673654539974144,0,0,0
2025-11-13 03:15:00+00:00,421,0.0,0.0673616177849494,0,0,0
2025-11-13 03:30:00+00:00,421,0.0,0.0652687895119115,0,0,0
2025-11-13 03:45:00+00:00,421,0.0,0.0646288395234053,0,0,0
2025-11-13 04:00:00+00:00,421,0.0,0.0634106676924233,0,0,0
2025-11-13 04:15:00+00:00,421,0.0,0.0645828049738233,0,0,0
2025-11-13 04:30:00+00:00,421,0.0,0.0660304520595396,0,0,0
2025-11-13 04:45:00+00:00,421,0.0,0.0660269645936617,0,0,0
2025-11-13 05:00:00+00:00,421,0.0,0.065399918228902,0,0,0
2025-11-13 05:15:00+00:00,421,0.0,0.1057464109647368,0,0,0
2025-11-13 05:30:00+00:00,421,0.0,0.08086613190207,0,0,0
2025-11-13 05:45:00+00:00,421,0.0,0.079130768881467,0,0,0
2025-11-13 06:00:00+00:00,421,0.0,7.3186645810060735,0,0,0
2025-11-13 06:15:00+00:00,421,29.099999999743886,28.32159721598321,0,0,0
2025-11-13 06:30:00+00:00,421,16.999999999825377,27.758176178691272,0,0,0
2025-11-13 06:45:00+00:00,421,34.30000000025757,22.695759551142327,0,0,0
2025-11-13 07:00:00+00:00,421,24.19999999983702,23.9913600995344,0,0,0
2025-11-13 07:15:00+00:00,421,16.899999999623105,18.29960932961033,0,0,0
2025-11-13 07:30:00+00:00,421,12.900000000627188,12.62563975320887,0,0,0
2025-11-13 07:45:00+00:00,421,11.199999999917054,11.158035992756252,0,0,0
2025-11-13 08:00:00+00:00,421,11.300000000119326,9.275516210736791,0,0,0
2025-11-13 08:15:00+00:00,421,10.499999999410647,9.572399298429051,0,0,0
2025-11-13 08:30:00+00:00,421,9.80000000072323,9.415238043649618,0,0,0
2025-11-13 08:45:00+00:00,421,9.799999999813735,9.307519290107496,0,0,0
2025-11-13 09:00:00+00:00,421,9.100000000216824,9.27261324414043,0,0,0
2025-11-13 09:15:00+00:00,421,7.999999999810825,9.019115626949588,0,0,0
2025-11-13 09:30:00+00:00,421,8.799999999610009,8.79365653792,0,0,0
2025-11-13 09:45:00+00:00,421,8.60000000011496,8.272369668372658,0,0,0
2025-11-13 10:00:00+00:00,421,8.700000000317232,8.056150271438698,0,0,0
2025-11-13 10:15:00+00:00,421,8.199999999305874,8.32357891982347,0,0,0
2025-11-13 10:30:00+00:00,421,7.800000000315777,8.01375524124647,0,0,0
2025-11-13 10:45:00+00:00,421,7.700000000113505,7.832814351635282,0,0,0
2025-11-13 11:00:00+00:00,421,7.300000000213913,7.496496743534131,0,0,0
2025-11-13 11:15:00+00:00,421,6.699999999909778,7.222287415243899,0,0,0
2025-11-13 11:30:00+00:00,421,8.299999999508145,6.915049866988296,0,0,0
2025-11-13 11:45:00+00:00,421,6.600000000617001,6.713076419416995,0,0,0
2025-11-13 12:00:00+00:00,421,5.999999999403372,6.672829145085373,0,0,0
2025-11-13 12:15:00+00:00,421,5.500000000211003,6.51442460872064,0,0,0
2025-11-13 12:30:00+00:00,421,5.500000000211003,6.332042175089022,0,0,0
2025-11-13 12:45:00+00:00,421,6.499999999505235,6.202090303458487,0,0,0
2025-11-13 13:00:00+00:00,421,6.100000000515138,6.251177606296184,0,0,0
2025-11-13 13:15:00+00:00,421,6.499999999505235,6.158746856920894,0,0,0
2025-11-13 13:30:00+00:00,421,6.900000000314321,6.099097066180264,0,0,0
2025-11-13 13:45:00+00:00,421,7.000000000516593,6.231295388955737,0,0,0
2025-11-13 14:00:00+00:00,421,6.999999999607098,6.575538612009903,0,0,0
2025-11-13 14:15:00+00:00,421,6.000000000312866,6.743705611605289,0,0,0
2025-11-13 14:30:00+00:00,421,6.499999999505235,6.648533365303762,0,0,0
2025-11-13 14:45:00+00:00,421,7.400000000416185,6.826807738505078,0,0,0
2025-11-13 15:00:00+00:00,421,7.499999999708962,7.005759377579787,0,0,0
2025-11-13 15:15:00+00:00,421,6.80000000011205,7.079402799526846,0,0,0
2025-11-13 15:30:00+00:00,421,6.80000000011205,6.9314254373890005,0,0,0
2025-11-13 15:45:00+00:00,421,7.39999999950669,6.812218971246668,0,0,0
2025-11-13 16:00:00+00:00,421,7.300000000213913,7.012849744455163,0,0,0
2025-11-13 16:15:00+00:00,421,8.399999999710417,7.150824705709989,0,0,0
2025-11-13 16:30:00+00:00,421,7.400000000416185,7.639610137012745,0,0,0
2025-11-13 16:45:00+00:00,421,7.39999999950669,7.586813042347945,0,0,0
2025-11-13 17:00:00+00:00,421,7.300000000213913,7.538507106240083,0,0,0
2025-11-13 17:15:00+00:00,421,6.80000000011205,7.475353632905707,0,0,0
2025-11-13 17:30:00+00:00,421,6.900000000314321,7.301606339159866,0,0,0
2025-11-13 17:45:00+00:00,421,6.300000000010186,6.95186006932443,0,0,0
2025-11-13 18:00:00+00:00,421,6.300000000010186,6.716626136560324,0,0,0
2025-11-13 18:15:00+00:00,421,7.300000000213913,6.644598283180979,0,0,0
2025-11-13 18:30:00+00:00,421,7.8999999996085535,6.663329811155172,0,0,0
2025-11-13 18:45:00+00:00,421,7.8999999996085535,6.5124911576382,0,0,0
2025-11-13 19:00:00+00:00,421,7.2000000000116415,6.522926178663313,0,0,0
2025-11-13 20:45:00+00:00,421,0.0,6.509004738000547,0,0,0
2025-11-13 21:00:00+00:00,421,0.0,0.0631975835273133,0,0,0
2025-11-13 21:15:00+00:00,421,0.0,0.1868456862111243,0,0,0
2025-11-13 21:30:00+00:00,421,0.0,0.0322062180076496,0,0,0
2025-11-13 21:45:00+00:00,421,0.0,0.0356957763645926,0,0,0
2025-11-13 22:00:00+00:00,421,0.0,0.0401335766936057,0,0,0
2025-11-13 22:15:00+00:00,421,0.0,0.0412164348485433,0,0,0
2025-11-13 22:30:00+00:00,421,0.0,0.0395829058315619,0,0,0
2025-11-13 22:45:00+00:00,421,0.0,0.0430020173777805,0,0,0
2025-11-13 23:00:00+00:00,421,0.0,0.0419822823552245,0,0,0
2025-11-13 23:15:00+00:00,421,0.0,0.0418867257901833,0,0,0
2025-11-13 23:30:00+00:00,421,0.0,0.0421674667933151,0,0,0
2025-11-13 23:45:00+00:00,421,0.0,0.0377743060275328,0,0,0
2025-11-14 00:00:00+00:00,421,0.0,0.0415233318457559,0,0,0
2025-11-14 00:15:00+00:00,421,0.0,0.0440255886128024,0,0,0
2025-11-14 00:30:00+00:00,421,0.0,0.0440301223184436,0,0,0
2025-11-14 00:45:00+00:00,421,0.0,0.0452667777185755,0,0,0
2025-11-14 01:00:00+00:00,421,0.0,0.0454760256712205,0,0,0
2025-11-14 01:15:00+00:00,421,0.0,0.0456894585829186,0,0,0
2025-11-14 01:30:00+00:00,421,0.0,0.045964968387234,0,0,0
2025-11-14 01:45:00+00:00,421,0.0,0.0464783233643899,0,0,0
2025-11-14 02:00:00+00:00,421,0.0,0.0472448683642463,0,0,0
2025-11-14 02:15:00+00:00,421,0.0,0.0477861230684215,0,0,0
2025-11-14 02:30:00+00:00,421,0.0,0.0478649397972512,0,0,0
2025-11-14 02:45:00+00:00,421,0.0,0.0477114912986449,0,0,0
2025-11-14 03:00:00+00:00,421,0.0,0.0475277018469046,0,0,0
2025-11-14 03:15:00+00:00,421,0.0,0.0481324284300486,0,0,0
2025-11-14 03:30:00+00:00,421,0.0,0.0486691494285835,0,0,0
2025-11-14 03:45:00+00:00,421,0.0,0.0489613990691104,0,0,0
2025-11-14 04:00:00+00:00,421,0.0,0.0495218348356116,0,0,0
2025-11-14 04:15:00+00:00,421,0.0,0.0510755008840009,0,0,0
2025-11-14 04:30:00+00:00,421,0.0,0.0526106833632393,0,0,0
2025-11-14 04:45:00+00:00,421,0.0,0.0535962412201973,0,0,0
2025-11-14 05:00:00+00:00,421,0.0,0.0547373400552881,0,0,0
2025-11-14 05:15:00+00:00,421,0.0,0.0620889181248829,0,0,0
2025-11-14 05:30:00+00:00,421,0.0,0.0676566573981789,0,0,0
2025-11-14 05:45:00+00:00,421,0.0,0.0718447551703684,0,0,0
2025-11-14 10:00:00+00:00,421,9.299999999711872,5.20268254248156,0,0,0
2025-11-14 10:15:00+00:00,421,9.200000000419095,24.364524528363397,0,0,0
2025-11-14 10:30:00+00:00,421,9.399999999914144,14.243819735371185,0,0,0
2025-11-14 10:45:00+00:00,421,9.000000000014552,9.178189756762784,0,0,0
2025-11-14 11:00:00+00:00,421,9.699999999611464,9.355171326363344,0,0,0
2025-11-14 11:15:00+00:00,421,8.500000000822183,8.890912545083284,0,0,0
2025-11-14 11:30:00+00:00,421,7.999999999810825,8.159913541182654,0,0,0
2025-11-14 11:45:00+00:00,421,7.8999999996085535,7.873901582123478,0,0,0
2025-11-14 12:00:00+00:00,421,7.599999999911233,7.845407939665221,0,0,0
2025-11-14 12:15:00+00:00,421,6.699999999909778,7.62854615151664,0,0,0
2025-11-14 12:30:00+00:00,421,7.700000000113505,7.690840313258821,0,0,0
2025-11-14 12:45:00+00:00,421,7.900000000518048,7.421256410961805,0,0,0
2025-11-14 13:00:00+00:00,421,8.399999999710417,7.494485521962627,0,0,0
2025-11-14 13:15:00+00:00,421,7.8999999996085535,7.719874861674667,0,0,0
2025-11-14 13:30:00+00:00,421,8.500000000822183,7.66953259424098,0,0,0
2025-11-14 13:45:00+00:00,421,8.699999999407737,7.947848064855284,0,0,0
2025-11-14 14:00:00+00:00,421,8.800000000519503,8.366359663741742,0,0,0
2025-11-14 16:30:00+00:00,421,9.200000000419095,8.258181610943565,0,0,0
2025-11-14 16:45:00+00:00,421,8.499999999912689,8.440640245704603,0,0,0
2025-11-14 17:00:00+00:00,421,8.799999999610009,8.149861967030763,0,0,0
2025-11-14 17:15:00+00:00,421,8.700000000317232,7.980887967831343,0,0,0
2025-11-14 17:30:00+00:00,421,8.100000000013097,8.02619433453804,0,0,0
2025-11-14 17:45:00+00:00,421,8.60000000011496,7.999282955348366,0,0,0
2025-11-14 18:00:00+00:00,421,8.100000000013097,8.134918873239208,0,0,0
2025-11-14 18:15:00+00:00,421,7.999999999810825,8.160371445452359,0,0,0
2025-11-14 18:30:00+00:00,421,8.100000000013097,7.999571717523016,0,0,0
2025-11-14 18:45:00+00:00,421,8.499999999912689,7.549136204741274,0,0,0
2025-11-14 19:00:00+00:00,421,8.200000000215368,7.534232519314132,0,0,0
2025-11-14 19:15:00+00:00,421,7.700000000113505,7.466970811176159,0,0,0
2025-11-14 19:30:00+00:00,421,6.099999999605643,7.076371842932783,0,0,0
2025-11-14 19:45:00+00:00,421,0.0,0.9591436097787104,0,0,0
2025-11-14 20:00:00+00:00,421,0.0,0.1641105474096562,0,0,0
2025-11-14 20:15:00+00:00,421,0.0,0.0459545059896022,0,0,0
2025-11-14 20:30:00+00:00,421,0.0,0.0362405185346457,0,0,0
2025-11-14 20:45:00+00:00,421,0.0,0.0494907963893025,0,0,0
2025-11-14 21:00:00+00:00,421,0.0,0.0365076584208559,0,0,0
2025-11-14 21:15:00+00:00,421,0.0,0.0628066386024555,0,0,0
2025-11-14 21:30:00+00:00,421,0.0,0.0607315964053922,0,0,0
2025-11-14 21:45:00+00:00,421,0.0,0.0606796331638186,0,0,0
2025-11-14 22:00:00+00:00,421,0.0,0.0581166944905051,0,0,0
2025-11-14 22:15:00+00:00,421,0.0,0.0709146480208611,0,0,0
2025-11-14 22:30:00+00:00,421,0.0,0.0876018234977129,0,0,0
2025-11-14 22:45:00+00:00,421,0.0,0.0961279800748213,0,0,0
2025-11-14 23:00:00+00:00,421,0.0,0.0979316974266213,0,0,0
2025-11-14 23:15:00+00:00,421,0.0,0.0966870208549712,0,0,0
2025-11-14 23:30:00+00:00,421,0.0,0.089923429532309,0,0,0
2025-11-14 23:45:00+00:00,421,0.0,0.0819709610920353,0,0,0
2025-11-15 00:00:00+00:00,421,0.0,0.0735696557933387,0,0,0
2025-11-15 00:15:00+00:00,421,0.0,0.0690453663105659,0,0,0
2025-11-15 00:30:00+00:00,421,0.0,0.0555694494136398,0,0,0
2025-11-15 00:45:00+00:00,421,0.0,0.054535067034398,0,0,0
2025-11-15 01:00:00+00:00,421,0.0,0.0552074504555637,0,0,0
2025-11-15 01:15:00+00:00,421,0.0,0.0529120004150485,0,0,0
2025-11-15 01:30:00+00:00,421,0.0,0.0536440195027179,0,0,0
2025-11-15 01:45:00+00:00,421,0.0,0.0536325108653228,0,0,0
2025-11-15 02:00:00+00:00,421,0.0,0.0531700728899773,0,0,0
2025-11-15 02:15:00+00:00,421,0.0,0.0531059035178325,0,0,0
2025-11-15 02:30:00+00:00,421,1.0000000002037268,0.0523644682722936,0,0,0
2025-11-15 02:45:00+00:00,421,28.40000000014697,0.0480298969332526,0,0,0
2025-11-15 03:00:00+00:00,421,20.09999999972933,20.52966798993812,0,0,0
2025-11-15 03:15:00+00:00,421,15.199999999822468,14.461492010589676,0,0,0
2025-11-15 03:30:00+00:00,421,11.60000000072614,10.705694928619089,0,0,0
2025-11-15 03:45:00+00:00,421,9.299999999711872,8.128271763276853,0,0,0
2025-11-15 04:00:00+00:00,421,4.799999999704596,6.256459547740826,0,0,0
2025-11-15 04:15:00+00:00,421,0.0,5.673484812394093,0,0,0
2025-11-15 04:30:00+00:00,421,0.0,4.769585315055983,0,0,0
2025-11-15 04:45:00+00:00,421,11.90000000042346,3.864664426149025,0,0,0
2025-11-15 05:00:00+00:00,421,10.499999999410647,5.64639330559185,0,0,0
2025-11-15 05:15:00+00:00,421,9.300000000621369,8.370474873477093,0,0,0
2025-11-15 05:30:00+00:00,421,8.299999999508145,7.051516324877846,0,0,0
2025-11-15 05:45:00+00:00,421,7.800000000315777,6.608092013496062,0,0,0
2025-11-15 06:00:00+00:00,421,8.200000000215368,6.919683837272913,0,0,0
2025-11-15 06:15:00+00:00,421,7.499999999708962,8.323235055687958,0,0,0
2025-11-15 06:30:00+00:00,421,8.30000000041764,9.935572137519248,0,0,0
2025-11-15 07:00:00+00:00,421,21.09999999993306,11.448873907096598,0,0,0
2025-11-15 07:15:00+00:00,421,16.599999999925785,12.487095986269438,0,0,0
2025-11-15 07:30:00+00:00,421,12.999999999919964,11.88076098386271,0,0,0
2025-11-15 07:45:00+00:00,421,11.60000000072614,10.238962836538766,0,0,0
2025-11-15 08:00:00+00:00,421,11.199999999917054,9.49355850608488,0,0,0
2025-11-15 08:15:00+00:00,421,10.2999999999156,9.104650261298875,0,0,0
2025-11-15 08:30:00+00:00,421,9.1999999995096,8.986937825538426,0,0,0
2025-11-15 08:45:00+00:00,421,8.00000000072032,9.192267610270154,0,0,0
2025-11-15 09:00:00+00:00,421,9.599999999409192,9.458302667290312,0,0,0
2025-11-15 09:15:00+00:00,421,11.199999999917054,9.185585974395613,0,0,0
2025-11-15 09:30:00+00:00,421,10.700000000724684,9.168042277299266,0,0,0
2025-11-15 09:45:00+00:00,421,10.69999999981519,9.259181966806736,0,0,0
2025-11-15 10:00:00+00:00,421,10.69999999981519,9.22701741776591,0,0,0
2025-11-15 10:15:00+00:00,421,10.800000000017462,9.19254137634153,0,0,0
2025-11-15 10:30:00+00:00,421,9.600000000318689,9.2458315986814,0,0,0
2025-11-15 10:45:00+00:00,421,9.299999999711872,9.351815337949503,0,0,0
2025-11-15 11:00:00+00:00,421,8.89999999981228,9.503131948664976,0,0,0
2025-11-15 11:15:00+00:00,421,9.500000000116415,9.206654802000848,0,0,0
2025-11-15 11:30:00+00:00,421,9.500000000116415,8.637922702924193,0,0,0
2025-11-15 11:45:00+00:00,421,8.499999999912689,8.682416838828038,0,0,0
2025-11-15 12:00:00+00:00,421,7.999999999810825,8.538832288709386,0,0,0
2025-11-15 12:15:00+00:00,421,9.100000000216824,8.312961329959675,0,0,0
2025-11-15 12:30:00+00:00,421,8.60000000011496,8.316125856496843,0,0,0
2025-11-15 12:45:00+00:00,421,8.89999999981228,8.63837084228944,0,0,0
2025-11-15 13:00:00+00:00,421,8.799999999610009,8.774394217639264,0,0,0
2025-11-15 13:15:00+00:00,421,8.30000000041764,8.674162704589367,0,0,0
2025-11-15 13:30:00+00:00,421,8.89999999981228,8.335912691645543,0,0,0
2025-11-15 13:45:00+00:00,421,8.800000000519503,8.209767912140089,0,0,0
2025-11-15 14:00:00+00:00,421,8.799999999610009,8.335197063647497,0,0,0
2025-11-15 14:15:00+00:00,421,9.399999999914144,8.399471757261463,0,0,0
2025-11-15 14:30:00+00:00,421,8.800000000519503,8.445464457252836,0,0,0
2025-11-15 14:45:00+00:00,421,8.799999999610009,8.677288171508708,0,0,0
2025-11-15 15:00:00+00:00,421,9.399999999914144,8.917856357705617,0,0,0
2025-11-15 15:15:00+00:00,421,9.299999999711872,8.957326450266457,0,0,0
2025-11-15 15:30:00+00:00,421,8.800000000519503,8.875423662881913,0,0,0
2025-11-15 15:45:00+00:00,421,8.699999999407737,8.613860583356367,0,0,0
2025-11-15 16:00:00+00:00,421,8.700000000317232,8.53991758809044,0,0,0
2025-11-15 16:15:00+00:00,421,9.200000000419095,8.532130076786167,0,0,0
2025-11-15 16:30:00+00:00,421,9.099999999307329,8.53794089243112,0,0,0
2025-11-15 16:45:00+00:00,421,8.60000000011496,8.629163234879885,0,0,0
2025-11-15 17:00:00+00:00,421,9.100000000216824,8.771709915153416,0,0,0
2025-11-15 17:15:00+00:00,421,9.500000000116415,8.776293142809518,0,0,0
2025-11-15 17:30:00+00:00,421,9.000000000014552,8.759189215160315,0,0,0
2025-11-15 17:45:00+00:00,421,9.1999999995096,8.466100839089274,0,0,0
2025-11-15 18:00:00+00:00,421,8.30000000041764,8.493297841734307,0,0,0
2025-11-15 18:15:00+00:00,421,1.4000000001033186,8.44024720830022,0,0,0
2025-11-15 18:30:00+00:00,421,2.300000000104774,0.5352480610706971,0,0,0
2025-11-15 18:45:00+00:00,421,4.500000000007276,0.2628720935922208,0,0,0
2025-11-15 19:00:00+00:00,421,5.699999999706051,4.552392653582283,0,0,0
2025-11-15 19:15:00+00:00,421,5.699999999706051,5.8695299167203725,0,0,0
2025-11-15 19:30:00+00:00,421,5.700000000615546,5.855772212580551,0,0,0
2025-11-15 19:45:00+00:00,421,7.39999999950669,5.678178069598626,0,0,0
2025-11-15 20:00:00+00:00,421,6.900000000314321,5.78874573401601,0,0,0
2025-11-15 20:15:00+00:00,421,6.900000000314321,5.866194155608624,0,0,0
2025-11-15 20:30:00+00:00,421,6.799999999202555,6.188154215439035,0,0,0
2025-11-15 20:45:00+00:00,421,6.400000000212458,6.733386723193895,0,0,0
2025-11-15 21:00:00+00:00,421,7.400000000416185,6.846511223219307,0,0,0
2025-11-15 21:15:00+00:00,421,6.80000000011205,6.744715581723389,0,0,0
2025-11-15 21:30:00+00:00,421,6.80000000011205,6.73592228526007,0,0,0
2025-11-15 22:00:00+00:00,421,6.80000000011205,6.7238978516613255,0,0,0
2025-11-15 22:15:00+00:00,421,7.2000000000116415,6.535635724933677,0,0,0
2025-11-15 22:30:00+00:00,421,6.80000000011205,6.57603173968497,0,0,0
2025-11-15 22:45:00+00:00,421,7.300000000213913,6.645247823700648,0,0,0
2025-11-15 23:00:00+00:00,421,6.80000000011205,6.718269081735175,0,0,0
2025-11-15 23:15:00+00:00,421,6.699999999909778,6.762665568594453,0,0,0
2025-11-15 23:30:00+00:00,421,6.699999999909778,6.724378947579115,0,0,0
2025-11-15 23:45:00+00:00,421,6.699999999909778,6.686294948331256,0,0,0
2025-11-16 00:00:00+00:00,421,6.699999999909778,6.669279427942045,0,0,0
2025-11-16 00:15:00+00:00,421,6.699999999909778,6.639571275491976,0,0,0
2025-11-16 00:30:00+00:00,421,6.699999999909778,6.607756868025243,0,0,0
2025-11-16 00:45:00+00:00,421,6.699999999909778,6.6443532887030905,0,0,0
2025-11-16 01:00:00+00:00,421,6.80000000011205,6.704114155231916,0,0,0
2025-11-16 01:15:00+00:00,421,7.2000000000116415,6.753044173358543,0,0,0
2025-11-16 01:30:00+00:00,421,7.300000000213913,6.820377200173709,0,0,0
2025-11-16 01:45:00+00:00,421,6.699999999909778,6.900764334887928,0,0,0
2025-11-16 02:00:00+00:00,421,6.699999999909778,6.919705459561354,0,0,0
2025-11-16 02:15:00+00:00,421,7.2000000000116415,6.862060438580357,0,0,0
2025-11-16 02:30:00+00:00,421,7.2000000000116415,6.823651233139428,0,0,0
2025-11-16 02:45:00+00:00,421,7.300000000213913,6.866061608181517,0,0,0
2025-11-16 03:00:00+00:00,421,7.2000000000116415,6.925012162013725,0,0,0
2025-11-16 03:15:00+00:00,421,6.699999999909778,7.055376949604146,0,0,0
2025-11-16 03:30:00+00:00,421,7.2000000000116415,7.169791986377495,0,0,0
2025-11-16 03:45:00+00:00,421,7.2000000000116415,7.211490220887416,0,0,0
2025-11-16 04:00:00+00:00,421,6.699999999909778,7.215684247351598,0,0,0
2025-11-16 04:15:00+00:00,421,7.2000000000116415,7.290355774239319,0,0,0
2025-11-16 04:30:00+00:00,421,7.09999999980937,7.267197257080333,0,0,0
2025-11-16 04:45:00+00:00,421,7.000000000516593,7.223739596035255,0,0,0
2025-11-16 05:00:00+00:00,421,6.999999999607098,7.200740804813455,0,0,0
2025-11-16 08:00:00+00:00,421,7.499999999708962,7.329293330760677,0,0,0
2025-11-16 08:15:00+00:00,421,7.500000000618456,7.672182370814642,0,0,0
2025-11-16 08:30:00+00:00,421,7.599999999911233,7.612862668719309,0,0,0
2025-11-16 08:45:00+00:00,421,7.599999999911233,7.468612710111247,0,0,0
2025-11-16 09:00:00+00:00,421,7.799999999406282,7.698401139281061,0,0,0
2025-11-16 09:15:00+00:00,421,8.00000000072032,7.775930295708736,0,0,0
2025-11-16 09:30:00+00:00,421,8.199999999305874,7.700021415927709,0,0,0
2025-11-16 09:45:00+00:00,421,7.599999999911233,7.726453268559238,0,0,0
2025-11-16 10:00:00+00:00,421,7.600000000820728,7.732017520366656,0,0,0
2025-11-16 10:15:00+00:00,421,7.599999999911233,7.807495349365236,0,0,0
2025-11-16 10:30:00+00:00,421,7.69999999920401,7.743594512093329,0,0,0
2025-11-16 10:45:00+00:00,421,8.200000000215368,7.709376891890466,0,0,0
2025-11-16 11:00:00+00:00,421,7.700000000113505,7.741953310651416,0,0,0
2025-11-16 11:15:00+00:00,421,7.700000000113505,7.700966170433901,0,0,0
2025-11-16 11:30:00+00:00,421,7.800000000315777,7.60348731420105,0,0,0
2025-11-16 11:45:00+00:00,421,7.799999999406282,7.533641393847911,0,0,0
2025-11-16 12:00:00+00:00,421,7.800000000315777,7.542353432356286,0,0,0
2025-11-16 12:15:00+00:00,421,9.100000000216824,7.636979192754822,0,0,0
2025-11-16 12:30:00+00:00,421,6.499999999505235,7.994839923820537,0,0,0
2025-11-16 12:45:00+00:00,421,7.800000000315777,7.826335337528216,0,0,0
2025-11-16 13:00:00+00:00,421,8.499999999912689,7.681283959261524,0,0,0
2025-11-16 13:15:00+00:00,421,7.300000000213913,7.809148408191131,0,0,0
2025-11-16 13:30:00+00:00,421,7.700000000113505,7.773885943211395,0,0,0
2025-11-16 13:45:00+00:00,421,7.599999999911233,7.702314773488698,0,0,0
2025-11-16 14:00:00+00:00,421,7.999999999810825,7.679422698722746,0,0,0
2025-11-16 14:15:00+00:00,421,7.499999999708962,7.777003388959217,0,0,0
2025-11-16 14:30:00+00:00,421,7.999999999810825,7.601036671928989,0,0,0
2025-11-16 14:45:00+00:00,421,8.00000000072032,7.755567679943676,0,0,0
2025-11-16 15:00:00+00:00,421,8.60000000011496,7.838335010119232,0,0,0
2025-11-16 15:15:00+00:00,421,7.599999999911233,7.820338988698586,0,0,0
2025-11-16 15:30:00+00:00,421,7.999999999810825,7.847151323857341,0,0,0
2025-11-16 15:45:00+00:00,421,8.100000000013097,7.850382809739356,0,0,0
2025-11-16 16:00:00+00:00,421,8.200000000215368,7.94216733168756,0,0,0
2025-11-16 16:15:00+00:00,421,8.199999999305874,7.967634202510808,0,0,0
2025-11-16 16:30:00+00:00,421,8.800000000519503,8.042274342205634,0,0,0
2025-11-16 16:45:00+00:00,421,7.499999999708962,8.110962772634057,0,0,0
2025-11-16 18:00:00+00:00,421,7.499999999708962,8.070316357832766,0,0,0
2025-11-16 18:15:00+00:00,421,8.100000000013097,7.953714331207687,0,0,0
2025-11-16 18:30:00+00:00,421,8.100000000013097,8.065167811957934,0,0,0
2025-11-16 18:45:00+00:00,421,8.200000000215368,7.88086605148068,0,0,0
2025-11-16 19:00:00+00:00,421,7.499999999708962,7.87352144834284,0,0,0
2025-11-16 19:15:00+00:00,421,8.60000000011496,8.041803534312182,0,0,0
2025-11-16 19:30:00+00:00,421,9.1999999995096,8.173524423009036,0,0,0
2025-11-16 19:45:00+00:00,421,8.100000000013097,8.089204473024854,0,0,0
2025-11-16 20:00:00+00:00,421,8.100000000013097,8.146330559083292,0,0,0
2025-11-16 20:15:00+00:00,421,9.200000000419095,8.288753783064763,0,0,0
2025-11-16 20:30:00+00:00,421,8.60000000011496,8.578509187996758,0,0,0
2025-11-16 20:45:00+00:00,421,9.1999999995096,8.926823329969633,0,0,0
2025-11-16 21:00:00+00:00,421,9.200000000419095,9.13569847251234,0,0,0
2025-11-16 21:15:00+00:00,421,9.100000000216824,9.311293774426623,0,0,0
2025-11-16 21:30:00+00:00,421,9.699999999611464,9.477857585958162,0,0,0
2025-11-16 21:45:00+00:00,421,9.699999999611464,9.539751735364202,0,0,0
2025-11-16 22:00:00+00:00,421,9.600000000318689,9.644802228763512,0,0,0
2025-11-16 22:15:00+00:00,421,10.10000000042055,9.738467541059409,0,0,0
2025-11-16 22:30:00+00:00,421,10.099999999511056,9.75772776886062,0,0,0
2025-11-16 22:45:00+00:00,421,10.00000000021828,9.728948154200411,0,0,0
2025-11-16 23:00:00+00:00,421,10.099999999511056,9.683464624227142,0,0,0
2025-11-16 23:15:00+00:00,421,9.900000000016009,9.70611501760779,0,0,0
2025-11-16 23:30:00+00:00,421,9.399999999914144,9.77141432869654,0,0,0
2025-11-16 23:45:00+00:00,421,9.400000000823638,9.748807179892774,0,0,0
2025-11-17 00:00:00+00:00,421,9.299999999711872,9.711890261100791,0,0,0
2025-11-17 00:15:00+00:00,421,9.900000000016009,9.785567162720271,0,0,0
2025-11-17 00:30:00+00:00,421,9.399999999914144,9.616533876600936,0,0,0
2025-11-17 00:45:00+00:00,421,10.40000000011787,9.445595736619357,0,0,0
2025-11-17 01:00:00+00:00,421,10.00000000021828,9.421324369098883,0,0,0
2025-11-17 01:15:00+00:00,421,9.999999999308784,9.392656702093344,0,0,0
2025-11-17 01:30:00+00:00,421,9.500000000116415,9.501294402894164,0,0,0
2025-11-17 01:45:00+00:00,421,10.600000000522414,9.660950242015716,0,0,0
2025-11-17 02:00:00+00:00,421,9.699999999611464,9.829776023915349,0,0,0
2025-11-17 02:15:00+00:00,421,10.40000000011787,9.938661334793464,0,0,0
2025-11-17 02:30:00+00:00,421,9.399999999914144,9.891953006804046,0,0,0
2025-11-17 02:45:00+00:00,421,8.89999999981228,9.756249780821769,0,0,0
2025-11-17 03:00:00+00:00,421,9.600000000318689,9.523599885899536,0,0,0
2025-11-17 03:15:00+00:00,421,9.100000000216824,9.314896675424585,0,0,0
2025-11-17 03:30:00+00:00,421,9.1999999995096,9.200011876997548,0,0,0
2025-11-17 03:45:00+00:00,421,9.200000000419095,9.186575368465034,0,0,0
2025-11-17 04:00:00+00:00,421,8.699999999407737,9.20150276866014,0,0,0
2025-11-17 04:15:00+00:00,421,9.900000000016009,9.207886574948752,0,0,0
2025-11-17 04:30:00+00:00,421,9.300000000621369,9.197590180692266,0,0,0
2025-11-17 04:45:00+00:00,421,8.799999999610009,9.034010942458622,0,0,0
2025-11-17 05:00:00+00:00,421,8.800000000519503,8.854912829817062,0,0,0
2025-11-17 05:15:00+00:00,421,9.49999999920692,8.86247051712001,1,0,1
2025-11-17 05:30:00+00:00,421,10.300000000825094,9.00005418470339,1,0,1
2025-11-17 05:45:00+00:00,421,13.500000000021828,9.18417913066066,1,0,1
2025-11-17 06:00:00+00:00,421,21.6999999993277,15.892676862377607,1,0,1
2025-11-17 06:15:00+00:00,421,18.70000000053551,18.95061597993407,0,0,0
2025-11-17 06:30:00+00:00,421,15.499999999519789,12.47299476674069,0,0,0
2025-11-17 06:45:00+00:00,421,13.799999999719148,11.612231691247024,0,0,0
2025-11-17 07:00:00+00:00,421,13.30000000052678,12.125068430973386,0,0,0
2025-11-17 07:15:00+00:00,421,11.700000000018916,11.712405661109944,0,0,0
2025-11-17 07:30:00+00:00,421,14.299999999821011,11.66657547702846,0,0,0
2025-11-17 07:45:00+00:00,421,12.600000000020373,12.374573597227762,0,0,0
2025-11-17 08:00:00+00:00,421,13.500000000021828,13.258670609414049,0,0,0
2025-11-17 08:15:00+00:00,421,14.500000000225556,14.27144604506573,0,0,0
2025-11-17 08:30:00+00:00,421,14.500000000225556,14.466332613227532,0,0,0
2025-11-17 08:45:00+00:00,421,14.799999999922877,14.131876963158335,0,0,0
2025-11-17 09:00:00+00:00,421,13.199999999415011,13.97703836065326,0,0,0
2025-11-17 09:15:00+00:00,421,12.700000000222644,14.0785061803567,0,0,0
2025-11-17 09:30:00+00:00,421,12.899999999717693,14.080406849259893,0,0,0
2025-11-17 09:45:00+00:00,421,14.300000000730506,13.720440386297394,0,0,0
2025-11-17 10:00:00+00:00,421,13.89999999992142,14.018095598934911,0,0,0
2025-11-17 10:15:00+00:00,421,13.799999999719148,14.552959173143035,0,0,0
2025-11-17 10:30:00+00:00,421,12.600000000020373,14.308030259613007,0,0,0
2025-11-17 10:45:00+00:00,421,12.4999999998181,13.763115808746168,0,0,0
2025-11-17 11:00:00+00:00,421,13.500000000021828,13.183242999924104,0,0,0
2025-11-17 11:15:00+00:00,421,12.300000000323053,13.3963034502663,0,0,0
2025-11-17 11:30:00+00:00,421,12.299999999413558,13.41814544905656,0,0,0
2025-11-17 11:45:00+00:00,421,12.400000000525324,13.523224190929476,0,0,0
2025-11-17 12:00:00+00:00,421,12.20000000012078,13.56347233712757,0,0,0
2025-11-17 12:15:00+00:00,421,13.399999999819556,13.573319545779045,0,0,0
2025-11-17 12:30:00+00:00,421,12.300000000323053,13.159127870874942,0,0,0
2025-11-17 12:45:00+00:00,421,11.599999999816646,12.68023603151983,0,0,0
2025-11-17 13:00:00+00:00,421,11.499999999614374,12.24098203183426,0,0,0
2025-11-17 13:15:00+00:00,421,12.4999999998181,11.813460564853496,0,0,0
2025-11-17 13:30:00+00:00,421,12.09999999991851,11.830983685901169,0,0,0
2025-11-17 13:45:00+00:00,421,11.500000000523867,11.962672489911949,0,0,0
2025-11-17 14:00:00+00:00,421,11.599999999816646,11.910942211059051,0,0,0
2025-11-17 14:15:00+00:00,421,10.69999999981519,11.848552841498416,0,0,0
2025-11-17 14:30:00+00:00,421,10.900000000219734,10.572424907579483,0,0,0
2025-11-17 14:45:00+00:00,421,11.400000000321596,11.079166254445298,0,0,0
2025-11-17 15:00:00+00:00,421,12.899999999717693,11.859726682169658,0,0,0
2025-11-17 15:15:00+00:00,421,13.6000000002241,14.56927563099712,0,0,0
2025-11-17 15:30:00+00:00,421,12.600000000020373,14.052528047035825,0,0,0
2025-11-17 15:45:00+00:00,421,12.999999999919964,13.654093440459068,0,0,0
2025-11-17 16:00:00+00:00,421,12.899999999717693,13.405100234195496,0,0,0
2025-11-17 16:15:00+00:00,421,15.000000000327418,13.260684969704844,0,0,0
2025-11-17 16:30:00+00:00,421,13.89999999992142,13.565293491808756,0,0,0
2025-11-17 16:45:00+00:00,421,11.700000000018916,13.525138112203004,0,0,0
2025-11-17 17:00:00+00:00,421,11.700000000018916,13.159604258713795,0,0,0
2025-11-17 17:15:00+00:00,421,10.00000000021828,12.875123994667982,0,0,0
2025-11-17 17:30:00+00:00,421,11.599999999816646,12.39840833402038,0,0,0
2025-11-17 19:30:00+00:00,421,10.199999999713327,12.075086070018248,0,0,0
2025-11-17 19:45:00+00:00,421,2.300000000104774,11.80375006486442,0,0,0
2025-11-17 20:00:00+00:00,421,5.29999999980646,2.1518054997335434,0,0,0
2025-11-17 20:15:00+00:00,421,8.30000000041764,1.0226269973850903,0,0,0
2025-11-17 20:30:00+00:00,421,8.599999999205465,6.58766313587933,0,0,0
2025-11-17 20:45:00+00:00,421,8.500000000822183,9.39951550123446,0,0,0
2025-11-17 21:00:00+00:00,421,8.89999999981228,9.005515556267426,0,0,0
2025-11-17 21:15:00+00:00,421,9.999999999308784,8.95943253090983,0,0,0
2025-11-17 21:30:00+00:00,421,9.000000000014552,9.082032998844063,0,0,0
2025-11-17 21:45:00+00:00,421,10.00000000021828,9.105395184010291,0,0,0
2025-11-17 22:00:00+00:00,421,9.900000000016009,9.701294642272025,0,0,0
2025-11-17 22:15:00+00:00,421,9.900000000016009,9.653801634460187,0,0,0
2025-11-17 22:30:00+00:00,421,9.200000000419095,9.492166309706615,0,0,0
2025-11-17 22:45:00+00:00,421,9.799999999813735,9.50167349043504,0,0,0
2025-11-17 23:00:00+00:00,421,9.900000000016009,9.640026492990978,0,0,0
2025-11-17 23:15:00+00:00,421,9.900000000016009,9.677361907688253,0,0,0
2025-11-17 23:30:00+00:00,421,9.900000000016009,9.685189176103526,0,0,0
2025-11-17 23:45:00+00:00,421,9.900000000016009,9.783020266389997,0,0,0
2025-11-18 00:00:00+00:00,421,9.799999999813735,9.938441973189777,0,0,0
2025-11-18 00:15:00+00:00,421,9.799999999813735,10.06265748657184,0,0,0
2025-11-18 00:30:00+00:00,421,9.799999999813735,9.964297347711767,0,0,0
2025-11-18 00:45:00+00:00,421,10.40000000011787,9.880789628530437,0,0,0
2025-11-18 01:00:00+00:00,421,9.80000000072323,9.919498058543644,0,0,0
2025-11-18 01:15:00+00:00,421,9.799999999813735,9.989297944347204,0,0,0
2025-11-18 01:30:00+00:00,421,9.799999999813735,9.983631509789578,0,0,0
2025-11-18 01:45:00+00:00,421,9.799999999813735,9.996795298490476,0,0,0
2025-11-18 02:00:00+00:00,421,11.800000000221187,10.19293526188862,0,0,0
2025-11-18 02:15:00+00:00,421,10.59999999961292,10.60247430856566,0,0,0
2025-11-18 02:30:00+00:00,421,10.2999999999156,10.79885002465712,0,0,0
2025-11-18 02:45:00+00:00,421,11.000000000422006,10.869068755112554,0,0,0
2025-11-18 03:00:00+00:00,421,10.40000000011787,10.943357358246937,0,0,0
2025-11-18 03:15:00+00:00,421,10.99999999951251,10.950412501716947,0,0,0
2025-11-18 03:30:00+00:00,421,9.600000000318689,10.816096938407297,0,0,0
2025-11-18 03:45:00+00:00,421,10.2999999999156,10.6971938817963,0,0,0
2025-11-18 04:00:00+00:00,421,11.000000000422006,10.672568885235858,0,0,0
2025-11-18 04:15:00+00:00,421,11.799999999311694,10.713401530715004,0,0,0
2025-11-18 04:30:00+00:00,421,11.200000000826549,10.713878616047037,0,0,0
2025-11-18 04:45:00+00:00,421,10.399999999208376,10.681094344319792,0,0,0
2025-11-18 05:00:00+00:00,421,10.500000000320142,10.66831557185176,0,0,0
2025-11-18 05:15:00+00:00,421,10.40000000011787,10.890432971077608,0,0,0
2025-11-18 05:30:00+00:00,421,10.500000000320142,10.839383445563982,0,0,0
2025-11-18 05:45:00+00:00,421,9.799999999813735,10.632225182472729,1,0,1
2025-11-18 06:00:00+00:00,421,10.59999999961292,11.424813880008298,1,0,1
2025-11-18 06:15:00+00:00,421,15.599999999722058,20.75646347589193,1,0,1
2025-11-18 06:30:00+00:00,421,11.700000000018916,15.956052487288376,1,0,1
2025-11-18 06:45:00+00:00,421,21.500000000742148,12.845577486261332,1,0,1
2025-11-18 07:00:00+00:00,421,16.899999999623105,18.269698032272903,0,0,0
2025-11-18 07:15:00+00:00,421,14.100000000325965,15.132543917283629,0,0,0
2025-11-18 07:30:00+00:00,421,12.600000000020373,14.28486999872108,0,0,0
2025-11-18 07:45:00+00:00,421,11.799999999311694,13.28319167949134,0,0,0
2025-11-18 08:00:00+00:00,421,11.90000000042346,13.625247215200602,0,0,0
2025-11-18 08:15:00+00:00,421,14.699999999720603,14.450373969372473,0,0,0
2025-11-18 08:30:00+00:00,421,12.900000000627188,14.286634656455057,0,0,0
2025-11-18 08:45:00+00:00,421,13.599999999314605,14.183490760650928,0,0,0
2025-11-18 09:00:00+00:00,421,13.800000000628645,13.898382055254004,0,0,0
2025-11-18 09:15:00+00:00,421,14.400000000023285,14.091614867096736,0,0,0
2025-11-18 09:30:00+00:00,421,15.599999999722058,14.2324422266927,0,0,0
2025-11-18 09:45:00+00:00,421,11.599999999816646,14.298448098368215,0,0,0
2025-11-18 10:00:00+00:00,421,15.000000000327418,14.082583725460577,0,0,0
2025-11-18 10:15:00+00:00,421,14.599999999518332,14.558125505093845,0,0,0
2025-11-18 10:30:00+00:00,421,13.700000000426371,14.504583836464214,0,0,0
2025-11-18 10:45:00+00:00,421,12.4999999998181,14.25856822856678,0,0,0
2025-11-18 11:00:00+00:00,421,13.299999999617285,13.922407905176703,0,0,0
2025-11-18 11:15:00+00:00,421,14.700000000630098,13.861039665624975,0,0,0
2025-11-18 11:30:00+00:00,421,14.599999999518332,14.018547574512626,0,0,0
2025-11-18 11:45:00+00:00,421,14.799999999922877,13.97053702676458,0,0,0
2025-11-18 12:00:00+00:00,421,13.500000000021828,14.607764001913466,0,0,0
2025-11-18 12:15:00+00:00,421,15.50000000042928,14.863603801187582,0,0,0
2025-11-18 12:30:00+00:00,421,14.900000000125146,14.73856140964598,0,0,0
2025-11-18 12:45:00+00:00,421,14.49999999931606,14.550777414490126,0,0,0
2025-11-18 13:00:00+00:00,421,13.6000000002241,14.505893728647772,0,0,0
2025-11-18 13:15:00+00:00,421,14.100000000325965,14.399840588808704,0,0,0
2025-11-18 13:30:00+00:00,421,14.599999999518332,14.196536673005168,0,0,0
2025-11-18 13:45:00+00:00,421,12.600000000020373,14.152219351621309,0,0,0
2025-11-18 14:00:00+00:00,421,11.90000000042346,14.092743411054668,0,0,0
2025-11-18 14:15:00+00:00,421,14.100000000325965,14.019342716732677,0,0,0
2025-11-18 14:30:00+00:00,421,17.199999999320426,13.945684647428934,0,0,0
2025-11-18 14:45:00+00:00,421,14.400000000023285,14.708779846039192,0,0,0
2025-11-18 15:00:00+00:00,421,13.800000000628645,14.630176550121272,0,0,0
2025-11-18 15:15:00+00:00,421,14.299999999821011,14.274425735911397,0,0,0
2025-11-18 15:30:00+00:00,421,12.899999999717693,14.04952185144949,0,0,0
2025-11-18 15:45:00+00:00,421,13.399999999819556,13.6781667199177,0,0,0
2025-11-18 16:00:00+00:00,421,14.500000000225556,13.91334049389542,0,0,0
2025-11-18 16:15:00+00:00,421,16.200000000026193,14.349628055105658,0,0,0
2025-11-18 16:30:00+00:00,421,16.200000000026193,14.712895055774544,0,0,0
2025-11-18 16:45:00+00:00,421,15.50000000042928,14.682436923787538,0,0,0
2025-11-18 17:00:00+00:00,421,14.799999999922877,14.814109685455284,0,0,0
2025-11-18 17:15:00+00:00,421,15.099999999620197,14.926620914606152,0,0,0
2025-11-18 17:30:00+00:00,421,16.200000000026193,14.971952391067166,0,0,0
2025-11-18 17:45:00+00:00,421,15.40000000022701,15.014288831832651,0,0,0
2025-11-18 18:00:00+00:00,421,16.799999999420834,15.182697164066758,0,0,0
2025-11-18 18:15:00+00:00,421,16.300000000228465,15.94011058326953,0,0,0
2025-11-18 18:30:00+00:00,421,15.599999999722058,16.050184771265258,0,0,0
2025-11-18 18:45:00+00:00,421,16.80000000033033,14.993092711722891,0,0,0
2025-11-18 19:00:00+00:00,421,16.300000000228465,14.81857643175108,0,0,0
2025-11-18 19:15:00+00:00,421,16.300000000228465,15.03320833421764,0,0,0
2025-11-18 19:30:00+00:00,421,15.499999999519789,14.924458685762154,0,0,0
2025-11-18 19:45:00+00:00,421,4.600000000209548,4.106537970823851,0,0,0
2025-11-18 20:00:00+00:00,421,6.999999999607098,4.525113913455746,0,0,0
2025-11-18 20:15:00+00:00,421,10.2999999999156,8.857701058786056,0,0,0
2025-11-18 20:30:00+00:00,421,12.20000000012078,10.978510316798118,0,0,0
2025-11-18 20:45:00+00:00,421,12.20000000012078,11.59312526069101,0,0,0
2025-11-18 21:00:00+00:00,421,12.300000000323053,11.551137566513264,0,0,0
2025-11-18 21:15:00+00:00,421,12.4999999998181,11.656039145119609,0,0,0
2025-11-18 22:00:00+00:00,421,12.899999999717693,11.69801219194067,0,0,0
2025-11-18 22:15:00+00:00,421,12.4999999998181,11.37079652103299,0,0,0
2025-11-18 22:30:00+00:00,421,12.400000000525324,11.54660107089992,0,0,0
2025-11-18 22:45:00+00:00,421,11.199999999917054,11.833510006182768,0,0,0
2025-11-18 23:00:00+00:00,421,11.199999999917054,11.873766522298965,0,0,0
2025-11-18 23:15:00+00:00,421,11.700000000018916,11.66364600569143,0,0,0
2025-11-18 23:30:00+00:00,421,11.099999999714782,11.567839738093388,0,0,0
2025-11-18 23:45:00+00:00,421,11.800000000221187,11.554139577140544,0,0,0
2025-11-19 00:00:00+00:00,421,11.700000000018916,11.592897877915805,0,0,0
2025-11-19 00:15:00+00:00,421,11.800000000221187,11.515827671997595,0,0,0
2025-11-19 00:30:00+00:00,421,11.899999999513966,11.554863575056697,0,0,0
2025-11-19 00:45:00+00:00,421,12.4999999998181,11.697892223114486,0,0,0
2025-11-19 01:00:00+00:00,421,11.90000000042346,11.882983894612977,0,0,0
2025-11-19 01:15:00+00:00,421,11.700000000018916,11.904978644408668,0,0,0
2025-11-19 01:30:00+00:00,421,11.90000000042346,11.764109435222174,0,0,0
2025-11-19 01:45:00+00:00,421,11.699999999109425,11.761576140008817,0,0,0
2025-11-19 02:00:00+00:00,421,11.800000000221187,11.768850296335934,0,0,0
2025-11-19 02:15:00+00:00,421,11.800000000221187,11.729303828272378,0,0,0
2025-11-19 02:30:00+00:00,421,11.099999999714782,11.681963571465973,0,0,0
2025-11-19 02:45:00+00:00,421,11.199999999917054,11.712135033757855,0,0,0
2025-11-19 03:00:00+00:00,421,12.500000000727596,11.718113247764924,0,0,0
2025-11-19 03:15:00+00:00,421,12.4999999998181,11.773445381376018,0,0,0
2025-11-19 03:30:00+00:00,421,11.199999999917054,11.753476849255104,0,0,0
2025-11-19 03:45:00+00:00,421,11.700000000018916,11.65545813330443,0,0,0
2025-11-19 04:00:00+00:00,421,11.800000000221187,11.598564312473428,0,0,0
2025-11-19 04:15:00+00:00,421,11.099999999714782,11.68882690431273,0,0,0
2025-11-19 04:30:00+00:00,421,10.500000000320142,11.65807443020567,0,0,0
2025-11-19 04:45:00+00:00,421,12.999999999919964,11.532712586789696,0,0,0
2025-11-19 05:00:00+00:00,421,11.700000000018916,11.634232718481297,0,0,0
2025-11-19 05:15:00+00:00,421,11.199999999917054,11.977084791396962,0,0,0
2025-11-19 05:30:00+00:00,421,12.20000000012078,11.881662145045436,0,0,0
2025-11-19 05:45:00+00:00,421,12.199999999211286,11.711547047010924,0,0,0
2025-11-19 06:00:00+00:00,421,12.900000000627188,13.098843535717917,0,0,0
2025-11-19 06:15:00+00:00,421,25.799999999435386,22.61643225730825,0,0,0
2025-11-19 06:30:00+00:00,421,15.600000000631551,21.682447045745523,0,0,0
2025-11-19 06:45:00+00:00,421,21.799999999529973,18.13967553945836,0,0,0
2025-11-19 07:00:00+00:00,421,20.10000000063883,18.82838727586237,0,0,0
2025-11-19 07:15:00+00:00,421,15.300000000024738,16.452108936198957,0,0,0
2025-11-19 07:30:00+00:00,421,14.699999999720603,15.366352697116929,0,0,0
2025-11-19 07:45:00+00:00,421,13.699999999516876,14.516905053409127,0,0,0
2025-11-19 08:00:00+00:00,421,15.600000000631551,14.57584183175112,0,0,0
2025-11-19 08:15:00+00:00,421,16.999999999825377,16.313369173677216,0,0,0
2025-11-19 08:30:00+00:00,421,15.599999999722058,15.81792791374741,0,0,0
2025-11-19 08:45:00+00:00,421,16.200000000026193,16.13172032849291,0,0,0
2025-11-19 09:00:00+00:00,421,18.10000000023137,15.857665494941044,0,0,0
2025-11-19 09:15:00+00:00,421,15.800000000126602,16.07428455546456,0,0,0
2025-11-19 09:30:00+00:00,421,15.599999999722058,16.31401226238501,0,0,0
2025-11-19 09:45:00+00:00,421,15.69999999992433,15.73358424899526,0,0,0
2025-11-19 10:00:00+00:00,421,14.500000000225556,15.41798951188431,0,0,0
2025-11-19 10:15:00+00:00,421,15.000000000327418,15.524267244525884,0,0,0
2025-11-19 10:30:00+00:00,421,18.999999999323336,15.365009325260946,0,0,0
2025-11-19 10:45:00+00:00,421,16.300000000228465,16.073787940323612,0,0,0
2025-11-19 11:00:00+00:00,421,15.599999999722058,15.960220706505064,0,0,0
2025-11-19 11:15:00+00:00,421,13.89999999992142,15.491132133731371,0,0,0
2025-11-19 11:30:00+00:00,421,14.500000000225556,14.9916300685339,0,0,0
2025-11-19 11:45:00+00:00,421,13.6000000002241,14.310970890840844,0,0,0
2025-11-19 12:00:00+00:00,421,15.199999999822468,14.309292024767457,0,0,0
2025-11-19 12:15:00+00:00,421,16.700000000128057,14.891816005149533,0,0,0
2025-11-19 12:30:00+00:00,421,17.10000000002765,15.51294065284921,0,0,0
2025-11-19 12:45:00+00:00,421,16.899999999623105,15.548918745826992,0,0,0
2025-11-19 13:00:00+00:00,421,16.100000000733417,15.699512404866072,0,0,0
2025-11-19 13:15:00+00:00,421,15.499999999519789,15.536552191825672,0,0,0
2025-11-19 13:30:00+00:00,421,15.900000000328872,15.514251940019118,0,0,0
2025-11-19 13:45:00+00:00,421,15.300000000024738,15.60488141326872,0,0,0
2025-11-19 14:00:00+00:00,421,14.49999999931606,15.750877894788196,0,0,0
2025-11-19 14:15:00+00:00,421,15.300000000024738,15.56162358401842,0,0,0
2025-11-19 14:30:00+00:00,421,16.300000000228465,15.403237531222835,0,0,0
2025-11-19 14:45:00+00:00,421,15.69999999992433,15.559210955124424,0,0,0
2025-11-19 15:00:00+00:00,421,15.50000000042928,15.668042907774616,0,0,0
2025-11-19 15:15:00+00:00,421,15.199999999822468,15.587285752930804,0,0,0
2025-11-19 15:30:00+00:00,421,15.199999999822468,15.569722874772133,0,0,0
2025-11-19 15:45:00+00:00,421,14.200000000528236,15.54656400886656,0,0,0
2025-11-19 16:00:00+00:00,421,14.699999999720603,15.515637161465628,0,0,0
2025-11-19 16:15:00+00:00,421,16.300000000228465,15.512721639992106,0,0,0
2025-11-19 16:30:00+00:00,421,16.200000000026193,15.661522044077024,0,0,0
2025-11-19 16:45:00+00:00,421,16.599999999925785,15.60259154317361,0,0,0
2025-11-19 17:00:00+00:00,421,15.69999999992433,15.724009062682224,0,0,0
2025-11-19 17:15:00+00:00,421,15.199999999822468,15.750877894788196,0,0,0
2025-11-19 17:30:00+00:00,421,15.099999999620197,15.765306238616244,0,0,0
2025-11-19 17:45:00+00:00,421,15.800000000126602,15.484759836080157,0,0,0
2025-11-19 18:00:00+00:00,421,15.000000000327418,15.458668708864847,0,0,0
2025-11-19 18:15:00+00:00,421,16.200000000026193,15.51390737839043,0,0,0
2025-11-19 18:30:00+00:00,421,15.89999999941938,15.44260823100617,0,0,0
2025-11-19 18:45:00+00:00,421,14.900000000125146,14.86016794980515,0,0,0
2025-11-19 19:00:00+00:00,421,14.600000000427826,14.349611315269446,0,0,0
2025-11-19 19:15:00+00:00,421,15.099999999620197,14.276269210374195,0,0,0
2025-11-19 19:30:00+00:00,421,12.999999999919964,14.04297587799758,0,0,0
2025-11-19 19:45:00+00:00,421,3.700000000208093,3.397471639826295,0,0,0
2025-11-19 20:00:00+00:00,421,4.899999999906868,3.446781268613678,0,0,0
2025-11-19 20:15:00+00:00,421,8.30000000041764,7.845639158652894,0,0,0
2025-11-19 20:30:00+00:00,421,10.40000000011787,9.674947883807905,0,0,0
2025-11-19 20:45:00+00:00,421,10.499999999410647,10.34712589323367,0,0,0
2025-11-19 21:00:00+00:00,421,12.09999999991851,10.704712160734832,0,0,0
2025-11-19 21:15:00+00:00,421,11.100000000624275,11.070064665998416,0,0,0
2025-11-19 21:30:00+00:00,421,10.499999999410647,11.23316507516709,0,0,0
2025-11-19 21:45:00+00:00,421,9.70000000052096,10.985121157115351,0,0,0
2025-11-19 22:00:00+00:00,421,9.500000000116415,11.01307877606825,0,0,0
2025-11-19 22:15:00+00:00,421,11.899999999513966,11.022151767294936,0,0,0
2025-11-19 22:30:00+00:00,421,12.300000000323053,11.10886969881643,0,0,0
2025-11-19 22:45:00+00:00,421,12.20000000012078,11.239073539856609,0,0,0
2025-11-19 23:00:00+00:00,421,11.499999999614374,11.461523643327162,0,0,0
2025-11-19 23:15:00+00:00,421,12.09999999991851,11.46589134559204,0,0,0
2025-11-19 23:30:00+00:00,421,12.900000000627188,11.42006185900373,0,0,0
2025-11-19 23:45:00+00:00,421,11.499999999614374,11.431304054006173,0,0,0
2025-11-20 00:00:00+00:00,421,10.900000000219734,11.60440442283175,0,0,0
2025-11-20 00:15:00+00:00,421,11.499999999614374,11.840754867796512,0,0,0
2025-11-20 00:30:00+00:00,421,11.000000000422006,11.95729202755627,0,0,0
2025-11-20 00:45:00+00:00,421,10.89999999931024,11.878606427443644,0,0,0
2025-11-20 01:00:00+00:00,421,10.900000000219734,11.739181726623574,0,0,0
2025-11-20 01:15:00+00:00,421,10.2999999999156,11.67718295324121,0,0,0
2025-11-20 01:30:00+00:00,421,12.700000000222644,11.513083036352068,0,0,0
2025-11-20 01:45:00+00:00,421,12.700000000222644,11.481185278450862,0,0,0
2025-11-20 02:00:00+00:00,421,12.39999999961583,11.81071453422162,0,0,0
2025-11-20 03:15:00+00:00,421,11.700000000018916,12.21307253991047,0,0,0
2025-11-20 03:30:00+00:00,421,11.300000000119326,12.421731808315368,0,0,0
2025-11-20 03:45:00+00:00,421,11.400000000321596,12.363176558740363,0,0,0
2025-11-20 04:00:00+00:00,421,11.499999999614374,12.201533212815274,0,0,0
2025-11-20 04:15:00+00:00,421,12.300000000323053,12.206644442805215,0,0,0
2025-11-20 04:30:00+00:00,421,12.300000000323053,12.209343741394337,0,0,0
2025-11-20 04:45:00+00:00,421,12.39999999961583,12.042036053391143,0,0,0
2025-11-20 05:00:00+00:00,421,11.90000000042346,11.964254404433945,0,0,0
2025-11-20 05:15:00+00:00,421,12.39999999961583,12.44915723997537,0,0,0
2025-11-20 05:30:00+00:00,421,12.4999999998181,12.583583704699926,0,0,0
2025-11-20 05:45:00+00:00,421,12.899999999717693,12.491084252246852,0,0,0
2025-11-20 06:00:00+00:00,421,12.900000000627188,13.13356265351395,0,0,0
2025-11-20 06:15:00+00:00,421,26.39999999973952,24.25457030919385,0,0,0
2025-11-20 06:30:00+00:00,421,17.39999999972497,23.940489132273697,0,0,0
2025-11-20 06:45:00+00:00,421,22.700000000440923,21.341861128157003,0,0,0
2025-11-20 07:00:00+00:00,421,21.7000000002372,21.64919057113848,0,0,0
2025-11-20 07:15:00+00:00,421,17.79999999962456,18.832754978127245,0,0,0
2025-11-20 07:30:00+00:00,421,15.800000000126602,17.631737294303413,0,0,0
2025-11-20 07:45:00+00:00,421,15.300000000024738,16.636215049840487,0,0,0
2025-11-20 08:00:00+00:00,421,14.099999999416468,16.535858336765592,0,0,0
2025-11-20 08:15:00+00:00,421,17.20000000022992,17.348570409907037,0,0,0
2025-11-20 08:30:00+00:00,421,16.099999999823922,16.59972081191285,0,0,0
2025-11-20 08:45:00+00:00,421,16.200000000026193,16.58435224728425,0,0,0
2025-11-20 09:00:00+00:00,421,15.20000000073196,16.266396495774288,0,0,0
2025-11-20 09:15:00+00:00,421,15.599999999722058,16.079260471778454,0,0,0
2025-11-20 09:30:00+00:00,421,15.900000000328872,15.929168310332546,0,0,0
2025-11-20 09:45:00+00:00,421,14.49999999931606,15.636050290801547,0,0,0
2025-11-20 10:00:00+00:00,421,14.400000000023285,15.051364779068647,0,0,0
2025-11-20 10:15:00+00:00,421,14.700000000630098,15.107866608735026,0,0,0
2025-11-20 10:30:00+00:00,421,14.19999999961874,14.798859694666517,0,0,0
2025-11-20 10:45:00+00:00,421,13.299999999617285,14.41028206164569,0,0,0
2025-11-20 11:00:00+00:00,421,13.800000000628645,13.937293107034694,0,0,0
2025-11-20 11:15:00+00:00,421,13.399999999819556,13.789213213400052,0,0,0
2025-11-20 11:30:00+00:00,421,11.800000000221187,13.520519312394953,0,0,0
2025-11-20 11:45:00+00:00,421,12.20000000012078,13.05254882118156,0,0,0
2025-11-20 12:00:00+00:00,421,11.499999999614374,12.873307024945849,0,0,0
2025-11-20 12:15:00+00:00,421,10.800000000017462,12.745940586143536,0,0,0
2025-11-20 12:30:00+00:00,421,10.900000000219734,12.043316650861332,0,0,0
2025-11-20 12:45:00+00:00,421,9.799999999813735,11.380804850608,0,0,0
2025-11-20 13:00:00+00:00,421,10.500000000320142,10.934181138030276,0,0,0
2025-11-20 13:15:00+00:00,421,10.69999999981519,10.690742069923076,0,0,0
2025-11-20 13:30:00+00:00,421,11.800000000221187,10.240253198913411,0,0,0
2025-11-20 13:45:00+00:00,421,9.900000000016009,10.34050110305293,0,0,0
2025-11-20 14:00:00+00:00,421,9.999999999308784,10.176533012373952,0,0,0
2025-11-20 14:15:00+00:00,421,9.900000000016009,10.02842870647817,0,0,0
2025-11-20 14:30:00+00:00,421,12.400000000525324,10.593513613740225,0,0,0
2025-11-20 14:45:00+00:00,421,13.500000000021828,11.785821700281794,0,0,0
2025-11-20 15:00:00+00:00,421,13.199999999415011,12.682242719385696,0,0,0
2025-11-20 15:15:00+00:00,421,11.599999999816646,12.741417342900528,0,0,0
2025-11-20 15:30:00+00:00,421,13.400000000729053,12.528785850861253,0,0,0
2025-11-20 15:45:00+00:00,421,14.000000000123691,12.716436624820592,0,0,0
2025-11-20 16:00:00+00:00,421,13.500000000021828,13.332056656379352,0,0,0
2025-11-20 16:15:00+00:00,421,14.599999999518332,14.047100155144213,0,0,0
2025-11-20 16:30:00+00:00,421,15.900000000328872,14.86647328811152,0,0,0
2025-11-20 16:45:00+00:00,421,15.89999999941938,15.11371578650463,0,0,0
2025-11-20 17:00:00+00:00,421,15.40000000022701,15.30416281060448,0,0,0
2025-11-20 17:15:00+00:00,421,15.10000000052969,15.410670715993962,0,0,0
2025-11-20 17:30:00+00:00,421,13.799999999719148,15.666382176523792,0,0,0
2025-11-20 17:45:00+00:00,421,14.500000000225556,15.037896185850064,0,0,0
2025-11-20 18:00:00+00:00,421,14.299999999821011,14.632515942231842,0,0,0
2025-11-20 18:15:00+00:00,421,15.40000000022701,14.615182539327906,0,0,0
2025-11-20 18:30:00+00:00,421,16.599999999925785,14.828699847700044,0,0,0
2025-11-20 18:45:00+00:00,421,17.79999999962456,14.6547848068455,0,0,0
2025-11-20 19:00:00+00:00,421,15.599999999722058,14.843200033325168,0,0,0
2025-11-20 19:15:00+00:00,421,15.40000000022701,14.92081637639978,0,0,0
2025-11-20 19:30:00+00:00,421,11.599999999816646,14.583264554124613,0,0,0
2025-11-20 19:45:00+00:00,421,4.899999999906868,2.6635065461969227,0,0,0
2025-11-20 20:00:00+00:00,421,7.500000000618456,5.092665723299515,0,0,0
2025-11-20 20:15:00+00:00,421,10.59999999961292,9.626619627918426,0,0,0
2025-11-20 20:30:00+00:00,421,10.10000000042055,10.92047679211838,0,0,0
2025-11-20 20:45:00+00:00,421,11.499999999614374,10.96495941938483,0,0,0
2025-11-20 21:00:00+00:00,421,12.20000000012078,11.033113570040832,0,0,0
2025-11-20 21:15:00+00:00,421,12.39999999961583,11.166795809547146,0,0,0
2025-11-20 21:30:00+00:00,421,12.400000000525324,11.263297477841146,0,0,0
2025-11-20 21:45:00+00:00,421,12.39999999961583,11.256859615831434,0,0,0
2025-11-20 22:00:00+00:00,421,12.4999999998181,11.463307133376873,0,0,0
2025-11-20 22:15:00+00:00,421,11.90000000042346,11.656856607121274,0,0,0
2025-11-20 22:30:00+00:00,421,11.800000000221187,11.699649905916704,0,0,0
2025-11-20 22:45:00+00:00,421,11.300000000119326,11.676210647754589,0,0,0
2025-11-20 23:00:00+00:00,421,11.999999999716238,11.624141387218405,0,0,0
2025-11-20 23:15:00+00:00,421,11.300000000119326,11.610229188340211,0,0,0
2025-11-20 23:30:00+00:00,421,11.899999999513966,11.59495966774253,0,0,0
2025-11-20 23:45:00+00:00,421,11.800000000221187,11.542908542028911,0,0,0
2025-11-21 00:00:00+00:00,421,11.90000000042346,11.62661609300502,0,0,0
2025-11-21 00:15:00+00:00,421,11.899999999513966,11.723181233177986,0,0,0
2025-11-21 00:30:00+00:00,421,11.90000000042346,11.924141571911896,0,0,0
2025-11-21 00:45:00+00:00,421,11.899999999513966,12.077820940759318,0,0,0
2025-11-21 01:00:00+00:00,421,12.600000000020373,12.12005345504166,0,0,0
2025-11-21 01:15:00+00:00,421,12.700000000222644,12.102053946155138,0,0,0
2025-11-21 01:30:00+00:00,421,11.999999999716238,12.099516465982727,0,0,0
2025-11-21 01:45:00+00:00,421,11.90000000042346,12.099893809790665,0,0,0
2025-11-21 02:00:00+00:00,421,12.600000000020373,12.1872108879499,0,0,0
2025-11-21 02:15:00+00:00,421,11.899999999513966,12.39211694557752,0,0,0
2025-11-21 02:30:00+00:00,421,11.90000000042346,12.433491543254016,0,0,0
2025-11-21 02:45:00+00:00,421,11.899999999513966,12.405186572699726,0,0,0
2025-11-21 03:00:00+00:00,421,11.800000000221187,12.4314464932635,0,0,0
2025-11-21 03:15:00+00:00,421,11.90000000042346,12.44683668018054,0,0,0
2025-11-21 03:30:00+00:00,421,12.600000000020373,12.342315932848008,0,0,0
2025-11-21 03:45:00+00:00,421,11.999999999716238,12.275020396291024,0,0,0
2025-11-21 04:00:00+00:00,421,13.399999999819556,12.294407219103585,0,0,0
2025-11-21 04:15:00+00:00,421,12.800000000424916,12.57917415284452,0,0,0
2025-11-21 04:30:00+00:00,421,12.69999999931315,12.596460126212524,0,0,0
2025-11-21 04:45:00+00:00,421,11.800000000221187,12.512539839817894,0,0,0
2025-11-21 05:00:00+00:00,421,12.4999999998181,12.504659561921285,0,0,0
2025-11-21 05:15:00+00:00,421,12.400000000525324,12.840554140411502,0,0,0
2025-11-21 05:30:00+00:00,421,11.800000000221187,12.804803430208928,0,0,0
2025-11-21 05:45:00+00:00,421,13.09999999921274,12.503220633500264,0,0,0
2025-11-21 06:00:00+00:00,421,13.100000000122236,14.605140730080471,1,0,1
2025-11-21 06:15:00+00:00,421,18.90000000003056,24.52578076557609,1,0,1
2025-11-21 06:30:00+00:00,421,14.900000000125146,20.896003960579133,1,0,1
2025-11-21 06:45:00+00:00,421,26.700000000346336,16.730052991697317,1,0,1
2025-11-21 07:00:00+00:00,421,21.39999999963038,21.26221438244856,0,0,0
2025-11-21 07:15:00+00:00,421,17.10000000002765,17.899344500941112,0,0,0
2025-11-21 07:30:00+00:00,421,15.69999999992433,16.858055544275672,0,0,0
2025-11-21 07:45:00+00:00,421,15.10000000052969,16.062277907941787,0,0,0
2025-11-21 08:00:00+00:00,421,15.69999999992433,16.16870420662974,0,0,0
2025-11-21 08:15:00+00:00,421,17.10000000002765,18.009481463322636,0,0,0
2025-11-21 08:30:00+00:00,421,17.600000000129512,17.597535018950413,0,0,0
2025-11-21 08:45:00+00:00,421,16.799999999420834,17.57162593745391,0,0,0
2025-11-21 09:00:00+00:00,421,17.39999999972497,16.998456735541417,0,0,0
2025-11-21 09:15:00+00:00,421,16.000000000531145,17.090764377371233,0,0,0
2025-11-21 09:30:00+00:00,421,16.700000000128057,17.02865261009444,0,0,0
2025-11-21 09:45:00+00:00,421,17.10000000002765,16.372785827323938,0,0,0
2025-11-21 10:00:00+00:00,421,17.600000000129512,16.127257767156166,0,0,0
2025-11-21 10:15:00+00:00,421,17.79999999962456,16.796578495788566,0,0,0
2025-11-21 10:30:00+00:00,421,18.799999999828287,17.020383131005907,0,0,0
2025-11-21 10:45:00+00:00,421,17.300000000432192,17.14240956205672,0,0,0
2025-11-21 11:00:00+00:00,421,16.599999999925785,16.859330561800455,0,0,0
2025-11-21 11:15:00+00:00,421,13.89999999992142,16.300173300290247,0,0,0
2025-11-21 11:30:00+00:00,421,14.599999999518332,15.445903886260329,0,0,0
2025-11-21 11:45:00+00:00,421,13.800000000628645,14.884764349145396,0,0,0
2025-11-21 12:00:00+00:00,421,12.999999999919964,14.543340742253122,0,0,0
2025-11-21 12:15:00+00:00,421,12.20000000012078,14.633711445534622,0,0,0
2025-11-21 12:30:00+00:00,421,12.600000000020373,14.216316881968702,0,0,0
2025-11-21 12:45:00+00:00,421,11.999999999716238,12.66587115957075,0,0,0
2025-11-21 13:00:00+00:00,421,13.299999999617285,12.14477261318079,0,0,0
2025-11-21 13:15:00+00:00,421,12.20000000012078,12.17285368842575,0,0,0
2025-11-21 13:30:00+00:00,421,12.900000000627188,12.178953963738527,0,0,0
2025-11-21 13:45:00+00:00,421,12.299999999413558,11.98942832812349,0,0,0
2025-11-21 14:00:00+00:00,421,15.40000000022701,13.206068464091796,0,0,0
2025-11-21 14:15:00+00:00,421,16.399999999521242,15.278291393739453,0,0,0
2025-11-21 14:30:00+00:00,421,15.10000000052969,14.954305813727435,0,0,0
2025-11-21 14:45:00+00:00,421,15.099999999620197,14.476549493262011,0,0,0
2025-11-21 15:00:00+00:00,421,13.30000000052678,14.381801322811178,0,0,0
2025-11-21 15:15:00+00:00,421,14.799999999922877,14.076705252977604,0,0,0
2025-11-21 15:30:00+00:00,421,14.299999999821011,14.119021466441003,0,0,0
2025-11-21 15:45:00+00:00,421,14.100000000325965,13.971591636445911,0,0,0
2025-11-21 16:00:00+00:00,421,13.399999999819556,14.075246097254492,0,0,0
2025-11-21 16:15:00+00:00,421,14.299999999821011,14.55498329833829,0,0,0
2025-11-21 16:30:00+00:00,421,15.199999999822468,15.174563696147446,0,0,0
2025-11-21 16:45:00+00:00,421,16.099999999823922,15.545039986278129,0,0,0
2025-11-21 17:00:00+00:00,421,15.900000000328872,15.797777335907696,0,0,0
2025-11-21 17:15:00+00:00,421,15.69999999992433,16.06409976011615,0,0,0
2025-11-21 17:30:00+00:00,421,15.69999999992433,16.237789510675015,0,0,0
2025-11-21 17:45:00+00:00,421,16.200000000026193,15.938485424170652,0,0,0
2025-11-21 18:00:00+00:00,421,15.69999999992433,15.86718209182734,0,0,0
2025-11-21 18:15:00+00:00,421,14.400000000023285,16.046419703104,0,0,0
2025-11-21 18:30:00+00:00,421,14.000000000123691,16.09575618537864,0,0,0
2025-11-21 18:45:00+00:00,421,14.100000000325965,14.87713516879196,0,0,0
2025-11-21 19:00:00+00:00,421,14.900000000125146,14.08937661149661,0,0,0
2025-11-21 19:15:00+00:00,421,15.799999999217109,14.291097217791798,0,0,0
2025-11-21 19:30:00+00:00,421,12.300000000323053,14.37220032925065,0,0,0
2025-11-21 19:45:00+00:00,421,4.700000000411819,5.063766750119654,0,0,0
2025-11-21 20:00:00+00:00,421,7.299999999304418,4.014087081333118,0,0,0
2025-11-21 20:15:00+00:00,421,9.70000000052096,9.282023822064051,0,0,0
2025-11-21 20:30:00+00:00,421,11.899999999513966,10.975621997558443,0,0,0
2025-11-21 20:45:00+00:00,421,13.6000000002241,11.57485024200017,0,0,0
2025-11-21 21:00:00+00:00,421,12.899999999717693,11.909361691523404,0,0,0
2025-11-21 21:15:00+00:00,421,12.700000000222644,12.206444959757029,0,0,0
2025-11-21 21:30:00+00:00,421,12.700000000222644,12.28285812710393,0,0,0
2025-11-21 21:45:00+00:00,421,12.700000000222644,12.201320477396752,0,0,0
2025-11-21 22:00:00+00:00,421,12.20000000012078,12.51828997355658,0,0,0
2025-11-21 22:15:00+00:00,421,12.39999999961583,12.61371331740128,0,0,0
2025-11-21 22:30:00+00:00,421,12.899999999717693,12.651315871984764,0,0,0
2025-11-21 22:45:00+00:00,421,12.800000000424916,12.684517244630946,0,0,0
2025-11-21 23:00:00+00:00,421,12.09999999991851,12.701652559473043,0,0,0
2025-11-21 23:15:00+00:00,421,11.400000000321596,12.643190076490384,0,0,0
2025-11-21 23:30:00+00:00,421,13.599999999314605,12.47054098574934,0,0,0
2025-11-21 23:45:00+00:00,421,12.300000000323053,12.370908270590595,0,0,0
2025-11-22 00:00:00+00:00,421,12.09999999991851,12.476718682804597,0,0,0
2025-11-22 00:15:00+00:00,421,12.20000000012078,12.452189940302372,0,0,0
2025-11-22 00:30:00+00:00,421,12.300000000323053,12.61281006373903,0,0,0
2025-11-22 00:45:00+00:00,421,12.79999999951542,12.888356137700075,0,0,0
2025-11-22 01:00:00+00:00,421,12.300000000323053,13.007648395502995,0,0,0
2025-11-22 01:15:00+00:00,421,13.6000000002241,13.099953944853285,0,0,0
2025-11-22 01:30:00+00:00,421,12.79999999951542,13.150430130976664,0,0,0
2025-11-22 01:45:00+00:00,421,12.700000000222644,13.094783427943428,0,0,0
2025-11-22 02:00:00+00:00,421,12.700000000222644,12.901187919649445,0,0,0
2025-11-22 02:15:00+00:00,421,14.099999999416468,12.906954095731166,0,0,0
2025-11-22 02:30:00+00:00,421,12.700000000222644,12.98574222734059,0,0,0
2025-11-22 02:45:00+00:00,421,12.79999999951542,13.133615662995288,0,0,0
2025-11-22 03:00:00+00:00,421,12.800000000424916,13.261711679659156,0,0,0
2025-11-22 03:15:00+00:00,421,13.6000000002241,13.4042409226033,0,0,0
2025-11-22 03:30:00+00:00,421,14.19999999961874,13.376406062449286,0,0,0
2025-11-22 03:45:00+00:00,421,13.200000000324508,13.372332702304464,0,0,0
2025-11-22 04:00:00+00:00,421,13.100000000122236,13.418492800657951,0,0,0
2025-11-22 04:15:00+00:00,421,12.299999999413558,13.453220985865268,0,0,0
2025-11-22 04:30:00+00:00,421,13.100000000122236,13.249520893938056,0,0,0
2025-11-22 04:45:00+00:00,421,13.200000000324508,13.087567861043052,0,0,0
2025-11-22 05:00:00+00:00,421,13.200000000324508,13.222895486950332,0,0,0
2025-11-22 05:15:00+00:00,421,13.09999999921274,13.499255535447167,0,0,0
2025-11-22 05:30:00+00:00,421,13.800000000628645,13.359680176101197,0,0,0
2025-11-22 05:45:00+00:00,421,12.999999999919964,13.128949433651304,0,0,0
2025-11-22 06:00:00+00:00,421,13.89999999992142,13.12646217298753,0,0,0
2025-11-22 06:15:00+00:00,421,13.299999999617285,13.85700397011163,0,0,0
2025-11-22 06:30:00+00:00,421,12.999999999919964,13.819188680109624,0,0,0
2025-11-22 06:45:00+00:00,421,17.400000000634464,13.597676704960096,0,0,0
2025-11-22 07:00:00+00:00,421,25.200000000040745,20.206587756067883,0,0,0
2025-11-22 07:15:00+00:00,421,22.50000000003638,20.755657173781078,0,0,0
2025-11-22 07:30:00+00:00,421,18.599999999423744,19.2935998790599,0,0,0
2025-11-22 07:45:00+00:00,421,16.200000000026193,16.594673751295055,0,0,0
2025-11-22 08:00:00+00:00,421,15.599999999722058,15.699150405907998,0,0,0
2025-11-22 08:15:00+00:00,421,15.10000000052969,15.717944359521397,0,0,0
2025-11-22 08:30:00+00:00,421,15.800000000126602,15.427374282560438,0,0,0
2025-11-22 08:45:00+00:00,421,14.500000000225556,15.34028807464229,0,0,0
2025-11-22 09:00:00+00:00,421,17.199999999320426,15.450201141714482,0,0,0
2025-11-22 09:15:00+00:00,421,15.800000000126602,15.741421282314992,0,0,0
2025-11-22 09:30:00+00:00,421,15.69999999992433,15.68065916433276,0,0,0
2025-11-22 09:45:00+00:00,421,16.599999999925785,15.45647579032113,0,0,0
2025-11-22 10:00:00+00:00,421,16.80000000033033,15.388252587840752,0,0,0
2025-11-22 10:15:00+00:00,421,15.99999999962165,15.621795622774194,0,0,0
2025-11-22 10:30:00+00:00,421,16.300000000228465,15.629777734674423,0,0,0
2025-11-22 10:45:00+00:00,421,15.000000000327418,15.685672745278136,0,0,0
2025-11-22 11:00:00+00:00,421,14.699999999720603,15.958220296077778,0,0,0
2025-11-22 11:15:00+00:00,421,12.700000000222644,15.569302286387316,0,0,0
2025-11-22 11:30:00+00:00,421,11.999999999716238,14.231247420883095,0,0,0
2025-11-22 11:45:00+00:00,421,12.09999999991851,13.081496182950469,0,0,0
2025-11-22 12:00:00+00:00,421,10.69999999981519,12.12912156381612,0,0,0
2025-11-22 12:15:00+00:00,421,11.100000000624275,11.842919886613211,0,0,0
2025-11-22 12:30:00+00:00,421,11.099999999714782,11.333443669006332,0,0,0
2025-11-22 12:45:00+00:00,421,10.199999999713327,11.231121420162925,0,0,0
2025-11-22 13:00:00+00:00,421,11.300000000119326,11.569382592997556,0,0,0
2025-11-22 13:15:00+00:00,421,12.700000000222644,11.619112461423168,0,0,0
2025-11-22 13:30:00+00:00,421,12.39999999961583,11.842925466558617,0,0,0
2025-11-22 13:45:00+00:00,421,12.000000000625732,11.992265730361355,0,0,0
2025-11-22 14:00:00+00:00,421,12.79999999951542,11.852249555328475,0,0,0
2025-11-22 14:15:00+00:00,421,12.20000000012078,12.140679723227054,0,0,0
2025-11-22 14:30:00+00:00,421,12.800000000424916,12.432950986043016,0,0,0
2025-11-22 14:45:00+00:00,421,13.500000000021828,12.73520895614555,0,0,0
2025-11-22 15:00:00+00:00,421,13.89999999992142,13.36432617814309,0,0,0
2025-11-22 15:15:00+00:00,421,13.599999999314605,13.627442923717023,0,0,0
2025-11-22 15:30:00+00:00,421,13.30000000052678,13.58117401642816,0,0,0
2025-11-22 15:45:00+00:00,421,14.19999999961874,13.899113725595086,0,0,0
2025-11-22 16:00:00+00:00,421,14.400000000023285,14.590062322612876,0,0,0
2025-11-22 16:15:00+00:00,421,14.700000000630098,14.821252015572233,0,0,0
2025-11-22 16:30:00+00:00,421,14.299999999821011,15.243700614687706,0,0,0
2025-11-22 16:45:00+00:00,421,14.699999999720603,15.14126537194987,0,0,0
2025-11-22 17:00:00+00:00,421,15.40000000022701,15.196962991984918,0,0,0
2025-11-22 17:15:00+00:00,421,15.099999999620197,15.308394501700135,0,0,0
2025-11-22 17:30:00+00:00,421,15.800000000126602,15.319026390174033,0,0,0
2025-11-22 17:45:00+00:00,421,15.000000000327418,15.207756001382348,0,0,0
2025-11-22 18:00:00+00:00,421,14.400000000023285,15.242343990461393,0,0,0
2025-11-22 18:15:00+00:00,421,5.499999999301508,15.221057196238815,0,0,0
2025-11-22 18:30:00+00:00,421,7.900000000518048,4.382253252269938,0,0,0
2025-11-22 18:45:00+00:00,421,10.2999999999156,7.799744805199264,0,0,0
2025-11-22 19:00:00+00:00,421,11.800000000221187,11.259127863638106,0,0,0
2025-11-22 19:15:00+00:00,421,12.4999999998181,11.900947133854372,0,0,0
2025-11-22 19:30:00+00:00,421,13.89999999992142,12.030138912296929,0,0,0
2025-11-22 19:45:00+00:00,421,14.699999999720603,11.895353936080172,0,0,0
2025-11-22 20:00:00+00:00,421,14.000000000123691,12.290647730887729,0,0,0
2025-11-22 20:15:00+00:00,421,13.30000000052678,12.566289361413816,0,0,0
2025-11-22 20:30:00+00:00,421,13.399999999819556,13.388571738416069,0,0,0
2025-11-22 20:45:00+00:00,421,12.79999999951542,13.711395294797724,0,0,0
2025-11-22 21:00:00+00:00,421,12.999999999919964,13.624897771119684,0,0,0
2025-11-22 21:15:00+00:00,421,13.100000000122236,13.477118497043678,0,0,0
2025-11-22 21:30:00+00:00,421,13.200000000324508,13.53569676389347,0,0,0
2025-11-22 21:45:00+00:00,421,14.000000000123691,13.600048879249917,0,0,0
2025-11-22 22:00:00+00:00,421,14.000000000123691,13.596327055665537,0,0,0
2025-11-22 22:15:00+00:00,421,14.000000000123691,13.565281634424773,0,0,0
2025-11-22 22:30:00+00:00,421,13.399999999819556,13.700340027966314,0,0,0
2025-11-22 22:45:00+00:00,421,12.4999999998181,13.845107526510589,0,0,0
2025-11-22 23:00:00+00:00,421,13.89999999992142,13.854230737245908,0,0,0
2025-11-22 23:15:00+00:00,421,13.89999999992142,13.85309382336987,0,0,0
2025-11-22 23:30:00+00:00,421,13.200000000324508,13.899279031477676,0,0,0
2025-11-22 23:45:00+00:00,421,14.000000000123691,13.912511872002948,0,0,0
2025-11-23 00:00:00+00:00,421,14.699999999720603,13.890854011411012,0,0,0
2025-11-23 00:15:00+00:00,421,14.699999999720603,13.932891227604218,0,0,0
2025-11-23 00:30:00+00:00,421,13.500000000021828,14.017999344876696,0,0,0
2025-11-23 00:45:00+00:00,421,13.399999999819556,14.081501913545402,0,0,0
2025-11-23 01:00:00+00:00,421,13.400000000729053,14.16063042182446,0,0,0
2025-11-23 01:15:00+00:00,421,14.099999999416468,14.161749200877937,0,0,0
2025-11-23 01:30:00+00:00,421,14.100000000325965,14.095895382714676,0,0,0
2025-11-23 01:45:00+00:00,421,14.100000000325965,14.142644165308273,0,0,0
2025-11-23 02:00:00+00:00,421,14.799999999922877,14.13792213651025,0,0,0
2025-11-23 06:45:00+00:00,421,14.699999999720603,14.10885759588786,0,0,0
2025-11-23 07:00:00+00:00,421,14.80000000083237,14.44140699710846,0,0,0
2025-11-23 07:15:00+00:00,421,14.099999999416468,14.0883157243767,0,0,0
2025-11-23 07:30:00+00:00,421,14.100000000325965,14.336045073006296,0,0,0
2025-11-23 07:45:00+00:00,421,14.900000000125146,14.801762661262876,0,0,0
2025-11-23 08:00:00+00:00,421,14.299999999821011,14.626310345449568,0,0,0
2025-11-23 08:15:00+00:00,421,15.199999999822468,14.427524790436816,0,0,0
2025-11-23 08:30:00+00:00,421,14.000000000123691,14.343866761476166,0,0,0
2025-11-23 08:45:00+00:00,421,14.299999999821011,13.972407005968051,0,0,0
2025-11-23 09:00:00+00:00,421,13.200000000324508,13.801325879885496,0,0,0
2025-11-23 09:15:00+00:00,421,13.399999999819556,13.68423839801028,0,0,0
2025-11-23 09:30:00+00:00,421,13.500000000021828,13.15672849435128,0,0,0
2025-11-23 09:45:00+00:00,421,12.700000000222644,13.192015371592158,0,0,0
2025-11-23 10:00:00+00:00,421,13.500000000021828,12.97456629418982,0,0,0
2025-11-23 10:15:00+00:00,421,12.69999999931315,12.677467681106336,0,0,0
2025-11-23 10:30:00+00:00,421,11.90000000042346,12.188862551789445,0,0,0
2025-11-23 10:45:00+00:00,421,11.999999999716238,11.5089824739734,0,0,0
2025-11-23 11:00:00+00:00,421,12.09999999991851,11.431654195580265,0,0,0
2025-11-23 11:15:00+00:00,421,12.800000000424916,11.970661576743934,0,0,0
2025-11-23 11:30:00+00:00,421,11.999999999716238,12.469279918088066,0,0,0
2025-11-23 11:45:00+00:00,421,12.09999999991851,12.464079408971664,0,0,0
2025-11-23 12:00:00+00:00,421,12.09999999991851,12.361825514459452,0,0,0
2025-11-23 12:15:00+00:00,421,12.100000000828004,12.112822543291424,0,0,0
2025-11-23 12:30:00+00:00,421,11.099999999714782,11.630022649674078,0,0,0
2025-11-23 12:45:00+00:00,421,12.09999999991851,11.122292257485434,0,0,0
2025-11-23 13:00:00+00:00,421,11.199999999917054,11.10088270446397,0,0,0
2025-11-23 13:15:00+00:00,421,11.999999999716238,11.194834337708404,0,0,0
2025-11-23 13:30:00+00:00,421,11.199999999917054,11.294250829982747,0,0,0
2025-11-23 13:45:00+00:00,421,10.40000000011787,11.268055078791118,0,0,0
2025-11-23 14:00:00+00:00,421,11.800000000221187,11.751477136320991,0,0,0
2025-11-23 14:15:00+00:00,421,12.4999999998181,12.533136813289918,0,0,0
2025-11-23 14:30:00+00:00,421,12.20000000012078,12.242888978176032,0,0,0
2025-11-23 14:45:00+00:00,421,11.700000000018916,11.953592523753509,0,0,0
2025-11-23 15:00:00+00:00,421,12.300000000323053,11.881169714863542,0,0,0
2025-11-23 15:15:00+00:00,421,12.79999999951542,12.197355228694128,0,0,0
2025-11-23 15:30:00+00:00,421,12.09999999991851,12.62744347056067,0,0,0
2025-11-23 15:45:00+00:00,421,12.999999999919964,12.623757916621416,0,0,0
2025-11-23 16:00:00+00:00,421,12.800000000424916,12.977833352223785,0,0,0
2025-11-23 16:15:00+00:00,421,12.700000000222644,13.134965312289848,0,0,0
2025-11-23 16:30:00+00:00,421,12.4999999998181,13.112017786816445,0,0,0
2025-11-23 16:45:00+00:00,421,12.4999999998181,12.912284338578209,0,0,0
2025-11-23 17:00:00+00:00,421,13.500000000021828,13.069795037438562,0,0,0
2025-11-23 17:15:00+00:00,421,13.500000000021828,13.472987942458465,0,0,0
2025-11-23 17:30:00+00:00,421,13.500000000021828,13.742460943340578,0,0,0
2025-11-23 17:45:00+00:00,421,12.800000000424916,13.693991445083066,0,0,0
2025-11-23 18:00:00+00:00,421,14.400000000023285,13.658985657591908,0,0,0
2025-11-23 18:15:00+00:00,421,14.400000000023285,13.890546416920625,0,0,0
2025-11-23 18:30:00+00:00,421,14.299999999821011,13.928525617818869,0,0,0
2025-11-23 18:45:00+00:00,421,13.799999999719148,13.52357293751722,0,0,0
2025-11-23 19:00:00+00:00,421,13.89999999992142,13.609733571991502,0,0,0
2025-11-23 19:15:00+00:00,421,14.500000000225556,13.803820115481024,0,0,0
2025-11-23 19:30:00+00:00,421,14.699999999720603,13.678766564048615,0,0,0
2025-11-23 19:45:00+00:00,421,13.399999999819556,12.840861037408716,0,0,0
2025-11-23 20:00:00+00:00,421,13.89999999992142,12.91081262797794,0,0,0
2025-11-23 20:15:00+00:00,421,13.400000000729053,13.283589250601366,0,0,0
2025-11-23 20:30:00+00:00,421,13.399999999819556,13.46010175604141,0,0,0
2025-11-23 20:45:00+00:00,421,13.500000000021828,13.546933378950508,0,0,0
2025-11-23 21:00:00+00:00,421,13.6000000002241,13.449914868213476,0,0,0
2025-11-23 21:15:00+00:00,421,13.799999999719148,13.361771260641294,0,0,0
2025-11-23 21:30:00+00:00,421,13.399999999819556,13.43879403702357,0,0,0
2025-11-23 21:45:00+00:00,421,13.500000000021828,13.447201619760843,0,0,0
2025-11-23 22:00:00+00:00,421,12.300000000323053,13.414215772505887,0,0,0
2025-11-23 22:15:00+00:00,421,13.100000000122236,13.181508334396677,0,0,0
2025-11-23 22:30:00+00:00,421,12.4999999998181,12.98966004650728,0,0,0
2025-11-23 22:45:00+00:00,421,12.4999999998181,12.81956796574756,0,0,0
2025-11-23 23:00:00+00:00,421,13.200000000324508,12.661520197142083,0,0,0
2025-11-23 23:15:00+00:00,421,13.199999999415011,12.648018124251076,0,0,0
2025-11-23 23:30:00+00:00,421,13.30000000052678,12.692614442905132,0,0,0
2025-11-23 23:45:00+00:00,421,13.299999999617285,12.731851921491948,0,0,0
2025-11-24 00:00:00+00:00,421,13.399999999819556,12.76170672188216,0,0,0
2025-11-24 00:15:00+00:00,421,12.700000000222644,12.962683800452284,0,0,0
2025-11-24 00:30:00+00:00,421,11.999999999716238,12.746634591853145,0,0,0
2025-11-24 00:45:00+00:00,421,12.800000000424916,12.343633497456496,0,0,0
2025-11-24 01:00:00+00:00,421,12.09999999991851,12.321507618943812,0,0,0
2025-11-24 01:15:00+00:00,421,12.09999999991851,12.250762281140888,0,0,0
2025-11-24 01:30:00+00:00,421,12.600000000020373,12.269026837434096,0,0,0
2025-11-24 01:45:00+00:00,421,11.999999999716238,12.414364885395912,0,0,0
2025-11-24 02:00:00+00:00,421,12.700000000222644,12.553892117712776,0,0,0
2025-11-24 02:15:00+00:00,421,12.600000000020373,12.65661961009114,0,0,0
2025-11-24 02:30:00+00:00,421,12.600000000020373,12.597194586526308,0,0,0
2025-11-24 02:45:00+00:00,421,12.4999999998181,12.466112601578196,0,0,0
2025-11-24 03:00:00+00:00,421,11.800000000221187,12.321796381118464,0,0,0
2025-11-24 03:15:00+00:00,421,12.39999999961583,12.21574114879987,0,0,0
2025-11-24 03:30:00+00:00,421,11.700000000018916,12.164174083350034,0,0,0
2025-11-24 03:45:00+00:00,421,12.300000000323053,12.14968017516349,0,0,0
2025-11-24 04:00:00+00:00,421,12.20000000012078,12.184960077472612,0,0,0
2025-11-24 04:15:00+00:00,421,12.300000000323053,12.268574164363208,0,0,0
2025-11-24 04:30:00+00:00,421,12.09999999991851,12.163863001393768,0,0,0
2025-11-24 04:45:00+00:00,421,11.499999999614374,11.93862780767351,0,0,0
2025-11-24 05:00:00+00:00,421,12.09999999991851,11.765248441577738,0,0,0
2025-11-24 05:15:00+00:00,421,12.700000000222644,11.923783757912874,0,0,0
2025-11-24 05:30:00+00:00,421,11.499999999614374,11.932837916823823,0,0,0
2025-11-24 05:45:00+00:00,421,14.300000000730506,11.761033490318292,0,0,0
2025-11-24 06:00:00+00:00,421,16.999999999825377,15.662199309950417,0,0,0
2025-11-24 06:15:00+00:00,421,27.79999999984284,22.856888844597083,0,0,0
2025-11-24 06:30:00+00:00,421,21.200000000135333,20.20904014207288,0,0,0
2025-11-24 06:45:00+00:00,421,16.999999999825377,17.463271767628925,0,0,0
2025-11-24 07:00:00+00:00,421,16.999999999825377,16.55400292423262,0,0,0
2025-11-24 07:15:00+00:00,421,15.000000000327418,16.017869912445114,0,0,0
2025-11-24 07:30:00+00:00,421,16.300000000228465,15.316790924546606,0,0,0
2025-11-24 07:45:00+00:00,421,14.799999999922877,16.247126154322032,0,0,0
2025-11-24 08:00:00+00:00,421,15.99999999962165,16.718024024392932,0,0,0
2025-11-24 08:15:00+00:00,421,16.099999999823922,17.630918437315398,0,0,0
2025-11-24 08:30:00+00:00,421,15.69999999992433,16.81571770852383,0,0,0
2025-11-24 08:45:00+00:00,421,16.000000000531145,16.273650424799314,0,0,0
2025-11-24 09:00:00+00:00,421,16.499999999723514,16.247820857524815,0,0,0
2025-11-24 09:15:00+00:00,421,15.199999999822468,16.438355765764776,0,0,0
2025-11-24 09:30:00+00:00,421,15.900000000328872,16.426509541672367,0,0,0
2025-11-24 09:45:00+00:00,421,15.69999999992433,16.196433745314256,0,0,0
2025-11-24 10:00:00+00:00,421,16.999999999825377,15.902875607589523,0,0,0
2025-11-24 10:15:00+00:00,421,16.999999999825377,16.085533725398754,0,0,0
2025-11-24 10:30:00+00:00,421,15.40000000022701,16.171847110878467,0,0,0
2025-11-24 10:45:00+00:00,421,15.40000000022701,15.837443772797434,0,0,0
2025-11-24 11:00:00+00:00,421,16.099999999823922,15.498029643743726,0,0,0
2025-11-24 11:15:00+00:00,421,14.299999999821011,15.121663721239262,0,0,0
2025-11-24 11:30:00+00:00,421,15.10000000052969,14.887111413680898,0,0,0
2025-11-24 11:45:00+00:00,421,15.89999999941938,15.141786399351956,0,0,0
2025-11-24 12:00:00+00:00,421,15.10000000052969,15.689063259604158,0,0,0
2025-11-24 12:15:00+00:00,421,17.299999999522697,15.760518645459726,0,0,0
2025-11-24 12:30:00+00:00,421,16.700000000128057,15.752895045051693,0,0,0
2025-11-24 12:45:00+00:00,421,15.300000000024738,15.927407837557626,0,0,0
2025-11-24 13:00:00+00:00,421,15.199999999822468,15.977436233062344,0,0,0
2025-11-24 13:15:00+00:00,421,15.50000000042928,15.78987613321582,0,0,0
2025-11-24 13:30:00+00:00,421,14.900000000125146,15.797633652313545,0,0,0
2025-11-24 13:45:00+00:00,421,15.599999999722058,15.737261433016409,0,0,0
2025-11-24 14:00:00+00:00,421,15.199999999822468,15.747566894684176,0,0,0
2025-11-24 14:15:00+00:00,421,16.400000000430737,15.719510231700358,0,0,0
2025-11-24 14:30:00+00:00,421,18.09999999932188,15.567910787502226,0,0,0
2025-11-24 14:45:00+00:00,421,17.00000000073487,15.929373373326138,0,0,0
2025-11-24 15:00:00+00:00,421,14.900000000125146,16.370834241418937,0,0,0
2025-11-24 15:15:00+00:00,421,15.99999999962165,16.136201024652216,0,0,0
2025-11-24 15:30:00+00:00,421,14.599999999518332,16.04350557661683,0,0,0
2025-11-24 15:45:00+00:00,421,16.300000000228465,15.948734388891204,0,0,0
2025-11-24 16:00:00+00:00,421,18.200000000433647,16.05059210727974,0,0,0
2025-11-24 16:15:00+00:00,421,18.599999999423744,16.341397239440838,0,0,0
2025-11-24 16:30:00+00:00,421,17.400000000634464,16.51560173996321,0,0,0
2025-11-24 16:45:00+00:00,421,16.499999999723514,16.443400036409873,0,0,0
2025-11-24 17:00:00+00:00,421,15.000000000327418,16.45114360564409,0,0,0
2025-11-24 17:15:00+00:00,421,14.49999999931606,16.4410578543266,0,0,0
2025-11-24 17:30:00+00:00,421,15.20000000073196,16.125707937320243,0,0,0
2025-11-24 17:45:00+00:00,421,15.300000000024738,15.747031219925404,0,0,0
2025-11-24 18:00:00+00:00,421,14.599999999518332,15.592825941223667,0,0,0
2025-11-24 18:15:00+00:00,421,14.799999999922877,15.403148252096376,0,0,0
2025-11-24 18:30:00+00:00,421,15.69999999992433,15.060211782506478,0,0,0
2025-11-24 18:45:00+00:00,421,14.700000000630098,14.35806563004948,0,0,0
2025-11-24 19:00:00+00:00,421,14.599999999518332,14.136789407593266,0,0,0
2025-11-24 19:15:00+00:00,421,15.000000000327418,14.265028410358108,0,0,0
2025-11-24 19:30:00+00:00,421,13.599999999314605,13.956600415625248,0,0,0
2025-11-24 19:45:00+00:00,421,4.100000000107684,2.4361600406344763,0,0,0
2025-11-24 20:00:00+00:00,421,5.400000000008731,2.530641419945688,0,0,0
2025-11-24 20:15:00+00:00,421,7.700000000113505,6.699373991611331,0,0,0
2025-11-24 20:30:00+00:00,421,9.70000000052096,9.136385503290192,0,0,0
2025-11-24 20:45:00+00:00,421,10.40000000011787,9.789925797573868,0,0,0
2025-11-24 21:00:00+00:00,421,11.599999999816646,10.405941307763127,0,0,0
2025-11-24 21:15:00+00:00,421,10.40000000011787,10.960431991182766,0,0,0
2025-11-24 21:30:00+00:00,421,10.99999999951251,11.106987164735802,0,0,0
2025-11-24 21:45:00+00:00,421,10.900000000219734,10.852981772513209,0,0,0
2025-11-24 22:00:00+00:00,421,10.800000000017462,11.0050715544137,0,0,0
2025-11-24 22:15:00+00:00,421,11.400000000321596,11.056803925746124,0,0,0
2025-11-24 22:30:00+00:00,421,10.799999999107968,11.023434457244653,0,0,0
2025-11-24 22:45:00+00:00,421,11.400000000321596,10.844614644380108,0,0,0
2025-11-24 23:00:00+00:00,421,11.400000000321596,10.806085818859582,0,0,0
2025-11-24 23:15:00+00:00,421,11.300000000119326,10.91558736495824,0,0,0
2025-11-24 23:30:00+00:00,421,11.700000000018916,11.573190905735697,0,0,0
2025-11-24 23:45:00+00:00,421,11.799999999311694,11.933132258943878,0,0,0
2025-11-25 00:00:00+00:00,421,11.199999999917054,12.032538986313764,0,0,0
2025-11-25 00:15:00+00:00,421,11.700000000018916,12.211213023104632,0,0,0
2025-11-25 00:30:00+00:00,421,11.800000000221187,11.927648567598228,0,0,0
2025-11-25 00:45:00+00:00,421,11.199999999917054,11.57148553492164,0,0,0
2025-11-25 01:00:00+00:00,421,11.700000000018916,11.35200465989912,0,0,0
2025-11-25 01:15:00+00:00,421,11.199999999917054,11.398515597319877,0,0,0
2025-11-25 01:30:00+00:00,421,11.700000000018916,11.521254168902852,0,0,0
2025-11-25 01:45:00+00:00,421,11.199999999917054,11.580711974646931,0,0,0
2025-11-25 02:00:00+00:00,421,11.200000000826549,11.600222253751554,0,0,0
2025-11-25 02:15:00+00:00,421,11.099999999714782,11.704959223968483,0,0,0
2025-11-25 02:30:00+00:00,421,11.099999999714782,11.630824766825883,0,0,0
2025-11-25 02:45:00+00:00,421,10.600000000522414,11.474957361886972,0,0,0
2025-11-25 03:00:00+00:00,421,10.59999999961292,11.318863969159205,0,0,0
2025-11-25 03:15:00+00:00,421,11.199999999917054,11.21248579750036,0,0,0
2025-11-25 03:30:00+00:00,421,10.69999999981519,11.14031269116722,0,0,0
2025-11-25 03:45:00+00:00,421,11.400000000321596,11.074049444509953,0,0,0
2025-11-25 04:00:00+00:00,421,11.499999999614374,11.072404058108988,0,0,0
2025-11-25 04:15:00+00:00,421,11.500000000523867,11.282977945280583,0,0,0
2025-11-25 04:30:00+00:00,421,12.09999999991851,11.26002623484813,0,0,0
2025-11-25 04:45:00+00:00,421,11.099999999714782,11.182766310786189,0,0,0
2025-11-25 05:00:00+00:00,421,11.800000000221187,11.144941953372903,0,0,0
2025-11-25 05:15:00+00:00,421,11.199999999917054,11.56384449718422,0,0,0
2025-11-25 05:30:00+00:00,421,10.900000000219734,11.421361986282832,0,0,0
2025-11-25 05:45:00+00:00,421,11.499999999614374,10.865382503680124,0,0,0
2025-11-25 06:00:00+00:00,421,12.09999999991851,12.928863751359447,0,0,0
2025-11-25 06:15:00+00:00,421,22.800000000643195,25.018960055137804,0,0,0
2025-11-25 06:30:00+00:00,421,15.799999999217109,22.36216251517215,0,0,0
2025-11-25 06:45:00+00:00,421,21.10000000084256,18.609124716203773,0,0,0
2025-11-25 07:00:00+00:00,421,18.999999999323336,19.383146842901155,0,0,0
2025-11-25 07:15:00+00:00,421,18.200000000433647,16.403132360402868,0,0,0
2025-11-25 07:30:00+00:00,421,14.19999999961874,15.971175534319206,0,0,0
2025-11-25 07:45:00+00:00,421,13.800000000628645,15.429177999912238,0,0,0
2025-11-25 08:00:00+00:00,421,13.999999999214197,15.448892644517276,0,0,0
2025-11-25 08:15:00+00:00,421,16.9000000005326,16.61252260165567,0,0,0
2025-11-25 08:30:00+00:00,421,15.40000000022701,16.12597856467233,0,0,0
2025-11-25 08:45:00+00:00,421,14.699999999720603,16.203644429762402,0,0,0
2025-11-25 09:00:00+00:00,421,16.399999999521242,15.85430636780792,0,0,0
2025-11-25 09:15:00+00:00,421,15.900000000328872,16.163191220570717,0,0,0
2025-11-25 09:30:00+00:00,421,15.800000000126602,16.159952062263777,0,0,0
2025-11-25 09:45:00+00:00,421,15.499999999519789,15.93680865057679,0,0,0
2025-11-25 10:00:00+00:00,421,14.900000000125146,15.817143931418164,0,0,0
2025-11-25 10:15:00+00:00,421,16.400000000430737,16.166495943236157,0,0,0
2025-11-25 10:30:00+00:00,421,15.800000000126602,16.102443749945174,0,0,0
2025-11-25 10:45:00+00:00,421,15.89999999941938,16.010484854703098,0,0,0
2025-11-25 11:00:00+00:00,421,18.60000000033324,16.093270319701215,0,0,0
2025-11-25 11:15:00+00:00,421,20.30000000013388,16.56922641028072,0,0,0
2025-11-25 11:30:00+00:00,421,19.4999999994252,17.28454751132942,0,0,0
2025-11-25 11:45:00+00:00,421,18.70000000053551,17.612457187946703,0,0,0
2025-11-25 12:00:00+00:00,421,17.20000000022992,17.809348351494847,0,0,0
2025-11-25 12:15:00+00:00,421,18.000000000029104,17.893549727639197,0,0,0
2025-11-25 12:30:00+00:00,421,21.19999999922584,17.71033222030323,0,0,0
2025-11-25 12:45:00+00:00,421,20.30000000013388,18.34124548722764,0,0,0
2025-11-25 13:00:00+00:00,421,18.30000000063592,18.937595177334146,0,0,0
2025-11-25 13:15:00+00:00,421,18.799999999828287,18.445344948682177,0,0,0
2025-11-25 13:30:00+00:00,421,18.399999999928696,18.09878569953882,0,0,0
2025-11-25 13:45:00+00:00,421,18.10000000023137,18.041683328248347,0,0,0
2025-11-25 14:00:00+00:00,421,18.599999999423744,18.20801034084681,0,0,0
2025-11-25 14:15:00+00:00,421,18.500000000130967,18.348876062567427,0,0,0
2025-11-25 14:30:00+00:00,421,17.700000000331784,18.28431888421739,0,0,0
2025-11-25 14:45:00+00:00,421,16.899999999623105,17.92845926107214,0,0,0
2025-11-25 15:00:00+00:00,421,17.10000000002765,17.678322863493946,0,0,0
2025-11-25 15:15:00+00:00,421,17.10000000002765,17.51594087229602,0,0,0
2025-11-25 15:30:00+00:00,421,17.700000000331784,17.388178257370036,0,0,0
2025-11-25 15:45:00+00:00,421,16.899999999623105,17.368796317009704,0,0,0
2025-11-25 16:00:00+00:00,421,17.39999999972497,17.463249447847307,0,0,0
2025-11-25 16:15:00+00:00,421,18.90000000003056,17.511825662560668,0,0,0
2025-11-25 16:30:00+00:00,421,17.800000000534055,17.717136963723245,0,0,0
2025-11-25 16:45:00+00:00,421,16.700000000128057,17.671381411411538,0,0,0
2025-11-25 17:00:00+00:00,421,16.29999999931897,17.565937183114666,0,0,0
2025-11-25 17:15:00+00:00,421,14.700000000630098,17.258685859368846,0,0,0
2025-11-25 17:30:00+00:00,421,14.599999999518332,16.76573116260964,0,0,0
2025-11-25 17:45:00+00:00,421,14.100000000325965,16.013763072627867,0,0,0
2025-11-25 18:00:00+00:00,421,14.299999999821011,15.670738021404684,0,0,0
2025-11-25 18:15:00+00:00,421,15.50000000042928,15.5279367561221,0,0,0
2025-11-25 18:30:00+00:00,421,15.099999999620197,15.302656225345435,0,0,0
2025-11-25 18:45:00+00:00,421,15.000000000327418,14.49976625110115,0,0,0
2025-11-25 19:00:00+00:00,421,14.599999999518332,14.350262076402172,0,0,0
2025-11-25 19:15:00+00:00,421,14.700000000630098,14.340347210912675,0,0,0
2025-11-25 19:30:00+00:00,421,12.299999999413558,13.63561266128146,0,0,0
2025-11-25 19:45:00+00:00,421,3.899999999703141,3.42295908669822,0,0,0
2025-11-25 20:00:00+00:00,421,7.600000000820728,4.730769165940482,0,0,0
2025-11-25 20:15:00+00:00,421,10.099999999511056,9.07665044400886,0,0,0
2025-11-25 20:30:00+00:00,421,11.700000000018916,10.533560587841553,0,0,0
2025-11-25 20:45:00+00:00,421,12.300000000323053,11.30608868415705,0,0,0
2025-11-25 21:00:00+00:00,421,12.20000000012078,11.53890423370846,0,0,0
2025-11-25 21:15:00+00:00,421,12.199999999211286,11.851647618718037,0,0,0
2025-11-25 21:30:00+00:00,421,12.20000000012078,11.921638966398262,0,0,0
2025-11-25 21:45:00+00:00,421,12.09999999991851,11.693843275230805,0,0,0
2025-11-25 22:00:00+00:00,421,12.100000000828004,12.094428253267576,0,0,0
2025-11-25 22:15:00+00:00,421,11.399999999412104,12.20229975781513,0,0,0
2025-11-25 22:30:00+00:00,421,11.400000000321596,12.0890108237736,0,0,0
2025-11-25 22:45:00+00:00,421,11.999999999716238,11.860145178074948,0,0,0
2025-11-25 23:00:00+00:00,421,12.09999999991851,11.86241063590892,0,0,0
2025-11-25 23:15:00+00:00,421,12.09999999991851,12.041206734005495,0,0,0
2025-11-25 23:30:00+00:00,421,12.000000000625732,12.0836736059948,0,0,0
2025-11-25 23:45:00+00:00,421,11.899999999513966,12.034532421809295,0,0,0
2025-11-26 00:00:00+00:00,421,11.90000000042346,12.131220320781148,0,0,0
2025-11-26 00:15:00+00:00,421,12.600000000020373,12.262659422235108,0,0,0
2025-11-26 00:30:00+00:00,421,11.799999999311694,12.237385757021467,0,0,0
2025-11-26 00:45:00+00:00,421,11.800000000221187,12.019151302303538,0,0,0
2025-11-26 01:00:00+00:00,421,12.300000000323053,11.81589272355641,0,0,0
2025-11-26 01:15:00+00:00,421,11.899999999513966,11.839892766231614,0,0,0
2025-11-26 01:30:00+00:00,421,12.400000000525324,11.80544078832179,0,0,0
2025-11-26 01:45:00+00:00,421,11.899999999513966,11.786310642997808,0,0,0
2025-11-26 02:00:00+00:00,421,11.800000000221187,11.863804227273532,0,0,0
2025-11-26 02:15:00+00:00,421,11.90000000042346,12.014102846699387,0,0,0
2025-11-26 02:30:00+00:00,421,10.59999999961292,11.92646840914531,0,0,0
2025-11-26 02:45:00+00:00,421,10.199999999713327,11.69185820965338,0,0,0
2025-11-26 03:00:00+00:00,421,14.500000000225556,11.43757730762647,0,0,0
2025-11-26 03:15:00+00:00,421,12.700000000222644,11.581272061666846,0,0,0
2025-11-26 03:30:00+00:00,421,12.09999999991851,11.600053460403084,0,0,0
2025-11-26 03:45:00+00:00,421,11.899999999513966,11.467270987093144,0,0,0
2025-11-26 04:00:00+00:00,421,9.600000000318689,11.471984645973064,0,0,0
2025-11-26 04:15:00+00:00,421,10.199999999713327,11.758915901037524,0,0,0
2025-11-26 04:30:00+00:00,421,12.000000000625732,11.797702101539802,0,0,0
2025-11-26 04:45:00+00:00,421,13.89999999992142,11.808973591255612,0,0,0
2025-11-26 05:00:00+00:00,421,12.4999999998181,12.109685916481276,0,0,0
2025-11-26 05:15:00+00:00,421,13.100000000122236,12.603903075888107,0,0,0
2025-11-26 05:30:00+00:00,421,12.09999999991851,12.910875402363732,0,0,0
2025-11-26 05:45:00+00:00,421,11.400000000321596,12.719271237085756,1,0,1
2025-11-26 06:00:00+00:00,421,12.69999999931315,14.507724648233417,1,0,1
2025-11-26 06:15:00+00:00,421,26.90000000075088,24.83088520532777,1,0,1
2025-11-26 06:30:00+00:00,421,16.29999999931897,23.951234712135197,1,0,1
2025-11-26 06:45:00+00:00,421,22.20000000033906,20.992590025547365,0,0,0
2025-11-26 07:00:00+00:00,421,18.500000000130967,19.936364950022124,0,0,0
2025-11-26 07:15:00+00:00,421,17.299999999522697,16.7550664919565,0,0,0
2025-11-26 07:30:00+00:00,421,15.50000000042928,15.84967501312271,0,0,0
2025-11-26 07:45:00+00:00,421,14.299999999821011,15.00071840461045,0,0,0
2025-11-26 08:00:00+00:00,421,15.199999999822468,15.038373271182094,0,0,0
2025-11-26 08:15:00+00:00,421,15.69999999992433,16.712399439425834,0,0,0
2025-11-26 08:30:00+00:00,421,15.600000000631551,15.825817956548477,0,0,0
2025-11-26 08:45:00+00:00,421,17.79999999962456,16.01373796287355,0,0,0
2025-11-26 09:00:00+00:00,421,15.69999999992433,15.758200875637597,0,0,0
2025-11-26 09:15:00+00:00,421,16.200000000026193,15.81772215326064,0,0,0
2025-11-26 09:30:00+00:00,421,16.400000000430737,15.798732204064931,0,0,0
2025-11-26 09:45:00+00:00,421,16.999999999825377,15.595675898338692,0,0,0
2025-11-26 10:00:00+00:00,421,15.69999999992433,15.75941521125611,0,0,0
2025-11-26 10:15:00+00:00,421,17.39999999972497,16.325346526486612,0,0,0
2025-11-26 10:30:00+00:00,421,17.600000000129512,16.588632065409016,0,0,0
2025-11-26 10:45:00+00:00,421,15.800000000126602,16.61764778150912,0,0,0
2025-11-26 11:00:00+00:00,421,15.199999999822468,16.012693118096678,0,0,0
2025-11-26 11:15:00+00:00,421,14.400000000023285,15.851994875424367,0,0,0
2025-11-26 11:30:00+00:00,421,15.10000000052969,15.548802264466683,0,0,0
2025-11-26 11:45:00+00:00,421,14.19999999961874,15.340364101398418,0,0,0
2025-11-26 12:00:00+00:00,421,15.800000000126602,15.215532352795812,0,0,0
2025-11-26 12:15:00+00:00,421,16.599999999925785,15.681819792976764,0,0,0
2025-11-26 12:30:00+00:00,421,20.99999999973079,15.810512863798843,0,0,0
2025-11-26 12:45:00+00:00,421,16.9000000005326,16.616294644748685,0,0,0
2025-11-26 13:00:00+00:00,421,14.899999999215652,16.43733324076952,0,0,0
2025-11-26 13:15:00+00:00,421,15.900000000328872,15.8708760156847,0,0,0
2025-11-26 13:30:00+00:00,421,14.299999999821011,15.723868169060776,0,0,0
2025-11-26 13:45:00+00:00,421,14.200000000528236,15.470229658248488,0,0,0
2025-11-26 14:00:00+00:00,421,14.799999999922877,15.50320853057169,0,0,0
2025-11-26 14:15:00+00:00,421,15.599999999722058,15.4154834189048,0,0,0
2025-11-26 14:30:00+00:00,421,16.099999999823922,15.421075221692648,0,0,0
2025-11-26 14:45:00+00:00,421,16.400000000430737,15.052067852189534,0,0,0
2025-11-26 15:00:00+00:00,421,14.999999999417923,15.09510597108956,0,0,0
2025-11-26 15:15:00+00:00,421,13.900000000830914,15.059744462078903,0,0,0
2025-11-26 15:30:00+00:00,421,15.099999999620197,14.752628452009128,0,0,0
2025-11-26 15:45:00+00:00,421,15.099999999620197,14.735828631384436,0,0,0
2025-11-26 16:00:00+00:00,421,13.800000000628645,15.113600700130675,0,0,0
2025-11-26 16:15:00+00:00,421,15.499999999519789,15.251032662948388,0,0,0
2025-11-26 16:30:00+00:00,421,17.600000000129512,15.603323911007868,0,0,0
2025-11-26 16:45:00+00:00,421,15.099999999620197,15.9560148226569,0,0,0
2025-11-26 17:00:00+00:00,421,16.80000000033033,15.761154061742593,0,0,0
2025-11-26 17:15:00+00:00,421,15.300000000024738,15.746260489966495,0,0,0
2025-11-26 17:30:00+00:00,421,14.000000000123691,15.826477785092484,0,0,0
2025-11-26 17:45:00+00:00,421,13.799999999719148,15.552755655785324,0,0,0
2025-11-26 18:00:00+00:00,421,15.300000000024738,15.408724012541189,0,0,0
2025-11-26 18:15:00+00:00,421,16.000000000531145,15.524221907469476,0,0,0
2025-11-26 18:30:00+00:00,421,15.199999999822468,15.65222446004783,0,0,0
2025-11-26 18:45:00+00:00,421,15.800000000126602,14.854805622272035,0,0,0
2025-11-26 19:00:00+00:00,421,15.800000000126602,14.786779112867144,0,0,0
2025-11-26 19:15:00+00:00,421,13.799999999719148,14.84239373121431,0,0,0
2025-11-26 19:30:00+00:00,421,10.00000000021828,14.277712323754272,0,0,0
2025-11-26 19:45:00+00:00,421,4.199999999400461,1.7993723118128524,0,0,0
2025-11-26 20:00:00+00:00,421,6.50000000041473,5.375246669835164,0,0,0
2025-11-26 20:15:00+00:00,421,9.599999999409192,9.67745781299988,0,0,0
2025-11-26 20:30:00+00:00,421,10.500000000320142,10.99508972957936,0,0,0
2025-11-26 20:45:00+00:00,421,12.20000000012078,11.316718480151415,0,0,0
2025-11-26 21:00:00+00:00,421,11.800000000221187,11.378722833479184,0,0,0
2025-11-26 21:15:00+00:00,421,10.499999999410647,11.327372688406925,0,0,0
2025-11-26 21:30:00+00:00,421,11.200000000826549,11.027496657498666,0,0,0
2025-11-26 21:45:00+00:00,421,11.799999999311694,10.867020217656158,0,0,0
2025-11-26 22:00:00+00:00,421,11.800000000221187,11.198293206365625,0,0,0
2025-11-26 22:15:00+00:00,421,11.199999999917054,11.403469891345331,0,0,0
2025-11-26 22:30:00+00:00,421,10.69999999981519,11.403023495713024,0,0,0
2025-11-26 22:45:00+00:00,421,11.400000000321596,11.274066772470608,0,0,0
2025-11-26 23:00:00+00:00,421,10.800000000017462,11.175283603999604,0,0,0
2025-11-26 23:15:00+00:00,421,10.900000000219734,11.120464825365666,0,0,0
2025-11-26 23:30:00+00:00,421,11.700000000018916,11.102406727052404,0,0,0
2025-11-26 23:45:00+00:00,421,11.700000000018916,11.079752846205878,0,0,0
2025-11-27 00:00:00+00:00,421,10.99999999951251,11.201542827070202,0,0,0
2025-11-27 00:15:00+00:00,421,11.100000000624275,11.299434599262938,0,0,0
2025-11-27 00:30:00+00:00,421,11.099999999714782,11.4884929144504,0,0,0
2025-11-27 00:45:00+00:00,421,11.800000000221187,11.68181082046054,0,0,0
2025-11-27 01:00:00+00:00,421,11.099999999714782,11.783889644185706,0,0,0
2025-11-27 01:15:00+00:00,421,11.800000000221187,11.82740833588364,0,0,0
2025-11-27 01:30:00+00:00,421,11.199999999917054,11.865542380266838,0,0,0
2025-11-27 01:45:00+00:00,421,11.199999999917054,11.897659151025143,0,0,0
2025-11-27 02:00:00+00:00,421,11.800000000221187,12.01521883578016,0,0,0
2025-11-27 02:15:00+00:00,421,11.799999999311694,12.265792561579378,0,0,0
2025-11-27 02:30:00+00:00,421,12.999999999919964,12.310959429650978,0,0,0
2025-11-27 02:45:00+00:00,421,13.6000000002241,12.376694673974406,0,0,0
2025-11-27 03:00:00+00:00,421,12.400000000525324,12.525428118714476,0,0,0
2025-11-27 03:15:00+00:00,421,12.4999999998181,12.694409790338828,0,0,0
2025-11-27 03:30:00+00:00,421,11.800000000221187,12.658136657747816,0,0,0
2025-11-27 03:45:00+00:00,421,11.799999999311694,12.57490898207644,0,0,0
2025-11-27 04:00:00+00:00,421,12.300000000323053,12.595667773965175,0,0,0
2025-11-27 04:15:00+00:00,421,12.899999999717693,12.826535922570637,0,0,0
2025-11-27 04:30:00+00:00,421,12.20000000012078,12.823536701916058,0,0,0
2025-11-27 04:45:00+00:00,421,12.899999999717693,12.623697932208325,0,0,0
2025-11-27 05:00:00+00:00,421,12.100000000828004,12.480030380401791,0,0,0
2025-11-27 05:15:00+00:00,421,12.79999999951542,12.743301969460685,0,0,0
2025-11-27 05:30:00+00:00,421,14.100000000325965,12.664988830703765,0,0,0
2025-11-27 05:45:00+00:00,421,12.999999999919964,12.38856810030066,0,0,0
2025-11-27 06:00:00+00:00,421,12.299999999413558,14.665417392812568,0,0,0
2025-11-27 06:15:00+00:00,421,25.300000000243017,25.71816487887379,0,0,0
2025-11-27 06:30:00+00:00,421,15.50000000042928,23.417459924774,0,0,0
2025-11-27 06:45:00+00:00,421,20.799999999326246,19.192372694502005,0,0,0
2025-11-27 07:00:00+00:00,421,19.30000000083965,19.10873070788439,0,0,0
2025-11-27 07:15:00+00:00,421,16.1999999991167,16.5526832671446,0,0,0
2025-11-27 07:30:00+00:00,421,14.900000000125146,15.66439920342589,0,0,0
2025-11-27 07:45:00+00:00,421,14.300000000730506,14.533585602700812,0,0,0
2025-11-27 08:00:00+00:00,421,14.799999999922877,14.844823099944518,0,0,0
2025-11-27 08:15:00+00:00,421,16.799999999420834,16.86029170739627,0,0,0
2025-11-27 08:30:00+00:00,421,14.100000000325965,15.784880687093008,0,0,0
2025-11-27 08:45:00+00:00,421,14.000000000123691,15.538853919304769,0,0,0
2025-11-27 09:00:00+00:00,421,14.900000000125146,14.910293994354438,0,0,0
2025-11-27 09:15:00+00:00,421,16.29999999931897,14.759468767581094,0,0,0
2025-11-27 09:30:00+00:00,421,16.700000000128057,14.98611429250218,0,0,0
2025-11-27 09:45:00+00:00,421,16.099999999823922,14.859778748613232,0,0,0
2025-11-27 10:00:00+00:00,421,15.300000000024738,14.889367106610411,0,0,0
2025-11-27 10:15:00+00:00,421,14.200000000528236,15.60207888568963,0,0,0
2025-11-27 10:30:00+00:00,421,13.500000000021828,15.104562583562762,0,0,0
2025-11-27 10:45:00+00:00,421,14.099999999416468,14.713023394518832,0,0,0
2025-11-27 11:00:00+00:00,421,14.300000000730506,14.452264873371208,0,0,0
2025-11-27 11:15:00+00:00,421,13.89999999992142,14.37366436742599,0,0,0
2025-11-27 11:30:00+00:00,421,14.49999999931606,14.053409678409636,0,0,0
2025-11-27 11:45:00+00:00,421,13.500000000021828,13.931296060711889,0,0,0
2025-11-27 12:00:00+00:00,421,14.900000000125146,13.989153817111408,0,0,0
2025-11-27 12:15:00+00:00,421,13.6000000002241,14.423884573553966,0,0,0
2025-11-27 12:30:00+00:00,421,14.200000000528236,14.116159651941995,0,0,0
2025-11-27 12:45:00+00:00,421,15.499999999519789,13.93197193159893,0,0,0
2025-11-27 13:00:00+00:00,421,15.99999999962165,14.432784586473131,0,0,0
2025-11-27 13:15:00+00:00,421,14.000000000123691,14.956132548354027,0,0,0
2025-11-27 13:30:00+00:00,421,15.600000000631551,14.685770243673172,0,0,0
2025-11-27 13:45:00+00:00,421,15.499999999519789,14.98839509518601,0,0,0
2025-11-27 14:00:00+00:00,421,15.900000000328872,15.72093521025787,0,0,0
2025-11-27 14:15:00+00:00,421,16.599999999925785,15.510830038500195,0,0,0
2025-11-27 14:30:00+00:00,421,15.40000000022701,15.499762914284805,0,0,0
2025-11-27 14:45:00+00:00,421,15.69999999992433,15.360263581694957,0,0,0
2025-11-27 15:00:00+00:00,421,14.999999999417923,15.288990939051368,0,0,0
2025-11-27 15:15:00+00:00,421,14.200000000528236,15.01229121137807,0,0,0
2025-11-27 15:30:00+00:00,421,13.199999999415011,14.774571587309834,0,0,0
2025-11-27 15:45:00+00:00,421,13.700000000426371,14.35353610936789,0,0,0
2025-11-27 19:00:00+00:00,421,13.700000000426371,14.278028985655942,0,0,0
2025-11-27 19:15:00+00:00,421,14.19999999961874,13.442613509652515,0,0,0
2025-11-27 19:30:00+00:00,421,11.300000000119326,13.30037791133525,0,0,0
2025-11-27 19:45:00+00:00,421,3.700000000208093,11.80856486025478,0,0,0
2025-11-27 20:00:00+00:00,421,6.000000000312866,0.8217848837444235,0,0,0
2025-11-27 20:15:00+00:00,421,8.499999999912689,7.316045145385546,0,0,0
2025-11-27 20:30:00+00:00,421,9.299999999711872,8.79631119694589,0,0,0
2025-11-27 20:45:00+00:00,421,9.399999999914144,9.262073424765704,0,0,0
2025-11-27 21:00:00+00:00,421,10.10000000042055,9.716309229114067,0,0,0
2025-11-27 21:15:00+00:00,421,11.099999999714782,9.86855838820516,0,0,0
2025-11-27 21:30:00+00:00,421,10.500000000320142,10.053191806687355,0,0,0
2025-11-27 21:45:00+00:00,421,10.89999999931024,9.90105878020998,0,0,0
2025-11-27 22:00:00+00:00,421,10.40000000011787,9.907743554803814,0,0,0
2025-11-27 22:15:00+00:00,421,10.2999999999156,10.092235382171388,0,0,0
2025-11-27 22:30:00+00:00,421,9.70000000052096,10.130471958051384,0,0,0
2025-11-27 22:45:00+00:00,421,10.89999999931024,10.039968731066542,0,0,0
2025-11-27 23:00:00+00:00,421,10.900000000219734,10.101146554981362,0,0,0
2025-11-27 23:15:00+00:00,421,10.200000000622822,10.226011783256393,0,0,0
2025-11-27 23:30:00+00:00,421,10.2999999999156,10.163192757899658,0,0,0
2025-11-27 23:45:00+00:00,421,10.199999999713327,10.152113776300284,0,0,0
2025-11-28 00:00:00+00:00,421,10.800000000017462,10.32893945617612,0,0,0
2025-11-28 00:15:00+00:00,421,10.099999999511056,10.636269247904178,0,0,0
2025-11-28 00:30:00+00:00,421,10.10000000042055,10.715960633175854,0,0,0
2025-11-28 00:45:00+00:00,421,10.10000000042055,10.61484365253968,0,0,0
2025-11-28 01:00:00+00:00,421,10.099999999511056,10.436213209072282,0,0,0
2025-11-28 01:15:00+00:00,421,9.600000000318689,10.248008625531613,0,0,0
2025-11-28 01:30:00+00:00,421,10.69999999981519,10.036663310907926,0,0,0
2025-11-28 01:45:00+00:00,421,10.69999999981519,9.95331078395814,0,0,0
2025-11-28 02:00:00+00:00,421,10.10000000042055,10.073835512202136,0,0,0
2025-11-28 05:45:00+00:00,421,10.600000000522414,10.16933279032344,0,0,0
2025-11-28 06:00:00+00:00,421,10.69999999981519,10.236824322462734,0,0,0
2025-11-28 06:15:00+00:00,421,23.699999999735155,10.764769113116651,0,0,0
2025-11-28 06:30:00+00:00,421,14.799999999922877,19.415039020856955,0,0,0
2025-11-28 06:45:00+00:00,421,19.29999999993015,12.689917934288712,0,0,0
2025-11-28 07:00:00+00:00,421,18.30000000063592,17.865410062967495,0,0,0
2025-11-28 07:15:00+00:00,421,14.599999999518332,14.338479324188732,0,0,0
2025-11-28 07:30:00+00:00,421,14.299999999821011,12.988445710888762,0,0,0
2025-11-28 07:45:00+00:00,421,13.30000000052678,13.155380240043067,0,0,0
2025-11-28 08:00:00+00:00,421,13.89999999992142,13.6142742525639,0,0,0
2025-11-28 08:15:00+00:00,421,14.900000000125146,14.526160787847791,0,0,0
2025-11-28 08:30:00+00:00,421,13.299999999617285,13.992824723693976,0,0,0
2025-11-28 08:45:00+00:00,421,14.400000000023285,14.078128836548764,0,0,0
2025-11-28 09:00:00+00:00,421,14.799999999922877,14.010591269859887,0,0,0
2025-11-28 09:15:00+00:00,421,14.299999999821011,13.815507311129425,0,0,0
2025-11-28 09:30:00+00:00,421,14.100000000325965,13.756803495508043,0,0,0
2025-11-28 09:45:00+00:00,421,14.600000000427826,13.738035349142136,0,0,0
2025-11-28 10:00:00+00:00,421,13.699999999516876,13.853553471372514,0,0,0
2025-11-28 10:15:00+00:00,421,14.400000000023285,14.005570016489584,0,0,0
2025-11-28 10:30:00+00:00,421,14.699999999720603,13.808226877363728,0,0,0
2025-11-28 10:45:00+00:00,421,14.80000000083237,13.93694645292648,0,0,0
2025-11-28 11:00:00+00:00,421,13.499999999112331,14.00988052431407,0,0,0
2025-11-28 11:15:00+00:00,421,12.800000000424916,13.687318527873217,0,0,0
2025-11-28 11:30:00+00:00,421,11.800000000221187,13.31097004269814,0,0,0
2025-11-28 11:45:00+00:00,421,12.899999999717693,13.049008345822806,0,0,0
2025-11-28 12:00:00+00:00,421,13.89999999992142,13.081402718864954,0,0,0
2025-11-28 12:15:00+00:00,421,14.000000000123691,13.35917588853532,0,0,0
2025-11-28 12:30:00+00:00,421,14.299999999821011,13.368403723246963,0,0,0
2025-11-28 12:45:00+00:00,421,14.200000000528236,13.444514876048885,0,0,0
2025-11-28 13:00:00+00:00,421,13.399999999819556,13.46615529931143,0,0,0
2025-11-28 13:15:00+00:00,421,13.500000000021828,13.291974513557026,0,0,0
2025-11-28 13:30:00+00:00,421,12.79999999951542,13.289942018443668,0,0,0
2025-11-28 13:45:00+00:00,421,12.700000000222644,13.33592076857153,0,0,0
2025-11-28 14:00:00+00:00,421,12.800000000424916,13.384589052384056,0,0,0
2025-11-28 15:30:00+00:00,421,11.599999999816646,13.230680905775076,0,0,0
2025-11-28 15:45:00+00:00,421,11.499999999614374,12.652730388144644,0,0,0
2025-11-28 16:00:00+00:00,421,11.700000000018916,12.333819768477444,0,0,0
2025-11-28 16:15:00+00:00,421,12.000000000625732,12.034547766659156,0,0,0
2025-11-28 16:30:00+00:00,421,11.399999999412104,12.012647875935327,0,0,0
2025-11-28 16:45:00+00:00,421,11.800000000221187,11.884295181782884,0,0,0
2025-11-28 17:00:00+00:00,421,11.400000000321596,11.9313620212645,0,0,0
2025-11-28 17:15:00+00:00,421,11.199999999917054,11.945140301452998,0,0,0
2025-11-28 17:30:00+00:00,421,10.40000000011787,11.788837660772584,0,0,0
2025-11-28 17:45:00+00:00,421,11.199999999917054,11.301915582488132,0,0,0
2025-11-28 18:00:00+00:00,421,11.800000000221187,11.084008252069502,0,0,0
2025-11-28 18:15:00+00:00,421,11.299999999209833,10.998413982053712,0,0,0
2025-11-28 18:30:00+00:00,421,11.700000000018916,10.895798786076602,0,0,0
2025-11-28 18:45:00+00:00,421,11.800000000221187,10.583206757086106,0,0,0
2025-11-28 19:00:00+00:00,421,12.700000000222644,10.545392862070454,0,0,0
2025-11-28 19:15:00+00:00,421,11.700000000018916,10.790571478157307,0,0,0
2025-11-28 19:30:00+00:00,421,10.59999999961292,10.438144567675195,0,0,0
2025-11-28 19:45:00+00:00,421,2.300000000104774,2.3473632307034547,0,0,0
2025-11-28 20:00:00+00:00,421,4.500000000007276,0.9534844988994262,0,0,0
2025-11-28 20:15:00+00:00,421,6.80000000011205,3.4857882257059964,0,0,0
2025-11-28 20:30:00+00:00,421,6.900000000314321,6.614206936165525,0,0,0
2025-11-28 20:45:00+00:00,421,7.499999999708962,7.842381168030212,0,0,0
2025-11-28 21:00:00+00:00,421,8.100000000013097,8.27558790188434,0,0,0
2025-11-28 21:15:00+00:00,421,9.299999999711872,8.421635300405622,0,0,0
2025-11-28 21:30:00+00:00,421,8.60000000011496,8.739164883585364,0,0,0
2025-11-28 21:45:00+00:00,421,8.60000000011496,8.373069548089891,0,0,0
2025-11-28 22:00:00+00:00,421,8.60000000011496,8.541441959425457,0,0,0
2025-11-28 22:15:00+00:00,421,8.499999999912689,8.611061194496564,0,0,0
2025-11-28 22:30:00+00:00,421,9.100000000216824,8.558586690425425,0,0,0
2025-11-28 22:45:00+00:00,421,8.499999999912689,8.590789950337491,0,0,0
2025-11-28 23:00:00+00:00,421,8.60000000011496,8.58776038872978,0,0,0
2025-11-28 23:15:00+00:00,421,9.000000000014552,8.622054733181946,0,0,0
2025-11-28 23:30:00+00:00,421,7.999999999810825,8.61111280899155,0,0,0
2025-11-28 23:45:00+00:00,421,8.399999999710417,8.45909661262107,0,0,0
2025-11-29 00:00:00+00:00,421,8.499999999912689,8.456528791495527,0,0,0
2025-11-29 00:15:00+00:00,421,9.70000000052096,8.42816174404862,0,0,0
2025-11-29 00:30:00+00:00,421,8.499999999912689,8.585585256262036,0,0,0
2025-11-29 00:45:00+00:00,421,8.499999999912689,8.551142345763493,0,0,0
2025-11-29 01:00:00+00:00,421,8.399999999710417,8.519360371729418,0,0,0
2025-11-29 01:15:00+00:00,421,8.400000000619912,8.563213511404996,0,0,0
2025-11-29 01:30:00+00:00,421,8.399999999710417,8.433039662571362,0,0,0
2025-11-29 01:45:00+00:00,421,8.399999999710417,8.319298055458942,0,0,0
2025-11-29 02:00:00+00:00,421,8.400000000619912,8.225880353240342,0,0,0
2025-11-29 02:15:00+00:00,421,7.8999999996085535,8.177710777048286,0,0,0
2025-11-29 02:30:00+00:00,421,8.89999999981228,8.281437777147119,0,0,0
2025-11-29 02:45:00+00:00,421,9.000000000014552,8.486763028173204,0,0,0
2025-11-29 03:00:00+00:00,421,8.30000000041764,8.602998173387977,0,0,0
2025-11-29 03:15:00+00:00,421,8.89999999981228,8.6775643788062,0,0,0
2025-11-29 03:30:00+00:00,421,8.30000000041764,8.69614978196013,0,0,0
2025-11-29 03:45:00+00:00,421,8.399999999710417,8.622275489771987,0,0,0
2025-11-29 04:00:00+00:00,421,8.799999999610009,8.525285576255149,0,0,0
2025-11-29 04:15:00+00:00,421,9.399999999914144,8.460112511431161,0,0,0
2025-11-29 04:30:00+00:00,421,9.300000000621369,8.507527748753931,0,0,0
2025-11-29 04:45:00+00:00,421,8.799999999610009,8.61026047233111,0,0,0
2025-11-29 05:00:00+00:00,421,8.200000000215368,8.7103015697441,0,0,0
2025-11-29 05:15:00+00:00,421,8.700000000317232,8.99039041675707,0,0,0
2025-11-29 05:30:00+00:00,421,8.89999999981228,9.02463000799496,0,0,0
2025-11-29 05:45:00+00:00,421,8.299999999508145,8.909329503635334,0,0,0
2025-11-29 06:00:00+00:00,421,8.400000000619912,8.81714043564535,0,0,0
2025-11-29 06:15:00+00:00,421,9.000000000014552,9.209221925633216,0,0,0
2025-11-29 06:30:00+00:00,421,9.49999999920692,9.21522978310024,0,0,0
2025-11-29 06:45:00+00:00,421,12.400000000525324,9.231819658279113,0,0,0
2025-11-29 07:00:00+00:00,421,20.80000000023574,18.096824348729363,0,0,0
2025-11-29 07:15:00+00:00,421,18.799999999828287,18.454031528689647,0,0,0
2025-11-29 07:30:00+00:00,421,14.799999999922877,14.868145876746327,0,0,0
2025-11-29 07:45:00+00:00,421,13.399999999819556,12.73233667924891,0,0,0
2025-11-29 08:00:00+00:00,421,12.300000000323053,11.493778517734214,0,0,0
2025-11-29 08:15:00+00:00,421,11.799999999311694,10.734903152835631,0,0,0
2025-11-29 08:30:00+00:00,421,11.500000000523867,10.30621373353252,0,0,0
2025-11-29 08:45:00+00:00,421,12.09999999991851,10.316017000113938,0,0,0
2025-11-29 09:00:00+00:00,421,11.599999999816646,10.723240369448371,0,0,0
2025-11-29 09:15:00+00:00,421,11.199999999917054,11.375531802201348,0,0,0
2025-11-29 09:30:00+00:00,421,11.100000000624275,11.276293170686753,0,0,0
2025-11-29 09:45:00+00:00,421,11.199999999917054,11.075244250319551,0,0,0
2025-11-29 10:00:00+00:00,421,10.89999999931024,10.964976159221042,0,0,0
2025-11-29 10:15:00+00:00,421,10.800000000017462,11.001550608863862,0,0,0
2025-11-29 10:30:00+00:00,421,10.900000000219734,10.910202020150331,0,0,0
2025-11-29 10:45:00+00:00,421,10.600000000522414,10.965865463019782,0,0,0
2025-11-29 11:00:00+00:00,421,11.799999999311694,10.880111467066806,0,0,0
2025-11-29 11:15:00+00:00,421,11.700000000018916,10.930692974659683,0,0,0
2025-11-29 11:30:00+00:00,421,10.500000000320142,10.87783136187615,0,0,0
2025-11-29 11:45:00+00:00,421,10.500000000320142,10.684279795652223,0,0,0
2025-11-29 12:00:00+00:00,421,9.999999999308784,10.50202413140525,0,0,0
2025-11-29 12:15:00+00:00,421,10.900000000219734,10.367968384303463,0,0,0
2025-11-29 12:30:00+00:00,421,10.199999999713327,10.486961068787512,0,0,0
2025-11-29 12:45:00+00:00,421,10.500000000320142,10.642954719991188,0,0,0
2025-11-29 13:00:00+00:00,421,9.900000000016009,10.808856959245778,0,0,0
2025-11-29 13:15:00+00:00,421,9.900000000016009,10.679952547991526,0,0,0
2025-11-29 13:30:00+00:00,421,10.800000000017462,10.444388526582122,0,0,0
2025-11-29 13:45:00+00:00,421,10.800000000017462,10.509301775198242,0,0,0
2025-11-29 14:00:00+00:00,421,9.799999999813735,10.656780429715615,0,0,0
2025-11-29 19:30:00+00:00,421,0.0,10.578200151072489,0,0,0
2025-11-29 19:45:00+00:00,421,0.0,-0.0783520302518647,0,0,0
2025-11-29 20:00:00+00:00,421,0.0,0.2527399589785624,0,0,0
2025-11-29 20:15:00+00:00,421,0.0,0.1190863166924431,0,0,0
2025-11-29 20:30:00+00:00,421,0.0,0.1306856282007311,0,0,0
2025-11-29 20:45:00+00:00,421,0.0,0.2441088296785434,0,0,0
2025-11-29 21:00:00+00:00,421,0.0,-0.1066953629308065,0,0,0
2025-11-29 21:15:00+00:00,421,0.0,-0.1072544037109564,0,0,0
2025-11-29 21:30:00+00:00,421,0.0,0.117769449577131,0,0,0
2025-11-29 21:45:00+00:00,421,0.0,0.1292690195613248,0,0,0
2025-11-29 22:00:00+00:00,421,0.0,0.1145599347301438,0,0,0
2025-11-29 22:15:00+00:00,421,0.0,0.0983801855384571,0,0,0
2025-11-29 22:30:00+00:00,421,0.0,0.1145975993616206,0,0,0
2025-11-29 22:45:00+00:00,421,0.0,0.1290384980668273,0,0,0
2025-11-29 23:00:00+00:00,421,0.0,0.113910219837181,0,0,0
2025-11-29 23:15:00+00:00,421,0.0,0.1008332690366318,0,0,0
2025-11-29 23:30:00+00:00,421,0.0,0.0879401076878219,0,0,0
2025-11-29 23:45:00+00:00,421,0.0,0.0795743745410746,0,0,0
2025-11-30 00:00:00+00:00,421,0.0,0.074556608636648,0,0,0
2025-11-30 00:15:00+00:00,421,0.0,0.0749283724991798,0,0,0
2025-11-30 00:30:00+00:00,421,0.0,0.0747484192599055,0,0,0
2025-11-30 00:45:00+00:00,421,0.0,0.07773438754415,0,0,0
2025-11-30 01:00:00+00:00,421,0.0,0.0829568676955814,0,0,0
2025-11-30 01:15:00+00:00,421,0.0,0.0868429509227866,0,0,0
2025-11-30 01:30:00+00:00,421,0.0,0.0862110221057985,0,0,0
2025-11-30 01:45:00+00:00,421,0.0,0.0838493102136119,0,0,0
2025-11-30 02:00:00+00:00,421,0.0,0.0798910364427438,0,0,0
2025-11-30 02:15:00+00:00,421,0.0,0.0807684828575023,0,0,0
2025-11-30 02:30:00+00:00,421,0.0,0.0815294479119543,0,0,0
2025-11-30 02:45:00+00:00,421,0.0,0.0804546109285349,0,0,0
2025-11-30 03:00:00+00:00,421,0.0,0.0783059832014583,0,0,0
2025-11-30 03:15:00+00:00,421,0.0,0.0893643887521591,0,0,0
2025-11-30 03:30:00+00:00,421,0.0,0.095449319215076,0,0,0
2025-11-30 03:45:00+00:00,421,0.0,0.094550948005053,0,0,0
2025-11-30 04:00:00+00:00,421,0.0,0.0923039737402335,0,0,0
2025-11-30 04:15:00+00:00,421,0.0,0.0936609467131361,0,0,0
2025-11-30 04:30:00+00:00,421,22.20000000033906,0.0941959239787326,0,0,0
2025-11-30 04:45:00+00:00,421,31.50000000005093,22.714448183286223,0,0,0
2025-11-30 05:00:00+00:00,421,21.6999999993277,21.26049994422322,0,0,0
2025-11-30 05:15:00+00:00,421,16.700000000128057,17.029468677109755,0,0,0
2025-11-30 05:30:00+00:00,421,14.100000000325965,14.409094230767842,0,0,0
2025-11-30 05:45:00+00:00,421,12.79999999951542,12.536950008480286,0,0,0
2025-11-30 06:00:00+00:00,421,11.500000000523867,11.312721844255895,0,0,0
2025-11-30 06:15:00+00:00,421,10.89999999931024,10.978181797512466,0,0,0
2025-11-30 06:30:00+00:00,421,11.300000000119326,11.100826905009932,0,0,0
2025-11-30 06:45:00+00:00,421,10.800000000017462,11.049039431716643,0,0,0
2025-11-30 07:00:00+00:00,421,11.000000000422006,13.262660270377811,0,0,0
2025-11-30 07:15:00+00:00,421,10.099999999511056,11.325400177706657,0,0,0
2025-11-30 07:30:00+00:00,421,10.900000000219734,10.265403407834988,0,0,0
2025-11-30 07:45:00+00:00,421,10.600000000522414,9.944408678559448,0,0,0
2025-11-30 08:00:00+00:00,421,10.2999999999156,9.87272451494232,0,0,0
2025-11-30 08:15:00+00:00,421,10.59999999961292,9.77184049702676,0,0,0
2025-11-30 08:30:00+00:00,421,10.600000000522414,9.804459462871414,0,0,0
2025-11-30 08:45:00+00:00,421,10.2999999999156,9.753629647708069,0,0,0
2025-11-30 09:00:00+00:00,421,10.59999999961292,9.698788549292512,0,0,0
2025-11-30 09:15:00+00:00,421,10.59999999961292,9.76211465218782,0,0,0
2025-11-30 09:30:00+00:00,421,9.500000000116415,9.876318348529,0,0,0
2025-11-30 09:45:00+00:00,421,9.600000000318689,9.733943600323224,0,0,0
2025-11-30 10:00:00+00:00,421,9.000000000014552,9.270003224677772,0,0,0
2025-11-30 10:15:00+00:00,421,9.100000000216824,9.034159857251588,0,0,0
2025-11-30 10:30:00+00:00,421,9.799999999813735,9.04329980782312,0,0,0
2025-11-30 10:45:00+00:00,421,9.1999999995096,9.04987089102935,0,0,0
2025-11-30 11:00:00+00:00,421,10.00000000021828,8.938360564585302,0,0,0
2025-11-30 11:15:00+00:00,421,9.399999999914144,9.124109972148272,0,0,0
2025-11-30 11:30:00+00:00,421,10.00000000021828,9.261689106026012,0,0,0
2025-11-30 11:45:00+00:00,421,9.900000000016009,9.32149879707712,0,0,0
2025-11-30 12:00:00+00:00,421,9.799999999813735,9.345216355016255,0,0,0
2025-11-30 12:15:00+00:00,421,10.200000000622822,9.519633939703738,0,0,0
2025-11-30 12:30:00+00:00,421,9.099999999307329,9.720583467293428,0,0,0
2025-11-30 12:45:00+00:00,421,9.100000000216824,9.626734016799205,0,0,0
2025-11-30 13:00:00+00:00,421,8.30000000041764,9.506316702504233,0,0,0
2025-11-30 13:15:00+00:00,421,7.8999999996085535,8.471570929318002,0,0,0
2025-11-30 13:30:00+00:00,421,7.2000000000116415,8.244671865627627,0,0,0
2025-11-30 13:45:00+00:00,421,8.60000000011496,7.961288409600261,0,0,0
2025-11-30 14:00:00+00:00,421,9.500000000116415,8.589339164532486,0,0,0
2025-11-30 14:15:00+00:00,421,10.099999999511056,8.893685777949006,0,0,0
2025-11-30 14:30:00+00:00,421,9.399999999914144,9.098546149773632,0,0,0
2025-11-30 14:45:00+00:00,421,9.200000000419095,9.35526758042156,0,0,0
2025-11-30 15:00:00+00:00,421,10.2999999999156,9.538079495475982,0,0,0
2025-11-30 15:15:00+00:00,421,10.00000000021828,9.70375086448949,0,0,0
2025-11-30 15:30:00+00:00,421,9.699999999611464,9.790776041754782,0,0,0
2025-11-30 15:45:00+00:00,421,9.70000000052096,9.702874464314494,0,0,0
2025-11-30 16:00:00+00:00,421,10.099999999511056,9.629354847406084,0,0,0
2025-11-30 16:15:00+00:00,421,10.200000000622822,9.624234898751448,0,0,0
2025-11-30 16:30:00+00:00,421,10.099999999511056,9.733891637081651,0,0,0
2025-11-30 16:45:00+00:00,421,9.799999999813735,9.770230334031158,0,0,0
2025-11-30 17:00:00+00:00,421,10.69999999981519,9.855425986697158,0,0,0
2025-11-30 17:15:00+00:00,421,11.000000000422006,9.897588751661951,0,0,0
2025-11-30 17:30:00+00:00,421,10.40000000011787,9.98874413476587,0,0,0
2025-11-30 17:45:00+00:00,421,10.199999999713327,9.9346005295258,0,0,0
2025-11-30 18:00:00+00:00,421,10.69999999981519,9.986219906963797,1,0,1
2025-11-30 18:15:00+00:00,421,11.800000000221187,10.338999400246117,1,0,1
2025-11-30 18:30:00+00:00,421,11.700000000018916,10.279886156130726,1,0,1
2025-11-30 18:45:00+00:00,421,11.300000000119326,9.579681127181098,1,0,1
2025-11-30 19:00:00+00:00,421,10.2999999999156,9.855281605609832,0,0,0
2025-11-30 19:15:00+00:00,421,10.40000000011787,9.687192027756923,0,0,0
2025-11-30 19:30:00+00:00,421,10.900000000219734,8.087106064806413,0,0,0
2025-11-30 19:45:00+00:00,421,10.40000000011787,6.48585110329379,0,0,0
2025-11-30 20:00:00+00:00,421,10.499999999410647,8.17782307344954,0,0,0
2025-11-30 20:15:00+00:00,421,11.000000000422006,9.264979181334766,0,0,0
2025-11-30 20:30:00+00:00,421,10.99999999951251,9.79669252761582,0,0,0
2025-11-30 20:45:00+00:00,421,10.900000000219734,10.16033582585288,0,0,0
2025-11-30 21:00:00+00:00,421,10.2999999999156,10.298728934266409,0,0,0
2025-11-30 21:15:00+00:00,421,10.40000000011787,10.362932483576476,0,0,0
2025-11-30 21:30:00+00:00,421,10.40000000011787,10.461728555671224,0,0,0
2025-11-30 21:45:00+00:00,421,10.40000000011787,10.43085157903234,0,0,0
2025-11-30 22:00:00+00:00,421,10.499999999410647,10.365615042329384,0,0,0
2025-11-30 22:15:00+00:00,421,9.900000000016009,10.326736075234766,0,0,0
2025-11-30 22:30:00+00:00,421,10.40000000011787,10.218022696424406,0,0,0
2025-11-30 22:45:00+00:00,421,11.000000000422006,10.163706112876817,0,0,0
2025-11-30 23:00:00+00:00,421,11.499999999614374,10.233395446012056,0,0,0
2025-11-30 23:15:00+00:00,421,11.000000000422006,10.381879188195304,0,0,0
2025-11-30 23:30:00+00:00,421,10.99999999951251,10.481074923879609,0,0,0
2025-11-30 23:45:00+00:00,421,10.800000000017462,10.534633332345448,0,0,0
2025-12-01 00:00:00+00:00,421,11.000000000422006,10.555237280749225,0,0,0
2025-12-01 00:15:00+00:00,421,10.40000000011787,10.567642894368372,0,0,0
2025-12-01 00:30:00+00:00,421,11.099999999714782,10.359812596602538,0,0,0
2025-12-01 00:45:00+00:00,421,10.500000000320142,10.428572171334862,0,0,0
2025-12-01 01:00:00+00:00,421,10.40000000011787,10.396668833488253,0,0,0
2025-12-01 01:15:00+00:00,421,10.399999999208376,10.210788994701469,0,0,0
2025-12-01 01:30:00+00:00,421,10.00000000021828,10.44636103728239,0,0,0
2025-12-01 01:45:00+00:00,421,10.69999999981519,10.464717313928173,0,0,0
2025-12-01 02:00:00+00:00,421,10.700000000724684,10.595140865318628,0,0,0
2025-12-01 03:00:00+00:00,421,10.800000000017462,10.727663173674111,0,0,0
2025-12-01 03:15:00+00:00,421,10.800000000017462,10.85093044508411,0,0,0
2025-12-01 03:30:00+00:00,421,10.69999999981519,10.80255580589846,0,0,0
2025-12-01 03:45:00+00:00,421,10.800000000017462,10.660568515151668,0,0,0
2025-12-01 04:00:00+00:00,421,10.2999999999156,10.688010686647884,0,0,0
2025-12-01 04:15:00+00:00,421,10.800000000017462,10.738773542466388,0,0,0
2025-12-01 04:30:00+00:00,421,10.200000000622822,10.718057297661357,0,0,0
2025-12-01 04:45:00+00:00,421,10.89999999931024,10.695084662433636,0,0,0
2025-12-01 05:00:00+00:00,421,11.500000000523867,10.748928345608247,0,0,0
2025-12-01 05:15:00+00:00,421,12.79999999951542,11.043449721408322,0,0,0
2025-12-01 05:30:00+00:00,421,12.000000000625732,11.650812131262535,0,0,0
2025-12-01 05:45:00+00:00,421,14.900000000125146,11.759204663212174,0,0,0
2025-12-01 06:00:00+00:00,421,17.49999999992724,17.891970603089902,0,0,0
2025-12-01 06:15:00+00:00,421,26.499999999941792,22.20237519858702,0,0,0
2025-12-01 06:30:00+00:00,421,20.09999999972933,20.3393653469256,0,0,0
2025-12-01 06:45:00+00:00,421,16.999999999825377,18.31502950873392,0,0,0
2025-12-01 07:00:00+00:00,421,16.099999999823922,16.87753931863962,0,0,0
2025-12-01 07:15:00+00:00,421,14.80000000083237,15.108176993198116,0,0,0
2025-12-01 07:30:00+00:00,421,15.399999999317515,14.145464827709928,0,0,0
2025-12-01 07:45:00+00:00,421,15.50000000042928,14.789301248189693,0,0,0
2025-12-01 08:00:00+00:00,421,16.599999999925785,15.517643151838318,0,0,0
2025-12-01 08:15:00+00:00,421,18.299999999726424,17.191072265923843,0,0,0
2025-12-01 08:30:00+00:00,421,17.300000000432192,17.20558430893295,0,0,0
2025-12-01 08:45:00+00:00,421,16.799999999420834,17.46089192091417,0,0,0
2025-12-01 09:00:00+00:00,421,17.10000000002765,17.639489233455738,0,0,0
2025-12-01 09:15:00+00:00,421,16.400000000430737,17.71418656759095,0,0,0
2025-12-01 09:30:00+00:00,421,14.799999999922877,17.392290677132685,0,0,0
2025-12-01 09:45:00+00:00,421,15.099999999620197,16.29813104027243,0,0,0
2025-12-01 10:00:00+00:00,421,17.10000000002765,15.499995179512238,0,0,0
2025-12-01 10:15:00+00:00,421,17.49999999992724,16.14309086223964,0,0,0
2025-12-01 10:30:00+00:00,421,17.49999999992724,16.197336301483332,0,0,0
2025-12-01 10:45:00+00:00,421,15.40000000022701,16.23871857158476,0,0,0
2025-12-01 11:00:00+00:00,421,15.000000000327418,15.792628441286276,0,0,0
2025-12-01 11:15:00+00:00,421,14.299999999821011,15.296892141743244,0,0,0
2025-12-01 11:30:00+00:00,421,13.89999999992142,14.677617245944948,0,0,0
2025-12-01 11:45:00+00:00,421,13.399999999819556,14.462032567800676,0,0,0
2025-12-01 12:00:00+00:00,421,13.800000000628645,14.282926782734185,0,0,0
2025-12-01 12:15:00+00:00,421,15.99999999962165,14.098109923546836,0,0,0
2025-12-01 12:30:00+00:00,421,14.100000000325965,14.176273101271027,0,0,0
2025-12-01 12:45:00+00:00,421,13.299999999617285,13.767940369040986,0,0,0
2025-12-01 13:00:00+00:00,421,13.200000000324508,13.5929198015033,0,0,0
2025-12-01 13:15:00+00:00,421,13.100000000122236,13.719240000542388,0,0,0
2025-12-01 13:30:00+00:00,421,13.699999999516876,13.65061713447246,0,0,0
2025-12-01 13:45:00+00:00,421,13.500000000021828,13.806039538765411,0,0,0
2025-12-01 14:00:00+00:00,421,13.500000000021828,13.975866572118449,0,0,0
2025-12-01 14:15:00+00:00,421,14.200000000528236,13.911181055024125,0,0,0
2025-12-01 14:30:00+00:00,421,14.599999999518332,13.6431734873037,0,0,0
2025-12-01 14:45:00+00:00,421,14.400000000023285,13.864378565456017,0,0,0
2025-12-01 15:00:00+00:00,421,15.199999999822468,14.123135281190004,0,0,0
2025-12-01 15:15:00+00:00,421,15.300000000024738,14.2885395103173,0,0,0
2025-12-01 15:30:00+00:00,421,14.600000000427826,14.489644230138536,0,0,0
2025-12-01 15:45:00+00:00,421,14.999999999417923,14.77628323556247,0,0,0
2025-12-01 16:00:00+00:00,421,14.300000000730506,15.203404341460509,0,0,0
2025-12-01 16:15:00+00:00,421,14.699999999720603,15.11780030654026,0,0,0
2025-12-01 16:30:00+00:00,421,15.000000000327418,15.019394481877193,0,0,0
2025-12-01 16:45:00+00:00,421,16.099999999823922,14.814744404244976,0,0,0
2025-12-01 17:00:00+00:00,421,15.199999999822468,15.13681327301076,0,0,0
2025-12-01 17:15:00+00:00,421,14.799999999922877,15.135662409271212,0,0,0
2025-12-01 17:30:00+00:00,421,14.100000000325965,15.004545549664329,0,0,0
2025-12-01 17:45:00+00:00,421,12.79999999951542,14.727037427400644,0,0,0
2025-12-01 18:00:00+00:00,421,12.400000000525324,14.523222946592655,0,0,0
2025-12-01 18:15:00+00:00,421,12.299999999413558,14.320469352904576,0,0,0
2025-12-01 19:30:00+00:00,421,12.899999999717693,13.965117504791076,0,0,0
2025-12-01 19:45:00+00:00,421,3.500000000713044,13.177204801503944,0,0,0
2025-12-01 20:00:00+00:00,421,6.300000000010186,0.7667906855768511,0,0,0
2025-12-01 20:15:00+00:00,421,7.499999999708962,4.519543209836455,0,0,0
2025-12-01 20:30:00+00:00,421,10.500000000320142,8.073552726167009,0,0,0
2025-12-01 20:45:00+00:00,421,9.599999999409192,9.76304754931003,0,0,0
2025-12-01 21:00:00+00:00,421,10.200000000622822,10.014290519811125,0,0,0
2025-12-01 21:15:00+00:00,421,9.599999999409192,10.2463332469241,0,0,0
2025-12-01 21:30:00+00:00,421,10.69999999981519,10.344245246418923,0,0,0
2025-12-01 21:45:00+00:00,421,10.800000000017462,10.13485221519342,0,0,0
2025-12-01 22:00:00+00:00,421,10.800000000017462,10.566167696302225,0,0,0
2025-12-01 22:15:00+00:00,421,10.10000000042055,10.384633588745288,0,0,0
2025-12-01 22:30:00+00:00,421,10.099999999511056,10.305770127872911,0,0,0
2025-12-01 22:45:00+00:00,421,10.800000000017462,10.197340628784971,0,0,0
2025-12-01 23:00:00+00:00,421,10.00000000021828,10.348586443943134,0,0,0
2025-12-01 23:15:00+00:00,421,10.10000000042055,10.2713007126337,0,0,0
2025-12-01 23:30:00+00:00,421,10.099999999511056,10.244997547493048,0,0,0
2025-12-01 23:45:00+00:00,421,10.10000000042055,10.134386289752197,0,0,0
2025-12-02 00:00:00+00:00,421,10.099999999511056,10.167468391065372,0,0,0
2025-12-02 00:15:00+00:00,421,9.500000000116415,10.232564034146884,0,0,0
2025-12-02 00:30:00+00:00,421,10.00000000021828,10.180555455516966,0,0,0
2025-12-02 00:45:00+00:00,421,10.10000000042055,10.152727570294708,0,0,0
2025-12-02 01:00:00+00:00,421,10.69999999981519,10.141575351911904,0,0,0
2025-12-02 01:15:00+00:00,421,9.599999999409192,10.260463761166216,0,0,0
2025-12-02 01:30:00+00:00,421,10.800000000017462,10.232611463682815,0,0,0
2025-12-02 01:45:00+00:00,421,10.700000000724684,10.251835770585489,0,0,0
2025-12-02 02:00:00+00:00,421,10.69999999981519,10.342417116805985,0,0,0
2025-12-02 02:15:00+00:00,421,10.59999999961292,10.452745889810764,0,0,0
2025-12-02 02:30:00+00:00,421,10.00000000021828,10.536380552750032,0,0,0
2025-12-02 02:45:00+00:00,421,10.10000000042055,10.528206630226544,0,0,0
2025-12-02 03:00:00+00:00,421,9.999999999308784,10.542807254868936,0,0,0
2025-12-02 03:15:00+00:00,421,10.00000000021828,10.546436311860976,0,0,0
2025-12-02 03:30:00+00:00,421,10.59999999961292,10.52647754464452,0,0,0
2025-12-02 04:15:00+00:00,421,9.900000000016009,10.521616017211402,0,0,0
2025-12-02 04:30:00+00:00,421,10.500000000320142,10.62606771271956,0,0,0
2025-12-02 04:45:00+00:00,421,10.69999999981519,10.688344088385763,0,0,0
2025-12-02 05:00:00+00:00,421,10.800000000017462,10.64500953488616,0,0,0
2025-12-02 05:15:00+00:00,421,11.400000000321596,10.67148288836163,0,0,0
2025-12-02 05:30:00+00:00,421,11.499999999614374,10.954086895765396,0,0,0
2025-12-02 05:45:00+00:00,421,11.599999999816646,11.30735672675008,0,0,0
2025-12-02 06:00:00+00:00,421,11.400000000321596,11.606666393199845,0,0,0
2025-12-02 06:15:00+00:00,421,26.39999999973952,17.552896850705828,0,0,0
2025-12-02 06:30:00+00:00,421,14.799999999922877,22.83551765370028,0,0,0
2025-12-02 06:45:00+00:00,421,19.60000000053697,17.49535924367386,0,0,0
2025-12-02 07:00:00+00:00,421,18.500000000130967,19.180608774604305,0,0,0
2025-12-02 07:15:00+00:00,421,14.900000000125146,14.937303720081855,0,0,0
2025-12-02 07:30:00+00:00,421,13.09999999921274,14.0838775753011,0,0,0
2025-12-02 07:45:00+00:00,421,13.6000000002241,13.733654394506926,0,0,0
2025-12-02 08:00:00+00:00,421,15.40000000022701,14.24641022502493,0,0,0
2025-12-02 08:15:00+00:00,421,16.200000000026193,15.678946121093771,0,0,0
2025-12-02 08:30:00+00:00,421,17.39999999972497,15.200408608271806,0,0,0
2025-12-02 08:45:00+00:00,421,16.80000000033033,16.001099386533795,0,0,0
2025-12-02 09:00:00+00:00,421,15.499999999519789,15.752252653837072,0,0,0
2025-12-02 09:15:00+00:00,421,18.000000000029104,15.622762348315414,0,0,0
2025-12-02 09:30:00+00:00,421,16.200000000026193,16.212741135757057,0,0,0
2025-12-02 09:45:00+00:00,421,15.000000000327418,16.26221572168044,0,0,0
2025-12-02 10:00:00+00:00,421,15.99999999962165,15.829138024063775,0,0,0
2025-12-02 10:15:00+00:00,421,15.20000000073196,16.075934824317752,0,0,0
2025-12-02 10:30:00+00:00,421,14.49999999931606,16.082019754780667,0,0,0
2025-12-02 10:45:00+00:00,421,14.200000000528236,15.696961672323331,0,0,0
2025-12-02 11:00:00+00:00,421,15.300000000024738,15.297397126802291,0,0,0
2025-12-02 11:15:00+00:00,421,14.599999999518332,15.492280904991391,0,0,0
2025-12-02 11:30:00+00:00,421,14.799999999922877,15.12583961288088,0,0,0
2025-12-02 11:45:00+00:00,421,14.500000000225556,15.136388499666891,0,0,0
2025-12-02 12:00:00+00:00,421,13.100000000122236,15.249644651529175,0,0,0
2025-12-02 12:15:00+00:00,421,13.6000000002241,14.799474883647292,0,0,0
2025-12-02 12:30:00+00:00,421,13.89999999992142,14.224020694091914,0,0,0
2025-12-02 12:45:00+00:00,421,13.500000000021828,13.956383495247673,0,0,0
2025-12-02 13:00:00+00:00,421,13.500000000021828,13.790772808140431,0,0,0
2025-12-02 13:15:00+00:00,421,13.299999999617285,13.417980840667148,0,0,0
2025-12-02 13:30:00+00:00,421,13.100000000122236,13.097691974485192,0,0,0
2025-12-02 13:45:00+00:00,421,13.500000000021828,13.27127919354726,0,0,0
2025-12-02 14:00:00+00:00,421,13.500000000021828,13.596385645092276,0,0,0
2025-12-02 14:15:00+00:00,421,15.300000000024738,13.719579679718848,0,0,0
2025-12-02 14:30:00+00:00,421,15.900000000328872,14.049827353460351,0,0,0
2025-12-02 14:45:00+00:00,421,14.299999999821011,14.43594492805125,0,0,0
2025-12-02 15:00:00+00:00,421,13.399999999819556,14.366801732072409,0,0,0
2025-12-02 15:15:00+00:00,421,13.200000000324508,13.923043321459568,0,0,0
2025-12-02 15:30:00+00:00,421,12.899999999717693,13.721641469545576,0,0,0
2025-12-02 15:45:00+00:00,421,14.19999999961874,13.6366812208263,0,0,0
2025-12-02 16:00:00+00:00,421,13.89999999992142,13.874873745267513,0,0,0
2025-12-02 16:15:00+00:00,421,12.500000000727596,13.914761984987056,0,0,0
2025-12-02 16:30:00+00:00,421,14.299999999821011,13.573775706315809,0,0,0
2025-12-02 16:45:00+00:00,421,13.799999999719148,13.440057894657546,0,0,0
2025-12-02 17:00:00+00:00,421,12.999999999919964,13.6563058888117,0,0,0
2025-12-02 17:15:00+00:00,421,12.600000000020373,13.659495525103186,0,0,0
2025-12-02 17:30:00+00:00,421,12.800000000424916,13.473724495251776,0,0,0
2025-12-02 17:45:00+00:00,421,12.600000000020373,13.165558757952898,0,0,0
2025-12-02 18:00:00+00:00,421,13.299999999617285,13.056339696590312,0,0,0
2025-12-02 18:15:00+00:00,421,14.299999999821011,13.122409737637971,0,0,0
2025-12-02 18:30:00+00:00,421,13.800000000628645,13.35837586386304,0,0,0
2025-12-02 18:45:00+00:00,421,13.799999999719148,12.875077262625226,0,0,0
2025-12-02 19:00:00+00:00,421,13.100000000122236,12.816752185798132,0,0,0
2025-12-02 19:15:00+00:00,421,13.299999999617285,12.909275353019174,0,0,0
2025-12-02 19:30:00+00:00,421,12.09999999991851,12.81203643443869,0,0,0
2025-12-02 19:45:00+00:00,421,3.0999999999039574,4.630822622446095,0,0,0
2025-12-02 20:00:00+00:00,421,5.200000000513683,1.5961139074390172,0,0,0
2025-12-02 20:15:00+00:00,421,7.2000000000116415,5.914462252711717,0,0,0
2025-12-02 20:30:00+00:00,421,8.399999999710417,8.385236619043024,0,0,0
2025-12-02 20:45:00+00:00,421,9.799999999813735,8.623050404689948,0,0,0
2025-12-02 21:00:00+00:00,421,10.2999999999156,8.854505145055992,0,0,0
2025-12-02 21:15:00+00:00,421,9.300000000621369,9.567042202094752,0,0,0
2025-12-02 21:30:00+00:00,421,9.699999999611464,9.767149855421636,0,0,0
2025-12-02 21:45:00+00:00,421,9.399999999914144,9.593780951723494,0,0,0
2025-12-02 22:00:00+00:00,421,9.399999999914144,9.896800584373654,0,0,0
2025-12-02 22:15:00+00:00,421,11.100000000624275,9.984880022573693,0,0,0
2025-12-02 22:30:00+00:00,421,9.999999999308784,10.09328022694826,0,0,0
2025-12-02 22:45:00+00:00,421,9.900000000016009,10.054407537292224,0,0,0
2025-12-02 23:00:00+00:00,421,9.400000000823638,9.986934837468668,0,0,0
2025-12-02 23:15:00+00:00,421,9.900000000016009,9.901826371449602,0,0,0
2025-12-02 23:30:00+00:00,421,9.899999999106512,9.930831973898664,0,0,0
2025-12-02 23:45:00+00:00,421,10.00000000021828,9.891908367240816,0,0,0
2025-12-03 00:00:00+00:00,421,9.900000000016009,9.99113653635778,0,0,0
2025-12-03 00:15:00+00:00,421,9.799999999813735,10.172729582088042,0,0,0
2025-12-03 00:30:00+00:00,421,10.40000000011787,10.116156608117764,0,0,0
2025-12-03 00:45:00+00:00,421,9.900000000016009,10.02016829480092,0,0,0
2025-12-03 01:00:00+00:00,421,9.80000000072323,9.923203491038402,0,0,0
2025-12-03 01:15:00+00:00,421,10.399999999208376,9.887828032164236,0,0,0
2025-12-03 01:30:00+00:00,421,10.2999999999156,9.983355302492086,0,0,0
2025-12-03 01:45:00+00:00,421,9.900000000016009,10.10586021386128,0,0,0
2025-12-03 02:00:00+00:00,421,9.80000000072323,10.167248680715094,0,0,0
2025-12-03 02:15:00+00:00,421,9.799999999813735,10.214824690214815,0,0,0
2025-12-03 02:30:00+00:00,421,9.699999999611464,10.176256805076465,0,0,0
2025-12-03 02:45:00+00:00,421,10.200000000622822,10.058058216572704,0,0,0
2025-12-03 03:00:00+00:00,421,9.49999999920692,10.045157382798962,0,0,0
2025-12-03 03:15:00+00:00,421,10.00000000021828,10.033088658383576,0,0,0
2025-12-03 03:30:00+00:00,421,10.500000000320142,9.977168538025548,0,0,0
2025-12-03 03:45:00+00:00,421,10.00000000021828,9.98169317625491,0,0,0
2025-12-03 04:00:00+00:00,421,9.500000000116415,10.039405854073928,0,0,0
2025-12-03 04:15:00+00:00,421,10.399999999208376,10.18454860394661,0,0,0
2025-12-03 04:30:00+00:00,421,9.500000000116415,10.21591277956857,0,0,0
2025-12-03 04:45:00+00:00,421,10.10000000042055,10.150930130381486,0,0,0
2025-12-03 05:00:00+00:00,421,10.499999999410647,10.075485781055333,0,0,0
2025-12-03 05:15:00+00:00,421,9.600000000318689,10.343541475804862,0,0,0
2025-12-03 05:30:00+00:00,421,10.199999999713327,10.225135731827985,0,0,0
2025-12-03 06:30:00+00:00,421,14.000000000123691,9.998649932844083,0,0,0
2025-12-03 06:45:00+00:00,421,19.59999999962747,19.44451508245288,0,0,0
2025-12-03 07:00:00+00:00,421,17.899999999826832,22.85511721193136,0,0,0
2025-12-03 07:15:00+00:00,421,15.50000000042928,16.94745184959102,0,0,0
2025-12-03 07:30:00+00:00,421,13.89999999992142,15.23465064073581,0,0,0
2025-12-03 07:45:00+00:00,421,12.39999999961583,14.03592770945932,0,0,0
2025-12-03 08:00:00+00:00,421,12.500000000727596,13.46184827895282,0,0,0
2025-12-03 08:15:00+00:00,421,14.899999999215652,14.446724685078344,0,0,0
2025-12-03 08:30:00+00:00,421,15.800000000126602,14.20111222823634,0,0,0
2025-12-03 08:45:00+00:00,421,15.900000000328872,14.402179980919277,0,0,0
2025-12-03 09:00:00+00:00,421,16.399999999521242,14.81051968808107,0,0,0
2025-12-03 09:15:00+00:00,421,15.700000000833825,14.929752658964071,0,0,0
2025-12-03 09:30:00+00:00,421,13.89999999992142,14.779792323728328,0,0,0
2025-12-03 09:45:00+00:00,421,13.599999999314605,14.501124270313817,0,0,0
2025-12-03 10:00:00+00:00,421,13.200000000324508,14.178305596384384,0,0,0
2025-12-03 10:15:00+00:00,421,13.799999999719148,14.018994667638111,0,0,0
2025-12-03 10:30:00+00:00,421,15.600000000631551,13.703727054826462,0,0,0
2025-12-03 10:45:00+00:00,421,14.999999999417923,14.149706283710042,0,0,0
2025-12-03 11:00:00+00:00,421,14.000000000123691,14.208094134922929,0,0,0
2025-12-03 11:15:00+00:00,421,14.000000000123691,13.69327581708502,0,0,0
2025-12-03 11:30:00+00:00,421,13.200000000324508,13.305843467858338,0,0,0
2025-12-03 11:45:00+00:00,421,11.499999999614374,13.230543499619506,0,0,0
2025-12-03 12:00:00+00:00,421,11.400000000321596,13.114890063713084,0,0,0
2025-12-03 12:15:00+00:00,421,12.299999999413558,12.908077059743691,0,0,0
2025-12-03 12:30:00+00:00,421,12.20000000012078,12.944246963344732,0,0,0
2025-12-03 12:45:00+00:00,421,13.89999999992142,12.760285230790528,0,0,0
2025-12-03 13:00:00+00:00,421,12.500000000727596,12.909116324575164,0,0,0
2025-12-03 13:15:00+00:00,421,12.899999999717693,12.617907343865465,0,0,0
2025-12-03 13:30:00+00:00,421,13.299999999617285,12.478334076999015,0,0,0
2025-12-03 13:45:00+00:00,421,12.09999999991851,12.90128277872131,0,0,0
2025-12-03 14:00:00+00:00,421,12.600000000020373,13.05072627151402,0,0,0
2025-12-03 14:15:00+00:00,421,15.000000000327418,13.03719560140282,0,0,0
2025-12-03 14:30:00+00:00,421,13.500000000021828,13.486289834808108,0,0,0
2025-12-03 14:45:00+00:00,421,13.6000000002241,13.51842753036168,0,0,0
2025-12-03 15:00:00+00:00,421,13.100000000122236,13.165498773539806,0,0,0
2025-12-03 15:15:00+00:00,421,12.299999999413558,13.042910860482731,0,0,0
2025-12-03 15:30:00+00:00,421,11.800000000221187,12.883062164498158,0,0,0
2025-12-03 15:45:00+00:00,421,11.199999999917054,12.688428786359056,0,0,0
2025-12-03 16:00:00+00:00,421,12.800000000424916,12.684697895363396,0,0,0
2025-12-03 16:15:00+00:00,421,12.899999999717693,12.854411934822004,0,0,0
2025-12-03 16:30:00+00:00,421,15.199999999822468,12.745342136998971,0,0,0
2025-12-03 16:45:00+00:00,421,14.200000000528236,13.199223266067602,0,0,0
2025-12-03 17:00:00+00:00,421,13.299999999617285,13.253516134847226,0,0,0
2025-12-03 17:15:00+00:00,421,11.800000000221187,13.092109239108623,0,0,0
2025-12-03 17:30:00+00:00,421,12.4999999998181,12.894353184022885,0,0,0
2025-12-03 17:45:00+00:00,421,12.39999999961583,12.674700725679196,0,0,0
2025-12-03 18:00:00+00:00,421,11.700000000018916,12.839708778682816,0,0,0
2025-12-03 18:15:00+00:00,421,13.200000000324508,12.773125382658,0,0,0
2025-12-03 18:30:00+00:00,421,13.200000000324508,12.75717162125517,0,0,0
2025-12-03 18:45:00+00:00,421,13.89999999992142,12.280775412481937,0,0,0
2025-12-03 19:00:00+00:00,421,13.799999999719148,12.270127481665009,0,0,0
2025-12-03 19:15:00+00:00,421,13.700000000426371,12.4033807628684,0,0,0
2025-12-03 19:30:00+00:00,421,12.299999999413558,12.43983175621916,0,0,0
2025-12-03 19:45:00+00:00,421,2.599999999802094,5.870878345401876,0,0,0
2025-12-03 20:00:00+00:00,421,4.400000000714499,0.8462184184281929,0,0,0
2025-12-03 20:15:00+00:00,421,7.09999999980937,4.986916690484958,0,0,0
2025-12-03 20:30:00+00:00,421,7.09999999980937,8.095508416344874,0,0,0
2025-12-03 20:45:00+00:00,421,7.8999999996085535,8.37581557872177,0,0,0
2025-12-03 21:00:00+00:00,421,9.80000000072323,8.457007969307085,0,0,0
2025-12-03 21:15:00+00:00,421,10.99999999951251,9.10215079450453,0,0,0
2025-12-03 21:30:00+00:00,421,10.500000000320142,9.892107152795829,0,0,0
2025-12-03 21:45:00+00:00,421,10.00000000021828,9.64698015120396,0,0,0
2025-12-03 22:00:00+00:00,421,9.999999999308784,10.044497554254956,0,0,0
2025-12-03 22:15:00+00:00,421,10.00000000021828,10.168297012957847,0,0,0
2025-12-03 22:30:00+00:00,421,9.500000000116415,10.052264838257138,0,0,0
2025-12-03 22:45:00+00:00,421,10.00000000021828,9.887467428192512,0,0,0
2025-12-03 23:00:00+00:00,421,9.399999999914144,9.889205581185816,0,0,0
2025-12-03 23:15:00+00:00,421,9.399999999914144,9.866735838537622,0,0,0
2025-12-03 23:30:00+00:00,421,10.00000000021828,9.805714601840698,0,0,0
2025-12-03 23:45:00+00:00,421,9.399999999914144,9.76493636082924,0,0,0
2025-12-04 00:00:00+00:00,421,10.499999999410647,9.857619951480642,0,0,0
2025-12-04 00:15:00+00:00,421,10.600000000522414,10.041395104610404,0,0,0
2025-12-04 00:30:00+00:00,421,10.00000000021828,10.170572933189447,0,0,0
2025-12-04 00:45:00+00:00,421,9.900000000016009,10.196778449285532,0,0,0
2025-12-04 01:00:00+00:00,421,9.999999999308784,10.153883316486482,0,0,0
2025-12-04 01:15:00+00:00,421,9.900000000016009,10.122146679508816,0,0,0
2025-12-04 01:30:00+00:00,421,10.500000000320142,10.088188526767231,0,0,0
2025-12-04 01:45:00+00:00,421,9.900000000016009,10.104738644835102,0,0,0
2025-12-04 02:00:00+00:00,421,10.00000000021828,10.232644245862062,0,0,0
2025-12-04 02:15:00+00:00,421,10.99999999951251,10.348044491745782,0,0,0
2025-12-04 02:30:00+00:00,421,10.500000000320142,10.428577751280264,0,0,0
2025-12-04 02:45:00+00:00,421,9.900000000016009,10.457291801581976,0,0,0
2025-12-04 03:00:00+00:00,421,10.500000000320142,10.366212793980772,0,0,0
2025-12-04 03:15:00+00:00,421,10.399999999208376,10.371003177109992,0,0,0
2025-12-04 03:30:00+00:00,421,10.40000000011787,10.31215916536034,0,0,0
2025-12-04 03:45:00+00:00,421,10.40000000011787,10.28651652625687,0,0,0
2025-12-04 04:00:00+00:00,421,10.500000000320142,10.315500157670904,0,0,0
2025-12-04 04:15:00+00:00,421,10.99999999951251,10.556342807432364,0,0,0
2025-12-04 04:30:00+00:00,421,11.199999999917054,10.523545980827963,0,0,0
2025-12-04 04:45:00+00:00,421,10.500000000320142,10.535182956967729,0,0,0
2025-12-04 05:00:00+00:00,421,10.59999999961292,10.54137530137967,0,0,0
2025-12-04 05:15:00+00:00,421,10.500000000320142,10.80668078053827,0,0,0
2025-12-04 05:30:00+00:00,421,10.69999999981519,10.770699897587786,0,0,0
2025-12-04 05:45:00+00:00,421,10.200000000622822,10.567427368977148,0,0,0
2025-12-04 06:00:00+00:00,421,10.800000000017462,12.56145712869407,0,0,0
2025-12-04 06:15:00+00:00,421,23.699999999735155,23.74174403186512,0,0,0
2025-12-04 06:30:00+00:00,421,14.699999999720603,21.375815095939533,0,0,0
2025-12-04 06:45:00+00:00,421,20.30000000013388,17.166555380805605,0,0,0
2025-12-04 07:00:00+00:00,421,18.60000000033324,18.065534804877174,0,0,0
2025-12-04 07:15:00+00:00,421,14.900000000125146,14.965447569712609,0,0,0
2025-12-04 07:30:00+00:00,421,13.999999999214197,13.666845010693256,0,0,0
2025-12-04 07:45:00+00:00,421,13.500000000021828,12.958581145594092,0,0,0
2025-12-04 08:00:00+00:00,421,14.700000000630098,13.336792635040885,0,0,0
2025-12-04 08:15:00+00:00,421,14.49999999931606,15.03905193204184,0,0,0
2025-12-04 08:30:00+00:00,421,14.000000000123691,14.309739815386116,0,0,0
2025-12-04 08:45:00+00:00,421,14.100000000325965,14.369845592290218,0,0,0
2025-12-04 09:00:00+00:00,421,14.000000000123691,14.017415543088816,0,0,0
2025-12-04 09:15:00+00:00,421,13.89999999992142,13.976134409497837,0,0,0
2025-12-04 09:30:00+00:00,421,14.900000000125146,15.921691183491363,1,0,1
2025-12-04 09:45:00+00:00,421,14.099999999416468,14.914791430349954,1,0,1
2025-12-04 10:00:00+00:00,421,13.100000000122236,14.275742603026709,1,0,1
2025-12-04 10:15:00+00:00,421,15.40000000022701,14.13180512136126,1,0,1
2025-12-04 10:30:00+00:00,421,14.699999999720603,14.398603235915395,0,0,0
2025-12-04 10:45:00+00:00,421,13.6000000002241,14.26700929097648,0,0,0
2025-12-04 11:00:00+00:00,421,13.399999999819556,13.840831893344872,0,0,0
2025-12-04 11:15:00+00:00,421,11.500000000523867,13.53721032408427,0,0,0
2025-12-04 11:30:00+00:00,421,11.899999999513966,13.08195164599406,0,0,0
2025-12-04 11:45:00+00:00,421,12.600000000020373,12.620044462955144,0,0,0
2025-12-04 12:00:00+00:00,421,11.500000000523867,12.73658022772855,0,0,0
2025-12-04 12:15:00+00:00,421,12.09999999991851,12.780086364549325,0,0,0
2025-12-04 12:30:00+00:00,421,13.399999999819556,12.35201806291898,0,0,0
2025-12-04 12:45:00+00:00,421,13.200000000324508,12.456956608663628,0,0,0
2025-12-04 13:00:00+00:00,421,12.199999999211286,12.638149293311164,0,0,0
2025-12-04 13:15:00+00:00,421,11.500000000523867,12.282508683023014,0,0,0
2025-12-04 13:30:00+00:00,421,10.900000000219734,11.849985492480858,0,0,0
2025-12-04 13:45:00+00:00,421,10.59999999961292,11.363281032067157,0,0,0
2025-12-04 14:00:00+00:00,421,11.599999999816646,11.279009209112084,0,0,0
2025-12-04 14:15:00+00:00,421,12.20000000012078,11.507955764019089,0,0,0
2025-12-04 14:30:00+00:00,421,14.000000000123691,11.841242415526176,0,0,0
2025-12-04 14:45:00+00:00,421,12.899999999717693,12.346883815654248,0,0,0
2025-12-04 15:00:00+00:00,421,11.90000000042346,12.411807875414588,0,0,0
2025-12-04 15:15:00+00:00,421,11.099999999714782,12.27657301609965,0,0,0
2025-12-04 15:30:00+00:00,421,12.700000000222644,12.208679727891276,0,0,0
2025-12-04 15:45:00+00:00,421,11.999999999716238,13.2469506315864,0,0,0
2025-12-04 16:00:00+00:00,421,12.300000000323053,13.68399776286474,0,0,0
2025-12-04 16:15:00+00:00,421,14.299999999821011,13.689549808541589,0,0,0
2025-12-04 16:30:00+00:00,421,15.300000000024738,13.91276575951882,0,0,0
2025-12-04 16:45:00+00:00,421,13.700000000426371,14.073030858929156,0,0,0
2025-12-04 17:00:00+00:00,421,12.600000000020373,13.89138410622438,0,0,0
2025-12-04 17:15:00+00:00,421,12.199999999211286,13.669266706998531,0,0,0
2025-12-04 17:30:00+00:00,421,12.800000000424916,13.68569964621292,0,0,0
2025-12-04 17:45:00+00:00,421,12.300000000323053,13.477283105433091,0,0,0
2025-12-04 18:00:00+00:00,421,12.39999999961583,13.4048184469526,0,0,0
2025-12-04 18:15:00+00:00,421,13.299999999617285,13.37988934336765,0,0,0
2025-12-04 18:30:00+00:00,421,13.900000000830914,13.354840968449691,0,0,0
2025-12-04 18:45:00+00:00,421,13.89999999992142,12.828466583680376,0,0,0
2025-12-04 19:00:00+00:00,421,12.299999999413558,12.81193599542142,0,0,0
2025-12-04 19:15:00+00:00,421,12.999999999919964,12.605330146925146,0,0,0
2025-12-04 19:30:00+00:00,421,11.700000000018916,12.555969949882542,0,0,0
2025-12-04 19:45:00+00:00,421,3.0999999999039574,6.9159288827627,0,0,0
2025-12-04 20:00:00+00:00,421,5.400000000008731,2.9789928231190856,0,0,0
2025-12-04 20:15:00+00:00,421,8.00000000072032,7.510843131914062,0,0,0
2025-12-04 20:30:00+00:00,421,9.299999999711872,9.319005956467944,0,0,0
2025-12-04 20:45:00+00:00,421,9.500000000116415,9.918352774749504,0,0,0
2025-12-04 21:00:00+00:00,421,10.099999999511056,10.165417063636276,0,0,0
2025-12-04 21:15:00+00:00,421,10.800000000017462,10.419149736027258,0,0,0
2025-12-04 21:30:00+00:00,421,12.000000000625732,10.52621040475831,0,0,0
2025-12-04 21:45:00+00:00,421,10.199999999713327,10.504052441559557,0,0,0
2025-12-04 22:00:00+00:00,421,10.800000000017462,10.922676685593853,0,0,0
2025-12-04 22:15:00+00:00,421,10.199999999713327,11.028445945710498,0,0,0
2025-12-04 22:30:00+00:00,421,10.69999999981519,10.995549377582002,0,0,0
2025-12-04 22:45:00+00:00,421,10.800000000017462,10.817795334289595,0,0,0
2025-12-04 23:00:00+00:00,421,10.00000000021828,10.589058027335238,0,0,0
2025-12-04 23:15:00+00:00,421,10.69999999981519,10.42266719411122,0,0,0
2025-12-04 23:30:00+00:00,421,9.500000000116415,10.36129616458679,0,0,0
2025-12-04 23:45:00+00:00,421,10.200000000622822,10.269738327920615,0,0,0
2025-12-05 00:00:00+00:00,421,10.099999999511056,10.391652462570178,0,0,0
2025-12-05 00:15:00+00:00,421,10.10000000042055,10.42699723174462,0,0,0
2025-12-05 00:30:00+00:00,421,10.800000000017462,10.57658894183712,0,0,0
2025-12-05 00:45:00+00:00,421,11.499999999614374,10.720953986819138,0,0,0
2025-12-05 01:00:00+00:00,421,10.800000000017462,10.868851137241805,0,0,0
2025-12-05 01:15:00+00:00,421,10.69999999981519,11.007053830018425,0,0,0
2025-12-05 01:30:00+00:00,421,11.300000000119326,10.962597009999469,0,0,0
2025-12-05 01:45:00+00:00,421,10.800000000017462,11.144913356152708,0,0,0
2025-12-05 02:00:00+00:00,421,10.69999999981519,11.143516974815393,0,0,0
2025-12-05 02:15:00+00:00,421,10.800000000017462,11.106664225395551,0,0,0
2025-12-05 02:30:00+00:00,421,10.800000000017462,11.005499815223448,0,0,0
2025-12-05 02:45:00+00:00,421,10.800000000017462,10.900445485611671,0,0,0
2025-12-05 03:00:00+00:00,421,10.2999999999156,10.802025711085092,0,0,0
2025-12-05 03:15:00+00:00,421,10.40000000011787,10.71749442066874,0,0,0
2025-12-05 03:30:00+00:00,421,9.799999999813735,10.576329474375845,0,0,0
2025-12-05 03:45:00+00:00,421,10.40000000011787,10.460413083542264,0,0,0
2025-12-05 04:00:00+00:00,421,11.199999999917054,10.42721345462902,0,0,0
2025-12-05 04:15:00+00:00,421,10.600000000522414,10.570259888762786,0,0,0
2025-12-05 04:30:00+00:00,421,9.900000000016009,10.591501345928956,0,0,0
2025-12-05 04:45:00+00:00,421,10.59999999961292,10.540233505051404,0,0,0
2025-12-05 05:00:00+00:00,421,10.600000000522414,10.452607786162018,0,0,0
2025-12-05 05:15:00+00:00,421,10.69999999981519,10.6546272682829,0,0,0
2025-12-05 05:30:00+00:00,421,10.59999999961292,10.575020977178635,0,0,0
2025-12-05 05:45:00+00:00,421,10.69999999981519,10.406984757553651,0,0,0
2025-12-05 06:00:00+00:00,421,10.00000000021828,12.482624357521413,0,0,0
2025-12-05 06:15:00+00:00,421,21.000000000640284,22.951263856199034,0,0,0
2025-12-05 06:30:00+00:00,421,13.799999999719148,20.37009829122374,0,0,0
2025-12-05 06:45:00+00:00,421,18.299999999726424,15.847175197581777,0,0,0
2025-12-05 07:00:00+00:00,421,17.700000000331784,17.299737517705097,0,0,0
2025-12-05 07:15:00+00:00,421,15.099999999620197,14.738622789045424,0,0,0
2025-12-05 07:30:00+00:00,421,13.30000000052678,13.90010765337015,0,0,0
2025-12-05 07:45:00+00:00,421,16.399999999521242,13.363100682633766,0,0,0
2025-12-05 08:00:00+00:00,421,13.89999999992142,14.37646550001873,0,0,0
2025-12-05 08:15:00+00:00,421,13.800000000628645,15.402401236905432,0,0,0
2025-12-05 08:30:00+00:00,421,13.199999999415011,14.655627378601483,0,0,0
2025-12-05 08:45:00+00:00,421,12.700000000222644,14.563034462062896,0,0,0
2025-12-05 09:00:00+00:00,421,13.200000000324508,14.251312904555403,0,0,0
2025-12-05 09:15:00+00:00,421,12.4999999998181,14.17563489501546,0,0,0
2025-12-05 09:30:00+00:00,421,13.699999999516876,13.824931838916555,0,0,0
2025-12-05 09:45:00+00:00,421,13.89999999992142,13.743849652252967,0,0,0
2025-12-05 10:00:00+00:00,421,13.100000000122236,13.483591233712165,0,0,0
2025-12-05 10:15:00+00:00,421,14.299999999821011,13.697730705996833,0,0,0
2025-12-05 10:30:00+00:00,421,12.700000000222644,13.705587966618651,0,0,0
2025-12-05 10:45:00+00:00,421,13.399999999819556,13.204066658678158,0,0,0
2025-12-05 11:00:00+00:00,421,14.100000000325965,13.14546886201945,0,0,0
2025-12-05 11:15:00+00:00,421,11.999999999716238,13.089475504878,0,0,0
2025-12-05 11:30:00+00:00,421,12.09999999991851,12.413649954891042,0,0,0
2025-12-05 11:45:00+00:00,421,12.20000000012078,11.910187523443176,0,0,0
2025-12-05 12:00:00+00:00,421,10.600000000522414,12.007717994171012,0,0,0
2025-12-05 12:15:00+00:00,421,11.199999999917054,12.190960611261296,0,0,0
2025-12-05 12:30:00+00:00,421,11.300000000119326,11.889487320981182,0,0,0
2025-12-05 12:45:00+00:00,421,12.4999999998181,11.85365291159755,0,0,0
2025-12-05 13:00:00+00:00,421,13.100000000122236,11.9786199738762,0,0,0
2025-12-05 13:15:00+00:00,421,13.6000000002241,11.95154886874934,0,0,0
2025-12-05 13:30:00+00:00,421,13.299999999617285,12.34496082696944,0,0,0
2025-12-05 13:45:00+00:00,421,10.500000000320142,12.432526212699148,0,0,0
2025-12-05 14:00:00+00:00,421,10.800000000017462,11.793321844397768,0,0,0
2025-12-05 14:15:00+00:00,421,11.899999999513966,11.883909468056842,0,0,0
2025-12-05 14:30:00+00:00,421,12.4999999998181,12.07233236696144,0,0,0
2025-12-05 14:45:00+00:00,421,11.700000000018916,12.400995336208249,0,0,0
2025-12-05 15:00:00+00:00,421,12.300000000323053,12.169002828603904,0,0,0
2025-12-05 15:15:00+00:00,421,12.4999999998181,11.986283331395237,0,0,0
2025-12-05 15:30:00+00:00,421,11.999999999716238,11.994199878936971,0,0,0
2025-12-05 15:45:00+00:00,421,11.800000000221187,11.818728033314748,0,0,0
2025-12-05 16:00:00+00:00,421,13.6000000002241,12.01336908387878,0,0,0
2025-12-05 16:15:00+00:00,421,12.600000000020373,12.445868559652968,0,0,0
2025-12-05 16:30:00+00:00,421,11.800000000221187,12.595360179474788,0,0,0
2025-12-05 16:45:00+00:00,421,12.20000000012078,12.304453910803248,0,0,0
2025-12-05 17:00:00+00:00,421,11.999999999716238,12.3127199024259,0,0,0
2025-12-05 17:15:00+00:00,421,10.900000000219734,12.174483032483678,0,0,0
2025-12-05 17:30:00+00:00,421,11.499999999614374,11.915311308310278,0,0,0
2025-12-05 17:45:00+00:00,421,11.499999999614374,11.541070647511512,0,0,0
2025-12-05 18:00:00+00:00,421,11.400000000321596,11.758961935587106,0,0,0
2025-12-05 18:15:00+00:00,421,11.400000000321596,11.831453796301442,0,0,0
2025-12-05 18:30:00+00:00,421,11.300000000119326,11.851879883945472,0,0,0
2025-12-05 18:45:00+00:00,421,11.499999999614374,11.346705106751797,0,0,0
2025-12-05 19:00:00+00:00,421,11.300000000119326,11.29645072345822,0,0,0
2025-12-05 19:15:00+00:00,421,11.800000000221187,11.334966994101586,0,0,0
2025-12-05 19:30:00+00:00,421,10.69999999981519,11.354122249179886,0,0,0
2025-12-05 19:45:00+00:00,421,4.100000000107684,3.056824865958215,0,0,0
2025-12-05 20:00:00+00:00,421,5.9000000001105946,3.06392238213864,0,0,0
2025-12-05 20:15:00+00:00,421,6.499999999505235,6.338883711274044,0,0,0
2025-12-05 20:30:00+00:00,421,7.2000000000116415,7.484893247066791,0,0,0
2025-12-05 20:45:00+00:00,421,9.100000000216824,8.221830010370311,0,0,0
2025-12-05 21:00:00+00:00,421,9.600000000318689,8.704979348068573,0,0,0
2025-12-05 21:15:00+00:00,421,10.69999999981519,9.4658279211606,0,0,0
2025-12-05 21:30:00+00:00,421,10.69999999981519,10.27289169456698,0,0,0
2025-12-05 21:45:00+00:00,421,10.59999999961292,10.289789861729414,0,0,0
2025-12-05 22:00:00+00:00,421,10.600000000522414,10.635031197517696,0,0,0
2025-12-05 22:15:00+00:00,421,10.00000000021828,10.637633544555424,0,0,0
2025-12-05 22:30:00+00:00,421,10.499999999410647,10.5567857155988,0,0,0
2025-12-05 22:45:00+00:00,421,9.900000000016009,10.57816109145466,0,0,0
2025-12-05 23:00:00+00:00,421,9.900000000016009,10.43979134906251,0,0,0
2025-12-05 23:15:00+00:00,421,10.500000000320142,10.304947085925845,0,0,0
2025-12-05 23:30:00+00:00,421,11.199999999917054,10.246173520986911,0,0,0
2025-12-05 23:45:00+00:00,421,9.900000000016009,10.249607977382992,0,0,0
2025-12-06 00:00:00+00:00,421,10.40000000011787,10.284976461325405,0,0,0
2025-12-06 00:15:00+00:00,421,9.799999999813735,10.24961774228745,0,0,0
2025-12-06 00:30:00+00:00,421,10.00000000021828,10.282536630197562,0,0,0
2025-12-06 00:45:00+00:00,421,10.099999999511056,10.278850378765132,0,0,0
2025-12-06 01:00:00+00:00,421,10.10000000042055,10.243480499836371,0,0,0
2025-12-06 01:15:00+00:00,421,9.500000000116415,10.24886723963063,0,0,0
2025-12-06 01:30:00+00:00,421,9.599999999409192,10.105150165808638,0,0,0
2025-12-06 01:45:00+00:00,421,10.10000000042055,9.915429232104463,0,0,0
2025-12-06 02:00:00+00:00,421,10.00000000021828,9.900708638635887,0,0,0
2025-12-06 02:15:00+00:00,421,10.69999999981519,9.85185830910456,0,0,0
2025-12-06 02:30:00+00:00,421,10.59999999961292,9.895474998593649,0,0,0
2025-12-06 02:45:00+00:00,421,9.500000000116415,10.003056694726787,0,0,0
2025-12-06 03:00:00+00:00,421,9.600000000318689,10.030179414348634,0,0,0
2025-12-06 03:15:00+00:00,421,9.699999999611464,9.97539551037347,0,0,0
2025-12-06 03:30:00+00:00,421,9.70000000052096,9.888796152691809,0,0,0
2025-12-06 03:45:00+00:00,421,9.299999999711872,9.797764923373126,0,0,0
2025-12-06 04:00:00+00:00,421,9.900000000016009,9.742055097207508,0,0,0
2025-12-06 04:15:00+00:00,421,10.10000000042055,9.77504966312716,0,0,0
2025-12-06 04:30:00+00:00,421,10.099999999511056,9.793534976010406,0,0,0
2025-12-06 04:45:00+00:00,421,9.500000000116415,9.82443078496503,0,0,0
2025-12-06 05:00:00+00:00,421,9.500000000116415,9.90205061550552,0,0,0
2025-12-06 05:15:00+00:00,421,9.500000000116415,10.029589335122177,0,0,0
2025-12-06 05:30:00+00:00,421,9.699999999611464,9.970361702126006,0,0,0
2025-12-06 05:45:00+00:00,421,9.70000000052096,9.878525216936229,0,0,0
2025-12-06 06:00:00+00:00,421,11.099999999714782,9.87289749324984,0,0,0
2025-12-06 06:15:00+00:00,421,9.699999999611464,10.512579993123015,0,0,0
2025-12-06 06:30:00+00:00,421,9.799999999813735,10.205485954088267,0,0,0
2025-12-06 06:45:00+00:00,421,13.6000000002241,10.072377751465377,0,0,0
2025-12-06 07:00:00+00:00,421,22.50000000003638,19.528271457951277,0,0,0
2025-12-06 07:15:00+00:00,421,19.00000000023283,18.105085457899783,0,0,0
2025-12-06 07:30:00+00:00,421,15.800000000126602,16.539464376482844,0,0,0
2025-12-06 07:45:00+00:00,421,14.099999999416468,14.398433745073756,0,0,0
2025-12-06 08:00:00+00:00,421,12.700000000222644,13.25033417098067,0,0,0
2025-12-06 08:15:00+00:00,421,12.09999999991851,12.693768096617385,0,0,0
2025-12-06 08:30:00+00:00,421,12.000000000625732,12.565612095540423,0,0,0
2025-12-06 08:45:00+00:00,421,12.600000000020373,12.439764796874314,0,0,0
2025-12-06 09:00:00+00:00,421,13.199999999415011,12.69874680290398,0,0,0
2025-12-06 09:15:00+00:00,421,12.900000000627188,12.88392845102211,0,0,0
2025-12-06 09:30:00+00:00,421,11.799999999311694,12.792851187153843,0,0,0
2025-12-06 09:45:00+00:00,421,11.90000000042346,12.560245583048252,0,0,0
2025-12-06 10:00:00+00:00,421,11.499999999614374,11.99106325212682,0,0,0
2025-12-06 10:15:00+00:00,421,11.700000000018916,11.574677263692651,0,0,0
2025-12-06 10:30:00+00:00,421,11.599999999816646,11.403059765358147,0,0,0
2025-12-06 10:45:00+00:00,421,11.200000000826549,11.453164187618995,0,0,0
2025-12-06 11:00:00+00:00,421,11.499999999614374,11.333468081267473,0,0,0
2025-12-06 11:15:00+00:00,421,11.300000000119326,11.189107221244509,0,0,0
2025-12-06 11:30:00+00:00,421,11.399999999412104,10.845330272378153,0,0,0
2025-12-06 11:45:00+00:00,421,11.000000000422006,10.800874149852373,0,0,0
2025-12-06 12:00:00+00:00,421,11.499999999614374,10.745990504353111,0,0,0
2025-12-06 12:15:00+00:00,421,11.000000000422006,10.913714595782068,0,0,0
2025-12-06 12:30:00+00:00,421,10.500000000320142,10.758461682330756,0,0,0
2025-12-06 12:45:00+00:00,421,10.89999999931024,10.764174151437963,0,0,0
2025-12-06 13:00:00+00:00,421,11.000000000422006,10.950339264933522,0,0,0
2025-12-06 13:15:00+00:00,421,10.40000000011787,10.780929332499426,0,0,0
2025-12-06 13:30:00+00:00,421,10.40000000011787,10.45015819012972,0,0,0
2025-12-06 13:45:00+00:00,421,10.40000000011787,10.409990255646813,0,0,0
2025-12-06 14:00:00+00:00,421,10.2999999999156,10.4783240107955,0,0,0
2025-12-06 14:15:00+00:00,421,10.99999999951251,10.221101431300989,0,0,0
2025-12-06 14:30:00+00:00,421,10.900000000219734,10.485439138678608,0,0,0
2025-12-06 14:45:00+00:00,421,10.69999999981519,10.82877317937853,0,0,0
2025-12-06 15:00:00+00:00,421,10.800000000017462,10.942598485672008,0,0,0
2025-12-06 15:15:00+00:00,421,10.600000000522414,10.856933768845494,0,0,0
2025-12-06 15:30:00+00:00,421,10.59999999961292,10.813508541233077,0,0,0
2025-12-06 15:45:00+00:00,421,11.099999999714782,10.742868524899649,0,0,0
2025-12-06 16:00:00+00:00,421,10.800000000017462,10.86846263354306,0,0,0
2025-12-06 16:15:00+00:00,421,11.800000000221187,10.835598847593811,0,0,0
2025-12-06 16:30:00+00:00,421,11.700000000018916,11.00057132844548,0,0,0
2025-12-06 16:45:00+00:00,421,11.499999999614374,11.13048780229736,0,0,0
2025-12-06 17:00:00+00:00,421,11.300000000119326,11.299441574194692,0,0,0
2025-12-06 17:15:00+00:00,421,10.69999999981519,11.246557641629549,0,0,0
2025-12-06 17:30:00+00:00,421,11.60000000072614,11.078062820241684,0,0,0
2025-12-06 17:45:00+00:00,421,11.599999999816646,10.913277965054217,0,0,0
2025-12-06 18:00:00+00:00,421,10.500000000320142,10.945665363164608,0,0,0
2025-12-06 18:15:00+00:00,421,2.7000000000043656,10.843848796873427,0,0,0
2025-12-06 18:30:00+00:00,421,4.500000000007276,0.4942975392448945,0,0,0
2025-12-06 18:45:00+00:00,421,5.8999999992011,1.8055194935416807,0,0,0
2025-12-06 19:00:00+00:00,421,6.900000000314321,6.274362105075957,0,0,0
2025-12-06 19:15:00+00:00,421,7.499999999708962,7.2238518924365085,0,0,0
2025-12-06 19:30:00+00:00,421,7.900000000518048,7.628805967724508,0,0,0
2025-12-06 19:45:00+00:00,421,7.999999999810825,7.198270981479069,0,0,0
2025-12-06 20:00:00+00:00,421,9.100000000216824,7.014712748726879,0,0,0
2025-12-06 20:15:00+00:00,421,8.699999999407737,7.297856964595055,0,0,0
2025-12-06 20:30:00+00:00,421,8.60000000011496,8.060252228803716,0,0,0
2025-12-06 20:45:00+00:00,421,9.200000000419095,8.431805797143932,0,0,0
2025-12-06 21:00:00+00:00,421,8.100000000013097,8.520908457832403,0,0,0
2025-12-06 21:15:00+00:00,421,8.60000000011496,8.50894714736604,0,0,0
2025-12-06 21:30:00+00:00,421,7.999999999810825,8.610489947585844,0,0,0
2025-12-06 21:45:00+00:00,421,8.499999999912689,8.520171556292505,0,0,0
2025-12-06 22:00:00+00:00,421,7.999999999810825,8.391809097235603,0,0,0
2025-12-06 22:15:00+00:00,421,8.100000000013097,8.215620926122158,0,0,0
2025-12-06 22:30:00+00:00,421,8.499999999912689,8.23106656374665,0,0,0
2025-12-06 22:45:00+00:00,421,8.499999999912689,8.298148318645348,0,0,0
2025-12-06 23:00:00+00:00,421,8.499999999912689,8.227084923954402,0,0,0
2025-12-06 23:15:00+00:00,421,8.60000000011496,8.261850773793194,0,0,0
2025-12-06 23:30:00+00:00,421,8.00000000072032,8.28905370513022,0,0,0
2025-12-06 23:45:00+00:00,421,7.999999999810825,8.227117357387062,0,0,0
2025-12-07 00:00:00+00:00,421,8.100000000013097,8.170062764379113,0,0,0
2025-12-07 00:15:00+00:00,421,8.499999999912689,8.209306520404507,0,0,0
2025-12-07 00:30:00+00:00,421,8.499999999912689,8.250135329671188,0,0,0
2025-12-07 00:45:00+00:00,421,8.499999999912689,8.237960935039714,0,0,0
2025-12-07 01:00:00+00:00,421,8.499999999912689,8.21385243217572,0,0,0
2025-12-07 01:15:00+00:00,421,9.000000000014552,8.211871900303935,0,0,0
2025-12-07 01:30:00+00:00,421,7.999999999810825,8.24335569600549,0,0,0
2025-12-07 01:45:00+00:00,421,8.499999999912689,8.194225322964206,0,0,0
2025-12-07 02:00:00+00:00,421,8.00000000072032,8.181981527761772,0,0,0
2025-12-07 02:15:00+00:00,421,8.399999999710417,8.1611697263917,0,0,0
2025-12-07 02:30:00+00:00,421,7.8999999996085535,8.143716005914992,0,0,0
2025-12-07 02:45:00+00:00,421,8.400000000619912,8.122948844108151,0,0,0
2025-12-07 03:00:00+00:00,421,7.8999999996085535,8.138483760859103,0,0,0
2025-12-07 03:15:00+00:00,421,8.399999999710417,8.155277304045217,0,0,0
2025-12-07 03:30:00+00:00,421,8.800000000519503,8.136145066241708,0,0,0
2025-12-07 06:30:00+00:00,421,8.299999999508145,8.188099589150525,0,0,0
2025-12-07 06:45:00+00:00,421,8.30000000041764,8.398924922611883,0,0,0
2025-12-07 07:00:00+00:00,421,9.000000000014552,8.553617749043283,0,0,0
2025-12-07 07:15:00+00:00,421,8.499999999912689,8.323265047894504,0,0,0
2025-12-07 07:30:00+00:00,421,8.60000000011496,8.11996217833073,0,0,0
2025-12-07 07:45:00+00:00,421,8.499999999912689,8.229129625198333,0,0,0
2025-12-07 08:00:00+00:00,421,8.799999999610009,8.268808268218642,0,0,0
2025-12-07 08:15:00+00:00,421,8.800000000519503,8.314989291367393,0,0,0
2025-12-07 08:30:00+00:00,421,8.199999999305874,8.164166157073577,0,0,0
2025-12-07 08:45:00+00:00,421,1.1000000004059984,8.002795182233513,0,0,0
2025-12-07 09:00:00+00:00,421,0.0,2.363738626730865,0,0,0
2025-12-07 09:15:00+00:00,421,0.0,-0.0352908940770495,0,0,0
2025-12-07 09:30:00+00:00,421,0.0,0.1094905543307307,0,0,0
2025-12-07 09:45:00+00:00,421,0.0,0.0785138361677519,0,0,0
2025-12-07 10:00:00+00:00,421,0.0,0.0665612443660821,0,0,0
2025-12-07 10:15:00+00:00,421,0.0,0.0739602519716093,0,0,0
2025-12-07 10:30:00+00:00,421,0.0,0.082126153323581,0,0,0
2025-12-07 10:45:00+00:00,421,0.0,0.0784887264134353,0,0,0
2025-12-07 11:00:00+00:00,421,0.0,0.0733900513006515,0,0,0
2025-12-07 11:15:00+00:00,421,0.0,0.0719696064487802,0,0,0
2025-12-07 11:30:00+00:00,421,0.0,0.0735508234776007,0,0,0
2025-12-07 11:45:00+00:00,421,0.0,0.0748471145442364,0,0,0
2025-12-07 12:00:00+00:00,421,0.0,0.0753336160341362,0,0,0
2025-12-07 12:15:00+00:00,421,0.0,0.0747839914118548,0,0,0
2025-12-07 12:30:00+00:00,421,0.0,0.0736195265553858,0,0,0
2025-12-07 12:45:00+00:00,421,0.0,0.072821245616045,0,0,0
2025-12-07 13:00:00+00:00,421,0.0,0.0714157968674458,0,0,0
2025-12-07 13:15:00+00:00,421,0.0,0.0711828341468345,0,0,0
2025-12-07 13:30:00+00:00,421,0.0,0.0726817469809484,0,0,0
2025-12-07 13:45:00+00:00,421,0.0,0.0734148123083811,0,0,0
2025-12-07 14:00:00+00:00,421,0.0,0.0736843934207058,0,0,0
2025-12-07 14:15:00+00:00,421,0.0,0.0738849227086575,0,0,0
2025-12-07 14:30:00+00:00,421,0.0,0.0747233095055879,0,0,0
2025-12-07 14:45:00+00:00,421,0.0,0.076512728247291,0,0,0
2025-12-07 15:00:00+00:00,421,0.0,0.0764506513546727,0,0,0
2025-12-07 15:15:00+00:00,421,0.0,0.0747595791507134,0,0,0
2025-12-07 15:30:00+00:00,421,0.0,0.0759620573852464,0,0,0
2025-12-07 15:45:00+00:00,421,0.0,0.0793682653077194,0,0,0
2025-12-07 16:00:00+00:00,421,0.0,0.0824972196929376,0,0,0
2025-12-07 16:15:00+00:00,421,0.0,0.0840076411644465,0,0,0
2025-12-07 16:30:00+00:00,421,0.0,0.0856756960936158,0,0,0
2025-12-07 16:45:00+00:00,421,0.0,0.088016831937125,0,0,0
2025-12-07 17:00:00+00:00,421,0.0,0.0906132502828622,0,0,0
2025-12-07 17:15:00+00:00,421,0.0,0.0910265149893359,0,0,0
2025-12-07 17:30:00+00:00,421,0.0,0.0899544679786181,0,0,0
2025-12-07 17:45:00+00:00,421,0.0,0.0939776086148063,0,0,0
2025-12-07 18:00:00+00:00,421,0.0,0.0984485398696541,0,0,0
2025-12-07 18:15:00+00:00,421,0.0,0.1007223676217297,0,0,0
2025-12-07 18:30:00+00:00,421,0.0,0.1001002037091991,0,0,0
2025-12-07 18:45:00+00:00,421,0.0,0.1012311888932453,0,0,0
2025-12-07 19:00:00+00:00,421,0.0,0.101271643497423,0,0,0
2025-12-07 19:15:00+00:00,421,0.0,0.097869620534003,0,0,0
2025-12-07 19:30:00+00:00,421,0.0,0.0933006914879994,0,0,0
2025-12-07 19:45:00+00:00,421,0.0,0.0939901634919646,0,0,0
2025-12-07 20:00:00+00:00,421,0.0,0.095395960987151,0,0,0
2025-12-07 20:15:00+00:00,421,0.0,0.0918701329850826,0,0,0
2025-12-07 20:30:00+00:00,421,0.0,0.0928127950117492,0,0,0
2025-12-07 20:45:00+00:00,421,0.0,0.0961178664237767,0,0,0
2025-12-07 21:00:00+00:00,421,0.0,0.0976617675677093,0,0,0
2025-12-07 21:15:00+00:00,421,0.0,0.0981123481590708,0,0,0
2025-12-07 21:30:00+00:00,421,0.0,0.0974354310322649,0,0,0
2025-12-07 21:45:00+00:00,421,0.0,0.1006076299943625,0,0,0
2025-12-07 22:00:00+00:00,421,0.0,0.1022456927169859,0,0,0
2025-12-07 22:15:00+00:00,421,0.0,0.1005786840275799,0,0,0
2025-12-07 22:30:00+00:00,421,0.0,0.0981517565234861,0,0,0
2025-12-07 22:45:00+00:00,421,0.0,0.0963103745402103,0,0,0
2025-12-07 23:00:00+00:00,421,0.0,0.0934021767450321,0,0,0
2025-12-07 23:15:00+00:00,421,0.0,0.0904085360358575,0,0,0
2025-12-07 23:30:00+00:00,421,0.0,0.0884967072418581,0,0,0
2025-12-07 23:45:00+00:00,421,0.0,0.0862019546945171,0,0,0
2025-12-08 00:00:00+00:00,421,1.1999999996987754,0.0845809805546942,0,0,0
2025-12-08 00:15:00+00:00,421,10.40000000011787,0.0837070216058135,0,0,0
2025-12-08 00:30:00+00:00,421,7.2000000000116415,12.961467372354242,0,0,0
2025-12-08 00:45:00+00:00,421,3.3000000003085006,5.699379072160618,0,0,0
2025-12-08 01:00:00+00:00,421,0.3999999998995918,0.5956209778610093,0,0,0
2025-12-08 01:15:00+00:00,421,0.0,0.0300377117250718,0,0,0
2025-12-08 01:30:00+00:00,421,0.0,0.0373579026017694,0,0,0
2025-12-08 01:45:00+00:00,421,0.0,0.0518099611977849,0,0,0
2025-12-08 02:00:00+00:00,421,0.0,0.0640195792346203,0,0,0
2025-12-08 02:15:00+00:00,421,0.0,0.0735651220876976,0,0,0
2025-12-08 02:30:00+00:00,421,0.0,0.0470066744448187,0,0,0
2025-12-08 02:45:00+00:00,421,0.0,0.0719901824974567,0,0,0
2025-12-08 03:00:00+00:00,421,0.0,0.0899823677056375,0,0,0
2025-12-08 03:15:00+00:00,421,0.0,0.0853803077337982,0,0,0
2025-12-08 03:30:00+00:00,421,0.0,0.085855300586302,0,0,0
2025-12-08 03:45:00+00:00,421,0.0,0.0856683724152729,0,0,0
2025-12-08 04:00:00+00:00,421,0.0,0.0885532041890719,0,0,0
2025-12-08 04:15:00+00:00,421,0.0,0.1038429520888426,0,0,0
2025-12-08 04:30:00+00:00,421,0.0,0.111447720181137,0,0,0
2025-12-08 04:45:00+00:00,421,0.0,0.1045948497320132,0,0,0
2025-12-08 05:00:00+00:00,421,0.0,0.0938339250206565,0,0,0
2025-12-08 05:15:00+00:00,421,0.0,0.0931245744611901,0,0,0
2025-12-08 05:30:00+00:00,421,0.0,0.0951434684576266,0,0,0
2025-12-08 05:45:00+00:00,421,5.59999999950378,0.0996377657338536,0,0,0
2025-12-08 06:00:00+00:00,421,49.70000000048458,13.08266378652623,0,0,0
2025-12-08 06:15:00+00:00,421,37.09999999955471,30.147185163793605,0,0,0
2025-12-08 06:30:00+00:00,421,27.399999999943248,25.837367857550245,0,0,0
2025-12-08 06:45:00+00:00,421,23.70000000064465,19.329809539771944,0,0,0
2025-12-08 07:00:00+00:00,421,19.89999999932479,16.128622063807413,0,0,0
2025-12-08 07:15:00+00:00,421,17.300000000432192,16.22670355414388,0,0,0
2025-12-08 07:30:00+00:00,421,16.899999999623105,15.52376714191906,0,0,0
2025-12-08 07:45:00+00:00,421,16.100000000733417,14.89866817810548,0,0,0
2025-12-08 08:00:00+00:00,421,16.399999999521242,16.36866085268413,0,0,0
2025-12-08 08:15:00+00:00,421,15.599999999722058,16.339681406229147,0,0,0
2025-12-08 08:30:00+00:00,421,15.300000000024738,15.719865255726678,0,0,0
2025-12-08 08:45:00+00:00,421,15.300000000024738,15.221627048163183,0,0,0
2025-12-08 09:00:00+00:00,421,15.40000000022701,14.87157405570383,0,0,0
2025-12-08 09:15:00+00:00,421,14.799999999922877,15.35113479101423,0,0,0
2025-12-08 09:30:00+00:00,421,15.10000000052969,15.340330621725991,0,0,0
2025-12-08 09:45:00+00:00,421,14.999999999417923,15.024935367663232,0,0,0
2025-12-08 10:00:00+00:00,421,15.000000000327418,15.153078116369857,0,0,0
2025-12-08 10:15:00+00:00,421,13.699999999516876,15.111481715863556,0,0,0
2025-12-08 10:30:00+00:00,421,13.400000000729053,13.526059500687817,0,0,0
2025-12-08 10:45:00+00:00,421,13.399999999819556,13.226324363401009,0,0,0
2025-12-08 11:00:00+00:00,421,13.699999999516876,13.46295241064961,0,0,0
2025-12-08 11:15:00+00:00,421,13.800000000628645,13.310661750714576,0,0,0
2025-12-08 11:30:00+00:00,421,12.4999999998181,12.957029223278642,0,0,0
2025-12-08 11:45:00+00:00,421,12.4999999998181,13.0515974404902,0,0,0
2025-12-08 12:00:00+00:00,421,12.39999999961583,13.179298676016744,0,0,0
2025-12-08 12:15:00+00:00,421,13.00000000082946,12.613104405859085,0,0,0
2025-12-08 12:30:00+00:00,421,12.79999999951542,12.542810346140698,0,0,0
2025-12-08 12:45:00+00:00,421,11.800000000221187,12.927922135572546,0,0,0
2025-12-08 13:00:00+00:00,421,11.300000000119326,12.901741729230778,0,0,0
2025-12-08 13:15:00+00:00,421,12.09999999991851,12.354762698564508,0,0,0
2025-12-08 13:30:00+00:00,421,11.899999999513966,12.16748578094723,0,0,0
2025-12-08 13:45:00+00:00,421,11.100000000624275,12.61595715294681,0,0,0
2025-12-08 14:00:00+00:00,421,10.59999999961292,12.392464994672086,0,0,0
2025-12-08 14:15:00+00:00,421,13.399999999819556,11.46624636961836,0,0,0
2025-12-08 14:30:00+00:00,421,12.800000000424916,11.673348135762405,0,0,0
2025-12-08 14:45:00+00:00,421,12.700000000222644,12.107156806226971,0,0,0
2025-12-08 15:00:00+00:00,421,14.19999999961874,12.270565507379212,0,0,0
2025-12-08 15:15:00+00:00,421,12.700000000222644,12.462820433789917,0,0,0
2025-12-08 15:30:00+00:00,421,13.199999999415011,12.342418464344805,0,0,0
2025-12-08 15:45:00+00:00,421,11.60000000072614,12.558735510323332,0,0,0
2025-12-08 16:00:00+00:00,421,12.09999999991851,12.484648482716668,0,0,0
2025-12-08 16:15:00+00:00,421,12.999999999919964,12.343217094030733,0,0,0
2025-12-08 16:30:00+00:00,421,12.39999999961583,12.092951660215078,0,0,0
2025-12-08 16:45:00+00:00,421,11.800000000221187,11.93124484241102,0,0,0
2025-12-08 17:00:00+00:00,421,12.600000000020373,11.92688202259837,0,0,0
2025-12-08 17:15:00+00:00,421,11.800000000221187,11.939825403455815,0,0,0
2025-12-08 17:30:00+00:00,421,12.09999999991851,12.008536153665856,0,0,0
2025-12-08 17:45:00+00:00,421,11.399999999412104,11.851940565851738,0,0,0
2025-12-08 18:00:00+00:00,421,11.500000000523867,11.835760816660052,0,0,0
2025-12-08 18:15:00+00:00,421,11.700000000018916,11.844374857377272,0,0,0
2025-12-08 18:30:00+00:00,421,11.199999999917054,11.709515946883917,0,0,0
2025-12-08 18:45:00+00:00,421,11.499999999614374,11.138852140457756,0,0,0
2025-12-08 19:00:00+00:00,421,11.500000000523867,11.224979992752791,0,0,0
2025-12-08 19:15:00+00:00,421,11.599999999816646,11.146335544737518,0,0,0
2025-12-08 19:30:00+00:00,421,11.599999999816646,10.9945366174912,0,0,0
2025-12-08 19:45:00+00:00,421,0.3999999998995918,6.210108685003843,0,0,0
2025-12-08 20:00:00+00:00,421,0.0,0.160156109851254,0,0,0
2025-12-08 20:15:00+00:00,421,0.0,0.054912062095747,0,0,0
2025-12-08 20:30:00+00:00,421,0.0,0.0245379780363856,0,0,0
2025-12-08 20:45:00+00:00,421,0.0,0.0227192645813127,0,0,0
2025-12-08 21:00:00+00:00,421,0.0,0.0036501499101859,0,0,0
2025-12-08 21:15:00+00:00,421,0.0,0.0029352194053151,0,0,0
2025-12-08 21:30:00+00:00,421,0.0,0.0346327967651562,0,0,0
2025-12-08 21:45:00+00:00,421,0.0,0.0629426497716743,0,0,0
2025-12-08 22:00:00+00:00,421,0.0,0.0600117834482931,0,0,0
2025-12-08 22:15:00+00:00,421,0.0,0.0598862346767061,0,0,0
2025-12-08 22:30:00+00:00,421,0.0,0.0647505520825273,0,0,0
2025-12-08 22:45:00+00:00,421,0.0,0.0583890655755316,0,0,0
2025-12-08 23:00:00+00:00,421,0.0,0.0600536330388221,0,0,0
2025-12-08 23:15:00+00:00,421,0.0,0.0644624874010526,0,0,0
2025-12-08 23:30:00+00:00,421,0.0,0.0642371971053714,0,0,0
2025-12-08 23:45:00+00:00,421,0.0,0.0623724491007164,0,0,0
2025-12-09 00:00:00+00:00,421,0.0,0.0633123211546804,0,0,0
2025-12-09 00:15:00+00:00,421,0.0,0.0651983427011879,0,0,0
2025-12-09 00:30:00+00:00,421,0.0,0.063862992016725,0,0,0
2025-12-09 00:45:00+00:00,421,0.0,0.064597452330509,0,0,0
2025-12-09 01:00:00+00:00,421,0.0,0.0646319782426951,0,0,0
2025-12-09 01:15:00+00:00,421,0.0,0.0650640752649067,0,0,0
2025-12-09 01:30:00+00:00,421,0.0,0.0648175114273739,0,0,0
2025-12-09 01:45:00+00:00,421,0.0,0.0642047636727118,0,0,0
2025-12-09 02:00:00+00:00,421,0.0,0.0641988349807203,0,0,0
2025-12-09 05:15:00+00:00,421,0.0,0.0648851682653957,0,0,0
2025-12-09 05:30:00+00:00,421,0.0,0.0679136836333444,0,0,0
2025-12-09 05:45:00+00:00,421,0.0,0.0711026224316544,0,0,0
2025-12-09 06:00:00+00:00,421,0.0,0.0725171385915341,0,0,0
2025-12-09 06:15:00+00:00,421,47.50000000058208,0.0770574704173432,0,0,0
2025-12-09 06:30:00+00:00,421,28.299999999944703,32.27485182596044,0,0,0
2025-12-09 06:45:00+00:00,421,26.899999999841384,24.51450648588758,0,0,0
2025-12-09 07:00:00+00:00,421,23.799999999937427,21.73700635691818,0,0,0
2025-12-09 07:15:00+00:00,421,19.099999999525608,17.280973556298242,0,0,0
2025-12-09 07:30:00+00:00,421,17.00000000073487,15.133511340318025,0,0,0
2025-12-09 07:45:00+00:00,421,15.300000000024738,13.953120622172762,0,0,0
2025-12-09 08:00:00+00:00,421,16.099999999823922,12.70686841343931,0,0,0
2025-12-09 08:15:00+00:00,421,15.300000000024738,13.428335126857196,0,0,0
2025-12-09 08:30:00+00:00,421,14.099999999416468,13.163787822780346,0,0,0
2025-12-09 08:45:00+00:00,421,14.000000000123691,13.234827502703324,0,0,0
2025-12-09 09:00:00+00:00,421,14.300000000730506,13.134654230333584,0,0,0
2025-12-09 09:15:00+00:00,421,14.19999999961874,13.210500335728817,0,0,0
2025-12-09 09:30:00+00:00,421,14.100000000325965,13.60650348109584,0,0,0
2025-12-09 09:45:00+00:00,421,14.19999999961874,13.42002310068496,0,0,0
2025-12-09 10:00:00+00:00,421,12.999999999919964,13.233396246707231,0,0,0
2025-12-09 10:15:00+00:00,421,12.899999999717693,13.473940718136175,0,0,0
2025-12-09 10:30:00+00:00,421,12.300000000323053,13.02469791868451,0,0,0
2025-12-09 10:45:00+00:00,421,12.300000000323053,12.592367236258788,0,0,0
2025-12-09 11:00:00+00:00,421,12.69999999931315,12.439868025864286,0,0,0
2025-12-09 11:15:00+00:00,421,12.100000000828004,12.438980117051894,0,0,0
2025-12-09 11:30:00+00:00,421,12.09999999991851,12.044099238204224,0,0,0
2025-12-09 11:45:00+00:00,421,11.099999999714782,11.72452600002032,0,0,0
2025-12-09 12:00:00+00:00,421,10.40000000011787,11.118026389224177,0,0,0
2025-12-09 12:15:00+00:00,421,11.700000000018916,10.881770105838106,0,0,0
2025-12-09 12:30:00+00:00,421,10.99999999951251,10.777996373696515,0,0,0
2025-12-09 12:45:00+00:00,421,11.60000000072614,10.639433774441349,0,0,0
2025-12-09 13:00:00+00:00,421,11.199999999917054,10.885722799663569,0,0,0
2025-12-09 13:15:00+00:00,421,10.69999999981519,10.79656294453471,0,0,0
2025-12-09 13:30:00+00:00,421,11.499999999614374,10.42773866699016,0,0,0
2025-12-09 13:45:00+00:00,421,11.500000000523867,10.595776281601491,0,0,0
2025-12-09 14:00:00+00:00,421,10.99999999951251,10.861481424349646,0,0,0
2025-12-09 14:15:00+00:00,421,11.099999999714782,11.0237232194193,0,0,0
2025-12-09 14:30:00+00:00,421,10.700000000724684,10.690379373471826,0,0,0
2025-12-09 14:45:00+00:00,421,10.2999999999156,10.841312014194196,0,0,0
2025-12-09 15:00:00+00:00,421,10.69999999981519,10.875166937945805,0,0,0
2025-12-09 15:15:00+00:00,421,10.69999999981519,10.767796233498249,0,0,0
2025-12-09 15:30:00+00:00,421,12.4999999998181,10.738043267111657,0,0,0
2025-12-09 15:45:00+00:00,421,11.60000000072614,11.190844676744636,0,0,0
2025-12-09 16:00:00+00:00,421,11.399999999412104,11.622648054329694,0,0,0
2025-12-09 16:15:00+00:00,421,11.800000000221187,11.606634308513772,0,0,0
2025-12-09 16:30:00+00:00,421,11.300000000119326,11.560316576702624,0,0,0
2025-12-09 16:45:00+00:00,421,11.800000000221187,11.516566317270431,0,0,0
2025-12-09 17:00:00+00:00,421,11.599999999816646,11.884178002929405,0,0,0
2025-12-09 17:15:00+00:00,421,11.899999999513966,11.775296528263752,0,0,0
2025-12-09 17:30:00+00:00,421,10.900000000219734,11.68651959688823,0,0,0
2025-12-09 17:45:00+00:00,421,11.000000000422006,11.201768814859058,0,0,0
2025-12-09 18:00:00+00:00,421,10.89999999931024,11.1205150448743,0,0,0
2025-12-09 18:15:00+00:00,421,11.200000000826549,11.097065324314553,0,0,0
2025-12-09 18:30:00+00:00,421,10.799999999107968,11.038503099807794,0,0,0
2025-12-09 18:45:00+00:00,421,11.000000000422006,10.735507181925598,0,0,0
2025-12-09 19:00:00+00:00,421,10.500000000320142,10.710947749723656,0,0,0
2025-12-09 19:15:00+00:00,421,10.800000000017462,10.791919034972342,0,0,0
2025-12-09 19:30:00+00:00,421,10.099999999511056,10.712540126643283,0,0,0
2025-12-09 19:45:00+00:00,421,0.0,2.9090025216786213,0,0,0
2025-12-09 20:00:00+00:00,421,0.0,0.1542919359783772,0,0,0
2025-12-09 20:15:00+00:00,421,0.0,0.0725963040669519,0,0,0
2025-12-09 20:30:00+00:00,421,0.0,0.0453323420770708,0,0,0
2025-12-09 20:45:00+00:00,421,0.0,-0.047250112063887,0,0,0
2025-12-09 21:00:00+00:00,421,0.0,-0.1343209751321747,0,0,0
2025-12-09 21:15:00+00:00,421,0.0,-0.1182033028331055,0,0,0
2025-12-09 21:30:00+00:00,421,0.0,-0.028731668254804,0,0,0
2025-12-09 21:45:00+00:00,421,0.0,0.0853708915759288,0,0,0
2025-12-09 22:00:00+00:00,421,0.0,0.0681633861901671,0,0,0
2025-12-09 22:15:00+00:00,421,0.0,0.064597103583921,0,0,0
2025-12-09 22:30:00+00:00,421,0.0,0.0740223288642276,0,0,0
2025-12-09 22:45:00+00:00,421,0.0,0.0716529445471101,0,0,0
2025-12-09 23:00:00+00:00,421,0.0,0.0783739887860681,0,0,0
2025-12-09 23:15:00+00:00,421,0.0,0.0734280646787155,0,0,0
2025-12-09 23:30:00+00:00,421,0.0,0.0667181803305654,0,0,0
2025-12-09 23:45:00+00:00,421,0.0,0.0608079719081073,0,0,0
2025-12-10 00:00:00+00:00,421,0.0,0.061400492360681,0,0,0
2025-12-10 00:15:00+00:00,421,0.0,0.0610618594239831,0,0,0
2025-12-10 00:30:00+00:00,421,0.0,0.0599364541853413,0,0,0
2025-12-10 00:45:00+00:00,421,0.0,0.0598360151680719,0,0,0
2025-12-10 01:00:00+00:00,421,0.0,0.0602566035528884,0,0,0
2025-12-10 01:15:00+00:00,421,0.0,0.0599995773177219,0,0,0
2025-12-10 01:30:00+00:00,421,0.0,0.0594607638396613,0,0,0
2025-12-10 01:45:00+00:00,421,0.0,0.0585676238284547,0,0,0
2025-12-10 02:00:00+00:00,421,0.0,0.0581041396133468,0,0,0
2025-12-10 02:15:00+00:00,421,0.0,0.0582268984122311,0,0,0
2025-12-10 02:30:00+00:00,421,0.0,0.0584124315969099,0,0,0
2025-12-10 02:45:00+00:00,421,0.0,0.0584424238034557,0,0,0
2025-12-10 03:00:00+00:00,421,0.0,0.0586495792765742,0,0,0
2025-12-10 03:15:00+00:00,421,0.0,0.0592992941695369,0,0,0
2025-12-10 03:30:00+00:00,421,0.0,0.059965748898711,0,0,0
2025-12-10 03:45:00+00:00,421,0.0,0.0603580888099211,0,0,0
2025-12-10 04:00:00+00:00,421,0.0,0.0605840765987775,0,0,0
2025-12-10 04:15:00+00:00,421,0.0,0.0631309729290547,0,0,0
2025-12-10 04:30:00+00:00,421,0.0,0.0657817957424793,0,0,0
2025-12-10 04:45:00+00:00,421,0.0,0.0672357202667743,0,0,0
2025-12-10 05:00:00+00:00,421,0.0,0.0706851727661277,0,0,0
2025-12-10 05:15:00+00:00,421,0.0,0.2330375205040962,0,0,0
2025-12-10 05:30:00+00:00,421,0.0,0.0960645081958517,0,0,0
2025-12-10 05:45:00+00:00,421,0.0,0.1011450484860727,0,0,0
2025-12-10 06:00:00+00:00,421,0.0,10.21343249383655,0,0,0
2025-12-10 06:15:00+00:00,421,44.499999999970896,32.45846271944737,0,0,0
2025-12-10 06:30:00+00:00,421,26.899999999841384,32.66487326985451,0,0,0
2025-12-10 06:45:00+00:00,421,25.50000000064756,27.08159384860892,0,0,0
2025-12-10 07:00:00+00:00,421,21.39999999963038,23.197218084697028,0,0,0
2025-12-10 07:15:00+00:00,421,16.700000000128057,16.9562946680698,0,0,0
2025-12-10 07:30:00+00:00,421,14.599999999518332,13.65248990364863,0,0,0
2025-12-10 07:45:00+00:00,421,12.900000000627188,12.415353233225572,0,0,0
2025-12-10 08:00:00+00:00,421,12.39999999961583,10.773175998360752,0,0,0
2025-12-10 08:15:00+00:00,421,13.500000000021828,11.226697918444009,0,0,0
2025-12-10 08:30:00+00:00,421,12.000000000625732,10.904361909792012,0,0,0
2025-12-10 08:45:00+00:00,421,12.999999999919964,11.300374820063489,0,0,0
2025-12-10 09:00:00+00:00,421,12.899999999717693,11.395995554476851,0,0,0
2025-12-10 09:15:00+00:00,421,13.699999999516876,11.19446396883222,0,0,0
2025-12-10 09:30:00+00:00,421,12.500000000727596,11.45899592805921,0,0,0
2025-12-10 09:45:00+00:00,421,12.79999999951542,11.520459026682804,0,0,0
2025-12-10 10:00:00+00:00,421,12.09999999991851,11.427152574625694,0,0,0
2025-12-10 10:15:00+00:00,421,11.800000000221187,11.83636484575002,0,0,0
2025-12-10 10:30:00+00:00,421,12.899999999717693,11.47101861792502,0,0,0
2025-12-10 10:45:00+00:00,421,13.100000000122236,11.39858255666472,0,0,0
2025-12-10 11:00:00+00:00,421,12.20000000012078,11.651783041762808,0,0,0
2025-12-10 11:15:00+00:00,421,12.4999999998181,11.761667511614808,0,0,0
2025-12-10 11:30:00+00:00,421,10.900000000219734,11.387555887053503,0,0,0
2025-12-10 11:45:00+00:00,421,9.299999999711872,11.079957211706295,0,0,0
2025-12-10 12:00:00+00:00,421,9.300000000621369,10.87867184115261,0,0,0
2025-12-10 12:15:00+00:00,421,9.000000000014552,10.795751062478448,0,0,0
2025-12-10 12:30:00+00:00,421,9.500000000116415,10.223885824057518,0,0,0
2025-12-10 12:45:00+00:00,421,9.999999999308784,9.933220539278109,0,0,0
2025-12-10 13:00:00+00:00,421,10.40000000011787,10.05334107022691,0,0,0
2025-12-10 13:15:00+00:00,421,10.00000000021828,10.00364468147372,0,0,0
2025-12-10 13:30:00+00:00,421,9.900000000016009,9.51347158749834,0,0,0
2025-12-10 13:45:00+00:00,421,9.1999999995096,9.458387412711131,0,0,0
2025-12-10 14:00:00+00:00,421,8.900000000721775,9.684680354832013,0,0,0
2025-12-10 14:15:00+00:00,421,11.299999999209833,9.60568750897558,0,0,0
2025-12-10 14:30:00+00:00,421,10.500000000320142,10.083050094543449,0,0,0
2025-12-10 14:45:00+00:00,421,9.900000000016009,10.187235347658572,0,0,0
2025-12-10 15:00:00+00:00,421,9.500000000116415,10.114025766466662,0,0,0
2025-12-10 15:15:00+00:00,421,10.800000000017462,9.947098909737283,0,0,0
2025-12-10 15:30:00+00:00,421,10.800000000017462,9.967478265338558,0,0,0
2025-12-10 15:45:00+00:00,421,9.799999999813735,10.140346368936704,0,0,0
2025-12-10 16:00:00+00:00,421,9.70000000052096,10.307393194492263,0,0,0
2025-12-10 16:15:00+00:00,421,10.59999999961292,10.321374445194824,0,0,0
2025-12-10 16:30:00+00:00,421,9.600000000318689,10.24601030758385,0,0,0
2025-12-10 16:45:00+00:00,421,9.500000000116415,10.138043943964432,0,0,0
2025-12-10 17:00:00+00:00,421,9.099999999307329,10.101724079330662,0,0,0
2025-12-10 17:15:00+00:00,421,10.00000000021828,10.025330441792674,0,0,0
2025-12-10 17:30:00+00:00,421,9.699999999611464,9.95834982340442,0,0,0
2025-12-10 17:45:00+00:00,421,9.80000000072323,9.78781797319756,0,0,0
2025-12-10 18:00:00+00:00,421,10.499999999410647,9.872540376743991,0,0,0
2025-12-10 18:15:00+00:00,421,9.399999999914144,10.091763179291586,0,0,0
2025-12-10 18:30:00+00:00,421,10.200000000622822,9.991171411016552,0,0,0
2025-12-10 18:45:00+00:00,421,9.299999999711872,9.736315774613043,0,0,0
2025-12-10 19:00:00+00:00,421,8.399999999710417,9.607963777953772,0,0,0
2025-12-10 19:15:00+00:00,421,8.800000000519503,9.486700055690353,0,0,0
2025-12-10 20:00:00+00:00,421,0.0,9.00405256433185,0,0,0
2025-12-10 20:15:00+00:00,421,0.0,0.2740075721388129,0,0,0
2025-12-10 20:30:00+00:00,421,0.0,0.0660831127942884,0,0,0
2025-12-10 20:45:00+00:00,421,0.0,0.1121099899512589,0,0,0
2025-12-10 21:00:00+00:00,421,0.0,0.1947824610549489,0,0,0
2025-12-10 21:15:00+00:00,421,0.0,0.0409660347985454,0,0,0
2025-12-10 21:30:00+00:00,421,0.0,0.0670627419592548,0,0,0
2025-12-10 21:45:00+00:00,421,0.0,0.0566484713561123,0,0,0
2025-12-10 22:00:00+00:00,421,0.0,0.0731403487438289,0,0,0
2025-12-10 22:15:00+00:00,421,0.0,0.066405005894774,0,0,0
2025-12-10 22:30:00+00:00,421,0.0,0.0694872282372349,0,0,0
2025-12-10 22:45:00+00:00,421,0.0,0.0725837491897927,0,0,0
2025-12-10 23:00:00+00:00,421,0.0,0.0814471437172477,0,0,0
2025-12-10 23:15:00+00:00,421,0.0,0.0823127327480222,0,0,0
2025-12-10 23:30:00+00:00,421,0.0,0.0817610156462151,0,0,0
2025-12-10 23:45:00+00:00,421,0.0,0.0772614871711718,0,0,0
2025-12-11 00:00:00+00:00,421,0.0,0.0741053305521095,0,0,0
2025-12-11 00:15:00+00:00,421,0.0,0.0734503844603313,0,0,0
2025-12-11 00:30:00+00:00,421,0.0,0.0724494817535124,0,0,0
2025-12-11 00:45:00+00:00,421,0.0,0.0708905845063068,0,0,0
2025-12-11 01:00:00+00:00,421,0.0,0.0749004727721605,0,0,0
2025-12-11 01:15:00+00:00,421,0.0,0.0758996317460409,0,0,0
2025-12-11 01:30:00+00:00,421,0.0,0.0758155838183949,0,0,0
2025-12-11 01:45:00+00:00,421,0.0,0.075362910747506,0,0,0
2025-12-11 02:00:00+00:00,421,0.0,0.0745747434592098,0,0,0
2025-12-11 02:15:00+00:00,421,0.0,0.0742350642827496,0,0,0
2025-12-11 02:30:00+00:00,421,0.0,0.073726591757822,0,0,0
2025-12-11 02:45:00+00:00,421,0.0,0.0735905805886032,0,0,0
2025-12-11 03:00:00+00:00,421,0.0,0.0737021794966805,0,0,0
2025-12-11 03:15:00+00:00,421,27.399999999943248,0.074598458227177,0,0,0
2025-12-11 03:30:00+00:00,421,23.9000000001397,22.98540335716624,0,0,0
2025-12-11 03:45:00+00:00,421,17.10000000002765,18.55543029656872,0,0,0
2025-12-11 04:00:00+00:00,421,13.799999999719148,14.184281717911926,0,0,0
2025-12-11 04:15:00+00:00,421,10.69999999981519,11.755766021857042,0,0,0
2025-12-11 04:30:00+00:00,421,9.70000000052096,10.457630085772085,0,0,0
2025-12-11 04:45:00+00:00,421,8.799999999610009,9.656866070726672,0,0,0
2025-12-11 05:00:00+00:00,421,8.299999999508145,9.53209430653716,0,0,0
2025-12-11 05:15:00+00:00,421,8.00000000072032,9.723901093582615,0,0,0
2025-12-11 05:30:00+00:00,421,7.700000000113505,10.65243434973918,0,0,0
2025-12-11 05:45:00+00:00,421,8.199999999305874,10.33943393849444,0,0,0
2025-12-11 06:00:00+00:00,421,9.300000000621369,11.77092324605347,0,0,0
2025-12-11 06:15:00+00:00,421,25.09999999983848,20.07967747780233,0,0,0
2025-12-11 06:30:00+00:00,421,13.6000000002241,21.75522348367545,0,0,0
2025-12-11 06:45:00+00:00,421,17.299999999522697,18.973956891558444,0,0,0
2025-12-11 07:00:00+00:00,421,17.10000000002765,17.70295832245202,0,0,0
2025-12-11 07:15:00+00:00,421,12.999999999919964,14.147680066035262,0,0,0
2025-12-11 07:30:00+00:00,421,12.600000000020373,12.428062256376052,0,0,0
2025-12-11 07:45:00+00:00,421,11.999999999716238,11.31170210923334,0,0,0
2025-12-11 08:00:00+00:00,421,11.700000000018916,11.26839894292663,0,0,0
2025-12-11 08:45:00+00:00,421,13.100000000122236,12.05038225672898,0,0,0
2025-12-11 09:00:00+00:00,421,12.600000000020373,11.55200943298262,0,0,0
2025-12-11 09:15:00+00:00,421,11.999999999716238,11.972763123681666,0,0,0
2025-12-11 09:30:00+00:00,421,11.199999999917054,12.045699287548784,0,0,0
2025-12-11 09:45:00+00:00,421,11.199999999917054,12.0043783968468,0,0,0
2025-12-11 10:00:00+00:00,421,10.800000000017462,12.043583790747544,0,0,0
2025-12-11 10:15:00+00:00,421,11.300000000119326,11.886428115913512,0,0,0
2025-12-11 10:30:00+00:00,421,11.199999999917054,11.6543693464575,0,0,0
2025-12-11 10:45:00+00:00,421,12.600000000020373,11.72901646108408,0,0,0
2025-12-11 11:00:00+00:00,421,11.100000000624275,11.550995277905464,0,0,0
2025-12-11 11:15:00+00:00,421,10.40000000011787,11.35223134518115,0,0,0
2025-12-11 11:30:00+00:00,421,11.499999999614374,11.267026973850456,0,0,0
2025-12-11 11:45:00+00:00,421,10.59999999961292,11.481803954897517,0,0,0
2025-12-11 12:00:00+00:00,421,10.10000000042055,11.264016593305069,0,0,0
2025-12-11 12:15:00+00:00,421,10.199999999713327,10.982691788385145,0,0,0
2025-12-11 12:30:00+00:00,421,10.00000000021828,10.761868238999815,0,0,0
2025-12-11 12:45:00+00:00,421,9.299999999711872,10.719377652242546,0,0,0
2025-12-11 13:00:00+00:00,421,9.300000000621369,10.110647807017797,0,0,0
2025-12-11 13:15:00+00:00,421,9.699999999611464,9.880810902072287,0,0,0
2025-12-11 13:30:00+00:00,421,8.30000000041764,9.954663223225404,0,0,0
2025-12-11 13:45:00+00:00,421,7.8999999996085535,9.561499921322362,0,0,0
2025-12-11 14:00:00+00:00,421,8.499999999912689,9.009106599881402,0,0,0
2025-12-11 14:15:00+00:00,421,9.70000000052096,8.648875787005394,0,0,0
2025-12-11 14:30:00+00:00,421,9.799999999813735,9.200092088712726,0,0,0
2025-12-11 14:45:00+00:00,421,9.900000000016009,9.790012635474216,0,0,0
2025-12-11 15:00:00+00:00,421,10.199999999713327,9.732890385628243,0,0,0
2025-12-11 15:15:00+00:00,421,9.600000000318689,9.86379904352225,0,0,0
2025-12-11 15:30:00+00:00,421,11.300000000119326,9.89820045317685,0,0,0
2025-12-11 15:45:00+00:00,421,10.800000000017462,10.836142892270686,0,0,0
2025-12-11 16:00:00+00:00,421,11.899999999513966,11.454199964984587,0,0,0
2025-12-11 16:15:00+00:00,421,12.800000000424916,11.63240668134788,0,0,0
2025-12-11 16:30:00+00:00,421,12.39999999961583,12.13134517205956,0,0,0
2025-12-11 16:45:00+00:00,421,12.400000000525324,12.259959426152813,0,0,0
2025-12-11 17:00:00+00:00,421,11.099999999714782,12.232082018915094,0,0,0
2025-12-11 17:15:00+00:00,421,10.199999999713327,11.823013431384918,0,0,0
2025-12-11 17:30:00+00:00,421,9.799999999813735,11.671244496345146,0,0,0
2025-12-11 17:45:00+00:00,421,10.500000000320142,10.94225392404332,0,0,0
2025-12-11 18:00:00+00:00,421,11.599999999816646,10.969315264265724,0,0,0
2025-12-11 18:15:00+00:00,421,11.199999999917054,11.043104462286458,0,0,0
2025-12-11 18:30:00+00:00,421,11.000000000422006,11.12565905704349,0,0,0
2025-12-11 18:45:00+00:00,421,11.499999999614374,10.652674984884722,0,0,0
2025-12-11 19:00:00+00:00,421,11.000000000422006,10.616373952566692,0,0,0
2025-12-11 19:15:00+00:00,421,11.999999999716238,10.674451419316489,0,0,0
2025-12-11 19:30:00+00:00,421,10.00000000021828,10.621479602611233,0,0,0
2025-12-11 19:45:00+00:00,421,2.9999999997016857,2.316553213409416,0,0,0
2025-12-11 20:00:00+00:00,421,4.800000000614091,1.5865728982915803,0,0,0
2025-12-11 20:15:00+00:00,421,5.8999999992011,4.801827590992553,0,0,0
2025-12-11 20:30:00+00:00,421,7.700000000113505,7.119080396307391,0,0,0
2025-12-11 20:45:00+00:00,421,8.800000000519503,8.05152031173984,0,0,0
2025-12-11 21:00:00+00:00,421,8.799999999610009,8.519257142739447,0,0,0
2025-12-11 21:15:00+00:00,421,9.200000000419095,8.876786564546807,0,0,0
2025-12-11 21:30:00+00:00,421,9.099999999307329,9.08120716692429,0,0,0
2025-12-11 21:45:00+00:00,421,9.000000000014552,9.019270470434543,0,0,0
2025-12-11 22:00:00+00:00,421,9.600000000318689,9.437818687712715,0,0,0
2025-12-11 22:15:00+00:00,421,8.799999999610009,9.54995815300105,0,0,0
2025-12-11 22:30:00+00:00,421,8.900000000721775,9.57144826648428,0,0,0
2025-12-11 22:45:00+00:00,421,9.399999999914144,9.548113283551896,0,0,0
2025-12-11 23:00:00+00:00,421,9.399999999914144,9.550460348087398,0,0,0
2025-12-11 23:15:00+00:00,421,9.1999999995096,9.601321201697058,0,0,0
2025-12-11 23:30:00+00:00,421,10.500000000320142,9.599820196383416,0,0,0
2025-12-11 23:45:00+00:00,421,9.299999999711872,9.632482058058365,0,0,0
2025-12-12 00:00:00+00:00,421,8.900000000721775,9.696003459042808,0,0,0
2025-12-12 00:15:00+00:00,421,9.1999999995096,9.638747988000318,0,0,0
2025-12-12 00:30:00+00:00,421,9.399999999914144,9.783582097142848,0,0,0
2025-12-12 00:45:00+00:00,421,9.500000000116415,9.86449828043067,0,0,0
2025-12-12 01:00:00+00:00,421,9.500000000116415,9.906736374658417,0,0,0
2025-12-12 01:15:00+00:00,421,9.500000000116415,9.889337058649396,0,0,0
2025-12-12 01:30:00+00:00,421,9.500000000116415,9.849900097014393,0,0,0
2025-12-12 01:45:00+00:00,421,9.999999999308784,9.79350812252315,0,0,0
2025-12-12 02:00:00+00:00,421,10.00000000021828,9.876839027184497,0,0,0
2025-12-12 02:15:00+00:00,421,9.500000000116415,9.972926384532258,0,0,0
2025-12-12 02:30:00+00:00,421,9.399999999914144,9.992528732736044,0,0,0
2025-12-12 02:45:00+00:00,421,9.600000000318689,10.017192091421132,0,0,0
2025-12-12 03:00:00+00:00,421,9.500000000116415,10.031078483051832,0,0,0
2025-12-12 03:15:00+00:00,421,9.699999999611464,10.05460841532676,0,0,0
2025-12-12 03:30:00+00:00,421,10.900000000219734,10.033920767741924,0,0,0
2025-12-12 03:45:00+00:00,421,9.799999999813735,10.044738886893672,0,0,0
2025-12-12 04:00:00+00:00,421,9.799999999813735,10.089124562608731,0,0,0
2025-12-12 04:15:00+00:00,421,9.900000000016009,10.161271164201205,0,0,0
2025-12-12 04:30:00+00:00,421,10.600000000522414,10.182828585775866,0,0,0
2025-12-12 04:45:00+00:00,421,9.999999999308784,10.20508419801919,0,0,0
2025-12-12 05:00:00+00:00,421,10.10000000042055,10.219594148548769,0,0,0
2025-12-12 05:15:00+00:00,421,10.69999999981519,10.375882141872498,0,0,0
2025-12-12 05:30:00+00:00,421,9.600000000318689,10.409819369818816,0,0,0
2025-12-12 05:45:00+00:00,421,10.2999999999156,10.362113626588457,0,0,0
2025-12-12 06:00:00+00:00,421,10.40000000011787,10.763005152875854,0,0,0
2025-12-12 06:15:00+00:00,421,21.499999999832653,21.03575369321897,0,0,0
2025-12-12 06:30:00+00:00,421,13.89999999992142,18.803362615712377,0,0,0
2025-12-12 06:45:00+00:00,421,18.90000000003056,15.171609812549274,0,0,0
2025-12-12 07:00:00+00:00,421,17.300000000432192,17.138114399082095,0,0,0
2025-12-12 07:15:00+00:00,421,13.699999999516876,13.828911734975865,0,0,0
2025-12-12 07:30:00+00:00,421,11.599999999816646,12.455292389946925,0,0,0
2025-12-12 07:45:00+00:00,421,10.700000000724684,11.669690481550168,0,0,0
2025-12-12 08:00:00+00:00,421,14.099999999416468,12.011077121304142,0,0,0
2025-12-12 08:15:00+00:00,421,15.000000000327418,14.294646063068656,0,0,0
2025-12-12 08:30:00+00:00,421,12.999999999919964,13.673426556297114,0,0,0
2025-12-12 08:45:00+00:00,421,13.699999999516876,13.8568909762172,0,0,0
2025-12-12 09:00:00+00:00,421,12.300000000323053,13.722597732689165,0,0,0
2025-12-12 09:15:00+00:00,421,11.999999999716238,13.55796214104125,0,0,0
2025-12-12 09:30:00+00:00,421,12.600000000020373,13.25181983144445,0,0,0
2025-12-12 09:45:00+00:00,421,11.90000000042346,13.001779687924476,0,0,0
2025-12-12 10:00:00+00:00,421,11.199999999917054,12.921644696993196,0,0,0
2025-12-12 10:15:00+00:00,421,12.39999999961583,12.87791954731532,0,0,0
2025-12-12 10:30:00+00:00,421,13.400000000729053,12.3630844896412,0,0,0
2025-12-12 10:45:00+00:00,421,11.799999999311694,12.399922591704351,0,0,0
2025-12-12 11:00:00+00:00,421,12.000000000625732,11.876775507858,0,0,0
2025-12-12 11:15:00+00:00,421,10.499999999410647,11.366860567043735,0,0,0
2025-12-12 11:30:00+00:00,421,10.200000000622822,10.703133733678715,0,0,0
2025-12-12 11:45:00+00:00,421,9.1999999995096,10.076624089917718,0,0,0
2025-12-12 12:00:00+00:00,421,9.300000000621369,9.908780727155758,0,0,0
2025-12-12 12:15:00+00:00,421,9.899999999106512,9.901173866583935,0,0,0
2025-12-12 12:30:00+00:00,421,9.500000000116415,9.81375216444838,0,0,0
2025-12-12 12:45:00+00:00,421,9.399999999914144,9.266653862449102,0,0,0
2025-12-12 13:00:00+00:00,421,8.800000000519503,8.96697766333562,0,0,0
2025-12-12 13:15:00+00:00,421,8.799999999610009,8.711731779500427,0,0,0
2025-12-12 13:30:00+00:00,421,10.00000000021828,8.616658577229819,0,0,0
2025-12-12 13:45:00+00:00,421,10.10000000042055,8.947596071721875,0,0,0
2025-12-12 14:00:00+00:00,421,9.49999999920692,9.54028183017757,0,0,0
2025-12-12 14:15:00+00:00,421,9.300000000621369,9.685015849049416,0,0,0
2025-12-12 14:30:00+00:00,421,8.699999999407737,9.671102603931462,0,0,0
2025-12-12 14:45:00+00:00,421,9.300000000621369,9.56704255084134,0,0,0
2025-12-12 15:00:00+00:00,421,9.399999999914144,9.555459630422677,0,0,0
2025-12-12 15:15:00+00:00,421,8.799999999610009,9.606521013320286,0,0,0
2025-12-12 15:30:00+00:00,421,8.00000000072032,9.518144094280904,0,0,0
2025-12-12 15:45:00+00:00,421,9.099999999307329,9.255965477027996,0,0,0
2025-12-12 16:00:00+00:00,421,9.70000000052096,9.341246921354582,0,0,0
2025-12-12 16:15:00+00:00,421,9.500000000116415,9.602547394699556,0,0,0
2025-12-12 16:30:00+00:00,421,9.1999999995096,9.559975549987342,0,0,0
2025-12-12 16:45:00+00:00,421,9.500000000116415,9.48421872371857,0,0,0
2025-12-12 17:00:00+00:00,421,9.900000000016009,9.4549344727459,0,0,0
2025-12-12 17:15:00+00:00,421,9.600000000318689,9.500873465762762,0,0,0
2025-12-12 17:30:00+00:00,421,9.299999999711872,9.521577853183809,0,0,0
2025-12-12 17:45:00+00:00,421,8.100000000013097,9.391689976552124,0,0,0
2025-12-12 18:00:00+00:00,421,8.100000000013097,9.178222538942034,0,0,0
2025-12-12 18:15:00+00:00,421,7.499999999708962,8.991573365182688,0,0,0
2025-12-12 18:30:00+00:00,421,7.400000000416185,8.57491988811572,0,0,0
2025-12-12 18:45:00+00:00,421,7.300000000213913,7.859787807717574,0,0,0
2025-12-12 19:00:00+00:00,421,7.999999999810825,7.565292587911582,0,0,0
2025-12-12 19:15:00+00:00,421,7.999999999810825,7.7714858691945565,0,0,0
2025-12-12 19:30:00+00:00,421,5.59999999950378,7.7230292745607905,0,0,0
2025-12-12 19:45:00+00:00,421,2.0000000004074536,1.7955359249743998,0,0,0
2025-12-12 20:00:00+00:00,421,0.0,0.7213695812427878,0,0,0
2025-12-12 20:15:00+00:00,421,0.0,0.1256431012885741,0,0,0
2025-12-12 20:30:00+00:00,421,0.0,0.1127199477332192,0,0,0
2025-12-12 20:45:00+00:00,421,0.0,0.1062088489400823,0,0,0
2025-12-12 21:00:00+00:00,421,0.0,0.0950932489489915,0,0,0
2025-12-12 21:15:00+00:00,421,0.0,0.0943005479550551,0,0,0
2025-12-12 21:30:00+00:00,421,0.0,0.1156856887153745,0,0,0
2025-12-12 21:45:00+00:00,421,0.0,0.1200223525339421,0,0,0
2025-12-12 22:00:00+00:00,421,0.0,0.11511653428418,0,0,0
2025-12-12 22:15:00+00:00,421,0.0,0.1134683579105129,0,0,0
2025-12-12 22:30:00+00:00,421,0.0,0.1158558770501922,0,0,0
2025-12-12 22:45:00+00:00,421,0.0,0.1156766213040931,0,0,0
2025-12-12 23:00:00+00:00,421,0.0,0.1130742742663644,0,0,0
2025-12-12 23:15:00+00:00,421,0.0,0.1100488976177054,0,0,0
2025-12-12 23:30:00+00:00,421,0.0,0.1066782618471826,0,0,0
2025-12-12 23:45:00+00:00,421,0.0,0.1038401621161408,0,0,0
2025-12-13 00:00:00+00:00,421,0.0,0.1015168123486054,0,0,0
2025-12-13 00:15:00+00:00,421,0.0,0.0969506732753036,0,0,0
2025-12-13 00:30:00+00:00,421,0.0,0.0920159090587589,0,0,0
2025-12-13 00:45:00+00:00,421,0.0,0.0927740841405091,0,0,0
2025-12-13 01:00:00+00:00,421,0.0,0.0931196920089618,0,0,0
2025-12-13 01:15:00+00:00,421,0.0,0.0918432794978265,0,0,0
2025-12-13 01:30:00+00:00,421,0.0,0.0923238522957348,0,0,0
2025-12-13 01:45:00+00:00,421,0.0,0.091491394190796,0,0,0
2025-12-13 02:00:00+00:00,421,0.0,0.0884946147623315,0,0,0
2025-12-13 06:00:00+00:00,421,7.8999999996085535,0.086879220567912,0,0,0
2025-12-13 06:15:00+00:00,421,7.800000000315777,15.68349098662522,0,0,0
2025-12-13 06:30:00+00:00,421,7.799999999406282,9.245682335141844,0,0,0
2025-12-13 06:45:00+00:00,421,11.300000000119326,6.20979725430099,0,0,0
2025-12-13 07:00:00+00:00,421,20.10000000063883,12.95024540465389,0,0,0
2025-12-13 07:15:00+00:00,421,17.599999999220017,18.07466917550331,0,0,0
2025-12-13 07:30:00+00:00,421,13.500000000021828,13.704004657110303,0,0,0
2025-12-13 07:45:00+00:00,421,11.000000000422006,12.326350314061196,0,0,0
2025-12-13 08:00:00+00:00,421,10.69999999981519,11.143454200429598,0,0,0
2025-12-13 08:15:00+00:00,421,9.799999999813735,9.780297601779496,0,0,0
2025-12-13 08:30:00+00:00,421,8.30000000041764,9.496949020410904,0,0,0
2025-12-13 08:45:00+00:00,421,9.000000000014552,9.307018141260912,0,0,0
2025-12-13 09:00:00+00:00,421,9.500000000116415,9.212574426581176,0,0,0
2025-12-13 09:15:00+00:00,421,9.100000000216824,9.281328770114683,0,0,0
2025-12-13 09:30:00+00:00,421,9.699999999611464,8.971393841376193,0,0,0
2025-12-13 09:45:00+00:00,421,9.699999999611464,8.86052660363994,0,0,0
2025-12-13 10:00:00+00:00,421,9.200000000419095,8.939784496903052,0,0,0
2025-12-13 10:15:00+00:00,421,8.700000000317232,8.901273457458501,0,0,0
2025-12-13 10:30:00+00:00,421,8.89999999981228,8.640658619905025,0,0,0
2025-12-13 10:45:00+00:00,421,9.000000000014552,8.802133521228235,0,0,0
2025-12-13 11:00:00+00:00,421,8.699999999407737,9.015672451888816,0,0,0
2025-12-13 11:15:00+00:00,421,8.60000000011496,8.84345755064951,0,0,0
2025-12-13 11:30:00+00:00,421,8.60000000011496,8.509635921876828,0,0,0
2025-12-13 11:45:00+00:00,421,9.100000000216824,8.339405737468363,0,0,0
2025-12-13 12:00:00+00:00,421,8.60000000011496,8.358972862266786,0,0,0
2025-12-13 12:15:00+00:00,421,9.000000000014552,8.38126683663476,0,0,0
2025-12-13 12:30:00+00:00,421,9.1999999995096,8.621871641223382,0,0,0
2025-12-13 12:45:00+00:00,421,8.800000000519503,9.114996526317404,0,0,0
2025-12-13 13:00:00+00:00,421,9.399999999914144,9.02628236932768,0,0,0
2025-12-13 13:15:00+00:00,421,9.100000000216824,8.839130302988812,0,0,0
2025-12-13 13:30:00+00:00,421,8.499999999912689,8.61908445849415,0,0,0
2025-12-13 13:45:00+00:00,421,7.499999999708962,8.426254797706848,0,0,0
2025-12-13 14:00:00+00:00,421,8.100000000013097,7.974535199989041,0,0,0
2025-12-13 14:15:00+00:00,421,8.200000000215368,8.105846660191887,0,0,0
2025-12-13 14:30:00+00:00,421,8.699999999407737,8.34592450868643,0,0,0
2025-12-13 14:45:00+00:00,421,8.100000000013097,8.596855002244908,0,0,0
2025-12-13 15:00:00+00:00,421,8.100000000013097,8.738061798128335,0,0,0
2025-12-13 15:15:00+00:00,421,9.100000000216824,8.613448364889656,0,0,0
2025-12-13 15:30:00+00:00,421,9.500000000116415,8.67830895277103,0,0,0
2025-12-13 15:45:00+00:00,421,9.200000000419095,9.155057744344468,0,0,0
2025-12-13 16:00:00+00:00,421,9.099999999307329,9.614527188735073,0,0,0
2025-12-13 16:15:00+00:00,421,9.399999999914144,9.657203657423608,0,0,0
2025-12-13 16:30:00+00:00,421,9.500000000116415,9.818972900866871,0,0,0
2025-12-13 16:45:00+00:00,421,9.900000000016009,9.89971052590177,0,0,0
2025-12-13 17:00:00+00:00,421,11.100000000624275,10.0737797127481,0,0,0
2025-12-13 17:15:00+00:00,421,9.900000000016009,10.14967255018609,0,0,0
2025-12-13 17:30:00+00:00,421,9.900000000016009,9.974123282821388,0,0,0
2025-12-13 17:45:00+00:00,421,9.900000000016009,9.63812652158096,0,0,0
2025-12-13 18:00:00+00:00,421,9.099999999307329,9.5991094508376,0,0,0
2025-12-13 18:15:00+00:00,421,2.4000000003070454,9.551457414581751,0,0,0
2025-12-13 18:30:00+00:00,421,3.399999999601277,2.479974469438814,0,0,0
2025-12-13 18:45:00+00:00,421,5.000000000109139,2.12638658156611,0,0,0
2025-12-13 19:00:00+00:00,421,6.199999999807915,6.140720320173821,0,0,0
2025-12-13 19:15:00+00:00,421,6.700000000819273,6.677407839035834,0,0,0
2025-12-13 19:30:00+00:00,421,7.999999999810825,6.723730104552622,0,0,0
2025-12-13 19:45:00+00:00,421,7.999999999810825,6.675320067588318,0,0,0
2025-12-13 20:00:00+00:00,421,8.200000000215368,6.824168424329049,0,0,0
2025-12-13 20:15:00+00:00,421,7.599999999911233,7.088128090405554,0,0,0
2025-12-13 20:30:00+00:00,421,8.200000000215368,7.633338975871974,0,0,0
2025-12-13 20:45:00+00:00,421,8.299999999508145,8.108551538726411,0,0,0
2025-12-13 22:00:00+00:00,421,7.09999999980937,8.183562744790592,0,0,0
2025-12-13 22:15:00+00:00,421,8.400000000619912,8.076753871095889,0,0,0
2025-12-13 22:30:00+00:00,421,7.799999999406282,8.091468535872473,0,0,0
2025-12-13 22:45:00+00:00,421,6.5999999997075065,8.020922681117737,0,0,0
2025-12-13 23:00:00+00:00,421,8.400000000619912,7.7543686891750205,0,0,0
2025-12-13 23:15:00+00:00,421,8.299999999508145,7.686506788159543,0,0,0
2025-12-13 23:30:00+00:00,421,7.800000000315777,7.84850585560413,0,0,0
2025-12-13 23:45:00+00:00,421,8.399999999710417,7.868569595543496,0,0,0
2025-12-14 00:00:00+00:00,421,8.400000000619912,7.89856494080857,0,0,0
2025-12-14 00:15:00+00:00,421,8.89999999981228,8.031530157330486,0,0,0
2025-12-14 00:30:00+00:00,421,9.100000000216824,8.094731408947384,0,0,0
2025-12-14 00:45:00+00:00,421,9.000000000014552,8.156555111542701,0,0,0
2025-12-14 01:00:00+00:00,421,7.799999999406282,8.306082652263058,0,0,0
2025-12-14 01:15:00+00:00,421,8.800000000519503,8.29535904343659,0,0,0
2025-12-14 01:30:00+00:00,421,8.199999999305874,8.321675460947578,0,0,0
2025-12-14 01:45:00+00:00,421,8.30000000041764,8.370292130265117,0,0,0
2025-12-14 02:00:00+00:00,421,7.800000000315777,8.384526919736969,0,0,0
2025-12-14 02:15:00+00:00,421,8.299999999508145,8.373280191028888,0,0,0
2025-12-14 02:30:00+00:00,421,7.900000000518048,8.322915255066999,0,0,0
2025-12-14 02:45:00+00:00,421,8.499999999912689,8.230462185910092,0,0,0
2025-12-14 03:00:00+00:00,421,8.60000000011496,8.194549657290807,0,0,0
2025-12-14 03:15:00+00:00,421,7.8999999996085535,8.243466248673805,0,0,0
2025-12-14 03:30:00+00:00,421,8.60000000011496,8.172187328591635,0,0,0
2025-12-14 03:45:00+00:00,421,9.399999999914144,8.177140925123918,0,0,0
2025-12-14 04:00:00+00:00,421,8.100000000013097,8.25077597715287,0,0,0
2025-12-14 04:15:00+00:00,421,8.100000000013097,8.303806034538281,0,0,0
2025-12-14 04:30:00+00:00,421,7.499999999708962,8.271608703318206,0,0,0
2025-12-14 04:45:00+00:00,421,8.100000000013097,8.179501242029753,0,0,0
2025-12-14 05:00:00+00:00,421,8.100000000013097,8.123656799681267,0,0,0
2025-12-14 05:15:00+00:00,421,8.400000000619912,8.157083113876542,0,0,0
2025-12-14 05:30:00+00:00,421,7.8999999996085535,8.174112409755969,0,0,0
2025-12-14 05:45:00+00:00,421,8.399999999710417,8.13533876413085,0,0,0
2025-12-14 06:00:00+00:00,421,7.800000000315777,8.099619092374583,0,0,0
2025-12-14 06:15:00+00:00,421,7.8999999996085535,8.363362186820103,0,0,0
2025-12-14 06:30:00+00:00,421,7.900000000518048,8.311605751973124,0,0,0
2025-12-14 06:45:00+00:00,421,7.8999999996085535,8.167046803888322,0,0,0
2025-12-14 07:00:00+00:00,421,8.800000000519503,10.52491027747921,0,0,0
2025-12-14 07:15:00+00:00,421,8.799999999610009,9.31007909006152,0,0,0
2025-12-14 07:30:00+00:00,421,8.800000000519503,8.212253429070925,0,0,0
2025-12-14 07:45:00+00:00,421,7.499999999708962,8.290808597959737,0,0,0
2025-12-14 08:00:00+00:00,421,8.200000000215368,8.361351313995183,0,0,0
2025-12-14 08:15:00+00:00,421,8.199999999305874,8.473091464440554,0,0,0
2025-12-14 08:30:00+00:00,421,8.30000000041764,8.381620116928142,0,0,0
2025-12-14 08:45:00+00:00,421,8.200000000215368,8.200063340843002,0,0,0
2025-12-14 09:00:00+00:00,421,8.299999999508145,8.151126870904502,0,0,0
2025-12-14 09:15:00+00:00,421,8.89999999981228,8.182701340718872,0,0,0
2025-12-14 09:30:00+00:00,421,8.30000000041764,8.111574474148956,0,0,0
2025-12-14 09:45:00+00:00,421,7.599999999911233,7.943975233998413,0,0,0
2025-12-14 10:00:00+00:00,421,7.599999999911233,7.843166545345805,0,0,0
2025-12-14 10:15:00+00:00,421,7.499999999708962,7.723498338721303,0,0,0
2025-12-14 10:30:00+00:00,421,7.500000000618456,7.528313243480394,0,0,0
2025-12-14 10:45:00+00:00,421,6.899999999404827,7.307681504718325,0,0,0
2025-12-14 11:00:00+00:00,421,6.900000000314321,7.116508738969384,0,0,0
2025-12-14 11:15:00+00:00,421,7.499999999708962,6.995350163802168,0,0,0
2025-12-14 11:30:00+00:00,421,7.500000000618456,6.998410066363013,0,0,0
2025-12-14 11:45:00+00:00,421,7.499999999708962,7.0551875802070025,0,0,0
2025-12-14 12:00:00+00:00,421,6.199999999807915,7.161304889418215,0,0,0
2025-12-14 12:15:00+00:00,421,7.500000000618456,7.077796472743708,0,0,0
2025-12-14 12:30:00+00:00,421,6.199999999807915,6.949529570251846,0,0,0
2025-12-14 12:45:00+00:00,421,6.199999999807915,6.754637770891227,0,0,0
2025-12-14 13:00:00+00:00,421,6.80000000011205,6.661325738888714,0,0,0
2025-12-14 13:15:00+00:00,421,7.499999999708962,6.699692048499351,0,0,0
2025-12-14 13:30:00+00:00,421,7.500000000618456,6.882744249952728,0,0,0
2025-12-14 13:45:00+00:00,421,7.599999999911233,7.08067607331869,0,0,0
2025-12-14 14:00:00+00:00,421,6.80000000011205,7.223833757613946,0,0,0
2025-12-14 14:15:00+00:00,421,7.999999999810825,7.366482271891098,0,0,0
2025-12-14 14:30:00+00:00,421,7.8999999996085535,7.43648687194166,0,0,0
2025-12-14 14:45:00+00:00,421,7.800000000315777,7.562758943951639,0,0,0
2025-12-14 15:00:00+00:00,421,7.799999999406282,7.669039117819326,0,0,0
2025-12-14 15:15:00+00:00,421,8.30000000041764,7.670734374982338,0,0,0
2025-12-14 15:30:00+00:00,421,7.700000000113505,7.699372398527921,0,0,0
2025-12-14 15:45:00+00:00,421,8.200000000215368,7.682134203442438,0,0,0
2025-12-14 16:00:00+00:00,421,7.499999999708962,7.783706995868789,0,0,0
2025-12-14 16:15:00+00:00,421,8.100000000013097,7.933494004050425,0,0,0
2025-12-14 16:30:00+00:00,421,7.999999999810825,7.974500325330267,0,0,0
2025-12-14 16:45:00+00:00,421,7.999999999810825,7.966692586723906,0,0,0
2025-12-14 17:00:00+00:00,421,8.00000000072032,8.048945515682544,0,0,0
2025-12-14 17:15:00+00:00,421,7.999999999810825,8.108035393776554,0,0,0
2025-12-14 17:30:00+00:00,421,8.60000000011496,8.080104279564324,0,0,0
2025-12-14 17:45:00+00:00,421,9.1999999995096,8.047480780014029,0,0,0
2025-12-14 18:00:00+00:00,421,8.499999999912689,8.19858884027003,0,0,0
2025-12-14 18:15:00+00:00,421,8.400000000619912,8.628803328401336,0,0,0
2025-12-14 18:30:00+00:00,421,8.89999999981228,8.847299691806661,0,0,0
2025-12-14 18:45:00+00:00,421,8.399999999710417,8.45817452664308,0,0,0
2025-12-14 19:00:00+00:00,421,7.700000000113505,8.336682724111277,0,0,0
2025-12-14 19:15:00+00:00,421,8.30000000041764,8.256833705381943,0,0,0
2025-12-14 19:30:00+00:00,421,8.89999999981228,8.32671694161997,0,0,0
2025-12-14 19:45:00+00:00,421,7.799999999406282,8.260013576768971,0,0,0
2025-12-14 20:00:00+00:00,421,8.400000000619912,8.122251699679255,0,0,0
2025-12-14 20:15:00+00:00,421,7.799999999406282,8.329767079276358,0,0,0
2025-12-14 20:30:00+00:00,421,7.2000000000116415,8.430554494387115,0,0,0
2025-12-14 20:45:00+00:00,421,7.2000000000116415,8.393886231912193,0,0,0
2025-12-14 21:00:00+00:00,421,8.800000000519503,8.190938386374741,0,0,0
2025-12-14 21:15:00+00:00,421,10.00000000021828,8.184854153405,0,0,0
2025-12-14 21:30:00+00:00,421,8.699999999407737,8.79089062873262,0,0,0
2025-12-14 21:45:00+00:00,421,8.700000000317232,8.777259868350736,0,0,0
2025-12-14 22:00:00+00:00,421,9.699999999611464,8.832445179648392,0,0,0
2025-12-14 22:15:00+00:00,421,9.799999999813735,9.012679857419403,0,0,0
2025-12-14 22:30:00+00:00,421,9.100000000216824,9.3020397837209,0,0,0
2025-12-14 22:45:00+00:00,421,9.70000000052096,9.442006087991729,0,0,0
2025-12-14 23:00:00+00:00,421,9.1999999995096,9.58822193111489,0,0,0
2025-12-14 23:15:00+00:00,421,9.200000000419095,9.63994105007698,0,0,0
2025-12-14 23:30:00+00:00,421,9.799999999813735,9.577327785207018,0,0,0
2025-12-14 23:45:00+00:00,421,9.799999999813735,9.553979898650889,0,0,0
2025-12-15 00:00:00+00:00,421,10.00000000021828,9.59252267403492,0,0,0
2025-12-15 00:15:00+00:00,421,10.59999999961292,9.6975825835921,0,0,0
2025-12-15 00:30:00+00:00,421,9.399999999914144,9.62555804330534,0,0,0
2025-12-15 00:45:00+00:00,421,8.900000000721775,9.533531142478656,0,0,0
2025-12-15 01:00:00+00:00,421,9.399999999914144,9.475256285160196,0,0,0
2025-12-15 01:15:00+00:00,421,9.399999999914144,9.420070625115954,0,0,0
2025-12-15 01:30:00+00:00,421,9.399999999914144,9.46053743542456,0,0,0
2025-12-15 01:45:00+00:00,421,9.500000000116415,9.5088866161093,0,0,0
2025-12-15 02:00:00+00:00,421,9.500000000116415,9.59800357540787,0,0,0
2025-12-15 03:15:00+00:00,421,9.099999999307329,9.662603998334788,0,0,0
2025-12-15 03:30:00+00:00,421,9.200000000419095,9.643395385028564,0,0,0
2025-12-15 03:45:00+00:00,421,9.699999999611464,9.633911919068105,0,0,0
2025-12-15 04:00:00+00:00,421,9.300000000621369,9.592277156437152,0,0,0
2025-12-15 04:15:00+00:00,421,9.299999999711872,9.576962647529651,0,0,0
2025-12-15 04:30:00+00:00,421,9.900000000016009,9.533047779708046,0,0,0
2025-12-15 04:45:00+00:00,421,9.500000000116415,9.515212530464348,0,0,0
2025-12-15 05:00:00+00:00,421,10.2999999999156,9.522594100740488,1,0,1
2025-12-15 05:15:00+00:00,421,10.500000000320142,9.707133008897408,1,0,1
2025-12-15 05:30:00+00:00,421,10.59999999961292,9.734548326906369,1,0,1
2025-12-15 05:45:00+00:00,421,13.89999999992142,9.747977511760537,1,0,1
2025-12-15 06:00:00+00:00,421,21.300000000337604,11.961662519793848,1,0,1
2025-12-15 06:15:00+00:00,421,18.799999999828287,20.19974674300274,0,0,0
2025-12-15 06:30:00+00:00,421,14.699999999720603,13.64271035183518,0,0,0
2025-12-15 06:45:00+00:00,421,13.200000000324508,12.033565696268075,0,0,0
2025-12-15 07:00:00+00:00,421,13.199999999415011,12.40860010430054,0,0,0
2025-12-15 07:15:00+00:00,421,18.500000000130967,11.938041215912929,0,0,0
2025-12-15 07:30:00+00:00,421,14.700000000630098,13.846598766919769,0,0,0
2025-12-15 07:45:00+00:00,421,12.600000000020373,14.252244057944672,0,0,0
2025-12-15 08:00:00+00:00,421,17.199999999320426,14.376867953580986,0,0,0
2025-12-15 08:15:00+00:00,421,15.69999999992433,15.20243552343976,0,0,0
2025-12-15 08:30:00+00:00,421,15.900000000328872,15.661049143704044,0,0,0
2025-12-15 08:45:00+00:00,421,15.50000000042928,15.732249247057386,0,0,0
2025-12-15 09:00:00+00:00,421,14.999999999417923,15.746706885598805,0,0,0
2025-12-15 09:15:00+00:00,421,15.199999999822468,16.189790820310954,0,0,0
2025-12-15 09:30:00+00:00,421,16.60000000083528,15.50616729662209,0,0,0
2025-12-15 09:45:00+00:00,421,14.19999999961874,15.326956887579277,0,0,0
2025-12-15 10:00:00+00:00,421,13.699999999516876,15.176370203471947,0,0,0
2025-12-15 10:15:00+00:00,421,13.200000000324508,14.482522127323676,0,0,0
2025-12-15 10:30:00+00:00,421,14.100000000325965,14.206630794240764,0,0,0
2025-12-15 10:45:00+00:00,421,15.599999999722058,13.990873137788974,0,0,0
2025-12-15 11:00:00+00:00,421,13.799999999719148,14.13728741772056,0,0,0
2025-12-15 11:15:00+00:00,421,12.999999999919964,14.077712433123,0,0,0
2025-12-15 11:30:00+00:00,421,13.00000000082946,13.125773049730151,0,0,0
2025-12-15 11:45:00+00:00,421,14.099999999416468,12.281038367409094,0,0,0
2025-12-15 12:00:00+00:00,421,11.599999999816646,12.802677471010051,0,0,0
2025-12-15 12:15:00+00:00,421,12.800000000424916,12.098982186210309,0,0,0
2025-12-15 12:30:00+00:00,421,13.299999999617285,12.123524181082864,0,0,0
2025-12-15 12:45:00+00:00,421,11.700000000018916,12.190545602821883,0,0,0
2025-12-15 13:00:00+00:00,421,11.000000000422006,11.553598322436368,0,0,0
2025-12-15 14:45:00+00:00,421,14.19999999961874,10.918438717059615,0,0,0
2025-12-15 15:00:00+00:00,421,14.500000000225556,11.486998186575342,0,0,0
2025-12-15 15:15:00+00:00,421,12.4999999998181,12.363758965541892,0,0,0
2025-12-15 15:30:00+00:00,421,12.300000000323053,12.220413655582432,0,0,0
2025-12-15 15:45:00+00:00,421,12.700000000222644,12.443199253270391,0,0,0
2025-12-15 16:00:00+00:00,421,13.299999999617285,12.677220768522217,0,0,0
2025-12-15 16:15:00+00:00,421,14.500000000225556,12.89821590122871,0,0,0
2025-12-15 16:30:00+00:00,421,14.900000000125146,13.443863417422982,0,0,0
2025-12-15 16:45:00+00:00,421,17.79999999962456,14.243379617177457,0,0,0
2025-12-15 17:00:00+00:00,421,16.400000000430737,15.34485735243488,0,0,0
2025-12-15 17:15:00+00:00,421,15.69999999992433,14.98967220519032,0,0,0
2025-12-15 17:30:00+00:00,421,14.000000000123691,14.80872224816785,0,0,0
2025-12-15 17:45:00+00:00,421,13.599999999314605,14.489346400552606,0,0,0
2025-12-15 18:00:00+00:00,421,14.400000000023285,14.535429077163617,0,0,0
2025-12-15 18:15:00+00:00,421,14.000000000123691,14.676713294789522,0,0,0
2025-12-15 18:30:00+00:00,421,12.4999999998181,14.56451593756762,0,0,0
2025-12-15 18:45:00+00:00,421,13.500000000021828,13.688922064683652,0,0,0
2025-12-15 19:00:00+00:00,421,14.900000000125146,13.206581819068951,0,0,0
2025-12-15 19:15:00+00:00,421,14.600000000427826,13.47233090388716,0,0,0
2025-12-15 19:30:00+00:00,421,11.599999999816646,13.494431672645526,0,0,0
2025-12-15 19:45:00+00:00,421,3.799999999500869,2.6712157638922465,0,0,0
2025-12-15 20:00:00+00:00,421,6.400000000212458,1.981585603349416,0,0,0
2025-12-15 20:15:00+00:00,421,8.30000000041764,6.8478845872818335,0,0,0
2025-12-15 20:30:00+00:00,421,8.89999999981228,8.888703584196527,0,0,0
2025-12-15 20:45:00+00:00,421,10.2999999999156,9.363206447744911,0,0,0
2025-12-15 21:00:00+00:00,421,10.900000000219734,9.613838762970868,0,0,0
2025-12-15 21:15:00+00:00,421,10.2999999999156,10.009042581158788,0,0,0
2025-12-15 21:30:00+00:00,421,10.2999999999156,10.153837979430076,0,0,0
2025-12-15 21:45:00+00:00,421,10.2999999999156,10.062882079374347,0,0,0
2025-12-15 22:00:00+00:00,421,11.400000000321596,10.431373303927604,0,0,0
2025-12-15 22:15:00+00:00,421,11.399999999412104,10.596662795427532,0,0,0
2025-12-15 22:30:00+00:00,421,10.900000000219734,10.64444735538672,0,0,0
2025-12-15 22:45:00+00:00,421,11.199999999917054,10.58832565950098,0,0,0
2025-12-15 23:00:00+00:00,421,10.40000000011787,10.515592466147927,0,0,0
2025-12-15 23:15:00+00:00,421,10.600000000522414,10.380421427458543,0,0,0
2025-12-15 23:30:00+00:00,421,10.99999999951251,10.361732097821468,0,0,0
2025-12-15 23:45:00+00:00,421,10.59999999961292,10.389573932907236,0,0,0
2025-12-16 00:00:00+00:00,421,11.000000000422006,10.5565694927144,0,0,0
2025-12-16 00:15:00+00:00,421,10.900000000219734,10.784589776684362,0,0,0
2025-12-16 00:30:00+00:00,421,10.40000000011787,10.738003510000652,0,0,0
2025-12-16 00:45:00+00:00,421,10.499999999410647,10.639908069800676,0,0,0
2025-12-16 01:00:00+00:00,421,10.600000000522414,10.496663198858483,0,0,0
2025-12-16 01:15:00+00:00,421,10.69999999981519,10.502778819021124,0,0,0
2025-12-16 01:30:00+00:00,421,10.69999999981519,10.4966143743362,0,0,0
2025-12-16 01:45:00+00:00,421,10.40000000011787,10.492084853654612,0,0,0
2025-12-16 02:00:00+00:00,421,11.499999999614374,10.582210039338342,0,0,0
2025-12-16 02:15:00+00:00,421,11.700000000018916,10.77005680887999,0,0,0
2025-12-16 02:30:00+00:00,421,10.700000000724684,10.876198530352344,0,0,0
2025-12-16 02:45:00+00:00,421,10.69999999981519,10.904955476484346,0,0,0
2025-12-16 03:00:00+00:00,421,10.800000000017462,10.90796655452291,0,0,0
2025-12-16 03:15:00+00:00,421,10.800000000017462,10.941949119525631,0,0,0
2025-12-16 03:30:00+00:00,421,10.199999999713327,10.856993753258584,0,0,0
2025-12-16 03:45:00+00:00,421,10.900000000219734,10.782991122326154,0,0,0
2025-12-16 04:00:00+00:00,421,10.2999999999156,10.818496314930956,0,0,0
2025-12-16 04:15:00+00:00,421,10.99999999951251,10.895575588260447,0,0,0
2025-12-16 04:30:00+00:00,421,10.700000000724684,10.825685377090664,0,0,0
2025-12-16 04:45:00+00:00,421,11.199999999917054,10.773502425166878,0,0,0
2025-12-16 05:00:00+00:00,421,11.800000000221187,10.721966049416764,0,0,0
2025-12-16 05:15:00+00:00,421,11.999999999716238,11.180027255086069,0,0,0
2025-12-16 05:30:00+00:00,421,11.199999999917054,11.232739604330046,0,0,0
2025-12-16 05:45:00+00:00,421,11.099999999714782,11.006176383603666,0,0,0
2025-12-16 06:00:00+00:00,421,11.599999999816646,13.337888396819569,1,0,1
2025-12-16 06:15:00+00:00,421,25.40000000044529,22.45301379125156,1,0,1
2025-12-16 06:30:00+00:00,421,16.099999999823922,21.183736635302225,1,0,1
2025-12-16 06:45:00+00:00,421,23.000000000138243,18.049682179984792,1,0,1
2025-12-16 07:00:00+00:00,421,19.00000000023283,19.610929979191454,0,0,0
2025-12-16 07:15:00+00:00,421,15.69999999992433,15.71331579480889,0,0,0
2025-12-16 07:30:00+00:00,421,15.199999999822468,14.761328981880109,0,0,0
2025-12-16 07:45:00+00:00,421,15.300000000024738,15.011344015645763,0,0,0
2025-12-16 08:00:00+00:00,421,17.39999999972497,15.699229920130003,0,0,0
2025-12-16 08:15:00+00:00,421,16.200000000026193,17.454067647685243,0,0,0
2025-12-16 08:30:00+00:00,421,17.800000000534055,16.362015137708127,0,0,0
2025-12-16 08:45:00+00:00,421,15.800000000126602,16.974270462188354,0,0,0
2025-12-16 09:00:00+00:00,421,16.699999999218562,16.621559323237236,0,0,0
2025-12-16 09:15:00+00:00,421,19.20000000063737,16.789013484807278,0,0,0
2025-12-16 09:30:00+00:00,421,17.600000000129512,17.416449050758725,0,0,0
2025-12-16 09:45:00+00:00,421,15.69999999992433,17.260875987939865,0,0,0
2025-12-16 10:00:00+00:00,421,14.299999999821011,16.398764658137992,0,0,0
2025-12-16 10:15:00+00:00,421,13.6000000002241,15.334386584884523,0,0,0
2025-12-16 10:30:00+00:00,421,13.89999999992142,14.497726781056038,0,0,0
2025-12-16 10:45:00+00:00,421,13.299999999617285,13.837003353304643,0,0,0
2025-12-16 11:00:00+00:00,421,13.399999999819556,13.678735874348892,0,0,0
2025-12-16 11:15:00+00:00,421,13.100000000122236,13.60270911822121,0,0,0
2025-12-16 11:30:00+00:00,421,11.500000000523867,12.6052631875803,0,0,0
2025-12-16 11:45:00+00:00,421,10.099999999511056,12.233120586253388,0,0,0
2025-12-16 12:00:00+00:00,421,10.69999999981519,11.672046613496953,0,0,0
2025-12-16 12:15:00+00:00,421,11.60000000072614,11.504702655848636,0,0,0
2025-12-16 12:30:00+00:00,421,11.599999999816646,11.249735420537048,0,0,0
2025-12-16 12:45:00+00:00,421,10.89999999931024,10.844600694516595,0,0,0
2025-12-16 13:00:00+00:00,421,9.600000000318689,10.622042479603843,0,0,0
2025-12-16 13:15:00+00:00,421,10.199999999713327,10.187228372726816,0,0,0
2025-12-16 13:30:00+00:00,421,9.600000000318689,9.925934525567008,0,0,0
2025-12-16 13:45:00+00:00,421,10.199999999713327,9.895515104451238,0,0,0
2025-12-16 14:00:00+00:00,421,11.200000000826549,10.273131632219345,0,0,0
2025-12-16 14:15:00+00:00,421,12.09999999991851,10.722468244503112,0,0,0
2025-12-16 14:30:00+00:00,421,11.399999999412104,10.994571492149976,0,0,0
2025-12-16 14:45:00+00:00,421,10.10000000042055,10.927886959614714,0,0,0
2025-12-16 15:00:00+00:00,421,11.199999999917054,10.874064201235369,0,0,0
2025-12-16 15:15:00+00:00,421,11.099999999714782,11.114449644220295,0,0,0
2025-12-16 15:30:00+00:00,421,11.500000000523867,11.171346952517176,0,0,0
2025-12-16 15:45:00+00:00,421,11.199999999917054,12.304178400998929,0,0,0
2025-12-16 16:00:00+00:00,421,11.899999999513966,12.719974310206643,0,0,0
2025-12-16 16:15:00+00:00,421,12.600000000020373,12.876579662925216,0,0,0
2025-12-16 16:30:00+00:00,421,14.200000000528236,12.941966858154078,0,0,0
2025-12-16 16:45:00+00:00,421,13.799999999719148,13.378284411570862,0,0,0
2025-12-16 17:00:00+00:00,421,13.699999999516876,13.33339723826263,0,0,0
2025-12-16 17:15:00+00:00,421,12.700000000222644,13.060941059068975,0,0,0
2025-12-16 17:30:00+00:00,421,11.500000000523867,12.909333942445915,0,0,0
2025-12-16 17:45:00+00:00,421,11.399999999412104,12.541515101313824,0,0,0
2025-12-16 18:00:00+00:00,421,10.500000000320142,12.498910125675774,0,0,0
2025-12-16 18:15:00+00:00,421,10.800000000017462,12.322139547760802,0,0,0
2025-12-16 18:30:00+00:00,421,11.400000000321596,12.02839169189234,0,0,0
2025-12-16 20:15:00+00:00,421,6.100000000515138,11.248142346124244,0,0,0
2025-12-16 20:30:00+00:00,421,7.299999999304418,8.75209082711342,0,0,0
2025-12-16 20:45:00+00:00,421,8.00000000072032,8.675877491561295,0,0,0
2025-12-16 21:00:00+00:00,421,8.100000000013097,8.712682462698611,0,0,0
2025-12-16 21:15:00+00:00,421,9.599999999409192,8.31220071365181,0,0,0
2025-12-16 21:30:00+00:00,421,9.70000000052096,9.006301979822783,0,0,0
2025-12-16 21:45:00+00:00,421,9.000000000014552,9.472350179844543,0,0,0
2025-12-16 22:00:00+00:00,421,8.399999999710417,9.524197288804336,0,0,0
2025-12-16 22:15:00+00:00,421,9.500000000116415,8.98313230277299,0,0,0
2025-12-16 22:30:00+00:00,421,8.89999999981228,9.292216987330566,0,0,0
2025-12-16 22:45:00+00:00,421,9.399999999914144,9.385568078950907,0,0,0
2025-12-16 23:00:00+00:00,421,9.399999999914144,9.442424235150431,0,0,0
2025-12-16 23:15:00+00:00,421,8.800000000519503,9.491598201515185,0,0,0
2025-12-16 23:30:00+00:00,421,8.799999999610009,9.45926799784518,0,0,0
2025-12-16 23:45:00+00:00,421,9.399999999914144,9.410006147340315,0,0,0
2025-12-17 00:00:00+00:00,421,9.200000000419095,9.429649298894866,0,0,0
2025-12-17 00:15:00+00:00,421,8.799999999610009,9.41528059073332,0,0,0
2025-12-17 00:30:00+00:00,421,9.399999999914144,9.062228726365976,0,0,0
2025-12-17 00:45:00+00:00,421,8.800000000519503,9.084708931411804,0,0,0
2025-12-17 01:00:00+00:00,421,8.799999999610009,9.175042318808416,0,0,0
2025-12-17 01:15:00+00:00,421,8.799999999610009,9.187362489513568,0,0,0
2025-12-17 01:30:00+00:00,421,8.800000000519503,9.26775346044025,0,0,0
2025-12-17 01:45:00+00:00,421,8.799999999610009,9.319981400673855,0,0,0
2025-12-17 02:00:00+00:00,421,9.300000000621369,9.312815704535527,0,0,0
2025-12-17 02:15:00+00:00,421,9.1999999995096,9.329185520617536,0,0,0
2025-12-17 02:30:00+00:00,421,9.200000000419095,9.35596542234363,0,0,0
2025-12-17 02:45:00+00:00,421,9.1999999995096,9.385718737476813,0,0,0
2025-12-17 03:00:00+00:00,421,9.70000000052096,9.438673116852684,0,0,0
2025-12-17 03:15:00+00:00,421,9.1999999995096,9.52051836105025,0,0,0
2025-12-17 03:30:00+00:00,421,9.900000000016009,9.559493233456497,0,0,0
2025-12-17 03:45:00+00:00,421,9.100000000216824,9.626374807813832,0,0,0
2025-12-17 04:00:00+00:00,421,9.900000000016009,9.709020425430264,0,0,0
2025-12-17 04:15:00+00:00,421,9.699999999611464,9.785160872945552,0,0,0
2025-12-17 04:30:00+00:00,421,9.80000000072323,9.877589878587903,0,0,0
2025-12-17 04:45:00+00:00,421,9.999999999308784,9.931411590727487,0,0,0
2025-12-17 05:00:00+00:00,421,10.40000000011787,9.952419387679871,0,0,0
2025-12-17 05:15:00+00:00,421,10.600000000522414,10.19079814279894,0,0,0
2025-12-17 05:30:00+00:00,421,10.499999999410647,10.34340895210152,0,0,0
2025-12-17 05:45:00+00:00,421,9.900000000016009,10.263271868690712,1,0,1
2025-12-17 06:00:00+00:00,421,10.10000000042055,10.626382282141702,1,0,1
2025-12-17 06:15:00+00:00,421,23.9000000001397,20.38113821320529,1,0,1
2025-12-17 06:30:00+00:00,421,14.699999999720603,19.73910411509097,1,0,1
2025-12-17 06:45:00+00:00,421,19.19999999972788,14.828575693914807,1,0,1
2025-12-17 07:00:00+00:00,421,18.90000000003056,17.82622071140979,0,0,0
2025-12-17 07:15:00+00:00,421,15.10000000052969,14.86618313095052,0,0,0
2025-12-17 07:30:00+00:00,421,13.199999999415011,14.0694506264594,0,0,0
2025-12-17 07:45:00+00:00,421,12.800000000424916,13.595589107885877,0,0,0
2025-12-17 08:00:00+00:00,421,13.699999999516876,14.022414476677506,0,0,0
2025-12-17 08:15:00+00:00,421,13.89999999992142,14.87577924205882,0,0,0
2025-12-17 08:30:00+00:00,421,16.400000000430737,14.28001963117877,0,0,0
2025-12-17 08:45:00+00:00,421,15.99999999962165,14.712045509086806,0,0,0
2025-12-17 09:00:00+00:00,421,15.000000000327418,14.721978509398864,0,0,0
2025-12-17 09:15:00+00:00,421,14.19999999961874,14.4142675376504,0,0,0
2025-12-17 09:30:00+00:00,421,13.800000000628645,14.116900389694358,0,0,0
2025-12-17 09:45:00+00:00,421,13.89999999992142,13.885038313313832,0,0,0
2025-12-17 10:00:00+00:00,421,12.79999999951542,13.702544803894018,0,0,0
2025-12-17 10:15:00+00:00,421,13.700000000426371,13.735482524119869,0,0,0
2025-12-17 10:30:00+00:00,421,12.4999999998181,13.580557432461031,0,0,0
2025-12-17 10:45:00+00:00,421,14.200000000528236,13.050998991345637,0,0,0
2025-12-17 11:00:00+00:00,421,13.399999999819556,12.965341946944053,0,0,0
2025-12-17 11:15:00+00:00,421,12.299999999413558,12.95531687753283,0,0,0
2025-12-17 11:30:00+00:00,421,12.400000000525324,12.587343890408956,0,0,0
2025-12-17 11:45:00+00:00,421,11.999999999716238,12.3710589291165,0,0,0
2025-12-17 12:00:00+00:00,421,13.700000000426371,12.243327003890236,0,0,0
2025-12-17 12:15:00+00:00,421,13.199999999415011,12.759808842951673,0,0,0
2025-12-17 12:30:00+00:00,421,12.400000000525324,12.337629476201936,0,0,0
2025-12-17 12:45:00+00:00,421,12.999999999919964,12.036549572072794,0,0,0
2025-12-17 13:00:00+00:00,421,11.399999999412104,11.723624141344418,0,0,0
2025-12-17 13:15:00+00:00,421,9.70000000052096,11.092813405916804,0,0,0
2025-12-17 13:30:00+00:00,421,9.299999999711872,10.47355385496837,0,0,0
2025-12-17 13:45:00+00:00,421,9.799999999813735,10.629947867254774,0,0,0
2025-12-17 14:00:00+00:00,421,10.40000000011787,10.954080618326817,0,0,0
2025-12-17 14:15:00+00:00,421,10.800000000017462,10.856850069664436,0,0,0
2025-12-17 14:30:00+00:00,421,11.199999999917054,11.035991426882877,0,0,0
2025-12-17 14:45:00+00:00,421,11.100000000624275,11.207520343584092,0,0,0
2025-12-17 15:00:00+00:00,421,10.69999999981519,11.02057473522517,0,0,0
2025-12-17 15:15:00+00:00,421,9.900000000016009,10.864004954658544,0,0,0
2025-12-17 15:30:00+00:00,421,9.1999999995096,10.796837059352674,0,0,0
2025-12-17 15:45:00+00:00,421,9.600000000318689,10.707784618172838,0,0,0
2025-12-17 16:00:00+00:00,421,10.00000000021828,10.744944264589888,0,0,0
2025-12-17 16:15:00+00:00,421,11.099999999714782,10.64631314963114,0,0,0
2025-12-17 16:30:00+00:00,421,10.900000000219734,10.804409045265722,0,0,0
2025-12-17 16:45:00+00:00,421,11.099999999714782,10.740019962770976,0,0,0
2025-12-17 17:00:00+00:00,421,10.00000000021828,10.73336518038369,0,0,0
2025-12-17 17:15:00+00:00,421,10.099999999511056,10.541301367103069,0,0,0
2025-12-17 17:30:00+00:00,421,10.40000000011787,10.59410299547351,0,0,0
2025-12-17 17:45:00+00:00,421,10.700000000724684,10.813832875559676,0,0,0
2025-12-17 18:00:00+00:00,421,10.89999999931024,11.421917190850516,0,0,0
2025-12-17 18:15:00+00:00,421,10.200000000622822,11.366391851629814,0,0,0
2025-12-17 18:30:00+00:00,421,11.199999999917054,10.879598809582829,0,0,0
2025-12-17 18:45:00+00:00,421,9.599999999409192,10.289003786920643,0,0,0
2025-12-17 19:00:00+00:00,421,10.600000000522414,9.956282453632287,0,0,0
2025-12-17 19:15:00+00:00,421,9.500000000116415,10.196419937793337,0,0,0
2025-12-17 19:30:00+00:00,421,6.80000000011205,10.044003729086716,0,0,0
2025-12-17 19:45:00+00:00,421,1.299999999901047,1.80652492995414,0,0,0
2025-12-17 20:00:00+00:00,421,3.6999999992985977,1.0725165917478878,0,0,0
2025-12-17 20:15:00+00:00,421,4.400000000714499,4.397520789371402,0,0,0
2025-12-17 20:30:00+00:00,421,4.399999999805004,6.061757117777351,0,0,0
2025-12-17 20:45:00+00:00,421,6.5999999997075065,6.314319047873283,0,0,0
2025-12-17 21:00:00+00:00,421,7.300000000213913,6.712160610877586,0,0,0
2025-12-17 21:15:00+00:00,421,7.300000000213913,7.154595005070065,0,0,0
2025-12-17 21:30:00+00:00,421,7.299999999304418,7.379039241529325,0,0,0
2025-12-17 21:45:00+00:00,421,6.80000000011205,7.246752337120565,0,0,0
2025-12-17 22:00:00+00:00,421,6.200000000717409,7.218770654653111,0,0,0
2025-12-17 22:15:00+00:00,421,6.799999999202555,7.107862264819505,0,0,0
2025-12-17 22:30:00+00:00,421,6.900000000314321,6.982953617594302,0,0,0
2025-12-17 22:45:00+00:00,421,6.300000000010186,6.926625812475205,0,0,0
2025-12-17 23:00:00+00:00,421,6.300000000010186,6.820622717771479,0,0,0
2025-12-17 23:15:00+00:00,421,6.80000000011205,6.691377581101002,0,0,0
2025-12-17 23:30:00+00:00,421,6.900000000314321,6.665560219957074,0,0,0
2025-12-17 23:45:00+00:00,421,6.799999999202555,6.635749361636916,0,0,0
2025-12-18 00:00:00+00:00,421,7.400000000416185,6.802860007818032,0,0,0
2025-12-18 00:15:00+00:00,421,7.300000000213913,7.246988089813879,0,0,0
2025-12-18 00:30:00+00:00,421,7.300000000213913,7.26997432615852,0,0,0
2025-12-18 00:45:00+00:00,421,7.799999999406282,7.206697396532083,0,0,0
2025-12-18 01:00:00+00:00,421,7.300000000213913,7.161191546777198,0,0,0
2025-12-18 01:15:00+00:00,421,6.699999999909778,7.147030691581948,0,0,0
2025-12-18 01:30:00+00:00,421,6.5999999997075065,7.109079390410724,0,0,0
2025-12-18 01:45:00+00:00,421,6.600000000617001,7.069636151337139,0,0,0
2025-12-18 02:00:00+00:00,421,7.39999999950669,7.097447994216363,0,0,0
2025-12-18 02:15:00+00:00,421,7.400000000416185,7.323434388086617,0,0,0
2025-12-18 02:30:00+00:00,421,7.8999999996085535,7.607132413536126,0,0,0
2025-12-18 02:45:00+00:00,421,8.499999999912689,7.750995612178382,0,0,0
2025-12-18 03:00:00+00:00,421,7.700000000113505,7.813053323734074,0,0,0
2025-12-18 03:15:00+00:00,421,7.700000000113505,7.841291683690105,0,0,0
2025-12-18 03:30:00+00:00,421,7.400000000416185,7.842179592502497,0,0,0
2025-12-18 03:45:00+00:00,421,8.100000000013097,7.83956608557396,0,0,0
2025-12-18 04:00:00+00:00,421,7.499999999708962,7.893116821614869,0,0,0
2025-12-18 04:15:00+00:00,421,7.499999999708962,7.99406884511504,0,0,0
2025-12-18 04:30:00+00:00,421,8.700000000317232,8.041690540417754,0,0,0
2025-12-18 04:45:00+00:00,421,8.799999999610009,8.070032478110344,0,0,0
2025-12-18 05:00:00+00:00,421,8.200000000215368,8.1245178550064,0,0,0
2025-12-18 05:15:00+00:00,421,8.499999999912689,8.245368312563347,0,0,0
2025-12-18 05:30:00+00:00,421,7.700000000113505,8.253992815678199,0,0,0
2025-12-18 05:45:00+00:00,421,7.800000000315777,8.085002076642567,0,0,0
2025-12-18 06:00:00+00:00,421,7.8999999996085535,9.57929297222894,0,0,0
2025-12-18 06:15:00+00:00,421,19.29999999993015,21.24507139518153,0,0,0
2025-12-18 06:30:00+00:00,421,11.700000000018916,19.2814746576973,0,0,0
2025-12-18 06:45:00+00:00,421,14.200000000528236,14.705957788651189,0,0,0
2025-12-18 07:00:00+00:00,421,13.599999999314605,14.714834784295563,0,0,0
2025-12-18 07:15:00+00:00,421,11.100000000624275,11.907820231605587,0,0,0
2025-12-18 07:30:00+00:00,421,10.69999999981519,10.519981093208068,0,0,0
2025-12-18 07:45:00+00:00,421,9.100000000216824,10.3070849025087,0,0,0
2025-12-18 08:00:00+00:00,421,9.1999999995096,10.32523925488018,0,0,0
2025-12-18 08:15:00+00:00,421,9.799999999813735,10.97815668775815,0,0,0
2025-12-18 08:30:00+00:00,421,8.800000000519503,10.42952076205352,0,0,0
2025-12-18 08:45:00+00:00,421,9.000000000014552,10.05460423036771,0,0,0
2025-12-18 09:00:00+00:00,421,9.100000000216824,9.84548670894652,0,0,0
2025-12-18 09:15:00+00:00,421,8.799999999610009,9.662492748173296,0,0,0
2025-12-18 09:30:00+00:00,421,9.299999999711872,9.38549030846184,0,0,0
2025-12-18 09:45:00+00:00,421,11.400000000321596,9.10359146665849,0,0,0
2025-12-18 10:00:00+00:00,421,10.199999999713327,9.557246956684851,0,0,0
2025-12-18 10:15:00+00:00,421,9.900000000016009,9.883889985695458,0,0,0
2025-12-18 10:30:00+00:00,421,7.900000000518048,9.519973618880195,0,0,0
2025-12-18 10:45:00+00:00,421,7.499999999708962,9.108449506625732,0,0,0
2025-12-18 11:00:00+00:00,421,7.09999999980937,8.486569473817006,0,0,0
2025-12-18 11:15:00+00:00,421,7.800000000315777,8.138340426011542,0,0,0
2025-12-18 11:30:00+00:00,421,7.2000000000116415,7.754718133255937,0,0,0
2025-12-18 11:45:00+00:00,421,7.799999999406282,7.431710787422538,0,0,0
2025-12-18 12:00:00+00:00,421,7.2000000000116415,7.674986293380085,0,0,0
2025-12-18 12:15:00+00:00,421,7.700000000113505,7.850440004179745,0,0,0
2025-12-18 12:30:00+00:00,421,8.499999999912689,7.600586091337627,0,0,0
2025-12-18 12:45:00+00:00,421,8.500000000822183,7.948144499454865,0,0,0
2025-12-18 13:00:00+00:00,421,8.799999999610009,8.100722875324786,0,0,0
2025-12-18 13:15:00+00:00,421,7.599999999911233,8.217579486958915,0,0,0
2025-12-18 13:30:00+00:00,421,8.60000000011496,7.899168272405364,0,0,0
2025-12-18 13:45:00+00:00,421,9.699999999611464,8.117062699200247,0,0,0
2025-12-18 14:00:00+00:00,421,7.800000000315777,8.408959059434387,0,0,0
2025-12-18 14:15:00+00:00,421,8.30000000041764,8.325420301806748,0,0,0
2025-12-18 14:30:00+00:00,421,8.799999999610009,8.23311405496328,0,0,0
2025-12-18 14:45:00+00:00,421,7.999999999810825,8.408217275442261,0,0,0
2025-12-18 15:00:00+00:00,421,8.100000000013097,8.402039229640417,0,0,0
2025-12-18 15:15:00+00:00,421,7.999999999810825,8.303076805423313,0,0,0
2025-12-18 15:30:00+00:00,421,8.700000000317232,8.382116383322499,0,0,0
2025-12-18 15:45:00+00:00,421,8.30000000041764,8.891712221008975,0,0,0
2025-12-18 16:00:00+00:00,421,8.699999999407737,9.089729487288936,0,0,0
2025-12-18 16:15:00+00:00,421,10.10000000042055,9.283527966096983,0,0,0
2025-12-18 16:30:00+00:00,421,11.300000000119326,9.53878710230251,0,0,0
2025-12-18 16:45:00+00:00,421,9.900000000016009,10.082528369648186,0,0,0
2025-12-18 17:00:00+00:00,421,9.1999999995096,10.050539240140992,0,0,0
2025-12-18 17:15:00+00:00,421,9.200000000419095,9.77723002679372,0,0,0
2025-12-18 17:30:00+00:00,421,8.799999999610009,9.692146670528972,0,0,0
2025-12-18 17:45:00+00:00,421,9.600000000318689,9.272209744338417,0,0,0
2025-12-18 18:00:00+00:00,421,9.299999999711872,9.36249326097298,0,0,0
2025-12-18 18:15:00+00:00,421,8.60000000011496,9.265933351998829,0,0,0
2025-12-18 18:30:00+00:00,421,8.700000000317232,8.920401510302955,0,0,0
2025-12-18 18:45:00+00:00,421,8.799999999610009,8.10609008531013,0,0,0
2025-12-18 19:00:00+00:00,421,8.499999999912689,8.157503004768184,0,0,0
2025-12-18 19:15:00+00:00,421,8.399999999710417,8.410750919402204,0,0,0
2025-12-18 19:30:00+00:00,421,7.2000000000116415,8.234540079760556,0,0,0
2025-12-18 19:45:00+00:00,421,0.0,2.588569274409343,0,0,0
2025-12-18 20:00:00+00:00,421,0.0,0.2245685583673777,0,0,0
2025-12-18 20:15:00+00:00,421,0.0,0.1063717135965571,0,0,0
2025-12-18 20:30:00+00:00,421,0.0,0.0855654921718889,0,0,0
2025-12-18 20:45:00+00:00,421,0.0,0.0423059191886485,0,0,0
2025-12-18 21:00:00+00:00,421,0.0,0.0432384675642696,0,0,0
2025-12-18 21:15:00+00:00,421,0.0,0.0286029682631028,0,0,0
2025-12-18 21:30:00+00:00,421,0.0,0.0342136033666911,0,0,0
2025-12-18 21:45:00+00:00,421,0.0,0.0773054292412274,0,0,0
2025-12-18 22:00:00+00:00,421,0.0,0.1066385047361793,0,0,0
2025-12-18 22:15:00+00:00,421,0.0,0.0985597900311434,0,0,0
2025-12-18 22:30:00+00:00,421,0.0,0.0986406992394997,0,0,0
2025-12-18 22:45:00+00:00,421,0.0,0.0964537093877719,0,0,0
2025-12-18 23:00:00+00:00,421,0.0,0.0952916857574166,0,0,0
2025-12-18 23:15:00+00:00,421,0.0,0.0907433327600895,0,0,0
2025-12-18 23:30:00+00:00,421,0.0,0.0847047855933427,0,0,0
2025-12-18 23:45:00+00:00,421,0.0,0.0794027912199055,0,0,0
2025-12-19 00:00:00+00:00,421,0.0,0.0760345966754965,0,0,0
2025-12-19 00:15:00+00:00,421,0.0,0.076577246366023,0,0,0
2025-12-19 00:30:00+00:00,421,0.0,0.0772098726761862,0,0,0
2025-12-19 00:45:00+00:00,421,0.0,0.0774428353967975,0,0,0
2025-12-19 01:00:00+00:00,421,0.0,0.0765898012431813,0,0,0
2025-12-19 01:15:00+00:00,421,0.0,0.0752105084886629,0,0,0
2025-12-19 01:30:00+00:00,421,0.0,0.0715692453660521,0,0,0
2025-12-19 01:45:00+00:00,421,0.0,0.0673703364496427,0,0,0
2025-12-19 02:00:00+00:00,421,0.0,0.0649294590820384,0,0,0
2025-12-19 02:15:00+00:00,421,0.0,0.0643006689843401,0,0,0
2025-12-19 02:30:00+00:00,421,0.0,0.0647924016730563,0,0,0
2025-12-19 02:45:00+00:00,421,0.0,0.0645444428491721,0,0,0
2025-12-19 03:00:00+00:00,421,0.0,0.0636931524284944,0,0,0
2025-12-19 03:15:00+00:00,421,0.0,0.0632913963594159,0,0,0
2025-12-19 03:30:00+00:00,421,0.0,0.0620226562732115,0,0,0
2025-12-19 03:45:00+00:00,421,0.0,0.0609715340577583,0,0,0
2025-12-19 07:00:00+00:00,421,26.29999999953725,0.0607748409822725,0,0,0
2025-12-19 07:15:00+00:00,421,19.19999999972788,16.031423599831108,0,0,0
2025-12-19 07:30:00+00:00,421,13.900000000830914,15.69385643270608,0,0,0
2025-12-19 07:45:00+00:00,421,11.599999999816646,12.938345473586969,0,0,0
2025-12-19 08:00:00+00:00,421,9.599999999409192,10.550212539913044,0,0,0
2025-12-19 08:15:00+00:00,421,10.2999999999156,9.457674923432377,0,0,0
2025-12-19 08:30:00+00:00,421,11.400000000321596,8.901866326657661,0,0,0
2025-12-19 08:45:00+00:00,421,11.199999999917054,9.342870685467105,0,0,0
2025-12-19 09:00:00+00:00,421,10.69999999981519,9.634717872432375,0,0,0
2025-12-19 09:15:00+00:00,421,11.100000000624275,12.333374767831486,0,0,0
2025-12-19 09:30:00+00:00,421,10.59999999961292,13.539139590207656,0,0,0
2025-12-19 09:45:00+00:00,421,10.2999999999156,12.069320591429705,0,0,0
2025-12-19 10:00:00+00:00,421,10.200000000622822,11.212976135202725,0,0,0
2025-12-19 10:15:00+00:00,421,9.799999999813735,11.127167037288883,0,0,0
2025-12-19 10:30:00+00:00,421,10.199999999713327,10.844213585804203,0,0,0
2025-12-19 10:45:00+00:00,421,11.700000000018916,10.6072584142563,0,0,0
2025-12-19 11:00:00+00:00,421,9.299999999711872,11.021812785611653,0,0,0
2025-12-19 11:15:00+00:00,421,7.900000000518048,10.76558936509102,0,0,0
2025-12-19 11:30:00+00:00,421,9.000000000014552,9.686355035946344,0,0,0
2025-12-19 11:45:00+00:00,421,10.40000000011787,9.60613425335448,0,0,0
2025-12-19 12:00:00+00:00,421,8.699999999407737,10.100669469649333,0,0,0
2025-12-19 12:15:00+00:00,421,9.200000000419095,9.940399487786769,0,0,0
2025-12-19 12:30:00+00:00,421,9.100000000216824,9.454910409231347,0,0,0
2025-12-19 12:45:00+00:00,421,9.399999999914144,9.407435187495484,0,0,0
2025-12-19 13:00:00+00:00,421,9.599999999409192,9.372704561062054,0,0,0
2025-12-19 13:15:00+00:00,421,9.200000000419095,9.29626105276202,0,0,0
2025-12-19 13:30:00+00:00,421,8.200000000215368,9.15471143898284,0,0,0
2025-12-19 13:45:00+00:00,421,8.299999999508145,8.698783167444166,0,0,0
2025-12-19 14:00:00+00:00,421,7.000000000516593,8.136308279644771,0,0,0
2025-12-19 14:15:00+00:00,421,8.299999999508145,8.130689623369665,0,0,0
2025-12-19 14:30:00+00:00,421,8.800000000519503,8.236943989989859,0,0,0
2025-12-19 14:45:00+00:00,421,9.299999999711872,8.660194706257139,0,0,0
2025-12-19 15:00:00+00:00,421,9.600000000318689,8.898787591781078,0,0,0
2025-12-19 15:15:00+00:00,421,8.699999999407737,8.793079711063875,0,0,0
2025-12-19 15:30:00+00:00,421,8.100000000013097,8.890843842005498,0,0,0
2025-12-19 15:45:00+00:00,421,7.700000000113505,8.967482299648083,0,0,0
2025-12-19 16:00:00+00:00,421,9.799999999813735,8.684885964669249,0,0,0
2025-12-19 16:15:00+00:00,421,9.600000000318689,9.23462427833773,0,0,0
2025-12-19 16:30:00+00:00,421,8.299999999508145,9.286066143762566,0,0,0
2025-12-19 16:45:00+00:00,421,8.30000000041764,8.845562933799707,0,0,0
2025-12-19 17:00:00+00:00,421,7.8999999996085535,8.727313428294138,0,0,0
2025-12-19 17:15:00+00:00,421,10.200000000622822,8.326742051374287,0,0,0
2025-12-19 17:30:00+00:00,421,8.699999999407737,8.822639820587447,0,0,0
2025-12-19 17:45:00+00:00,421,8.100000000013097,8.590771118021754,0,0,0
2025-12-19 18:00:00+00:00,421,7.800000000315777,8.598635353575329,0,0,0
2025-12-19 18:15:00+00:00,421,7.300000000213913,8.443691429600756,0,0,0
2025-12-19 18:30:00+00:00,421,7.799999999406282,8.176187103206445,0,0,0
2025-12-19 18:45:00+00:00,421,8.100000000013097,7.873005303392983,0,0,0
2025-12-19 19:00:00+00:00,421,8.100000000013097,8.284855493706987,0,0,0
2025-12-19 19:15:00+00:00,421,9.400000000823638,8.647349671937437,0,0,0
2025-12-19 19:30:00+00:00,421,9.099999999307329,8.631853814804312,0,0,0
2025-12-19 19:45:00+00:00,421,1.299999999901047,4.337240464800135,0,0,0
2025-12-19 20:00:00+00:00,421,2.7000000000043656,0.5180182359033196,0,0,0
2025-12-19 20:15:00+00:00,421,4.200000000309956,1.0690423782408054,0,0,0
2025-12-19 20:30:00+00:00,421,4.799999999704596,5.062875615401327,0,0,0
2025-12-19 20:45:00+00:00,421,5.799999999908323,6.031096712769454,0,0,0
2025-12-19 21:00:00+00:00,421,6.50000000041473,6.374217669304267,0,0,0
2025-12-19 21:15:00+00:00,421,7.499999999708962,6.690310416542513,0,0,0
2025-12-19 21:30:00+00:00,421,7.000000000516593,7.008780220522805,0,0,0
2025-12-19 21:45:00+00:00,421,6.999999999607098,6.812654904481345,0,0,0
2025-12-19 22:00:00+00:00,421,6.900000000314321,7.1242669555602856,0,0,0
2025-12-19 22:15:00+00:00,421,7.499999999708962,7.295742862780164,0,0,0
2025-12-19 22:30:00+00:00,421,6.900000000314321,7.291079423408883,0,0,0
2025-12-19 22:45:00+00:00,421,7.39999999950669,7.282488748713042,0,0,0
2025-12-19 23:00:00+00:00,421,8.00000000072032,7.30061276013139,0,0,0
2025-12-19 23:15:00+00:00,421,6.999999999607098,7.429783613778677,0,0,0
2025-12-19 23:30:00+00:00,421,7.400000000416185,7.437096480977033,0,0,0
2025-12-19 23:45:00+00:00,421,7.39999999950669,7.428134391165247,0,0,0
2025-12-20 00:00:00+00:00,421,7.999999999810825,7.522466855683492,0,0,0
2025-12-20 00:15:00+00:00,421,7.100000000718865,7.608018927362165,0,0,0
2025-12-20 00:30:00+00:00,421,7.499999999708962,7.696769702743605,0,0,0
2025-12-20 00:45:00+00:00,421,6.999999999607098,7.75080136032901,0,0,0
2025-12-20 01:00:00+00:00,421,7.500000000618456,7.714619948090576,0,0,0
2025-12-20 01:15:00+00:00,421,7.09999999980937,7.735873262640728,0,0,0
2025-12-20 01:30:00+00:00,421,7.599999999911233,7.714991014459932,0,0,0
2025-12-20 01:45:00+00:00,421,8.100000000013097,7.660822648212132,0,0,0
2025-12-20 02:00:00+00:00,421,8.700000000317232,7.629317927715313,0,0,0
2025-12-20 02:15:00+00:00,421,7.69999999920401,7.693283283105952,0,0,0
2025-12-20 02:30:00+00:00,421,7.700000000113505,7.77279959759058,0,0,0
2025-12-20 02:45:00+00:00,421,7.700000000113505,7.884052897799464,0,0,0
2025-12-20 03:00:00+00:00,421,7.300000000213913,8.01003969510067,0,0,0
2025-12-20 03:15:00+00:00,421,7.800000000315777,8.06479779182834,0,0,0
2025-12-20 03:30:00+00:00,421,7.799999999406282,8.06308230736324,0,0,0
2025-12-20 03:45:00+00:00,421,8.400000000619912,8.068866269520935,0,0,0
2025-12-20 04:00:00+00:00,421,7.799999999406282,8.0936356471687,0,0,0
2025-12-20 04:15:00+00:00,421,8.499999999912689,8.12330421688106,0,0,0
2025-12-20 04:30:00+00:00,421,8.499999999912689,8.142165478585893,0,0,0
2025-12-20 04:45:00+00:00,421,7.400000000416185,8.170804199624651,0,0,0
2025-12-20 05:00:00+00:00,421,8.100000000013097,8.203025943105867,0,0,0
2025-12-20 05:15:00+00:00,421,8.700000000317232,8.327489764058406,0,0,0
2025-12-20 05:30:00+00:00,421,8.89999999981228,8.39522716254206,0,0,0
2025-12-20 05:45:00+00:00,421,7.8999999996085535,8.378288540775445,0,0,0
2025-12-20 06:00:00+00:00,421,7.999999999810825,8.359354739780363,0,0,0
2025-12-20 06:15:00+00:00,421,8.00000000072032,8.583141240175141,0,0,0
2025-12-20 06:30:00+00:00,421,8.699999999407737,8.642234954481617,0,0,0
2025-12-20 06:45:00+00:00,421,11.599999999816646,8.591015938126349,0,0,0
2025-12-20 07:00:00+00:00,421,21.300000000337604,18.23847684275192,0,0,0
2025-12-20 07:15:00+00:00,421,14.100000000325965,17.517581376244756,0,0,0
2025-12-20 07:30:00+00:00,421,12.299999999413558,14.005183605270366,0,0,0
2025-12-20 07:45:00+00:00,421,10.900000000219734,11.25260420996781,0,0,0
2025-12-20 08:00:00+00:00,421,9.900000000016009,10.2823022724906,0,0,0
2025-12-20 08:15:00+00:00,421,9.799999999813735,10.211615524114414,0,0,0
2025-12-20 08:30:00+00:00,421,10.500000000320142,10.201289137651385,0,0,0
2025-12-20 08:45:00+00:00,421,11.300000000119326,10.11477975658936,0,0,0
2025-12-20 09:00:00+00:00,421,10.199999999713327,10.278842008847027,0,0,0
2025-12-20 09:15:00+00:00,421,10.00000000021828,10.28298023585717,0,0,0
2025-12-20 09:30:00+00:00,421,10.900000000219734,10.25991343905076,0,0,0
2025-12-20 09:45:00+00:00,421,10.59999999961292,10.28500296606607,0,0,0
2025-12-20 10:00:00+00:00,421,10.10000000042055,10.26424347668416,0,0,0
2025-12-20 10:15:00+00:00,421,10.099999999511056,10.25651594979298,0,0,0
2025-12-20 10:30:00+00:00,421,9.399999999914144,10.207101348282688,0,0,0
2025-12-20 10:45:00+00:00,421,10.00000000021828,10.115199647481,0,0,0
2025-12-20 11:00:00+00:00,421,9.399999999914144,9.8435469804255,0,0,0
2025-12-20 11:15:00+00:00,421,8.800000000519503,9.642350888998276,0,0,0
2025-12-20 11:30:00+00:00,421,8.89999999981228,9.234912343019204,0,0,0
2025-12-20 11:45:00+00:00,421,8.299999999508145,8.819421587075766,0,0,0
2025-12-20 12:00:00+00:00,421,7.599999999911233,8.339122903985706,0,0,0
2025-12-20 12:15:00+00:00,421,7.800000000315777,7.924563650178124,0,0,0
2025-12-20 12:30:00+00:00,421,8.399999999710417,7.657502929443419,0,0,0
2025-12-20 12:45:00+00:00,421,7.900000000518048,7.773075456141484,0,0,0
2025-12-20 13:00:00+00:00,421,8.60000000011496,7.698673161619499,0,0,0
2025-12-20 13:15:00+00:00,421,7.8999999996085535,7.829595420630426,0,0,0
2025-12-20 13:30:00+00:00,421,8.499999999912689,7.904629643969398,0,0,0
2025-12-20 13:45:00+00:00,421,9.000000000014552,7.947749369570953,0,0,0
2025-12-20 14:00:00+00:00,421,8.499999999912689,8.130257875094042,0,0,0
2025-12-20 14:15:00+00:00,421,9.000000000014552,8.252536798674377,0,0,0
2025-12-20 14:30:00+00:00,421,8.400000000619912,8.452701995188239,0,0,0
2025-12-20 14:45:00+00:00,421,8.399999999710417,8.427354744444585,0,0,0
2025-12-20 15:00:00+00:00,421,9.1999999995096,8.45312014234694,0,0,0
2025-12-20 15:15:00+00:00,421,8.400000000619912,8.516849396297678,0,0,0
2025-12-20 15:30:00+00:00,421,8.799999999610009,8.574834096455135,0,0,0
2025-12-20 15:45:00+00:00,421,9.000000000014552,8.549540552685995,0,0,0
2025-12-20 16:00:00+00:00,421,10.2999999999156,8.55475326793297,0,0,0
2025-12-20 16:15:00+00:00,421,9.000000000014552,8.926026095270053,0,0,0
2025-12-20 16:30:00+00:00,421,8.200000000215368,9.016309611904616,0,0,0
2025-12-20 16:45:00+00:00,421,8.700000000317232,8.730247433336809,0,0,0
2025-12-20 17:00:00+00:00,421,8.100000000013097,8.734934238729469,0,0,0
2025-12-20 17:15:00+00:00,421,9.099999999307329,8.541362445203452,0,0,0
2025-12-20 17:30:00+00:00,421,8.400000000619912,8.587724467831244,0,0,0
2025-12-20 17:45:00+00:00,421,8.799999999610009,8.311673060064557,0,0,0
2025-12-20 18:00:00+00:00,421,8.60000000011496,8.421231451857016,0,0,0
2025-12-20 18:15:00+00:00,421,2.800000000206637,8.443616100337804,0,0,0
2025-12-20 18:30:00+00:00,421,3.799999999500869,3.5903831688750696,0,0,0
2025-12-20 18:45:00+00:00,421,4.500000000007276,2.911200671421157,0,0,0
2025-12-20 19:00:00+00:00,421,5.600000000413274,5.317227923292078,0,0,0
2025-12-20 19:15:00+00:00,421,6.099999999605643,6.136548962237843,0,0,0
2025-12-20 19:30:00+00:00,421,7.599999999911233,6.393403788455581,0,0,0
2025-12-20 19:45:00+00:00,421,8.200000000215368,6.441104474860419,0,0,0
2025-12-20 20:00:00+00:00,421,7.500000000618456,6.697577074817993,0,0,0
2025-12-20 20:15:00+00:00,421,8.199999999305874,6.787765383634103,0,0,0
2025-12-20 20:30:00+00:00,421,8.800000000519503,7.425367784484692,0,0,0
2025-12-20 20:45:00+00:00,421,8.100000000013097,8.032708572050467,0,0,0
2025-12-20 21:00:00+00:00,421,7.39999999950669,7.871399674103021,0,0,0
2025-12-20 21:15:00+00:00,421,7.900000000518048,7.626364392863728,0,0,0
2025-12-20 21:30:00+00:00,421,7.8999999996085535,7.708915151408297,0,0,0
2025-12-20 21:45:00+00:00,421,7.300000000213913,7.682612683760819,0,0,0
2025-12-20 22:00:00+00:00,421,7.800000000315777,7.507272664348763,0,0,0
2025-12-20 22:15:00+00:00,421,7.299999999304418,7.474151154671173,0,0,0
2025-12-20 22:30:00+00:00,421,6.699999999909778,7.4899057817724035,0,0,0
2025-12-20 22:45:00+00:00,421,7.800000000315777,7.312938162035356,0,0,0
2025-12-20 23:00:00+00:00,421,7.300000000213913,7.20856179579015,0,0,0
2025-12-20 23:15:00+00:00,421,7.300000000213913,7.218315191609522,0,0,0
2025-12-20 23:30:00+00:00,421,7.2000000000116415,7.179360895251952,0,0,0
2025-12-20 23:45:00+00:00,421,6.5999999997075065,7.095163006573479,0,0,0
2025-12-21 00:00:00+00:00,421,7.300000000213913,7.001756289872395,0,0,0
2025-12-21 00:15:00+00:00,421,6.699999999909778,6.89365042761788,0,0,0
2025-12-21 00:30:00+00:00,421,7.799999999406282,6.8319507044345045,0,0,0
2025-12-21 00:45:00+00:00,421,7.800000000315777,6.936137003789391,0,0,0
2025-12-21 01:00:00+00:00,421,7.300000000213913,7.027391256550934,0,0,0
2025-12-21 01:15:00+00:00,421,7.2000000000116415,7.0849398491004205,0,0,0
2025-12-21 01:30:00+00:00,421,6.699999999909778,7.0448967658959205,0,0,0
2025-12-21 01:45:00+00:00,421,7.2000000000116415,6.914621431805255,0,0,0
2025-12-21 02:00:00+00:00,421,6.5999999997075065,6.836921040802999,0,0,0
2025-12-21 02:15:00+00:00,421,6.699999999909778,6.805263046180866,0,0,0
2025-12-21 02:30:00+00:00,421,7.2000000000116415,6.787558751280866,0,0,0
2025-12-21 02:45:00+00:00,421,6.699999999909778,6.809742172980526,0,0,0
2025-12-21 03:00:00+00:00,421,7.300000000213913,6.79296920584309,0,0,0
2025-12-21 03:15:00+00:00,421,7.300000000213913,6.8822167707387685,0,0,0
2025-12-21 03:30:00+00:00,421,6.5999999997075065,6.947879475771947,0,0,0
2025-12-21 03:45:00+00:00,421,7.300000000213913,6.926872550686033,0,0,0
2025-12-21 04:00:00+00:00,421,6.699999999909778,6.920291702575348,0,0,0
2025-12-21 04:15:00+00:00,421,7.2000000000116415,6.988986061695764,0,0,0
2025-12-21 04:30:00+00:00,421,6.699999999909778,7.029130281410708,0,0,0
2025-12-21 04:45:00+00:00,421,7.300000000213913,6.998157399460194,0,0,0
2025-12-21 05:00:00+00:00,421,7.8999999996085535,7.051248836245048,0,0,0
2025-12-21 05:15:00+00:00,421,7.400000000416185,7.34377189409736,0,0,0
2025-12-21 05:30:00+00:00,421,8.100000000013097,7.340217120128509,0,0,0
2025-12-21 05:45:00+00:00,421,6.80000000011205,7.406098838018789,0,0,0
2025-12-21 06:00:00+00:00,421,7.499999999708962,7.51195842350166,0,0,0
2025-12-21 06:15:00+00:00,421,6.80000000011205,8.454402832296655,0,0,0
2025-12-21 06:30:00+00:00,421,7.999999999810825,7.79934235163701,0,0,0
2025-12-21 06:45:00+00:00,421,7.400000000416185,7.827899465974237,0,0,0
2025-12-21 07:00:00+00:00,421,7.999999999810825,9.602217131680966,0,0,0
2025-12-21 07:15:00+00:00,421,8.399999999710417,7.854012564224571,0,0,0
2025-12-21 07:30:00+00:00,421,7.900000000518048,7.382915211105486,0,0,0
2025-12-21 07:45:00+00:00,421,7.700000000113505,7.32502920623236,0,0,0
2025-12-21 08:00:00+00:00,421,7.599999999911233,7.456693249235412,0,0,0
2025-12-21 08:15:00+00:00,421,7.599999999911233,7.522692145979173,0,0,0
2025-12-21 08:30:00+00:00,421,7.599999999911233,7.463933577143518,0,0,0
2025-12-21 08:45:00+00:00,421,7.700000000113505,7.324466677986332,0,0,0
2025-12-21 09:00:00+00:00,421,7.599999999911233,7.382674575959944,0,0,0
2025-12-21 09:15:00+00:00,421,8.499999999912689,7.508354825010525,0,0,0
2025-12-21 09:30:00+00:00,421,7.300000000213913,7.535029405267123,0,0,0
2025-12-21 09:45:00+00:00,421,7.8999999996085535,7.439627683710862,0,0,0
2025-12-21 10:00:00+00:00,421,6.80000000011205,7.394797356096433,0,0,0
2025-12-21 10:15:00+00:00,421,7.400000000416185,7.352115656209079,0,0,0
2025-12-21 10:30:00+00:00,421,6.999999999607098,7.279049758611322,0,0,0
2025-12-21 10:45:00+00:00,421,6.999999999607098,7.16488372690162,0,0,0
2025-12-21 11:00:00+00:00,421,6.50000000041473,6.819242204403904,0,0,0
2025-12-21 11:15:00+00:00,421,7.09999999980937,6.588525237444228,0,0,0
2025-12-21 11:30:00+00:00,421,6.50000000041473,6.341201306722882,0,0,0
2025-12-21 11:45:00+00:00,421,5.400000000008731,6.300460207223018,0,0,0
2025-12-21 12:00:00+00:00,421,0.0,5.8777767272807,0,0,0
2025-12-21 12:15:00+00:00,421,0.0,-0.166551786024673,0,0,0
2025-12-21 12:30:00+00:00,421,0.0,0.1258087559177516,0,0,0
2025-12-21 12:45:00+00:00,421,0.0,0.1160428052212214,0,0,0
2025-12-21 13:00:00+00:00,421,0.0,0.090269734893936,0,0,0
2025-12-21 13:15:00+00:00,421,0.0,0.0719410092285848,0,0,0
2025-12-21 13:30:00+00:00,421,0.0,0.0634127601719498,0,0,0
2025-12-21 13:45:00+00:00,421,0.0,0.0634532147761284,0,0,0
2025-12-21 14:00:00+00:00,421,0.0,0.0663778036609299,0,0,0
2025-12-21 14:15:00+00:00,421,0.0,0.0636234031109461,0,0,0
2025-12-21 14:30:00+00:00,421,0.0,0.0614932589530203,0,0,0
2025-12-21 14:45:00+00:00,421,0.0,0.0610928978702922,0,0,0
2025-12-21 15:00:00+00:00,421,0.0,0.0595437655275441,0,0,0
2025-12-21 15:15:00+00:00,421,0.0,0.0651285933836396,0,0,0
2025-12-21 15:30:00+00:00,421,0.0,0.0731225626678542,0,0,0
2025-12-21 15:45:00+00:00,421,0.0,0.078537202189131,0,0,0
2025-12-21 16:00:00+00:00,421,0.0,0.084215145384153,0,0,0
2025-12-21 16:15:00+00:00,421,0.0,0.0874958045350391,0,0,0
2025-12-21 16:30:00+00:00,421,0.0,0.0934663461171769,0,0,0
2025-12-21 16:45:00+00:00,421,0.0,0.1053837145134855,0,0,0
2025-12-21 17:00:00+00:00,421,0.0,0.1200785007345679,0,0,0
2025-12-21 17:15:00+00:00,421,0.0,0.1296582207532441,0,0,0
2025-12-21 17:30:00+00:00,421,0.0,0.1333699306865794,0,0,0
2025-12-21 17:45:00+00:00,421,0.0,0.1361553696828714,0,0,0
2025-12-21 18:00:00+00:00,421,0.0,0.1327983350292703,0,0,0
2025-12-21 18:15:00+00:00,421,0.0,0.1276846638132145,0,0,0
2025-12-21 18:30:00+00:00,421,0.0,0.124478287685517,0,0,0
2025-12-21 18:45:00+00:00,421,34.79999999944994,0.1288895832738621,0,0,0
2025-12-21 19:00:00+00:00,421,25.300000000243017,27.624698304685374,0,0,0
2025-12-21 19:15:00+00:00,421,17.49999999992724,20.421535622942937,0,0,0
2025-12-21 19:30:00+00:00,421,13.799999999719148,14.77766706202263,0,0,0
2025-12-21 19:45:00+00:00,421,10.900000000219734,11.441804116269896,0,0,0
2025-12-21 20:00:00+00:00,421,9.600000000318689,9.54255670416941,0,0,0
2025-12-21 20:15:00+00:00,421,8.60000000011496,8.940874678736332,0,0,0
2025-12-21 20:30:00+00:00,421,8.499999999912689,9.041274287641516,0,0,0
2025-12-21 20:45:00+00:00,421,9.000000000014552,9.364555399546296,0,0,0
2025-12-21 21:00:00+00:00,421,9.599999999409192,9.283765811269824,0,0,0
2025-12-21 21:15:00+00:00,421,8.800000000519503,9.16830139601396,0,0,0
2025-12-21 21:30:00+00:00,421,9.299999999711872,9.226334571947111,0,0,0
2025-12-21 21:45:00+00:00,421,8.89999999981228,9.215718725816256,0,0,0
2025-12-21 22:00:00+00:00,421,9.000000000014552,8.846018745589886,0,0,0
2025-12-21 22:15:00+00:00,421,8.60000000011496,8.779371180192925,0,0,0
2025-12-21 22:30:00+00:00,421,9.70000000052096,8.908811614952537,0,0,0
2025-12-21 22:45:00+00:00,421,8.699999999407737,9.151169219891148,0,0,0
2025-12-21 23:00:00+00:00,421,8.700000000317232,8.8228801069864,0,0,0
2025-12-21 23:15:00+00:00,421,9.200000000419095,8.660230627155677,0,0,0
2025-12-21 23:30:00+00:00,421,9.399999999914144,8.935157675923481,0,0,0
2025-12-21 23:45:00+00:00,421,9.299999999711872,8.942194335824347,0,0,0
2025-12-22 00:00:00+00:00,421,8.799999999610009,8.888027364562896,0,0,0
2025-12-22 00:15:00+00:00,421,0.5000000001018634,8.95265917468271,0,0,0
2025-12-22 00:30:00+00:00,421,0.0,5.298852901517204,0,0,0
2025-12-22 00:45:00+00:00,421,0.0,-0.0934799597349229,0,0,0
2025-12-22 01:00:00+00:00,421,0.0,0.1488549766754845,0,0,0
2025-12-22 01:15:00+00:00,421,0.0,0.2448063228540267,0,0,0
2025-12-22 01:30:00+00:00,421,0.0,0.205362386287268,0,0,0
2025-12-22 01:45:00+00:00,421,0.0,0.1438204709348456,0,0,0
2025-12-22 02:00:00+00:00,421,0.0,0.1503950416069521,0,0,0
2025-12-22 02:15:00+00:00,421,0.0,0.1583380938893563,0,0,0
2025-12-22 02:30:00+00:00,421,0.0,0.1426301988308838,0,0,0
2025-12-22 02:45:00+00:00,421,0.0,0.153754866233255,0,0,0
2025-12-22 03:00:00+00:00,421,0.0,0.153705344217796,0,0,0
2025-12-22 03:15:00+00:00,421,0.0,0.1437022458416015,0,0,0
2025-12-22 03:30:00+00:00,421,0.0,0.1319826167605429,0,0,0
2025-12-22 03:45:00+00:00,421,0.0,0.12724524311266,0,0,0
2025-12-22 04:00:00+00:00,421,0.0,0.126936602382508,0,0,0
2025-12-22 04:15:00+00:00,421,0.0,0.1263416407038207,0,0,0
2025-12-22 04:30:00+00:00,421,0.0,0.1213597956979315,0,0,0
2025-12-22 04:45:00+00:00,421,0.0,0.1173858283306152,0,0,0
2025-12-22 05:00:00+00:00,421,0.0,0.1128793249238171,0,0,0
2025-12-22 05:15:00+00:00,421,0.0,0.1144671681378044,0,0,0
2025-12-22 05:30:00+00:00,421,0.0,0.1182329337922389,0,0,0
2025-12-22 05:45:00+00:00,421,7.400000000416185,0.1134265083199839,0,0,0
2025-12-22 06:00:00+00:00,421,57.89999999979045,33.27891836182303,0,0,0
2025-12-22 06:15:00+00:00,421,1.5000000003055902,43.52055661406007,0,0,0
2025-12-22 06:30:00+00:00,421,0.0,24.028031500728613,0,0,0
2025-12-22 06:45:00+00:00,421,0.0,6.325877207284218,0,0,0
2025-12-22 07:00:00+00:00,421,0.0,6.196568249988185,0,0,0
2025-12-22 07:15:00+00:00,421,0.0,2.115594967155032,0,0,0
2025-12-22 07:30:00+00:00,421,0.0,0.7026994326680374,0,0,0
2025-12-22 07:45:00+00:00,421,0.0,1.5346895196866637,0,0,0
2025-12-22 08:00:00+00:00,421,0.0,6.636410236420685,0,0,0
2025-12-22 08:15:00+00:00,421,0.0,2.420730794099609,0,0,0
2025-12-22 08:30:00+00:00,421,0.0,1.6546545096573344,0,0,0
2025-12-22 08:45:00+00:00,421,0.0,1.1563824736748305,0,0,0
2025-12-22 09:00:00+00:00,421,7.39999999950669,0.3410753771740022,0,0,0
2025-12-22 09:15:00+00:00,421,12.700000000222644,6.644608745578611,0,0,0
2025-12-22 09:30:00+00:00,421,7.800000000315777,20.05469048228382,0,0,0
2025-12-22 09:45:00+00:00,421,4.100000000107684,5.817651246194391,0,0,0
2025-12-22 10:00:00+00:00,421,0.0,3.7079906319126064,0,0,0
2025-12-22 10:15:00+00:00,421,0.0,0.0713345389125024,0,0,0
2025-12-22 10:30:00+00:00,421,0.0,0.0760624964025158,0,0,0
2025-12-22 10:45:00+00:00,421,0.0,0.0852359266464732,0,0,0
2025-12-22 11:00:00+00:00,421,0.0,0.1024082086268736,0,0,0
2025-12-22 11:15:00+00:00,421,0.0,0.0780067586291757,0,0,0
2025-12-22 11:30:00+00:00,421,0.0,0.06374476692348,0,0,0
2025-12-22 11:45:00+00:00,421,0.0,0.0734092323629775,0,0,0
2025-12-22 12:00:00+00:00,421,0.0,0.075998675776959,0,0,0
2025-12-22 12:15:00+00:00,421,0.0,0.0829554727092301,0,0,0
2025-12-22 12:30:00+00:00,421,0.0,0.0914300147913529,0,0,0
2025-12-22 12:45:00+00:00,421,0.0,0.1181216836307497,0,0,0
2025-12-22 13:00:00+00:00,421,0.0,0.1113131039982695,0,0,0
2025-12-22 13:15:00+00:00,421,0.0,0.0959019922859649,0,0,0
2025-12-22 13:30:00+00:00,421,0.0,0.1097420006204927,0,0,0
2025-12-22 13:45:00+00:00,421,0.0,0.1072383488670958,0,0,0
2025-12-22 14:00:00+00:00,421,0.0,0.108091383020711,0,0,0
2025-12-22 14:15:00+00:00,421,0.0,0.107451781778793,0,0,0
2025-12-22 14:30:00+00:00,421,0.0,0.1099324162573998,0,0,0
2025-12-22 14:45:00+00:00,421,0.0,0.1261027492912179,0,0,0
2025-12-22 15:00:00+00:00,421,0.0,0.1217727116578171,0,0,0
2025-12-22 15:15:00+00:00,421,0.0,0.1218309523379703,0,0,0
2025-12-22 15:30:00+00:00,421,0.0,0.1300927590015703,0,0,0
2025-12-22 15:45:00+00:00,421,0.0,0.1322940474633958,0,0,0
2025-12-22 16:00:00+00:00,421,0.0,0.1322284831049005,0,0,0
2025-12-22 16:15:00+00:00,421,0.0,0.1293893371340955,0,0,0
2025-12-22 16:30:00+00:00,421,0.0,0.142840493023292,0,0,0
2025-12-22 16:45:00+00:00,421,0.0,0.1493299695279892,0,0,0
2025-12-22 17:00:00+00:00,421,0.0,0.1473037518532098,0,0,0
2025-12-22 17:15:00+00:00,421,0.0,0.1404180992248385,0,0,0
2025-12-22 17:30:00+00:00,421,0.0,0.1366617497282725,0,0,0
2025-12-22 17:45:00+00:00,421,10.89999999931024,0.1324855093400661,0,0,0
2025-12-22 18:00:00+00:00,421,9.900000000016009,28.32377339469072,0,0,0
2025-12-22 18:15:00+00:00,421,4.899999999906868,11.974514529045305,0,0,0
2025-12-22 18:30:00+00:00,421,2.6000000007115887,4.961397333300255,0,0,0
2025-12-22 18:45:00+00:00,421,0.0,0.6421493526111526,0,0,0
2025-12-22 19:00:00+00:00,421,0.0,0.1841174416552213,0,0,0
2025-12-22 19:15:00+00:00,421,0.0,0.1174824311354196,0,0,0
2025-12-22 19:30:00+00:00,421,0.0,0.1103038313733444,0,0,0
2025-12-22 19:45:00+00:00,421,0.0,0.0982856752131784,0,0,0
2025-12-22 20:00:00+00:00,421,0.0,0.1038150523618233,0,0,0
2025-12-22 20:15:00+00:00,421,0.0,0.0973552193170839,0,0,0
2025-12-22 20:30:00+00:00,421,0.0,0.0981102556795452,0,0,0
2025-12-22 20:45:00+00:00,421,0.0,0.1025166688156611,0,0,0
2025-12-22 21:00:00+00:00,421,0.0,0.1032542678487349,0,0,0
2025-12-22 21:15:00+00:00,421,0.0,0.1019530943298701,0,0,0
2025-12-22 21:30:00+00:00,421,0.0,0.104472090933128,0,0,0
2025-12-22 21:45:00+00:00,421,0.0,0.1131112414046651,0,0,0
2025-12-22 22:00:00+00:00,421,0.0,0.1211282279636707,0,0,0
2025-12-22 22:15:00+00:00,421,0.0,0.1120057147215236,0,0,0
2025-12-22 22:30:00+00:00,421,0.0,0.1036612551166289,0,0,0
2025-12-22 22:45:00+00:00,421,0.0,0.1004559252286956,0,0,0
2025-12-22 23:00:00+00:00,421,3.799999999500869,0.1010648367708926,0,0,0
2025-12-22 23:15:00+00:00,421,8.700000000317232,10.591152599341214,0,0,0
2025-12-22 23:30:00+00:00,421,6.400000000212458,11.876349339527778,0,0,0
2025-12-22 23:45:00+00:00,421,3.0999999999039574,4.135641483877421,0,0,0
2025-12-23 00:00:00+00:00,421,0.0,0.2371342466702977,0,0,0
2025-12-23 00:15:00+00:00,421,0.0,0.0504066049287121,0,0,0
2025-12-23 00:30:00+00:00,421,0.0,0.0806244505167645,0,0,0
2025-12-23 00:45:00+00:00,421,0.0,0.0825087283303336,0,0,0
2025-12-23 01:00:00+00:00,421,0.0,0.0632460593030099,0,0,0
2025-12-23 01:15:00+00:00,421,0.0,0.0571426452709422,0,0,0
2025-12-23 01:30:00+00:00,421,0.0,0.064034226591306,0,0,0
2025-12-23 01:45:00+00:00,421,0.0,0.0749594109454889,0,0,0
2025-12-23 02:00:00+00:00,421,0.0,0.087910115481276,0,0,0
2025-12-23 02:15:00+00:00,421,0.0,0.0914791880602248,0,0,0
2025-12-23 02:30:00+00:00,421,0.0,0.0962322553045558,0,0,0
2025-12-23 02:45:00+00:00,421,0.0,0.0942705557485092,0,0,0
2025-12-23 03:00:00+00:00,421,0.0,0.0901951031241594,0,0,0
2025-12-23 03:15:00+00:00,421,0.0,0.0937341834965623,0,0,0
2025-12-23 03:30:00+00:00,421,0.0,0.0958378229138201,0,0,0
2025-12-23 03:45:00+00:00,421,0.0,0.0899541192320301,0,0,0
2025-12-23 04:00:00+00:00,421,2.300000000104774,0.0839971787668147,0,0,0
2025-12-23 04:15:00+00:00,421,9.099999999307329,0.6866330261173661,0,0,0
2025-12-23 04:30:00+00:00,421,6.900000000314321,10.149707424844864,0,0,0
2025-12-23 04:45:00+00:00,421,3.800000000410364,3.168976363003828,0,0,0
2025-12-23 05:00:00+00:00,421,0.0,2.0727774304717537,0,0,0
2025-12-23 05:15:00+00:00,421,0.0,0.2641464136238296,0,0,0
2025-12-23 05:30:00+00:00,421,0.0,0.1708933197946445,0,0,0
2025-12-23 05:45:00+00:00,421,0.0,0.1156305867545111,0,0,0
2025-12-23 06:00:00+00:00,421,0.0,0.1111139696966683,0,0,0
2025-12-23 06:15:00+00:00,421,25.3999999995358,2.975035595587981,0,0,0
2025-12-23 06:30:00+00:00,421,20.30000000013388,20.905987877893,0,0,0
2025-12-23 06:45:00+00:00,421,0.0,18.232754608740255,0,0,0
2025-12-23 07:00:00+00:00,421,0.0,0.971461688004334,0,0,0
2025-12-23 07:15:00+00:00,421,0.0,0.5089616357662559,0,0,0
2025-12-23 07:30:00+00:00,421,0.0,0.4489566466260113,0,0,0
2025-12-23 10:00:00+00:00,421,0.0,0.3215877665975846,0,0,0
2025-12-23 10:15:00+00:00,421,0.0,0.8169108014341457,0,0,0
2025-12-23 10:30:00+00:00,421,5.500000000211003,3.137977848179115,0,0,0
2025-12-23 10:45:00+00:00,421,12.600000000020373,2.6103831990992905,0,0,0
2025-12-23 11:00:00+00:00,421,7.999999999810825,4.832714463315865,0,0,0
2025-12-23 11:15:00+00:00,421,4.799999999704596,11.379414746709262,0,0,0
2025-12-23 11:30:00+00:00,421,0.3999999998995918,4.4323545794048185,0,0,0
2025-12-23 11:45:00+00:00,421,0.0,2.8719267488159224,0,0,0
2025-12-23 12:00:00+00:00,421,0.0,1.4473651178490874,0,0,0
2025-12-23 12:15:00+00:00,421,0.0,0.8963946824861142,0,0,0
2025-12-23 12:30:00+00:00,421,0.0,1.1932986949736373,0,0,0
2025-12-23 12:45:00+00:00,421,0.0,0.5551151079345766,0,0,0
2025-12-23 13:00:00+00:00,421,0.0,0.2174349469151222,0,0,0
2025-12-23 13:15:00+00:00,421,0.0,0.1482432751605857,0,0,0
2025-12-23 13:30:00+00:00,421,0.0,0.1197367290785811,0,0,0
2025-12-23 13:45:00+00:00,421,0.0,0.1036476539997073,0,0,0
2025-12-23 14:00:00+00:00,421,11.000000000422006,0.1120747665458967,0,0,0
2025-12-23 14:15:00+00:00,421,34.70000000015716,22.079768453214207,0,0,0
2025-12-23 14:30:00+00:00,421,20.70000000003347,29.024798675614715,0,0,0
2025-12-23 14:45:00+00:00,421,16.499999999723514,16.523907488696864,0,0,0
2025-12-23 15:00:00+00:00,421,14.799999999922877,13.05630900689059,0,0,0
2025-12-23 15:15:00+00:00,421,13.799999999719148,12.514953166205068,0,0,0
2025-12-23 15:30:00+00:00,421,12.300000000323053,12.11820649311298,0,0,0
2025-12-23 15:45:00+00:00,421,12.300000000323053,12.395927350795183,0,0,0
2025-12-23 16:00:00+00:00,421,12.09999999991851,12.252788498815669,0,0,0
2025-12-23 16:15:00+00:00,421,10.800000000017462,11.873539837016931,0,0,0
2025-12-23 16:30:00+00:00,421,12.09999999991851,11.612503016092289,0,0,0
2025-12-23 16:45:00+00:00,421,11.499999999614374,11.910896874002644,0,0,0
2025-12-23 17:00:00+00:00,421,11.400000000321596,11.592500306805777,0,0,0
2025-12-23 17:15:00+00:00,421,11.399999999412104,11.201080389094855,0,0,0
2025-12-23 17:30:00+00:00,421,11.400000000321596,11.64562138705059,0,0,0
2025-12-23 17:45:00+00:00,421,12.20000000012078,11.428542678524432,0,0,0
2025-12-23 18:00:00+00:00,421,11.499999999614374,11.911207258465732,0,0,0
2025-12-23 18:15:00+00:00,421,11.400000000321596,12.212183933604903,0,0,0
2025-12-23 18:30:00+00:00,421,11.499999999614374,11.721881105898884,0,0,0
2025-12-23 18:45:00+00:00,421,11.60000000072614,10.48955853337301,0,0,0
2025-12-23 19:00:00+00:00,421,11.599999999816646,11.23967756894658,0,0,0
2025-12-23 19:15:00+00:00,421,12.300000000323053,11.355913411654528,0,0,0
2025-12-23 19:30:00+00:00,421,11.599999999816646,11.589368562447856,0,0,0
2025-12-23 19:45:00+00:00,421,11.499999999614374,11.274663826628824,0,0,0
2025-12-23 20:00:00+00:00,421,11.700000000018916,11.49865469252402,0,0,0
2025-12-23 20:15:00+00:00,421,11.599999999816646,11.857498888967164,0,0,0
2025-12-23 20:30:00+00:00,421,11.700000000018916,11.70425405836807,0,0,0
2025-12-23 20:45:00+00:00,421,11.700000000018916,11.589067245396048,0,0,0
2025-12-23 21:00:00+00:00,421,11.700000000018916,11.640093056141708,0,0,0
2025-12-23 21:15:00+00:00,421,12.300000000323053,11.775360697635897,0,0,0
2025-12-23 21:30:00+00:00,421,11.700000000018916,11.861134223397784,0,0,0
2025-12-23 21:45:00+00:00,421,11.700000000018916,11.973602905464949,0,0,0
2025-12-23 22:00:00+00:00,421,11.700000000018916,12.135747051490036,0,0,0
2025-12-23 22:15:00+00:00,421,11.700000000018916,12.116045659255333,0,0,0
2025-12-23 22:30:00+00:00,421,12.39999999961583,11.96589839584856,0,0,0
2025-12-23 22:45:00+00:00,421,16.9000000005326,11.883240572101553,0,0,0
2025-12-23 23:00:00+00:00,421,23.400000000037835,12.788717842595933,0,0,0
2025-12-23 23:15:00+00:00,421,16.29999999931897,16.283273040648282,0,0,0
2025-12-23 23:30:00+00:00,421,8.00000000072032,13.796291374144856,0,0,0
2025-12-23 23:45:00+00:00,421,11.499999999614374,9.09377146024086,0,0,0
2025-12-24 00:00:00+00:00,421,10.900000000219734,13.08224529062094,0,0,0
2025-12-24 00:15:00+00:00,421,10.900000000219734,13.12600949991664,0,0,0
2025-12-24 00:30:00+00:00,421,10.89999999931024,13.280490985915868,0,0,0
2025-12-24 00:45:00+00:00,421,11.599999999816646,13.358912236114987,0,0,0
2025-12-24 01:00:00+00:00,421,11.60000000072614,13.154984063919397,0,0,0
2025-12-24 01:15:00+00:00,421,12.20000000012078,12.33625122968718,0,0,0
2025-12-24 01:30:00+00:00,421,12.999999999919964,12.411961323913197,0,0,0
2025-12-24 01:45:00+00:00,421,12.899999999717693,13.264655100859695,0,0,0
2025-12-24 02:00:00+00:00,421,12.899999999717693,13.118634904572255,0,0,0
2025-12-24 02:15:00+00:00,421,12.900000000627188,13.42048205119443,0,0,0
2025-12-24 02:30:00+00:00,421,12.899999999717693,13.41616875339724,0,0,0
2025-12-24 02:45:00+00:00,421,12.79999999951542,13.403401140820018,0,0,0
2025-12-24 03:00:00+00:00,421,12.300000000323053,13.40556267217084,0,0,0
2025-12-24 03:15:00+00:00,421,12.899999999717693,13.357283589550237,0,0,0
2025-12-24 03:30:00+00:00,421,12.300000000323053,13.2000142233286,0,0,0
2025-12-24 03:45:00+00:00,421,12.999999999919964,13.134389880420072,0,0,0
2025-12-24 04:00:00+00:00,421,13.700000000426371,13.365381485317595,0,0,0
2025-12-24 04:15:00+00:00,421,12.999999999919964,13.801915959111955,0,0,0
2025-12-24 04:30:00+00:00,421,13.699999999516876,13.656957347437602,0,0,0
2025-12-24 04:45:00+00:00,421,13.100000000122236,13.607407432251264,0,0,0
2025-12-24 05:00:00+00:00,421,13.100000000122236,13.623038254313848,0,0,0
2025-12-24 05:15:00+00:00,421,13.700000000426371,13.948748734948833,0,0,0
2025-12-24 05:30:00+00:00,421,12.899999999717693,13.645561703936554,0,0,0
2025-12-24 05:45:00+00:00,421,13.699999999516876,13.465215078510878,0,0,0
2025-12-24 06:00:00+00:00,421,13.800000000628645,15.7571992754376,0,0,0
2025-12-24 06:15:00+00:00,421,30.29999999944266,19.918037619343124,0,0,0
2025-12-24 06:30:00+00:00,421,17.400000000634464,19.750054757946067,0,0,0
2025-12-24 06:45:00+00:00,421,8.199999999305874,14.080065077603908,0,0,0
2025-12-24 07:00:00+00:00,421,9.200000000419095,10.570284998517105,0,0,0
2025-12-24 07:15:00+00:00,421,10.59999999961292,9.989401870830353,0,0,0
2025-12-24 07:30:00+00:00,421,11.000000000422006,10.465831908022594,0,0,0
2025-12-24 07:45:00+00:00,421,11.999999999716238,11.666313219594478,0,0,0
2025-12-24 08:00:00+00:00,421,13.799999999719148,12.661878708634283,0,0,0
2025-12-24 08:15:00+00:00,421,13.900000000830914,15.001545631516572,0,0,0
2025-12-24 08:30:00+00:00,421,13.199999999415011,13.769245378772316,0,0,0
2025-12-24 08:45:00+00:00,421,14.000000000123691,13.558322745012974,0,0,0
2025-12-24 09:00:00+00:00,421,13.299999999617285,14.53505731330108,0,0,0
2025-12-24 09:15:00+00:00,421,13.30000000052678,14.169426508260482,0,0,0
2025-12-24 09:30:00+00:00,421,13.299999999617285,13.535706528797927,0,0,0
2025-12-24 09:45:00+00:00,421,13.400000000729053,13.430813320109689,0,0,0
2025-12-24 10:00:00+00:00,421,12.69999999931315,13.701845218239008,0,0,0
2025-12-24 10:15:00+00:00,421,12.700000000222644,13.854722469934623,0,0,0
2025-12-24 10:30:00+00:00,421,12.700000000222644,13.015294315692644,0,0,0
2025-12-24 10:45:00+00:00,421,11.800000000221187,12.64962096356834,0,0,0
2025-12-24 11:00:00+00:00,421,12.600000000020373,12.597945089183128,0,0,0
2025-12-24 11:15:00+00:00,421,11.799999999311694,12.855409350062946,0,0,0
2025-12-24 11:30:00+00:00,421,12.4999999998181,12.351251517919124,0,0,0
2025-12-24 11:45:00+00:00,421,11.700000000018916,12.16605731492384,0,0,0
2025-12-24 12:00:00+00:00,421,11.500000000523867,12.267761584813767,0,0,0
2025-12-24 12:15:00+00:00,421,10.59999999961292,12.33351496395976,0,0,0
2025-12-24 12:30:00+00:00,421,9.799999999813735,11.837826791445831,0,0,0
2025-12-24 12:45:00+00:00,421,10.00000000021828,11.051742217771643,0,0,0
2025-12-24 13:00:00+00:00,421,10.00000000021828,10.938000610659223,0,0,0
2025-12-24 13:15:00+00:00,421,10.00000000021828,10.697503568766212,0,0,0
2025-12-24 13:30:00+00:00,421,10.099999999511056,10.437254566383276,0,0,0
2025-12-24 13:45:00+00:00,421,10.800000000017462,10.313510209641253,0,0,0
2025-12-24 14:00:00+00:00,421,10.900000000219734,10.605035503506034,0,0,0
2025-12-24 14:15:00+00:00,421,10.10000000042055,10.777459303951396,0,0,0
2025-12-24 14:30:00+00:00,421,10.199999999713327,10.635834012162675,0,0,0
2025-12-24 14:45:00+00:00,421,10.99999999951251,10.458411278128626,0,0,0
2025-12-24 15:00:00+00:00,421,11.000000000422006,10.543250860528545,0,0,0
2025-12-24 15:15:00+00:00,421,11.700000000018916,10.826681397345254,0,0,0
2025-12-24 15:30:00+00:00,421,12.4999999998181,11.760191616055485,0,0,0
2025-12-24 15:45:00+00:00,421,13.100000000122236,12.600315868486597,0,0,0
2025-12-24 16:00:00+00:00,421,13.100000000122236,12.658752544221768,0,0,0
2025-12-24 16:15:00+00:00,421,12.999999999919964,12.744971070629614,0,0,0
2025-12-24 16:30:00+00:00,421,12.899999999717693,13.149734730280707,0,0,0
2025-12-24 16:45:00+00:00,421,12.20000000012078,13.35054022552966,0,0,0
2025-12-24 17:00:00+00:00,421,12.800000000424916,13.12406070398434,0,0,0
2025-12-24 17:15:00+00:00,421,12.79999999951542,13.020610608676176,0,0,0
2025-12-24 17:30:00+00:00,421,12.700000000222644,13.080642451303678,0,0,0
2025-12-24 17:45:00+00:00,421,13.500000000021828,12.954272730249132,0,0,0
2025-12-24 18:00:00+00:00,421,13.500000000021828,13.121430457219594,0,0,0
2025-12-24 18:15:00+00:00,421,13.299999999617285,13.26238266809397,0,0,0
2025-12-24 18:30:00+00:00,421,12.700000000222644,13.369129813642644,0,0,0
2025-12-24 18:45:00+00:00,421,13.399999999819556,13.12014776726988,0,0,0
2025-12-24 19:00:00+00:00,421,13.100000000122236,13.046584557038,0,0,0
2025-12-24 19:15:00+00:00,421,13.700000000426371,13.08963313833566,0,0,0
2025-12-24 19:30:00+00:00,421,13.699999999516876,13.217047006673903,0,0,0
2025-12-24 19:45:00+00:00,421,13.100000000122236,13.045815222065444,0,0,0
2025-12-24 20:00:00+00:00,421,13.799999999719148,12.90828770268269,0,0,0
2025-12-24 20:15:00+00:00,421,13.800000000628645,13.248332365567034,0,0,0
2025-12-24 20:30:00+00:00,421,13.799999999719148,13.523902851789224,0,0,0
2025-12-24 20:45:00+00:00,421,13.200000000324508,13.69601696526467,0,0,0
2025-12-24 21:00:00+00:00,421,26.899999999841384,13.690543038823476,0,0,0
2025-12-24 21:15:00+00:00,421,21.29999999942811,16.41592020028218,0,0,0
2025-12-24 21:30:00+00:00,421,11.700000000018916,16.4453851019873,0,0,0
2025-12-24 21:45:00+00:00,421,12.400000000525324,10.785287269859843,0,0,0
2025-12-24 22:00:00+00:00,421,12.700000000222644,13.993082796168904,0,0,0
2025-12-24 22:15:00+00:00,421,13.299999999617285,14.584615598405524,0,0,0
2025-12-24 22:30:00+00:00,421,12.4999999998181,14.626388464685222,0,0,0
2025-12-24 22:45:00+00:00,421,14.700000000630098,14.741252338316997,0,0,0
2025-12-24 23:00:00+00:00,421,14.799999999922877,14.857809027885668,0,0,0
2025-12-24 23:15:00+00:00,421,14.099999999416468,14.549387310591388,0,0,0
2025-12-24 23:30:00+00:00,421,15.600000000631551,14.344240617818224,0,0,0
2025-12-24 23:45:00+00:00,421,14.799999999922877,14.696060360491078,0,0,0
2025-12-25 00:00:00+00:00,421,14.799999999922877,14.792326276091764,0,0,0
2025-12-25 00:15:00+00:00,421,14.799999999922877,15.012044996287123,0,0,0
2025-12-25 00:30:00+00:00,421,14.900000000125146,15.145958803527698,0,0,0
2025-12-25 00:45:00+00:00,421,14.999999999417923,15.274278715500897,0,0,0
2025-12-25 01:00:00+00:00,421,15.69999999992433,15.427059713138297,0,0,0
2025-12-25 01:15:00+00:00,421,15.700000000833825,15.51041851752666,0,0,0
2025-12-25 01:30:00+00:00,421,14.999999999417923,15.399673341096117,0,0,0
2025-12-25 01:45:00+00:00,421,15.000000000327418,15.29053030648966,0,0,0
2025-12-25 02:00:00+00:00,421,15.800000000126602,15.423058892283724,0,0,0
2025-12-25 02:15:00+00:00,421,15.099999999620197,15.698761902209254,0,0,0
2025-12-25 02:30:00+00:00,421,15.199999999822468,15.792526607282657,0,0,0
2025-12-25 02:45:00+00:00,421,15.300000000024738,15.803099208836633,0,0,0
2025-12-25 03:00:00+00:00,421,16.300000000228465,15.828474010560717,0,0,0
2025-12-25 03:15:00+00:00,421,16.300000000228465,15.961438529589458,0,0,0
2025-12-25 03:30:00+00:00,421,15.800000000126602,15.8911493523233,0,0,0
2025-12-25 03:45:00+00:00,421,15.099999999620197,15.826360606239003,0,0,0
2025-12-25 04:00:00+00:00,421,15.199999999822468,15.88289661307098,0,0,0
2025-12-25 04:15:00+00:00,421,16.000000000531145,16.117975527976835,0,0,0
2025-12-25 04:30:00+00:00,421,16.099999999823922,16.211155036276008,0,0,0
2025-12-25 04:45:00+00:00,421,16.999999999825377,16.19771294779809,0,0,0
2025-12-25 05:00:00+00:00,421,16.200000000026193,16.382108521107448,0,0,0
2025-12-25 05:15:00+00:00,421,16.999999999825377,16.77776012991403,0,0,0
2025-12-25 05:30:00+00:00,421,16.300000000228465,16.626232527512972,0,0,0
2025-12-25 05:45:00+00:00,421,16.300000000228465,16.489508520268373,0,0,0
2025-12-25 06:00:00+00:00,421,16.29999999931897,18.370981016284844,0,0,0
2025-12-25 06:15:00+00:00,421,39.80000000046857,22.73476336951536,0,0,0
2025-12-25 06:30:00+00:00,421,22.100000000136788,24.43886195602006,0,0,0
2025-12-25 06:45:00+00:00,421,7.599999999911233,20.336366126271017,0,0,0
2025-12-25 07:00:00+00:00,421,10.199999999713327,13.773664695532178,0,0,0
2025-12-25 07:15:00+00:00,421,11.800000000221187,13.140411339004022,0,0,0
2025-12-25 07:30:00+00:00,421,15.499999999519789,13.01833538593775,0,0,0
2025-12-25 07:45:00+00:00,421,15.50000000042928,14.96844748786036,0,0,0
2025-12-25 08:00:00+00:00,421,17.10000000002765,16.18379935393355,0,0,0
2025-12-25 08:15:00+00:00,421,17.10000000002765,19.252626339959303,0,0,0
2025-12-25 08:30:00+00:00,421,16.80000000033033,17.35755133203456,0,0,0
2025-12-25 08:45:00+00:00,421,15.99999999962165,17.007083331135796,0,0,0
2025-12-25 09:00:00+00:00,421,16.599999999925785,17.96230023496024,0,0,0
2025-12-25 09:15:00+00:00,421,16.200000000026193,17.375595480484314,0,0,0
2025-12-25 09:30:00+00:00,421,16.400000000430737,16.95807188068093,0,0,0
2025-12-25 09:45:00+00:00,421,15.69999999992433,16.75532595941778,0,0,0
2025-12-25 10:00:00+00:00,421,16.599999999925785,16.861658794020215,0,0,0
2025-12-25 10:15:00+00:00,421,15.69999999992433,17.311022957284415,0,0,0
2025-12-25 10:30:00+00:00,421,14.900000000125146,16.246841577106437,0,0,0
2025-12-25 10:45:00+00:00,421,14.999999999417923,15.283300789725772,0,0,0
2025-12-25 11:00:00+00:00,421,15.10000000052969,15.550186090926845,0,0,0
2025-12-25 11:15:00+00:00,421,15.199999999822468,15.416918859859942,0,0,0
2025-12-25 11:30:00+00:00,421,14.400000000023285,14.671465356137183,0,0,0
2025-12-25 11:45:00+00:00,421,14.299999999821011,14.206266005309988,0,0,0
2025-12-25 12:00:00+00:00,421,12.700000000222644,14.466483969246612,0,0,0
2025-12-25 12:15:00+00:00,421,12.700000000222644,14.218020160303231,0,0,0
2025-12-25 12:30:00+00:00,421,12.69999999931315,13.64429784630258,0,0,0
2025-12-25 12:45:00+00:00,421,11.199999999917054,13.34068185698738,0,0,0
2025-12-25 13:00:00+00:00,421,11.90000000042346,12.28706610343162,0,0,0
2025-12-25 13:15:00+00:00,421,11.199999999917054,12.12378922848955,0,0,0
2025-12-25 13:30:00+00:00,421,11.300000000119326,11.80234461611582,0,0,0
2025-12-25 13:45:00+00:00,421,12.09999999991851,11.380720453933767,0,0,0
2025-12-25 14:00:00+00:00,421,11.300000000119326,11.4520516860041,0,0,0
2025-12-25 14:15:00+00:00,421,12.20000000012078,11.544394899985866,0,0,0
2025-12-25 14:30:00+00:00,421,12.20000000012078,11.687641863407585,0,0,0
2025-12-25 14:45:00+00:00,421,12.299999999413558,11.727786083122528,0,0,0
2025-12-25 15:00:00+00:00,421,12.300000000323053,12.41086277216181,0,0,0
2025-12-25 15:15:00+00:00,421,13.89999999992142,12.69299318169942,0,0,0
2025-12-25 15:30:00+00:00,421,14.699999999720603,13.188043845450954,0,0,0
2025-12-25 15:45:00+00:00,421,15.50000000042928,14.421852775933782,0,0,0
2025-12-25 16:00:00+00:00,421,15.40000000022701,14.923318981913413,0,0,0
2025-12-25 16:15:00+00:00,421,15.300000000024738,15.121936441070876,0,0,0
2025-12-25 16:30:00+00:00,421,15.199999999822468,15.38039881468481,0,0,0
2025-12-25 16:45:00+00:00,421,15.800000000126602,15.182778770768287,0,0,0
2025-12-25 17:00:00+00:00,421,15.599999999722058,15.277973336851431,0,0,0
2025-12-25 17:15:00+00:00,421,14.699999999720603,15.4343540967675,0,0,0
2025-12-25 17:30:00+00:00,421,15.40000000022701,15.42936144061739,0,0,0
2025-12-25 17:45:00+00:00,421,15.199999999822468,15.330316014712404,0,0,0
2025-12-25 18:00:00+00:00,421,15.69999999992433,15.287397864638562,0,0,0
2025-12-25 18:15:00+00:00,421,15.900000000328872,15.385934818018622,0,0,0
2025-12-25 18:30:00+00:00,421,15.800000000126602,15.623186424166107,0,0,0
2025-12-25 18:45:00+00:00,421,16.099999999823922,15.486914392499225,0,0,0
2025-12-25 19:00:00+00:00,421,15.300000000024738,15.436816247676957,0,0,0
2025-12-25 19:15:00+00:00,421,15.300000000024738,15.438649259742126,0,0,0
2025-12-25 19:30:00+00:00,421,16.200000000026193,15.486550998554796,0,0,0
2025-12-25 19:45:00+00:00,421,16.200000000026193,15.19937492338574,0,0,0
2025-12-25 20:00:00+00:00,421,16.399999999521242,15.160533620922598,0,0,0
2025-12-25 20:15:00+00:00,421,15.600000000631551,15.494607742224805,0,0,0
2025-12-25 20:30:00+00:00,421,16.399999999521242,15.652115651112457,0,0,0
2025-12-25 20:45:00+00:00,421,15.69999999992433,15.714280427870584,0,0,0
2025-12-25 21:00:00+00:00,421,15.600000000631551,15.66707269476752,0,0,0
2025-12-25 21:15:00+00:00,421,16.499999999723514,15.623855320121397,0,0,0
2025-12-25 21:30:00+00:00,421,15.800000000126602,15.691076224908604,0,0,0
2025-12-25 21:45:00+00:00,421,15.69999999992433,15.751601892704349,0,0,0
2025-12-25 22:00:00+00:00,421,16.599999999925785,15.799724039360468,0,0,0
2025-12-25 22:15:00+00:00,421,15.69999999992433,15.88080273855818,0,0,0
2025-12-25 22:30:00+00:00,421,16.599999999925785,15.97644997771221,0,0,0
2025-12-25 22:45:00+00:00,421,15.800000000126602,16.07109561666625,0,0,0
2025-12-25 23:00:00+00:00,421,16.599999999925785,16.132561505262544,0,0,0
2025-12-25 23:15:00+00:00,421,16.499999999723514,16.192434319446036,0,0,0
2025-12-25 23:30:00+00:00,421,16.50000000063301,16.265813391479583,0,0,0
2025-12-25 23:45:00+00:00,421,16.499999999723514,16.393264226956127,0,0,0
2025-12-26 00:00:00+00:00,421,16.499999999723514,16.55104415818222,0,0,0
2025-12-26 00:15:00+00:00,421,16.50000000063301,16.57072881058071,0,0,0
2025-12-26 00:30:00+00:00,421,17.199999999320426,16.538518575736887,0,0,0
2025-12-26 00:45:00+00:00,421,16.50000000063301,16.464497809981893,0,0,0
2025-12-26 01:00:00+00:00,421,16.399999999521242,16.3959677105043,0,0,0
2025-12-26 01:15:00+00:00,421,17.20000000022992,16.315172891029015,0,0,0
2025-12-26 01:30:00+00:00,421,17.20000000022992,16.23702226818198,0,0,0
2025-12-26 01:45:00+00:00,421,16.399999999521242,16.236663756689786,0,0,0
2025-12-26 02:00:00+00:00,421,16.400000000430737,16.27279250819347,0,0,0
2025-12-26 02:15:00+00:00,421,16.29999999931897,16.323358670936486,0,0,0
2025-12-26 02:30:00+00:00,421,17.20000000022992,16.220731617575392,0,0,0
2025-12-26 02:45:00+00:00,421,16.499999999723514,16.141585671966947,0,0,0
2025-12-26 03:00:00+00:00,421,13.400000000729053,16.132268558128843,0,0,0
2025-12-26 03:15:00+00:00,421,16.599999999925785,16.229186629848602,0,0,0
2025-12-26 03:30:00+00:00,421,18.500000000130967,16.249969136505307,0,0,0
2025-12-26 03:45:00+00:00,421,16.899999999623105,16.334391617986284,0,0,0
2025-12-26 04:00:00+00:00,421,16.999999999825377,16.492280358147745,0,0,0
2025-12-26 04:15:00+00:00,421,16.200000000026193,16.827446753762757,0,0,0
2025-12-26 04:30:00+00:00,421,15.50000000042928,16.809145927824424,0,0,0
2025-12-26 04:45:00+00:00,421,18.000000000029104,17.89482474516398,0,0,0
2025-12-26 05:00:00+00:00,421,18.000000000029104,18.06097040953681,0,0,0
2025-12-26 05:15:00+00:00,421,17.10000000002765,18.548686932548144,0,0,0
2025-12-26 05:30:00+00:00,421,16.29999999931897,17.8243570096449,0,0,0
2025-12-26 05:45:00+00:00,421,17.10000000002765,17.15135839949817,0,0,0
2025-12-26 06:00:00+00:00,421,17.10000000002765,18.23211431000517,0,0,0
2025-12-26 06:15:00+00:00,421,40.30000000057044,20.75442540083317,0,0,0
2025-12-26 06:30:00+00:00,421,22.7999999997337,26.018890456469784,0,0,0
2025-12-26 06:45:00+00:00,421,7.599999999911233,20.08770841422485,0,0,0
2025-12-26 07:00:00+00:00,421,10.900000000219734,13.921109172883954,0,0,0
2025-12-26 07:15:00+00:00,421,13.500000000021828,13.960824434295976,0,0,0
2025-12-26 07:30:00+00:00,421,15.499999999519789,15.007880264536311,0,0,0
2025-12-26 07:45:00+00:00,421,16.50000000063301,16.04541112797225,0,0,0
2025-12-26 08:00:00+00:00,421,16.499999999723514,16.79825666436878,0,0,0
2025-12-26 08:15:00+00:00,421,16.399999999521242,18.02341040203704,0,0,0
2025-12-26 08:30:00+00:00,421,17.300000000432192,17.07819694533537,0,0,0
2025-12-26 08:45:00+00:00,421,18.10000000023137,17.01110089182658,0,0,0
2025-12-26 09:00:00+00:00,421,17.299999999522697,18.605218754421067,0,0,0
2025-12-26 09:15:00+00:00,421,16.400000000430737,18.053625806398976,0,0,0
2025-12-26 09:30:00+00:00,421,15.499999999519789,17.263444157811996,0,0,0
2025-12-26 09:45:00+00:00,421,16.300000000228465,16.628838362016577,0,0,0
2025-12-26 10:00:00+00:00,421,15.50000000042928,16.715607908033057,0,0,0
2025-12-26 10:15:00+00:00,421,15.599999999722058,16.579393070806564,0,0,0
2025-12-26 10:30:00+00:00,421,15.599999999722058,15.39390646752122,0,0,0
2025-12-26 10:45:00+00:00,421,13.89999999992142,14.390411178569344,0,0,0
2025-12-26 11:00:00+00:00,421,14.799999999922877,14.372196841784772,0,0,0
2025-12-26 11:15:00+00:00,421,13.200000000324508,14.686068073259104,0,0,0
2025-12-26 11:30:00+00:00,421,13.200000000324508,13.867312919245274,0,0,0
2025-12-26 11:45:00+00:00,421,12.39999999961583,13.50120084391359,0,0,0
2025-12-26 12:00:00+00:00,421,12.400000000525324,13.179347500539029,0,0,0
2025-12-26 12:15:00+00:00,421,11.499999999614374,12.96932044801701,0,0,0
2025-12-26 12:30:00+00:00,421,11.599999999816646,12.165931766152251,0,0,0
2025-12-26 12:45:00+00:00,421,9.900000000016009,11.073386128500069,0,0,0
2025-12-26 13:00:00+00:00,421,10.800000000017462,11.24786334885405,0,0,0
2025-12-26 13:15:00+00:00,421,9.100000000216824,10.727107969106427,0,0,0
2025-12-26 13:30:00+00:00,421,10.00000000021828,10.08818434180818,0,0,0
2025-12-26 13:45:00+00:00,421,9.999999999308784,9.755183662503043,0,0,0
2025-12-26 14:00:00+00:00,421,8.400000000619912,9.923020747826424,0,0,0
2025-12-26 14:15:00+00:00,421,9.1999999995096,9.150902777498114,0,0,0
2025-12-26 14:30:00+00:00,421,5.000000000109139,9.013733072114384,0,0,0
2025-12-26 14:45:00+00:00,421,0.0,7.545226057999514,0,0,0
2025-12-26 15:00:00+00:00,421,0.0,1.4266642178939173,0,0,0
2025-12-26 15:15:00+00:00,421,0.0,0.0902826385176833,0,0,0
2025-12-26 15:30:00+00:00,421,0.0,0.9838882264187454,0,0,0
2025-12-26 15:45:00+00:00,421,20.30000000013388,2.01272518616887,0,0,0
2025-12-26 16:00:00+00:00,421,35.39999999975407,26.616561198650658,0,0,0
2025-12-26 16:15:00+00:00,421,24.10000000054424,23.73834026516876,0,0,0
2025-12-26 16:30:00+00:00,421,18.90000000003056,19.326479707352185,0,0,0
2025-12-26 16:45:00+00:00,421,14.299999999821011,17.38324977059207,0,0,0
2025-12-26 17:00:00+00:00,421,10.99999999951251,16.294618464640696,0,0,0
2025-12-26 17:15:00+00:00,421,13.500000000021828,14.880755158372718,0,0,0
2025-12-26 17:30:00+00:00,421,13.200000000324508,15.096048981862811,0,0,0
2025-12-26 17:45:00+00:00,421,12.899999999717693,14.60585775306487,0,0,0
2025-12-26 18:00:00+00:00,421,13.200000000324508,14.176354010479384,0,0,0
2025-12-26 18:15:00+00:00,421,13.799999999719148,13.831823768983506,0,0,0
2025-12-26 18:30:00+00:00,421,14.900000000125146,14.253929898949815,0,0,0
2025-12-26 18:45:00+00:00,421,14.000000000123691,13.928310092427644,0,0,0
2025-12-26 19:00:00+00:00,421,15.300000000024738,13.93680555930503,0,0,0
2025-12-26 19:15:00+00:00,421,15.199999999822468,14.555669631622964,0,0,0
2025-12-26 19:30:00+00:00,421,14.400000000023285,14.71024248922818,0,0,0
2025-12-26 19:45:00+00:00,421,13.89999999992142,14.31518584210029,0,0,0
2025-12-26 20:00:00+00:00,421,15.000000000327418,14.08675124718409,0,0,0
2025-12-26 20:15:00+00:00,421,15.099999999620197,14.027742627045024,0,0,0
2025-12-26 20:30:00+00:00,421,15.300000000024738,14.35579249979058,0,0,0
2025-12-26 20:45:00+00:00,421,15.300000000024738,14.39309582980178,0,0,0
2025-12-26 21:00:00+00:00,421,14.600000000427826,14.475649029572462,0,0,0
2025-12-26 21:15:00+00:00,421,14.599999999518332,14.475546498075667,0,0,0
2025-12-26 21:30:00+00:00,421,14.700000000630098,14.545622242430127,0,0,0
2025-12-26 21:45:00+00:00,421,15.499999999519789,14.65360185841988,0,0,0
2025-12-26 22:00:00+00:00,421,14.799999999922877,14.725755434944109,0,0,0
2025-12-26 22:15:00+00:00,421,14.799999999922877,14.569853852839596,0,0,0
2025-12-26 22:30:00+00:00,421,15.000000000327418,14.46393602667657,0,0,0
2025-12-26 22:45:00+00:00,421,15.099999999620197,14.448060384509397,0,0,0
2025-12-26 23:00:00+00:00,421,15.199999999822468,14.53192905640904,0,0,0
2025-12-26 23:15:00+00:00,421,14.500000000225556,14.664140980301434,0,0,0
2025-12-26 23:30:00+00:00,421,15.199999999822468,14.728929726385733,0,0,0
2025-12-26 23:45:00+00:00,421,15.20000000073196,14.841077561592172,0,0,0
2025-12-27 00:00:00+00:00,421,15.199999999822468,14.843462988252323,0,0,0
2025-12-27 00:15:00+00:00,421,15.300000000024738,14.589440158700343,0,0,0
2025-12-27 00:30:00+00:00,421,14.500000000225556,14.76478645555098,0,0,0
2025-12-27 00:45:00+00:00,421,15.199999999822468,14.90719572966894,0,0,0
2025-12-27 01:00:00+00:00,421,15.199999999822468,14.989827746168451,0,0,0
2025-12-27 01:15:00+00:00,421,15.199999999822468,15.125050050606234,0,0,0
2025-12-27 01:30:00+00:00,421,15.199999999822468,15.16987305454232,0,0,0
2025-12-27 01:45:00+00:00,421,15.10000000052969,15.164839943788031,0,0,0
2025-12-27 02:00:00+00:00,421,15.89999999941938,15.140216342213945,0,0,0
2025-12-27 02:15:00+00:00,421,22.20000000033906,15.13687813987608,0,0,0
2025-12-27 02:30:00+00:00,421,25.40000000044529,15.834146025063747,0,0,0
2025-12-27 02:45:00+00:00,421,19.999999999527063,17.963407854122906,0,0,0
2025-12-27 03:00:00+00:00,421,9.500000000116415,17.502777781088298,0,0,0
2025-12-27 03:15:00+00:00,421,14.599999999518332,14.607376195707896,0,0,0
2025-12-27 03:30:00+00:00,421,13.900000000830914,15.325158052679704,0,0,0
2025-12-27 03:45:00+00:00,421,13.699999999516876,15.439333500547276,0,0,0
2025-12-27 04:00:00+00:00,421,14.400000000023285,15.717161074685327,0,0,0
2025-12-27 04:15:00+00:00,421,15.300000000024738,15.925354417649004,0,0,0
2025-12-27 04:30:00+00:00,421,16.099999999823922,15.596087419312228,0,0,0
2025-12-27 04:45:00+00:00,421,15.40000000022701,15.362991477504272,0,0,0
2025-12-27 05:00:00+00:00,421,15.499999999519789,15.414220258763995,0,0,0
2025-12-27 05:15:00+00:00,421,15.300000000024738,16.139230935006516,0,0,0
2025-12-27 05:30:00+00:00,421,15.800000000126602,15.649530741404114,0,0,0
2025-12-27 05:45:00+00:00,421,14.400000000023285,15.65735591733986,0,0,0
2025-12-27 06:00:00+00:00,421,15.300000000024738,15.567986814258354,0,0,0
2025-12-27 06:15:00+00:00,421,15.300000000024738,15.940050598856438,0,0,0
2025-12-27 06:30:00+00:00,421,16.200000000026193,15.760213143448864,0,0,0
2025-12-27 06:45:00+00:00,421,20.70000000003347,15.541417904217845,0,0,0
2025-12-27 07:30:00+00:00,421,11.899999999513966,18.87045866922117,0,0,0
2025-12-27 07:45:00+00:00,421,12.700000000222644,14.265657549202391,0,0,0
2025-12-27 08:00:00+00:00,421,15.499999999519789,14.311826017473988,0,0,0
2025-12-27 08:15:00+00:00,421,15.40000000022701,14.750215823115132,0,0,0
2025-12-27 08:30:00+00:00,421,15.40000000022701,15.0244582823312,0,0,0
2025-12-27 08:45:00+00:00,421,16.099999999823922,15.01797717574461,0,0,0
2025-12-27 09:00:00+00:00,421,15.199999999822468,14.911005437393433,0,0,0
2025-12-27 09:15:00+00:00,421,14.600000000427826,14.863914185650671,0,0,0
2025-12-27 09:30:00+00:00,421,14.900000000125146,14.52068825639295,0,0,0
2025-12-27 09:45:00+00:00,421,14.900000000125146,15.006683366247184,0,0,0
2025-12-27 10:00:00+00:00,421,13.999999999214197,15.047022884051264,0,0,0
2025-12-27 10:15:00+00:00,421,14.200000000528236,14.69086682630643,0,0,0
2025-12-27 10:30:00+00:00,421,14.19999999961874,14.207211108562769,0,0,0
2025-12-27 10:45:00+00:00,421,12.800000000424916,13.782012991349538,0,0,0
2025-12-27 11:00:00+00:00,421,13.699999999516876,13.152530282928044,0,0,0
2025-12-27 11:15:00+00:00,421,14.400000000023285,13.0832706055889,0,0,0
2025-12-27 11:30:00+00:00,421,12.800000000424916,13.119475383848712,0,0,0
2025-12-27 11:45:00+00:00,421,12.700000000222644,13.05125148387516,0,0,0
2025-12-27 12:00:00+00:00,421,11.999999999716238,12.882114968765851,0,0,0
2025-12-27 12:15:00+00:00,421,17.10000000002765,12.813530464820577,0,0,0
2025-12-27 12:30:00+00:00,421,22.60000000023865,13.031918368037111,0,0,0
2025-12-27 12:45:00+00:00,421,16.399999999521242,14.686857635533752,0,0,0
2025-12-27 13:00:00+00:00,421,11.099999999714782,13.887507439155042,0,0,0
2025-12-27 13:15:00+00:00,421,7.800000000315777,12.946505446246949,0,0,0
2025-12-27 13:30:00+00:00,421,12.09999999991851,9.418852453284972,0,0,0
2025-12-27 13:45:00+00:00,421,11.300000000119326,12.76723086783199,0,0,0
2025-12-27 14:00:00+00:00,421,11.300000000119326,13.476479593294934,0,0,0
2025-12-27 14:15:00+00:00,421,11.999999999716238,13.837386277057986,0,0,0
2025-12-27 14:30:00+00:00,421,11.199999999917054,13.591391593955816,0,0,0
2025-12-27 14:45:00+00:00,421,12.700000000222644,12.313814269218232,0,0,0
2025-12-27 15:00:00+00:00,421,13.399999999819556,12.394345436273188,0,0,0
2025-12-27 15:15:00+00:00,421,12.600000000020373,12.854716041846515,0,0,0
2025-12-27 15:30:00+00:00,421,12.20000000012078,13.183479450110593,0,0,0
2025-12-27 15:45:00+00:00,421,13.100000000122236,12.701586297621375,0,0,0
2025-12-27 16:00:00+00:00,421,12.20000000012078,13.043257514590946,0,0,0
2025-12-27 16:15:00+00:00,421,12.20000000012078,13.150889778979309,0,0,0
2025-12-27 16:30:00+00:00,421,12.69999999931315,13.003072840271823,0,0,0
2025-12-27 16:45:00+00:00,421,12.500000000727596,12.741302954019748,0,0,0
2025-12-27 17:00:00+00:00,421,12.39999999961583,12.616301017082325,0,0,0
2025-12-27 17:15:00+00:00,421,12.899999999717693,12.710867839307532,0,0,0
2025-12-27 17:30:00+00:00,421,12.999999999919964,13.00529086856986,0,0,0
2025-12-27 17:45:00+00:00,421,12.900000000627188,12.888500518787405,0,0,0
2025-12-27 18:00:00+00:00,421,12.20000000012078,12.888494241348823,0,0,0
2025-12-27 18:15:00+00:00,421,12.999999999919964,12.905859031445656,0,0,0
2025-12-27 18:30:00+00:00,421,10.800000000017462,12.914101308300344,0,0,0
2025-12-27 18:45:00+00:00,421,12.39999999961583,11.904875415418696,0,0,0
2025-12-27 19:00:00+00:00,421,26.800000000548607,11.939273686354008,0,0,0
2025-12-27 19:15:00+00:00,421,19.4999999994252,18.89683786111795,0,0,0
2025-12-27 19:30:00+00:00,421,15.900000000328872,16.673516984865337,0,0,0
2025-12-27 19:45:00+00:00,421,7.300000000213913,14.46475627865094,0,0,0
2025-12-27 20:00:00+00:00,421,11.499999999614374,11.320357999541088,0,0,0
2025-12-27 20:15:00+00:00,421,11.499999999614374,13.069596949376724,0,0,0
2025-12-27 20:30:00+00:00,421,11.500000000523867,13.298122218405735,0,0,0
2025-12-27 20:45:00+00:00,421,11.399999999412104,13.489990733597224,0,0,0
2025-12-27 21:00:00+00:00,421,11.500000000523867,13.387705451892115,0,0,0
2025-12-27 21:15:00+00:00,421,11.499999999614374,12.515474891100329,0,0,0
2025-12-27 21:30:00+00:00,421,12.900000000627188,12.10197024697408,0,0,0
2025-12-27 21:45:00+00:00,421,12.20000000012078,12.170563120837462,0,0,0
2025-12-27 22:00:00+00:00,421,10.89999999931024,12.715501983965444,0,0,0
2025-12-27 22:15:00+00:00,421,11.500000000523867,12.03703363233658,0,0,0
2025-12-27 22:30:00+00:00,421,10.89999999931024,11.888921654015864,0,0,0
2025-12-27 22:45:00+00:00,421,12.300000000323053,11.863338999325489,0,0,0
2025-12-27 23:00:00+00:00,421,11.599999999816646,11.973240209013696,0,0,0
2025-12-27 23:15:00+00:00,421,12.400000000525324,11.821523585962083,0,0,0
2025-12-27 23:30:00+00:00,421,11.499999999614374,11.83722345984904,0,0,0
2025-12-27 23:45:00+00:00,421,11.599999999816646,11.77649482153923,0,0,0
2025-12-28 00:00:00+00:00,421,11.60000000072614,11.806809269932089,0,0,0
2025-12-28 00:15:00+00:00,421,11.499999999614374,11.879589892821071,0,0,0
2025-12-28 00:30:00+00:00,421,11.499999999614374,11.790517921832324,0,0,0
2025-12-28 00:45:00+00:00,421,11.500000000523867,11.769441073055567,0,0,0
2025-12-28 01:00:00+00:00,421,11.499999999614374,11.705678339432406,0,0,0
2025-12-28 01:15:00+00:00,421,22.700000000440923,11.690679446186811,0,0,0
2025-12-28 01:30:00+00:00,421,19.29999999993015,13.66930716160271,0,0,0
2025-12-28 01:45:00+00:00,421,14.900000000125146,14.468009386821391,0,0,0
2025-12-28 02:00:00+00:00,421,9.099999999307329,13.90627070306872,0,0,0
2025-12-28 02:15:00+00:00,421,9.000000000014552,12.963424538204649,0,0,0
2025-12-28 02:30:00+00:00,421,11.400000000321596,12.531374945528649,0,0,0
2025-12-28 02:45:00+00:00,421,11.300000000119326,12.693516999074207,0,0,0
2025-12-28 03:00:00+00:00,421,11.300000000119326,12.750697489600332,0,0,0
2025-12-28 03:15:00+00:00,421,11.300000000119326,12.899857102670625,0,0,0
2025-12-28 03:30:00+00:00,421,10.499999999410647,11.517975950978084,0,0,0
2025-12-28 03:45:00+00:00,421,11.199999999917054,11.385475962404216,0,0,0
2025-12-28 04:00:00+00:00,421,11.90000000042346,11.664605756300894,0,0,0
2025-12-28 04:15:00+00:00,421,11.90000000042346,11.895047736576135,0,0,0
2025-12-28 04:30:00+00:00,421,11.099999999714782,11.831192236360636,0,0,0
2025-12-28 04:45:00+00:00,421,11.099999999714782,11.691591767260345,0,0,0
2025-12-28 05:00:00+00:00,421,11.800000000221187,11.718789816145144,0,0,0
2025-12-28 05:15:00+00:00,421,12.4999999998181,11.879637322357006,0,0,0
2025-12-28 05:30:00+00:00,421,13.89999999992142,12.05907929913408,0,0,0
2025-12-28 05:45:00+00:00,421,14.500000000225556,12.48033797489218,0,0,0
2025-12-28 06:00:00+00:00,421,13.100000000122236,12.986100041339611,0,0,0
2025-12-28 06:15:00+00:00,421,13.699999999516876,14.176887592758629,0,0,0
2025-12-28 06:30:00+00:00,421,14.300000000730506,13.952364539570535,0,0,0
2025-12-28 06:45:00+00:00,421,13.599999999314605,14.598732860277307,0,0,0
2025-12-28 07:00:00+00:00,421,13.700000000426371,16.16645130367293,0,0,0
2025-12-28 07:15:00+00:00,421,14.19999999961874,13.210599379759737,0,0,0
2025-12-28 07:30:00+00:00,421,14.200000000528236,12.8807053350582,0,0,0
2025-12-28 07:45:00+00:00,421,14.19999999961874,13.825392184412374,0,0,0
2025-12-28 08:00:00+00:00,421,14.799999999922877,14.23688665320688,0,0,0
2025-12-28 08:15:00+00:00,421,15.599999999722058,14.886644093253324,0,0,0
2025-12-28 08:30:00+00:00,421,15.10000000052969,15.035505179244506,0,0,0
2025-12-28 08:45:00+00:00,421,15.499999999519789,14.897862573487798,0,0,0
2025-12-28 09:00:00+00:00,421,15.800000000126602,14.951816460584135,0,0,0
2025-12-28 09:15:00+00:00,421,24.69999999993888,15.094063218792211,0,0,0
2025-12-28 09:30:00+00:00,421,22.700000000440923,17.18209413376902,0,0,0
2025-12-28 09:45:00+00:00,421,14.19999999961874,18.48389121153209,0,0,0
2025-12-28 10:00:00+00:00,421,9.300000000621369,14.45702875175976,0,0,0
2025-12-28 10:15:00+00:00,421,12.4999999998181,10.411826057684682,0,0,0
2025-12-28 10:30:00+00:00,421,11.899999999513966,13.062849400397097,0,0,0
2025-12-28 10:45:00+00:00,421,11.90000000042346,13.34682956183609,0,0,0
2025-12-28 11:00:00+00:00,421,13.299999999617285,12.84218348446943,0,0,0
2025-12-28 11:15:00+00:00,421,12.700000000222644,13.310077948926695,0,0,0
2025-12-28 11:30:00+00:00,421,13.700000000426371,12.183090098269144,0,0,0
2025-12-28 11:45:00+00:00,421,12.09999999991851,11.761670301587507,0,0,0
2025-12-28 12:00:00+00:00,421,12.79999999951542,12.306649619319668,0,0,0
2025-12-28 12:15:00+00:00,421,12.899999999717693,12.964486122817734,0,0,0
2025-12-28 12:30:00+00:00,421,11.500000000523867,12.173547694135356,0,0,0
2025-12-28 12:45:00+00:00,421,11.599999999816646,11.888971176031324,0,0,0
2025-12-28 13:00:00+00:00,421,12.400000000525324,12.03390467795136,0,0,0
2025-12-28 13:15:00+00:00,421,12.299999999413558,11.914892812404988,0,0,0
2025-12-28 13:30:00+00:00,421,12.4999999998181,12.016876777058286,0,0,0
2025-12-28 13:45:00+00:00,421,12.600000000020373,11.814081333779678,0,0,0
2025-12-28 14:00:00+00:00,421,12.500000000727596,12.33341591992884,0,0,0
2025-12-28 14:15:00+00:00,421,12.4999999998181,12.735557702733292,0,0,0
2025-12-28 14:30:00+00:00,421,13.199999999415011,12.73811959516684,0,0,0
2025-12-28 14:45:00+00:00,421,12.300000000323053,13.02541284918938,0,0,0
2025-12-28 15:00:00+00:00,421,12.999999999919964,13.193637740718332,0,0,0
2025-12-28 15:15:00+00:00,421,12.20000000012078,13.103624851435852,0,0,0
2025-12-28 15:30:00+00:00,421,13.100000000122236,12.833893080585636,0,0,0
2025-12-28 15:45:00+00:00,421,13.799999999719148,12.640446138338032,0,0,0
2025-12-28 16:00:00+00:00,421,12.899999999717693,13.191150480054558,0,0,0
2025-12-28 16:15:00+00:00,421,13.700000000426371,13.49194162200905,0,0,0
2025-12-28 16:30:00+00:00,421,13.500000000021828,13.82670068160958,0,0,0
2025-12-28 16:45:00+00:00,421,13.399999999819556,13.805715204438814,0,0,0
2025-12-28 17:00:00+00:00,421,13.30000000052678,13.93475981182134,0,0,0
2025-12-28 17:15:00+00:00,421,13.999999999214197,13.799682585964057,0,0,0
2025-12-28 17:30:00+00:00,421,13.30000000052678,13.860068755124704,0,0,0
2025-12-28 17:45:00+00:00,421,29.99999999974534,13.495108241025743,0,0,0
2025-12-28 18:00:00+00:00,421,21.499999999832653,20.62852927764478,0,0,0
2025-12-28 18:15:00+00:00,421,12.400000000525324,19.60338728799178,0,0,0
2025-12-28 18:30:00+00:00,421,6.300000000010186,14.969661823478878,0,0,0
2025-12-28 18:45:00+00:00,421,12.600000000020373,9.365844018188,0,0,0
2025-12-28 19:00:00+00:00,421,12.600000000020373,13.452087559455109,0,0,0
2025-12-28 19:15:00+00:00,421,11.199999999917054,13.993863988525446,0,0,0
2025-12-28 19:30:00+00:00,421,10.40000000011787,13.342924995039734,0,0,0
2025-12-28 19:45:00+00:00,421,11.300000000119326,12.880347521059178,0,0,0
2025-12-28 20:00:00+00:00,421,12.79999999951542,10.565094254305157,0,0,0
2025-12-28 20:15:00+00:00,421,12.20000000012078,12.201669921477668,0,0,0
2025-12-28 20:30:00+00:00,421,12.09999999991851,12.613976272328438,0,0,0
2025-12-28 20:45:00+00:00,421,12.20000000012078,13.073100457597176,0,0,0
2025-12-28 21:00:00+00:00,421,12.300000000323053,12.768955070961786,0,0,0
2025-12-28 21:15:00+00:00,421,12.299999999413558,12.644476253905976,0,0,0
2025-12-28 21:30:00+00:00,421,12.300000000323053,12.800656135787504,0,0,0
2025-12-28 21:45:00+00:00,421,13.100000000122236,12.960560631226114,0,0,0
2025-12-28 22:00:00+00:00,421,12.20000000012078,12.914842046052708,0,0,0
2025-12-28 22:15:00+00:00,421,12.999999999919964,12.74426939249508,0,0,0
2025-12-28 22:30:00+00:00,421,12.999999999919964,12.829065730318115,0,0,0
2025-12-28 22:45:00+00:00,421,12.299999999413558,13.079805459493098,0,0,0
2025-12-28 23:00:00+00:00,421,12.999999999919964,13.106038875316202,0,0,0
2025-12-28 23:15:00+00:00,421,13.00000000082946,13.049697469080185,0,0,0
2025-12-28 23:30:00+00:00,421,12.999999999919964,13.10260930137235,0,0,0
2025-12-28 23:45:00+00:00,421,12.999999999919964,13.225066085712434,0,0,0
2025-12-29 00:00:00+00:00,421,12.39999999961583,13.181029854078297,0,0,0
2025-12-29 00:15:00+00:00,421,12.20000000012078,13.24227324235161,0,0,0
2025-12-29 00:30:00+00:00,421,12.999999999919964,12.659481424590147,0,0,0
2025-12-29 00:45:00+00:00,421,12.400000000525324,12.44070920263392,0,0,0
2025-12-29 01:00:00+00:00,421,13.199999999415011,12.613398050485962,0,0,0
2025-12-29 01:15:00+00:00,421,13.100000000122236,12.660171942833877,0,0,0
2025-12-29 01:30:00+00:00,421,12.39999999961583,12.850940511287623,0,0,0
2025-12-29 01:45:00+00:00,421,13.200000000324508,12.974429585527425,0,0,0
2025-12-29 02:00:00+00:00,421,12.999999999919964,13.114360666392894,0,0,0
2025-12-29 02:15:00+00:00,421,12.300000000323053,13.241138420955098,0,0,0
2025-12-29 03:00:00+00:00,421,12.400000000525324,13.164609469741066,0,0,0
2025-12-29 03:15:00+00:00,421,13.100000000122236,13.039362712699049,0,0,0
2025-12-29 03:30:00+00:00,421,13.199999999415011,12.988185545934307,0,0,0
2025-12-29 03:45:00+00:00,421,12.400000000525324,12.91023789360134,0,0,0
2025-12-29 04:00:00+00:00,421,13.299999999617285,12.850983058371328,0,0,0
2025-12-29 04:15:00+00:00,421,13.200000000324508,13.070586692192734,0,0,0
2025-12-29 04:30:00+00:00,421,12.4999999998181,13.05155280092697,0,0,0
2025-12-29 04:45:00+00:00,421,20.19999999993161,12.944974448726764,0,0,0
2025-12-29 05:00:00+00:00,421,27.699999999640568,13.8760804084611,0,0,0
2025-12-29 05:15:00+00:00,421,20.2000000008411,23.277452119659227,0,0,0
2025-12-29 05:30:00+00:00,421,8.699999999407737,17.72812806118251,0,0,0
2025-12-29 05:45:00+00:00,421,10.500000000320142,11.194092902462865,0,0,0
2025-12-29 06:00:00+00:00,421,11.499999999614374,12.767290154751906,0,0,0
2025-12-29 06:15:00+00:00,421,10.900000000219734,18.15372165702624,0,0,0
2025-12-29 06:30:00+00:00,421,11.000000000422006,14.882413797144018,0,0,0
2025-12-29 06:45:00+00:00,421,11.899999999513966,14.33959949822856,0,0,0
2025-12-29 07:00:00+00:00,421,12.800000000424916,14.565480570629314,0,0,0
2025-12-29 07:15:00+00:00,421,12.79999999951542,14.111406235951076,0,0,0
2025-12-29 07:30:00+00:00,421,11.90000000042346,12.840251428373342,0,0,0
2025-12-29 07:45:00+00:00,421,12.69999999931315,14.17714357275403,0,0,0
2025-12-29 08:00:00+00:00,421,12.000000000625732,13.90541069398335,0,0,0
2025-12-29 08:15:00+00:00,421,12.700000000222644,13.842542844104331,0,0,0
2025-12-29 08:30:00+00:00,421,11.799999999311694,13.86121682889155,0,0,0
2025-12-29 08:45:00+00:00,421,11.800000000221187,13.27082512549002,0,0,0
2025-12-29 09:00:00+00:00,421,12.700000000222644,12.819137612458286,0,0,0
2025-12-29 09:15:00+00:00,421,11.800000000221187,12.538483795973171,0,0,0
2025-12-29 09:30:00+00:00,421,11.899999999513966,12.1302884698987,0,0,0
2025-12-29 09:45:00+00:00,421,12.4999999998181,12.35768101001073,0,0,0
2025-12-29 10:00:00+00:00,421,11.700000000018916,12.86036294659523,0,0,0
2025-12-29 10:15:00+00:00,421,11.500000000523867,12.979309247783108,0,0,0
2025-12-29 10:30:00+00:00,421,11.499999999614374,12.689560120289691,0,0,0
2025-12-29 10:45:00+00:00,421,11.400000000321596,12.301744847309669,0,0,0
2025-12-29 11:00:00+00:00,421,11.499999999614374,11.905561748703372,0,0,0
2025-12-29 11:15:00+00:00,421,11.400000000321596,11.488827013681458,0,0,0
2025-12-29 11:30:00+00:00,421,10.69999999981519,11.244046666197804,0,0,0
2025-12-29 11:45:00+00:00,421,11.599999999816646,11.189727292677514,0,0,0
2025-12-29 12:00:00+00:00,421,10.00000000021828,11.381943856963566,0,0,0
2025-12-29 12:15:00+00:00,421,11.400000000321596,11.413338722285246,0,0,0
2025-12-29 12:30:00+00:00,421,26.499999999941792,11.525019237064114,0,0,0
2025-12-29 12:45:00+00:00,421,21.29999999942811,18.6778473237978,0,0,0
2025-12-29 13:00:00+00:00,421,16.100000000733417,15.689219498075468,0,0,0
2025-12-29 13:15:00+00:00,421,6.299999999100692,13.54127322183146,0,0,0
2025-12-29 13:30:00+00:00,421,8.100000000013097,8.535597315361496,0,0,0
2025-12-29 13:45:00+00:00,421,8.400000000619912,10.333217879314534,0,0,0
2025-12-29 14:00:00+00:00,421,8.399999999710417,10.777907094570056,0,0,0
2025-12-29 14:15:00+00:00,421,8.399999999710417,10.601395984116362,0,0,0
2025-12-29 14:30:00+00:00,421,9.100000000216824,11.059830348634549,0,0,0
2025-12-29 14:45:00+00:00,421,9.100000000216824,9.44807183739232,0,0,0
2025-12-29 15:00:00+00:00,421,9.200000000419095,9.238014792663757,0,0,0
2025-12-29 15:15:00+00:00,421,9.799999999813735,8.337611087527845,0,0,0
2025-12-29 15:30:00+00:00,421,10.69999999981519,10.228293980926573,0,0,0
2025-12-29 15:45:00+00:00,421,9.799999999813735,10.527218979890058,0,0,0
2025-12-29 16:00:00+00:00,421,9.70000000052096,10.534691921772188,0,0,0
2025-12-29 16:15:00+00:00,421,9.699999999611464,10.6978453404222,0,0,0
2025-12-29 16:30:00+00:00,421,10.2999999999156,10.596480052215556,0,0,0
2025-12-29 16:45:00+00:00,421,10.2999999999156,10.049247482779997,0,0,0
2025-12-29 17:00:00+00:00,421,9.500000000116415,9.816994461474614,0,0,0
2025-12-29 17:15:00+00:00,421,10.199999999713327,9.677747272667704,0,0,0
2025-12-29 17:30:00+00:00,421,9.399999999914144,10.02088183031944,0,0,0
2025-12-29 17:45:00+00:00,421,10.00000000021828,9.716607407446585,0,0,0
2025-12-29 18:00:00+00:00,421,10.00000000021828,9.904243882795823,0,0,0
2025-12-29 18:15:00+00:00,421,9.299999999711872,10.275984379307072,1,0,1
2025-12-29 18:30:00+00:00,421,9.300000000621369,10.105952282960445,1,0,1
2025-12-29 18:45:00+00:00,421,17.39999999972497,9.317267105981465,1,0,1
2025-12-29 19:00:00+00:00,421,23.299999999835563,11.736711205796013,1,0,1
2025-12-29 19:15:00+00:00,421,16.700000000128057,18.401065291929797,0,0,0
2025-12-29 19:30:00+00:00,421,12.899999999717693,14.512852618059568,0,0,0
2025-12-29 19:45:00+00:00,421,5.200000000513683,12.15775854112194,0,0,0
2025-12-29 20:00:00+00:00,421,8.499999999912689,10.317920458989832,0,0,0
2025-12-29 20:15:00+00:00,421,8.499999999912689,10.754361817445265,0,0,0
2025-12-29 20:30:00+00:00,421,8.60000000011496,10.989626963028972,0,0,0
2025-12-29 20:45:00+00:00,421,9.1999999995096,11.035328808366168,0,0,0
2025-12-29 21:00:00+00:00,421,9.200000000419095,10.617470411838552,0,0,0
2025-12-29 21:15:00+00:00,421,9.1999999995096,9.986139695248616,0,0,0
2025-12-29 21:30:00+00:00,421,9.200000000419095,9.57500478418607,0,0,0
2025-12-29 21:45:00+00:00,421,10.00000000021828,9.293992804955348,0,0,0
2025-12-29 22:00:00+00:00,421,9.999999999308784,10.163405493318182,0,0,0
2025-12-29 22:15:00+00:00,421,9.200000000419095,9.91876848068209,0,0,0
2025-12-29 22:30:00+00:00,421,9.100000000216824,9.75108693633684,0,0,0
2025-12-29 22:45:00+00:00,421,9.900000000016009,9.766940258722403,0,0,0
2025-12-29 23:00:00+00:00,421,9.799999999813735,9.796130696862967,0,0,0
2025-12-29 23:15:00+00:00,421,9.799999999813735,9.767507669420658,0,0,0
2025-12-29 23:30:00+00:00,421,9.799999999813735,9.756344639893634,0,0,0
2025-12-29 23:45:00+00:00,421,9.80000000072323,9.810201924185169,0,0,0
2025-12-30 00:00:00+00:00,421,10.399999999208376,9.947599012344106,0,0,0
2025-12-30 00:15:00+00:00,421,10.40000000011787,10.37463432658156,0,0,0
2025-12-30 00:30:00+00:00,421,11.100000000624275,10.466905350019664,0,0,0
2025-12-30 00:45:00+00:00,421,10.399999999208376,10.666863391060405,0,0,0
2025-12-30 01:00:00+00:00,421,11.100000000624275,10.586092983846257,0,0,0
2025-12-30 01:15:00+00:00,421,13.799999999719148,10.60070128091358,0,0,0
2025-12-30 01:30:00+00:00,421,25.80000000034488,11.044719856480876,0,0,0
2025-12-30 01:45:00+00:00,421,19.099999999525608,19.1463381449201,0,0,0
2025-12-30 02:00:00+00:00,421,14.400000000023285,15.01001180368059,0,0,0
2025-12-30 02:15:00+00:00,421,6.199999999807915,13.570120842076276,0,0,0
2025-12-30 02:30:00+00:00,421,9.500000000116415,10.841931388134023,0,0,0
2025-12-30 02:45:00+00:00,421,9.500000000116415,11.264154696953817,0,0,0
2025-12-30 03:00:00+00:00,421,9.70000000052096,11.539791445027674,0,0,0
2025-12-30 03:15:00+00:00,421,10.2999999999156,11.790017819225502,0,0,0
2025-12-30 03:30:00+00:00,421,9.599999999409192,11.835135862774818,0,0,0
2025-12-30 03:45:00+00:00,421,11.000000000422006,11.207295750781588,0,0,0
2025-12-30 04:00:00+00:00,421,11.099999999714782,11.284937901103692,0,0,0
2025-12-30 04:15:00+00:00,421,10.500000000320142,11.356034077973884,0,0,0
2025-12-30 04:30:00+00:00,421,11.199999999917054,11.392434154322835,0,0,0
2025-12-30 04:45:00+00:00,421,11.199999999917054,11.17448776428638,0,0,0
2025-12-30 05:00:00+00:00,421,10.59999999961292,11.310919521890447,0,0,0
2025-12-30 05:15:00+00:00,421,11.300000000119326,11.740095442683458,0,0,0
2025-12-30 05:30:00+00:00,421,11.400000000321596,11.481612841767433,0,0,0
2025-12-30 05:45:00+00:00,421,11.400000000321596,11.318672158535945,0,0,0
2025-12-30 06:00:00+00:00,421,11.499999999614374,13.169684430085882,0,0,0
2025-12-30 06:15:00+00:00,421,11.599999999816646,19.78254957000548,0,0,0
2025-12-30 06:30:00+00:00,421,11.599999999816646,13.078201225189488,0,0,0
2025-12-30 06:45:00+00:00,421,11.60000000072614,12.255234607382087,0,0,0
2025-12-30 07:00:00+00:00,421,11.899999999513966,12.676908989072777,0,0,0
2025-12-30 07:15:00+00:00,421,11.400000000321596,12.037936188505654,0,0,0
2025-12-30 07:30:00+00:00,421,11.599999999816646,11.371390785218502,0,0,0
2025-12-30 07:45:00+00:00,421,11.599999999816646,11.502466492728036,0,0,0
2025-12-30 08:00:00+00:00,421,11.599999999816646,12.035575871599818,0,0,0
2025-12-30 08:15:00+00:00,421,12.300000000323053,12.818289460756898,0,0,0
2025-12-30 08:30:00+00:00,421,11.700000000018916,13.049848825099264,0,0,0
2025-12-30 08:45:00+00:00,421,11.700000000018916,12.46622489797945,0,0,0
2025-12-30 09:00:00+00:00,421,11.599999999816646,12.238106267471744,0,0,0
2025-12-30 09:15:00+00:00,421,27.299999999740976,12.297831910595209,0,0,0
2025-12-30 09:30:00+00:00,421,22.20000000033906,21.283065243436457,0,0,0
2025-12-30 09:45:00+00:00,421,17.10000000002765,16.436744556529412,0,0,0
2025-12-30 10:00:00+00:00,421,7.000000000516593,15.025282719264622,0,0,0
2025-12-30 10:15:00+00:00,421,9.599999999409192,10.904156149305244,0,0,0
2025-12-30 10:30:00+00:00,421,9.70000000052096,11.72047216968441,0,0,0
2025-12-30 10:45:00+00:00,421,9.799999999813735,11.793765450057377,0,0,0
2025-12-30 11:00:00+00:00,421,9.900000000016009,11.37004183341712,0,0,0
2025-12-30 11:15:00+00:00,421,9.799999999813735,11.367148631725213,0,0,0
2025-12-30 11:30:00+00:00,421,9.900000000016009,8.490824530934043,0,0,0
2025-12-30 11:45:00+00:00,421,10.59999999961292,8.713350312414136,0,0,0
2025-12-30 12:00:00+00:00,421,9.80000000072323,9.281274016900408,0,0,0
2025-12-30 12:15:00+00:00,421,9.799999999813735,10.493707222780786,0,0,0
2025-12-30 12:30:00+00:00,421,9.000000000014552,10.288800118913404,0,0,0
2025-12-30 12:45:00+00:00,421,9.699999999611464,10.076716159016884,0,0,0
2025-12-30 13:00:00+00:00,421,9.000000000014552,9.91632551083496,0,0,0
2025-12-30 13:15:00+00:00,421,8.89999999981228,9.33847787344791,0,0,0
2025-12-30 13:30:00+00:00,421,8.200000000215368,8.436459820357346,0,0,0
2025-12-30 13:45:00+00:00,421,6.000000000312866,7.351457920144599,0,0,0
2025-12-30 14:00:00+00:00,421,0.0,6.639999885048312,0,0,0
2025-12-30 14:15:00+00:00,421,0.0,4.339213062687048,0,0,0
2025-12-30 14:30:00+00:00,421,0.0,2.379136834819423,0,0,0
2025-12-30 14:45:00+00:00,421,0.0,1.407129177781567,0,0,0
2025-12-30 15:00:00+00:00,421,0.0,0.7441064637771939,0,0,0
2025-12-30 15:15:00+00:00,421,0.0,0.364105904335287,0,0,0
2025-12-30 15:30:00+00:00,421,0.0,0.2311696337801523,0,0,0
2025-12-30 15:45:00+00:00,421,2.9999999997016857,0.1727012221054975,0,0,0
2025-12-30 16:00:00+00:00,421,32.69999999974971,0.1996122525485839,0,0,0
2025-12-30 16:15:00+00:00,421,21.90000000064174,40.28349915655996,0,0,0
2025-12-30 16:30:00+00:00,421,17.69999999942229,22.814869065733262,0,0,0
2025-12-30 16:45:00+00:00,421,15.10000000052969,17.143613435277608,0,0,0
2025-12-30 17:00:00+00:00,421,15.599999999722058,14.839438452629786,0,0,0
2025-12-30 17:15:00+00:00,421,14.600000000427826,14.253459091056364,0,0,0
2025-12-30 17:30:00+00:00,421,13.699999999516876,13.75261435149609,0,0,0
2025-12-30 17:45:00+00:00,421,14.200000000528236,13.028182594589223,0,0,0
2025-12-30 18:00:00+00:00,421,14.299999999821011,12.699550315042138,0,0,0
2025-12-30 18:15:00+00:00,421,25.3999999995358,12.606529835186976,0,0,0
2025-12-30 18:30:00+00:00,421,22.100000000136788,16.16502841759494,0,0,0
2025-12-30 18:45:00+00:00,421,16.9000000005326,16.326887986404433,0,0,0
2025-12-30 19:00:00+00:00,421,7.69999999920401,15.257123870849885,0,0,0
2025-12-30 19:15:00+00:00,421,14.300000000730506,13.995722110344934,0,0,0
2025-12-30 19:30:00+00:00,421,13.09999999921274,14.83542437940488,0,0,0
2025-12-30 19:45:00+00:00,421,13.200000000324508,14.006689493036234,0,0,0
2025-12-30 20:00:00+00:00,421,13.500000000021828,13.604221283425655,0,0,0
2025-12-30 20:15:00+00:00,421,13.799999999719148,13.763198112940874,0,0,0
2025-12-30 20:30:00+00:00,421,14.700000000630098,13.312287607306628,0,0,0
2025-12-30 20:45:00+00:00,421,13.89999999992142,13.561431472096103,0,0,0
2025-12-30 21:00:00+00:00,421,13.89999999992142,13.469169167322692,0,0,0
2025-12-30 21:15:00+00:00,421,14.19999999961874,13.799020664940524,0,0,0
2025-12-30 21:30:00+00:00,421,14.299999999821011,13.778401371686885,0,0,0
2025-12-30 21:45:00+00:00,421,13.500000000021828,13.867981117707387,0,0,0
2025-12-30 22:00:00+00:00,421,14.400000000023285,13.835928516321223,0,0,0
2025-12-30 22:15:00+00:00,421,14.500000000225556,13.740613283918725,0,0,0
2025-12-30 22:30:00+00:00,421,13.799999999719148,13.690171972454118,0,0,0
2025-12-30 22:45:00+00:00,421,13.900000000830914,13.567669851057628,0,0,0
2025-12-30 23:00:00+00:00,421,14.599999999518332,13.6971455092226,0,0,0
2025-12-30 23:15:00+00:00,421,13.799999999719148,13.923387185595082,0,0,0
2025-12-30 23:30:00+00:00,421,14.700000000630098,14.015821771182836,0,0,0
2025-12-30 23:45:00+00:00,421,13.89999999992142,14.10478842070209,0,0,0
2025-12-31 00:00:00+00:00,421,13.89999999992142,14.205421341074477,0,0,0
2025-12-31 00:15:00+00:00,421,13.799999999719148,14.15686116870415,0,0,0
2025-12-31 00:30:00+00:00,421,14.600000000427826,14.041312356774052,0,0,0
2025-12-31 00:45:00+00:00,421,13.699999999516876,14.079597059683158,0,0,0
2025-12-31 01:00:00+00:00,421,14.400000000023285,14.155067216256809,0,0,0
2025-12-31 01:15:00+00:00,421,13.6000000002241,14.084564606078947,0,0,0
2025-12-31 01:30:00+00:00,421,13.299999999617285,13.950883761558986,0,0,0
2025-12-31 01:45:00+00:00,421,13.900000000830914,13.89977704160497,0,0,0
2025-12-31 02:00:00+00:00,421,14.599999999518332,13.95315968179059,0,0,0
2025-12-31 02:15:00+00:00,421,13.799999999719148,14.031317977062551,0,0,0
2025-12-31 02:30:00+00:00,421,14.600000000427826,13.862581125542794,0,0,0
2025-12-31 02:45:00+00:00,421,13.799999999719148,13.788371339137244,0,0,0
2025-12-31 03:00:00+00:00,421,21.200000000135333,13.80896970759562,0,0,0
2025-12-31 03:15:00+00:00,421,22.89999999993597,14.808227725506432,0,0,0
2025-12-31 03:30:00+00:00,421,18.70000000053551,18.093151349667263,0,0,0
2025-12-31 03:45:00+00:00,421,10.399999999208376,16.933850732669093,0,0,0
2025-12-31 04:00:00+00:00,421,13.700000000426371,14.48013879314305,0,0,0
2025-12-31 04:15:00+00:00,421,13.200000000324508,15.05667967706583,0,0,0
2025-12-31 04:30:00+00:00,421,12.39999999961583,14.74586555817964,0,0,0
2025-12-31 04:45:00+00:00,421,13.200000000324508,14.673545978279652,0,0,0
2025-12-31 05:00:00+00:00,421,13.799999999719148,14.67361224013132,0,0,0
2025-12-31 05:15:00+00:00,421,14.599999999518332,14.56262294108936,0,0,0
2025-12-31 05:30:00+00:00,421,14.600000000427826,14.239362056486671,0,0,0
2025-12-31 05:45:00+00:00,421,13.100000000122236,13.774443795409193,0,0,0
2025-12-31 06:00:00+00:00,421,12.39999999961583,17.411675407465715,0,0,0
2025-12-31 06:15:00+00:00,421,13.800000000628645,20.94324656834097,0,0,0
2025-12-31 06:30:00+00:00,421,13.89999999992142,14.276319429882832,0,0,0
2025-12-31 06:45:00+00:00,421,14.599999999518332,13.732862739752752,0,0,0
2025-12-31 07:00:00+00:00,421,14.600000000427826,15.726481675989314,0,0,0
2025-12-31 07:15:00+00:00,421,14.699999999720603,15.243903585201773,0,0,0
2025-12-31 07:30:00+00:00,421,14.600000000427826,14.687289383809375,0,0,0
2025-12-31 07:45:00+00:00,421,14.400000000023285,14.392564340002062,0,0,0
2025-12-31 08:00:00+00:00,421,15.199999999822468,15.127046973567642,0,0,0
2025-12-31 08:15:00+00:00,421,13.699999999516876,16.439619623398755,0,0,0
2025-12-31 08:30:00+00:00,421,14.500000000225556,15.97063427961503,0,0,0
2025-12-31 08:45:00+00:00,421,14.400000000023285,15.60272894932918,0,0,0
2025-12-31 09:00:00+00:00,421,15.199999999822468,15.325560506241958,0,0,0
2025-12-31 09:15:00+00:00,421,13.700000000426371,15.325882748089033,0,0,0
2025-12-31 09:30:00+00:00,421,15.300000000024738,14.624679606405287,0,0,0
2025-12-31 09:45:00+00:00,421,15.099999999620197,14.238717572792524,0,0,0
2025-12-31 10:00:00+00:00,421,14.200000000528236,14.736554721780116,0,0,0
2025-12-31 10:15:00+00:00,421,14.19999999961874,15.054926179222663,0,0,0
2025-12-31 10:30:00+00:00,421,14.100000000325965,15.119714227813786,0,0,0
2025-12-31 10:45:00+00:00,421,20.19999999993161,14.779888577786544,0,0,0
2025-12-31 11:00:00+00:00,421,32.09999999944557,15.201404628526396,0,0,0
2025-12-31 11:15:00+00:00,421,21.800000000439468,20.888041378487817,0,0,0
2025-12-31 11:30:00+00:00,421,13.199999999415011,17.72419838463184,0,0,0
2025-12-31 11:45:00+00:00,421,5.100000000311411,11.128943552406842,0,0,0
2025-12-31 12:00:00+00:00,421,8.30000000041764,9.771251115293476,0,0,0
2025-12-31 12:15:00+00:00,421,10.199999999713327,11.164000256899811,0,0,0
2025-12-31 12:30:00+00:00,421,11.099999999714782,12.068023254123304,0,0,0
2025-12-31 12:45:00+00:00,421,10.40000000011787,12.095695598367431,0,0,0
2025-12-31 13:00:00+00:00,421,11.099999999714782,11.475068263301877,0,0,0
2025-12-31 13:15:00+00:00,421,10.40000000011787,9.807785459078708,0,0,0
2025-12-31 13:30:00+00:00,421,11.199999999917054,9.748989923104752,0,0,0
2025-12-31 13:45:00+00:00,421,11.200000000826549,9.84346676871032,0,0,0
2025-12-31 14:00:00+00:00,421,11.199999999917054,11.707140982621397,0,0,0
2025-12-31 14:15:00+00:00,421,11.999999999716238,11.437012338154329,0,0,0
2025-12-31 14:30:00+00:00,421,11.300000000119326,11.701452228282154,0,0,0
2025-12-31 14:45:00+00:00,421,11.899999999513966,11.548408275717597,0,0,0
2025-12-31 15:00:00+00:00,421,12.09999999991851,11.469886586501207,0,0,0
2025-12-31 15:15:00+00:00,421,11.300000000119326,11.053141389081665,0,0,0
2025-12-31 15:30:00+00:00,421,11.199999999917054,10.922673895621152,0,0,0
2025-12-31 16:45:00+00:00,421,26.79999999963912,11.01959266483409,0,0,0
2025-12-31 17:00:00+00:00,421,27.60000000034779,18.72059249556412,0,0,0
2025-12-31 17:15:00+00:00,421,19.699999999829743,19.741783883871182,0,0,0
2025-12-31 17:30:00+00:00,421,13.399999999819556,18.502976019799668,0,0,0
2025-12-31 17:45:00+00:00,421,4.600000000209548,14.286087821805475,0,0,0
2025-12-31 18:00:00+00:00,421,8.299999999508145,11.588400441920284,0,0,0
2025-12-31 18:15:00+00:00,421,10.700000000724684,11.329545379648554,0,0,0
2025-12-31 18:30:00+00:00,421,10.59999999961292,11.7105035972204,0,0,0
2025-12-31 18:45:00+00:00,421,11.300000000119326,11.329563514471118,0,0,0
2025-12-31 19:00:00+00:00,421,10.40000000011787,10.76067831564244,0,0,0
2025-12-31 19:15:00+00:00,421,11.899999999513966,10.769116588079438,0,0,0
2025-12-31 19:30:00+00:00,421,11.000000000422006,11.17749884232494,0,0,0
2025-12-31 19:45:00+00:00,421,13.200000000324508,10.087557992936595,0,0,0
2025-12-31 20:00:00+00:00,421,12.299999999413558,12.37701831080783,0,0,0
2025-12-31 20:15:00+00:00,421,12.400000000525324,11.876318649828058,0,0,0
2025-12-31 20:30:00+00:00,421,11.700000000018916,11.98734631099467,0,0,0
2025-12-31 20:45:00+00:00,421,12.39999999961583,12.18299942415633,0,0,0
2025-12-31 21:00:00+00:00,421,12.39999999961583,12.210681533304914,0,0,0
2025-12-31 21:15:00+00:00,421,11.700000000018916,12.178797027774042,0,0,0
2025-12-31 21:30:00+00:00,421,12.400000000525324,12.028200578762258,0,0,0
2025-12-31 21:45:00+00:00,421,12.299999999413558,12.287542491270475,0,0,0
2025-12-31 22:00:00+00:00,421,12.500000000727596,12.42916220311379,0,0,0
2025-12-31 22:15:00+00:00,421,12.4999999998181,12.545105796181211,0,0,0
2025-12-31 22:30:00+00:00,421,13.199999999415011,12.488724632834192,0,0,0
2025-12-31 22:45:00+00:00,421,12.400000000525324,12.57678384373214,0,0,0
2025-12-31 23:00:00+00:00,421,12.600000000020373,12.474208404866031,0,0,0
2025-12-31 23:15:00+00:00,421,32.199999999647844,12.412524898398988,0,0,0
2025-12-31 23:30:00+00:00,421,24.50000000044384,20.92926043518618,0,0,0
2025-12-31 23:45:00+00:00,421,19.400000000132422,17.503278581188297,0,0,0
