timestamp,building_id,y_true,y_pred,over_flag,under_flag,anomaly_point
2025-10-02 09:00:00+00:00,1541,139.99999999941792,95.54268290087188,0,0,0
2025-10-02 09:15:00+00:00,1541,129.99999999919964,97.19738082783482,0,0,0
2025-10-02 09:30:00+00:00,1541,110.00000000058208,90.01698277665068,0,0,0
2025-10-02 09:45:00+00:00,1541,50.000000001091394,102.7212109400154,0,0,0
2025-10-02 10:00:00+00:00,1541,0.0,105.12991781278504,0,0,0
2025-10-02 10:15:00+00:00,1541,19.999999998617568,108.62031074120218,0,0,0
2025-10-02 10:30:00+00:00,1541,30.00000000065484,100.98019109360824,0,0,0
2025-10-02 10:45:00+00:00,1541,39.999999999054126,70.72138717292209,0,0,0
2025-10-02 11:00:00+00:00,1541,40.00000000087312,60.66028193713494,0,0,0
2025-10-02 11:15:00+00:00,1541,39.999999999054126,40.16525713327305,0,0,0
2025-10-02 11:30:00+00:00,1541,50.000000001091394,41.41755087833497,0,0,0
2025-10-02 11:45:00+00:00,1541,39.999999999054126,31.865865513499315,0,0,0
2025-10-02 12:00:00+00:00,1541,50.000000001091394,32.00501817083628,0,0,0
2025-10-02 12:15:00+00:00,1541,39.999999999054126,50.63048974387468,0,0,0
2025-10-02 12:30:00+00:00,1541,40.00000000087312,28.39838313032542,0,0,0
2025-10-02 12:45:00+00:00,1541,39.999999999054126,32.89341298192398,0,0,0
2025-10-02 13:00:00+00:00,1541,30.00000000065484,47.72796832790553,0,0,0
2025-10-02 13:15:00+00:00,1541,49.9999999992724,48.462060100015385,0,0,0
2025-10-02 13:30:00+00:00,1541,30.00000000065484,48.35579589307628,0,0,0
2025-10-02 13:45:00+00:00,1541,40.00000000087312,47.000734554498266,0,0,0
2025-10-02 14:00:00+00:00,1541,39.999999999054126,40.96247147090613,0,0,0
2025-10-02 14:15:00+00:00,1541,40.00000000087312,38.598467158693694,0,0,0
2025-10-02 14:30:00+00:00,1541,39.999999999054126,33.183999909767415,0,0,0
2025-10-02 14:45:00+00:00,1541,40.00000000087312,35.81602833409174,0,0,0
2025-10-02 15:00:00+00:00,1541,29.999999998835847,42.171722097913786,0,0,0
2025-10-02 15:15:00+00:00,1541,40.00000000087312,46.38701708017929,0,0,0
2025-10-02 15:30:00+00:00,1541,39.999999999054126,47.40117792831954,0,0,0
2025-10-02 15:45:00+00:00,1541,30.00000000065484,45.07290282343234,0,0,0
2025-10-02 16:00:00+00:00,1541,30.00000000065484,41.14304933815271,0,0,0
2025-10-02 16:15:00+00:00,1541,39.999999999054126,40.28992202687195,0,0,0
2025-10-02 16:30:00+00:00,1541,30.00000000065484,39.9352301976348,0,0,0
2025-10-02 16:45:00+00:00,1541,39.999999999054126,39.80228354616603,0,0,0
2025-10-02 17:00:00+00:00,1541,30.00000000065484,40.90092141550796,0,0,0
2025-10-02 17:15:00+00:00,1541,39.999999999054126,42.36260241785924,0,0,0
2025-10-02 17:30:00+00:00,1541,30.00000000065484,41.67272058949838,0,0,0
2025-10-02 17:45:00+00:00,1541,40.00000000087312,41.133877006366816,0,0,0
2025-10-02 18:00:00+00:00,1541,39.999999999054126,40.78038677577558,0,0,0
2025-10-02 18:15:00+00:00,1541,40.00000000087312,42.21492555790954,0,0,0
2025-10-02 18:30:00+00:00,1541,49.9999999992724,41.46406549601417,0,0,0
2025-10-02 18:45:00+00:00,1541,40.00000000087312,42.9909882820793,0,0,0
2025-10-02 19:00:00+00:00,1541,49.9999999992724,45.93163051168179,0,0,0
2025-10-02 19:15:00+00:00,1541,39.999999999054126,46.62340553405068,0,0,0
2025-10-02 19:30:00+00:00,1541,60.00000000130967,48.876389472336456,0,0,0
2025-10-02 19:45:00+00:00,1541,49.9999999992724,46.37502813934877,0,0,0
2025-10-02 20:00:00+00:00,1541,50.000000001091394,48.828868370904,0,0,0
2025-10-02 20:15:00+00:00,1541,39.999999999054126,48.8378803607484,0,0,0
2025-10-02 20:30:00+00:00,1541,59.99999999949068,48.68621233873685,0,0,0
2025-10-02 20:45:00+00:00,1541,50.000000001091394,50.64978100445049,0,0,0
2025-10-02 21:00:00+00:00,1541,49.9999999992724,56.56779729107271,0,0,0
2025-10-02 21:15:00+00:00,1541,59.99999999949068,49.52895606043269,0,0,0
2025-10-02 21:30:00+00:00,1541,50.000000001091394,48.71493866006294,0,0,0
2025-10-02 21:45:00+00:00,1541,39.999999999054126,35.481968455880995,0,0,0
2025-10-02 22:00:00+00:00,1541,79.99999999992724,10.811911883545031,0,0,0
2025-10-02 22:15:00+00:00,1541,60.00000000130967,44.047811677641576,0,0,0
2025-10-02 22:30:00+00:00,1541,49.9999999992724,41.54445669545359,0,0,0
2025-10-02 22:45:00+00:00,1541,40.00000000087312,3.2380752763693827,0,0,0
2025-10-02 23:00:00+00:00,1541,29.999999998835847,1.3428277323785878,0,0,0
2025-10-02 23:15:00+00:00,1541,20.00000000043656,3.696189589702957,0,0,0
2025-10-02 23:30:00+00:00,1541,20.00000000043656,9.646840290996444,0,0,0
2025-10-02 23:45:00+00:00,1541,20.00000000043656,11.236479958154488,0,0,0
2025-10-03 00:00:00+00:00,1541,39.999999999054126,11.413182573176451,0,0,0
2025-10-03 00:15:00+00:00,1541,30.00000000065484,10.59626935870665,0,0,0
2025-10-03 00:30:00+00:00,1541,39.999999999054126,11.230840944573394,0,0,0
2025-10-03 00:45:00+00:00,1541,40.00000000087312,15.87049826148727,0,0,0
2025-10-03 01:00:00+00:00,1541,29.999999998835847,17.98853030812025,0,0,0
2025-10-03 01:15:00+00:00,1541,40.00000000087312,18.31870913861451,0,0,0
2025-10-03 01:30:00+00:00,1541,30.00000000065484,19.266309728642455,0,0,0
2025-10-03 01:45:00+00:00,1541,29.999999998835847,20.317692606219893,0,0,0
2025-10-03 02:00:00+00:00,1541,30.00000000065484,20.433443550378374,0,0,0
2025-10-03 02:15:00+00:00,1541,29.999999998835847,20.339234932426187,0,0,0
2025-10-03 02:30:00+00:00,1541,30.00000000065484,20.342775977953472,0,0,0
2025-10-03 02:45:00+00:00,1541,40.00000000087312,20.551173172049857,0,0,0
2025-10-03 03:00:00+00:00,1541,39.999999999054126,20.520674879087156,0,0,0
2025-10-03 03:15:00+00:00,1541,40.00000000087312,20.626152830963736,0,0,0
2025-10-03 03:30:00+00:00,1541,29.999999998835847,20.71392362337328,0,0,0
2025-10-03 03:45:00+00:00,1541,30.00000000065484,22.21725585981677,0,0,0
2025-10-03 04:00:00+00:00,1541,39.999999999054126,24.45287505561297,0,0,0
2025-10-03 04:15:00+00:00,1541,40.00000000087312,27.027976295213865,0,0,0
2025-10-03 04:30:00+00:00,1541,39.999999999054126,28.216494516002857,0,0,0
2025-10-03 04:45:00+00:00,1541,40.00000000087312,28.67227807569286,0,0,0
2025-10-03 05:00:00+00:00,1541,30.00000000065484,28.3437045964442,0,0,0
2025-10-03 05:15:00+00:00,1541,39.999999999054126,29.566612300023134,0,0,0
2025-10-03 05:30:00+00:00,1541,40.00000000087312,45.34705277044168,0,0,0
2025-10-03 05:45:00+00:00,1541,39.999999999054126,45.89458765953465,0,0,0
2025-10-03 06:00:00+00:00,1541,30.00000000065484,39.81877751600344,0,0,0
2025-10-03 06:15:00+00:00,1541,39.999999999054126,38.61367259750726,0,0,0
2025-10-03 06:30:00+00:00,1541,30.00000000065484,45.15955315408202,0,0,0
2025-10-03 06:45:00+00:00,1541,40.00000000087312,40.58081901352997,0,0,0
2025-10-03 07:00:00+00:00,1541,39.999999999054126,36.87331730083355,0,0,0
2025-10-03 07:15:00+00:00,1541,30.00000000065484,45.6645800422026,0,0,0
2025-10-03 07:30:00+00:00,1541,49.9999999992724,59.69752516997424,0,0,0
2025-10-03 07:45:00+00:00,1541,49.9999999992724,67.55983818004049,0,0,0
2025-10-03 08:00:00+00:00,1541,60.00000000130967,64.34480838826235,0,0,0
2025-10-03 08:15:00+00:00,1541,59.99999999949068,63.94385307932666,0,0,0
2025-10-03 08:30:00+00:00,1541,59.99999999949068,60.70835361029423,0,0,0
2025-10-03 08:45:00+00:00,1541,50.000000001091394,59.30532491741043,0,0,0
2025-10-03 09:00:00+00:00,1541,59.99999999949068,51.370098824236536,0,0,0
2025-10-03 09:15:00+00:00,1541,59.99999999949068,55.813201068757394,0,0,0
2025-10-03 09:30:00+00:00,1541,60.00000000130967,59.67567230199572,0,0,0
2025-10-03 09:45:00+00:00,1541,49.9999999992724,54.40579291585704,0,0,0
2025-10-03 10:00:00+00:00,1541,49.9999999992724,47.18445744199495,0,0,0
2025-10-03 10:15:00+00:00,1541,50.000000001091394,48.64673924366919,0,0,0
2025-10-03 10:30:00+00:00,1541,39.999999999054126,51.98535596756002,0,0,0
2025-10-03 10:45:00+00:00,1541,50.000000001091394,49.92358848774765,0,0,0
2025-10-03 11:00:00+00:00,1541,39.999999999054126,47.848642059442575,0,0,0
2025-10-03 11:15:00+00:00,1541,50.000000001091394,42.11801913849589,0,0,0
2025-10-03 11:30:00+00:00,1541,39.999999999054126,41.395582100519206,0,0,0
2025-10-03 11:45:00+00:00,1541,40.00000000087312,40.69877465938404,0,0,0
2025-10-03 12:00:00+00:00,1541,49.9999999992724,39.67632625788205,0,0,0
2025-10-03 12:15:00+00:00,1541,20.00000000043656,39.71578389830475,0,0,0
2025-10-03 12:30:00+00:00,1541,0.0,39.04353581984736,0,0,0
2025-10-03 12:45:00+00:00,1541,0.0,8.867717547123888,0,0,0
2025-10-03 13:00:00+00:00,1541,0.0,0.762360926698797,0,0,0
2025-10-03 13:15:00+00:00,1541,0.0,9.719882806755669,0,0,0
2025-10-03 13:30:00+00:00,1541,0.0,13.221768195533848,0,0,0
2025-10-03 13:45:00+00:00,1541,20.00000000043656,15.324220028212896,0,0,0
2025-10-03 14:00:00+00:00,1541,19.999999998617568,25.26758405134484,0,0,0
2025-10-03 14:15:00+00:00,1541,20.00000000043656,20.075752554102976,0,0,0
2025-10-03 14:30:00+00:00,1541,20.00000000043656,19.85675733722281,0,0,0
2025-10-03 14:45:00+00:00,1541,20.00000000043656,19.97145108707425,0,0,0
2025-10-03 15:00:00+00:00,1541,19.999999998617568,19.981376349844467,0,0,0
2025-10-03 15:15:00+00:00,1541,20.00000000043656,19.950592145949937,0,0,0
2025-10-03 15:30:00+00:00,1541,20.00000000043656,20.017724225925893,0,0,0
2025-10-03 15:45:00+00:00,1541,20.00000000043656,19.843040373902294,0,0,0
2025-10-03 16:00:00+00:00,1541,19.999999998617568,20.166791038007005,0,0,0
2025-10-03 16:15:00+00:00,1541,20.00000000043656,20.239941736280976,0,0,0
2025-10-03 16:30:00+00:00,1541,20.00000000043656,20.24468389749653,0,0,0
2025-10-03 16:45:00+00:00,1541,20.00000000043656,20.299480756003256,0,0,0
2025-10-03 17:00:00+00:00,1541,19.999999998617568,20.5367993863184,0,0,0
2025-10-03 17:15:00+00:00,1541,30.00000000065484,20.38304305540614,0,0,0
2025-10-03 17:30:00+00:00,1541,20.00000000043656,20.32082651844392,0,0,0
2025-10-03 17:45:00+00:00,1541,20.00000000043656,24.131349860383025,0,0,0
2025-10-03 18:00:00+00:00,1541,19.999999998617568,28.571957145657567,0,0,0
2025-10-03 18:15:00+00:00,1541,30.00000000065484,26.49187977522457,0,0,0
2025-10-03 18:30:00+00:00,1541,10.00000000021828,27.129866837628278,0,0,0
2025-10-03 18:45:00+00:00,1541,20.00000000043656,28.35328744223694,0,0,0
2025-10-03 19:00:00+00:00,1541,29.999999998835847,21.73107977489054,0,0,0
2025-10-03 19:15:00+00:00,1541,20.00000000043656,21.428012738281332,0,0,0
2025-10-03 19:30:00+00:00,1541,20.00000000043656,22.124343017253253,0,0,0
2025-10-03 19:45:00+00:00,1541,20.00000000043656,21.152417781967905,0,0,0
2025-10-03 20:00:00+00:00,1541,19.999999998617568,24.271268488560995,0,0,0
2025-10-03 20:15:00+00:00,1541,30.00000000065484,21.23995433991471,0,0,0
2025-10-03 20:30:00+00:00,1541,20.00000000043656,21.11299105083513,0,0,0
2025-10-03 20:45:00+00:00,1541,19.999999998617568,21.1261941472106,0,0,0
2025-10-03 21:00:00+00:00,1541,20.00000000043656,22.822653422611133,0,0,0
2025-10-03 21:15:00+00:00,1541,20.00000000043656,21.529904246611054,0,0,0
2025-10-03 21:30:00+00:00,1541,30.00000000065484,20.98682271005587,0,0,0
2025-10-03 21:45:00+00:00,1541,19.999999998617568,24.934218666242156,0,0,0
2025-10-03 22:00:00+00:00,1541,20.00000000043656,23.82543578839693,0,0,0
2025-10-03 22:15:00+00:00,1541,20.00000000043656,20.520721725979698,0,0,0
2025-10-03 22:30:00+00:00,1541,20.00000000043656,20.587861533278137,0,0,0
2025-10-03 22:45:00+00:00,1541,10.00000000021828,20.393146529551096,1,0,1
2025-10-03 23:00:00+00:00,1541,9.99999999839929,20.150314454645187,1,0,1
2025-10-03 23:15:00+00:00,1541,0.0,19.45001812740949,1,0,1
2025-10-03 23:30:00+00:00,1541,0.0,19.31949012787752,1,0,1
2025-10-03 23:45:00+00:00,1541,10.00000000021828,18.41233724146525,0,0,0
2025-10-04 00:00:00+00:00,1541,0.0,18.365062448436905,0,0,0
2025-10-04 00:15:00+00:00,1541,40.00000000087312,19.68332289665299,0,0,0
2025-10-04 00:30:00+00:00,1541,79.99999999992724,18.253919403265847,0,0,0
2025-10-04 00:45:00+00:00,1541,39.999999999054126,41.63626501385987,0,0,0
2025-10-04 01:00:00+00:00,1541,30.00000000065484,35.07622220700659,0,0,0
2025-10-04 01:15:00+00:00,1541,20.00000000043656,23.707491733526584,0,0,0
2025-10-04 01:30:00+00:00,1541,20.00000000043656,20.37755472461344,0,0,0
2025-10-04 01:45:00+00:00,1541,19.999999998617568,20.256385478522247,0,0,0
2025-10-04 02:00:00+00:00,1541,10.00000000021828,20.224071747733976,0,0,0
2025-10-04 02:15:00+00:00,1541,20.00000000043656,20.228167228649333,0,0,0
2025-10-04 02:30:00+00:00,1541,10.00000000021828,20.350116934311185,0,0,0
2025-10-04 02:45:00+00:00,1541,29.999999998835847,12.053707095100114,0,0,0
2025-10-04 03:00:00+00:00,1541,0.0,19.98891386996781,0,0,0
2025-10-04 03:15:00+00:00,1541,0.0,20.070877579532272,0,0,0
2025-10-04 03:30:00+00:00,1541,0.0,5.757416156941599,0,0,0
2025-10-04 03:45:00+00:00,1541,0.0,0.2998304485668726,0,0,0
2025-10-04 04:00:00+00:00,1541,0.0,0.1514368794569875,0,0,0
2025-10-04 04:15:00+00:00,1541,0.0,0.2357361722415731,0,0,0
2025-10-04 04:30:00+00:00,1541,0.0,0.1504980097754469,0,0,0
2025-10-04 04:45:00+00:00,1541,0.0,0.0894193210486697,0,0,0
2025-10-04 05:00:00+00:00,1541,0.0,0.1082662605817823,0,0,0
2025-10-04 05:15:00+00:00,1541,0.0,0.2137075076765811,0,0,0
2025-10-04 05:30:00+00:00,1541,0.0,0.2700493477220114,0,0,0
2025-10-04 05:45:00+00:00,1541,0.0,0.2055609779501424,0,0,0
2025-10-04 06:00:00+00:00,1541,0.0,0.3000390862738804,0,0,0
2025-10-04 06:15:00+00:00,1541,0.0,8.935437869523774,0,0,0
2025-10-04 06:30:00+00:00,1541,0.0,3.00448797689764,0,0,0
2025-10-04 06:45:00+00:00,1541,0.0,0.4344887019653569,0,0,0
2025-10-04 07:00:00+00:00,1541,0.0,0.2812887382717903,0,0,0
2025-10-04 07:15:00+00:00,1541,10.00000000021828,0.7135397032587782,0,0,0
2025-10-04 07:30:00+00:00,1541,10.00000000021828,53.86698217384601,0,0,0
2025-10-04 07:45:00+00:00,1541,10.00000000021828,22.838489604122277,0,0,0
2025-10-04 08:00:00+00:00,1541,20.00000000043656,7.662222398842381,0,0,0
2025-10-04 08:15:00+00:00,1541,20.00000000043656,18.653846978311456,0,0,0
2025-10-04 08:30:00+00:00,1541,19.999999998617568,22.19151663158755,0,0,0
2025-10-04 08:45:00+00:00,1541,30.00000000065484,19.71917622409558,0,0,0
2025-10-04 09:00:00+00:00,1541,10.00000000021828,18.7612384084176,0,0,0
2025-10-04 09:15:00+00:00,1541,20.00000000043656,20.007839531598705,0,0,0
2025-10-04 09:30:00+00:00,1541,19.999999998617568,19.978484882363308,0,0,0
2025-10-04 09:45:00+00:00,1541,60.00000000130967,20.039060329213456,0,0,0
2025-10-04 10:00:00+00:00,1541,119.99999999898137,20.617358172064137,0,0,0
2025-10-04 10:15:00+00:00,1541,79.99999999992724,46.56024433191506,0,0,0
2025-10-04 10:30:00+00:00,1541,60.00000000130967,56.91102950106935,0,0,0
2025-10-04 10:45:00+00:00,1541,69.99999999970896,50.60867937616979,0,0,0
2025-10-04 11:00:00+00:00,1541,49.9999999992724,46.47436866534419,0,0,0
2025-10-04 11:15:00+00:00,1541,50.000000001091394,46.63836756220607,0,0,0
2025-10-04 11:30:00+00:00,1541,39.999999999054126,43.45966777707611,0,0,0
2025-10-04 11:45:00+00:00,1541,49.9999999992724,34.44866316629208,0,0,0
2025-10-04 12:00:00+00:00,1541,50.000000001091394,35.851494812452586,0,0,0
2025-10-04 12:15:00+00:00,1541,39.999999999054126,39.672362141448886,0,0,0
2025-10-04 12:30:00+00:00,1541,50.000000001091394,40.34356316770999,0,0,0
2025-10-04 12:45:00+00:00,1541,39.999999999054126,40.241773080487846,0,0,0
2025-10-04 13:00:00+00:00,1541,50.000000001091394,39.83672615429804,0,0,0
2025-10-04 13:15:00+00:00,1541,49.9999999992724,39.30479272929582,0,0,0
2025-10-04 13:30:00+00:00,1541,40.00000000087312,40.12812348508676,0,0,0
2025-10-04 13:45:00+00:00,1541,29.999999998835847,39.98681200703144,0,0,0
2025-10-04 14:00:00+00:00,1541,50.000000001091394,37.636463805474975,0,0,0
2025-10-04 14:15:00+00:00,1541,39.999999999054126,33.30420613829432,0,0,0
2025-10-04 14:30:00+00:00,1541,40.00000000087312,39.42067552089415,0,0,0
2025-10-04 14:45:00+00:00,1541,29.999999998835847,30.795055664244977,0,0,0
2025-10-04 15:00:00+00:00,1541,20.00000000043656,27.53696633385231,0,0,0
2025-10-04 15:15:00+00:00,1541,20.00000000043656,21.44792459944397,0,0,0
2025-10-04 15:30:00+00:00,1541,39.999999999054126,30.2830490720927,0,0,0
2025-10-04 15:45:00+00:00,1541,40.00000000087312,40.29240056555798,0,0,0
2025-10-04 16:00:00+00:00,1541,39.999999999054126,40.46896795243652,0,0,0
2025-10-04 16:15:00+00:00,1541,40.00000000087312,30.69031084208885,0,0,0
2025-10-04 16:30:00+00:00,1541,30.00000000065484,30.293577548974152,0,0,0
2025-10-04 16:45:00+00:00,1541,39.999999999054126,30.46281074090215,0,0,0
2025-10-04 17:00:00+00:00,1541,40.00000000087312,30.52812303643364,0,0,0
2025-10-04 17:15:00+00:00,1541,39.999999999054126,37.53882908591742,0,0,0
2025-10-04 17:30:00+00:00,1541,50.000000001091394,39.47663099481549,0,0,0
2025-10-04 17:45:00+00:00,1541,59.99999999949068,41.39154457452247,0,0,0
2025-10-04 18:00:00+00:00,1541,49.9999999992724,43.54014590889345,0,0,0
2025-10-04 18:15:00+00:00,1541,50.000000001091394,41.051036245700665,0,0,0
2025-10-04 18:30:00+00:00,1541,49.9999999992724,40.89518967405708,0,0,0
2025-10-04 18:45:00+00:00,1541,59.99999999949068,41.45269667281282,0,0,0
2025-10-04 19:00:00+00:00,1541,50.000000001091394,42.02325705107094,0,0,0
2025-10-04 19:15:00+00:00,1541,59.99999999949068,42.38031923647939,0,0,0
2025-10-04 19:30:00+00:00,1541,40.00000000087312,43.11880592325077,0,0,0
2025-10-04 19:45:00+00:00,1541,39.999999999054126,43.13192884865549,0,0,0
2025-10-04 20:00:00+00:00,1541,59.99999999949068,40.40765744403529,0,0,0
2025-10-04 20:15:00+00:00,1541,50.000000001091394,49.77906051170929,0,0,0
2025-10-04 20:30:00+00:00,1541,49.9999999992724,48.1914763123314,0,0,0
2025-10-04 20:45:00+00:00,1541,40.00000000087312,28.8584717745531,0,0,0
2025-10-04 21:00:00+00:00,1541,49.9999999992724,2.855290766249645,0,0,0
2025-10-04 21:15:00+00:00,1541,59.99999999949068,41.14372934253111,0,0,0
2025-10-04 21:30:00+00:00,1541,50.000000001091394,40.16470849337684,0,0,0
2025-10-04 21:45:00+00:00,1541,39.999999999054126,26.459694511172565,0,0,0
2025-10-04 22:00:00+00:00,1541,30.00000000065484,4.808659366287305,0,0,0
2025-10-04 22:15:00+00:00,1541,49.9999999992724,6.356500014310669,0,0,0
2025-10-04 22:30:00+00:00,1541,50.000000001091394,34.588800091330164,0,0,0
2025-10-04 22:45:00+00:00,1541,39.999999999054126,22.91091538295592,0,0,0
2025-10-04 23:00:00+00:00,1541,20.00000000043656,4.316587334307457,0,0,0
2025-10-04 23:15:00+00:00,1541,20.00000000043656,3.79608261925582,0,0,0
2025-10-04 23:30:00+00:00,1541,19.999999998617568,9.585997285605362,0,0,0
2025-10-04 23:45:00+00:00,1541,20.00000000043656,10.229010971283472,0,0,0
2025-10-05 00:00:00+00:00,1541,20.00000000043656,15.662769480785563,0,0,0
2025-10-05 00:15:00+00:00,1541,10.00000000021828,11.097797701573604,0,0,0
2025-10-05 00:30:00+00:00,1541,10.00000000021828,10.358202144026084,0,0,0
2025-10-05 00:45:00+00:00,1541,20.00000000043656,9.468010730461362,0,0,0
2025-10-05 01:00:00+00:00,1541,19.999999998617568,10.376927378230109,0,0,0
2025-10-05 01:15:00+00:00,1541,10.00000000021828,10.565821776297735,0,0,0
2025-10-05 01:30:00+00:00,1541,20.00000000043656,10.494477339653889,0,0,0
2025-10-05 01:45:00+00:00,1541,10.00000000021828,10.402688339553812,0,0,0
2025-10-05 02:00:00+00:00,1541,10.00000000021828,10.570328737135243,0,0,0
2025-10-05 02:15:00+00:00,1541,19.999999998617568,10.558256727588052,0,0,0
2025-10-05 02:30:00+00:00,1541,20.00000000043656,10.438272659582504,0,0,0
2025-10-05 02:45:00+00:00,1541,20.00000000043656,10.392225544913456,0,0,0
2025-10-05 03:00:00+00:00,1541,20.00000000043656,10.4332653546143,0,0,0
2025-10-05 03:15:00+00:00,1541,10.00000000021828,10.37470770484721,0,0,0
2025-10-05 03:30:00+00:00,1541,19.999999998617568,10.638761905034077,0,0,0
2025-10-05 03:45:00+00:00,1541,20.00000000043656,10.27416944386712,0,0,0
2025-10-05 04:00:00+00:00,1541,20.00000000043656,10.302379966417554,0,0,0
2025-10-05 04:15:00+00:00,1541,20.00000000043656,10.409264290985824,0,0,0
2025-10-05 04:30:00+00:00,1541,10.00000000021828,10.66614367224834,0,0,0
2025-10-05 04:45:00+00:00,1541,9.99999999839929,17.69244925399225,0,0,0
2025-10-05 05:00:00+00:00,1541,20.00000000043656,10.785967398312389,0,0,0
2025-10-05 05:15:00+00:00,1541,20.00000000043656,10.498033839826135,0,0,0
2025-10-05 05:30:00+00:00,1541,30.00000000065484,10.565186204023608,0,0,0
2025-10-05 05:45:00+00:00,1541,29.999999998835847,10.507996290335797,0,0,0
2025-10-05 06:00:00+00:00,1541,20.00000000043656,13.429385895974878,0,0,0
2025-10-05 06:15:00+00:00,1541,30.00000000065484,20.042655465998116,0,0,0
2025-10-05 06:30:00+00:00,1541,9.99999999839929,20.702533067077447,0,0,0
2025-10-05 06:45:00+00:00,1541,20.00000000043656,20.276151003515388,0,0,0
2025-10-05 07:00:00+00:00,1541,20.00000000043656,19.919953312309595,0,0,0
2025-10-05 07:15:00+00:00,1541,20.00000000043656,20.1108814450629,0,0,0
2025-10-05 07:30:00+00:00,1541,29.999999998835847,40.57552772946055,0,0,0
2025-10-05 07:45:00+00:00,1541,30.00000000065484,45.38863735637749,0,0,0
2025-10-05 08:00:00+00:00,1541,30.00000000065484,38.14581219869351,0,0,0
2025-10-05 08:15:00+00:00,1541,39.999999999054126,30.22627933156484,0,0,0
2025-10-05 08:30:00+00:00,1541,40.00000000087312,30.93177131725424,0,0,0
2025-10-05 08:45:00+00:00,1541,29.999999998835847,45.17708065330136,0,0,0
2025-10-05 09:00:00+00:00,1541,30.00000000065484,30.517515354496748,0,0,0
2025-10-05 09:15:00+00:00,1541,40.00000000087312,29.90266003194232,0,0,0
2025-10-05 09:30:00+00:00,1541,29.999999998835847,60.19434757344979,0,0,0
2025-10-05 09:45:00+00:00,1541,40.00000000087312,55.28715586348631,0,0,0
2025-10-05 10:00:00+00:00,1541,59.99999999949068,44.50750429659206,0,0,0
2025-10-05 10:15:00+00:00,1541,79.99999999992724,50.73329404217255,0,0,0
2025-10-05 10:30:00+00:00,1541,69.99999999970896,55.63774062082437,0,0,0
2025-10-05 10:45:00+00:00,1541,59.99999999949068,57.150058767398896,0,0,0
2025-10-05 11:00:00+00:00,1541,50.000000001091394,57.55661252147266,0,0,0
2025-10-05 11:15:00+00:00,1541,49.9999999992724,53.42662911123686,0,0,0
2025-10-05 11:30:00+00:00,1541,50.000000001091394,52.281772194300665,0,0,0
2025-10-05 11:45:00+00:00,1541,49.9999999992724,50.73301972222445,0,0,0
2025-10-05 12:00:00+00:00,1541,40.00000000087312,40.338861091979815,0,0,0
2025-10-05 12:15:00+00:00,1541,29.999999998835847,33.35048120897658,0,0,0
2025-10-05 12:30:00+00:00,1541,0.0,30.43814995711679,0,0,0
2025-10-05 12:45:00+00:00,1541,40.00000000087312,20.358286163047413,0,0,0
2025-10-05 13:00:00+00:00,1541,49.9999999992724,57.00155122028241,0,0,0
2025-10-05 13:15:00+00:00,1541,40.00000000087312,51.572129670523225,0,0,0
2025-10-05 13:30:00+00:00,1541,39.999999999054126,32.34031538655942,0,0,0
2025-10-05 13:45:00+00:00,1541,30.00000000065484,30.406131796413447,0,0,0
2025-10-05 14:00:00+00:00,1541,29.999999998835847,30.667452456272372,0,0,0
2025-10-05 14:15:00+00:00,1541,40.00000000087312,30.879789618919165,0,0,0
2025-10-05 14:30:00+00:00,1541,39.999999999054126,32.1788636083706,0,0,0
2025-10-05 14:45:00+00:00,1541,40.00000000087312,37.96902651495486,0,0,0
2025-10-05 15:00:00+00:00,1541,30.00000000065484,30.36907928511321,0,0,0
2025-10-05 15:15:00+00:00,1541,49.9999999992724,30.33057017352516,0,0,0
2025-10-05 15:30:00+00:00,1541,40.00000000087312,40.68423956579577,0,0,0
2025-10-05 15:45:00+00:00,1541,29.999999998835847,41.07676822956506,0,0,0
2025-10-05 16:00:00+00:00,1541,40.00000000087312,39.82411709583836,0,0,0
2025-10-05 16:15:00+00:00,1541,49.9999999992724,40.27729171827544,0,0,0
2025-10-05 16:30:00+00:00,1541,40.00000000087312,40.95461471577275,0,0,0
2025-10-05 16:45:00+00:00,1541,29.999999998835847,40.402143999444526,0,0,0
2025-10-05 17:00:00+00:00,1541,40.00000000087312,38.88949550983391,0,0,0
2025-10-05 17:15:00+00:00,1541,39.999999999054126,39.52981235996587,0,0,0
2025-10-05 17:30:00+00:00,1541,40.00000000087312,40.2668018780064,0,0,0
2025-10-05 17:45:00+00:00,1541,39.999999999054126,40.20448874951315,0,0,0
2025-10-05 18:00:00+00:00,1541,40.00000000087312,39.99988470484003,0,0,0
2025-10-05 18:15:00+00:00,1541,39.999999999054126,39.79826727030611,0,0,0
2025-10-05 18:30:00+00:00,1541,40.00000000087312,39.79344155741623,0,0,0
2025-10-05 18:45:00+00:00,1541,39.999999999054126,40.02480338801321,0,0,0
2025-10-05 19:00:00+00:00,1541,40.00000000087312,40.05765416771397,0,0,0
2025-10-05 19:15:00+00:00,1541,39.999999999054126,39.81616954466583,0,0,0
2025-10-05 19:30:00+00:00,1541,40.00000000087312,39.94824687235539,0,0,0
2025-10-05 19:45:00+00:00,1541,40.00000000087312,40.038683591021154,0,0,0
2025-10-05 20:00:00+00:00,1541,19.999999998617568,39.95566896559916,0,0,0
2025-10-05 20:15:00+00:00,1541,0.0,0.56856740617771,0,0,0
2025-10-05 20:30:00+00:00,1541,0.0,0.9495862231103552,0,0,0
2025-10-05 20:45:00+00:00,1541,10.00000000021828,2.228013772805724,0,0,0
2025-10-05 21:00:00+00:00,1541,20.00000000043656,18.67256158744707,0,0,0
2025-10-05 21:15:00+00:00,1541,20.00000000043656,20.388065332061657,0,0,0
2025-10-05 21:30:00+00:00,1541,10.00000000021828,20.04085886352109,0,0,0
2025-10-05 21:45:00+00:00,1541,19.999999998617568,19.966366508881222,0,0,0
2025-10-05 22:00:00+00:00,1541,20.00000000043656,19.97155154226651,0,0,0
2025-10-05 22:15:00+00:00,1541,20.00000000043656,19.933708429284856,0,0,0
2025-10-05 22:30:00+00:00,1541,20.00000000043656,19.936205320361783,0,0,0
2025-10-05 22:45:00+00:00,1541,9.99999999839929,19.817897115419484,0,0,0
2025-10-05 23:00:00+00:00,1541,0.0,19.909645064118877,0,0,0
2025-10-05 23:15:00+00:00,1541,0.0,8.917180138329897,0,0,0
2025-10-05 23:30:00+00:00,1541,10.00000000021828,6.905074228277446,0,0,0
2025-10-05 23:45:00+00:00,1541,0.0,9.780716152993648,0,0,0
2025-10-06 00:00:00+00:00,1541,0.0,10.083895718736487,0,0,0
2025-10-06 00:15:00+00:00,1541,10.00000000021828,9.919008179789198,0,0,0
2025-10-06 00:30:00+00:00,1541,0.0,27.61570678402655,0,0,0
2025-10-06 00:45:00+00:00,1541,0.0,10.544523343707272,0,0,0
2025-10-06 01:00:00+00:00,1541,10.00000000021828,10.011967869245264,0,0,0
2025-10-06 01:15:00+00:00,1541,0.0,9.804655398042268,0,0,0
2025-10-06 01:30:00+00:00,1541,0.0,9.93166746584501,0,0,0
2025-10-06 01:45:00+00:00,1541,10.00000000021828,9.971289311870445,0,0,0
2025-10-06 02:00:00+00:00,1541,0.0,9.35214725716924,0,0,0
2025-10-06 02:15:00+00:00,1541,0.0,9.967334854590383,0,0,0
2025-10-06 02:30:00+00:00,1541,10.00000000021828,9.935370785144414,0,0,0
2025-10-06 02:45:00+00:00,1541,0.0,0.9658870098857122,0,0,0
2025-10-06 03:00:00+00:00,1541,10.00000000021828,9.881495892801295,0,0,0
2025-10-06 03:15:00+00:00,1541,49.9999999992724,9.71471322801534,0,0,0
2025-10-06 03:30:00+00:00,1541,69.99999999970896,56.33323441713763,0,0,0
2025-10-06 03:45:00+00:00,1541,20.00000000043656,52.66779445254028,0,0,0
2025-10-06 04:00:00+00:00,1541,0.0,37.724943579722215,0,0,0
2025-10-06 04:15:00+00:00,1541,0.0,18.90784310237295,0,0,0
2025-10-06 04:30:00+00:00,1541,10.00000000021828,14.907075978677833,0,0,0
2025-10-06 04:45:00+00:00,1541,39.999999999054126,14.223283280432636,0,0,0
2025-10-06 05:00:00+00:00,1541,30.00000000065484,20.67906277391194,0,0,0
2025-10-06 05:15:00+00:00,1541,20.00000000043656,21.305459818508247,0,0,0
2025-10-06 05:30:00+00:00,1541,20.00000000043656,20.219504900147232,0,0,0
2025-10-06 05:45:00+00:00,1541,19.999999998617568,15.188831542839882,0,0,0
2025-10-06 06:00:00+00:00,1541,20.00000000043656,21.07884787644929,0,0,0
2025-10-06 06:15:00+00:00,1541,20.00000000043656,48.00164304458224,0,0,0
2025-10-06 06:30:00+00:00,1541,49.9999999992724,41.119164184361466,0,0,0
2025-10-06 06:45:00+00:00,1541,50.000000001091394,45.93914533279533,0,0,0
2025-10-06 07:00:00+00:00,1541,39.999999999054126,46.67198334683252,0,0,0
2025-10-06 07:15:00+00:00,1541,30.00000000065484,44.39914598526038,0,0,0
2025-10-06 07:30:00+00:00,1541,39.999999999054126,47.486522341469794,0,0,0
2025-10-06 07:45:00+00:00,1541,40.00000000087312,46.685527411312506,0,0,0
2025-10-06 08:00:00+00:00,1541,39.999999999054126,40.15747571953388,0,0,0
2025-10-06 08:15:00+00:00,1541,50.000000001091394,39.93832499028876,0,0,0
2025-10-06 08:30:00+00:00,1541,49.9999999992724,40.50905343781086,0,0,0
2025-10-06 08:45:00+00:00,1541,60.00000000130967,40.39053562924624,0,0,0
2025-10-06 09:00:00+00:00,1541,9.99999999839929,40.91061727339199,0,0,0
2025-10-06 09:15:00+00:00,1541,50.000000001091394,30.264696681198423,0,0,0
2025-10-06 09:30:00+00:00,1541,69.99999999970896,41.84773864821932,0,0,0
2025-10-06 09:45:00+00:00,1541,79.99999999992724,43.38550286772641,0,0,0
2025-10-06 10:00:00+00:00,1541,49.9999999992724,44.85322470442784,0,0,0
2025-10-06 10:15:00+00:00,1541,50.000000001091394,44.631935438685886,0,0,0
2025-10-06 10:30:00+00:00,1541,59.99999999949068,44.3841646387988,0,0,0
2025-10-06 10:45:00+00:00,1541,59.99999999949068,50.91984319786695,0,0,0
2025-10-06 11:00:00+00:00,1541,60.00000000130967,51.08867746677183,0,0,0
2025-10-06 11:15:00+00:00,1541,49.9999999992724,52.75509774193967,0,0,0
2025-10-06 11:30:00+00:00,1541,30.00000000065484,45.4500966157365,0,0,0
2025-10-06 11:45:00+00:00,1541,59.99999999949068,40.227164577336,0,0,0
2025-10-06 12:00:00+00:00,1541,49.9999999992724,54.89986632435968,0,0,0
2025-10-06 12:15:00+00:00,1541,40.00000000087312,54.90350202958736,0,0,0
2025-10-06 12:30:00+00:00,1541,69.99999999970896,39.96881120931008,0,0,0
2025-10-06 12:45:00+00:00,1541,40.00000000087312,43.006091333869975,0,0,0
2025-10-06 13:00:00+00:00,1541,19.999999998617568,41.741205916823965,0,0,0
2025-10-06 13:15:00+00:00,1541,30.00000000065484,40.36091293851226,0,0,0
2025-10-06 13:30:00+00:00,1541,30.00000000065484,45.24398960684066,0,0,0
2025-10-06 13:45:00+00:00,1541,19.999999998617568,51.24930531920102,0,0,0
2025-10-06 14:00:00+00:00,1541,30.00000000065484,40.964277732536246,0,0,0
2025-10-06 14:15:00+00:00,1541,40.00000000087312,40.08556912017948,0,0,0
2025-10-06 14:30:00+00:00,1541,19.999999998617568,39.88735170753756,0,0,0
2025-10-06 14:45:00+00:00,1541,20.00000000043656,30.03699953328843,0,0,0
2025-10-06 15:00:00+00:00,1541,20.00000000043656,30.162112611591272,0,0,0
2025-10-06 15:15:00+00:00,1541,29.999999998835847,35.84413840144991,0,0,0
2025-10-06 15:30:00+00:00,1541,40.00000000087312,31.26712069240413,0,0,0
2025-10-06 15:45:00+00:00,1541,49.9999999992724,30.511807760928622,0,0,0
2025-10-06 16:00:00+00:00,1541,20.00000000043656,30.07949787510772,0,0,0
2025-10-06 16:15:00+00:00,1541,30.00000000065484,29.82834830346546,0,0,0
2025-10-06 16:30:00+00:00,1541,29.999999998835847,30.06860814590024,0,0,0
2025-10-06 16:45:00+00:00,1541,30.00000000065484,31.2903181144945,0,0,0
2025-10-06 17:00:00+00:00,1541,30.00000000065484,35.76138070950044,0,0,0
2025-10-06 17:15:00+00:00,1541,29.999999998835847,30.728772623826707,0,0,0
2025-10-06 17:30:00+00:00,1541,30.00000000065484,30.01064936362549,0,0,0
2025-10-06 17:45:00+00:00,1541,30.00000000065484,29.919586731838702,0,0,0
2025-10-06 18:00:00+00:00,1541,39.999999999054126,30.144192950755976,0,0,0
2025-10-06 18:15:00+00:00,1541,30.00000000065484,37.72838417005724,0,0,0
2025-10-06 18:30:00+00:00,1541,29.999999998835847,30.34296576470128,0,0,0
2025-10-06 18:45:00+00:00,1541,30.00000000065484,30.00150697521421,0,0,0
2025-10-06 19:00:00+00:00,1541,30.00000000065484,30.519905028974243,0,0,0
2025-10-06 22:00:00+00:00,1541,0.0,33.62490644184933,0,0,0
2025-10-06 22:15:00+00:00,1541,0.0,11.091289364213306,0,0,0
2025-10-06 22:30:00+00:00,1541,10.00000000021828,0.4961585308619902,0,0,0
2025-10-06 22:45:00+00:00,1541,0.0,1.2000480630517316,0,0,0
2025-10-06 23:00:00+00:00,1541,0.0,1.359350679675302,0,0,0
2025-10-06 23:15:00+00:00,1541,0.0,4.135594123477471,0,0,0
2025-10-06 23:30:00+00:00,1541,0.0,9.136757802142135,0,0,0
2025-10-06 23:45:00+00:00,1541,0.0,9.800277869856329,0,0,0
2025-10-07 00:00:00+00:00,1541,0.0,10.02311066826402,0,0,0
2025-10-07 00:15:00+00:00,1541,10.00000000021828,10.026298188787766,0,0,0
2025-10-07 00:30:00+00:00,1541,10.00000000021828,9.946954041544632,0,0,0
2025-10-07 00:45:00+00:00,1541,0.0,9.735745067980186,0,0,0
2025-10-07 01:00:00+00:00,1541,10.00000000021828,9.730438329265809,0,0,0
2025-10-07 01:15:00+00:00,1541,0.0,3.9362369307694856,0,0,0
2025-10-07 01:30:00+00:00,1541,10.00000000021828,9.618067605735458,0,0,0
2025-10-07 01:45:00+00:00,1541,0.0,1.22347344115531,0,0,0
2025-10-07 02:00:00+00:00,1541,10.00000000021828,9.406634539819038,0,0,0
2025-10-07 06:45:00+00:00,1541,40.00000000087312,0.3786530015424851,0,0,0
2025-10-07 07:00:00+00:00,1541,29.999999998835847,41.17908957020783,0,0,0
2025-10-07 07:15:00+00:00,1541,30.00000000065484,30.20569084672739,0,0,0
2025-10-07 07:30:00+00:00,1541,49.9999999992724,31.32979120956216,0,0,0
2025-10-07 07:45:00+00:00,1541,60.00000000130967,41.6298262224019,0,0,0
2025-10-07 08:00:00+00:00,1541,39.999999999054126,40.86400220052053,0,0,0
2025-10-07 08:15:00+00:00,1541,30.00000000065484,35.978763813727845,0,0,0
2025-10-07 08:30:00+00:00,1541,29.999999998835847,30.58509272143072,0,0,0
2025-10-07 08:45:00+00:00,1541,30.00000000065484,30.21186690922097,0,0,0
2025-10-07 09:00:00+00:00,1541,30.00000000065484,30.022207506227645,0,0,0
2025-10-07 09:15:00+00:00,1541,19.999999998617568,29.970569673743007,0,0,0
2025-10-07 09:30:00+00:00,1541,30.00000000065484,29.58313524731985,0,0,0
2025-10-07 09:45:00+00:00,1541,20.00000000043656,25.031523042763613,0,0,0
2025-10-07 10:00:00+00:00,1541,10.00000000021828,22.967286200460656,0,0,0
2025-10-07 10:15:00+00:00,1541,29.999999998835847,17.67395487354737,0,0,0
2025-10-07 10:30:00+00:00,1541,40.00000000087312,20.82563462674674,0,0,0
2025-10-07 10:45:00+00:00,1541,30.00000000065484,30.01737406601528,0,0,0
2025-10-07 11:00:00+00:00,1541,19.999999998617568,28.9337513501708,0,0,0
2025-10-07 11:15:00+00:00,1541,20.00000000043656,20.065583397716928,0,0,0
2025-10-07 11:30:00+00:00,1541,30.00000000065484,28.99044961296571,0,0,0
2025-10-07 11:45:00+00:00,1541,19.999999998617568,28.825422982213745,0,0,0
2025-10-07 12:00:00+00:00,1541,20.00000000043656,24.074291311177404,0,0,0
2025-10-07 12:15:00+00:00,1541,30.00000000065484,20.647862260518703,0,0,0
2025-10-07 12:30:00+00:00,1541,30.00000000065484,20.545445294260222,0,0,0
2025-10-07 12:45:00+00:00,1541,19.999999998617568,20.50577466951162,0,0,0
2025-10-07 13:00:00+00:00,1541,30.00000000065484,20.47439111516709,0,0,0
2025-10-07 13:15:00+00:00,1541,20.00000000043656,20.422632060311027,0,0,0
2025-10-07 13:30:00+00:00,1541,19.999999998617568,20.42449289615617,0,0,0
2025-10-07 13:45:00+00:00,1541,30.00000000065484,20.500336566315053,0,0,0
2025-10-07 14:00:00+00:00,1541,20.00000000043656,20.426323788626707,0,0,0
2025-10-07 14:15:00+00:00,1541,20.00000000043656,20.416586879341985,0,0,0
2025-10-07 14:30:00+00:00,1541,19.999999998617568,20.460542304406744,0,0,0
2025-10-07 14:45:00+00:00,1541,20.00000000043656,20.37557749597341,0,0,0
2025-10-07 15:00:00+00:00,1541,20.00000000043656,20.346590377513557,0,0,0
2025-10-07 15:15:00+00:00,1541,20.00000000043656,20.379241212745093,0,0,0
2025-10-07 15:30:00+00:00,1541,19.999999998617568,20.16919182051057,0,0,0
2025-10-07 15:45:00+00:00,1541,20.00000000043656,20.236060688564493,0,0,0
2025-10-07 16:00:00+00:00,1541,20.00000000043656,20.358729035217152,0,0,0
2025-10-07 16:15:00+00:00,1541,49.9999999992724,20.12279601041453,0,0,0
2025-10-07 16:30:00+00:00,1541,10.00000000021828,22.169756974436453,0,0,0
2025-10-07 16:45:00+00:00,1541,20.00000000043656,20.574317951755816,0,0,0
2025-10-07 17:00:00+00:00,1541,20.00000000043656,20.05503560252927,0,0,0
2025-10-07 17:15:00+00:00,1541,29.999999998835847,21.25282322959284,0,0,0
2025-10-07 17:30:00+00:00,1541,20.00000000043656,20.51399798950522,0,0,0
2025-10-07 17:45:00+00:00,1541,20.00000000043656,21.060886198298004,0,0,0
2025-10-07 18:00:00+00:00,1541,20.00000000043656,20.379587010426157,0,0,0
2025-10-07 18:15:00+00:00,1541,19.999999998617568,20.35071966546477,0,0,0
2025-10-07 18:30:00+00:00,1541,30.00000000065484,20.924141084871778,0,0,0
2025-10-07 18:45:00+00:00,1541,30.00000000065484,20.657179479601133,0,0,0
2025-10-07 19:00:00+00:00,1541,19.999999998617568,20.480924083367803,0,0,0
2025-10-07 19:15:00+00:00,1541,30.00000000065484,20.43486924137627,0,0,0
2025-10-07 19:30:00+00:00,1541,20.00000000043656,20.14218531139433,0,0,0
2025-10-07 19:45:00+00:00,1541,20.00000000043656,23.152630859763207,0,0,0
2025-10-07 20:00:00+00:00,1541,29.999999998835847,24.905350355365456,0,0,0
2025-10-07 20:15:00+00:00,1541,30.00000000065484,20.876332140676872,0,0,0
2025-10-07 20:30:00+00:00,1541,30.00000000065484,20.55996251841525,0,0,0
2025-10-07 20:45:00+00:00,1541,19.999999998617568,20.417639727030128,0,0,0
2025-10-07 21:15:00+00:00,1541,30.00000000065484,29.76566909306964,0,0,0
2025-10-07 21:30:00+00:00,1541,19.999999998617568,27.25835675585566,0,0,0
2025-10-07 21:45:00+00:00,1541,20.00000000043656,29.17606762630105,0,0,0
2025-10-07 22:00:00+00:00,1541,0.0,19.989671147571023,0,0,0
2025-10-07 22:15:00+00:00,1541,0.0,0.1929480558292198,0,0,0
2025-10-07 22:30:00+00:00,1541,0.0,0.1080653501972577,0,0,0
2025-10-07 22:45:00+00:00,1541,0.0,0.1586001073976142,0,0,0
2025-10-07 23:00:00+00:00,1541,0.0,0.1942790871267128,0,0,0
2025-10-07 23:15:00+00:00,1541,0.0,0.2481172746880382,0,0,0
2025-10-07 23:30:00+00:00,1541,0.0,0.3112379083806331,0,0,0
2025-10-07 23:45:00+00:00,1541,10.00000000021828,0.3497953157341982,0,0,0
2025-10-08 00:00:00+00:00,1541,0.0,1.5080552735150796,0,0,0
2025-10-08 00:15:00+00:00,1541,10.00000000021828,7.566855648433233,0,0,0
2025-10-08 00:30:00+00:00,1541,10.00000000021828,1.332975396214291,0,0,0
2025-10-08 00:45:00+00:00,1541,0.0,1.4253439455005008,0,0,0
2025-10-08 01:00:00+00:00,1541,10.00000000021828,9.367710084647584,0,0,0
2025-10-08 01:15:00+00:00,1541,0.0,4.140879612055024,0,0,0
2025-10-08 01:30:00+00:00,1541,0.0,9.584523298841958,0,0,0
2025-10-08 01:45:00+00:00,1541,9.99999999839929,9.761355346515494,0,0,0
2025-10-08 02:00:00+00:00,1541,0.0,7.378117728645861,0,0,0
2025-10-08 02:45:00+00:00,1541,0.0,9.757800778173866,0,0,0
2025-10-08 03:00:00+00:00,1541,10.00000000021828,9.819074581793306,0,0,0
2025-10-08 03:15:00+00:00,1541,10.00000000021828,0.3759407113513724,0,0,0
2025-10-08 03:30:00+00:00,1541,0.0,0.2798031605246649,0,0,0
2025-10-08 03:45:00+00:00,1541,0.0,9.675122291279834,0,0,0
2025-10-08 04:00:00+00:00,1541,10.00000000021828,9.676362526538163,0,0,0
2025-10-08 04:15:00+00:00,1541,0.0,0.2627933919116003,0,0,0
2025-10-08 04:30:00+00:00,1541,10.00000000021828,9.699219946439332,0,0,0
2025-10-08 04:45:00+00:00,1541,10.00000000021828,0.3349820385365873,0,0,0
2025-10-08 05:00:00+00:00,1541,0.0,0.1308126557530577,0,0,0
2025-10-08 05:15:00+00:00,1541,0.0,9.607836630769553,0,0,0
2025-10-08 05:30:00+00:00,1541,10.00000000021828,9.775592938188211,0,0,0
2025-10-08 05:45:00+00:00,1541,0.0,0.3013295491283436,0,0,0
2025-10-08 06:00:00+00:00,1541,10.00000000021828,9.69608265351172,0,0,0
2025-10-08 06:15:00+00:00,1541,49.9999999992724,0.3606850449416754,0,0,0
2025-10-08 06:30:00+00:00,1541,119.99999999898137,39.859911985404686,0,0,0
2025-10-08 06:45:00+00:00,1541,40.00000000087312,46.5341472320634,0,0,0
2025-10-08 09:15:00+00:00,1541,49.9999999992724,45.34282978870537,0,0,0
2025-10-08 09:30:00+00:00,1541,39.999999999054126,33.516444777579466,0,0,0
2025-10-08 09:45:00+00:00,1541,30.00000000065484,44.816259125505525,0,0,0
2025-10-08 10:00:00+00:00,1541,20.00000000043656,33.54278721991992,0,0,0
2025-10-08 10:15:00+00:00,1541,29.999999998835847,30.33693555541954,0,0,0
2025-10-08 10:30:00+00:00,1541,20.00000000043656,30.40034886145113,0,0,0
2025-10-08 10:45:00+00:00,1541,30.00000000065484,29.994108063937887,0,0,0
2025-10-08 11:00:00+00:00,1541,30.00000000065484,22.648841309155014,0,0,0
2025-10-08 11:15:00+00:00,1541,39.999999999054126,28.277793433420367,0,0,0
2025-10-08 11:30:00+00:00,1541,30.00000000065484,28.5975693560235,0,0,0
2025-10-08 11:45:00+00:00,1541,19.999999998617568,20.56743532221281,0,0,0
2025-10-08 12:00:00+00:00,1541,20.00000000043656,20.37728909790313,0,0,0
2025-10-08 12:15:00+00:00,1541,30.00000000065484,20.351248021139455,0,0,0
2025-10-08 12:30:00+00:00,1541,20.00000000043656,20.35297217996821,0,0,0
2025-10-08 12:45:00+00:00,1541,29.999999998835847,20.368004719941244,0,0,0
2025-10-08 13:00:00+00:00,1541,30.00000000065484,20.34838504815995,0,0,0
2025-10-08 13:15:00+00:00,1541,39.999999999054126,20.392127488898808,0,0,0
2025-10-08 13:30:00+00:00,1541,30.00000000065484,20.36656550612901,0,0,0
2025-10-08 13:45:00+00:00,1541,0.0,20.350022274610783,0,0,0
2025-10-08 14:00:00+00:00,1541,20.00000000043656,15.617466120905386,0,0,0
2025-10-08 14:15:00+00:00,1541,20.00000000043656,20.4325061295698,0,0,0
2025-10-08 14:30:00+00:00,1541,29.999999998835847,20.572607798699064,0,0,0
2025-10-08 14:45:00+00:00,1541,20.00000000043656,20.40790571549133,0,0,0
2025-10-08 15:00:00+00:00,1541,20.00000000043656,20.19072931714032,0,0,0
2025-10-08 15:15:00+00:00,1541,19.999999998617568,19.97766964984148,0,0,0
2025-10-08 15:30:00+00:00,1541,0.0,19.756620897011768,0,0,0
2025-10-08 15:45:00+00:00,1541,20.00000000043656,0.1955347770300051,0,0,0
2025-10-08 16:00:00+00:00,1541,20.00000000043656,24.56536458672648,0,0,0
2025-10-08 16:15:00+00:00,1541,30.00000000065484,20.289966490197536,0,0,0
2025-10-08 16:30:00+00:00,1541,19.999999998617568,17.963325714015234,0,0,0
2025-10-08 16:45:00+00:00,1541,30.00000000065484,20.150663150072177,0,0,0
2025-10-08 17:00:00+00:00,1541,20.00000000043656,20.160312644021328,0,0,0
2025-10-08 17:15:00+00:00,1541,10.00000000021828,20.620365066424867,0,0,0
2025-10-08 17:30:00+00:00,1541,29.999999998835847,20.202137742869382,0,0,0
2025-10-08 17:45:00+00:00,1541,20.00000000043656,24.759105464863165,0,0,0
2025-10-08 18:00:00+00:00,1541,20.00000000043656,20.63365557813591,0,0,0
2025-10-08 18:15:00+00:00,1541,20.00000000043656,20.208573636581416,0,0,0
2025-10-08 18:30:00+00:00,1541,19.999999998617568,20.461591288433645,0,0,0
2025-10-08 18:45:00+00:00,1541,30.00000000065484,20.481786645739835,0,0,0
2025-10-08 19:00:00+00:00,1541,30.00000000065484,23.577273792809205,0,0,0
2025-10-08 19:15:00+00:00,1541,19.999999998617568,28.597648561078937,0,0,0
2025-10-08 19:30:00+00:00,1541,20.00000000043656,29.530601045427325,0,0,0
2025-10-08 19:45:00+00:00,1541,30.00000000065484,28.487507170084584,0,0,0
2025-10-08 20:00:00+00:00,1541,20.00000000043656,23.35130997992341,0,0,0
2025-10-08 20:15:00+00:00,1541,29.999999998835847,27.40358212274801,0,0,0
2025-10-08 20:30:00+00:00,1541,20.00000000043656,20.64960573765366,0,0,0
2025-10-08 20:45:00+00:00,1541,30.00000000065484,25.68268470704113,0,0,0
2025-10-08 21:00:00+00:00,1541,19.999999998617568,28.39771568284605,0,0,0
2025-10-08 22:00:00+00:00,1541,0.0,29.885092930195256,0,0,0
2025-10-08 22:15:00+00:00,1541,0.0,0.1757586269684559,0,0,0
2025-10-08 22:30:00+00:00,1541,0.0,0.1067401143916271,0,0,0
2025-10-08 22:45:00+00:00,1541,0.0,0.089913869687507,0,0,0
2025-10-08 23:00:00+00:00,1541,10.00000000021828,0.1467463947105329,0,0,0
2025-10-08 23:15:00+00:00,1541,0.0,0.2897308380831589,0,0,0
2025-10-08 23:30:00+00:00,1541,0.0,5.449598265879054,0,0,0
2025-10-08 23:45:00+00:00,1541,0.0,0.4166134732343316,0,0,0
2025-10-09 00:00:00+00:00,1541,0.0,0.247757954192636,0,0,0
2025-10-09 00:15:00+00:00,1541,0.0,0.2789357685760834,0,0,0
2025-10-09 00:30:00+00:00,1541,0.0,1.273274102719899,0,0,0
2025-10-09 00:45:00+00:00,1541,0.0,0.3443166440946008,0,0,0
2025-10-09 01:00:00+00:00,1541,0.0,0.2276166881438222,0,0,0
2025-10-09 01:15:00+00:00,1541,0.0,0.3324919088668245,0,0,0
2025-10-09 01:30:00+00:00,1541,10.00000000021828,0.2761577961438739,0,0,0
2025-10-09 01:45:00+00:00,1541,0.0,0.1780401189312073,0,0,0
2025-10-09 02:00:00+00:00,1541,0.0,0.2417615519467588,0,0,0
2025-10-09 02:15:00+00:00,1541,0.0,0.1876625672516709,0,0,0
2025-10-09 02:30:00+00:00,1541,10.00000000021828,0.1563611157085134,0,0,0
2025-10-09 02:45:00+00:00,1541,0.0,0.0827738237143229,0,0,0
2025-10-09 03:00:00+00:00,1541,10.00000000021828,0.1422355702117812,0,0,0
2025-10-09 03:15:00+00:00,1541,0.0,0.1570585065624961,0,0,0
2025-10-09 03:30:00+00:00,1541,10.00000000021828,0.3831734851943373,0,0,0
2025-10-09 03:45:00+00:00,1541,0.0,0.3343310116174933,0,0,0
2025-10-09 04:00:00+00:00,1541,0.0,5.8498503884689015,0,0,0
2025-10-09 04:15:00+00:00,1541,0.0,1.6987965016558562,0,0,0
2025-10-09 04:30:00+00:00,1541,10.00000000021828,5.331839666748266,0,0,0
2025-10-09 04:45:00+00:00,1541,0.0,0.3042620680101855,0,0,0
2025-10-09 05:00:00+00:00,1541,10.00000000021828,0.4590306781675579,0,0,0
2025-10-09 05:15:00+00:00,1541,0.0,0.3032246749670051,0,0,0
2025-10-09 05:30:00+00:00,1541,9.99999999839929,0.8105910099689595,0,0,0
2025-10-09 05:45:00+00:00,1541,0.0,1.724395189207442,0,0,0
2025-10-09 06:00:00+00:00,1541,0.0,7.628859684027205,0,0,0
2025-10-09 06:15:00+00:00,1541,70.00000000152795,0.4391347546075401,0,0,0
2025-10-09 06:30:00+00:00,1541,109.99999999876307,50.09115740759613,0,0,0
2025-10-09 06:45:00+00:00,1541,40.00000000087312,53.34374585029706,0,0,0
2025-10-09 07:00:00+00:00,1541,20.00000000043656,47.56379942994904,0,0,0
2025-10-09 07:15:00+00:00,1541,19.999999998617568,29.953002571995945,0,0,0
2025-10-09 07:30:00+00:00,1541,60.00000000130967,39.15501790129231,0,0,0
2025-10-09 07:45:00+00:00,1541,39.999999999054126,41.52271394182042,0,0,0
2025-10-09 08:00:00+00:00,1541,50.000000001091394,33.66964474127303,0,0,0
2025-10-09 08:15:00+00:00,1541,29.999999998835847,33.93001880412794,0,0,0
2025-10-09 08:30:00+00:00,1541,40.00000000087312,31.069867263241814,0,0,0
2025-10-09 08:45:00+00:00,1541,39.999999999054126,30.246542302942743,0,0,0
2025-10-09 09:00:00+00:00,1541,59.99999999949068,31.00933528258063,0,0,0
2025-10-09 09:15:00+00:00,1541,70.00000000152795,38.83361151364552,0,0,0
2025-10-09 09:30:00+00:00,1541,39.999999999054126,39.74370078260088,0,0,0
2025-10-09 09:45:00+00:00,1541,30.00000000065484,30.40857749397894,0,0,0
2025-10-09 10:00:00+00:00,1541,29.999999998835847,30.368950818376952,0,0,0
2025-10-09 10:15:00+00:00,1541,30.00000000065484,30.64906336059631,0,0,0
2025-10-09 10:30:00+00:00,1541,30.00000000065484,30.556122989446447,0,0,0
2025-10-09 10:45:00+00:00,1541,39.999999999054126,28.419517357313147,0,0,0
2025-10-09 11:00:00+00:00,1541,30.00000000065484,30.027566404368773,0,0,0
2025-10-09 11:15:00+00:00,1541,30.00000000065484,29.48371165260776,0,0,0
2025-10-09 11:30:00+00:00,1541,49.9999999992724,20.79116352411308,0,0,0
2025-10-09 11:45:00+00:00,1541,30.00000000065484,30.1942235001644,0,0,0
2025-10-09 12:00:00+00:00,1541,29.999999998835847,29.959000906072443,0,0,0
2025-10-09 12:15:00+00:00,1541,40.00000000087312,29.86815560523046,0,0,0
2025-10-09 12:30:00+00:00,1541,29.999999998835847,29.95300450382657,0,0,0
2025-10-09 12:45:00+00:00,1541,50.000000001091394,30.04686442635176,0,0,0
2025-10-09 13:00:00+00:00,1541,29.999999998835847,30.218410985447743,0,0,0
2025-10-09 13:15:00+00:00,1541,30.00000000065484,30.58273975173501,0,0,0
2025-10-09 13:30:00+00:00,1541,40.00000000087312,30.07570375976915,0,0,0
2025-10-09 13:45:00+00:00,1541,39.999999999054126,30.30856565684292,0,0,0
2025-10-09 14:00:00+00:00,1541,40.00000000087312,31.06592439694548,0,0,0
2025-10-09 14:15:00+00:00,1541,49.9999999992724,36.00894673534176,0,0,0
2025-10-09 14:30:00+00:00,1541,30.00000000065484,31.440547888609125,0,0,0
2025-10-09 14:45:00+00:00,1541,29.999999998835847,30.457864288598486,0,0,0
2025-10-09 15:00:00+00:00,1541,40.00000000087312,30.748127634813,0,0,0
2025-10-09 15:15:00+00:00,1541,49.9999999992724,39.459710090410965,0,0,0
2025-10-09 15:30:00+00:00,1541,30.00000000065484,38.93706104337063,0,0,0
2025-10-09 15:45:00+00:00,1541,39.999999999054126,30.061514463861947,0,0,0
2025-10-09 16:00:00+00:00,1541,30.00000000065484,30.919249191172483,0,0,0
2025-10-09 16:15:00+00:00,1541,40.00000000087312,32.71238789588876,0,0,0
2025-10-09 16:30:00+00:00,1541,39.999999999054126,32.63124907799923,0,0,0
2025-10-09 16:45:00+00:00,1541,40.00000000087312,33.89138219171893,0,0,0
2025-10-09 17:00:00+00:00,1541,29.999999998835847,37.86651778674192,0,0,0
2025-10-09 17:15:00+00:00,1541,40.00000000087312,39.29015718051529,0,0,0
2025-10-09 17:30:00+00:00,1541,29.999999998835847,39.38921759107073,0,0,0
2025-10-09 17:45:00+00:00,1541,40.00000000087312,39.597422568020384,0,0,0
2025-10-09 18:00:00+00:00,1541,39.999999999054126,37.60895453743976,0,0,0
2025-10-09 18:15:00+00:00,1541,30.00000000065484,38.790887147643645,0,0,0
2025-10-09 18:30:00+00:00,1541,40.00000000087312,38.65185716155108,0,0,0
2025-10-09 18:45:00+00:00,1541,39.999999999054126,34.13903708176879,0,0,0
2025-10-09 19:00:00+00:00,1541,40.00000000087312,38.46393447428554,0,0,0
2025-10-09 19:15:00+00:00,1541,29.999999998835847,39.254870362402144,0,0,0
2025-10-09 19:30:00+00:00,1541,40.00000000087312,39.66270685200788,0,0,0
2025-10-09 19:45:00+00:00,1541,39.999999999054126,38.01504078850337,0,0,0
2025-10-09 21:00:00+00:00,1541,40.00000000087312,38.57782168485294,0,0,0
2025-10-09 21:15:00+00:00,1541,30.00000000065484,39.31189220682597,0,0,0
2025-10-09 21:30:00+00:00,1541,29.999999998835847,39.04066511954538,0,0,0
2025-10-09 21:45:00+00:00,1541,30.00000000065484,38.05994812310636,0,0,0
2025-10-09 22:00:00+00:00,1541,0.0,35.0542225199009,0,0,0
2025-10-09 22:15:00+00:00,1541,0.0,0.2966236097369261,0,0,0
2025-10-09 22:30:00+00:00,1541,0.0,0.1559805450762859,0,0,0
2025-10-09 22:45:00+00:00,1541,0.0,0.1326517585037265,0,0,0
2025-10-09 23:00:00+00:00,1541,0.0,0.1689257420639229,0,0,0
2025-10-09 23:15:00+00:00,1541,0.0,0.2048616552655389,0,0,0
2025-10-09 23:30:00+00:00,1541,0.0,0.3329265707564275,0,0,0
2025-10-09 23:45:00+00:00,1541,0.0,0.1674305051636935,0,0,0
2025-10-10 00:00:00+00:00,1541,10.00000000021828,0.1121878767412987,0,0,0
2025-10-10 00:15:00+00:00,1541,0.0,0.1825528752605798,0,0,0
2025-10-10 00:30:00+00:00,1541,10.00000000021828,0.1153908519100035,0,0,0
2025-10-10 00:45:00+00:00,1541,0.0,0.1894108739631761,0,0,0
2025-10-10 01:00:00+00:00,1541,10.00000000021828,0.2196324321894991,0,0,0
2025-10-10 01:15:00+00:00,1541,0.0,0.4888446201329657,0,0,0
2025-10-10 01:30:00+00:00,1541,9.99999999839929,1.7829992029094228,0,0,0
2025-10-10 01:45:00+00:00,1541,0.0,0.5733139140121537,0,0,0
2025-10-10 02:00:00+00:00,1541,10.00000000021828,9.475367141464035,0,0,0
2025-10-10 02:15:00+00:00,1541,0.0,4.921273500475834,0,0,0
2025-10-10 02:30:00+00:00,1541,10.00000000021828,8.966258295242437,0,0,0
2025-10-10 02:45:00+00:00,1541,10.00000000021828,1.0845786832061783,0,0,0
2025-10-10 03:00:00+00:00,1541,0.0,0.5064107559647226,0,0,0
2025-10-10 03:15:00+00:00,1541,10.00000000021828,9.498838883502508,0,0,0
2025-10-10 03:30:00+00:00,1541,0.0,0.6367378451121581,0,0,0
2025-10-10 03:45:00+00:00,1541,10.00000000021828,9.486710850867322,0,0,0
2025-10-10 04:00:00+00:00,1541,0.0,9.155200989075574,0,0,0
2025-10-10 04:15:00+00:00,1541,10.00000000021828,9.702059737451393,0,0,0
2025-10-10 04:30:00+00:00,1541,0.0,1.551382370670538,0,0,0
2025-10-10 04:45:00+00:00,1541,10.00000000021828,9.666083255806749,0,0,0
2025-10-10 05:00:00+00:00,1541,0.0,5.180579260997632,0,0,0
2025-10-10 05:15:00+00:00,1541,9.99999999839929,9.52518518950421,0,0,0
2025-10-10 05:30:00+00:00,1541,10.00000000021828,0.4316276608164706,0,0,0
2025-10-10 05:45:00+00:00,1541,0.0,0.6353449952348136,0,0,0
2025-10-10 06:00:00+00:00,1541,10.00000000021828,9.676320026264513,0,0,0
2025-10-10 06:15:00+00:00,1541,60.00000000130967,0.4738806601469605,0,0,0
2025-10-10 06:30:00+00:00,1541,109.99999999876307,54.72940545407239,0,0,0
2025-10-10 06:45:00+00:00,1541,40.00000000087312,56.98303269195477,0,0,0
2025-10-10 07:00:00+00:00,1541,19.999999998617568,51.83854070406704,0,0,0
2025-10-10 07:15:00+00:00,1541,20.00000000043656,31.303980020642324,0,0,0
2025-10-10 07:30:00+00:00,1541,40.00000000087312,36.619212028342,0,0,0
2025-10-10 07:45:00+00:00,1541,39.999999999054126,40.11135712713187,0,0,0
2025-10-10 08:00:00+00:00,1541,30.00000000065484,31.91299155556989,0,0,0
2025-10-10 08:15:00+00:00,1541,39.999999999054126,30.61297096911444,0,0,0
2025-10-10 08:30:00+00:00,1541,79.99999999992724,30.41091114536844,0,0,0
2025-10-10 08:45:00+00:00,1541,20.00000000043656,38.56838855593328,0,0,0
2025-10-10 09:00:00+00:00,1541,40.00000000087312,30.42667874689256,0,0,0
2025-10-10 09:15:00+00:00,1541,29.999999998835847,30.58587028325545,0,0,0
2025-10-10 09:30:00+00:00,1541,30.00000000065484,30.636529643530828,0,0,0
2025-10-10 09:45:00+00:00,1541,40.00000000087312,30.115681062628752,0,0,0
2025-10-10 10:00:00+00:00,1541,29.999999998835847,30.34201240629008,0,0,0
2025-10-10 10:15:00+00:00,1541,30.00000000065484,30.134627491438817,0,0,0
2025-10-10 10:30:00+00:00,1541,20.00000000043656,29.828713419452725,0,0,0
2025-10-10 10:45:00+00:00,1541,29.999999998835847,0.1985638874428694,0,0,0
2025-10-10 11:00:00+00:00,1541,30.00000000065484,30.52781490944968,0,0,0
2025-10-10 11:15:00+00:00,1541,30.00000000065484,28.93082945635737,0,0,0
2025-10-10 11:30:00+00:00,1541,29.999999998835847,20.005337327987565,0,0,0
2025-10-10 11:45:00+00:00,1541,20.00000000043656,19.94000957781111,0,0,0
2025-10-10 12:00:00+00:00,1541,20.00000000043656,20.25717269950008,0,0,0
2025-10-10 12:15:00+00:00,1541,29.999999998835847,20.26207520265713,0,0,0
2025-10-10 12:30:00+00:00,1541,30.00000000065484,20.63057817195753,0,0,0
2025-10-10 12:45:00+00:00,1541,10.00000000021828,20.34834737746285,0,0,0
2025-10-10 13:00:00+00:00,1541,20.00000000043656,20.11900141211831,0,0,0
2025-10-10 13:15:00+00:00,1541,19.999999998617568,19.99602204073576,0,0,0
2025-10-10 13:30:00+00:00,1541,20.00000000043656,20.116226337432032,0,0,0
2025-10-10 13:45:00+00:00,1541,10.00000000021828,19.861796034438598,0,0,0
2025-10-10 14:00:00+00:00,1541,20.00000000043656,19.021699403650423,0,0,0
2025-10-10 14:15:00+00:00,1541,29.999999998835847,14.906509952306038,0,0,0
2025-10-10 14:30:00+00:00,1541,20.00000000043656,19.784550338206927,0,0,0
2025-10-10 14:45:00+00:00,1541,10.00000000021828,19.971018357015268,0,0,0
2025-10-10 15:00:00+00:00,1541,10.00000000021828,19.516041336609305,0,0,0
2025-10-10 15:15:00+00:00,1541,10.00000000021828,18.916880206015414,0,0,0
2025-10-10 15:30:00+00:00,1541,20.00000000043656,19.76586760427655,0,0,0
2025-10-10 15:45:00+00:00,1541,29.999999998835847,20.08830607243232,0,0,0
2025-10-10 16:00:00+00:00,1541,20.00000000043656,19.8381847176378,0,0,0
2025-10-10 16:15:00+00:00,1541,0.0,14.441929801885816,0,0,0
2025-10-10 16:30:00+00:00,1541,10.00000000021828,0.3691580540429697,0,0,0
2025-10-10 16:45:00+00:00,1541,39.999999999054126,2.1736694456218366,0,0,0
2025-10-10 17:00:00+00:00,1541,30.00000000065484,29.59188933777642,0,0,0
2025-10-10 17:15:00+00:00,1541,20.00000000043656,17.815309817791647,0,0,0
2025-10-10 17:30:00+00:00,1541,10.00000000021828,9.981796538615072,0,0,0
2025-10-10 17:45:00+00:00,1541,10.00000000021828,9.955894553656076,0,0,0
2025-10-10 18:00:00+00:00,1541,29.999999998835847,21.392000517770214,1,0,1
2025-10-10 18:15:00+00:00,1541,20.00000000043656,32.05732634854621,1,0,1
2025-10-10 18:30:00+00:00,1541,30.00000000065484,16.67054369689461,1,0,1
2025-10-10 18:45:00+00:00,1541,29.999999998835847,10.5412199133463,1,0,1
2025-10-10 19:00:00+00:00,1541,20.00000000043656,17.433960657822904,0,0,0
2025-10-10 19:15:00+00:00,1541,20.00000000043656,20.654366251260104,0,0,0
2025-10-10 19:30:00+00:00,1541,29.999999998835847,25.853292879413225,0,0,0
2025-10-10 19:45:00+00:00,1541,30.00000000065484,21.785793564680585,0,0,0
2025-10-10 20:00:00+00:00,1541,20.00000000043656,23.11044499154678,0,0,0
2025-10-10 20:15:00+00:00,1541,29.999999998835847,29.311716908807828,0,0,0
2025-10-10 20:30:00+00:00,1541,30.00000000065484,28.01592606549585,0,0,0
2025-10-10 20:45:00+00:00,1541,30.00000000065484,26.7189848170494,0,0,0
2025-10-10 21:00:00+00:00,1541,39.999999999054126,29.8967254482763,0,0,0
2025-10-10 21:15:00+00:00,1541,30.00000000065484,27.603382670583382,0,0,0
2025-10-10 21:30:00+00:00,1541,29.999999998835847,29.754345667887872,0,0,0
2025-10-10 22:00:00+00:00,1541,0.0,29.141580586064773,0,0,0
2025-10-10 22:15:00+00:00,1541,0.0,-0.0388291183511597,0,0,0
2025-10-10 22:30:00+00:00,1541,0.0,0.233437293803238,0,0,0
2025-10-10 22:45:00+00:00,1541,0.0,0.2342351398494848,0,0,0
2025-10-10 23:00:00+00:00,1541,0.0,0.3040457029806944,0,0,0
2025-10-10 23:15:00+00:00,1541,0.0,0.3246274264109736,0,0,0
2025-10-10 23:30:00+00:00,1541,0.0,0.2994807872245708,0,0,0
2025-10-10 23:45:00+00:00,1541,0.0,0.3534136344863015,0,0,0
2025-10-11 00:00:00+00:00,1541,0.0,0.3071153818365921,0,0,0
2025-10-11 00:15:00+00:00,1541,10.00000000021828,0.2869644566346743,0,0,0
2025-10-11 00:30:00+00:00,1541,10.00000000021828,0.6614768680376422,0,0,0
2025-10-11 00:45:00+00:00,1541,10.00000000021828,1.6203738376186791,0,0,0
2025-10-11 01:00:00+00:00,1541,0.0,4.003424067918125,0,0,0
2025-10-11 01:15:00+00:00,1541,0.0,9.504137894894402,0,0,0
2025-10-11 01:30:00+00:00,1541,10.00000000021828,8.710584376287088,0,0,0
2025-10-11 01:45:00+00:00,1541,10.00000000021828,0.4616637633032319,0,0,0
2025-10-11 02:00:00+00:00,1541,0.0,1.9579361247442968,0,0,0
2025-10-11 02:15:00+00:00,1541,10.00000000021828,9.492139294910784,0,0,0
2025-10-11 02:30:00+00:00,1541,9.99999999839929,0.6824488212532529,0,0,0
2025-10-11 02:45:00+00:00,1541,0.0,0.6720285268865425,0,0,0
2025-10-11 03:00:00+00:00,1541,10.00000000021828,9.572719813751007,0,0,0
2025-10-11 03:15:00+00:00,1541,0.0,0.3941887833921456,0,0,0
2025-10-11 03:30:00+00:00,1541,10.00000000021828,9.539677782818828,0,0,0
2025-10-11 03:45:00+00:00,1541,0.0,0.5908916408276319,0,0,0
2025-10-11 04:00:00+00:00,1541,0.0,9.780225468016052,0,0,0
2025-10-11 04:15:00+00:00,1541,10.00000000021828,9.829548967417388,0,0,0
2025-10-11 04:30:00+00:00,1541,10.00000000021828,7.652140174834251,0,0,0
2025-10-11 04:45:00+00:00,1541,0.0,6.804018236691075,0,0,0
2025-10-11 05:00:00+00:00,1541,10.00000000021828,9.785263682274188,0,0,0
2025-10-11 05:15:00+00:00,1541,0.0,0.3299863245521024,0,0,0
2025-10-11 05:30:00+00:00,1541,10.00000000021828,9.46053647779084,0,0,0
2025-10-11 05:45:00+00:00,1541,0.0,0.3749091138000509,0,0,0
2025-10-11 06:00:00+00:00,1541,10.00000000021828,9.69076046015238,0,0,0
2025-10-11 06:15:00+00:00,1541,0.0,0.3576288889001233,0,0,0
2025-10-11 06:30:00+00:00,1541,9.99999999839929,9.741250785248468,0,0,0
2025-10-11 06:45:00+00:00,1541,0.0,9.547501696831649,0,0,0
2025-10-11 07:00:00+00:00,1541,10.00000000021828,9.793029641368395,0,0,0
2025-10-11 07:15:00+00:00,1541,0.0,9.595017002772243,0,0,0
2025-10-11 07:30:00+00:00,1541,10.00000000021828,8.168781228644985,0,0,0
2025-10-11 07:45:00+00:00,1541,20.00000000043656,6.197987516410862,0,0,0
2025-10-11 08:00:00+00:00,1541,20.00000000043656,13.82269888297607,0,0,0
2025-10-11 08:15:00+00:00,1541,19.999999998617568,9.838790845105624,0,0,0
2025-10-11 10:00:00+00:00,1541,109.99999999876307,11.007654621162152,0,0,0
2025-10-11 10:15:00+00:00,1541,50.000000001091394,52.90022844913161,0,0,0
2025-10-11 10:30:00+00:00,1541,39.999999999054126,55.16960010657066,0,0,0
2025-10-11 10:45:00+00:00,1541,20.00000000043656,46.70757153052246,0,0,0
2025-10-11 11:00:00+00:00,1541,30.00000000065484,30.300787140849675,0,0,0
2025-10-11 11:15:00+00:00,1541,29.999999998835847,29.64193437591449,0,0,0
2025-10-11 11:30:00+00:00,1541,20.00000000043656,29.397568427495948,0,0,0
2025-10-11 11:45:00+00:00,1541,20.00000000043656,27.721630988776457,0,0,0
2025-10-11 12:00:00+00:00,1541,20.00000000043656,20.23096596826071,0,0,0
2025-10-11 12:15:00+00:00,1541,19.999999998617568,19.573243807196143,0,0,0
2025-10-11 12:30:00+00:00,1541,30.00000000065484,21.306866191199934,0,0,0
2025-10-11 12:45:00+00:00,1541,20.00000000043656,22.956784286250237,0,0,0
2025-10-11 13:00:00+00:00,1541,10.00000000021828,20.125869552931665,0,0,0
2025-10-11 13:15:00+00:00,1541,19.999999998617568,20.20326400012111,0,0,0
2025-10-11 13:30:00+00:00,1541,30.00000000065484,20.220059335535304,0,0,0
2025-10-11 13:45:00+00:00,1541,20.00000000043656,21.22130589597785,0,0,0
2025-10-11 14:00:00+00:00,1541,20.00000000043656,20.693879914770797,0,0,0
2025-10-11 15:45:00+00:00,1541,20.00000000043656,20.18687917871376,0,0,0
2025-10-11 16:00:00+00:00,1541,20.00000000043656,20.053671730111237,0,0,0
2025-10-11 16:15:00+00:00,1541,19.999999998617568,20.1004287925333,0,0,0
2025-10-11 16:30:00+00:00,1541,30.00000000065484,20.020090718435945,0,0,0
2025-10-11 16:45:00+00:00,1541,20.00000000043656,19.892500550320037,0,0,0
2025-10-11 17:00:00+00:00,1541,19.999999998617568,20.48309063140864,0,0,0
2025-10-11 17:15:00+00:00,1541,20.00000000043656,20.31910429144579,0,0,0
2025-10-11 17:30:00+00:00,1541,20.00000000043656,20.683893316378374,0,0,0
2025-10-11 17:45:00+00:00,1541,20.00000000043656,22.11797763535887,0,0,0
2025-10-11 18:00:00+00:00,1541,19.999999998617568,20.529114081152592,0,0,0
2025-10-11 18:15:00+00:00,1541,30.00000000065484,20.306952110927845,0,0,0
2025-10-11 18:30:00+00:00,1541,20.00000000043656,20.248074743193072,0,0,0
2025-10-11 18:45:00+00:00,1541,30.00000000065484,20.202112146113663,0,0,0
2025-10-11 19:00:00+00:00,1541,19.999999998617568,20.108516401425817,0,0,0
2025-10-11 19:15:00+00:00,1541,30.00000000065484,20.525199226400247,0,0,0
2025-10-11 19:30:00+00:00,1541,20.00000000043656,20.70159274852294,0,0,0
2025-10-11 19:45:00+00:00,1541,10.00000000021828,21.2789439943696,0,0,0
2025-10-11 20:00:00+00:00,1541,0.0,0.2818451054904827,0,0,0
2025-10-11 20:15:00+00:00,1541,0.0,0.1498701648238025,0,0,0
2025-10-11 20:30:00+00:00,1541,0.0,0.2515559331924422,0,0,0
2025-10-11 20:45:00+00:00,1541,19.999999998617568,0.5656561374326898,0,0,0
2025-10-11 21:00:00+00:00,1541,30.00000000065484,10.139476417517464,0,0,0
2025-10-11 21:15:00+00:00,1541,10.00000000021828,20.54909693709053,0,0,0
2025-10-11 21:30:00+00:00,1541,10.00000000021828,9.8194802662236,0,0,0
2025-10-11 22:00:00+00:00,1541,29.999999998835847,9.827961002647378,0,0,0
2025-10-11 22:15:00+00:00,1541,20.00000000043656,15.883037774044611,0,0,0
2025-10-11 22:30:00+00:00,1541,20.00000000043656,10.242875719646443,0,0,0
2025-10-11 22:45:00+00:00,1541,10.00000000021828,10.141153246496014,0,0,0
2025-10-11 23:00:00+00:00,1541,0.0,9.734075966324117,0,0,0
2025-10-11 23:15:00+00:00,1541,0.0,0.4780978463914032,0,0,0
2025-10-11 23:30:00+00:00,1541,0.0,0.2589084805338757,0,0,0
2025-10-11 23:45:00+00:00,1541,0.0,0.3247510635706803,0,0,0
2025-10-12 00:00:00+00:00,1541,0.0,0.4122707179995615,0,0,0
2025-10-12 00:15:00+00:00,1541,10.00000000021828,0.4299856047890884,0,0,0
2025-10-12 00:30:00+00:00,1541,0.0,0.4544232621377837,0,0,0
2025-10-12 00:45:00+00:00,1541,9.99999999839929,5.290933153360232,0,0,0
2025-10-12 01:00:00+00:00,1541,0.0,0.3367032996194083,0,0,0
2025-10-12 01:15:00+00:00,1541,0.0,9.745042968756412,0,0,0
2025-10-12 01:30:00+00:00,1541,10.00000000021828,9.86667875194244,0,0,0
2025-10-12 01:45:00+00:00,1541,0.0,0.2586399560776335,0,0,0
2025-10-12 02:00:00+00:00,1541,0.0,3.300525564836679,0,0,0
2025-10-12 02:15:00+00:00,1541,0.0,9.848886591928096,0,0,0
2025-10-12 02:30:00+00:00,1541,10.00000000021828,8.809231375089759,0,0,0
2025-10-12 02:45:00+00:00,1541,0.0,0.1833835624273732,0,0,0
2025-10-12 03:00:00+00:00,1541,0.0,2.2441039900434525,0,0,0
2025-10-12 03:15:00+00:00,1541,10.00000000021828,9.549514664338158,0,0,0
2025-10-12 03:30:00+00:00,1541,0.0,0.086996805450628,0,0,0
2025-10-12 03:45:00+00:00,1541,0.0,0.3655764400726582,0,0,0
2025-10-12 04:00:00+00:00,1541,0.0,2.1967895944873845,0,0,0
2025-10-12 04:15:00+00:00,1541,10.00000000021828,8.581559340977833,0,0,0
2025-10-12 04:30:00+00:00,1541,0.0,0.1305518586192988,0,0,0
2025-10-12 04:45:00+00:00,1541,0.0,0.3941540104409782,0,0,0
2025-10-12 05:00:00+00:00,1541,10.00000000021828,6.359370714612659,0,0,0
2025-10-12 05:15:00+00:00,1541,0.0,0.0699851050069426,0,0,0
2025-10-12 07:00:00+00:00,1541,0.0,0.2740405097838625,0,0,0
2025-10-12 07:15:00+00:00,1541,9.99999999839929,6.827909185974182,0,0,0
2025-10-12 07:30:00+00:00,1541,10.00000000021828,11.705149793998205,0,0,0
2025-10-12 07:45:00+00:00,1541,30.00000000065484,21.46408629441466,0,0,0
2025-10-12 08:00:00+00:00,1541,30.00000000065484,18.344409247273667,0,0,0
2025-10-12 08:15:00+00:00,1541,19.999999998617568,17.955564584497576,0,0,0
2025-10-12 08:30:00+00:00,1541,30.00000000065484,13.880974485472573,0,0,0
2025-10-12 08:45:00+00:00,1541,10.00000000021828,19.41009298397664,0,0,0
2025-10-12 09:00:00+00:00,1541,20.00000000043656,18.5546156007461,0,0,0
2025-10-12 09:15:00+00:00,1541,19.999999998617568,10.958128279545672,1,0,1
2025-10-12 09:30:00+00:00,1541,30.00000000065484,19.05925902048853,1,0,1
2025-10-12 09:45:00+00:00,1541,79.99999999992724,20.41376978733971,1,0,1
2025-10-12 10:00:00+00:00,1541,110.00000000058208,45.2553391117358,1,0,1
2025-10-12 10:15:00+00:00,1541,59.99999999949068,58.03309081668423,0,0,0
2025-10-12 10:30:00+00:00,1541,40.00000000087312,56.65808332695007,0,0,0
2025-10-12 10:45:00+00:00,1541,29.999999998835847,43.09250404935334,0,0,0
2025-10-12 11:00:00+00:00,1541,30.00000000065484,31.312657803789385,0,0,0
2025-10-12 11:15:00+00:00,1541,29.999999998835847,30.35423123496443,0,0,0
2025-10-12 11:30:00+00:00,1541,30.00000000065484,29.91136486071807,0,0,0
2025-10-12 11:45:00+00:00,1541,40.00000000087312,28.88688030974213,0,0,0
2025-10-12 12:00:00+00:00,1541,29.999999998835847,20.585175322800403,0,0,0
2025-10-12 12:15:00+00:00,1541,30.00000000065484,20.58872892522672,0,0,0
2025-10-12 12:30:00+00:00,1541,39.999999999054126,21.208213879863056,0,0,0
2025-10-12 12:45:00+00:00,1541,20.00000000043656,29.49837811067821,0,0,0
2025-10-12 13:00:00+00:00,1541,20.00000000043656,23.06402986314453,0,0,0
2025-10-12 13:15:00+00:00,1541,20.00000000043656,20.28182092638641,0,0,0
2025-10-12 13:30:00+00:00,1541,29.999999998835847,28.95515603344539,0,0,0
2025-10-12 13:45:00+00:00,1541,20.00000000043656,30.34672124342743,0,0,0
2025-10-12 14:00:00+00:00,1541,30.00000000065484,29.098812753873936,0,0,0
2025-10-12 14:15:00+00:00,1541,20.00000000043656,24.95176741559832,0,0,0
2025-10-12 14:30:00+00:00,1541,19.999999998617568,24.35566388991895,0,0,0
2025-10-12 14:45:00+00:00,1541,30.00000000065484,20.60297617605254,0,0,0
2025-10-12 15:00:00+00:00,1541,30.00000000065484,23.187007302696465,0,0,0
2025-10-12 15:15:00+00:00,1541,19.999999998617568,23.4185159524206,0,0,0
2025-10-12 15:30:00+00:00,1541,20.00000000043656,21.70239836862637,0,0,0
2025-10-12 15:45:00+00:00,1541,10.00000000021828,25.02897302634462,0,0,0
2025-10-12 16:00:00+00:00,1541,30.00000000065484,20.19371544432188,0,0,0
2025-10-12 16:15:00+00:00,1541,19.999999998617568,29.27439200939011,0,0,0
2025-10-12 16:30:00+00:00,1541,20.00000000043656,25.22661330458868,0,0,0
2025-10-12 16:45:00+00:00,1541,20.00000000043656,20.35763272134005,0,0,0
2025-10-12 17:00:00+00:00,1541,20.00000000043656,19.971559269588997,0,0,0
2025-10-12 17:15:00+00:00,1541,19.999999998617568,20.010382786610528,0,0,0
2025-10-12 17:30:00+00:00,1541,30.00000000065484,20.23874303538099,0,0,0
2025-10-12 17:45:00+00:00,1541,20.00000000043656,20.24755459779852,0,0,0
2025-10-12 18:00:00+00:00,1541,10.00000000021828,20.283966707248076,0,0,0
2025-10-12 18:15:00+00:00,1541,19.999999998617568,1.924567614437258,0,0,0
2025-10-12 18:30:00+00:00,1541,20.00000000043656,20.0654438229546,0,0,0
2025-10-12 18:45:00+00:00,1541,20.00000000043656,20.84007264584633,0,0,0
2025-10-12 19:00:00+00:00,1541,20.00000000043656,20.202678655443112,0,0,0
2025-10-12 19:15:00+00:00,1541,19.999999998617568,19.84557686750695,0,0,0
2025-10-12 19:30:00+00:00,1541,20.00000000043656,19.0354984697723,0,0,0
2025-10-12 19:45:00+00:00,1541,10.00000000021828,20.23423172792458,0,0,0
2025-10-12 20:00:00+00:00,1541,0.0,4.05389700653863,0,0,0
2025-10-12 20:15:00+00:00,1541,0.0,0.1108317316457423,0,0,0
2025-10-12 20:30:00+00:00,1541,0.0,0.1090776294423747,0,0,0
2025-10-12 20:45:00+00:00,1541,0.0,0.1845310698159181,0,0,0
2025-10-12 21:00:00+00:00,1541,10.00000000021828,0.1998466229748494,0,0,0
2025-10-12 21:15:00+00:00,1541,30.00000000065484,0.983184621261227,0,0,0
2025-10-12 21:30:00+00:00,1541,10.00000000021828,36.562955188843866,0,0,0
2025-10-12 22:00:00+00:00,1541,0.0,9.416231874341436,0,0,0
2025-10-12 22:15:00+00:00,1541,20.00000000043656,0.4622008122157162,0,0,0
2025-10-12 22:30:00+00:00,1541,30.00000000065484,3.803904601438024,0,0,0
2025-10-12 22:45:00+00:00,1541,0.0,13.58174937700979,0,0,0
2025-10-12 23:00:00+00:00,1541,0.0,1.076592495421238,0,0,0
2025-10-12 23:15:00+00:00,1541,0.0,0.1631225228800907,0,0,0
2025-10-12 23:30:00+00:00,1541,0.0,0.2346002558367494,0,0,0
2025-10-12 23:45:00+00:00,1541,10.00000000021828,0.2969327026361981,0,0,0
2025-10-13 00:00:00+00:00,1541,0.0,0.3464242713015117,0,0,0
2025-10-13 00:15:00+00:00,1541,0.0,0.8081858808464979,0,0,0
2025-10-13 00:30:00+00:00,1541,0.0,1.1916175542240843,0,0,0
2025-10-13 00:45:00+00:00,1541,10.00000000021828,1.1664844378520272,0,0,0
2025-10-13 01:00:00+00:00,1541,0.0,0.4063824982684281,0,0,0
2025-10-13 01:15:00+00:00,1541,0.0,3.3436672062525723,0,0,0
2025-10-13 01:30:00+00:00,1541,9.99999999839929,3.127418086599373,0,0,0
2025-10-13 01:45:00+00:00,1541,0.0,-0.0917651410127398,0,0,0
2025-10-13 02:00:00+00:00,1541,0.0,0.2814278300764634,0,0,0
2025-10-13 02:15:00+00:00,1541,0.0,4.006677270682964,0,0,0
2025-10-13 02:30:00+00:00,1541,0.0,0.9292092737258456,0,0,0
2025-10-13 02:45:00+00:00,1541,10.00000000021828,0.8717257217837258,0,0,0
2025-10-13 03:00:00+00:00,1541,0.0,-0.0207240017763012,0,0,0
2025-10-13 03:15:00+00:00,1541,10.00000000021828,0.1008209853705679,0,0,0
2025-10-13 03:30:00+00:00,1541,0.0,-0.0957447120908661,0,0,0
2025-10-13 03:45:00+00:00,1541,0.0,0.2426675805077494,0,0,0
2025-10-13 04:00:00+00:00,1541,0.0,3.363356423936203,0,0,0
2025-10-13 04:15:00+00:00,1541,10.00000000021828,1.0097646787680006,0,0,0
2025-10-13 04:30:00+00:00,1541,0.0,0.0603433383802745,0,0,0
2025-10-13 04:45:00+00:00,1541,0.0,0.4405449909604684,0,0,0
2025-10-13 05:00:00+00:00,1541,10.00000000021828,1.402905732843973,0,0,0
2025-10-13 05:15:00+00:00,1541,0.0,0.0770169684653794,0,0,0
2025-10-13 05:30:00+00:00,1541,0.0,0.3077470904494781,0,0,0
2025-10-13 05:45:00+00:00,1541,0.0,7.756370164130022,1,0,1
2025-10-13 06:00:00+00:00,1541,10.00000000021828,2.607713149424601,1,0,1
2025-10-13 06:15:00+00:00,1541,59.99999999949068,17.81574737742718,1,0,1
2025-10-13 06:30:00+00:00,1541,100.0000000003638,44.50332574696003,1,0,1
2025-10-13 06:45:00+00:00,1541,30.00000000065484,51.79217290551499,0,0,0
2025-10-13 07:00:00+00:00,1541,9.99999999839929,44.64283289521584,0,0,0
2025-10-13 07:15:00+00:00,1541,20.00000000043656,27.81646358801905,0,0,0
2025-10-13 07:30:00+00:00,1541,30.00000000065484,30.02630202122769,0,0,0
2025-10-13 07:45:00+00:00,1541,29.999999998835847,30.22609580765589,0,0,0
2025-10-13 08:00:00+00:00,1541,30.00000000065484,28.818311913699866,0,0,0
2025-10-13 08:15:00+00:00,1541,30.00000000065484,27.173180411969387,0,0,0
2025-10-13 08:30:00+00:00,1541,29.999999998835847,25.417248765002984,0,0,0
2025-10-13 08:45:00+00:00,1541,40.00000000087312,20.380806478505317,0,0,0
2025-10-13 09:00:00+00:00,1541,39.999999999054126,20.883987502468063,0,0,0
2025-10-13 09:15:00+00:00,1541,20.00000000043656,29.7384872703246,0,0,0
2025-10-13 09:30:00+00:00,1541,40.00000000087312,25.137400400620976,0,0,0
2025-10-13 09:45:00+00:00,1541,79.99999999992724,29.75081234968307,0,0,0
2025-10-13 10:00:00+00:00,1541,90.00000000014552,30.324944682758407,0,0,0
2025-10-13 10:15:00+00:00,1541,49.9999999992724,38.91727523415598,0,0,0
2025-10-13 10:30:00+00:00,1541,40.00000000087312,40.41985115891157,0,0,0
2025-10-13 10:45:00+00:00,1541,29.999999998835847,32.36359780919708,0,0,0
2025-10-13 11:00:00+00:00,1541,50.000000001091394,34.987939479482634,0,0,0
2025-10-13 11:15:00+00:00,1541,49.9999999992724,39.262744504011096,0,0,0
2025-10-13 11:30:00+00:00,1541,40.00000000087312,33.57950166086158,0,0,0
2025-10-13 11:45:00+00:00,1541,39.999999999054126,9.757851005769997,0,0,0
2025-10-13 12:00:00+00:00,1541,20.00000000043656,16.68318366464422,0,0,0
2025-10-13 12:15:00+00:00,1541,29.999999998835847,21.893396530239663,0,0,0
2025-10-13 12:30:00+00:00,1541,40.00000000087312,33.93506860936979,0,0,0
2025-10-13 12:45:00+00:00,1541,40.00000000087312,39.62174238370123,0,0,0
2025-10-13 13:00:00+00:00,1541,49.9999999992724,36.04588333680477,0,0,0
2025-10-13 13:15:00+00:00,1541,39.999999999054126,31.95624427724646,0,0,0
2025-10-13 13:30:00+00:00,1541,40.00000000087312,30.22632955916097,0,0,0
2025-10-13 13:45:00+00:00,1541,39.999999999054126,30.484958213050295,0,0,0
2025-10-13 14:00:00+00:00,1541,40.00000000087312,33.16458501203189,0,0,0
2025-10-13 14:15:00+00:00,1541,40.00000000087312,34.29591911462494,0,0,0
2025-10-13 14:30:00+00:00,1541,29.999999998835847,30.25850130039864,0,0,0
2025-10-13 14:45:00+00:00,1541,40.00000000087312,30.196197831058495,0,0,0
2025-10-13 15:00:00+00:00,1541,39.999999999054126,33.89035638965947,0,0,0
2025-10-13 15:15:00+00:00,1541,30.00000000065484,30.756905873152323,0,0,0
2025-10-13 15:30:00+00:00,1541,39.999999999054126,30.155864105449425,0,0,0
2025-10-13 15:45:00+00:00,1541,40.00000000087312,35.650567041450174,0,0,0
2025-10-13 16:00:00+00:00,1541,39.999999999054126,39.92242602428245,0,0,0
2025-10-13 16:15:00+00:00,1541,40.00000000087312,39.74012496412242,0,0,0
2025-10-13 16:30:00+00:00,1541,30.00000000065484,39.03929351980486,0,0,0
2025-10-13 16:45:00+00:00,1541,29.999999998835847,35.65556661909589,0,0,0
2025-10-13 17:00:00+00:00,1541,30.00000000065484,36.850021355381536,0,0,0
2025-10-13 17:15:00+00:00,1541,29.999999998835847,39.37466317917627,0,0,0
2025-10-13 17:30:00+00:00,1541,30.00000000065484,39.35406793293164,0,0,0
2025-10-13 17:45:00+00:00,1541,30.00000000065484,39.4254316878817,0,0,0
2025-10-13 18:00:00+00:00,1541,39.999999999054126,39.369422122702986,0,0,0
2025-10-13 18:15:00+00:00,1541,30.00000000065484,39.130711608425806,0,0,0
2025-10-13 18:30:00+00:00,1541,39.999999999054126,38.80314847659164,0,0,0
2025-10-13 18:45:00+00:00,1541,30.00000000065484,35.47999992047876,0,0,0
2025-10-13 19:00:00+00:00,1541,30.00000000065484,37.49267765239486,0,0,0
2025-10-13 19:15:00+00:00,1541,39.999999999054126,36.34852392180451,0,0,0
2025-10-13 19:30:00+00:00,1541,30.00000000065484,38.532616848334406,0,0,0
2025-10-13 19:45:00+00:00,1541,39.999999999054126,39.74787933223291,0,0,0
2025-10-13 20:00:00+00:00,1541,40.00000000087312,39.32869720139327,0,0,0
2025-10-13 20:15:00+00:00,1541,30.00000000065484,39.447582057775776,0,0,0
2025-10-13 20:30:00+00:00,1541,39.999999999054126,36.89206571700501,0,0,0
2025-10-13 20:45:00+00:00,1541,40.00000000087312,38.727117418862576,0,0,0
2025-10-13 21:00:00+00:00,1541,29.999999998835847,39.38727803312781,0,0,0
2025-10-13 21:15:00+00:00,1541,30.00000000065484,39.65737306766482,0,0,0
2025-10-13 21:30:00+00:00,1541,39.999999999054126,36.24068913657098,0,0,0
2025-10-13 21:45:00+00:00,1541,30.00000000065484,37.83093733037446,0,0,0
2025-10-13 22:00:00+00:00,1541,0.0,2.749687245382731,0,0,0
2025-10-13 22:15:00+00:00,1541,0.0,0.2686371795384623,0,0,0
2025-10-13 22:30:00+00:00,1541,0.0,0.3653117792776541,0,0,0
2025-10-13 22:45:00+00:00,1541,20.00000000043656,1.7124023847156875,0,0,0
2025-10-13 23:00:00+00:00,1541,20.00000000043656,10.113661364936387,0,0,0
2025-10-13 23:15:00+00:00,1541,19.999999998617568,9.911062560447288,0,0,0
2025-10-13 23:30:00+00:00,1541,10.00000000021828,9.85921029476378,0,0,0
2025-10-13 23:45:00+00:00,1541,10.00000000021828,10.038213720054705,0,0,0
2025-10-14 00:00:00+00:00,1541,10.00000000021828,10.059854086664988,0,0,0
2025-10-14 00:15:00+00:00,1541,0.0,10.13920209756936,0,0,0
2025-10-14 00:30:00+00:00,1541,0.0,10.18056065932258,0,0,0
2025-10-14 00:45:00+00:00,1541,0.0,10.229441769511832,0,0,0
2025-10-14 01:00:00+00:00,1541,0.0,8.339829375440893,0,0,0
2025-10-14 01:15:00+00:00,1541,0.0,0.1970145592852681,0,0,0
2025-10-14 01:30:00+00:00,1541,0.0,0.1561177050503381,0,0,0
2025-10-14 01:45:00+00:00,1541,0.0,0.1423553437102498,0,0,0
2025-10-14 02:00:00+00:00,1541,0.0,0.1355900728774308,0,0,0
2025-10-14 02:15:00+00:00,1541,10.00000000021828,0.1570005516438826,0,0,0
2025-10-14 02:30:00+00:00,1541,10.00000000021828,0.8307361396790149,0,0,0
2025-10-14 02:45:00+00:00,1541,0.0,2.2336315362499946,0,0,0
2025-10-14 03:00:00+00:00,1541,10.00000000021828,0.4408830613190488,0,0,0
2025-10-14 03:15:00+00:00,1541,9.99999999839929,0.5392132398999685,0,0,0
2025-10-14 03:30:00+00:00,1541,10.00000000021828,1.0340265395302346,0,0,0
2025-10-14 03:45:00+00:00,1541,20.00000000043656,2.5945264736094096,0,0,0
2025-10-14 04:00:00+00:00,1541,10.00000000021828,4.144229406350885,0,0,0
2025-10-14 04:15:00+00:00,1541,10.00000000021828,9.60555320697618,0,0,0
2025-10-14 04:30:00+00:00,1541,0.0,9.754771667760998,0,0,0
2025-10-14 04:45:00+00:00,1541,10.00000000021828,9.82462086750462,0,0,0
2025-10-14 05:00:00+00:00,1541,10.00000000021828,9.663743808925382,0,0,0
2025-10-14 05:15:00+00:00,1541,0.0,9.665550070555504,0,0,0
2025-10-14 05:30:00+00:00,1541,0.0,9.8322612576085,0,0,0
2025-10-14 05:45:00+00:00,1541,10.00000000021828,9.91223324980328,0,0,0
2025-10-14 06:00:00+00:00,1541,9.99999999839929,4.293756960034976,0,0,0
2025-10-14 06:15:00+00:00,1541,79.99999999992724,37.86542243878012,0,0,0
2025-10-14 06:30:00+00:00,1541,130.00000000101863,57.54628495497573,0,0,0
2025-10-14 06:45:00+00:00,1541,39.999999999054126,66.33138708849617,0,0,0
2025-10-14 07:00:00+00:00,1541,40.00000000087312,65.85118808750961,0,0,0
2025-10-14 07:15:00+00:00,1541,30.00000000065484,56.163569461065975,0,0,0
2025-10-14 07:30:00+00:00,1541,69.99999999970896,60.726543727416384,0,0,0
2025-10-14 07:45:00+00:00,1541,59.99999999949068,62.05202680736468,0,0,0
2025-10-14 08:00:00+00:00,1541,59.99999999949068,58.18803908708931,0,0,0
2025-10-14 08:15:00+00:00,1541,79.99999999992724,56.47932717597857,0,0,0
2025-10-14 08:30:00+00:00,1541,69.99999999970896,54.32756923037377,0,0,0
2025-10-14 08:45:00+00:00,1541,60.00000000130967,49.87927229331452,0,0,0
2025-10-14 09:00:00+00:00,1541,59.99999999949068,51.12861999668026,0,0,0
2025-10-14 09:15:00+00:00,1541,49.9999999992724,53.43755168156488,0,0,0
2025-10-14 09:30:00+00:00,1541,60.00000000130967,54.43374650493496,0,0,0
2025-10-14 09:45:00+00:00,1541,49.9999999992724,53.813949559653416,0,0,0
2025-10-14 10:00:00+00:00,1541,40.00000000087312,51.534466700746925,0,0,0
2025-10-14 10:15:00+00:00,1541,39.999999999054126,48.79920317989637,0,0,0
2025-10-14 10:30:00+00:00,1541,50.000000001091394,42.39262306570103,0,0,0
2025-10-14 10:45:00+00:00,1541,39.999999999054126,42.57680186522414,0,0,0
2025-10-14 11:00:00+00:00,1541,40.00000000087312,40.54396548078364,0,0,0
2025-10-14 11:15:00+00:00,1541,39.999999999054126,30.99713094263593,0,0,0
2025-10-14 11:30:00+00:00,1541,40.00000000087312,36.38763769637677,0,0,0
2025-10-14 11:45:00+00:00,1541,29.999999998835847,39.5505505616764,0,0,0
2025-10-14 12:00:00+00:00,1541,50.000000001091394,39.53325295030089,0,0,0
2025-10-14 12:15:00+00:00,1541,39.999999999054126,40.015700602129655,0,0,0
2025-10-14 12:30:00+00:00,1541,30.00000000065484,37.34177849897025,0,0,0
2025-10-14 12:45:00+00:00,1541,39.999999999054126,30.064120503368933,0,0,0
2025-10-14 13:00:00+00:00,1541,20.00000000043656,35.8386210931979,0,0,0
2025-10-14 13:15:00+00:00,1541,40.00000000087312,30.558222889330874,0,0,0
2025-10-14 13:30:00+00:00,1541,39.999999999054126,32.98220861047766,0,0,0
2025-10-14 13:45:00+00:00,1541,30.00000000065484,31.0574813312188,0,0,0
2025-10-14 14:00:00+00:00,1541,39.999999999054126,30.16331034657595,0,0,0
2025-10-14 14:15:00+00:00,1541,30.00000000065484,30.144034540645094,0,0,0
2025-10-14 14:30:00+00:00,1541,30.00000000065484,30.14785763344297,0,0,0
2025-10-14 14:45:00+00:00,1541,39.999999999054126,30.077522578298307,0,0,0
2025-10-14 15:00:00+00:00,1541,40.00000000087312,30.584263000179234,0,0,0
2025-10-14 15:15:00+00:00,1541,29.999999998835847,34.04755137907613,0,0,0
2025-10-14 15:30:00+00:00,1541,30.00000000065484,30.060789061463968,0,0,0
2025-10-14 15:45:00+00:00,1541,30.00000000065484,29.89977967248723,0,0,0
2025-10-14 16:00:00+00:00,1541,29.999999998835847,32.13293047170815,0,0,0
2025-10-14 16:15:00+00:00,1541,30.00000000065484,30.49184422329689,0,0,0
2025-10-14 16:30:00+00:00,1541,29.999999998835847,29.804895879733195,0,0,0
2025-10-14 16:45:00+00:00,1541,20.00000000043656,29.70730945594115,0,0,0
2025-10-14 17:00:00+00:00,1541,20.00000000043656,29.77499693722049,0,0,0
2025-10-14 17:15:00+00:00,1541,20.00000000043656,29.740463533049315,0,0,0
2025-10-14 17:30:00+00:00,1541,29.999999998835847,29.910559287349344,0,0,0
2025-10-14 17:45:00+00:00,1541,30.00000000065484,30.050044219553023,0,0,0
2025-10-14 18:00:00+00:00,1541,20.00000000043656,30.209515871355883,0,0,0
2025-10-14 18:15:00+00:00,1541,20.00000000043656,29.55397040044291,0,0,0
2025-10-14 18:30:00+00:00,1541,29.999999998835847,29.46276771093614,0,0,0
2025-10-14 18:45:00+00:00,1541,30.00000000065484,29.82514532829676,0,0,0
2025-10-14 19:00:00+00:00,1541,29.999999998835847,30.124462198714006,0,0,0
2025-10-14 19:15:00+00:00,1541,20.00000000043656,29.753884926284897,0,0,0
2025-10-14 19:30:00+00:00,1541,30.00000000065484,29.49616713053311,0,0,0
2025-10-14 19:45:00+00:00,1541,20.00000000043656,29.487742417197325,0,0,0
2025-10-14 20:00:00+00:00,1541,29.999999998835847,29.903052193558278,0,0,0
2025-10-14 20:15:00+00:00,1541,30.00000000065484,29.891617688115826,0,0,0
2025-10-14 20:30:00+00:00,1541,30.00000000065484,29.455166923359982,0,0,0
2025-10-14 20:45:00+00:00,1541,19.999999998617568,29.478356618127865,0,0,0
2025-10-14 21:00:00+00:00,1541,30.00000000065484,29.880258524067575,0,0,0
2025-10-14 21:15:00+00:00,1541,30.00000000065484,29.976759259050933,0,0,0
2025-10-14 21:30:00+00:00,1541,39.999999999054126,29.908120351191023,0,0,0
2025-10-14 21:45:00+00:00,1541,10.00000000021828,29.776056546315804,0,0,0
2025-10-14 22:00:00+00:00,1541,0.0,0.4191036029040909,0,0,0
2025-10-14 22:15:00+00:00,1541,0.0,0.1650698081455033,0,0,0
2025-10-14 22:30:00+00:00,1541,0.0,0.225308150552383,0,0,0
2025-10-14 22:45:00+00:00,1541,10.00000000021828,0.2177856021163506,0,0,0
2025-10-14 23:00:00+00:00,1541,10.00000000021828,0.3720577318042686,0,0,0
2025-10-14 23:15:00+00:00,1541,0.0,4.495528941018524,0,0,0
2025-10-14 23:30:00+00:00,1541,10.00000000021828,8.157677066238637,0,0,0
2025-10-14 23:45:00+00:00,1541,10.00000000021828,8.513601403411634,0,0,0
2025-10-15 00:00:00+00:00,1541,0.0,1.6373101966681638,0,0,0
2025-10-15 00:15:00+00:00,1541,0.0,9.667727243664752,0,0,0
2025-10-15 00:30:00+00:00,1541,0.0,9.43727530529,0,0,0
2025-10-15 00:45:00+00:00,1541,9.99999999839929,9.63313781640559,0,0,0
2025-10-15 01:00:00+00:00,1541,10.00000000021828,9.318964202601762,0,0,0
2025-10-15 01:15:00+00:00,1541,10.00000000021828,9.563634414343031,0,0,0
2025-10-15 01:30:00+00:00,1541,0.0,1.1232577958888328,0,0,0
2025-10-15 01:45:00+00:00,1541,0.0,9.672437046717407,0,0,0
2025-10-15 02:00:00+00:00,1541,10.00000000021828,9.72440715406876,0,0,0
2025-10-15 07:00:00+00:00,1541,30.00000000065484,0.516286274096462,0,0,0
2025-10-15 07:15:00+00:00,1541,20.00000000043656,38.712018230733136,0,0,0
2025-10-15 07:30:00+00:00,1541,39.999999999054126,36.47863078226121,0,0,0
2025-10-15 07:45:00+00:00,1541,50.000000001091394,34.9247396407346,0,0,0
2025-10-15 08:00:00+00:00,1541,59.99999999949068,35.6281056468262,0,0,0
2025-10-15 08:15:00+00:00,1541,49.9999999992724,41.85881383316636,0,0,0
2025-10-15 08:30:00+00:00,1541,50.000000001091394,42.029440840887005,0,0,0
2025-10-15 08:45:00+00:00,1541,39.999999999054126,43.032669459546135,0,0,0
2025-10-15 09:00:00+00:00,1541,50.000000001091394,42.1680960518392,0,0,0
2025-10-15 09:15:00+00:00,1541,39.999999999054126,41.42533229207415,0,0,0
2025-10-15 09:30:00+00:00,1541,40.00000000087312,41.358964251108574,0,0,0
2025-10-15 09:45:00+00:00,1541,39.999999999054126,40.22704866749878,0,0,0
2025-10-15 10:00:00+00:00,1541,40.00000000087312,36.98766621891924,0,0,0
2025-10-15 10:15:00+00:00,1541,39.999999999054126,34.90159051440975,0,0,0
2025-10-15 10:30:00+00:00,1541,30.00000000065484,34.68508446128402,0,0,0
2025-10-15 10:45:00+00:00,1541,39.999999999054126,30.890182867657188,0,0,0
2025-10-15 11:00:00+00:00,1541,40.00000000087312,31.576275410256027,0,0,0
2025-10-15 11:15:00+00:00,1541,39.999999999054126,31.47662482544603,0,0,0
2025-10-15 11:30:00+00:00,1541,40.00000000087312,32.36718135499802,0,0,0
2025-10-15 11:45:00+00:00,1541,29.999999998835847,32.11385461024651,0,0,0
2025-10-15 12:00:00+00:00,1541,40.00000000087312,32.255591091038326,0,0,0
2025-10-15 12:15:00+00:00,1541,40.00000000087312,33.91913873407356,0,0,0
2025-10-15 12:30:00+00:00,1541,29.999999998835847,38.94993862628655,0,0,0
2025-10-15 12:45:00+00:00,1541,30.00000000065484,31.79526483164434,0,0,0
2025-10-15 13:00:00+00:00,1541,39.999999999054126,30.16253278475122,0,0,0
2025-10-15 13:15:00+00:00,1541,50.000000001091394,30.131742302407176,0,0,0
2025-10-15 13:30:00+00:00,1541,79.99999999992724,31.86966059475319,0,0,0
2025-10-15 13:45:00+00:00,1541,59.99999999949068,44.28076920033105,0,0,0
2025-10-15 14:00:00+00:00,1541,49.9999999992724,43.44868531999886,0,0,0
2025-10-15 14:15:00+00:00,1541,40.00000000087312,40.77352491341174,0,0,0
2025-10-15 14:30:00+00:00,1541,49.9999999992724,40.245393331070574,0,0,0
2025-10-15 14:45:00+00:00,1541,40.00000000087312,46.08154636332058,0,0,0
2025-10-15 15:00:00+00:00,1541,49.9999999992724,48.20876812821505,0,0,0
2025-10-15 15:15:00+00:00,1541,40.00000000087312,42.15962497456853,0,0,0
2025-10-15 15:30:00+00:00,1541,39.999999999054126,40.38417797467434,0,0,0
2025-10-15 15:45:00+00:00,1541,50.000000001091394,40.02653430824914,0,0,0
2025-10-15 16:00:00+00:00,1541,49.9999999992724,40.86342844682626,0,0,0
2025-10-15 16:15:00+00:00,1541,50.000000001091394,40.89956140675116,0,0,0
2025-10-15 16:30:00+00:00,1541,39.999999999054126,40.07874396259743,0,0,0
2025-10-15 16:45:00+00:00,1541,40.00000000087312,39.86574804570906,0,0,0
2025-10-15 17:00:00+00:00,1541,29.999999998835847,40.15453547332955,0,0,0
2025-10-15 17:15:00+00:00,1541,40.00000000087312,40.79905985055285,0,0,0
2025-10-15 17:30:00+00:00,1541,39.999999999054126,40.967302979287865,0,0,0
2025-10-15 17:45:00+00:00,1541,40.00000000087312,41.54537624682892,0,0,0
2025-10-15 18:00:00+00:00,1541,39.999999999054126,40.87877490927512,0,0,0
2025-10-15 18:15:00+00:00,1541,30.00000000065484,40.50845457031852,0,0,0
2025-10-15 18:30:00+00:00,1541,39.999999999054126,40.33198570680163,0,0,0
2025-10-15 18:45:00+00:00,1541,30.00000000065484,40.349063089486414,0,0,0
2025-10-15 19:00:00+00:00,1541,40.00000000087312,40.53862590094872,0,0,0
2025-10-15 19:15:00+00:00,1541,39.999999999054126,40.18535976270945,0,0,0
2025-10-15 19:30:00+00:00,1541,40.00000000087312,40.09521281863677,0,0,0
2025-10-15 19:45:00+00:00,1541,39.999999999054126,40.039981781198094,0,0,0
2025-10-15 20:00:00+00:00,1541,40.00000000087312,40.11406748549236,0,0,0
2025-10-15 20:15:00+00:00,1541,29.999999998835847,39.799944099284666,0,0,0
2025-10-15 20:30:00+00:00,1541,40.00000000087312,39.91035594656588,0,0,0
2025-10-15 20:45:00+00:00,1541,39.999999999054126,40.00846976011731,0,0,0
2025-10-15 21:00:00+00:00,1541,30.00000000065484,40.13008042950527,0,0,0
2025-10-15 21:15:00+00:00,1541,40.00000000087312,40.010550341695534,0,0,0
2025-10-15 21:30:00+00:00,1541,39.999999999054126,39.57646800128036,0,0,0
2025-10-15 21:45:00+00:00,1541,20.00000000043656,39.256954807641605,0,0,0
2025-10-15 22:00:00+00:00,1541,0.0,-0.0298712197641322,0,0,0
2025-10-15 22:15:00+00:00,1541,0.0,0.1015956494493686,0,0,0
2025-10-15 22:30:00+00:00,1541,0.0,0.2044250615453151,0,0,0
2025-10-15 22:45:00+00:00,1541,0.0,0.2979488455425532,0,0,0
2025-10-15 23:00:00+00:00,1541,0.0,0.8365335633709847,0,0,0
2025-10-15 23:15:00+00:00,1541,0.0,1.9661212910831445,0,0,0
2025-10-15 23:30:00+00:00,1541,0.0,7.454575720942042,0,0,0
2025-10-15 23:45:00+00:00,1541,10.00000000021828,9.294800865201172,0,0,0
2025-10-16 00:00:00+00:00,1541,10.00000000021828,8.759001847127433,0,0,0
2025-10-16 00:15:00+00:00,1541,0.0,6.197467853973961,0,0,0
2025-10-16 00:30:00+00:00,1541,9.99999999839929,8.61444682546038,0,0,0
2025-10-16 00:45:00+00:00,1541,10.00000000021828,4.331168791830617,0,0,0
2025-10-16 01:00:00+00:00,1541,0.0,9.622217177908183,0,0,0
2025-10-16 01:15:00+00:00,1541,10.00000000021828,9.827321566712008,0,0,0
2025-10-16 01:30:00+00:00,1541,0.0,9.698906989878818,0,0,0
2025-10-16 01:45:00+00:00,1541,10.00000000021828,9.826705312744084,0,0,0
2025-10-16 02:00:00+00:00,1541,10.00000000021828,9.782626733477272,0,0,0
2025-10-16 02:15:00+00:00,1541,0.0,9.731910384198592,0,0,0
2025-10-16 02:30:00+00:00,1541,10.00000000021828,9.746951617409415,0,0,0
2025-10-16 02:45:00+00:00,1541,0.0,9.660946518186972,0,0,0
2025-10-16 03:00:00+00:00,1541,10.00000000021828,9.770601087864968,0,0,0
2025-10-16 03:15:00+00:00,1541,10.00000000021828,9.580841229679384,0,0,0
2025-10-16 03:30:00+00:00,1541,0.0,9.624193440632904,0,0,0
2025-10-16 03:45:00+00:00,1541,9.99999999839929,9.772590873404036,0,0,0
2025-10-16 04:00:00+00:00,1541,10.00000000021828,9.749132654179906,0,0,0
2025-10-16 04:15:00+00:00,1541,0.0,9.60795640426802,0,0,0
2025-10-16 04:30:00+00:00,1541,10.00000000021828,9.628105397639317,0,0,0
2025-10-16 04:45:00+00:00,1541,0.0,8.963372140295483,0,0,0
2025-10-16 05:00:00+00:00,1541,10.00000000021828,9.653760108278895,0,0,0
2025-10-16 05:15:00+00:00,1541,10.00000000021828,3.727516155044178,0,0,0
2025-10-16 08:45:00+00:00,1541,60.00000000130967,2.96926684102559,0,0,0
2025-10-16 09:00:00+00:00,1541,59.99999999949068,53.59093903282864,0,0,0
2025-10-16 09:15:00+00:00,1541,49.9999999992724,57.15238855512716,0,0,0
2025-10-16 09:30:00+00:00,1541,50.000000001091394,55.72386549354529,0,0,0
2025-10-16 09:45:00+00:00,1541,49.9999999992724,55.596723993090976,0,0,0
2025-10-16 10:00:00+00:00,1541,50.000000001091394,52.82183862621498,0,0,0
2025-10-16 10:15:00+00:00,1541,39.999999999054126,51.7048889344218,0,0,0
2025-10-16 10:30:00+00:00,1541,59.99999999949068,47.69053138231182,0,0,0
2025-10-16 10:45:00+00:00,1541,60.00000000130967,46.14741019649422,0,0,0
2025-10-16 11:00:00+00:00,1541,59.99999999949068,45.43540311203735,0,0,0
2025-10-16 11:15:00+00:00,1541,49.9999999992724,45.17495370778825,0,0,0
2025-10-16 11:30:00+00:00,1541,70.00000000152795,44.46631380410282,0,0,0
2025-10-16 11:45:00+00:00,1541,19.999999998617568,44.395189596149706,0,0,0
2025-10-16 12:00:00+00:00,1541,40.00000000087312,46.29074236937853,0,0,0
2025-10-16 12:15:00+00:00,1541,29.999999998835847,44.12191670024205,0,0,0
2025-10-16 12:30:00+00:00,1541,40.00000000087312,43.436526378073744,0,0,0
2025-10-16 12:45:00+00:00,1541,30.00000000065484,39.98331346177781,0,0,0
2025-10-16 13:00:00+00:00,1541,39.999999999054126,39.80450901504079,0,0,0
2025-10-16 13:15:00+00:00,1541,40.00000000087312,39.5758768611105,0,0,0
2025-10-16 13:30:00+00:00,1541,39.999999999054126,38.76990167161369,0,0,0
2025-10-16 13:45:00+00:00,1541,30.00000000065484,35.87493564520113,0,0,0
2025-10-16 14:00:00+00:00,1541,39.999999999054126,36.128756938591465,0,0,0
2025-10-16 14:15:00+00:00,1541,40.00000000087312,34.05900327099416,0,0,0
2025-10-16 14:30:00+00:00,1541,39.999999999054126,31.05585472983638,0,0,0
2025-10-16 14:45:00+00:00,1541,40.00000000087312,36.98206004645869,0,0,0
2025-10-16 15:00:00+00:00,1541,39.999999999054126,39.31581189115487,0,0,0
2025-10-16 15:15:00+00:00,1541,20.00000000043656,39.25767151680179,0,0,0
2025-10-16 15:30:00+00:00,1541,10.00000000021828,6.278052236475425,0,0,0
2025-10-16 15:45:00+00:00,1541,30.00000000065484,0.5083252001095886,0,0,0
2025-10-16 16:00:00+00:00,1541,39.999999999054126,23.440106091434757,0,0,0
2025-10-16 16:15:00+00:00,1541,20.00000000043656,23.615751029192023,0,0,0
2025-10-16 16:30:00+00:00,1541,30.00000000065484,20.629283845441837,0,0,0
2025-10-16 16:45:00+00:00,1541,39.999999999054126,24.95594451635739,0,0,0
2025-10-16 17:00:00+00:00,1541,20.00000000043656,30.91276017211839,0,0,0
2025-10-16 17:15:00+00:00,1541,30.00000000065484,34.498413600260534,0,0,0
2025-10-16 17:30:00+00:00,1541,49.9999999992724,36.448115585780585,0,0,0
2025-10-16 17:45:00+00:00,1541,39.999999999054126,39.14294782357574,0,0,0
2025-10-16 18:00:00+00:00,1541,30.00000000065484,39.488674026903375,0,0,0
2025-10-16 18:15:00+00:00,1541,30.00000000065484,39.19936307318475,0,0,0
2025-10-16 18:30:00+00:00,1541,19.999999998617568,39.37915854903005,0,0,0
2025-10-16 18:45:00+00:00,1541,40.00000000087312,40.09716396756342,0,0,0
2025-10-16 19:00:00+00:00,1541,30.00000000065484,40.26115900076407,0,0,0
2025-10-16 19:15:00+00:00,1541,19.999999998617568,39.75756746279447,0,0,0
2025-10-16 19:30:00+00:00,1541,40.00000000087312,30.513032541541996,0,0,0
2025-10-16 19:45:00+00:00,1541,30.00000000065484,30.498064717894746,0,0,0
2025-10-16 20:00:00+00:00,1541,29.999999998835847,30.63586316196677,0,0,0
2025-10-16 20:15:00+00:00,1541,30.00000000065484,30.326539408935588,0,0,0
2025-10-16 20:30:00+00:00,1541,29.999999998835847,30.534270121467912,0,0,0
2025-10-16 20:45:00+00:00,1541,40.00000000087312,30.60148816790648,0,0,0
2025-10-16 21:00:00+00:00,1541,30.00000000065484,32.69385004925492,0,0,0
2025-10-16 21:15:00+00:00,1541,29.999999998835847,31.51723770057976,0,0,0
2025-10-16 21:30:00+00:00,1541,30.00000000065484,30.34182695055052,0,0,0
2025-10-16 21:45:00+00:00,1541,20.00000000043656,30.19867830157516,0,0,0
2025-10-16 22:00:00+00:00,1541,0.0,0.2345287781037939,0,0,0
2025-10-16 22:15:00+00:00,1541,0.0,0.0885499972694674,0,0,0
2025-10-16 22:30:00+00:00,1541,0.0,0.0953287909166284,0,0,0
2025-10-16 22:45:00+00:00,1541,0.0,0.1711318926324772,0,0,0
2025-10-16 23:00:00+00:00,1541,0.0,0.0963797067741545,0,0,0
2025-10-16 23:15:00+00:00,1541,0.0,0.1528104110281276,0,0,0
2025-10-16 23:30:00+00:00,1541,10.00000000021828,0.3373176217567106,0,0,0
2025-10-16 23:45:00+00:00,1541,0.0,3.682062112375604,0,0,0
2025-10-17 00:00:00+00:00,1541,9.99999999839929,1.350267212097943,0,0,0
2025-10-17 00:15:00+00:00,1541,10.00000000021828,0.5181775362738854,0,0,0
2025-10-17 00:30:00+00:00,1541,0.0,1.3207778176767704,0,0,0
2025-10-17 00:45:00+00:00,1541,10.00000000021828,9.31551202128302,0,0,0
2025-10-17 01:00:00+00:00,1541,0.0,8.53525336100564,0,0,0
2025-10-17 01:15:00+00:00,1541,10.00000000021828,9.707051587774636,0,0,0
2025-10-17 01:30:00+00:00,1541,0.0,8.784517465962338,0,0,0
2025-10-17 01:45:00+00:00,1541,10.00000000021828,9.773133717808378,0,0,0
2025-10-17 02:00:00+00:00,1541,0.0,9.336420224088153,0,0,0
2025-10-17 06:45:00+00:00,1541,39.999999999054126,9.719090756201282,0,0,0
2025-10-17 07:00:00+00:00,1541,20.00000000043656,34.66228885996271,0,0,0
2025-10-17 07:15:00+00:00,1541,39.999999999054126,32.75765551690246,0,0,0
2025-10-17 07:30:00+00:00,1541,50.000000001091394,35.92211094895252,0,0,0
2025-10-17 07:45:00+00:00,1541,39.999999999054126,51.51889228228485,0,0,0
2025-10-17 08:00:00+00:00,1541,69.99999999970896,41.37002591324127,0,0,0
2025-10-17 08:15:00+00:00,1541,60.00000000130967,46.02725419556346,0,0,0
2025-10-17 08:30:00+00:00,1541,79.99999999992724,46.51514381425002,0,0,0
2025-10-17 08:45:00+00:00,1541,69.99999999970896,47.11297777720767,0,0,0
2025-10-17 09:00:00+00:00,1541,59.99999999949068,52.13483329364797,0,0,0
2025-10-17 09:15:00+00:00,1541,69.99999999970896,53.79997856060632,0,0,0
2025-10-17 09:30:00+00:00,1541,70.00000000152795,53.40281350334795,0,0,0
2025-10-17 09:45:00+00:00,1541,69.99999999970896,51.58349656189395,0,0,0
2025-10-17 10:00:00+00:00,1541,19.999999998617568,54.382989587213245,0,0,0
2025-10-17 10:15:00+00:00,1541,50.000000001091394,57.37893433198737,0,0,0
2025-10-17 10:30:00+00:00,1541,39.999999999054126,52.46921771940295,0,0,0
2025-10-17 10:45:00+00:00,1541,50.000000001091394,44.15030301937895,0,0,0
2025-10-17 11:00:00+00:00,1541,39.999999999054126,41.0182414890879,0,0,0
2025-10-17 11:15:00+00:00,1541,40.00000000087312,39.286189200420885,0,0,0
2025-10-17 11:30:00+00:00,1541,39.999999999054126,31.37888095745842,0,0,0
2025-10-17 11:45:00+00:00,1541,30.00000000065484,30.44123219287172,0,0,0
2025-10-17 12:00:00+00:00,1541,40.00000000087312,30.643330653230123,1,0,1
2025-10-17 12:15:00+00:00,1541,49.9999999992724,37.17650459389887,1,0,1
2025-10-17 12:30:00+00:00,1541,59.99999999949068,38.79783401055478,1,0,1
2025-10-17 12:45:00+00:00,1541,59.99999999949068,38.95431035898064,1,0,1
2025-10-17 13:00:00+00:00,1541,50.000000001091394,40.52914833992479,0,0,0
2025-10-17 13:15:00+00:00,1541,69.99999999970896,40.523263983854896,0,0,0
2025-10-17 13:30:00+00:00,1541,59.99999999949068,40.65489505867113,0,0,0
2025-10-17 13:45:00+00:00,1541,30.00000000065484,40.45807629139842,0,0,0
2025-10-17 14:00:00+00:00,1541,39.999999999054126,39.96264673780023,0,0,0
2025-10-17 14:15:00+00:00,1541,50.000000001091394,40.627153970961466,0,0,0
2025-10-17 14:30:00+00:00,1541,49.9999999992724,42.90945730257381,0,0,0
2025-10-17 14:45:00+00:00,1541,40.00000000087312,47.80142039175629,0,0,0
2025-10-17 15:00:00+00:00,1541,59.99999999949068,48.44253122427325,0,0,0
2025-10-17 15:15:00+00:00,1541,59.99999999949068,43.60210358055254,0,0,0
2025-10-17 15:30:00+00:00,1541,60.00000000130967,42.690990441368335,0,0,0
2025-10-17 15:45:00+00:00,1541,49.9999999992724,42.9416589871861,0,0,0
2025-10-17 16:00:00+00:00,1541,59.99999999949068,45.06121911183986,0,0,0
2025-10-17 16:15:00+00:00,1541,60.00000000130967,46.60642860655817,0,0,0
2025-10-17 16:30:00+00:00,1541,69.99999999970896,49.81307618527417,0,0,0
2025-10-17 16:45:00+00:00,1541,69.99999999970896,51.168635936152256,0,0,0
2025-10-17 17:00:00+00:00,1541,79.99999999992724,52.44295641394855,0,0,0
2025-10-17 17:15:00+00:00,1541,30.00000000065484,53.14324887752301,0,0,0
2025-10-17 17:30:00+00:00,1541,49.9999999992724,55.34690738457683,0,0,0
2025-10-17 17:45:00+00:00,1541,40.00000000087312,54.4347240112289,0,0,0
2025-10-17 18:00:00+00:00,1541,39.999999999054126,57.8857230496338,0,0,0
2025-10-17 18:15:00+00:00,1541,30.00000000065484,56.273768806978936,0,0,0
2025-10-17 18:30:00+00:00,1541,39.999999999054126,52.71203337374858,0,0,0
2025-10-17 18:45:00+00:00,1541,40.00000000087312,45.885594987996456,0,0,0
2025-10-17 19:00:00+00:00,1541,39.999999999054126,49.19853961477212,0,0,0
2025-10-17 19:15:00+00:00,1541,40.00000000087312,42.94695413491675,0,0,0
2025-10-17 19:30:00+00:00,1541,49.9999999992724,42.32129987919401,0,0,0
2025-10-17 19:45:00+00:00,1541,40.00000000087312,40.555496577757104,0,0,0
2025-10-17 20:00:00+00:00,1541,49.9999999992724,39.8991165560161,0,0,0
2025-10-17 20:15:00+00:00,1541,49.9999999992724,40.40775983105817,0,0,0
2025-10-17 20:30:00+00:00,1541,40.00000000087312,41.31257133875846,0,0,0
2025-10-17 20:45:00+00:00,1541,49.9999999992724,41.39824029945295,0,0,0
2025-10-17 21:00:00+00:00,1541,40.00000000087312,43.044936583986,0,0,0
2025-10-17 21:15:00+00:00,1541,59.99999999949068,48.60634852905682,0,0,0
2025-10-17 21:30:00+00:00,1541,40.00000000087312,49.582962317258,0,0,0
2025-10-17 21:45:00+00:00,1541,19.999999998617568,11.552919609276104,0,0,0
2025-10-17 22:00:00+00:00,1541,0.0,0.1476833325614528,0,0,0
2025-10-17 22:15:00+00:00,1541,0.0,0.4330417608306405,0,0,0
2025-10-17 22:30:00+00:00,1541,0.0,19.105508011457417,0,0,0
2025-10-17 22:45:00+00:00,1541,20.00000000043656,5.815125733066306,0,0,0
2025-10-17 23:00:00+00:00,1541,0.0,9.65819752321407,0,0,0
2025-10-17 23:15:00+00:00,1541,10.00000000021828,0.2609311071934854,0,0,0
2025-10-17 23:30:00+00:00,1541,0.0,0.3278226742571988,0,0,0
2025-10-17 23:45:00+00:00,1541,10.00000000021828,0.4967071707581993,0,0,0
2025-10-18 00:00:00+00:00,1541,10.00000000021828,0.8607220145696424,0,0,0
2025-10-18 00:15:00+00:00,1541,10.00000000021828,1.504981730997944,0,0,0
2025-10-18 00:30:00+00:00,1541,10.00000000021828,4.928699457380844,0,0,0
2025-10-18 00:45:00+00:00,1541,10.00000000021828,8.938700731441713,0,0,0
2025-10-18 01:00:00+00:00,1541,9.99999999839929,9.80123026235221,0,0,0
2025-10-18 01:15:00+00:00,1541,10.00000000021828,9.85453140100105,0,0,0
2025-10-18 01:30:00+00:00,1541,0.0,10.018398933380745,0,0,0
2025-10-18 01:45:00+00:00,1541,10.00000000021828,9.998431532087771,0,0,0
2025-10-18 02:00:00+00:00,1541,0.0,9.932092468581509,0,0,0
2025-10-18 02:15:00+00:00,1541,10.00000000021828,9.948918713285629,0,0,0
2025-10-18 02:30:00+00:00,1541,10.00000000021828,9.927224255417975,0,0,0
2025-10-18 02:45:00+00:00,1541,10.00000000021828,9.960961745373517,0,0,0
2025-10-18 03:00:00+00:00,1541,0.0,9.915436224971987,0,0,0
2025-10-18 03:15:00+00:00,1541,10.00000000021828,9.915032472372314,0,0,0
2025-10-18 03:30:00+00:00,1541,0.0,9.763198312927404,0,0,0
2025-10-18 03:45:00+00:00,1541,10.00000000021828,9.842442004978274,0,0,0
2025-10-18 04:00:00+00:00,1541,9.99999999839929,9.49974104840226,0,0,0
2025-10-18 04:15:00+00:00,1541,10.00000000021828,2.885927668059366,0,0,0
2025-10-18 04:30:00+00:00,1541,0.0,9.620169437450508,0,0,0
2025-10-18 04:45:00+00:00,1541,10.00000000021828,9.757999756727774,0,0,0
2025-10-18 05:00:00+00:00,1541,0.0,9.706933746106788,0,0,0
2025-10-18 05:15:00+00:00,1541,10.00000000021828,9.69508582891157,0,0,0
2025-10-18 05:30:00+00:00,1541,10.00000000021828,9.329880977437927,0,0,0
2025-10-18 05:45:00+00:00,1541,10.00000000021828,8.50817295936817,0,0,0
2025-10-18 06:00:00+00:00,1541,0.0,9.727818766944475,0,0,0
2025-10-18 06:15:00+00:00,1541,10.00000000021828,9.747759122608766,0,0,0
2025-10-18 06:30:00+00:00,1541,19.999999998617568,9.690065001129016,0,0,0
2025-10-18 06:45:00+00:00,1541,10.00000000021828,10.13624060122821,0,0,0
2025-10-18 07:00:00+00:00,1541,10.00000000021828,9.75421723237293,0,0,0
2025-10-18 07:15:00+00:00,1541,10.00000000021828,9.707733523983656,0,0,0
2025-10-18 07:30:00+00:00,1541,40.00000000087312,20.79460749515169,0,0,0
2025-10-18 07:45:00+00:00,1541,49.9999999992724,51.851232831243394,0,0,0
2025-10-18 08:00:00+00:00,1541,49.9999999992724,46.73856582099697,0,0,0
2025-10-18 08:15:00+00:00,1541,40.00000000087312,40.834083939701614,0,0,0
2025-10-18 08:30:00+00:00,1541,39.999999999054126,40.25982796946657,0,0,0
2025-10-18 08:45:00+00:00,1541,50.000000001091394,35.97563424812272,0,0,0
2025-10-18 09:00:00+00:00,1541,30.00000000065484,35.13567429435094,0,0,0
2025-10-18 09:15:00+00:00,1541,29.999999998835847,30.12502532733987,0,0,0
2025-10-18 09:30:00+00:00,1541,30.00000000065484,26.1018934005518,0,0,0
2025-10-18 09:45:00+00:00,1541,119.99999999898137,74.34214775892968,0,0,0
2025-10-18 10:00:00+00:00,1541,159.99999999985448,78.0682781142991,0,0,0
2025-10-18 10:15:00+00:00,1541,70.00000000152795,80.58617978105909,0,0,0
2025-10-18 10:30:00+00:00,1541,79.99999999992724,86.0624404960417,0,0,0
2025-10-18 10:45:00+00:00,1541,59.99999999949068,80.25828630618882,0,0,0
2025-10-18 11:00:00+00:00,1541,59.99999999949068,74.0761655917836,0,0,0
2025-10-18 11:15:00+00:00,1541,50.000000001091394,66.04340523424442,0,0,0
2025-10-18 11:30:00+00:00,1541,49.9999999992724,65.55122888341106,0,0,0
2025-10-18 11:45:00+00:00,1541,49.9999999992724,56.37364058639497,0,0,0
2025-10-18 12:00:00+00:00,1541,50.000000001091394,46.334592992632125,0,0,0
2025-10-18 12:15:00+00:00,1541,59.99999999949068,43.00058754843232,0,0,0
2025-10-18 12:30:00+00:00,1541,49.9999999992724,54.980396615603766,0,0,0
2025-10-18 12:45:00+00:00,1541,50.000000001091394,49.36920912276642,0,0,0
2025-10-18 13:00:00+00:00,1541,39.999999999054126,40.561118204862616,0,0,0
2025-10-18 13:15:00+00:00,1541,40.00000000087312,40.01990619739038,0,0,0
2025-10-18 13:30:00+00:00,1541,39.999999999054126,40.426305405014496,0,0,0
2025-10-18 13:45:00+00:00,1541,50.000000001091394,43.05822564682407,0,0,0
2025-10-18 14:00:00+00:00,1541,49.9999999992724,48.048231071825015,0,0,0
2025-10-18 14:15:00+00:00,1541,40.00000000087312,42.615645183509535,0,0,0
2025-10-18 14:30:00+00:00,1541,49.9999999992724,40.92525089034191,0,0,0
2025-10-18 14:45:00+00:00,1541,40.00000000087312,41.064400649932935,0,0,0
2025-10-18 15:00:00+00:00,1541,39.999999999054126,39.249666010710655,0,0,0
2025-10-18 15:15:00+00:00,1541,30.00000000065484,35.366667145299424,0,0,0
2025-10-18 15:30:00+00:00,1541,59.99999999949068,39.7924563237998,0,0,0
2025-10-18 15:45:00+00:00,1541,50.000000001091394,43.388599592210994,0,0,0
2025-10-18 16:00:00+00:00,1541,49.9999999992724,48.27570412738303,0,0,0
2025-10-18 16:15:00+00:00,1541,49.9999999992724,40.62171779959552,0,0,0
2025-10-18 16:30:00+00:00,1541,60.00000000130967,42.16522728336784,0,0,0
2025-10-18 16:45:00+00:00,1541,49.9999999992724,47.53028023685361,0,0,0
2025-10-18 17:00:00+00:00,1541,49.9999999992724,43.56421265476303,0,0,0
2025-10-18 17:15:00+00:00,1541,50.000000001091394,43.21839951905746,0,0,0
2025-10-18 17:30:00+00:00,1541,59.99999999949068,49.170319433068585,0,0,0
2025-10-18 17:45:00+00:00,1541,59.99999999949068,53.03059610672207,0,0,0
2025-10-18 18:00:00+00:00,1541,60.00000000130967,53.7156580176849,0,0,0
2025-10-18 18:15:00+00:00,1541,69.99999999970896,54.42620850185396,0,0,0
2025-10-18 18:30:00+00:00,1541,69.99999999970896,55.055432780563294,0,0,0
2025-10-18 18:45:00+00:00,1541,49.9999999992724,57.41950277501682,0,0,0
2025-10-18 19:00:00+00:00,1541,60.00000000130967,53.726538087739286,0,0,0
2025-10-18 19:15:00+00:00,1541,69.99999999970896,55.00223789259857,0,0,0
2025-10-18 19:30:00+00:00,1541,59.99999999949068,58.54003794444155,0,0,0
2025-10-18 19:45:00+00:00,1541,30.00000000065484,58.411099841510215,0,0,0
2025-10-18 20:00:00+00:00,1541,0.0,1.4442159988316805,0,0,0
2025-10-18 20:15:00+00:00,1541,10.00000000021828,1.3467280984012788,0,0,0
2025-10-18 20:30:00+00:00,1541,39.999999999054126,50.021261843917614,0,0,0
2025-10-18 20:45:00+00:00,1541,30.00000000065484,47.75767022369495,0,0,0
2025-10-18 21:00:00+00:00,1541,39.999999999054126,21.150836578605062,0,0,0
2025-10-18 21:15:00+00:00,1541,40.00000000087312,20.47806304221892,0,0,0
2025-10-18 21:30:00+00:00,1541,39.999999999054126,32.13494247329935,0,0,0
2025-10-18 21:45:00+00:00,1541,40.00000000087312,33.722296784833404,0,0,0
2025-10-18 22:00:00+00:00,1541,39.999999999054126,33.30462534553895,0,0,0
2025-10-18 22:15:00+00:00,1541,40.00000000087312,33.66202560130597,0,0,0
2025-10-18 22:30:00+00:00,1541,49.9999999992724,33.13779341907218,0,0,0
2025-10-18 22:45:00+00:00,1541,10.00000000021828,18.395280143001983,0,0,0
2025-10-18 23:00:00+00:00,1541,10.00000000021828,10.728344754565594,0,0,0
2025-10-18 23:15:00+00:00,1541,20.00000000043656,9.926148225762384,0,0,0
2025-10-18 23:30:00+00:00,1541,20.00000000043656,10.128163617404107,0,0,0
2025-10-18 23:45:00+00:00,1541,9.99999999839929,17.04857300594211,0,0,0
2025-10-19 00:00:00+00:00,1541,20.00000000043656,19.992158379494853,0,0,0
2025-10-19 00:15:00+00:00,1541,10.00000000021828,10.692215658301931,0,0,0
2025-10-19 00:30:00+00:00,1541,20.00000000043656,19.75616691681596,0,0,0
2025-10-19 00:45:00+00:00,1541,20.00000000043656,20.07915354191028,0,0,0
2025-10-19 01:00:00+00:00,1541,19.999999998617568,10.413127952226729,0,0,0
2025-10-19 01:15:00+00:00,1541,20.00000000043656,17.431254163123654,0,0,0
2025-10-19 01:30:00+00:00,1541,20.00000000043656,19.75718354267997,0,0,0
2025-10-19 01:45:00+00:00,1541,10.00000000021828,16.781948505114734,0,0,0
2025-10-19 02:00:00+00:00,1541,10.00000000021828,20.01201711531543,0,0,0
2025-10-19 02:15:00+00:00,1541,19.999999998617568,19.76724934612783,0,0,0
2025-10-19 02:30:00+00:00,1541,10.00000000021828,10.490876407377367,0,0,0
2025-10-19 02:45:00+00:00,1541,30.00000000065484,20.01974830145847,0,0,0
2025-10-19 03:00:00+00:00,1541,20.00000000043656,10.330762421893208,0,0,0
2025-10-19 03:15:00+00:00,1541,10.00000000021828,10.485428645027696,0,0,0
2025-10-19 03:30:00+00:00,1541,9.99999999839929,19.433324213102864,0,0,0
2025-10-19 05:00:00+00:00,1541,20.00000000043656,17.111630855139538,0,0,0
2025-10-19 05:15:00+00:00,1541,10.00000000021828,10.630607647985157,0,0,0
2025-10-19 05:30:00+00:00,1541,20.00000000043656,18.494602316606503,0,0,0
2025-10-19 05:45:00+00:00,1541,29.999999998835847,11.806317831760564,0,0,0
2025-10-19 06:00:00+00:00,1541,20.00000000043656,10.30583794322816,0,0,0
2025-10-19 06:15:00+00:00,1541,10.00000000021828,12.823853587994744,0,0,0
2025-10-19 06:30:00+00:00,1541,10.00000000021828,16.4838709040405,0,0,0
2025-10-19 06:45:00+00:00,1541,30.00000000065484,18.645339196258995,0,0,0
2025-10-19 07:00:00+00:00,1541,19.999999998617568,10.678779776336704,0,0,0
2025-10-19 07:15:00+00:00,1541,40.00000000087312,17.779745781984467,0,0,0
2025-10-19 07:30:00+00:00,1541,39.999999999054126,58.569328360308816,0,0,0
2025-10-19 07:45:00+00:00,1541,60.00000000130967,56.68296530534147,0,0,0
2025-10-19 08:00:00+00:00,1541,49.9999999992724,47.5510899162971,0,0,0
2025-10-19 08:15:00+00:00,1541,49.9999999992724,40.65217890481878,0,0,0
2025-10-19 08:30:00+00:00,1541,50.000000001091394,50.82322075755451,0,0,0
2025-10-19 08:45:00+00:00,1541,49.9999999992724,50.41376539388884,0,0,0
2025-10-19 09:00:00+00:00,1541,60.00000000130967,47.28109147329111,1,0,1
2025-10-19 09:15:00+00:00,1541,39.999999999054126,56.54240530939751,1,0,1
2025-10-19 09:30:00+00:00,1541,49.9999999992724,80.42164963077657,1,0,1
2025-10-19 09:45:00+00:00,1541,140.0000000012369,84.33877621592868,1,0,1
2025-10-19 10:00:00+00:00,1541,170.00000000007276,91.37631925639177,1,0,1
2025-10-19 10:15:00+00:00,1541,79.99999999992724,95.67174464096291,0,0,0
2025-10-19 10:30:00+00:00,1541,69.99999999970896,99.03189354894928,0,0,0
2025-10-19 10:45:00+00:00,1541,59.99999999949068,90.25828387578989,0,0,0
2025-10-19 11:00:00+00:00,1541,59.99999999949068,82.47502330654308,0,0,0
2025-10-19 11:15:00+00:00,1541,30.00000000065484,72.90336667675321,0,0,0
2025-10-19 11:30:00+00:00,1541,50.000000001091394,58.178727663498734,0,0,0
2025-10-19 11:45:00+00:00,1541,49.9999999992724,51.32511035274749,0,0,0
2025-10-19 12:00:00+00:00,1541,49.9999999992724,43.13189793936556,0,0,0
2025-10-19 12:15:00+00:00,1541,40.00000000087312,41.260807937283495,0,0,0
2025-10-19 12:30:00+00:00,1541,59.99999999949068,52.0367812986764,0,0,0
2025-10-19 12:45:00+00:00,1541,50.000000001091394,59.70392725665042,0,0,0
2025-10-19 13:00:00+00:00,1541,39.999999999054126,48.932360400902766,0,0,0
2025-10-19 13:15:00+00:00,1541,30.00000000065484,44.74622640185296,0,0,0
2025-10-19 13:30:00+00:00,1541,69.99999999970896,42.822922881761365,0,0,0
2025-10-19 13:45:00+00:00,1541,39.999999999054126,51.27420661589862,0,0,0
2025-10-19 14:00:00+00:00,1541,50.000000001091394,39.770294362922,0,0,0
2025-10-19 14:15:00+00:00,1541,49.9999999992724,39.8254906274095,0,0,0
2025-10-19 14:30:00+00:00,1541,40.00000000087312,54.12352155291933,0,0,0
2025-10-19 14:45:00+00:00,1541,39.999999999054126,51.04966607922245,0,0,0
2025-10-19 15:00:00+00:00,1541,40.00000000087312,42.0050398883201,0,0,0
2025-10-19 15:15:00+00:00,1541,29.999999998835847,41.05472024669386,0,0,0
2025-10-19 15:30:00+00:00,1541,50.000000001091394,42.28662738321817,0,0,0
2025-10-19 15:45:00+00:00,1541,29.999999998835847,40.9107119330924,0,0,0
2025-10-19 16:00:00+00:00,1541,30.00000000065484,38.1410502362141,0,0,0
2025-10-19 16:15:00+00:00,1541,30.00000000065484,41.67335809360313,0,0,0
2025-10-19 16:30:00+00:00,1541,29.999999998835847,52.50877388318729,0,0,0
2025-10-19 16:45:00+00:00,1541,60.00000000130967,51.49713600583735,0,0,0
2025-10-19 17:00:00+00:00,1541,29.999999998835847,47.03234316711007,0,0,0
2025-10-19 17:15:00+00:00,1541,30.00000000065484,37.75598230230099,0,0,0
2025-10-19 17:30:00+00:00,1541,39.999999999054126,40.53788600982108,0,0,0
2025-10-19 17:45:00+00:00,1541,40.00000000087312,40.99647748531791,0,0,0
2025-10-19 18:00:00+00:00,1541,49.9999999992724,42.23600569363989,0,0,0
2025-10-19 18:15:00+00:00,1541,50.000000001091394,46.920347218720096,0,0,0
2025-10-19 18:30:00+00:00,1541,29.999999998835847,42.821091506333175,0,0,0
2025-10-19 18:45:00+00:00,1541,50.000000001091394,40.18984740524076,0,0,0
2025-10-19 19:00:00+00:00,1541,39.999999999054126,40.36014406992531,0,0,0
2025-10-19 19:15:00+00:00,1541,50.000000001091394,42.356316241020295,0,0,0
2025-10-19 19:30:00+00:00,1541,49.9999999992724,44.31085359858332,0,0,0
2025-10-19 19:45:00+00:00,1541,20.00000000043656,39.0531273588779,0,0,0
2025-10-19 20:00:00+00:00,1541,0.0,7.930829923801646,0,0,0
2025-10-19 20:15:00+00:00,1541,0.0,2.3066218925824664,0,0,0
2025-10-19 20:30:00+00:00,1541,10.00000000021828,22.400238856185823,0,0,0
2025-10-19 20:45:00+00:00,1541,29.999999998835847,36.48679276663262,0,0,0
2025-10-19 21:00:00+00:00,1541,20.00000000043656,14.780152775083629,0,0,0
2025-10-19 22:00:00+00:00,1541,30.00000000065484,10.335000858274476,0,0,0
2025-10-19 22:15:00+00:00,1541,19.999999998617568,21.578761208917552,0,0,0
2025-10-19 22:30:00+00:00,1541,30.00000000065484,20.270307698846175,0,0,0
2025-10-19 22:45:00+00:00,1541,10.00000000021828,17.927328948149075,0,0,0
2025-10-19 23:00:00+00:00,1541,0.0,15.301143345536309,0,0,0
2025-10-19 23:15:00+00:00,1541,0.0,7.470640824381707,0,0,0
2025-10-19 23:30:00+00:00,1541,0.0,9.681852789161486,0,0,0
2025-10-19 23:45:00+00:00,1541,10.00000000021828,7.992563503108755,0,0,0
2025-10-20 00:00:00+00:00,1541,0.0,9.900528288073971,0,0,0
2025-10-20 00:15:00+00:00,1541,10.00000000021828,10.013679471174983,0,0,0
2025-10-20 00:30:00+00:00,1541,0.0,9.974689333762438,0,0,0
2025-10-20 00:45:00+00:00,1541,10.00000000021828,10.059251355511408,0,0,0
2025-10-20 01:00:00+00:00,1541,0.0,8.931477616751852,0,0,0
2025-10-20 01:15:00+00:00,1541,0.0,9.821079821977335,0,0,0
2025-10-20 01:30:00+00:00,1541,9.99999999839929,5.411494838721293,0,0,0
2025-10-20 01:45:00+00:00,1541,10.00000000021828,2.3231796128303444,0,0,0
2025-10-20 02:00:00+00:00,1541,0.0,8.90619961308326,0,0,0
2025-10-20 03:15:00+00:00,1541,0.0,9.722181685194004,0,0,0
2025-10-20 03:30:00+00:00,1541,10.00000000021828,9.245898504875091,0,0,0
2025-10-20 03:45:00+00:00,1541,0.0,0.3555444436606585,0,0,0
2025-10-20 04:00:00+00:00,1541,0.0,1.3827181028602666,0,0,0
2025-10-20 04:15:00+00:00,1541,10.00000000021828,0.991433538010547,0,0,0
2025-10-20 04:30:00+00:00,1541,10.00000000021828,0.8590606402360557,0,0,0
2025-10-20 04:45:00+00:00,1541,0.0,1.9909298599109668,0,0,0
2025-10-20 05:00:00+00:00,1541,10.00000000021828,5.756641492862798,0,0,0
2025-10-20 05:15:00+00:00,1541,0.0,0.2395727878537883,0,0,0
2025-10-20 05:30:00+00:00,1541,0.0,0.7679883492961679,0,0,0
2025-10-20 05:45:00+00:00,1541,10.00000000021828,3.5995381719312114,0,0,0
2025-10-20 06:00:00+00:00,1541,0.0,0.1015743993125433,0,0,0
2025-10-20 06:15:00+00:00,1541,79.99999999992724,16.105309375657068,0,0,0
2025-10-20 06:30:00+00:00,1541,99.9999999985448,65.02626550328742,0,0,0
2025-10-20 06:45:00+00:00,1541,30.00000000065484,63.5429286796809,0,0,0
2025-10-20 07:00:00+00:00,1541,30.00000000065484,56.15707078285878,0,0,0
2025-10-20 07:15:00+00:00,1541,19.999999998617568,39.16068009684085,0,0,0
2025-10-20 07:30:00+00:00,1541,40.00000000087312,52.011149770004266,0,0,0
2025-10-20 07:45:00+00:00,1541,39.999999999054126,51.00977764057139,0,0,0
2025-10-20 08:00:00+00:00,1541,50.000000001091394,41.127272077475496,0,0,0
2025-10-20 08:15:00+00:00,1541,69.99999999970896,41.39565937374402,0,0,0
2025-10-20 08:30:00+00:00,1541,110.00000000058208,43.76594599913416,0,0,0
2025-10-20 08:45:00+00:00,1541,19.999999998617568,49.48569464551833,0,0,0
2025-10-20 09:00:00+00:00,1541,40.00000000087312,44.96436098819172,0,0,0
2025-10-20 09:15:00+00:00,1541,49.9999999992724,43.49041286140058,0,0,0
2025-10-20 09:30:00+00:00,1541,50.000000001091394,53.50388301774866,0,0,0
2025-10-20 09:45:00+00:00,1541,39.999999999054126,49.66452806971465,0,0,0
2025-10-20 10:00:00+00:00,1541,30.00000000065484,40.561537412107256,0,0,0
2025-10-20 10:15:00+00:00,1541,39.999999999054126,40.51133686160424,0,0,0
2025-10-20 10:30:00+00:00,1541,30.00000000065484,41.1313347172703,0,0,0
2025-10-20 10:45:00+00:00,1541,30.00000000065484,29.091005260421383,0,0,0
2025-10-20 11:00:00+00:00,1541,29.999999998835847,51.25023259789884,0,0,0
2025-10-20 11:15:00+00:00,1541,30.00000000065484,38.53731892406458,0,0,0
2025-10-20 11:30:00+00:00,1541,20.00000000043656,29.72035317629043,0,0,0
2025-10-20 11:45:00+00:00,1541,29.999999998835847,29.856027572595277,0,0,0
2025-10-20 12:00:00+00:00,1541,40.00000000087312,38.37507606123668,0,0,0
2025-10-20 12:15:00+00:00,1541,20.00000000043656,42.52084252764156,0,0,0
2025-10-20 12:30:00+00:00,1541,39.999999999054126,18.85210206165048,0,0,0
2025-10-20 12:45:00+00:00,1541,30.00000000065484,25.952733860600905,0,0,0
2025-10-20 13:00:00+00:00,1541,20.00000000043656,30.1308188873706,0,0,0
2025-10-20 13:15:00+00:00,1541,19.999999998617568,28.610598587643125,0,0,0
2025-10-20 13:30:00+00:00,1541,20.00000000043656,20.0721318205626,0,0,0
2025-10-20 13:45:00+00:00,1541,20.00000000043656,21.046846136306225,0,0,0
2025-10-20 14:00:00+00:00,1541,30.00000000065484,25.914342590680697,0,0,0
2025-10-20 14:15:00+00:00,1541,29.999999998835847,25.3383624616169,0,0,0
2025-10-20 14:30:00+00:00,1541,20.00000000043656,20.74149760773427,0,0,0
2025-10-20 14:45:00+00:00,1541,20.00000000043656,20.10388821821687,0,0,0
2025-10-20 15:00:00+00:00,1541,19.999999998617568,23.31261879329938,0,0,0
2025-10-20 15:15:00+00:00,1541,30.00000000065484,26.89593277456016,0,0,0
2025-10-20 15:30:00+00:00,1541,20.00000000043656,20.23193236652859,0,0,0
2025-10-20 15:45:00+00:00,1541,29.999999998835847,20.021837093316837,0,0,0
2025-10-20 16:00:00+00:00,1541,20.00000000043656,19.9081459635574,0,0,0
2025-10-20 16:15:00+00:00,1541,40.00000000087312,20.921045326302504,0,0,0
2025-10-20 16:30:00+00:00,1541,29.999999998835847,20.121036595676955,0,0,0
2025-10-20 16:45:00+00:00,1541,20.00000000043656,20.436905390850225,0,0,0
2025-10-20 17:00:00+00:00,1541,20.00000000043656,20.36294960216518,0,0,0
2025-10-20 17:15:00+00:00,1541,20.00000000043656,20.598791830928647,0,0,0
2025-10-20 17:30:00+00:00,1541,19.999999998617568,21.909380979750924,0,0,0
2025-10-20 17:45:00+00:00,1541,10.00000000021828,20.445183285058853,0,0,0
2025-10-20 18:00:00+00:00,1541,30.00000000065484,20.67342231145788,0,0,0
2025-10-20 18:15:00+00:00,1541,30.00000000065484,26.1051620579616,0,0,0
2025-10-20 18:30:00+00:00,1541,29.999999998835847,29.624258125737374,0,0,0
2025-10-20 18:45:00+00:00,1541,30.00000000065484,25.475955165727846,0,0,0
2025-10-20 19:00:00+00:00,1541,30.00000000065484,22.305242051340493,0,0,0
2025-10-20 19:15:00+00:00,1541,29.999999998835847,22.40782805277826,0,0,0
2025-10-20 19:30:00+00:00,1541,40.00000000087312,25.873917103117154,0,0,0
2025-10-20 19:45:00+00:00,1541,19.999999998617568,24.28988360841965,0,0,0
2025-10-20 20:00:00+00:00,1541,30.00000000065484,30.049935071122967,0,0,0
2025-10-20 20:15:00+00:00,1541,30.00000000065484,30.097798106575244,0,0,0
2025-10-20 20:30:00+00:00,1541,29.999999998835847,30.17247495103937,0,0,0
2025-10-20 20:45:00+00:00,1541,40.00000000087312,30.222546068890814,0,0,0
2025-10-20 21:00:00+00:00,1541,30.00000000065484,30.16093322899749,0,0,0
2025-10-20 21:15:00+00:00,1541,29.999999998835847,30.32318864872441,0,0,0
2025-10-20 21:30:00+00:00,1541,40.00000000087312,30.18334246419471,0,0,0
2025-10-20 21:45:00+00:00,1541,19.999999998617568,30.044233273046707,0,0,0
2025-10-20 22:00:00+00:00,1541,0.0,16.340296286413327,0,0,0
2025-10-20 22:15:00+00:00,1541,10.00000000021828,0.1144230047691579,0,0,0
2025-10-20 22:30:00+00:00,1541,0.0,0.2159754768249868,0,0,0
2025-10-20 22:45:00+00:00,1541,0.0,0.3299051876660428,0,0,0
2025-10-20 23:00:00+00:00,1541,10.00000000021828,0.3365661396453561,0,0,0
2025-10-20 23:15:00+00:00,1541,10.00000000021828,2.017372757443688,0,0,0
2025-10-20 23:30:00+00:00,1541,10.00000000021828,5.3808135048073,0,0,0
2025-10-20 23:45:00+00:00,1541,0.0,8.622365399173603,0,0,0
2025-10-21 00:00:00+00:00,1541,0.0,2.301170266571553,0,0,0
2025-10-21 00:15:00+00:00,1541,0.0,1.024630115392366,0,0,0
2025-10-21 00:30:00+00:00,1541,0.0,0.9424770864270968,0,0,0
2025-10-21 00:45:00+00:00,1541,0.0,1.095930119931943,0,0,0
2025-10-21 01:00:00+00:00,1541,0.0,7.359255334467786,0,0,0
2025-10-21 01:15:00+00:00,1541,0.0,0.3671914504713527,0,0,0
2025-10-21 01:30:00+00:00,1541,0.0,0.2578479055232492,0,0,0
2025-10-21 01:45:00+00:00,1541,10.00000000021828,0.229339881057264,0,0,0
2025-10-21 02:00:00+00:00,1541,0.0,0.1488714083930276,0,0,0
2025-10-21 02:15:00+00:00,1541,0.0,0.1453380901882255,0,0,0
2025-10-21 02:30:00+00:00,1541,10.00000000021828,0.1547267870036144,0,0,0
2025-10-21 02:45:00+00:00,1541,0.0,0.0291230237231765,0,0,0
2025-10-21 03:00:00+00:00,1541,0.0,0.091751040607555,0,0,0
2025-10-21 03:15:00+00:00,1541,10.00000000021828,0.2772299621382252,0,0,0
2025-10-21 03:30:00+00:00,1541,0.0,-0.1195274788592293,0,0,0
2025-10-21 03:45:00+00:00,1541,0.0,0.1539308727879884,0,0,0
2025-10-21 04:00:00+00:00,1541,9.99999999839929,3.970982836308906,0,0,0
2025-10-21 04:15:00+00:00,1541,0.0,-0.0455229114510196,0,0,0
2025-10-21 04:30:00+00:00,1541,10.00000000021828,0.2599091687952679,0,0,0
2025-10-21 04:45:00+00:00,1541,0.0,0.0450644900031349,0,0,0
2025-10-21 05:00:00+00:00,1541,0.0,0.3115025691756337,0,0,0
2025-10-21 05:15:00+00:00,1541,10.00000000021828,9.193165324428662,0,0,0
2025-10-21 05:30:00+00:00,1541,0.0,0.2006039005780664,0,0,0
2025-10-21 05:45:00+00:00,1541,0.0,8.181906085880325,0,0,0
2025-10-21 06:00:00+00:00,1541,10.00000000021828,9.765018097371868,0,0,0
2025-10-21 06:15:00+00:00,1541,69.99999999970896,0.3754809356637061,0,0,0
2025-10-21 06:30:00+00:00,1541,130.00000000101863,44.02106355087082,0,0,0
2025-10-21 06:45:00+00:00,1541,29.999999998835847,51.5425881166753,0,0,0
2025-10-21 07:00:00+00:00,1541,20.00000000043656,52.29336704168461,0,0,0
2025-10-21 07:15:00+00:00,1541,79.99999999992724,32.47373920019143,0,0,0
2025-10-21 07:30:00+00:00,1541,79.99999999992724,58.54029680974469,0,0,0
2025-10-21 07:45:00+00:00,1541,30.00000000065484,53.63801001772653,0,0,0
2025-10-21 08:00:00+00:00,1541,39.999999999054126,43.246685383002095,0,0,0
2025-10-21 08:15:00+00:00,1541,50.000000001091394,43.58380141725439,0,0,0
2025-10-21 08:30:00+00:00,1541,49.9999999992724,40.58520426903839,0,0,0
2025-10-21 08:45:00+00:00,1541,40.00000000087312,30.461461357213764,0,0,0
2025-10-21 09:00:00+00:00,1541,39.999999999054126,32.532639749893654,0,0,0
2025-10-21 09:15:00+00:00,1541,50.000000001091394,40.111986903914136,0,0,0
2025-10-21 09:30:00+00:00,1541,39.999999999054126,35.828355345280826,0,0,0
2025-10-21 09:45:00+00:00,1541,40.00000000087312,31.10453879330235,0,0,0
2025-10-21 10:00:00+00:00,1541,39.999999999054126,39.4340746980776,0,0,0
2025-10-21 10:15:00+00:00,1541,40.00000000087312,37.21569370986532,0,0,0
2025-10-21 10:30:00+00:00,1541,39.999999999054126,30.53412426825607,0,0,0
2025-10-21 10:45:00+00:00,1541,40.00000000087312,30.357682450367864,0,0,0
2025-10-21 11:00:00+00:00,1541,39.999999999054126,33.071978847579366,0,0,0
2025-10-21 11:15:00+00:00,1541,30.00000000065484,35.80361052686348,0,0,0
2025-10-21 11:30:00+00:00,1541,39.999999999054126,29.69460477186576,0,0,0
2025-10-21 11:45:00+00:00,1541,40.00000000087312,38.76352469873558,0,0,0
2025-10-21 12:00:00+00:00,1541,39.999999999054126,38.68351020626716,0,0,0
2025-10-21 12:15:00+00:00,1541,30.00000000065484,36.041579218182406,0,0,0
2025-10-21 12:30:00+00:00,1541,40.00000000087312,30.028565160799545,0,0,0
2025-10-21 12:45:00+00:00,1541,29.999999998835847,30.18887619300699,0,0,0
2025-10-21 13:00:00+00:00,1541,30.00000000065484,30.3864406468992,0,0,0
2025-10-21 13:15:00+00:00,1541,39.999999999054126,30.261690752753,0,0,0
2025-10-21 13:30:00+00:00,1541,30.00000000065484,30.202764123337406,0,0,0
2025-10-21 13:45:00+00:00,1541,30.00000000065484,30.033442067200877,0,0,0
2025-10-21 14:00:00+00:00,1541,29.999999998835847,30.13923297563797,0,0,0
2025-10-21 14:15:00+00:00,1541,30.00000000065484,29.96129398901892,0,0,0
2025-10-21 14:30:00+00:00,1541,20.00000000043656,29.755594596383997,0,0,0
2025-10-21 14:45:00+00:00,1541,10.00000000021828,18.20734586475272,0,0,0
2025-10-21 15:00:00+00:00,1541,19.999999998617568,19.33589813125232,0,0,0
2025-10-21 15:15:00+00:00,1541,40.00000000087312,29.66627930539341,0,0,0
2025-10-21 15:30:00+00:00,1541,30.00000000065484,29.8969804499182,0,0,0
2025-10-21 15:45:00+00:00,1541,29.999999998835847,27.27247457402991,0,0,0
2025-10-21 16:00:00+00:00,1541,30.00000000065484,26.740523762552108,0,0,0
2025-10-21 16:15:00+00:00,1541,29.999999998835847,29.40065839057336,0,0,0
2025-10-21 16:30:00+00:00,1541,30.00000000065484,29.754275156070225,0,0,0
2025-10-21 16:45:00+00:00,1541,30.00000000065484,29.82212201337575,0,0,0
2025-10-21 17:00:00+00:00,1541,29.999999998835847,30.155998367677547,0,0,0
2025-10-21 17:15:00+00:00,1541,30.00000000065484,30.231326239060763,0,0,0
2025-10-21 17:30:00+00:00,1541,40.00000000087312,30.026843899716724,0,0,0
2025-10-21 17:45:00+00:00,1541,29.999999998835847,30.24988533583143,0,0,0
2025-10-21 18:00:00+00:00,1541,40.00000000087312,30.330478411570684,0,0,0
2025-10-21 18:15:00+00:00,1541,29.999999998835847,30.48052659360699,0,0,0
2025-10-21 18:30:00+00:00,1541,30.00000000065484,30.288836836631567,0,0,0
2025-10-21 18:45:00+00:00,1541,39.999999999054126,30.284822492602277,0,0,0
2025-10-21 19:00:00+00:00,1541,30.00000000065484,33.46434620349185,0,0,0
2025-10-21 19:15:00+00:00,1541,30.00000000065484,39.2605248306282,0,0,0
2025-10-21 19:30:00+00:00,1541,39.999999999054126,33.87831142574096,0,0,0
2025-10-21 19:45:00+00:00,1541,30.00000000065484,34.72928667771055,0,0,0
2025-10-21 20:00:00+00:00,1541,39.999999999054126,36.13242162127846,0,0,0
2025-10-21 20:15:00+00:00,1541,30.00000000065484,36.112417515203695,0,0,0
2025-10-21 20:30:00+00:00,1541,40.00000000087312,30.94167388101467,0,0,0
2025-10-21 20:45:00+00:00,1541,29.999999998835847,31.548608698025248,0,0,0
2025-10-21 21:00:00+00:00,1541,40.00000000087312,36.125237143201005,0,0,0
2025-10-21 21:15:00+00:00,1541,29.999999998835847,36.77967760699908,0,0,0
2025-10-21 21:30:00+00:00,1541,50.000000001091394,36.307970933420016,0,0,0
2025-10-21 21:45:00+00:00,1541,10.00000000021828,31.70072007516419,0,0,0
2025-10-21 22:00:00+00:00,1541,0.0,0.3241425369252404,0,0,0
2025-10-21 22:15:00+00:00,1541,10.00000000021828,0.1609047813278117,0,0,0
2025-10-21 22:30:00+00:00,1541,9.99999999839929,0.6133607627740894,0,0,0
2025-10-21 22:45:00+00:00,1541,30.00000000065484,3.7943594263423774,0,0,0
2025-10-21 23:00:00+00:00,1541,10.00000000021828,10.645994678877042,0,0,0
2025-10-21 23:15:00+00:00,1541,10.00000000021828,4.948116286946991,0,0,0
2025-10-21 23:30:00+00:00,1541,10.00000000021828,8.094579614513492,0,0,0
2025-10-21 23:45:00+00:00,1541,10.00000000021828,5.7818460869678105,0,0,0
2025-10-22 00:00:00+00:00,1541,0.0,7.582961320315924,0,0,0
2025-10-22 00:15:00+00:00,1541,0.0,9.914406559251288,0,0,0
2025-10-22 00:30:00+00:00,1541,0.0,9.881399301270276,0,0,0
2025-10-22 00:45:00+00:00,1541,0.0,9.91016812287002,0,0,0
2025-10-22 01:00:00+00:00,1541,0.0,0.4382074759097243,0,0,0
2025-10-22 01:15:00+00:00,1541,0.0,0.2625770268821092,0,0,0
2025-10-22 01:30:00+00:00,1541,0.0,0.2227194975209805,0,0,0
2025-10-22 01:45:00+00:00,1541,0.0,0.2066891670324828,0,0,0
2025-10-22 02:00:00+00:00,1541,0.0,0.2033586910428262,0,0,0
2025-10-22 02:15:00+00:00,1541,0.0,0.1936956742793363,0,0,0
2025-10-22 02:30:00+00:00,1541,0.0,0.1803312700470591,0,0,0
2025-10-22 02:45:00+00:00,1541,0.0,0.1770935219271869,0,0,0
2025-10-22 03:00:00+00:00,1541,9.99999999839929,0.1827634447982085,0,0,0
2025-10-22 05:00:00+00:00,1541,10.00000000021828,0.2210542595261522,0,0,0
2025-10-22 05:15:00+00:00,1541,0.0,1.559239125803909,0,0,0
2025-10-22 05:30:00+00:00,1541,10.00000000021828,0.2044269933759359,0,0,0
2025-10-22 05:45:00+00:00,1541,0.0,0.1905313357230369,0,0,0
2025-10-22 06:00:00+00:00,1541,10.00000000021828,1.0654690147086825,0,0,0
2025-10-22 06:15:00+00:00,1541,100.0000000003638,40.679390670938446,0,0,0
2025-10-22 06:30:00+00:00,1541,99.9999999985448,55.75055180173619,0,0,0
2025-10-22 06:45:00+00:00,1541,30.00000000065484,58.329584316649694,0,0,0
2025-10-22 07:00:00+00:00,1541,20.00000000043656,55.39435314461509,0,0,0
2025-10-22 07:15:00+00:00,1541,39.999999999054126,43.24967972046379,0,0,0
2025-10-22 07:30:00+00:00,1541,90.00000000014552,58.09661713480712,0,0,0
2025-10-22 07:45:00+00:00,1541,50.000000001091394,56.97105920576922,0,0,0
2025-10-22 08:00:00+00:00,1541,39.999999999054126,50.58264216306736,0,0,0
2025-10-22 08:15:00+00:00,1541,60.00000000130967,45.20158399289115,0,0,0
2025-10-22 08:30:00+00:00,1541,39.999999999054126,42.19718748915256,0,0,0
2025-10-22 08:45:00+00:00,1541,49.9999999992724,39.28095587127008,0,0,0
2025-10-22 09:00:00+00:00,1541,40.00000000087312,39.92826981190932,0,0,0
2025-10-22 09:15:00+00:00,1541,49.9999999992724,41.11785053953956,0,0,0
2025-10-22 09:30:00+00:00,1541,50.000000001091394,40.86349219723673,0,0,0
2025-10-22 09:45:00+00:00,1541,39.999999999054126,40.868412569827015,0,0,0
2025-10-22 10:00:00+00:00,1541,30.00000000065484,40.67071095596076,0,0,0
2025-10-22 10:15:00+00:00,1541,39.999999999054126,39.74881047459197,0,0,0
2025-10-22 10:30:00+00:00,1541,30.00000000065484,36.41562605840585,0,0,0
2025-10-22 10:45:00+00:00,1541,40.00000000087312,35.85579893107494,0,0,0
2025-10-22 11:00:00+00:00,1541,39.999999999054126,39.11730277208926,0,0,0
2025-10-22 11:15:00+00:00,1541,30.00000000065484,38.10808354667611,0,0,0
2025-10-22 11:30:00+00:00,1541,39.999999999054126,30.14727228876497,0,0,0
2025-10-22 11:45:00+00:00,1541,30.00000000065484,30.11473929520128,0,0,0
2025-10-22 12:00:00+00:00,1541,30.00000000065484,31.56704995312807,0,0,0
2025-10-22 12:15:00+00:00,1541,19.999999998617568,30.91408540792402,0,0,0
2025-10-22 12:30:00+00:00,1541,40.00000000087312,21.45404512180721,0,0,0
2025-10-22 12:45:00+00:00,1541,39.999999999054126,30.000303444737668,0,0,0
2025-10-22 13:00:00+00:00,1541,40.00000000087312,29.7116309610391,0,0,0
2025-10-22 13:15:00+00:00,1541,30.00000000065484,29.717743273122203,0,0,0
2025-10-22 13:30:00+00:00,1541,39.999999999054126,30.30904764858272,0,0,0
2025-10-22 13:45:00+00:00,1541,30.00000000065484,30.51005848830181,0,0,0
2025-10-22 14:00:00+00:00,1541,29.999999998835847,30.376166205744333,0,0,0
2025-10-22 14:15:00+00:00,1541,30.00000000065484,28.868471895759857,0,0,0
2025-10-22 14:30:00+00:00,1541,39.999999999054126,29.91164690798865,0,0,0
2025-10-22 14:45:00+00:00,1541,30.00000000065484,29.772597603589887,0,0,0
2025-10-22 15:00:00+00:00,1541,30.00000000065484,29.22619090357925,0,0,0
2025-10-22 15:15:00+00:00,1541,39.999999999054126,29.794288197796305,0,0,0
2025-10-22 15:30:00+00:00,1541,30.00000000065484,29.829961382033535,0,0,0
2025-10-22 15:45:00+00:00,1541,39.999999999054126,30.155297113162323,0,0,0
2025-10-22 16:00:00+00:00,1541,30.00000000065484,30.012766649985505,0,0,0
2025-10-22 16:15:00+00:00,1541,40.00000000087312,30.296707114579284,0,0,0
2025-10-22 16:30:00+00:00,1541,39.999999999054126,30.065550058028062,0,0,0
2025-10-22 16:45:00+00:00,1541,30.00000000065484,30.16579178300792,0,0,0
2025-10-22 17:00:00+00:00,1541,20.00000000043656,30.318997542193348,0,0,0
2025-10-22 17:15:00+00:00,1541,19.999999998617568,30.101580630930084,0,0,0
2025-10-22 17:30:00+00:00,1541,20.00000000043656,1.6329944870620778,0,0,0
2025-10-22 17:45:00+00:00,1541,40.00000000087312,30.19265195595466,0,0,0
2025-10-22 18:00:00+00:00,1541,39.999999999054126,38.62286231576874,0,0,0
2025-10-22 18:15:00+00:00,1541,40.00000000087312,39.28421100586554,0,0,0
2025-10-22 18:30:00+00:00,1541,39.999999999054126,35.811386145110795,0,0,0
2025-10-22 18:45:00+00:00,1541,40.00000000087312,33.6103655527692,0,0,0
2025-10-22 19:00:00+00:00,1541,29.999999998835847,38.91367237004884,0,0,0
2025-10-22 19:15:00+00:00,1541,50.000000001091394,39.91649337244705,0,0,0
2025-10-22 19:30:00+00:00,1541,29.999999998835847,39.64446650728959,0,0,0
2025-10-22 19:45:00+00:00,1541,40.00000000087312,39.866918735065056,0,0,0
2025-10-22 20:00:00+00:00,1541,39.999999999054126,39.612950622547565,0,0,0
2025-10-22 20:15:00+00:00,1541,40.00000000087312,39.70939147078168,0,0,0
2025-10-22 20:30:00+00:00,1541,49.9999999992724,39.68985873137831,0,0,0
2025-10-22 20:45:00+00:00,1541,40.00000000087312,39.62876265617595,0,0,0
2025-10-22 21:00:00+00:00,1541,39.999999999054126,40.190660705931975,0,0,0
2025-10-22 21:15:00+00:00,1541,40.00000000087312,40.12094093883992,0,0,0
2025-10-22 21:30:00+00:00,1541,39.999999999054126,40.372766651199335,0,0,0
2025-10-22 21:45:00+00:00,1541,20.00000000043656,38.68535896817093,0,0,0
2025-10-22 22:00:00+00:00,1541,0.0,-0.1762228439082029,0,0,0
2025-10-22 22:15:00+00:00,1541,0.0,0.2660234127089929,0,0,0
2025-10-22 22:30:00+00:00,1541,0.0,2.7310643982015925,0,0,0
2025-10-22 22:45:00+00:00,1541,0.0,0.6533940887216794,0,0,0
2025-10-22 23:00:00+00:00,1541,0.0,0.1829006047722607,0,0,0
2025-10-22 23:15:00+00:00,1541,10.00000000021828,0.1678960763432222,0,0,0
2025-10-22 23:30:00+00:00,1541,0.0,0.3958501577257323,0,0,0
2025-10-22 23:45:00+00:00,1541,10.00000000021828,0.6859492983375084,0,0,0
2025-10-23 00:00:00+00:00,1541,0.0,0.3838341712665318,0,0,0
2025-10-23 00:15:00+00:00,1541,10.00000000021828,1.1276430513972535,0,0,0
2025-10-23 00:30:00+00:00,1541,0.0,2.520276563712404,0,0,0
2025-10-23 00:45:00+00:00,1541,10.00000000021828,9.610239828061392,0,0,0
2025-10-23 01:00:00+00:00,1541,10.00000000021828,9.33576533350782,0,0,0
2025-10-23 01:15:00+00:00,1541,0.0,9.441979312850794,0,0,0
2025-10-23 01:30:00+00:00,1541,0.0,9.781531385515478,0,0,0
2025-10-23 01:45:00+00:00,1541,9.99999999839929,9.748408217697236,0,0,0
2025-10-23 02:00:00+00:00,1541,0.0,9.72499443057738,0,0,0
2025-10-23 02:15:00+00:00,1541,10.00000000021828,9.60619650657279,0,0,0
2025-10-23 02:30:00+00:00,1541,10.00000000021828,1.5635277897813076,0,0,0
2025-10-23 02:45:00+00:00,1541,0.0,7.921860434230894,0,0,0
2025-10-23 03:00:00+00:00,1541,10.00000000021828,9.660237536349268,0,0,0
2025-10-23 03:15:00+00:00,1541,0.0,6.359285714065358,0,0,0
2025-10-23 03:30:00+00:00,1541,0.0,8.97381754846026,0,0,0
2025-10-23 03:45:00+00:00,1541,10.00000000021828,4.51551179695646,0,0,0
2025-10-23 04:00:00+00:00,1541,10.00000000021828,2.201497465709423,0,0,0
2025-10-23 04:15:00+00:00,1541,0.0,0.558050520279977,0,0,0
2025-10-23 04:30:00+00:00,1541,10.00000000021828,6.026278683542763,0,0,0
2025-10-23 04:45:00+00:00,1541,0.0,0.8184033329980593,0,0,0
2025-10-23 05:00:00+00:00,1541,0.0,8.162070049069541,0,0,0
2025-10-23 05:15:00+00:00,1541,10.00000000021828,8.746850632524797,0,0,0
2025-10-23 05:30:00+00:00,1541,9.99999999839929,0.4448974053483425,0,0,0
2025-10-23 05:45:00+00:00,1541,0.0,1.5875076032729574,0,0,0
2025-10-23 06:00:00+00:00,1541,10.00000000021828,8.376143927444115,0,0,0
2025-10-23 06:15:00+00:00,1541,110.00000000058208,11.418838973233132,0,0,0
2025-10-23 06:30:00+00:00,1541,100.0000000003638,54.46989491950482,0,0,0
2025-10-23 06:45:00+00:00,1541,29.999999998835847,55.84117397614151,0,0,0
2025-10-23 07:00:00+00:00,1541,30.00000000065484,56.75064892295957,0,0,0
2025-10-23 07:15:00+00:00,1541,40.00000000087312,47.23003318999261,0,0,0
2025-10-23 07:30:00+00:00,1541,69.99999999970896,51.313310731317785,0,0,0
2025-10-23 07:45:00+00:00,1541,39.999999999054126,52.75781003213078,0,0,0
2025-10-23 08:00:00+00:00,1541,40.00000000087312,42.11500934638923,0,0,0
2025-10-23 08:15:00+00:00,1541,29.999999998835847,40.54268274525166,0,0,0
2025-10-23 08:30:00+00:00,1541,40.00000000087312,31.82874152446612,0,0,0
2025-10-23 08:45:00+00:00,1541,20.00000000043656,30.51974855069399,0,0,0
2025-10-23 09:00:00+00:00,1541,29.999999998835847,30.311087661717917,0,0,0
2025-10-23 09:15:00+00:00,1541,30.00000000065484,30.28063718156307,0,0,0
2025-10-23 09:30:00+00:00,1541,40.00000000087312,30.26773158710315,0,0,0
2025-10-23 09:45:00+00:00,1541,29.999999998835847,30.427909322997785,0,0,0
2025-10-23 10:00:00+00:00,1541,30.00000000065484,30.26498162621494,0,0,0
2025-10-23 10:15:00+00:00,1541,49.9999999992724,29.629583216842644,0,0,0
2025-10-23 10:30:00+00:00,1541,20.00000000043656,29.68284378704846,0,0,0
2025-10-23 10:45:00+00:00,1541,20.00000000043656,29.24822343180549,0,0,0
2025-10-23 11:00:00+00:00,1541,29.999999998835847,25.76722885935685,0,0,0
2025-10-23 11:15:00+00:00,1541,30.00000000065484,20.93812512377556,0,0,0
2025-10-23 11:30:00+00:00,1541,30.00000000065484,20.52623275578219,0,0,0
2025-10-23 11:45:00+00:00,1541,39.999999999054126,20.50140776639409,0,0,0
2025-10-23 12:00:00+00:00,1541,30.00000000065484,27.062289470694303,0,0,0
2025-10-23 12:15:00+00:00,1541,29.999999998835847,30.00446943747067,0,0,0
2025-10-23 12:30:00+00:00,1541,50.000000001091394,29.25758025341564,0,0,0
2025-10-23 12:45:00+00:00,1541,29.999999998835847,30.046506071771667,0,0,0
2025-10-23 13:00:00+00:00,1541,30.00000000065484,29.74061518175302,0,0,0
2025-10-23 13:15:00+00:00,1541,50.000000001091394,29.312625835114748,0,0,0
2025-10-23 13:30:00+00:00,1541,29.999999998835847,29.83211827092127,0,0,0
2025-10-23 13:45:00+00:00,1541,40.00000000087312,30.24667173559431,0,0,0
2025-10-23 14:00:00+00:00,1541,29.999999998835847,29.744453729195858,0,0,0
2025-10-23 14:15:00+00:00,1541,40.00000000087312,30.096566564554703,0,0,0
2025-10-23 14:30:00+00:00,1541,39.999999999054126,30.286754323222723,0,0,0
2025-10-23 14:45:00+00:00,1541,30.00000000065484,30.16996357123278,0,0,0
2025-10-23 15:00:00+00:00,1541,40.00000000087312,30.285604884003558,0,0,0
2025-10-23 15:15:00+00:00,1541,39.999999999054126,32.994175335256045,0,0,0
2025-10-23 15:30:00+00:00,1541,49.9999999992724,32.26911004172024,0,0,0
2025-10-23 15:45:00+00:00,1541,50.000000001091394,38.978653356628925,0,0,0
2025-10-23 16:00:00+00:00,1541,59.99999999949068,40.34346078068711,0,0,0
2025-10-23 16:15:00+00:00,1541,59.99999999949068,50.08018460967197,0,0,0
2025-10-23 16:30:00+00:00,1541,60.00000000130967,52.65198435074251,0,0,0
2025-10-23 16:45:00+00:00,1541,39.999999999054126,50.34522017981402,0,0,0
2025-10-23 17:00:00+00:00,1541,59.99999999949068,50.00673254582121,0,0,0
2025-10-23 17:15:00+00:00,1541,50.000000001091394,51.73764505442216,0,0,0
2025-10-23 17:30:00+00:00,1541,59.99999999949068,54.660999331802245,0,0,0
2025-10-23 17:45:00+00:00,1541,50.000000001091394,52.63066853167646,0,0,0
2025-10-23 18:00:00+00:00,1541,49.9999999992724,51.71487263506829,0,0,0
2025-10-23 18:15:00+00:00,1541,49.9999999992724,50.20293312729538,0,0,0
2025-10-23 18:30:00+00:00,1541,40.00000000087312,51.57780925254735,0,0,0
2025-10-23 18:45:00+00:00,1541,49.9999999992724,51.29587789179884,0,0,0
2025-10-23 19:00:00+00:00,1541,50.000000001091394,50.396077552728,0,0,0
2025-10-23 19:15:00+00:00,1541,49.9999999992724,51.97994684182275,0,0,0
2025-10-23 19:30:00+00:00,1541,49.9999999992724,50.24729954932464,0,0,0
2025-10-23 19:45:00+00:00,1541,50.000000001091394,46.67307483113308,0,0,0
2025-10-23 20:00:00+00:00,1541,49.9999999992724,48.28623453609511,0,0,0
2025-10-23 20:15:00+00:00,1541,40.00000000087312,49.967802295157895,0,0,0
2025-10-23 20:30:00+00:00,1541,49.9999999992724,45.416981175240736,0,0,0
2025-10-23 20:45:00+00:00,1541,40.00000000087312,45.81351645571684,0,0,0
2025-10-23 21:00:00+00:00,1541,49.9999999992724,47.52636248435534,0,0,0
2025-10-23 21:15:00+00:00,1541,50.000000001091394,47.15579873474057,0,0,0
2025-10-23 21:30:00+00:00,1541,49.9999999992724,45.81928297011888,0,0,0
2025-10-23 21:45:00+00:00,1541,10.00000000021828,19.85313515480946,0,0,0
2025-10-23 22:00:00+00:00,1541,0.0,0.1682863061285537,0,0,0
2025-10-23 22:15:00+00:00,1541,10.00000000021828,0.3465846132430101,0,0,0
2025-10-23 22:30:00+00:00,1541,29.999999998835847,29.01925417343193,0,0,0
2025-10-23 22:45:00+00:00,1541,20.00000000043656,25.206309281810093,0,0,0
2025-10-23 23:00:00+00:00,1541,10.00000000021828,9.447415484216744,0,0,0
2025-10-23 23:15:00+00:00,1541,10.00000000021828,0.1074433007374722,0,0,0
2025-10-23 23:30:00+00:00,1541,10.00000000021828,0.2532385576628542,0,0,0
2025-10-23 23:45:00+00:00,1541,19.999999998617568,0.4301169692712783,0,0,0
2025-10-24 00:00:00+00:00,1541,0.0,10.15270366177569,0,0,0
2025-10-24 00:15:00+00:00,1541,0.0,10.017185743751105,0,0,0
2025-10-24 00:30:00+00:00,1541,0.0,9.976704233099568,0,0,0
2025-10-24 00:45:00+00:00,1541,0.0,10.037674739311598,0,0,0
2025-10-24 01:00:00+00:00,1541,0.0,8.4466982453642,0,0,0
2025-10-24 01:15:00+00:00,1541,0.0,0.2869335473447485,0,0,0
2025-10-24 01:30:00+00:00,1541,0.0,0.2308563680943152,0,0,0
2025-10-24 01:45:00+00:00,1541,0.0,0.2068108723615722,0,0,0
2025-10-24 02:00:00+00:00,1541,20.00000000043656,0.2079139476458493,0,0,0
2025-10-24 02:15:00+00:00,1541,20.00000000043656,26.30764012303692,0,0,0
2025-10-24 02:30:00+00:00,1541,0.0,10.92735614959252,0,0,0
2025-10-24 02:45:00+00:00,1541,10.00000000021828,0.3896837543852562,0,0,0
2025-10-24 03:00:00+00:00,1541,10.00000000021828,5.330433294056579,0,0,0
2025-10-24 03:15:00+00:00,1541,20.00000000043656,9.708079321664716,0,0,0
2025-10-24 03:30:00+00:00,1541,19.999999998617568,9.893971654948164,0,0,0
2025-10-24 03:45:00+00:00,1541,10.00000000021828,9.803621868660326,0,0,0
2025-10-24 04:00:00+00:00,1541,20.00000000043656,9.9695564598039,0,0,0
2025-10-24 04:15:00+00:00,1541,10.00000000021828,10.514989517181828,0,0,0
2025-10-24 04:30:00+00:00,1541,20.00000000043656,10.538387849656722,0,0,0
2025-10-24 04:45:00+00:00,1541,9.99999999839929,10.310636610489356,0,0,0
2025-10-24 05:00:00+00:00,1541,10.00000000021828,10.269747483576907,0,0,0
2025-10-24 05:15:00+00:00,1541,10.00000000021828,10.322113616205453,0,0,0
2025-10-24 05:30:00+00:00,1541,10.00000000021828,14.47287676251012,0,0,0
2025-10-24 05:45:00+00:00,1541,20.00000000043656,14.401031981735574,0,0,0
2025-10-24 06:00:00+00:00,1541,10.00000000021828,10.29138398652595,0,0,0
2025-10-24 07:00:00+00:00,1541,40.00000000087312,20.99777087713961,0,0,0
2025-10-24 07:15:00+00:00,1541,40.00000000087312,54.57618037658075,0,0,0
2025-10-24 07:30:00+00:00,1541,89.99999999832653,53.72555285412285,0,0,0
2025-10-24 07:45:00+00:00,1541,79.99999999992724,56.58011077944746,0,0,0
2025-10-24 08:00:00+00:00,1541,100.0000000003638,59.285094787153085,0,0,0
2025-10-24 08:15:00+00:00,1541,79.99999999992724,62.94141071573006,0,0,0
2025-10-24 08:30:00+00:00,1541,69.99999999970896,65.08277541259683,0,0,0
2025-10-24 08:45:00+00:00,1541,80.00000000174623,63.31936178563743,0,0,0
2025-10-24 09:00:00+00:00,1541,79.99999999992724,65.70671033906737,0,0,0
2025-10-24 09:15:00+00:00,1541,69.99999999970896,68.04260265209102,0,0,0
2025-10-24 09:30:00+00:00,1541,79.99999999992724,67.59475795033575,0,0,0
2025-10-24 09:45:00+00:00,1541,79.99999999992724,65.93162951454516,0,0,0
2025-10-24 10:00:00+00:00,1541,69.99999999970896,65.88204328617944,0,0,0
2025-10-24 10:15:00+00:00,1541,69.99999999970896,65.7151949391524,0,0,0
2025-10-24 10:30:00+00:00,1541,59.99999999949068,65.65849184678093,0,0,0
2025-10-24 10:45:00+00:00,1541,70.00000000152795,66.5564144464887,0,0,0
2025-10-24 11:00:00+00:00,1541,69.99999999970896,65.92453583250686,0,0,0
2025-10-24 11:15:00+00:00,1541,79.99999999992724,67.71818647233756,0,0,0
2025-10-24 11:30:00+00:00,1541,69.99999999970896,66.05490349009733,0,0,0
2025-10-24 11:45:00+00:00,1541,59.99999999949068,65.2443073617564,0,0,0
2025-10-24 12:00:00+00:00,1541,69.99999999970896,63.09701580854609,0,0,0
2025-10-24 12:15:00+00:00,1541,60.00000000130967,62.75581588436216,0,0,0
2025-10-24 12:30:00+00:00,1541,59.99999999949068,64.06882706582482,0,0,0
2025-10-24 12:45:00+00:00,1541,69.99999999970896,62.25139945471763,0,0,0
2025-10-24 13:00:00+00:00,1541,59.99999999949068,60.82383844478474,0,0,0
2025-10-24 13:15:00+00:00,1541,50.000000001091394,60.43925733218799,0,0,0
2025-10-24 13:30:00+00:00,1541,59.99999999949068,56.13195312113169,0,0,0
2025-10-24 13:45:00+00:00,1541,69.99999999970896,56.78265935634043,0,0,0
2025-10-24 14:00:00+00:00,1541,59.99999999949068,59.03797501418508,0,0,0
2025-10-24 14:15:00+00:00,1541,40.00000000087312,57.67238713055624,0,0,0
2025-10-24 14:30:00+00:00,1541,40.00000000087312,40.76115347011838,0,0,0
2025-10-24 14:45:00+00:00,1541,49.9999999992724,47.43991692775143,0,0,0
2025-10-24 15:00:00+00:00,1541,49.9999999992724,53.464616628557394,0,0,0
2025-10-24 15:15:00+00:00,1541,60.00000000130967,54.70951918966547,0,0,0
2025-10-24 15:30:00+00:00,1541,59.99999999949068,54.73869369569551,0,0,0
2025-10-24 15:45:00+00:00,1541,49.9999999992724,53.59836498973365,0,0,0
2025-10-24 16:00:00+00:00,1541,50.000000001091394,50.42901140114543,0,0,0
2025-10-24 16:15:00+00:00,1541,69.99999999970896,51.55743230316284,0,0,0
2025-10-24 16:30:00+00:00,1541,59.99999999949068,56.144316837102565,0,0,0
2025-10-24 16:45:00+00:00,1541,50.000000001091394,56.36141209856753,0,0,0
2025-10-24 17:00:00+00:00,1541,49.9999999992724,51.77482506654334,0,0,0
2025-10-24 17:15:00+00:00,1541,59.99999999949068,54.47556291054522,0,0,0
2025-10-24 17:30:00+00:00,1541,59.99999999949068,58.54177272833872,0,0,0
2025-10-24 17:45:00+00:00,1541,60.00000000130967,61.68177215064918,0,0,0
2025-10-24 18:00:00+00:00,1541,59.99999999949068,61.72768017351356,0,0,0
2025-10-24 18:15:00+00:00,1541,59.99999999949068,60.08255639910557,0,0,0
2025-10-24 18:30:00+00:00,1541,60.00000000130967,60.06099716938134,0,0,0
2025-10-24 18:45:00+00:00,1541,59.99999999949068,60.47141844835724,0,0,0
2025-10-24 19:00:00+00:00,1541,69.99999999970896,61.324970762374505,0,0,0
2025-10-24 19:15:00+00:00,1541,59.99999999949068,60.24149969523373,0,0,0
2025-10-24 19:30:00+00:00,1541,60.00000000130967,61.17132068214637,0,0,0
2025-10-24 19:45:00+00:00,1541,59.99999999949068,60.23820785585649,0,0,0
2025-10-24 20:00:00+00:00,1541,69.99999999970896,60.63203084614148,0,0,0
2025-10-24 20:15:00+00:00,1541,49.9999999992724,61.10461843448347,0,0,0
2025-10-24 20:30:00+00:00,1541,60.00000000130967,62.04142492091965,0,0,0
2025-10-24 20:45:00+00:00,1541,59.99999999949068,60.273258990633934,0,0,0
2025-10-24 21:00:00+00:00,1541,49.9999999992724,62.92388514834133,0,0,0
2025-10-24 21:15:00+00:00,1541,60.00000000130967,62.85569152743943,0,0,0
2025-10-24 21:30:00+00:00,1541,59.99999999949068,61.29226873363152,0,0,0
2025-10-24 21:45:00+00:00,1541,10.00000000021828,52.108065848571016,0,0,0
2025-10-24 22:00:00+00:00,1541,0.0,1.61579539904821,0,0,0
2025-10-24 22:15:00+00:00,1541,10.00000000021828,6.170804727750507,0,0,0
2025-10-24 22:30:00+00:00,1541,29.999999998835847,42.95658624239032,0,0,0
2025-10-24 22:45:00+00:00,1541,20.00000000043656,22.563450049112216,0,0,0
2025-10-24 23:00:00+00:00,1541,0.0,9.656190351199424,0,0,0
2025-10-24 23:15:00+00:00,1541,0.0,3.3126980295761363,0,0,0
2025-10-24 23:30:00+00:00,1541,0.0,3.7992141166915694,0,0,0
2025-10-24 23:45:00+00:00,1541,10.00000000021828,6.029696091910338,0,0,0
2025-10-25 00:00:00+00:00,1541,20.00000000043656,3.23373445296523,0,0,0
2025-10-25 00:15:00+00:00,1541,10.00000000021828,10.694788856688373,0,0,0
2025-10-25 00:30:00+00:00,1541,19.999999998617568,9.895007116160723,0,0,0
2025-10-25 00:45:00+00:00,1541,20.00000000043656,9.913282233830184,0,0,0
2025-10-25 01:00:00+00:00,1541,20.00000000043656,10.084571859453646,0,0,0
2025-10-25 01:15:00+00:00,1541,10.00000000021828,10.225373334225164,0,0,0
2025-10-25 01:30:00+00:00,1541,10.00000000021828,10.269562027837344,0,0,0
2025-10-25 01:45:00+00:00,1541,10.00000000021828,10.296254131520104,0,0,0
2025-10-25 02:00:00+00:00,1541,19.999999998617568,10.430137720839792,0,0,0
2025-10-25 02:30:00+00:00,1541,20.00000000043656,10.366199922794747,0,0,0
2025-10-25 02:45:00+00:00,1541,10.00000000021828,10.79151561585432,0,0,0
2025-10-25 03:00:00+00:00,1541,10.00000000021828,19.92840652014703,0,0,0
2025-10-25 03:15:00+00:00,1541,10.00000000021828,10.831384736199167,0,0,0
2025-10-25 03:30:00+00:00,1541,19.999999998617568,10.40134958093384,0,0,0
2025-10-25 03:45:00+00:00,1541,10.00000000021828,10.370144720921708,0,0,0
2025-10-25 04:00:00+00:00,1541,10.00000000021828,10.329725028850028,0,0,0
2025-10-25 04:15:00+00:00,1541,10.00000000021828,10.166069997838584,0,0,0
2025-10-25 04:30:00+00:00,1541,20.00000000043656,10.44961443715517,0,0,0
2025-10-25 04:45:00+00:00,1541,10.00000000021828,10.231159166933413,0,0,0
2025-10-25 05:00:00+00:00,1541,19.999999998617568,10.452448432675371,0,0,0
2025-10-25 05:15:00+00:00,1541,10.00000000021828,10.1954975736799,0,0,0
2025-10-25 05:30:00+00:00,1541,10.00000000021828,10.408128374581,0,0,0
2025-10-25 05:45:00+00:00,1541,10.00000000021828,10.569036342450165,0,0,0
2025-10-25 06:00:00+00:00,1541,10.00000000021828,10.417675481507269,0,0,0
2025-10-25 06:15:00+00:00,1541,10.00000000021828,10.305714306068449,0,0,0
2025-10-25 06:30:00+00:00,1541,10.00000000021828,10.285862814612702,0,0,0
2025-10-25 06:45:00+00:00,1541,19.999999998617568,10.319793487630292,0,0,0
2025-10-25 07:00:00+00:00,1541,10.00000000021828,10.15463549239614,0,0,0
2025-10-25 07:15:00+00:00,1541,10.00000000021828,10.225539471658523,0,0,0
2025-10-25 07:30:00+00:00,1541,40.00000000087312,10.437700837718854,0,0,0
2025-10-25 07:45:00+00:00,1541,59.99999999949068,55.26988916140072,0,0,0
2025-10-25 08:00:00+00:00,1541,40.00000000087312,53.081105750124365,0,0,0
2025-10-25 08:15:00+00:00,1541,49.9999999992724,39.960019448156416,0,0,0
2025-10-25 08:30:00+00:00,1541,30.00000000065484,43.14560234578703,0,0,0
2025-10-25 08:45:00+00:00,1541,39.999999999054126,35.59240928062152,0,0,0
2025-10-25 09:00:00+00:00,1541,40.00000000087312,30.5896344552194,0,0,0
2025-10-25 09:15:00+00:00,1541,49.9999999992724,40.38240262233414,0,0,0
2025-10-25 09:30:00+00:00,1541,49.9999999992724,67.16319471704965,0,0,0
2025-10-25 09:45:00+00:00,1541,120.00000000080036,75.99016927926834,0,0,0
2025-10-25 10:00:00+00:00,1541,129.99999999919964,85.18885896215161,0,0,0
2025-10-25 10:15:00+00:00,1541,120.00000000080036,90.50276863179158,0,0,0
2025-10-25 10:30:00+00:00,1541,90.00000000014552,93.13557558385595,0,0,0
2025-10-25 10:45:00+00:00,1541,59.99999999949068,92.48538321559224,0,0,0
2025-10-25 11:00:00+00:00,1541,50.000000001091394,85.34713770854634,0,0,0
2025-10-25 11:15:00+00:00,1541,59.99999999949068,76.55284972042566,0,0,0
2025-10-25 11:30:00+00:00,1541,49.9999999992724,73.28085410731168,0,0,0
2025-10-25 11:45:00+00:00,1541,60.00000000130967,63.2364476154077,0,0,0
2025-10-25 12:00:00+00:00,1541,39.999999999054126,49.9751432515156,0,0,0
2025-10-25 12:15:00+00:00,1541,49.9999999992724,47.61796216505461,0,0,0
2025-10-25 12:30:00+00:00,1541,50.000000001091394,49.575878294372814,0,0,0
2025-10-25 12:45:00+00:00,1541,49.9999999992724,56.05387625477557,0,0,0
2025-10-25 13:00:00+00:00,1541,50.000000001091394,54.8730216060579,0,0,0
2025-10-25 13:15:00+00:00,1541,59.99999999949068,51.29144627235553,0,0,0
2025-10-25 13:30:00+00:00,1541,49.9999999992724,51.9203344125369,0,0,0
2025-10-25 13:45:00+00:00,1541,50.000000001091394,50.82702260021556,0,0,0
2025-10-25 14:00:00+00:00,1541,49.9999999992724,46.237495321987055,0,0,0
2025-10-25 14:15:00+00:00,1541,40.00000000087312,54.30560045255801,0,0,0
2025-10-25 14:30:00+00:00,1541,49.9999999992724,51.120722673103856,0,0,0
2025-10-25 14:45:00+00:00,1541,40.00000000087312,50.44423422643458,0,0,0
2025-10-25 15:00:00+00:00,1541,39.999999999054126,49.3367118680692,0,0,0
2025-10-25 15:15:00+00:00,1541,49.9999999992724,43.39679248587232,0,0,0
2025-10-25 15:30:00+00:00,1541,50.000000001091394,43.554928276801135,0,0,0
2025-10-25 15:45:00+00:00,1541,39.999999999054126,45.31919963655602,0,0,0
2025-10-25 16:00:00+00:00,1541,40.00000000087312,41.72476217458269,0,0,0
2025-10-25 16:15:00+00:00,1541,49.9999999992724,41.879256464791965,0,0,0
2025-10-25 16:30:00+00:00,1541,40.00000000087312,49.06534762081456,0,0,0
2025-10-25 16:45:00+00:00,1541,49.9999999992724,46.135676257305605,0,0,0
2025-10-25 17:00:00+00:00,1541,50.000000001091394,45.09024679874274,0,0,0
2025-10-25 17:15:00+00:00,1541,39.999999999054126,47.97649254173459,0,0,0
2025-10-25 17:30:00+00:00,1541,40.00000000087312,42.62077226197621,0,0,0
2025-10-25 17:45:00+00:00,1541,49.9999999992724,41.980331774684544,0,0,0
2025-10-25 18:00:00+00:00,1541,40.00000000087312,48.28670010727463,0,0,0
2025-10-25 18:15:00+00:00,1541,49.9999999992724,48.930687435585455,0,0,0
2025-10-25 18:30:00+00:00,1541,59.99999999949068,45.64189648705728,0,0,0
2025-10-25 18:45:00+00:00,1541,50.000000001091394,47.29055164783946,0,0,0
2025-10-25 19:00:00+00:00,1541,49.9999999992724,45.62500069645082,0,0,0
2025-10-25 19:15:00+00:00,1541,59.99999999949068,46.30390393139565,0,0,0
2025-10-25 19:30:00+00:00,1541,50.000000001091394,50.73709202117236,0,0,0
2025-10-25 19:45:00+00:00,1541,20.00000000043656,49.16646543098079,0,0,0
2025-10-25 20:00:00+00:00,1541,0.0,-0.0852993039260923,0,0,0
2025-10-25 20:15:00+00:00,1541,0.0,1.473091071115551,0,0,0
2025-10-25 20:30:00+00:00,1541,29.999999998835847,25.103263987642308,0,0,0
2025-10-25 20:45:00+00:00,1541,50.000000001091394,36.60271419484335,0,0,0
2025-10-25 21:00:00+00:00,1541,39.999999999054126,34.05254709306061,0,0,0
2025-10-25 21:15:00+00:00,1541,30.00000000065484,33.996261276103176,0,0,0
2025-10-25 21:30:00+00:00,1541,49.9999999992724,33.88193940364617,0,0,0
2025-10-25 21:45:00+00:00,1541,40.00000000087312,39.93312643408913,0,0,0
2025-10-25 22:00:00+00:00,1541,39.999999999054126,38.07491208309237,0,0,0
2025-10-25 22:15:00+00:00,1541,50.000000001091394,36.83306567802585,0,0,0
2025-10-25 22:30:00+00:00,1541,39.999999999054126,39.6556807840413,0,0,0
2025-10-25 22:45:00+00:00,1541,20.00000000043656,21.65315600611109,0,0,0
2025-10-25 23:00:00+00:00,1541,20.00000000043656,10.619273597734974,0,0,0
2025-10-25 23:15:00+00:00,1541,19.999999998617568,9.687140209569655,0,0,0
2025-10-25 23:30:00+00:00,1541,10.00000000021828,10.366916631954936,0,0,0
2025-10-25 23:45:00+00:00,1541,20.00000000043656,20.043780757334527,0,0,0
2025-10-26 00:00:00+00:00,1541,20.00000000043656,16.91420452713669,0,0,0
2025-10-26 00:15:00+00:00,1541,20.00000000043656,18.90069919273852,0,0,0
2025-10-26 00:30:00+00:00,1541,29.999999998835847,19.75757618725358,0,0,0
2025-10-26 00:45:00+00:00,1541,30.00000000065484,19.823709993756417,0,0,0
2025-10-26 01:00:00+00:00,1541,10.00000000021828,18.9036722800634,0,0,0
2025-10-26 01:15:00+00:00,1541,19.999999998617568,20.304517521388423,0,0,0
2025-10-26 01:30:00+00:00,1541,10.00000000021828,19.389392452963207,0,0,0
2025-10-26 01:45:00+00:00,1541,10.00000000021828,20.326070472663133,0,0,0
2025-10-26 02:00:00+00:00,1541,100.0000000003638,20.305243406744054,0,0,0
2025-10-26 02:30:00+00:00,1541,90.00000000014552,62.56789512892723,0,0,0
2025-10-26 02:45:00+00:00,1541,19.999999998617568,58.93689390880064,0,0,0
2025-10-26 03:00:00+00:00,1541,20.00000000043656,44.46375606036135,0,0,0
2025-10-26 03:15:00+00:00,1541,20.00000000043656,21.73706603502566,0,0,0
2025-10-26 03:30:00+00:00,1541,20.00000000043656,20.654940487912032,0,0,0
2025-10-26 03:45:00+00:00,1541,19.999999998617568,20.402829830536103,0,0,0
2025-10-26 04:00:00+00:00,1541,10.00000000021828,20.2901992757873,0,0,0
2025-10-26 04:15:00+00:00,1541,20.00000000043656,22.02844597933879,0,0,0
2025-10-26 04:30:00+00:00,1541,20.00000000043656,22.22738879437869,0,0,0
2025-10-26 04:45:00+00:00,1541,20.00000000043656,21.03763420199261,0,0,0
2025-10-26 05:00:00+00:00,1541,19.999999998617568,20.22034814421306,0,0,0
2025-10-26 05:15:00+00:00,1541,20.00000000043656,20.41981786605469,0,0,0
2025-10-26 05:30:00+00:00,1541,30.00000000065484,20.45717705546592,1,0,1
2025-10-26 05:45:00+00:00,1541,10.00000000021828,20.02546603713735,1,0,1
2025-10-26 06:00:00+00:00,1541,29.999999998835847,20.417015745739725,1,0,1
2025-10-26 06:15:00+00:00,1541,20.00000000043656,35.024310054573846,1,0,1
2025-10-26 06:30:00+00:00,1541,30.00000000065484,28.78826518614469,0,0,0
2025-10-26 06:45:00+00:00,1541,10.00000000021828,21.445809727872238,0,0,0
2025-10-26 07:00:00+00:00,1541,39.999999999054126,21.73226543593384,0,0,0
2025-10-26 07:15:00+00:00,1541,30.00000000065484,22.79369334977996,0,0,0
2025-10-26 07:30:00+00:00,1541,69.99999999970896,59.85711756119089,0,0,0
2025-10-26 07:45:00+00:00,1541,79.99999999992724,62.17907944361046,0,0,0
2025-10-26 08:00:00+00:00,1541,69.99999999970896,66.66470514374866,0,0,0
2025-10-26 08:15:00+00:00,1541,69.99999999970896,70.39598189589097,0,0,0
2025-10-26 08:30:00+00:00,1541,60.00000000130967,69.6643358213466,0,0,0
2025-10-26 08:45:00+00:00,1541,69.99999999970896,58.65320071852628,0,0,0
2025-10-26 09:00:00+00:00,1541,59.99999999949068,63.789368448270494,0,0,0
2025-10-26 09:15:00+00:00,1541,69.99999999970896,59.68428053924045,0,0,0
2025-10-26 09:30:00+00:00,1541,50.000000001091394,61.02759248398488,0,0,0
2025-10-26 09:45:00+00:00,1541,139.99999999941792,57.685670397902456,0,0,0
2025-10-26 10:00:00+00:00,1541,139.99999999941792,79.83490630741095,0,0,0
2025-10-26 10:15:00+00:00,1541,130.00000000101863,90.7944673281571,0,0,0
2025-10-26 10:30:00+00:00,1541,99.9999999985448,90.30071460353746,0,0,0
2025-10-26 10:45:00+00:00,1541,100.0000000003638,95.36512448488504,0,0,0
2025-10-26 11:00:00+00:00,1541,79.99999999992724,88.0420646060419,0,0,0
2025-10-26 11:15:00+00:00,1541,90.00000000014552,89.74087008973096,0,0,0
2025-10-26 11:30:00+00:00,1541,59.99999999949068,82.01228032704292,0,0,0
2025-10-26 11:45:00+00:00,1541,60.00000000130967,93.37221710753865,0,0,0
2025-10-26 12:00:00+00:00,1541,79.99999999992724,72.15315184628508,0,0,0
2025-10-26 12:15:00+00:00,1541,90.00000000014552,75.84907609807314,0,0,0
2025-10-26 12:30:00+00:00,1541,59.99999999949068,74.34441959173932,0,0,0
2025-10-26 12:45:00+00:00,1541,49.9999999992724,74.8820635080556,0,0,0
2025-10-26 13:00:00+00:00,1541,70.00000000152795,61.47246216658464,0,0,0
2025-10-26 13:15:00+00:00,1541,69.99999999970896,62.88500898893538,0,0,0
2025-10-26 13:30:00+00:00,1541,59.99999999949068,64.46139822986777,0,0,0
2025-10-26 13:45:00+00:00,1541,69.99999999970896,65.70086848327114,0,0,0
2025-10-26 14:00:00+00:00,1541,69.99999999970896,65.40415475461494,0,0,0
2025-10-26 14:15:00+00:00,1541,69.99999999970896,67.02037061561852,0,0,0
2025-10-26 14:30:00+00:00,1541,60.00000000130967,63.6837668592342,0,0,0
2025-10-26 14:45:00+00:00,1541,59.99999999949068,65.8289411260845,0,0,0
2025-10-26 15:00:00+00:00,1541,69.99999999970896,63.92829797917079,0,0,0
2025-10-26 15:15:00+00:00,1541,59.99999999949068,61.7526316978073,0,0,0
2025-10-26 15:30:00+00:00,1541,60.00000000130967,58.964662042139,0,0,0
2025-10-26 15:45:00+00:00,1541,69.99999999970896,60.31898155775875,0,0,0
2025-10-26 16:00:00+00:00,1541,69.99999999970896,64.68866651138002,0,0,0
2025-10-26 16:15:00+00:00,1541,69.99999999970896,65.53680197233753,0,0,0
2025-10-26 16:30:00+00:00,1541,69.99999999970896,64.50374395706804,0,0,0
2025-10-26 16:45:00+00:00,1541,70.00000000152795,66.10003105339105,0,0,0
2025-10-26 17:00:00+00:00,1541,69.99999999970896,68.52318801920167,0,0,0
2025-10-26 17:15:00+00:00,1541,79.99999999992724,69.30196303356254,0,0,0
2025-10-26 17:30:00+00:00,1541,69.99999999970896,68.45276892942502,0,0,0
2025-10-26 17:45:00+00:00,1541,79.99999999992724,70.29163986041921,0,0,0
2025-10-26 18:00:00+00:00,1541,69.99999999970896,69.0409340801273,0,0,0
2025-10-26 18:15:00+00:00,1541,79.99999999992724,70.59311361972419,0,0,0
2025-10-26 18:30:00+00:00,1541,90.00000000014552,68.62284729724945,0,0,0
2025-10-26 18:45:00+00:00,1541,69.99999999970896,71.48792983579428,0,0,0
2025-10-26 19:00:00+00:00,1541,69.99999999970896,72.10170333320124,0,0,0
2025-10-26 19:15:00+00:00,1541,90.00000000014552,71.51043179886128,0,0,0
2025-10-26 19:30:00+00:00,1541,79.99999999992724,72.13843129695725,0,0,0
2025-10-26 19:45:00+00:00,1541,30.00000000065484,75.09444123914541,0,0,0
2025-10-26 20:00:00+00:00,1541,0.0,6.08225733943155,0,0,0
2025-10-26 20:15:00+00:00,1541,30.00000000065484,6.581432712602794,0,0,0
2025-10-26 20:30:00+00:00,1541,69.99999999970896,57.40066356280619,0,0,0
2025-10-26 20:45:00+00:00,1541,59.99999999949068,59.76814517013543,0,0,0
2025-10-26 21:00:00+00:00,1541,49.9999999992724,44.39376970064368,0,0,0
2025-10-26 21:15:00+00:00,1541,50.000000001091394,43.0409318991098,0,0,0
2025-10-26 21:30:00+00:00,1541,39.999999999054126,45.64002067952482,0,0,0
2025-10-26 21:45:00+00:00,1541,50.000000001091394,45.48117977041954,0,0,0
2025-10-26 22:00:00+00:00,1541,59.99999999949068,52.99748066622632,0,0,0
2025-10-26 22:15:00+00:00,1541,59.99999999949068,61.73211565661812,0,0,0
2025-10-26 22:30:00+00:00,1541,50.000000001091394,54.85541490178312,0,0,0
2025-10-26 22:45:00+00:00,1541,29.999999998835847,19.559424939810413,0,0,0
2025-10-26 23:00:00+00:00,1541,10.00000000021828,16.039177983942505,0,0,0
2025-10-26 23:15:00+00:00,1541,20.00000000043656,18.74548722745376,0,0,0
2025-10-26 23:30:00+00:00,1541,20.00000000043656,20.282492237527013,0,0,0
2025-10-26 23:45:00+00:00,1541,10.00000000021828,20.43542754042558,0,0,0
2025-10-27 00:00:00+00:00,1541,19.999999998617568,20.51860926919624,0,0,0
2025-10-27 00:15:00+00:00,1541,10.00000000021828,19.81760202829221,0,0,0
2025-10-27 00:30:00+00:00,1541,20.00000000043656,20.47403469241762,0,0,0
2025-10-27 00:45:00+00:00,1541,20.00000000043656,21.024526731232854,0,0,0
2025-10-27 01:00:00+00:00,1541,10.00000000021828,20.48587005271381,0,0,0
2025-10-27 01:15:00+00:00,1541,10.00000000021828,20.272099954704306,0,0,0
2025-10-27 01:30:00+00:00,1541,19.999999998617568,6.834604910904663,0,0,0
2025-10-27 01:45:00+00:00,1541,10.00000000021828,10.429896242012234,0,0,0
2025-10-27 02:00:00+00:00,1541,10.00000000021828,10.765972951390726,0,0,0
2025-10-27 02:15:00+00:00,1541,20.00000000043656,10.57060305708335,0,0,0
2025-10-27 02:30:00+00:00,1541,20.00000000043656,10.346450818361884,0,0,0
2025-10-27 02:45:00+00:00,1541,19.999999998617568,12.513873978467917,0,0,0
2025-10-27 03:00:00+00:00,1541,10.00000000021828,10.646290248961972,0,0,0
2025-10-27 03:15:00+00:00,1541,10.00000000021828,10.411033847834158,0,0,0
2025-10-27 03:30:00+00:00,1541,20.00000000043656,10.362664672759324,0,0,0
2025-10-27 03:45:00+00:00,1541,10.00000000021828,10.358586578319551,0,0,0
2025-10-27 04:00:00+00:00,1541,20.00000000043656,10.338779518968078,0,0,0
2025-10-27 04:15:00+00:00,1541,9.99999999839929,10.180029405901957,0,0,0
2025-10-27 04:30:00+00:00,1541,10.00000000021828,10.532424288531391,0,0,0
2025-10-27 04:45:00+00:00,1541,10.00000000021828,10.611192750249629,0,0,0
2025-10-27 05:00:00+00:00,1541,10.00000000021828,4.70818485571769,0,0,0
2025-10-27 05:15:00+00:00,1541,10.00000000021828,10.28438689601868,0,0,0
2025-10-27 05:30:00+00:00,1541,20.00000000043656,13.97166717169554,0,0,0
2025-10-27 05:45:00+00:00,1541,10.00000000021828,10.440878699089495,0,0,0
2025-10-27 06:00:00+00:00,1541,9.99999999839929,10.36633128727694,0,0,0
2025-10-27 06:15:00+00:00,1541,110.00000000058208,58.777668565401896,0,0,0
2025-10-27 06:30:00+00:00,1541,120.00000000080036,77.66947872833583,0,0,0
2025-10-27 06:45:00+00:00,1541,39.999999999054126,76.00781848381678,0,0,0
2025-10-27 07:00:00+00:00,1541,40.00000000087312,75.53884728239628,0,0,0
2025-10-27 07:15:00+00:00,1541,49.9999999992724,65.16992415554658,0,0,0
2025-10-27 07:30:00+00:00,1541,100.0000000003638,77.63180030391457,0,0,0
2025-10-27 07:45:00+00:00,1541,100.0000000003638,76.41468519445105,0,0,0
2025-10-27 08:00:00+00:00,1541,100.0000000003638,78.16098280211327,0,0,0
2025-10-27 08:15:00+00:00,1541,89.99999999832653,82.58584856557708,0,0,0
2025-10-27 08:30:00+00:00,1541,79.99999999992724,88.62835974470359,0,0,0
2025-10-27 08:45:00+00:00,1541,90.00000000014552,85.38941388984428,0,0,0
2025-10-27 09:00:00+00:00,1541,100.0000000003638,83.34006614909079,0,0,0
2025-10-27 09:15:00+00:00,1541,79.99999999992724,85.05112716623599,0,0,0
2025-10-27 09:30:00+00:00,1541,90.00000000014552,97.26463171539392,0,0,0
2025-10-27 09:45:00+00:00,1541,110.00000000058208,96.63452265826042,1,0,1
2025-10-27 10:00:00+00:00,1541,110.00000000058208,87.4370075283944,1,0,1
2025-10-27 10:15:00+00:00,1541,99.9999999985448,76.3378137904021,1,0,1
2025-10-27 10:30:00+00:00,1541,120.00000000080036,80.65447385715323,1,0,1
2025-10-27 10:45:00+00:00,1541,79.99999999992724,75.11619365193168,0,0,0
2025-10-27 11:00:00+00:00,1541,90.00000000014552,86.2176746773786,0,0,0
2025-10-27 11:15:00+00:00,1541,90.00000000014552,84.35443177127681,0,0,0
2025-10-27 11:30:00+00:00,1541,90.00000000014552,90.3341584552387,0,0,0
2025-10-27 11:45:00+00:00,1541,79.99999999992724,87.14136017024069,0,0,0
2025-10-27 12:00:00+00:00,1541,69.99999999970896,89.02574503065269,0,0,0
2025-10-27 12:15:00+00:00,1541,69.99999999970896,76.63380887806748,0,0,0
2025-10-27 12:30:00+00:00,1541,59.99999999949068,71.85547992964113,0,0,0
2025-10-27 12:45:00+00:00,1541,50.000000001091394,61.37555381534037,0,0,0
2025-10-27 13:00:00+00:00,1541,69.99999999970896,68.02850801588421,0,0,0
2025-10-27 13:15:00+00:00,1541,59.99999999949068,61.29649557902907,0,0,0
2025-10-27 13:30:00+00:00,1541,50.000000001091394,60.19058436740114,0,0,0
2025-10-27 13:45:00+00:00,1541,59.99999999949068,57.953966898131824,0,0,0
2025-10-27 14:00:00+00:00,1541,69.99999999970896,58.52820355006067,0,0,0
2025-10-27 14:15:00+00:00,1541,59.99999999949068,60.07893228486161,0,0,0
2025-10-27 14:30:00+00:00,1541,69.99999999970896,65.09265093072858,0,0,0
2025-10-27 14:45:00+00:00,1541,70.00000000152795,58.01407001239528,0,0,0
2025-10-27 15:00:00+00:00,1541,59.99999999949068,60.93817190822547,0,0,0
2025-10-27 15:15:00+00:00,1541,59.99999999949068,62.41625415254437,0,0,0
2025-10-27 15:30:00+00:00,1541,50.000000001091394,61.514552892143016,0,0,0
2025-10-27 15:45:00+00:00,1541,59.99999999949068,63.62668512806114,0,0,0
2025-10-27 16:00:00+00:00,1541,69.99999999970896,63.70089060585387,0,0,0
2025-10-27 16:15:00+00:00,1541,69.99999999970896,64.56683754513195,0,0,0
2025-10-27 16:30:00+00:00,1541,69.99999999970896,66.67123473124578,0,0,0
2025-10-27 16:45:00+00:00,1541,50.000000001091394,63.12232278967399,0,0,0
2025-10-27 17:00:00+00:00,1541,59.99999999949068,66.3604186390603,0,0,0
2025-10-27 17:15:00+00:00,1541,59.99999999949068,66.04904617965613,0,0,0
2025-10-27 17:30:00+00:00,1541,60.00000000130967,68.53365081384203,0,0,0
2025-10-27 17:45:00+00:00,1541,69.99999999970896,68.15152698979448,0,0,0
2025-10-27 18:00:00+00:00,1541,69.99999999970896,67.31348341199819,0,0,0
2025-10-27 18:15:00+00:00,1541,69.99999999970896,67.9132704557131,0,0,0
2025-10-27 18:30:00+00:00,1541,69.99999999970896,69.45162581539006,0,0,0
2025-10-27 18:45:00+00:00,1541,69.99999999970896,68.16324161067689,0,0,0
2025-10-27 19:00:00+00:00,1541,70.00000000152795,67.45149339152316,0,0,0
2025-10-27 19:15:00+00:00,1541,69.99999999970896,69.63548972652204,0,0,0
2025-10-27 19:30:00+00:00,1541,69.99999999970896,70.10976187116506,0,0,0
2025-10-27 19:45:00+00:00,1541,69.99999999970896,71.34356026986679,0,0,0
2025-10-27 20:00:00+00:00,1541,69.99999999970896,71.71853632061865,0,0,0
2025-10-27 20:15:00+00:00,1541,69.99999999970896,74.3118643821235,0,0,0
2025-10-27 20:30:00+00:00,1541,79.99999999992724,71.54720612655217,0,0,0
2025-10-27 20:45:00+00:00,1541,70.00000000152795,71.34437163872737,0,0,0
2025-10-27 21:00:00+00:00,1541,79.99999999992724,73.74197434909067,0,0,0
2025-10-27 21:15:00+00:00,1541,79.99999999992724,73.47595354533219,0,0,0
2025-10-27 21:30:00+00:00,1541,79.99999999992724,76.41879613001137,0,0,0
2025-10-27 21:45:00+00:00,1541,39.999999999054126,73.40888811351263,0,0,0
2025-10-27 22:00:00+00:00,1541,20.00000000043656,4.533723164215445,0,0,0
2025-10-27 22:15:00+00:00,1541,49.9999999992724,36.0333225741106,0,0,0
2025-10-27 22:30:00+00:00,1541,50.000000001091394,57.83301498298544,0,0,0
2025-10-27 22:45:00+00:00,1541,10.00000000021828,42.16227351434917,0,0,0
2025-10-27 23:00:00+00:00,1541,9.99999999839929,4.3297508281552055,0,0,0
2025-10-27 23:15:00+00:00,1541,20.00000000043656,2.002592321366624,0,0,0
2025-10-27 23:30:00+00:00,1541,20.00000000043656,10.016592671750622,0,0,0
2025-10-27 23:45:00+00:00,1541,0.0,10.950381638757666,0,0,0
2025-10-28 00:00:00+00:00,1541,0.0,17.47118799979429,0,0,0
2025-10-28 00:15:00+00:00,1541,0.0,11.42192120898806,0,0,0
2025-10-28 00:30:00+00:00,1541,0.0,18.180420009564884,0,0,0
2025-10-28 00:45:00+00:00,1541,20.00000000043656,18.845868044238284,0,0,0
2025-10-28 01:00:00+00:00,1541,29.999999998835847,10.791461524596947,0,0,0
2025-10-28 01:15:00+00:00,1541,10.00000000021828,11.767698605827142,0,0,0
2025-10-28 01:30:00+00:00,1541,20.00000000043656,13.521040633846832,0,0,0
2025-10-28 01:45:00+00:00,1541,10.00000000021828,10.438956527622146,0,0,0
2025-10-28 02:00:00+00:00,1541,20.00000000043656,10.374313611400638,0,0,0
2025-10-28 02:15:00+00:00,1541,19.999999998617568,19.07582446805889,0,0,0
2025-10-28 02:30:00+00:00,1541,20.00000000043656,20.06705062307316,0,0,0
2025-10-28 02:45:00+00:00,1541,20.00000000043656,19.79512421310796,0,0,0
2025-10-28 03:00:00+00:00,1541,20.00000000043656,18.31187432187935,0,0,0
2025-10-28 03:15:00+00:00,1541,19.999999998617568,18.76875902502301,0,0,0
2025-10-28 03:30:00+00:00,1541,20.00000000043656,13.762873952321966,0,0,0
2025-10-28 03:45:00+00:00,1541,20.00000000043656,18.763335410556092,0,0,0
2025-10-28 04:00:00+00:00,1541,10.00000000021828,10.739002664098615,0,0,0
2025-10-28 04:15:00+00:00,1541,10.00000000021828,19.58185156148322,0,0,0
2025-10-28 04:30:00+00:00,1541,10.00000000021828,19.78859365969553,0,0,0
2025-10-28 04:45:00+00:00,1541,19.999999998617568,19.682947638554964,0,0,0
2025-10-28 05:00:00+00:00,1541,20.00000000043656,15.10138143431334,0,0,0
2025-10-28 05:15:00+00:00,1541,10.00000000021828,17.785561558067332,0,0,0
2025-10-28 05:30:00+00:00,1541,10.00000000021828,20.14981121276856,0,0,0
2025-10-28 05:45:00+00:00,1541,10.00000000021828,20.373787171945903,0,0,0
2025-10-28 06:00:00+00:00,1541,20.00000000043656,16.171722814642216,0,0,0
2025-10-28 06:15:00+00:00,1541,119.99999999898137,55.08347523384976,0,0,0
2025-10-28 06:30:00+00:00,1541,120.00000000080036,65.02501367704537,0,0,0
2025-10-28 06:45:00+00:00,1541,39.999999999054126,65.95554557762634,0,0,0
2025-10-28 07:00:00+00:00,1541,50.000000001091394,64.56461980357966,0,0,0
2025-10-28 07:15:00+00:00,1541,59.99999999949068,57.1099307817509,0,0,0
2025-10-28 07:30:00+00:00,1541,110.00000000058208,78.00379360818847,0,0,0
2025-10-28 07:45:00+00:00,1541,89.99999999832653,77.69830936851544,0,0,0
2025-10-28 08:30:00+00:00,1541,69.99999999970896,87.47633187250428,0,0,0
2025-10-28 08:45:00+00:00,1541,100.0000000003638,90.76922216560904,0,0,0
2025-10-28 09:00:00+00:00,1541,49.9999999992724,84.61719164494797,0,0,0
2025-10-28 09:15:00+00:00,1541,69.99999999970896,82.95484366872803,0,0,0
2025-10-28 09:30:00+00:00,1541,59.99999999949068,82.02452040585408,0,0,0
2025-10-28 09:45:00+00:00,1541,60.00000000130967,85.19587537096508,0,0,0
2025-10-28 10:00:00+00:00,1541,59.99999999949068,75.99764160010825,0,0,0
2025-10-28 10:15:00+00:00,1541,69.99999999970896,69.37678669715382,0,0,0
2025-10-28 10:30:00+00:00,1541,40.00000000087312,60.16904831964436,0,0,0
2025-10-28 10:45:00+00:00,1541,49.9999999992724,54.40655792078274,0,0,0
2025-10-28 11:00:00+00:00,1541,59.99999999949068,49.50495113314298,0,0,0
2025-10-28 11:15:00+00:00,1541,40.00000000087312,51.60465783451036,0,0,0
2025-10-28 11:30:00+00:00,1541,49.9999999992724,54.755149028920506,0,0,0
2025-10-28 11:45:00+00:00,1541,50.000000001091394,54.62493978144092,0,0,0
2025-10-28 12:00:00+00:00,1541,59.99999999949068,56.80484836284692,0,0,0
2025-10-28 12:15:00+00:00,1541,59.99999999949068,56.64208004209026,0,0,0
2025-10-28 12:30:00+00:00,1541,69.99999999970896,53.2114038618125,0,0,0
2025-10-28 12:45:00+00:00,1541,60.00000000130967,51.311618447694265,0,0,0
2025-10-28 13:00:00+00:00,1541,69.99999999970896,50.509491464793385,0,0,0
2025-10-28 13:15:00+00:00,1541,59.99999999949068,48.69424489045669,0,0,0
2025-10-28 13:30:00+00:00,1541,49.9999999992724,50.630748609177815,0,0,0
2025-10-28 13:45:00+00:00,1541,50.000000001091394,52.673141759697685,0,0,0
2025-10-28 14:00:00+00:00,1541,49.9999999992724,53.43966510426366,0,0,0
2025-10-28 14:15:00+00:00,1541,50.000000001091394,54.92577217297991,0,0,0
2025-10-28 14:30:00+00:00,1541,49.9999999992724,52.96853025254825,0,0,0
2025-10-28 14:45:00+00:00,1541,40.00000000087312,52.302303690134806,0,0,0
2025-10-28 15:00:00+00:00,1541,49.9999999992724,52.489092392826144,0,0,0
2025-10-28 15:15:00+00:00,1541,59.99999999949068,49.2010876993605,0,0,0
2025-10-28 15:30:00+00:00,1541,40.00000000087312,48.35419054183068,0,0,0
2025-10-28 15:45:00+00:00,1541,49.9999999992724,49.84444331905843,0,0,0
2025-10-28 16:00:00+00:00,1541,50.000000001091394,49.16339188846365,0,0,0
2025-10-28 16:15:00+00:00,1541,49.9999999992724,50.22342598651712,0,0,0
2025-10-28 16:30:00+00:00,1541,49.9999999992724,48.75932053673717,0,0,0
2025-10-28 16:45:00+00:00,1541,50.000000001091394,49.00970703528435,0,0,0
2025-10-28 17:00:00+00:00,1541,49.9999999992724,50.79792923107158,0,0,0
2025-10-28 17:15:00+00:00,1541,50.000000001091394,49.4013354659845,0,0,0
2025-10-28 17:30:00+00:00,1541,49.9999999992724,49.163971437649785,0,0,0
2025-10-28 17:45:00+00:00,1541,49.9999999992724,50.73237449079722,0,0,0
2025-10-28 18:00:00+00:00,1541,50.000000001091394,53.37273876424878,0,0,0
2025-10-28 18:15:00+00:00,1541,49.9999999992724,52.70313149824955,0,0,0
2025-10-28 18:30:00+00:00,1541,59.99999999949068,51.48419274068033,0,0,0
2025-10-28 18:45:00+00:00,1541,60.00000000130967,51.5813560935665,0,0,0
2025-10-28 19:00:00+00:00,1541,49.9999999992724,55.31327421347479,0,0,0
2025-10-28 19:15:00+00:00,1541,59.99999999949068,53.90774379993752,0,0,0
2025-10-28 19:30:00+00:00,1541,60.00000000130967,52.91014260387576,0,0,0
2025-10-28 19:45:00+00:00,1541,59.99999999949068,55.59087054631101,0,0,0
2025-10-28 20:00:00+00:00,1541,59.99999999949068,58.1749644574501,0,0,0
2025-10-28 20:15:00+00:00,1541,69.99999999970896,58.50164860635197,0,0,0
2025-10-28 20:30:00+00:00,1541,60.00000000130967,57.34515820541941,0,0,0
2025-10-28 20:45:00+00:00,1541,59.99999999949068,60.02821014009106,0,0,0
2025-10-28 21:00:00+00:00,1541,59.99999999949068,60.4103339641386,0,0,0
2025-10-28 21:15:00+00:00,1541,69.99999999970896,61.7876210140049,0,0,0
2025-10-28 21:30:00+00:00,1541,60.00000000130967,62.21618604616806,0,0,0
2025-10-28 21:45:00+00:00,1541,19.999999998617568,59.17889046696321,0,0,0
2025-10-28 22:00:00+00:00,1541,0.0,5.62085698221259,0,0,0
2025-10-28 22:15:00+00:00,1541,20.00000000043656,9.075097632398606,0,0,0
2025-10-28 22:30:00+00:00,1541,40.00000000087312,42.165026372983306,0,0,0
2025-10-28 22:45:00+00:00,1541,10.00000000021828,31.996009078737806,0,0,0
2025-10-28 23:00:00+00:00,1541,0.0,9.823266654239683,0,0,0
2025-10-28 23:15:00+00:00,1541,9.99999999839929,5.801821215583267,0,0,0
2025-10-28 23:30:00+00:00,1541,10.00000000021828,10.001373710122715,0,0,0
2025-10-28 23:45:00+00:00,1541,0.0,10.19343244674664,0,0,0
2025-10-29 00:00:00+00:00,1541,10.00000000021828,10.21338246156403,0,0,0
2025-10-29 00:15:00+00:00,1541,10.00000000021828,16.61780955053287,0,0,0
2025-10-29 00:30:00+00:00,1541,0.0,10.611781958588868,0,0,0
2025-10-29 00:45:00+00:00,1541,20.00000000043656,10.3202667861323,0,0,0
2025-10-29 01:00:00+00:00,1541,10.00000000021828,10.300579500279294,0,0,0
2025-10-29 01:15:00+00:00,1541,10.00000000021828,10.410377025423204,0,0,0
2025-10-29 01:30:00+00:00,1541,10.00000000021828,10.380526378676006,0,0,0
2025-10-29 01:45:00+00:00,1541,9.99999999839929,10.213480984925674,0,0,0
2025-10-29 02:00:00+00:00,1541,20.00000000043656,10.12135584629764,0,0,0
2025-10-29 02:15:00+00:00,1541,10.00000000021828,10.293483886410378,0,0,0
2025-10-29 02:30:00+00:00,1541,10.00000000021828,10.19652337573936,0,0,0
2025-10-29 02:45:00+00:00,1541,10.00000000021828,10.178449168454428,0,0,0
2025-10-29 03:00:00+00:00,1541,20.00000000043656,10.2724578419374,0,0,0
2025-10-29 03:15:00+00:00,1541,9.99999999839929,10.219148975966077,0,0,0
2025-10-29 03:30:00+00:00,1541,10.00000000021828,10.447873857766144,0,0,0
2025-10-29 03:45:00+00:00,1541,10.00000000021828,10.31917916549299,0,0,0
2025-10-29 04:00:00+00:00,1541,20.00000000043656,10.157502329036888,0,0,0
2025-10-29 04:15:00+00:00,1541,10.00000000021828,10.0955253390716,0,0,0
2025-10-29 04:30:00+00:00,1541,10.00000000021828,10.137196857385334,0,0,0
2025-10-29 04:45:00+00:00,1541,0.0,10.150368078555562,0,0,0
2025-10-29 05:00:00+00:00,1541,10.00000000021828,10.37715726607394,0,0,0
2025-10-29 05:15:00+00:00,1541,0.0,10.291615806200404,0,0,0
2025-10-29 05:30:00+00:00,1541,9.99999999839929,10.4053793796081,0,0,0
2025-10-29 05:45:00+00:00,1541,0.0,10.15279638964547,0,0,0
2025-10-29 06:00:00+00:00,1541,10.00000000021828,8.608564401221109,0,0,0
2025-10-29 06:15:00+00:00,1541,100.0000000003638,49.20080178842866,0,0,0
2025-10-29 06:30:00+00:00,1541,120.00000000080036,71.03107507602523,0,0,0
2025-10-29 06:45:00+00:00,1541,79.99999999992724,72.3167006266124,0,0,0
2025-10-29 07:00:00+00:00,1541,29.999999998835847,69.82385093933841,0,0,0
2025-10-29 07:15:00+00:00,1541,50.000000001091394,54.257219686499454,0,0,0
2025-10-29 07:30:00+00:00,1541,79.99999999992724,66.54650801906703,0,0,0
2025-10-29 07:45:00+00:00,1541,59.99999999949068,67.78794101238078,0,0,0
2025-10-29 08:00:00+00:00,1541,69.99999999970896,67.06529726852771,0,0,0
2025-10-29 08:15:00+00:00,1541,60.00000000130967,65.80522597338786,0,0,0
2025-10-29 08:30:00+00:00,1541,59.99999999949068,63.78322522689746,0,0,0
2025-10-29 08:45:00+00:00,1541,69.99999999970896,60.66383650547657,0,0,0
2025-10-29 09:00:00+00:00,1541,59.99999999949068,60.41398126035001,0,0,0
2025-10-29 09:15:00+00:00,1541,50.000000001091394,60.169573777573135,0,0,0
2025-10-29 09:30:00+00:00,1541,59.99999999949068,57.58820181577826,0,0,0
2025-10-29 09:45:00+00:00,1541,49.9999999992724,56.208372476815455,0,0,0
2025-10-29 10:00:00+00:00,1541,40.00000000087312,54.81885693912172,0,0,0
2025-10-29 10:15:00+00:00,1541,39.999999999054126,49.95338504323748,0,0,0
2025-10-29 10:30:00+00:00,1541,30.00000000065484,47.71791508135671,0,0,0
2025-10-29 10:45:00+00:00,1541,59.99999999949068,47.91711193212319,0,0,0
2025-10-29 11:00:00+00:00,1541,40.00000000087312,48.398475826973886,0,0,0
2025-10-29 11:15:00+00:00,1541,39.999999999054126,44.27617723894625,0,0,0
2025-10-29 11:30:00+00:00,1541,30.00000000065484,40.461049378723295,0,0,0
2025-10-29 11:45:00+00:00,1541,59.99999999949068,40.20863252619402,0,0,0
2025-10-29 12:00:00+00:00,1541,40.00000000087312,51.47581632311005,0,0,0
2025-10-29 12:15:00+00:00,1541,39.999999999054126,43.90111232398583,0,0,0
2025-10-29 12:30:00+00:00,1541,50.000000001091394,38.1927498872786,0,0,0
2025-10-29 12:45:00+00:00,1541,39.999999999054126,40.102105590290535,0,0,0
2025-10-29 13:00:00+00:00,1541,50.000000001091394,40.53568758657501,0,0,0
2025-10-29 13:15:00+00:00,1541,39.999999999054126,40.41392816622927,0,0,0
2025-10-29 13:30:00+00:00,1541,40.00000000087312,40.5750602264504,0,0,0
2025-10-29 13:45:00+00:00,1541,39.999999999054126,40.06561910536209,0,0,0
2025-10-29 14:00:00+00:00,1541,40.00000000087312,39.980465943443264,0,0,0
2025-10-29 14:15:00+00:00,1541,39.999999999054126,40.09957875583898,0,0,0
2025-10-29 14:30:00+00:00,1541,50.000000001091394,39.88329486323461,0,0,0
2025-10-29 14:45:00+00:00,1541,39.999999999054126,39.52380629856688,0,0,0
2025-10-29 15:00:00+00:00,1541,40.00000000087312,39.92774242214993,0,0,0
2025-10-29 15:15:00+00:00,1541,49.9999999992724,40.12362811523297,0,0,0
2025-10-29 15:30:00+00:00,1541,40.00000000087312,39.98831690308477,0,0,0
2025-10-29 15:45:00+00:00,1541,39.999999999054126,40.13342829197052,0,0,0
2025-10-29 16:00:00+00:00,1541,40.00000000087312,40.30660531611016,0,0,0
2025-10-29 16:15:00+00:00,1541,49.9999999992724,40.27785001732475,0,0,0
2025-10-29 16:30:00+00:00,1541,40.00000000087312,40.053425390485806,0,0,0
2025-10-29 16:45:00+00:00,1541,39.999999999054126,40.42307345238648,0,0,0
2025-10-29 17:00:00+00:00,1541,30.00000000065484,40.59716616424022,0,0,0
2025-10-29 17:15:00+00:00,1541,39.999999999054126,40.59015168725736,0,0,0
2025-10-29 17:30:00+00:00,1541,50.000000001091394,41.068034423330005,0,0,0
2025-10-29 17:45:00+00:00,1541,39.999999999054126,41.21727992974351,0,0,0
2025-10-29 18:00:00+00:00,1541,50.000000001091394,40.917935047782265,0,0,0
2025-10-29 18:15:00+00:00,1541,39.999999999054126,40.35455335210973,0,0,0
2025-10-29 18:30:00+00:00,1541,49.9999999992724,40.34329850691499,0,0,0
2025-10-29 18:45:00+00:00,1541,40.00000000087312,40.73718331577983,0,0,0
2025-10-29 19:00:00+00:00,1541,49.9999999992724,42.69544137911785,0,0,0
2025-10-29 19:15:00+00:00,1541,50.000000001091394,42.08975066102684,0,0,0
2025-10-29 19:30:00+00:00,1541,49.9999999992724,44.44300047217523,0,0,0
2025-10-29 19:45:00+00:00,1541,50.000000001091394,44.97155898908352,0,0,0
2025-10-29 20:00:00+00:00,1541,49.9999999992724,45.02974186371024,0,0,0
2025-10-29 20:15:00+00:00,1541,40.00000000087312,45.3446746869479,0,0,0
2025-10-29 20:30:00+00:00,1541,39.999999999054126,43.74894395784358,0,0,0
2025-10-29 20:45:00+00:00,1541,40.00000000087312,45.626915140595685,0,0,0
2025-10-29 21:00:00+00:00,1541,49.9999999992724,45.80676663952899,0,0,0
2025-10-29 21:15:00+00:00,1541,39.999999999054126,45.4036959760639,0,0,0
2025-10-29 21:30:00+00:00,1541,40.00000000087312,44.0347776164454,0,0,0
2025-10-29 22:00:00+00:00,1541,0.0,8.431954514068924,0,0,0
2025-10-29 22:15:00+00:00,1541,0.0,0.1792030809647187,0,0,0
2025-10-29 22:30:00+00:00,1541,0.0,0.1894978063410981,0,0,0
2025-10-29 22:45:00+00:00,1541,10.00000000021828,0.3905298961970125,0,0,0
2025-10-29 23:00:00+00:00,1541,0.0,2.630207385169125,0,0,0
2025-10-29 23:15:00+00:00,1541,10.00000000021828,1.8312331498408236,0,0,0
2025-10-29 23:30:00+00:00,1541,0.0,0.3105211992204459,0,0,0
2025-10-29 23:45:00+00:00,1541,10.00000000021828,0.820735052556941,0,0,0
2025-10-30 00:00:00+00:00,1541,0.0,8.263974114298293,0,0,0
2025-10-30 00:15:00+00:00,1541,9.99999999839929,8.973871639717633,0,0,0
2025-10-30 00:30:00+00:00,1541,0.0,2.6180098066316013,0,0,0
2025-10-30 00:45:00+00:00,1541,10.00000000021828,9.501956858123917,0,0,0
2025-10-30 01:00:00+00:00,1541,0.0,9.821819713104968,0,0,0
2025-10-30 01:15:00+00:00,1541,10.00000000021828,9.809330428143756,0,0,0
2025-10-30 01:30:00+00:00,1541,0.0,9.788692681625484,0,0,0
2025-10-30 01:45:00+00:00,1541,10.00000000021828,9.825946103310248,0,0,0
2025-10-30 02:00:00+00:00,1541,10.00000000021828,9.85718573627355,0,0,0
2025-10-30 02:15:00+00:00,1541,0.0,9.65571125720555,0,0,0
2025-10-30 02:30:00+00:00,1541,0.0,9.773251559476224,0,0,0
2025-10-30 02:45:00+00:00,1541,10.00000000021828,9.696623566085446,0,0,0
2025-10-30 03:00:00+00:00,1541,10.00000000021828,9.664875861668968,0,0,0
2025-10-30 03:15:00+00:00,1541,10.00000000021828,9.50454937481656,0,0,0
2025-10-30 03:30:00+00:00,1541,0.0,9.67038351076787,0,0,0
2025-10-30 03:45:00+00:00,1541,0.0,9.69436718792076,0,0,0
2025-10-30 04:00:00+00:00,1541,9.99999999839929,8.557280093740015,0,0,0
2025-10-30 04:15:00+00:00,1541,10.00000000021828,9.300213854599672,0,0,0
2025-10-30 04:30:00+00:00,1541,0.0,9.582147147178803,0,0,0
2025-10-30 04:45:00+00:00,1541,10.00000000021828,9.657171721154612,0,0,0
2025-10-30 05:00:00+00:00,1541,0.0,9.664477904561153,0,0,0
2025-10-30 05:15:00+00:00,1541,10.00000000021828,9.67084135462492,0,0,0
2025-10-30 05:30:00+00:00,1541,20.00000000043656,9.65707899328483,0,0,0
2025-10-30 05:45:00+00:00,1541,20.00000000043656,18.39046119151927,0,0,0
2025-10-30 06:00:00+00:00,1541,9.99999999839929,10.93567847590542,0,0,0
2025-10-30 06:15:00+00:00,1541,120.00000000080036,21.194821464086782,0,0,0
2025-10-30 06:30:00+00:00,1541,129.99999999919964,66.37894875837166,0,0,0
2025-10-30 06:45:00+00:00,1541,50.000000001091394,69.87342171305917,0,0,0
2025-10-30 07:00:00+00:00,1541,39.999999999054126,69.58638259215019,0,0,0
2025-10-30 07:15:00+00:00,1541,50.000000001091394,58.5852157353314,0,0,0
2025-10-30 07:30:00+00:00,1541,90.00000000014552,60.90796580464411,0,0,0
2025-10-30 07:45:00+00:00,1541,79.99999999992724,66.48568626381278,0,0,0
2025-10-30 08:00:00+00:00,1541,90.00000000014552,67.32903851215406,0,0,0
2025-10-30 08:15:00+00:00,1541,79.99999999992724,68.61224541080442,0,0,0
2025-10-30 08:30:00+00:00,1541,69.99999999970896,71.92133217183104,0,0,0
2025-10-30 08:45:00+00:00,1541,69.99999999970896,66.29396366571682,0,0,0
2025-10-30 09:00:00+00:00,1541,69.99999999970896,69.6026408786519,0,0,0
2025-10-30 09:15:00+00:00,1541,59.99999999949068,69.19538780189353,0,0,0
2025-10-30 09:30:00+00:00,1541,60.00000000130967,71.81535967131563,0,0,0
2025-10-30 09:45:00+00:00,1541,49.9999999992724,63.23862672034757,0,0,0
2025-10-30 10:00:00+00:00,1541,50.000000001091394,59.442253071787945,0,0,0
2025-10-30 10:15:00+00:00,1541,59.99999999949068,52.29960299092742,0,0,0
2025-10-30 10:30:00+00:00,1541,59.99999999949068,49.270278144862544,0,0,0
2025-10-30 10:45:00+00:00,1541,40.00000000087312,51.44079996128377,0,0,0
2025-10-30 11:00:00+00:00,1541,49.9999999992724,48.27252047052053,0,0,0
2025-10-30 11:15:00+00:00,1541,40.00000000087312,48.07595670488972,0,0,0
2025-10-30 11:30:00+00:00,1541,39.999999999054126,50.936225121528366,0,0,0
2025-10-30 11:45:00+00:00,1541,40.00000000087312,46.7635366635969,0,0,0
2025-10-30 12:00:00+00:00,1541,29.999999998835847,46.426716199429535,0,0,0
2025-10-30 12:15:00+00:00,1541,40.00000000087312,40.36589512968239,0,0,0
2025-10-30 12:30:00+00:00,1541,59.99999999949068,39.58131110064583,0,0,0
2025-10-30 12:45:00+00:00,1541,40.00000000087312,53.87351176134314,0,0,0
2025-10-30 13:00:00+00:00,1541,39.999999999054126,48.06499549794928,0,0,0
2025-10-30 13:15:00+00:00,1541,49.9999999992724,39.82160764786239,0,0,0
2025-10-30 13:30:00+00:00,1541,70.00000000152795,40.92170018566152,0,0,0
2025-10-30 13:45:00+00:00,1541,49.9999999992724,48.425919412768,0,0,0
2025-10-30 14:00:00+00:00,1541,40.00000000087312,47.39047945034349,0,0,0
2025-10-30 14:15:00+00:00,1541,39.999999999054126,40.92821045485243,0,0,0
2025-10-30 14:30:00+00:00,1541,30.00000000065484,41.38916069553683,0,0,0
2025-10-30 14:45:00+00:00,1541,59.99999999949068,46.32734090048295,0,0,0
2025-10-30 15:00:00+00:00,1541,49.9999999992724,53.83168376474914,0,0,0
2025-10-30 15:15:00+00:00,1541,60.00000000130967,44.75303996845129,0,0,0
2025-10-30 15:30:00+00:00,1541,39.999999999054126,39.97542772918513,0,0,0
2025-10-30 15:45:00+00:00,1541,50.000000001091394,40.02141688893556,0,0,0
2025-10-30 16:00:00+00:00,1541,59.99999999949068,45.5344171586579,0,0,0
2025-10-30 16:15:00+00:00,1541,49.9999999992724,50.91429498032503,0,0,0
2025-10-30 16:30:00+00:00,1541,50.000000001091394,42.17907078159398,0,0,0
2025-10-30 16:45:00+00:00,1541,49.9999999992724,42.3983258296926,0,0,0
2025-10-30 17:00:00+00:00,1541,49.9999999992724,48.850255667703,0,0,0
2025-10-30 17:15:00+00:00,1541,60.00000000130967,50.20790952297366,0,0,0
2025-10-30 17:30:00+00:00,1541,49.9999999992724,49.90302608262358,0,0,0
2025-10-30 17:45:00+00:00,1541,50.000000001091394,50.11647984336899,0,0,0
2025-10-30 18:00:00+00:00,1541,49.9999999992724,51.068223244162496,0,0,0
2025-10-30 18:15:00+00:00,1541,59.99999999949068,52.07564973075986,0,0,0
2025-10-30 18:30:00+00:00,1541,50.000000001091394,52.57098655648827,0,0,0
2025-10-30 18:45:00+00:00,1541,49.9999999992724,52.2395501042601,0,0,0
2025-10-30 19:00:00+00:00,1541,59.99999999949068,51.54338403089092,0,0,0
2025-10-30 19:15:00+00:00,1541,50.000000001091394,52.54013908514092,0,0,0
2025-10-30 19:30:00+00:00,1541,59.99999999949068,54.527575518170224,0,0,0
2025-10-30 19:45:00+00:00,1541,59.99999999949068,52.99289063667213,0,0,0
2025-10-30 20:00:00+00:00,1541,60.00000000130967,54.3332874490103,0,0,0
2025-10-30 20:15:00+00:00,1541,59.99999999949068,54.79244108721768,0,0,0
2025-10-30 20:30:00+00:00,1541,59.99999999949068,54.60692352907459,0,0,0
2025-10-30 21:15:00+00:00,1541,59.99999999949068,55.56818312750444,0,0,0
2025-10-30 21:30:00+00:00,1541,59.99999999949068,57.50454195892904,0,0,0
2025-10-30 21:45:00+00:00,1541,20.00000000043656,59.27620836629901,0,0,0
2025-10-30 22:00:00+00:00,1541,0.0,0.271455720413698,0,0,0
2025-10-30 22:15:00+00:00,1541,10.00000000021828,0.4060772690303977,0,0,0
2025-10-30 22:30:00+00:00,1541,39.999999999054126,21.06539171026255,0,0,0
2025-10-30 22:45:00+00:00,1541,0.0,43.83698327470936,0,0,0
2025-10-30 23:00:00+00:00,1541,10.00000000021828,8.21514516353579,0,0,0
2025-10-30 23:15:00+00:00,1541,10.00000000021828,9.621021374754124,0,0,0
2025-10-30 23:30:00+00:00,1541,10.00000000021828,10.03231777300109,0,0,0
2025-10-30 23:45:00+00:00,1541,10.00000000021828,10.070749611364327,0,0,0
2025-10-31 00:00:00+00:00,1541,10.00000000021828,9.754286778275263,0,0,0
2025-10-31 00:15:00+00:00,1541,10.00000000021828,10.322438163749688,0,0,0
2025-10-31 00:30:00+00:00,1541,19.999999998617568,10.137447995365992,0,0,0
2025-10-31 00:45:00+00:00,1541,20.00000000043656,10.36492877824649,0,0,0
2025-10-31 01:00:00+00:00,1541,20.00000000043656,34.08073250181298,0,0,0
2025-10-31 01:15:00+00:00,1541,10.00000000021828,16.944953475122396,0,0,0
2025-10-31 01:30:00+00:00,1541,20.00000000043656,10.242460376063049,0,0,0
2025-10-31 01:45:00+00:00,1541,19.999999998617568,10.230313025121657,0,0,0
2025-10-31 02:00:00+00:00,1541,10.00000000021828,10.420832092741083,0,0,0
2025-10-31 02:15:00+00:00,1541,20.00000000043656,10.514794402289162,0,0,0
2025-10-31 02:30:00+00:00,1541,20.00000000043656,10.630673330226251,0,0,0
2025-10-31 02:45:00+00:00,1541,20.00000000043656,15.832807280166977,0,0,0
2025-10-31 03:00:00+00:00,1541,19.999999998617568,10.612649350537447,0,0,0
2025-10-31 03:15:00+00:00,1541,20.00000000043656,17.38868241174079,0,0,0
2025-10-31 03:30:00+00:00,1541,20.00000000043656,16.755160775816265,0,0,0
2025-10-31 03:45:00+00:00,1541,20.00000000043656,19.146066795333773,0,0,0
2025-10-31 04:00:00+00:00,1541,19.999999998617568,19.065288263854956,0,0,0
2025-10-31 04:15:00+00:00,1541,20.00000000043656,18.369472817743382,0,0,0
2025-10-31 04:30:00+00:00,1541,20.00000000043656,19.46194331782952,0,0,0
2025-10-31 04:45:00+00:00,1541,10.00000000021828,19.74790592612526,0,0,0
2025-10-31 05:00:00+00:00,1541,29.999999998835847,20.10416881661449,0,0,0
2025-10-31 05:15:00+00:00,1541,20.00000000043656,21.40451395061418,0,0,0
2025-10-31 05:30:00+00:00,1541,20.00000000043656,30.11646924952189,0,0,0
2025-10-31 05:45:00+00:00,1541,10.00000000021828,21.415865387339945,0,0,0
2025-10-31 06:00:00+00:00,1541,20.00000000043656,20.74756838545904,0,0,0
2025-10-31 06:15:00+00:00,1541,149.9999999996362,44.03135634441658,0,0,0
2025-10-31 06:30:00+00:00,1541,109.99999999876307,52.46871544344164,0,0,0
2025-10-31 06:45:00+00:00,1541,50.000000001091394,55.68226931662575,0,0,0
2025-10-31 07:00:00+00:00,1541,49.9999999992724,54.295717207103785,0,0,0
2025-10-31 07:15:00+00:00,1541,59.99999999949068,51.16975253425088,0,0,0
2025-10-31 07:30:00+00:00,1541,90.00000000014552,63.18264226896692,0,0,0
2025-10-31 07:45:00+00:00,1541,90.00000000014552,72.88594156455676,0,0,0
2025-10-31 08:00:00+00:00,1541,79.99999999992724,76.86432263502209,0,0,0
2025-10-31 08:15:00+00:00,1541,79.99999999992724,79.96096211905656,0,0,0
2025-10-31 08:30:00+00:00,1541,70.00000000152795,79.13426225066355,0,0,0
2025-10-31 08:45:00+00:00,1541,89.99999999832653,75.24075809033832,0,0,0
2025-10-31 09:00:00+00:00,1541,60.00000000130967,77.9272235697163,0,0,0
2025-10-31 09:15:00+00:00,1541,69.99999999970896,82.92571166297165,0,0,0
2025-10-31 09:30:00+00:00,1541,69.99999999970896,73.55600087892117,0,0,0
2025-10-31 09:45:00+00:00,1541,79.99999999992724,72.05814441637133,0,0,0
2025-10-31 10:00:00+00:00,1541,69.99999999970896,65.67871424971581,0,0,0
2025-10-31 10:15:00+00:00,1541,50.000000001091394,61.59589841590893,0,0,0
2025-10-31 10:30:00+00:00,1541,79.99999999992724,51.40442745436194,0,0,0
2025-10-31 10:45:00+00:00,1541,49.9999999992724,56.794833752910506,0,0,0
2025-10-31 11:00:00+00:00,1541,59.99999999949068,57.40643200903885,0,0,0
2025-10-31 11:15:00+00:00,1541,40.00000000087312,55.636627886387,0,0,0
2025-10-31 11:30:00+00:00,1541,49.9999999992724,52.613540921395554,0,0,0
2025-10-31 11:45:00+00:00,1541,50.000000001091394,54.342683873148175,0,0,0
2025-10-31 12:00:00+00:00,1541,49.9999999992724,51.81554032869995,0,0,0
2025-10-31 12:15:00+00:00,1541,50.000000001091394,49.36617228503107,0,0,0
2025-10-31 12:30:00+00:00,1541,49.9999999992724,46.606602471314005,0,0,0
2025-10-31 12:45:00+00:00,1541,49.9999999992724,44.13838555628139,0,0,0
2025-10-31 13:00:00+00:00,1541,50.000000001091394,44.80484973386115,0,0,0
2025-10-31 13:15:00+00:00,1541,39.999999999054126,44.63573728134693,0,0,0
2025-10-31 13:30:00+00:00,1541,40.00000000087312,41.31448385107271,0,0,0
2025-10-31 13:45:00+00:00,1541,49.9999999992724,41.338413436968224,0,0,0
2025-10-31 14:00:00+00:00,1541,50.000000001091394,43.52224170270312,0,0,0
2025-10-31 14:15:00+00:00,1541,39.999999999054126,43.36685104308596,0,0,0
2025-10-31 14:30:00+00:00,1541,40.00000000087312,39.63083937409293,0,0,0
2025-10-31 14:45:00+00:00,1541,29.999999998835847,39.61954975594702,0,0,0
2025-10-31 15:00:00+00:00,1541,40.00000000087312,40.227135599876696,0,0,0
2025-10-31 15:15:00+00:00,1541,39.999999999054126,40.61789663862827,0,0,0
2025-10-31 15:30:00+00:00,1541,40.00000000087312,40.49286662904211,0,0,0
2025-10-31 15:45:00+00:00,1541,39.999999999054126,39.94775425554718,0,0,0
2025-10-31 16:00:00+00:00,1541,50.000000001091394,39.81475737648228,0,0,0
2025-10-31 16:15:00+00:00,1541,49.9999999992724,39.9624458274157,0,0,0
2025-10-31 16:30:00+00:00,1541,50.000000001091394,40.33121683821469,0,0,0
2025-10-31 16:45:00+00:00,1541,39.999999999054126,40.06570603774001,0,0,0
2025-10-31 17:00:00+00:00,1541,49.9999999992724,40.24802834803686,0,0,0
2025-10-31 17:15:00+00:00,1541,40.00000000087312,40.71601817950218,0,0,0
2025-10-31 17:30:00+00:00,1541,49.9999999992724,41.948348386932366,0,0,0
2025-10-31 17:45:00+00:00,1541,40.00000000087312,43.05399300593466,0,0,0
2025-10-31 18:00:00+00:00,1541,39.999999999054126,42.56044312353017,0,0,0
2025-10-31 18:15:00+00:00,1541,50.000000001091394,40.52612309317316,0,0,0
2025-10-31 18:30:00+00:00,1541,39.999999999054126,41.98124359873739,0,0,0
2025-10-31 18:45:00+00:00,1541,50.000000001091394,42.448653881016575,0,0,0
2025-10-31 19:00:00+00:00,1541,39.999999999054126,42.118249026339726,0,0,0
2025-10-31 19:15:00+00:00,1541,40.00000000087312,41.51613605855779,0,0,0
2025-10-31 19:30:00+00:00,1541,49.9999999992724,40.86846472925377,0,0,0
2025-10-31 19:45:00+00:00,1541,40.00000000087312,43.02753079009574,0,0,0
2025-10-31 20:00:00+00:00,1541,49.9999999992724,42.23919900965549,0,0,0
2025-10-31 20:15:00+00:00,1541,40.00000000087312,42.53825604885429,0,0,0
2025-10-31 20:30:00+00:00,1541,49.9999999992724,41.963830077524655,0,0,0
2025-10-31 20:45:00+00:00,1541,49.9999999992724,44.68365827171782,0,0,0
2025-10-31 21:00:00+00:00,1541,50.000000001091394,47.13072743694836,0,0,0
2025-10-31 21:15:00+00:00,1541,39.999999999054126,46.979283507288784,0,0,0
2025-10-31 21:30:00+00:00,1541,50.000000001091394,47.13654611077716,0,0,0
2025-10-31 21:45:00+00:00,1541,19.999999998617568,44.04852645497114,0,0,0
2025-10-31 22:00:00+00:00,1541,0.0,1.902533154380404,0,0,0
2025-10-31 22:15:00+00:00,1541,0.0,0.8230088171972127,0,0,0
2025-10-31 22:30:00+00:00,1541,0.0,4.729156808933297,0,0,0
2025-10-31 22:45:00+00:00,1541,0.0,10.051836989590118,0,0,0
2025-10-31 23:00:00+00:00,1541,0.0,9.85693073463165,0,0,0
2025-10-31 23:15:00+00:00,1541,0.0,9.582243738709828,0,0,0
2025-10-31 23:30:00+00:00,1541,10.00000000021828,10.153835714519271,0,0,0
2025-10-31 23:45:00+00:00,1541,0.0,10.101257080522476,0,0,0
2025-11-01 00:00:00+00:00,1541,10.00000000021828,9.887681614447978,0,0,0
2025-11-01 00:15:00+00:00,1541,0.0,9.800245028735777,0,0,0
2025-11-01 00:30:00+00:00,1541,20.00000000043656,9.826743949356494,0,0,0
2025-11-01 00:45:00+00:00,1541,10.00000000021828,9.731361744302385,0,0,0
2025-11-01 01:00:00+00:00,1541,10.00000000021828,9.858422107870638,0,0,0
2025-11-01 01:15:00+00:00,1541,0.0,9.902867734955336,0,0,0
2025-11-01 01:30:00+00:00,1541,0.0,9.959358325958544,0,0,0
2025-11-01 01:45:00+00:00,1541,10.00000000021828,10.049078335464117,0,0,0
2025-11-01 02:00:00+00:00,1541,0.0,9.935307034733938,0,0,0
2025-11-01 05:30:00+00:00,1541,0.0,10.007126701710416,0,0,0
2025-11-01 05:45:00+00:00,1541,10.00000000021828,9.918386130329411,0,0,0
2025-11-01 06:00:00+00:00,1541,0.0,9.833306377974164,0,0,0
2025-11-01 06:15:00+00:00,1541,10.00000000021828,9.767877206690134,0,0,0
2025-11-01 06:30:00+00:00,1541,0.0,9.519372311167274,0,0,0
2025-11-01 06:45:00+00:00,1541,9.99999999839929,9.61499792687956,0,0,0
2025-11-01 07:00:00+00:00,1541,0.0,9.475788280539296,0,0,0
2025-11-01 07:15:00+00:00,1541,10.00000000021828,9.704169296488924,0,0,0
2025-11-01 07:30:00+00:00,1541,30.00000000065484,4.851101685018598,0,0,0
2025-11-01 07:45:00+00:00,1541,49.9999999992724,39.158672924826206,0,0,0
2025-11-01 08:00:00+00:00,1541,30.00000000065484,39.304545454976406,0,0,0
2025-11-01 08:15:00+00:00,1541,30.00000000065484,20.766055038581435,0,0,0
2025-11-01 08:30:00+00:00,1541,29.999999998835847,19.86060216311516,0,0,0
2025-11-01 08:45:00+00:00,1541,30.00000000065484,24.831932098550556,0,0,0
2025-11-01 09:00:00+00:00,1541,30.00000000065484,24.31963669772052,0,0,0
2025-11-01 09:15:00+00:00,1541,29.999999998835847,21.149614212779973,0,0,0
2025-11-01 09:30:00+00:00,1541,30.00000000065484,39.467769687759485,0,0,0
2025-11-01 09:45:00+00:00,1541,20.00000000043656,61.95146343258652,0,0,0
2025-11-01 10:00:00+00:00,1541,29.999999998835847,47.75301644373029,0,0,0
2025-11-01 10:15:00+00:00,1541,30.00000000065484,41.242055657450784,0,0,0
2025-11-01 10:30:00+00:00,1541,30.00000000065484,32.335933994712235,0,0,0
2025-11-01 10:45:00+00:00,1541,29.999999998835847,26.330460838156306,0,0,0
2025-11-01 11:00:00+00:00,1541,20.00000000043656,23.89201633073075,0,0,0
2025-11-01 11:15:00+00:00,1541,20.00000000043656,20.13286422865066,0,0,0
2025-11-01 11:30:00+00:00,1541,19.999999998617568,18.33486986766988,0,0,0
2025-11-01 11:45:00+00:00,1541,30.00000000065484,20.31337013520664,0,0,0
2025-11-01 12:00:00+00:00,1541,20.00000000043656,34.80169168936502,0,0,0
2025-11-01 12:15:00+00:00,1541,20.00000000043656,20.60705523640762,0,0,0
2025-11-01 12:30:00+00:00,1541,29.999999998835847,20.418171946366066,0,0,0
2025-11-01 12:45:00+00:00,1541,20.00000000043656,29.75466828360149,0,0,0
2025-11-01 13:00:00+00:00,1541,20.00000000043656,29.397890077294253,0,0,0
2025-11-01 13:15:00+00:00,1541,20.00000000043656,21.65469470920028,0,0,0
2025-11-01 13:30:00+00:00,1541,9.99999999839929,21.11836395474826,0,0,0
2025-11-01 13:45:00+00:00,1541,20.00000000043656,21.51289834165923,0,0,0
2025-11-01 14:00:00+00:00,1541,20.00000000043656,21.343505290747395,0,0,0
2025-11-01 14:15:00+00:00,1541,30.00000000065484,20.547355874743847,0,0,0
2025-11-01 14:30:00+00:00,1541,9.99999999839929,20.04047394626997,0,0,0
2025-11-01 14:45:00+00:00,1541,30.00000000065484,20.423904170774595,0,0,0
2025-11-01 15:00:00+00:00,1541,49.9999999992724,20.449558881414173,0,0,0
2025-11-01 15:15:00+00:00,1541,50.000000001091394,40.34365975924101,0,0,0
2025-11-01 15:30:00+00:00,1541,30.00000000065484,47.68504305151912,0,0,0
2025-11-01 15:45:00+00:00,1541,49.9999999992724,40.35301175127461,0,0,0
2025-11-01 16:00:00+00:00,1541,30.00000000065484,35.33383761573549,0,0,0
2025-11-01 16:15:00+00:00,1541,39.999999999054126,31.023352645562618,0,0,0
2025-11-01 16:30:00+00:00,1541,20.00000000043656,30.32839782999246,0,0,0
2025-11-01 16:45:00+00:00,1541,29.999999998835847,30.196446071293224,0,0,0
2025-11-01 17:00:00+00:00,1541,0.0,29.480572427849523,0,0,0
2025-11-01 17:15:00+00:00,1541,10.00000000021828,12.315040311858072,0,0,0
2025-11-01 17:30:00+00:00,1541,50.000000001091394,19.595396591878504,0,0,0
2025-11-01 17:45:00+00:00,1541,20.00000000043656,38.031650668178,0,0,0
2025-11-01 18:00:00+00:00,1541,29.999999998835847,20.01959037430525,0,0,0
2025-11-01 18:15:00+00:00,1541,40.00000000087312,19.97798936780916,0,0,0
2025-11-01 18:30:00+00:00,1541,19.999999998617568,25.522703534912125,0,0,0
2025-11-01 18:45:00+00:00,1541,30.00000000065484,29.547950816229587,0,0,0
2025-11-01 19:00:00+00:00,1541,30.00000000065484,29.58210461568384,0,0,0
2025-11-01 19:15:00+00:00,1541,29.999999998835847,29.653115811545657,0,0,0
2025-11-01 19:30:00+00:00,1541,30.00000000065484,28.97797191898822,0,0,0
2025-11-01 19:45:00+00:00,1541,30.00000000065484,29.7820452212392,0,0,0
2025-11-01 20:00:00+00:00,1541,29.999999998835847,29.88068159497346,0,0,0
2025-11-01 20:15:00+00:00,1541,30.00000000065484,26.184086032044785,0,0,0
2025-11-01 20:30:00+00:00,1541,30.00000000065484,19.49084785053036,0,0,0
2025-11-01 20:45:00+00:00,1541,39.999999999054126,20.54858983155266,0,0,0
2025-11-01 21:00:00+00:00,1541,30.00000000065484,19.212115118331656,0,0,0
2025-11-01 21:15:00+00:00,1541,29.999999998835847,10.069756650425417,0,0,0
2025-11-01 21:30:00+00:00,1541,30.00000000065484,13.72517814142512,0,0,0
2025-11-01 21:45:00+00:00,1541,30.00000000065484,19.05699008542481,0,0,0
2025-11-01 22:00:00+00:00,1541,39.999999999054126,9.59353528868636,0,0,0
2025-11-01 22:15:00+00:00,1541,30.00000000065484,10.6459058146685,0,0,0
2025-11-01 22:30:00+00:00,1541,29.999999998835847,15.513891988105254,0,0,0
2025-11-01 22:45:00+00:00,1541,0.0,9.312312909775551,0,0,0
2025-11-01 23:00:00+00:00,1541,0.0,1.0109488909383373,0,0,0
2025-11-01 23:15:00+00:00,1541,0.0,0.3673537242434719,0,0,0
2025-11-01 23:30:00+00:00,1541,10.00000000021828,1.9077684153618224,0,0,0
2025-11-01 23:45:00+00:00,1541,0.0,9.63815671235752,0,0,0
2025-11-02 00:00:00+00:00,1541,10.00000000021828,10.057136000982013,0,0,0
2025-11-02 00:15:00+00:00,1541,20.00000000043656,9.950172471358304,0,0,0
2025-11-02 00:30:00+00:00,1541,30.00000000065484,9.884959665103764,0,0,0
2025-11-02 00:45:00+00:00,1541,19.999999998617568,10.50830924689631,0,0,0
2025-11-02 01:00:00+00:00,1541,20.00000000043656,10.139764260279913,0,0,0
2025-11-02 01:15:00+00:00,1541,0.0,10.23899467192996,0,0,0
2025-11-02 01:30:00+00:00,1541,10.00000000021828,10.776261881275245,0,0,0
2025-11-02 01:45:00+00:00,1541,20.00000000043656,10.407289960091724,0,0,0
2025-11-02 02:00:00+00:00,1541,10.00000000021828,10.071866209462948,0,0,0
2025-11-02 02:15:00+00:00,1541,39.999999999054126,17.880363248019997,0,0,0
2025-11-02 02:30:00+00:00,1541,20.00000000043656,10.108033942339016,0,0,0
2025-11-02 02:45:00+00:00,1541,10.00000000021828,10.326321143296797,0,0,0
2025-11-02 03:00:00+00:00,1541,10.00000000021828,10.56854565747257,0,0,0
2025-11-02 03:15:00+00:00,1541,10.00000000021828,10.54541198579268,0,0,0
2025-11-02 03:30:00+00:00,1541,19.999999998617568,10.194357793613836,0,0,0
2025-11-02 03:45:00+00:00,1541,10.00000000021828,10.383358442365587,0,0,0
2025-11-02 04:00:00+00:00,1541,10.00000000021828,18.60469734366596,0,0,0
2025-11-02 04:15:00+00:00,1541,10.00000000021828,17.954483725265433,0,0,0
2025-11-02 04:30:00+00:00,1541,20.00000000043656,18.488405003976094,0,0,0
2025-11-02 04:45:00+00:00,1541,10.00000000021828,10.549513262199897,0,0,0
2025-11-02 05:00:00+00:00,1541,9.99999999839929,10.466266817103453,0,0,0
2025-11-02 05:15:00+00:00,1541,10.00000000021828,10.43687015055206,0,0,0
2025-11-02 05:30:00+00:00,1541,10.00000000021828,10.16609317980603,0,0,0
2025-11-02 05:45:00+00:00,1541,10.00000000021828,10.481638393350371,0,0,0
2025-11-02 06:00:00+00:00,1541,20.00000000043656,10.33466085608528,0,0,0
2025-11-02 06:15:00+00:00,1541,10.00000000021828,10.12238744384896,0,0,0
2025-11-02 06:30:00+00:00,1541,10.00000000021828,10.403681300492725,0,0,0
2025-11-02 06:45:00+00:00,1541,19.999999998617568,10.448658180998049,0,0,0
2025-11-02 07:00:00+00:00,1541,10.00000000021828,10.231497237291991,0,0,0
2025-11-02 07:15:00+00:00,1541,10.00000000021828,10.254416475773011,0,0,0
2025-11-02 07:30:00+00:00,1541,30.00000000065484,21.42540524990138,0,0,0
2025-11-02 07:45:00+00:00,1541,49.9999999992724,37.775569132961735,0,0,0
2025-11-02 08:00:00+00:00,1541,40.00000000087312,37.80138804920405,0,0,0
2025-11-02 08:15:00+00:00,1541,29.999999998835847,32.34028737501542,0,0,0
2025-11-02 08:30:00+00:00,1541,40.00000000087312,28.994639753581463,0,0,0
2025-11-02 08:45:00+00:00,1541,30.00000000065484,29.480230493829705,0,0,0
2025-11-02 09:00:00+00:00,1541,29.999999998835847,29.80285296885207,0,0,0
2025-11-02 09:15:00+00:00,1541,30.00000000065484,29.924183522800067,0,0,0
2025-11-02 09:30:00+00:00,1541,29.999999998835847,30.22156952851218,0,0,0
2025-11-02 09:45:00+00:00,1541,170.00000000007276,30.526432684640746,0,0,0
2025-11-02 10:00:00+00:00,1541,120.00000000080036,55.46053766167171,0,0,0
2025-11-02 10:15:00+00:00,1541,79.99999999992724,67.48713953013171,0,0,0
2025-11-02 10:30:00+00:00,1541,59.99999999949068,74.90424865090085,0,0,0
2025-11-02 10:45:00+00:00,1541,50.000000001091394,69.79784077186467,0,0,0
2025-11-02 11:00:00+00:00,1541,49.9999999992724,60.460909289782,0,0,0
2025-11-02 11:15:00+00:00,1541,30.00000000065484,58.22110429998893,0,0,0
2025-11-02 11:30:00+00:00,1541,39.999999999054126,52.01153227246712,0,0,0
2025-11-02 11:45:00+00:00,1541,50.000000001091394,41.82160291175524,0,0,0
2025-11-02 12:00:00+00:00,1541,39.999999999054126,38.63654354022277,0,0,0
2025-11-02 12:15:00+00:00,1541,30.00000000065484,34.086228559928166,0,0,0
2025-11-02 12:30:00+00:00,1541,49.9999999992724,40.2134292616246,0,0,0
2025-11-02 12:45:00+00:00,1541,50.000000001091394,44.94661132845103,0,0,0
2025-11-02 13:00:00+00:00,1541,29.999999998835847,39.902984080918245,0,0,0
2025-11-02 13:15:00+00:00,1541,30.00000000065484,30.25531184804428,0,0,0
2025-11-02 13:30:00+00:00,1541,49.9999999992724,30.248905897706862,0,0,0
2025-11-02 13:45:00+00:00,1541,50.000000001091394,39.65960046837019,0,0,0
2025-11-02 14:00:00+00:00,1541,29.999999998835847,32.61802376557162,0,0,0
2025-11-02 14:15:00+00:00,1541,30.00000000065484,23.544463098593823,0,0,0
2025-11-02 14:30:00+00:00,1541,39.999999999054126,37.47797835320385,0,0,0
2025-11-02 14:45:00+00:00,1541,30.00000000065484,41.34729792599168,0,0,0
2025-11-02 15:00:00+00:00,1541,40.00000000087312,37.83122324130629,0,0,0
2025-11-02 15:15:00+00:00,1541,29.999999998835847,31.34293055552715,0,0,0
2025-11-02 15:30:00+00:00,1541,40.00000000087312,31.34284941864109,0,0,0
2025-11-02 15:45:00+00:00,1541,39.999999999054126,30.53448262283616,0,0,0
2025-11-02 16:00:00+00:00,1541,50.000000001091394,37.843826504274105,0,0,0
2025-11-02 16:15:00+00:00,1541,39.999999999054126,40.38683424177746,0,0,0
2025-11-02 16:30:00+00:00,1541,50.000000001091394,42.30640546511034,0,0,0
2025-11-02 16:45:00+00:00,1541,49.9999999992724,41.92563778615835,0,0,0
2025-11-02 17:00:00+00:00,1541,59.99999999949068,41.05552388823197,0,0,0
2025-11-02 17:15:00+00:00,1541,50.000000001091394,41.640802883987305,0,0,0
2025-11-02 17:30:00+00:00,1541,49.9999999992724,43.46866817593679,0,0,0
2025-11-02 17:45:00+00:00,1541,40.00000000087312,41.566997295133,0,0,0
2025-11-02 18:00:00+00:00,1541,49.9999999992724,40.28899474817413,0,0,0
2025-11-02 18:15:00+00:00,1541,59.99999999949068,47.33978241937101,0,0,0
2025-11-02 18:30:00+00:00,1541,50.000000001091394,56.53140160218342,0,0,0
2025-11-02 18:45:00+00:00,1541,39.999999999054126,45.828696780732336,0,0,0
2025-11-02 19:00:00+00:00,1541,60.00000000130967,40.317446749552126,0,0,0
2025-11-02 19:15:00+00:00,1541,49.9999999992724,45.39410443703336,0,0,0
2025-11-02 19:30:00+00:00,1541,49.9999999992724,51.10074368082715,0,0,0
2025-11-02 19:45:00+00:00,1541,10.00000000021828,42.04322058870268,0,0,0
2025-11-02 20:00:00+00:00,1541,0.0,1.855158872075101,0,0,0
2025-11-02 20:15:00+00:00,1541,0.0,1.2572032037883716,0,0,0
2025-11-02 20:30:00+00:00,1541,10.00000000021828,20.4369788004138,0,0,0
2025-11-02 20:45:00+00:00,1541,40.00000000087312,24.944144411970026,0,0,0
2025-11-02 21:00:00+00:00,1541,29.999999998835847,34.84441219170566,0,0,0
2025-11-02 21:15:00+00:00,1541,20.00000000043656,20.550496548375044,0,0,0
2025-11-02 21:30:00+00:00,1541,30.00000000065484,20.599528824310347,0,0,0
2025-11-02 21:45:00+00:00,1541,29.999999998835847,20.88053628706463,0,0,0
2025-11-02 22:00:00+00:00,1541,30.00000000065484,21.347264150177136,0,0,0
2025-11-02 22:15:00+00:00,1541,30.00000000065484,25.457613399901984,0,0,0
2025-11-02 22:30:00+00:00,1541,19.999999998617568,20.338233278249486,0,0,0
2025-11-02 22:45:00+00:00,1541,0.0,19.293726268807887,0,0,0
2025-11-02 23:00:00+00:00,1541,0.0,1.2444531216934005,0,0,0
2025-11-02 23:15:00+00:00,1541,10.00000000021828,0.602973309527929,0,0,0
2025-11-02 23:30:00+00:00,1541,10.00000000021828,9.442931705346677,0,0,0
2025-11-02 23:45:00+00:00,1541,0.0,9.984752239464363,0,0,0
2025-11-03 00:00:00+00:00,1541,10.00000000021828,10.049219359099409,0,0,0
2025-11-03 00:15:00+00:00,1541,0.0,9.941417414986422,0,0,0
2025-11-03 00:30:00+00:00,1541,10.00000000021828,10.144288607593005,0,0,0
2025-11-03 00:45:00+00:00,1541,10.00000000021828,10.202457959405384,0,0,0
2025-11-03 01:00:00+00:00,1541,19.999999998617568,10.112608517248244,0,0,0
2025-11-03 01:15:00+00:00,1541,20.00000000043656,9.985787700676925,0,0,0
2025-11-03 01:30:00+00:00,1541,10.00000000021828,10.180023610410096,0,0,0
2025-11-03 01:45:00+00:00,1541,20.00000000043656,10.272971708882435,0,0,0
2025-11-03 02:00:00+00:00,1541,20.00000000043656,10.10471505733308,0,0,0
2025-11-03 02:15:00+00:00,1541,19.999999998617568,10.153161505632736,0,0,0
2025-11-03 02:30:00+00:00,1541,10.00000000021828,10.62474840571333,0,0,0
2025-11-03 02:45:00+00:00,1541,20.00000000043656,10.427593499912655,0,0,0
2025-11-03 03:00:00+00:00,1541,20.00000000043656,10.147833516781532,0,0,0
2025-11-03 03:15:00+00:00,1541,10.00000000021828,10.420285384675497,0,0,0
2025-11-03 03:30:00+00:00,1541,19.999999998617568,17.021135215639852,0,0,0
2025-11-03 03:45:00+00:00,1541,10.00000000021828,10.574277398923446,0,0,0
2025-11-03 04:00:00+00:00,1541,30.00000000065484,17.533228740170053,0,0,0
2025-11-03 04:15:00+00:00,1541,20.00000000043656,10.390160417980194,0,0,0
2025-11-03 04:30:00+00:00,1541,19.999999998617568,10.625801253401471,0,0,0
2025-11-03 04:45:00+00:00,1541,20.00000000043656,13.759862228384684,0,0,0
2025-11-03 05:00:00+00:00,1541,20.00000000043656,19.48688421705485,0,0,0
2025-11-03 05:15:00+00:00,1541,20.00000000043656,19.992552472941423,0,0,0
2025-11-03 05:30:00+00:00,1541,10.00000000021828,20.18473677855568,0,0,0
2025-11-03 05:45:00+00:00,1541,19.999999998617568,20.473956936235147,0,0,0
2025-11-03 06:00:00+00:00,1541,30.00000000065484,19.924202373759275,0,0,0
2025-11-03 06:15:00+00:00,1541,159.99999999985448,42.02261568330496,0,0,0
2025-11-03 06:30:00+00:00,1541,110.00000000058208,49.40430275781752,0,0,0
2025-11-03 06:45:00+00:00,1541,49.9999999992724,52.82569842379464,0,0,0
2025-11-03 07:00:00+00:00,1541,50.000000001091394,53.83356923143471,0,0,0
2025-11-03 07:15:00+00:00,1541,69.99999999970896,50.84351270639172,0,0,0
2025-11-03 07:30:00+00:00,1541,109.99999999876307,72.04867071900864,0,0,0
2025-11-03 07:45:00+00:00,1541,50.000000001091394,79.74839893222718,0,0,0
2025-11-03 08:00:00+00:00,1541,90.00000000014552,88.86142351807719,0,0,0
2025-11-03 08:15:00+00:00,1541,79.99999999992724,86.43733927356875,0,0,0
2025-11-03 08:30:00+00:00,1541,39.999999999054126,84.21318404363197,0,0,0
2025-11-03 08:45:00+00:00,1541,110.00000000058208,75.80115897136349,0,0,0
2025-11-03 09:00:00+00:00,1541,110.00000000058208,75.38277855023134,0,0,0
2025-11-03 09:15:00+00:00,1541,79.99999999992724,76.94524315605152,0,0,0
2025-11-03 09:30:00+00:00,1541,69.99999999970896,79.39985805168554,0,0,0
2025-11-03 09:45:00+00:00,1541,69.99999999970896,71.57348675031277,0,0,0
2025-11-03 10:00:00+00:00,1541,100.0000000003638,70.64625441643153,0,0,0
2025-11-03 10:15:00+00:00,1541,49.9999999992724,62.100724393645,0,0,0
2025-11-03 10:30:00+00:00,1541,50.000000001091394,64.78473258447377,0,0,0
2025-11-03 10:45:00+00:00,1541,69.99999999970896,61.84034453529823,0,0,0
2025-11-03 11:00:00+00:00,1541,49.9999999992724,63.53173951672724,0,0,0
2025-11-03 11:15:00+00:00,1541,50.000000001091394,58.645693624735216,0,0,0
2025-11-03 11:30:00+00:00,1541,49.9999999992724,61.02664202331961,0,0,0
2025-11-03 11:45:00+00:00,1541,49.9999999992724,58.96893911513267,0,0,0
2025-11-03 12:00:00+00:00,1541,60.00000000130967,52.36083429427321,0,0,0
2025-11-03 12:15:00+00:00,1541,39.999999999054126,46.98795163128275,0,0,0
2025-11-03 12:30:00+00:00,1541,50.000000001091394,43.66397045617245,0,0,0
2025-11-03 12:45:00+00:00,1541,29.999999998835847,43.83673986405118,0,0,0
2025-11-03 13:00:00+00:00,1541,40.00000000087312,41.64879873092535,0,0,0
2025-11-03 13:15:00+00:00,1541,49.9999999992724,41.44191512612009,0,0,0
2025-11-03 13:30:00+00:00,1541,59.99999999949068,48.65498622858789,0,0,0
2025-11-03 13:45:00+00:00,1541,50.000000001091394,47.49997174624937,0,0,0
2025-11-03 14:00:00+00:00,1541,39.999999999054126,43.92248030247863,0,0,0
2025-11-03 14:15:00+00:00,1541,50.000000001091394,40.36711797846514,0,0,0
2025-11-03 14:30:00+00:00,1541,49.9999999992724,40.62984114735451,0,0,0
2025-11-03 14:45:00+00:00,1541,40.00000000087312,45.051565754229465,0,0,0
2025-11-03 15:00:00+00:00,1541,49.9999999992724,46.18135246049553,0,0,0
2025-11-03 15:15:00+00:00,1541,49.9999999992724,43.91160216425487,0,0,0
2025-11-03 15:30:00+00:00,1541,40.00000000087312,46.081202497470144,0,0,0
2025-11-03 15:45:00+00:00,1541,49.9999999992724,46.19531573222015,0,0,0
2025-11-03 16:00:00+00:00,1541,50.000000001091394,47.32929257910197,0,0,0
2025-11-03 16:15:00+00:00,1541,39.999999999054126,44.94138765845332,0,0,0
2025-11-03 16:30:00+00:00,1541,50.000000001091394,40.142739715561085,0,0,0
2025-11-03 16:45:00+00:00,1541,39.999999999054126,40.71403225762435,0,0,0
2025-11-03 17:00:00+00:00,1541,50.000000001091394,45.14869240233384,0,0,0
2025-11-03 17:15:00+00:00,1541,39.999999999054126,42.36885382174702,0,0,0
2025-11-03 17:30:00+00:00,1541,40.00000000087312,41.30423742146184,0,0,0
2025-11-03 17:45:00+00:00,1541,49.9999999992724,42.133568443159895,0,0,0
2025-11-03 18:00:00+00:00,1541,40.00000000087312,45.72872840978528,0,0,0
2025-11-03 18:15:00+00:00,1541,39.999999999054126,41.546257161591846,0,0,0
2025-11-03 18:30:00+00:00,1541,40.00000000087312,40.27679523780599,0,0,0
2025-11-03 18:45:00+00:00,1541,49.9999999992724,40.45190409256608,0,0,0
2025-11-03 19:00:00+00:00,1541,40.00000000087312,41.05753299207724,0,0,0
2025-11-03 19:15:00+00:00,1541,39.999999999054126,40.98556843780423,0,0,0
2025-11-03 19:30:00+00:00,1541,49.9999999992724,40.46730271444169,0,0,0
2025-11-03 19:45:00+00:00,1541,40.00000000087312,41.18854008560307,0,0,0
2025-11-03 20:00:00+00:00,1541,49.9999999992724,41.45592862544083,0,0,0
2025-11-03 20:15:00+00:00,1541,50.000000001091394,41.927229614589606,0,0,0
2025-11-03 20:30:00+00:00,1541,39.999999999054126,42.548884980928015,0,0,0
2025-11-03 20:45:00+00:00,1541,40.00000000087312,41.877739977754906,0,0,0
2025-11-03 21:00:00+00:00,1541,59.99999999949068,41.91636113551895,0,0,0
2025-11-03 21:15:00+00:00,1541,50.000000001091394,44.74161319033132,0,0,0
2025-11-03 21:30:00+00:00,1541,39.999999999054126,44.858825081396525,0,0,0
2025-11-03 21:45:00+00:00,1541,30.00000000065484,37.7292496301752,0,0,0
2025-11-03 22:00:00+00:00,1541,0.0,15.336009990489504,0,0,0
2025-11-03 22:15:00+00:00,1541,19.999999998617568,6.184961182537169,0,0,0
2025-11-03 22:30:00+00:00,1541,20.00000000043656,34.45735060859224,0,0,0
2025-11-03 22:45:00+00:00,1541,10.00000000021828,21.68210014133964,0,0,0
2025-11-03 23:00:00+00:00,1541,20.00000000043656,9.636211358922726,0,0,0
2025-11-03 23:15:00+00:00,1541,10.00000000021828,9.71178457279474,0,0,0
2025-11-03 23:30:00+00:00,1541,0.0,9.878200189762808,0,0,0
2025-11-03 23:45:00+00:00,1541,0.0,9.964039151551894,0,0,0
2025-11-04 00:00:00+00:00,1541,0.0,9.765025824694348,0,0,0
2025-11-04 00:15:00+00:00,1541,0.0,9.82110107211416,0,0,0
2025-11-04 00:30:00+00:00,1541,0.0,9.887561840949507,0,0,0
2025-11-04 00:45:00+00:00,1541,0.0,9.871025370838456,0,0,0
2025-11-04 01:00:00+00:00,1541,0.0,9.815585695692777,0,0,0
2025-11-04 01:15:00+00:00,1541,0.0,0.2666937579342878,0,0,0
2025-11-04 01:30:00+00:00,1541,0.0,0.2138852360936596,0,0,0
2025-11-04 01:45:00+00:00,1541,0.0,0.2025627768272038,0,0,0
2025-11-04 02:00:00+00:00,1541,10.00000000021828,0.1749182806485585,0,0,0
2025-11-04 02:15:00+00:00,1541,9.99999999839929,0.433176988974072,0,0,0
2025-11-04 02:30:00+00:00,1541,0.0,5.545299222985538,0,0,0
2025-11-04 02:45:00+00:00,1541,10.00000000021828,6.88251044663059,0,0,0
2025-11-04 03:00:00+00:00,1541,0.0,2.318280490376882,0,0,0
2025-11-04 03:15:00+00:00,1541,10.00000000021828,9.674851834992973,0,0,0
2025-11-04 03:30:00+00:00,1541,10.00000000021828,4.572288298891493,0,0,0
2025-11-04 03:45:00+00:00,1541,0.0,0.9104492665706516,0,0,0
2025-11-04 04:00:00+00:00,1541,0.0,9.520884934543089,0,0,0
2025-11-04 04:15:00+00:00,1541,10.00000000021828,9.670095668005423,0,0,0
2025-11-04 04:30:00+00:00,1541,10.00000000021828,0.9432923189489272,0,0,0
2025-11-04 04:45:00+00:00,1541,0.0,2.3376741379755828,0,0,0
2025-11-04 05:00:00+00:00,1541,10.00000000021828,9.628003010616432,0,0,0
2025-11-04 05:15:00+00:00,1541,10.00000000021828,1.3257406905407052,0,0,0
2025-11-04 05:30:00+00:00,1541,0.0,9.672205227042957,0,0,0
2025-11-04 05:45:00+00:00,1541,0.0,9.776133850761935,0,0,0
2025-11-04 06:00:00+00:00,1541,10.00000000021828,9.679569365368112,0,0,0
2025-11-04 06:15:00+00:00,1541,109.99999999876307,18.041543604006648,0,0,0
2025-11-04 06:30:00+00:00,1541,100.0000000003638,59.16798335128014,0,0,0
2025-11-04 06:45:00+00:00,1541,49.9999999992724,62.30596980608411,0,0,0
2025-11-04 07:00:00+00:00,1541,40.00000000087312,58.97493551737856,0,0,0
2025-11-04 07:15:00+00:00,1541,39.999999999054126,40.67277221923278,0,0,0
2025-11-04 07:30:00+00:00,1541,100.0000000003638,51.45742529560337,0,0,0
2025-11-04 07:45:00+00:00,1541,40.00000000087312,56.67425661290448,0,0,0
2025-11-04 08:00:00+00:00,1541,39.999999999054126,53.036356825632254,0,0,0
2025-11-04 08:15:00+00:00,1541,60.00000000130967,48.59516516159504,0,0,0
2025-11-04 08:30:00+00:00,1541,49.9999999992724,44.54837024153706,0,0,0
2025-11-04 08:45:00+00:00,1541,39.999999999054126,40.51555018418743,0,0,0
2025-11-04 09:00:00+00:00,1541,50.000000001091394,40.03651221340377,0,0,0
2025-11-04 09:15:00+00:00,1541,39.999999999054126,40.7964093789416,0,0,0
2025-11-04 09:30:00+00:00,1541,40.00000000087312,41.23365026242121,0,0,0
2025-11-04 09:45:00+00:00,1541,39.999999999054126,34.613315021903674,0,0,0
2025-11-04 10:00:00+00:00,1541,40.00000000087312,40.64571499956276,0,0,0
2025-11-04 10:15:00+00:00,1541,39.999999999054126,39.54696894770608,0,0,0
2025-11-04 10:30:00+00:00,1541,50.000000001091394,30.065467955226698,0,0,0
2025-11-04 10:45:00+00:00,1541,30.00000000065484,30.53421409837992,0,0,0
2025-11-04 11:00:00+00:00,1541,29.999999998835847,31.836296914022704,0,0,0
2025-11-04 11:15:00+00:00,1541,30.00000000065484,29.484772227618382,0,0,0
2025-11-04 11:30:00+00:00,1541,29.999999998835847,29.687714897957925,0,0,0
2025-11-04 11:45:00+00:00,1541,30.00000000065484,30.357003411904778,0,0,0
2025-11-04 12:00:00+00:00,1541,40.00000000087312,33.58994803494166,0,0,0
2025-11-04 12:15:00+00:00,1541,29.999999998835847,39.04498082915146,0,0,0
2025-11-04 12:30:00+00:00,1541,30.00000000065484,24.000048645645226,0,0,0
2025-11-04 12:45:00+00:00,1541,39.999999999054126,22.346424333549592,0,0,0
2025-11-04 13:00:00+00:00,1541,30.00000000065484,39.787854703261885,0,0,0
2025-11-04 13:15:00+00:00,1541,30.00000000065484,30.60938355965226,0,0,0
2025-11-04 13:30:00+00:00,1541,39.999999999054126,29.64522041979988,0,0,0
2025-11-04 13:45:00+00:00,1541,30.00000000065484,30.32963226975893,0,0,0
2025-11-04 14:00:00+00:00,1541,29.999999998835847,30.34783204603419,0,0,0
2025-11-04 14:15:00+00:00,1541,40.00000000087312,30.025378606191115,0,0,0
2025-11-04 14:30:00+00:00,1541,40.00000000087312,29.935150525232363,0,0,0
2025-11-04 14:45:00+00:00,1541,29.999999998835847,29.954170363606007,0,0,0
2025-11-04 15:00:00+00:00,1541,30.00000000065484,30.135077607973383,0,0,0
2025-11-04 15:15:00+00:00,1541,39.999999999054126,30.1825668342006,0,0,0
2025-11-04 15:30:00+00:00,1541,40.00000000087312,30.262486666968627,0,0,0
2025-11-04 15:45:00+00:00,1541,39.999999999054126,30.18476235970074,0,0,0
2025-11-04 16:00:00+00:00,1541,30.00000000065484,31.96637576293541,0,0,0
2025-11-04 16:15:00+00:00,1541,40.00000000087312,31.44700599837329,0,0,0
2025-11-04 16:30:00+00:00,1541,39.999999999054126,30.469613682432065,0,0,0
2025-11-04 16:45:00+00:00,1541,40.00000000087312,33.28296372879184,0,0,0
2025-11-04 17:00:00+00:00,1541,29.999999998835847,39.11768141089087,0,0,0
2025-11-04 17:15:00+00:00,1541,40.00000000087312,39.78451263628851,0,0,0
2025-11-04 17:30:00+00:00,1541,39.999999999054126,39.39047714463527,0,0,0
2025-11-04 17:45:00+00:00,1541,30.00000000065484,39.46483523704702,0,0,0
2025-11-04 18:00:00+00:00,1541,39.999999999054126,39.66247503233343,0,0,0
2025-11-04 18:15:00+00:00,1541,40.00000000087312,39.43913609430317,0,0,0
2025-11-04 18:30:00+00:00,1541,39.999999999054126,39.58070064216977,0,0,0
2025-11-04 18:45:00+00:00,1541,40.00000000087312,39.39491262773983,0,0,0
2025-11-04 19:00:00+00:00,1541,39.999999999054126,39.6636051532464,0,0,0
2025-11-04 19:15:00+00:00,1541,40.00000000087312,39.6758104591064,0,0,0
2025-11-04 19:30:00+00:00,1541,40.00000000087312,39.983102892240176,0,0,0
2025-11-04 19:45:00+00:00,1541,39.999999999054126,39.95526714483011,0,0,0
2025-11-04 20:00:00+00:00,1541,49.9999999992724,39.75826292181783,0,0,0
2025-11-04 20:15:00+00:00,1541,40.00000000087312,39.85077442656996,0,0,0
2025-11-04 20:30:00+00:00,1541,49.9999999992724,39.9432975223058,0,0,0
2025-11-04 20:45:00+00:00,1541,40.00000000087312,39.93420632740596,0,0,0
2025-11-04 21:00:00+00:00,1541,39.999999999054126,40.47935154202144,0,0,0
2025-11-04 21:15:00+00:00,1541,50.000000001091394,40.54552253626372,0,0,0
2025-11-04 21:30:00+00:00,1541,39.999999999054126,40.82076976306547,0,0,0
2025-11-04 21:45:00+00:00,1541,20.00000000043656,30.555612986162647,0,0,0
2025-11-04 22:00:00+00:00,1541,0.0,0.6646624567307668,0,0,0
2025-11-04 22:15:00+00:00,1541,20.00000000043656,0.3532552243754239,0,0,0
2025-11-04 22:30:00+00:00,1541,20.00000000043656,30.77494917114733,0,0,0
2025-11-04 22:45:00+00:00,1541,19.999999998617568,11.461882091287382,0,0,0
2025-11-04 23:00:00+00:00,1541,10.00000000021828,9.614636674553536,0,0,0
2025-11-04 23:15:00+00:00,1541,10.00000000021828,6.696382430011447,0,0,0
2025-11-04 23:30:00+00:00,1541,10.00000000021828,5.549904707184691,0,0,0
2025-11-04 23:45:00+00:00,1541,20.00000000043656,9.847352718415458,0,0,0
2025-11-05 00:00:00+00:00,1541,0.0,10.411937944564528,0,0,0
2025-11-05 00:15:00+00:00,1541,0.0,10.02185884202197,0,0,0
2025-11-05 00:30:00+00:00,1541,0.0,10.067442317342117,0,0,0
2025-11-05 00:45:00+00:00,1541,0.0,10.122540058467976,0,0,0
2025-11-05 01:00:00+00:00,1541,0.0,0.689386025011288,0,0,0
2025-11-05 01:15:00+00:00,1541,0.0,0.2186356075893485,0,0,0
2025-11-05 01:30:00+00:00,1541,0.0,0.1762087435030181,0,0,0
2025-11-05 01:45:00+00:00,1541,0.0,0.1732607699762134,0,0,0
2025-11-05 02:00:00+00:00,1541,0.0,0.1755132844796563,0,0,0
2025-11-05 02:15:00+00:00,1541,0.0,0.2003025350012741,0,0,0
2025-11-05 02:30:00+00:00,1541,10.00000000021828,0.1930504428521047,0,0,0
2025-11-05 02:45:00+00:00,1541,10.00000000021828,0.3700872645714064,0,0,0
2025-11-05 03:00:00+00:00,1541,0.0,3.490119285588907,0,0,0
2025-11-05 03:15:00+00:00,1541,9.99999999839929,7.2476167747425855,0,0,0
2025-11-05 03:30:00+00:00,1541,10.00000000021828,1.2526634018303149,0,0,0
2025-11-05 03:45:00+00:00,1541,0.0,3.2794840657187336,0,0,0
2025-11-05 04:00:00+00:00,1541,10.00000000021828,9.767517886194732,0,0,0
2025-11-05 04:15:00+00:00,1541,0.0,2.9215003971043387,0,0,0
2025-11-05 04:30:00+00:00,1541,10.00000000021828,9.72701126174513,0,0,0
2025-11-05 04:45:00+00:00,1541,10.00000000021828,9.604793997542345,0,0,0
2025-11-05 05:00:00+00:00,1541,10.00000000021828,9.55758971633164,0,0,0
2025-11-05 05:15:00+00:00,1541,0.0,3.8353915087207433,0,0,0
2025-11-05 05:30:00+00:00,1541,10.00000000021828,9.807081777301551,0,0,0
2025-11-05 05:45:00+00:00,1541,0.0,9.692191946642131,0,0,0
2025-11-05 06:00:00+00:00,1541,10.00000000021828,9.70168882597227,0,0,0
2025-11-05 06:15:00+00:00,1541,129.99999999919964,48.45879144260559,0,0,0
2025-11-05 06:30:00+00:00,1541,120.00000000080036,64.17404228873703,0,0,0
2025-11-05 06:45:00+00:00,1541,49.9999999992724,65.32777017188234,0,0,0
2025-11-05 07:00:00+00:00,1541,39.999999999054126,66.61334163121212,0,0,0
2025-11-05 07:15:00+00:00,1541,50.000000001091394,53.31244246692329,0,0,0
2025-11-05 07:30:00+00:00,1541,100.0000000003638,68.82936771789807,0,0,0
2025-11-05 07:45:00+00:00,1541,69.99999999970896,68.32772539702451,0,0,0
2025-11-05 08:00:00+00:00,1541,69.99999999970896,65.85845949796499,0,0,0
2025-11-05 08:15:00+00:00,1541,59.99999999949068,64.64207848413724,0,0,0
2025-11-05 09:00:00+00:00,1541,49.9999999992724,61.4725239851645,0,0,0
2025-11-05 09:15:00+00:00,1541,60.00000000130967,55.01377092140267,0,0,0
2025-11-05 09:30:00+00:00,1541,59.99999999949068,53.82164210918405,0,0,0
2025-11-05 09:45:00+00:00,1541,49.9999999992724,53.056204453426766,0,0,0
2025-11-05 10:00:00+00:00,1541,59.99999999949068,49.76936658565587,0,0,0
2025-11-05 10:15:00+00:00,1541,40.00000000087312,43.864681862145375,0,0,0
2025-11-05 10:30:00+00:00,1541,69.99999999970896,42.03617327059928,0,0,0
2025-11-05 10:45:00+00:00,1541,0.0,49.99257222737331,0,0,0
2025-11-05 11:00:00+00:00,1541,40.00000000087312,31.0762799749864,0,0,0
2025-11-05 11:15:00+00:00,1541,49.9999999992724,36.18400149884448,0,0,0
2025-11-05 11:30:00+00:00,1541,40.00000000087312,41.56399136668758,0,0,0
2025-11-05 11:45:00+00:00,1541,39.999999999054126,38.780862878554125,0,0,0
2025-11-05 12:00:00+00:00,1541,40.00000000087312,38.72763128580762,0,0,0
2025-11-05 12:15:00+00:00,1541,39.999999999054126,36.96570710025658,0,0,0
2025-11-05 12:30:00+00:00,1541,20.00000000043656,32.31894740806661,0,0,0
2025-11-05 12:45:00+00:00,1541,30.00000000065484,29.218261704797616,0,0,0
2025-11-05 13:00:00+00:00,1541,19.999999998617568,29.200453124223,0,0,0
2025-11-05 13:15:00+00:00,1541,20.00000000043656,29.787277584474687,0,0,0
2025-11-05 13:30:00+00:00,1541,0.0,26.397461553650068,0,0,0
2025-11-05 13:45:00+00:00,1541,0.0,4.967971642063979,0,0,0
2025-11-05 14:00:00+00:00,1541,0.0,0.3258251613956524,0,0,0
2025-11-05 14:15:00+00:00,1541,20.00000000043656,0.3249925423982382,0,0,0
2025-11-05 14:30:00+00:00,1541,79.99999999992724,40.10183127034243,0,0,0
2025-11-05 14:45:00+00:00,1541,49.9999999992724,54.14084234626229,0,0,0
2025-11-05 15:00:00+00:00,1541,30.00000000065484,33.55949948661744,0,0,0
2025-11-05 15:15:00+00:00,1541,20.00000000043656,21.59939798952051,0,0,0
2025-11-05 15:30:00+00:00,1541,29.999999998835847,16.446520890824715,0,0,0
2025-11-05 15:45:00+00:00,1541,30.00000000065484,38.51589878614503,0,0,0
2025-11-05 16:00:00+00:00,1541,39.999999999054126,30.35002563970371,0,0,0
2025-11-05 16:15:00+00:00,1541,20.00000000043656,20.3087332587599,0,0,0
2025-11-05 16:30:00+00:00,1541,30.00000000065484,11.990797030945153,0,0,0
2025-11-05 16:45:00+00:00,1541,39.999999999054126,21.74634365158037,0,0,0
2025-11-05 17:00:00+00:00,1541,40.00000000087312,45.3005033798113,0,0,0
2025-11-05 17:15:00+00:00,1541,39.999999999054126,33.90034974945906,0,0,0
2025-11-05 17:30:00+00:00,1541,40.00000000087312,30.062237934429305,0,0,0
2025-11-05 17:45:00+00:00,1541,30.00000000065484,30.19004398461705,0,0,0
2025-11-05 18:00:00+00:00,1541,39.999999999054126,31.91205365180366,0,0,0
2025-11-05 18:15:00+00:00,1541,40.00000000087312,35.373301051650046,0,0,0
2025-11-05 18:30:00+00:00,1541,39.999999999054126,37.88937134298184,0,0,0
2025-11-05 18:45:00+00:00,1541,40.00000000087312,39.337040777842994,0,0,0
2025-11-05 19:00:00+00:00,1541,49.9999999992724,39.126162147314645,0,0,0
2025-11-05 19:15:00+00:00,1541,40.00000000087312,40.06222101530072,0,0,0
2025-11-05 19:30:00+00:00,1541,49.9999999992724,39.95072347921081,0,0,0
2025-11-05 19:45:00+00:00,1541,49.9999999992724,39.95196564629976,0,0,0
2025-11-05 20:00:00+00:00,1541,40.00000000087312,40.37488393755935,0,0,0
2025-11-05 20:15:00+00:00,1541,49.9999999992724,40.54560174131916,0,0,0
2025-11-05 20:30:00+00:00,1541,50.000000001091394,40.96364795575398,0,0,0
2025-11-05 20:45:00+00:00,1541,49.9999999992724,41.72711900793964,0,0,0
2025-11-05 21:00:00+00:00,1541,50.000000001091394,41.66205302081226,0,0,0
2025-11-05 21:15:00+00:00,1541,49.9999999992724,43.02961330350458,0,0,0
2025-11-05 21:30:00+00:00,1541,59.99999999949068,42.86240949964337,0,0,0
2025-11-05 21:45:00+00:00,1541,20.00000000043656,41.29876647714472,0,0,0
2025-11-05 22:00:00+00:00,1541,0.0,2.3465528315071715,0,0,0
2025-11-05 22:15:00+00:00,1541,0.0,1.4015515195790371,0,0,0
2025-11-05 22:30:00+00:00,1541,0.0,21.985686840385743,0,0,0
2025-11-05 22:45:00+00:00,1541,10.00000000021828,12.03726335285884,0,0,0
2025-11-05 23:00:00+00:00,1541,0.0,9.968590544493676,0,0,0
2025-11-05 23:15:00+00:00,1541,10.00000000021828,4.548298826246743,0,0,0
2025-11-05 23:30:00+00:00,1541,19.999999998617568,6.36855850104352,0,0,0
2025-11-05 23:45:00+00:00,1541,10.00000000021828,10.1893195793557,0,0,0
2025-11-06 00:00:00+00:00,1541,10.00000000021828,9.866520341831569,0,0,0
2025-11-06 00:15:00+00:00,1541,10.00000000021828,9.874340392183148,0,0,0
2025-11-06 00:30:00+00:00,1541,10.00000000021828,10.014660841130173,0,0,0
2025-11-06 00:45:00+00:00,1541,10.00000000021828,10.141663249779814,0,0,0
2025-11-06 01:00:00+00:00,1541,20.00000000043656,10.250529632564668,0,0,0
2025-11-06 01:15:00+00:00,1541,10.00000000021828,10.170372184630324,0,0,0
2025-11-06 01:30:00+00:00,1541,9.99999999839929,10.450284782380464,0,0,0
2025-11-06 01:45:00+00:00,1541,20.00000000043656,10.651467555024777,0,0,0
2025-11-06 02:00:00+00:00,1541,20.00000000043656,10.361045798699386,0,0,0
2025-11-06 02:15:00+00:00,1541,20.00000000043656,10.37900023248585,0,0,0
2025-11-06 02:30:00+00:00,1541,19.999999998617568,10.4655346532983,0,0,0
2025-11-06 02:45:00+00:00,1541,10.00000000021828,10.619138369591544,0,0,0
2025-11-06 03:00:00+00:00,1541,10.00000000021828,18.310519142699107,0,0,0
2025-11-06 03:15:00+00:00,1541,20.00000000043656,13.743387576853484,0,0,0
2025-11-06 03:30:00+00:00,1541,20.00000000043656,10.794967797173062,0,0,0
2025-11-06 03:45:00+00:00,1541,10.00000000021828,16.25102542752701,0,0,0
2025-11-06 04:00:00+00:00,1541,19.999999998617568,15.280623440685885,0,0,0
2025-11-06 04:15:00+00:00,1541,20.00000000043656,10.713701478462582,0,0,0
2025-11-06 04:30:00+00:00,1541,10.00000000021828,11.168807931520115,0,0,0
2025-11-06 04:45:00+00:00,1541,30.00000000065484,18.695486621419956,0,0,0
2025-11-06 05:00:00+00:00,1541,19.999999998617568,10.672354507693086,0,0,0
2025-11-06 05:15:00+00:00,1541,20.00000000043656,20.427139021148538,0,0,0
2025-11-06 05:30:00+00:00,1541,20.00000000043656,24.232124287656468,0,0,0
2025-11-06 05:45:00+00:00,1541,20.00000000043656,25.328860752710213,0,0,0
2025-11-06 06:00:00+00:00,1541,19.999999998617568,21.38947030261508,0,0,0
2025-11-06 06:15:00+00:00,1541,120.00000000080036,39.29369243055071,0,0,0
2025-11-06 06:30:00+00:00,1541,139.99999999941792,51.99698172423389,0,0,0
2025-11-06 06:45:00+00:00,1541,50.000000001091394,55.48161779740207,0,0,0
2025-11-06 07:00:00+00:00,1541,49.9999999992724,54.99578171466503,0,0,0
2025-11-06 07:15:00+00:00,1541,50.000000001091394,52.42959973703876,0,0,0
2025-11-06 07:30:00+00:00,1541,119.99999999898137,70.44256219581126,0,0,0
2025-11-06 07:45:00+00:00,1541,79.99999999992724,79.96909126230742,0,0,0
2025-11-06 08:00:00+00:00,1541,90.00000000014552,88.84928389445828,0,0,0
2025-11-06 08:15:00+00:00,1541,90.00000000014552,89.84219074211235,0,0,0
2025-11-06 08:30:00+00:00,1541,100.0000000003638,90.82591753065805,0,0,0
2025-11-06 08:45:00+00:00,1541,90.00000000014552,80.08517110062903,0,0,0
2025-11-06 09:00:00+00:00,1541,59.99999999949068,84.36568275281032,0,0,0
2025-11-06 09:15:00+00:00,1541,59.99999999949068,85.47781445903608,0,0,0
2025-11-06 09:30:00+00:00,1541,69.99999999970896,76.49889755485772,0,0,0
2025-11-06 09:45:00+00:00,1541,60.00000000130967,62.992812864879,0,0,0
2025-11-06 10:00:00+00:00,1541,39.999999999054126,55.0334987756987,0,0,0
2025-11-06 10:15:00+00:00,1541,100.0000000003638,46.91166943557303,0,0,0
2025-11-06 10:30:00+00:00,1541,49.9999999992724,63.67783227556818,0,0,0
2025-11-06 10:45:00+00:00,1541,30.00000000065484,51.83508659091767,0,0,0
2025-11-06 11:00:00+00:00,1541,40.00000000087312,40.39876522768935,0,0,0
2025-11-06 11:15:00+00:00,1541,39.999999999054126,48.71242534842574,0,0,0
2025-11-06 11:30:00+00:00,1541,49.9999999992724,50.19372602255831,0,0,0
2025-11-06 11:45:00+00:00,1541,50.000000001091394,43.29434557623922,0,0,0
2025-11-06 12:00:00+00:00,1541,49.9999999992724,40.542914564926114,0,0,0
2025-11-06 12:15:00+00:00,1541,50.000000001091394,42.7902981262432,0,0,0
2025-11-06 12:30:00+00:00,1541,49.9999999992724,39.65307474453432,0,0,0
2025-11-06 12:45:00+00:00,1541,40.00000000087312,39.80827415292005,0,0,0
2025-11-06 13:00:00+00:00,1541,39.999999999054126,43.92970341716849,0,0,0
2025-11-06 13:15:00+00:00,1541,50.000000001091394,40.477255505798254,0,0,0
2025-11-06 13:30:00+00:00,1541,29.999999998835847,39.82617449544914,0,0,0
2025-11-06 13:45:00+00:00,1541,30.00000000065484,30.336946180487956,0,0,0
2025-11-06 14:00:00+00:00,1541,20.00000000043656,30.017101677897795,0,0,0
2025-11-06 14:15:00+00:00,1541,29.999999998835847,32.8720189237178,0,0,0
2025-11-06 14:30:00+00:00,1541,30.00000000065484,30.74560369810738,0,0,0
2025-11-06 14:45:00+00:00,1541,29.999999998835847,30.733096060755276,0,0,0
2025-11-06 15:00:00+00:00,1541,30.00000000065484,33.03576281893779,0,0,0
2025-11-06 15:15:00+00:00,1541,30.00000000065484,29.96067193955913,0,0,0
2025-11-06 15:30:00+00:00,1541,29.999999998835847,28.58332790068954,0,0,0
2025-11-06 15:45:00+00:00,1541,40.00000000087312,30.452846358561864,0,0,0
2025-11-06 16:00:00+00:00,1541,20.00000000043656,40.40380730560873,0,0,0
2025-11-06 16:15:00+00:00,1541,49.9999999992724,39.35389600000642,0,0,0
2025-11-06 16:30:00+00:00,1541,49.9999999992724,39.3761970526889,0,0,0
2025-11-06 16:45:00+00:00,1541,40.00000000087312,40.805205003756505,0,0,0
2025-11-06 17:00:00+00:00,1541,40.00000000087312,40.87188986494383,0,0,0
2025-11-06 17:15:00+00:00,1541,49.9999999992724,40.327067266041965,0,0,0
2025-11-06 17:30:00+00:00,1541,49.9999999992724,41.018307171329,0,0,0
2025-11-06 17:45:00+00:00,1541,50.000000001091394,47.86049190846842,0,0,0
2025-11-06 18:00:00+00:00,1541,59.99999999949068,48.729448639853146,0,0,0
2025-11-06 18:15:00+00:00,1541,49.9999999992724,51.2689327183048,0,0,0
2025-11-06 18:30:00+00:00,1541,50.000000001091394,45.96350378508859,0,0,0
2025-11-06 18:45:00+00:00,1541,59.99999999949068,43.69054665001799,0,0,0
2025-11-06 19:00:00+00:00,1541,49.9999999992724,50.0417025437126,0,0,0
2025-11-06 19:15:00+00:00,1541,50.000000001091394,51.836550918527976,0,0,0
2025-11-06 19:30:00+00:00,1541,49.9999999992724,49.75889220003178,0,0,0
2025-11-06 19:45:00+00:00,1541,60.00000000130967,49.83970647037708,0,0,0
2025-11-06 20:00:00+00:00,1541,49.9999999992724,50.707422966503486,0,0,0
2025-11-06 20:15:00+00:00,1541,49.9999999992724,51.98739598069521,0,0,0
2025-11-06 20:30:00+00:00,1541,60.00000000130967,50.48263129184665,0,0,0
2025-11-06 20:45:00+00:00,1541,59.99999999949068,51.50344922830497,0,0,0
2025-11-06 21:00:00+00:00,1541,59.99999999949068,53.70182611044248,0,0,0
2025-11-06 21:15:00+00:00,1541,59.99999999949068,54.857207640598894,0,0,0
2025-11-06 21:30:00+00:00,1541,50.000000001091394,55.12551186815075,0,0,0
2025-11-06 21:45:00+00:00,1541,30.00000000065484,49.39730953097149,0,0,0
2025-11-06 22:00:00+00:00,1541,0.0,10.249185078452836,0,0,0
2025-11-06 22:15:00+00:00,1541,0.0,9.556619937360177,0,0,0
2025-11-06 22:30:00+00:00,1541,9.99999999839929,26.898532052659974,0,0,0
2025-11-06 22:45:00+00:00,1541,20.00000000043656,21.786651297476062,0,0,0
2025-11-06 23:00:00+00:00,1541,0.0,20.05667765855665,0,0,0
2025-11-06 23:15:00+00:00,1541,10.00000000021828,10.455137540899038,0,0,0
2025-11-06 23:30:00+00:00,1541,10.00000000021828,9.930950756684824,0,0,0
2025-11-06 23:45:00+00:00,1541,10.00000000021828,10.116723316469802,0,0,0
2025-11-07 00:00:00+00:00,1541,10.00000000021828,10.090879286429416,0,0,0
2025-11-07 00:15:00+00:00,1541,10.00000000021828,10.218306697815557,0,0,0
2025-11-07 00:30:00+00:00,1541,9.99999999839929,10.374068268911842,0,0,0
2025-11-07 00:45:00+00:00,1541,20.00000000043656,10.472238105551265,0,0,0
2025-11-07 01:00:00+00:00,1541,10.00000000021828,10.443666330674803,0,0,0
2025-11-07 01:15:00+00:00,1541,20.00000000043656,10.506860373930971,0,0,0
2025-11-07 01:30:00+00:00,1541,20.00000000043656,10.448913182639943,0,0,0
2025-11-07 01:45:00+00:00,1541,9.99999999839929,10.586927025826151,0,0,0
2025-11-07 02:00:00+00:00,1541,10.00000000021828,16.471965031926665,0,0,0
2025-11-07 02:15:00+00:00,1541,20.00000000043656,10.35785055085316,0,0,0
2025-11-07 02:30:00+00:00,1541,20.00000000043656,11.077299046860006,0,0,0
2025-11-07 02:45:00+00:00,1541,20.00000000043656,15.782943834107224,0,0,0
2025-11-07 03:00:00+00:00,1541,10.00000000021828,19.60410480135784,0,0,0
2025-11-07 03:15:00+00:00,1541,9.99999999839929,10.618060408105327,0,0,0
2025-11-07 03:30:00+00:00,1541,10.00000000021828,9.958305478270397,0,0,0
2025-11-07 03:45:00+00:00,1541,20.00000000043656,1.5307195103542028,0,0,0
2025-11-07 04:00:00+00:00,1541,10.00000000021828,10.166705570112711,0,0,0
2025-11-07 04:15:00+00:00,1541,10.00000000021828,10.172224810195338,0,0,0
2025-11-07 04:30:00+00:00,1541,10.00000000021828,10.225158901026294,0,0,0
2025-11-07 04:45:00+00:00,1541,10.00000000021828,10.273251824322404,0,0,0
2025-11-07 05:00:00+00:00,1541,9.99999999839929,10.328790022829727,0,0,0
2025-11-07 05:15:00+00:00,1541,10.00000000021828,10.289342041560133,0,0,0
2025-11-07 05:30:00+00:00,1541,10.00000000021828,10.37406247341998,0,0,0
2025-11-07 05:45:00+00:00,1541,10.00000000021828,10.406271885354748,0,0,0
2025-11-07 06:00:00+00:00,1541,10.00000000021828,10.179901905081008,0,0,0
2025-11-07 06:15:00+00:00,1541,110.00000000058208,55.75883935509792,0,0,0
2025-11-07 06:30:00+00:00,1541,109.99999999876307,71.01977000323436,0,0,0
2025-11-07 06:45:00+00:00,1541,50.000000001091394,71.19495613121927,0,0,0
2025-11-07 07:00:00+00:00,1541,29.999999998835847,66.50029863062586,0,0,0
2025-11-07 07:15:00+00:00,1541,40.00000000087312,47.18422369048987,0,0,0
2025-11-07 07:30:00+00:00,1541,100.0000000003638,70.69776474809522,0,0,0
2025-11-07 07:45:00+00:00,1541,59.99999999949068,71.75948340244972,0,0,0
2025-11-07 08:00:00+00:00,1541,90.00000000014552,70.43340531867032,0,0,0
2025-11-07 08:15:00+00:00,1541,59.99999999949068,68.89519677812054,0,0,0
2025-11-07 08:30:00+00:00,1541,79.99999999992724,70.43514396622874,0,0,0
2025-11-07 08:45:00+00:00,1541,50.000000001091394,63.20936335010899,0,0,0
2025-11-07 09:00:00+00:00,1541,69.99999999970896,67.96188304144611,0,0,0
2025-11-07 09:15:00+00:00,1541,69.99999999970896,64.47599514203588,0,0,0
2025-11-07 09:30:00+00:00,1541,49.9999999992724,67.52974798629636,0,0,0
2025-11-07 09:45:00+00:00,1541,69.99999999970896,58.36307066862458,0,0,0
2025-11-07 10:00:00+00:00,1541,50.000000001091394,60.50377274758854,0,0,0
2025-11-07 10:15:00+00:00,1541,59.99999999949068,55.159998908387024,0,0,0
2025-11-07 10:30:00+00:00,1541,50.000000001091394,51.84627189021008,0,0,0
2025-11-07 10:45:00+00:00,1541,59.99999999949068,50.86235964592483,0,0,0
2025-11-07 11:00:00+00:00,1541,49.9999999992724,51.72197404442907,0,0,0
2025-11-07 11:15:00+00:00,1541,50.000000001091394,51.591664341757216,0,0,0
2025-11-07 11:30:00+00:00,1541,39.999999999054126,48.79839567469702,0,0,0
2025-11-07 11:45:00+00:00,1541,40.00000000087312,49.121104116182,0,0,0
2025-11-07 12:00:00+00:00,1541,10.00000000021828,48.547176557152426,0,0,0
2025-11-07 12:15:00+00:00,1541,49.9999999992724,41.64868282108812,0,0,0
2025-11-07 12:30:00+00:00,1541,30.00000000065484,40.879294571712016,0,0,0
2025-11-07 12:45:00+00:00,1541,19.999999998617568,38.36670737098889,0,0,0
2025-11-07 13:00:00+00:00,1541,20.00000000043656,29.781433796847825,0,0,0
2025-11-07 13:15:00+00:00,1541,20.00000000043656,29.436041800217524,0,0,0
2025-11-07 13:30:00+00:00,1541,10.00000000021828,29.71777997790399,0,0,0
2025-11-07 13:45:00+00:00,1541,10.00000000021828,29.713041197392027,0,0,0
2025-11-07 14:00:00+00:00,1541,49.9999999992724,25.945414154380018,0,0,0
2025-11-07 14:15:00+00:00,1541,40.00000000087312,50.71034003074036,0,0,0
2025-11-07 14:30:00+00:00,1541,39.999999999054126,28.08272587060509,0,0,0
2025-11-07 14:45:00+00:00,1541,30.00000000065484,29.52974234671653,0,0,0
2025-11-07 15:00:00+00:00,1541,29.999999998835847,30.29496653519026,0,0,0
2025-11-07 15:15:00+00:00,1541,40.00000000087312,30.43274469504077,0,0,0
2025-11-07 15:30:00+00:00,1541,39.999999999054126,32.88171671343246,0,0,0
2025-11-07 15:45:00+00:00,1541,40.00000000087312,30.64262360322304,0,0,0
2025-11-07 16:00:00+00:00,1541,30.00000000065484,30.18301405298924,0,0,0
2025-11-07 16:15:00+00:00,1541,39.999999999054126,30.120868027844654,0,0,0
2025-11-07 16:30:00+00:00,1541,30.00000000065484,30.196951245000477,0,0,0
2025-11-07 16:45:00+00:00,1541,39.999999999054126,30.607214113865496,0,0,0
2025-11-07 17:00:00+00:00,1541,40.00000000087312,34.672085173039015,0,0,0
2025-11-07 17:45:00+00:00,1541,49.9999999992724,39.20631766341837,0,0,0
2025-11-07 18:00:00+00:00,1541,40.00000000087312,38.879515672848655,0,0,0
2025-11-07 18:15:00+00:00,1541,39.999999999054126,38.20706475217612,0,0,0
2025-11-07 18:30:00+00:00,1541,30.00000000065484,38.84596943412454,0,0,0
2025-11-07 18:45:00+00:00,1541,40.00000000087312,39.80909518093374,0,0,0
2025-11-07 19:00:00+00:00,1541,29.999999998835847,39.89652403932346,0,0,0
2025-11-07 19:15:00+00:00,1541,40.00000000087312,39.99937470155623,0,0,0
2025-11-07 19:30:00+00:00,1541,39.999999999054126,40.03980405278101,0,0,0
2025-11-07 19:45:00+00:00,1541,40.00000000087312,40.11443839697149,0,0,0
2025-11-07 20:00:00+00:00,1541,39.999999999054126,39.86830385761992,0,0,0
2025-11-07 20:15:00+00:00,1541,40.00000000087312,39.89813132239967,0,0,0
2025-11-07 20:30:00+00:00,1541,39.999999999054126,39.85730980955893,0,0,0
2025-11-07 20:45:00+00:00,1541,50.000000001091394,40.32457134088034,0,0,0
2025-11-07 21:00:00+00:00,1541,29.999999998835847,40.2786188859117,0,0,0
2025-11-07 21:15:00+00:00,1541,50.000000001091394,40.22352114478584,0,0,0
2025-11-07 21:30:00+00:00,1541,49.9999999992724,40.99711112576141,0,0,0
2025-11-07 21:45:00+00:00,1541,20.00000000043656,40.788454100446586,0,0,0
2025-11-07 22:00:00+00:00,1541,0.0,2.210142407735937,0,0,0
2025-11-07 22:15:00+00:00,1541,0.0,2.0369151560001626,0,0,0
2025-11-07 22:30:00+00:00,1541,0.0,6.449206633955456,0,0,0
2025-11-07 22:45:00+00:00,1541,0.0,11.092637781986385,0,0,0
2025-11-07 23:00:00+00:00,1541,0.0,9.448402649663796,0,0,0
2025-11-07 23:15:00+00:00,1541,0.0,9.643478905716862,0,0,0
2025-11-07 23:30:00+00:00,1541,10.00000000021828,9.914024056788438,0,0,0
2025-11-07 23:45:00+00:00,1541,10.00000000021828,10.215387701748057,0,0,0
2025-11-08 00:00:00+00:00,1541,0.0,9.947100860671783,0,0,0
2025-11-08 00:15:00+00:00,1541,10.00000000021828,9.760252271231217,0,0,0
2025-11-08 00:30:00+00:00,1541,0.0,8.589758030131023,0,0,0
2025-11-08 00:45:00+00:00,1541,9.99999999839929,9.72336782919496,0,0,0
2025-11-08 01:00:00+00:00,1541,10.00000000021828,9.666699509774674,0,0,0
2025-11-08 01:15:00+00:00,1541,10.00000000021828,9.59255391873117,0,0,0
2025-11-08 01:30:00+00:00,1541,0.0,9.763719907194924,0,0,0
2025-11-08 01:45:00+00:00,1541,20.00000000043656,9.915347360763445,0,0,0
2025-11-08 02:00:00+00:00,1541,10.00000000021828,9.86023996048448,0,0,0
2025-11-08 02:15:00+00:00,1541,0.0,9.846355893815309,0,0,0
2025-11-08 02:30:00+00:00,1541,10.00000000021828,9.902340345195952,0,0,0
2025-11-08 02:45:00+00:00,1541,19.999999998617568,9.836323897403307,0,0,0
2025-11-08 03:00:00+00:00,1541,10.00000000021828,9.822242784010848,0,0,0
2025-11-08 03:15:00+00:00,1541,20.00000000043656,9.98110301142233,0,0,0
2025-11-08 03:30:00+00:00,1541,0.0,9.93381372966433,0,0,0
2025-11-08 03:45:00+00:00,1541,20.00000000043656,10.086482439937274,0,0,0
2025-11-08 04:00:00+00:00,1541,10.00000000021828,10.016221760271495,0,0,0
2025-11-08 04:15:00+00:00,1541,10.00000000021828,10.012495259004648,0,0,0
2025-11-08 04:30:00+00:00,1541,9.99999999839929,10.027766380059308,0,0,0
2025-11-08 04:45:00+00:00,1541,0.0,10.052298697108403,0,0,0
2025-11-08 05:00:00+00:00,1541,20.00000000043656,10.183941362908367,0,0,0
2025-11-08 05:15:00+00:00,1541,10.00000000021828,10.146040777965757,0,0,0
2025-11-08 05:30:00+00:00,1541,10.00000000021828,10.220773645517871,0,0,0
2025-11-08 05:45:00+00:00,1541,20.00000000043656,10.072167575039735,0,0,0
2025-11-08 06:00:00+00:00,1541,10.00000000021828,10.094167262145422,0,0,0
2025-11-08 06:15:00+00:00,1541,10.00000000021828,10.013333673493923,0,0,0
2025-11-08 06:30:00+00:00,1541,9.99999999839929,10.22594515608882,0,0,0
2025-11-08 06:45:00+00:00,1541,10.00000000021828,10.067011519113755,0,0,0
2025-11-08 07:00:00+00:00,1541,10.00000000021828,9.998953126355293,0,0,0
2025-11-08 07:15:00+00:00,1541,20.00000000043656,10.060232725466594,0,0,0
2025-11-08 07:30:00+00:00,1541,30.00000000065484,10.179393833627827,0,0,0
2025-11-08 07:45:00+00:00,1541,39.999999999054126,41.2934268973098,0,0,0
2025-11-08 08:00:00+00:00,1541,40.00000000087312,21.78617655010109,0,0,0
2025-11-08 08:15:00+00:00,1541,39.999999999054126,26.224381121041446,0,0,0
2025-11-08 08:30:00+00:00,1541,30.00000000065484,53.067354979768,0,0,0
2025-11-08 08:45:00+00:00,1541,39.999999999054126,31.501344530065317,0,0,0
2025-11-08 09:00:00+00:00,1541,40.00000000087312,31.004359852817657,0,0,0
2025-11-08 09:15:00+00:00,1541,39.999999999054126,39.6277754907289,0,0,0
2025-11-08 09:30:00+00:00,1541,30.00000000065484,66.11244113329683,0,0,0
2025-11-08 09:45:00+00:00,1541,139.99999999941792,69.11113680487446,0,0,0
2025-11-08 10:00:00+00:00,1541,170.00000000007276,81.29516161876433,0,0,0
2025-11-08 10:15:00+00:00,1541,69.99999999970896,85.68982127864678,0,0,0
2025-11-08 10:30:00+00:00,1541,70.00000000152795,88.74290184585132,0,0,0
2025-11-08 10:45:00+00:00,1541,59.99999999949068,80.61996363494951,0,0,0
2025-11-08 11:00:00+00:00,1541,39.999999999054126,78.41861173365652,0,0,0
2025-11-08 11:15:00+00:00,1541,60.00000000130967,72.87306784530207,0,0,0
2025-11-08 11:30:00+00:00,1541,49.9999999992724,65.44202636209825,0,0,0
2025-11-08 11:45:00+00:00,1541,49.9999999992724,59.46775709963913,0,0,0
2025-11-08 12:00:00+00:00,1541,50.000000001091394,47.271270046416745,0,0,0
2025-11-08 12:15:00+00:00,1541,49.9999999992724,42.55896527310553,0,0,0
2025-11-08 12:30:00+00:00,1541,50.000000001091394,53.7115007181897,0,0,0
2025-11-08 12:45:00+00:00,1541,39.999999999054126,53.29308552410637,0,0,0
2025-11-08 13:00:00+00:00,1541,40.00000000087312,40.97340756404849,0,0,0
2025-11-08 13:15:00+00:00,1541,39.999999999054126,42.86828612839078,0,0,0
2025-11-08 13:30:00+00:00,1541,40.00000000087312,45.03821873647277,0,0,0
2025-11-08 13:45:00+00:00,1541,39.999999999054126,44.49174635422105,0,0,0
2025-11-08 14:00:00+00:00,1541,40.00000000087312,43.010588635554384,0,0,0
2025-11-08 14:15:00+00:00,1541,39.999999999054126,43.01508207357755,0,0,0
2025-11-08 14:45:00+00:00,1541,39.999999999054126,52.31155329514553,0,0,0
2025-11-08 15:00:00+00:00,1541,50.000000001091394,49.07355403729023,0,0,0
2025-11-08 15:15:00+00:00,1541,39.999999999054126,40.47466298910561,0,0,0
2025-11-08 15:30:00+00:00,1541,30.00000000065484,39.03646531977652,0,0,0
2025-11-08 15:45:00+00:00,1541,40.00000000087312,37.85772795741887,0,0,0
2025-11-08 16:00:00+00:00,1541,39.999999999054126,40.57358044419514,0,0,0
2025-11-08 16:15:00+00:00,1541,40.00000000087312,41.678303579991486,0,0,0
2025-11-08 16:30:00+00:00,1541,39.999999999054126,39.77890260016672,0,0,0
2025-11-08 16:45:00+00:00,1541,49.9999999992724,40.46432383162495,0,0,0
2025-11-08 17:00:00+00:00,1541,30.00000000065484,41.726369457658905,0,0,0
2025-11-08 17:15:00+00:00,1541,40.00000000087312,39.0909043066608,0,0,0
2025-11-08 17:30:00+00:00,1541,39.999999999054126,39.34409002777702,0,0,0
2025-11-08 17:45:00+00:00,1541,40.00000000087312,40.46857385898995,0,0,0
2025-11-08 18:00:00+00:00,1541,29.999999998835847,40.2821522041165,0,0,0
2025-11-08 18:15:00+00:00,1541,50.000000001091394,37.32302428730692,0,0,0
2025-11-08 18:30:00+00:00,1541,39.999999999054126,41.93383067981968,0,0,0
2025-11-08 18:45:00+00:00,1541,40.00000000087312,41.35162136292024,0,0,0
2025-11-08 19:00:00+00:00,1541,39.999999999054126,39.80223911406176,0,0,0
2025-11-08 19:15:00+00:00,1541,40.00000000087312,39.89340220104081,0,0,0
2025-11-08 19:30:00+00:00,1541,39.999999999054126,40.069894246525145,0,0,0
2025-11-08 19:45:00+00:00,1541,20.00000000043656,39.95394577268572,0,0,0
2025-11-08 20:00:00+00:00,1541,0.0,1.0198971303722608,0,0,0
2025-11-08 20:15:00+00:00,1541,0.0,0.6061492390679497,0,0,0
2025-11-08 20:30:00+00:00,1541,0.0,0.861332473045703,0,0,0
2025-11-08 20:45:00+00:00,1541,10.00000000021828,2.821574526430929,0,0,0
2025-11-08 21:00:00+00:00,1541,30.00000000065484,9.691036711931105,0,0,0
2025-11-08 21:15:00+00:00,1541,29.999999998835847,26.227450799897344,0,0,0
2025-11-08 21:30:00+00:00,1541,20.00000000043656,20.89439862063932,0,0,0
2025-11-08 21:45:00+00:00,1541,30.00000000065484,19.612961278837293,0,0,0
2025-11-08 22:00:00+00:00,1541,29.999999998835847,19.53307815085105,0,0,0
2025-11-08 22:15:00+00:00,1541,20.00000000043656,20.279524945694003,0,0,0
2025-11-08 22:30:00+00:00,1541,20.00000000043656,11.625867465334924,0,0,0
2025-11-08 22:45:00+00:00,1541,10.00000000021828,9.725801935776726,0,0,0
2025-11-08 23:00:00+00:00,1541,0.0,9.794660106412056,0,0,0
2025-11-08 23:15:00+00:00,1541,0.0,9.573940730703132,0,0,0
2025-11-08 23:30:00+00:00,1541,10.00000000021828,9.735061199940546,0,0,0
2025-11-08 23:45:00+00:00,1541,0.0,9.871844467021525,0,0,0
2025-11-09 00:00:00+00:00,1541,9.99999999839929,10.018874163713374,0,0,0
2025-11-09 00:15:00+00:00,1541,0.0,9.78314060042231,0,0,0
2025-11-09 00:30:00+00:00,1541,10.00000000021828,10.053799729500495,0,0,0
2025-11-09 00:45:00+00:00,1541,0.0,9.846738396278155,0,0,0
2025-11-09 01:00:00+00:00,1541,0.0,10.01028138111361,0,0,0
2025-11-09 01:15:00+00:00,1541,10.00000000021828,9.999192673352226,0,0,0
2025-11-09 01:30:00+00:00,1541,10.00000000021828,2.727384260869634,0,0,0
2025-11-09 01:45:00+00:00,1541,0.0,9.712601737147192,0,0,0
2025-11-09 02:00:00+00:00,1541,10.00000000021828,9.920480234721982,0,0,0
2025-11-09 02:15:00+00:00,1541,0.0,6.517653324668629,0,0,0
2025-11-09 02:30:00+00:00,1541,10.00000000021828,9.81029247979274,0,0,0
2025-11-09 02:45:00+00:00,1541,0.0,8.045491798447848,0,0,0
2025-11-09 03:00:00+00:00,1541,0.0,9.821754030863872,0,0,0
2025-11-09 03:15:00+00:00,1541,10.00000000021828,9.894837115066125,0,0,0
2025-11-09 03:30:00+00:00,1541,0.0,3.0365563651971144,0,0,0
2025-11-09 03:45:00+00:00,1541,10.00000000021828,9.87684211283663,0,0,0
2025-11-09 04:00:00+00:00,1541,0.0,1.031453341143795,0,0,0
2025-11-09 04:15:00+00:00,1541,9.99999999839929,9.812662835964034,0,0,0
2025-11-09 04:30:00+00:00,1541,0.0,0.5680921758450772,0,0,0
2025-11-09 04:45:00+00:00,1541,10.00000000021828,9.772136893208229,0,0,0
2025-11-09 05:00:00+00:00,1541,0.0,0.365452802912948,0,0,0
2025-11-09 05:15:00+00:00,1541,10.00000000021828,4.394484540415874,0,0,0
2025-11-09 05:30:00+00:00,1541,0.0,0.6904446681912937,0,0,0
2025-11-09 05:45:00+00:00,1541,10.00000000021828,9.676791392935904,0,0,0
2025-11-09 06:00:00+00:00,1541,0.0,0.6347016956382028,0,0,0
2025-11-09 06:15:00+00:00,1541,10.00000000021828,8.164884726283539,0,0,0
2025-11-09 07:15:00+00:00,1541,10.00000000021828,0.6914241063158642,0,0,0
2025-11-09 07:30:00+00:00,1541,20.00000000043656,4.117682189964658,0,0,0
2025-11-09 07:45:00+00:00,1541,29.999999998835847,20.85536984661437,0,0,0
2025-11-09 08:00:00+00:00,1541,20.00000000043656,32.6203641783683,0,0,0
2025-11-09 08:15:00+00:00,1541,30.00000000065484,12.84008579478308,0,0,0
2025-11-09 08:30:00+00:00,1541,19.999999998617568,15.928233917325358,0,0,0
2025-11-09 08:45:00+00:00,1541,20.00000000043656,16.61351895472485,0,0,0
2025-11-09 09:00:00+00:00,1541,30.00000000065484,13.94763326694652,0,0,0
2025-11-09 09:15:00+00:00,1541,29.999999998835847,37.49473698383626,0,0,0
2025-11-09 09:30:00+00:00,1541,20.00000000043656,37.2824403896325,0,0,0
2025-11-09 09:45:00+00:00,1541,130.00000000101863,41.72646218552869,0,0,0
2025-11-09 10:00:00+00:00,1541,159.99999999985448,77.23488638463687,0,0,0
2025-11-09 10:15:00+00:00,1541,69.99999999970896,81.68144274230708,0,0,0
2025-11-09 10:30:00+00:00,1541,49.9999999992724,81.98614652240946,0,0,0
2025-11-09 10:45:00+00:00,1541,40.00000000087312,70.42032296170864,0,0,0
2025-11-09 11:00:00+00:00,1541,29.999999998835847,62.04895906033941,0,0,0
2025-11-09 11:15:00+00:00,1541,40.00000000087312,53.62153150253408,0,0,0
2025-11-09 11:30:00+00:00,1541,39.999999999054126,44.852247198133895,0,0,0
2025-11-09 11:45:00+00:00,1541,30.00000000065484,40.14381381338605,0,0,0
2025-11-09 12:00:00+00:00,1541,40.00000000087312,29.962017459586274,0,0,0
2025-11-09 12:15:00+00:00,1541,39.999999999054126,29.448539778416528,0,0,0
2025-11-09 12:30:00+00:00,1541,40.00000000087312,39.92731548758282,0,0,0
2025-11-09 12:45:00+00:00,1541,29.999999998835847,43.61252967041111,0,0,0
2025-11-09 13:00:00+00:00,1541,40.00000000087312,30.247711060468117,0,0,0
2025-11-09 13:15:00+00:00,1541,29.999999998835847,30.28535567785352,0,0,0
2025-11-09 13:30:00+00:00,1541,40.00000000087312,30.544267344928745,0,0,0
2025-11-09 13:45:00+00:00,1541,30.00000000065484,30.45156265711457,0,0,0
2025-11-09 14:00:00+00:00,1541,39.999999999054126,39.27407855426128,0,0,0
2025-11-09 14:15:00+00:00,1541,40.00000000087312,29.76647659826899,0,0,0
2025-11-09 14:30:00+00:00,1541,29.999999998835847,36.553817630009135,0,0,0
2025-11-09 14:45:00+00:00,1541,40.00000000087312,35.22689147258736,0,0,0
2025-11-09 15:00:00+00:00,1541,29.999999998835847,36.93126256029395,0,0,0
2025-11-09 15:15:00+00:00,1541,40.00000000087312,30.30529603351781,0,0,0
2025-11-09 15:30:00+00:00,1541,39.999999999054126,32.953670642637064,0,0,0
2025-11-09 15:45:00+00:00,1541,30.00000000065484,39.93047982613911,0,0,0
2025-11-09 16:00:00+00:00,1541,40.00000000087312,39.85925129933249,0,0,0
2025-11-09 16:15:00+00:00,1541,39.999999999054126,39.35699851998287,0,0,0
2025-11-09 16:30:00+00:00,1541,40.00000000087312,40.31377627137327,0,0,0
2025-11-09 16:45:00+00:00,1541,39.999999999054126,40.73240783048608,0,0,0
2025-11-09 17:00:00+00:00,1541,40.00000000087312,39.9628611709991,0,0,0
2025-11-09 17:15:00+00:00,1541,39.999999999054126,39.520728892388505,0,0,0
2025-11-09 17:30:00+00:00,1541,50.000000001091394,39.9089495738742,0,0,0
2025-11-09 17:45:00+00:00,1541,49.9999999992724,40.40682482503787,0,0,0
2025-11-09 18:00:00+00:00,1541,49.9999999992724,41.01451691965167,0,0,0
2025-11-09 18:15:00+00:00,1541,40.00000000087312,40.01281251535208,0,0,0
2025-11-09 18:30:00+00:00,1541,39.999999999054126,39.763030679789104,0,0,0
2025-11-09 18:45:00+00:00,1541,50.000000001091394,40.881151060938265,0,0,0
2025-11-09 19:00:00+00:00,1541,39.999999999054126,41.12570343101169,0,0,0
2025-11-09 19:15:00+00:00,1541,50.000000001091394,40.33635937132633,0,0,0
2025-11-09 19:30:00+00:00,1541,49.9999999992724,40.57018042230315,0,0,0
2025-11-09 19:45:00+00:00,1541,20.00000000043656,40.52093419612663,0,0,0
2025-11-09 20:00:00+00:00,1541,0.0,-0.1795127514548298,0,0,0
2025-11-09 20:15:00+00:00,1541,0.0,0.28626320211945,0,0,0
2025-11-09 20:30:00+00:00,1541,0.0,0.4051673768081656,0,0,0
2025-11-09 20:45:00+00:00,1541,10.00000000021828,1.5458457441123272,0,0,0
2025-11-09 21:00:00+00:00,1541,39.999999999054126,9.399125514197348,0,0,0
2025-11-09 21:15:00+00:00,1541,30.00000000065484,33.75367550960137,0,0,0
2025-11-09 21:30:00+00:00,1541,20.00000000043656,21.30323193484521,0,0,0
2025-11-09 21:45:00+00:00,1541,29.999999998835847,17.70578564668053,0,0,0
2025-11-09 22:00:00+00:00,1541,30.00000000065484,19.18836422676853,0,0,0
2025-11-09 22:15:00+00:00,1541,30.00000000065484,20.616376319151293,0,0,0
2025-11-09 22:30:00+00:00,1541,19.999999998617568,19.947079111966648,0,0,0
2025-11-09 22:45:00+00:00,1541,20.00000000043656,10.599758244807184,0,0,0
2025-11-09 23:00:00+00:00,1541,20.00000000043656,9.685426675809316,0,0,0
2025-11-09 23:15:00+00:00,1541,10.00000000021828,9.845977255013697,0,0,0
2025-11-09 23:30:00+00:00,1541,10.00000000021828,10.037765535350758,0,0,0
2025-11-09 23:45:00+00:00,1541,19.999999998617568,10.586986912575387,0,0,0
2025-11-10 00:00:00+00:00,1541,20.00000000043656,10.252857488462311,0,0,0
2025-11-10 00:15:00+00:00,1541,10.00000000021828,10.39384441897339,0,0,0
2025-11-10 00:30:00+00:00,1541,10.00000000021828,18.94136326138369,0,0,0
2025-11-10 00:45:00+00:00,1541,20.00000000043656,20.234582838139847,0,0,0
2025-11-10 01:00:00+00:00,1541,19.999999998617568,20.161216740751694,0,0,0
2025-11-10 01:15:00+00:00,1541,10.00000000021828,20.176429906887744,0,0,0
2025-11-10 01:30:00+00:00,1541,20.00000000043656,11.031642161976286,0,0,0
2025-11-10 01:45:00+00:00,1541,20.00000000043656,10.457115735454376,0,0,0
2025-11-10 02:00:00+00:00,1541,10.00000000021828,11.838800597728124,0,0,0
2025-11-10 02:15:00+00:00,1541,20.00000000043656,11.857583786850762,0,0,0
2025-11-10 02:30:00+00:00,1541,19.999999998617568,10.16151667306618,0,0,0
2025-11-10 02:45:00+00:00,1541,20.00000000043656,10.22462378394443,0,0,0
2025-11-10 03:00:00+00:00,1541,20.00000000043656,10.751936270102531,0,0,0
2025-11-10 03:15:00+00:00,1541,10.00000000021828,11.4088320906192,0,0,0
2025-11-10 03:30:00+00:00,1541,19.999999998617568,18.19274122526212,0,0,0
2025-11-10 03:45:00+00:00,1541,10.00000000021828,17.779133391677785,0,0,0
2025-11-10 04:00:00+00:00,1541,20.00000000043656,19.093080545076063,0,0,0
2025-11-10 04:15:00+00:00,1541,10.00000000021828,11.95728073559565,0,0,0
2025-11-10 04:30:00+00:00,1541,20.00000000043656,16.870320096847234,0,0,0
2025-11-10 04:45:00+00:00,1541,10.00000000021828,10.618311546085987,0,0,0
2025-11-10 05:00:00+00:00,1541,19.999999998617568,18.692500977196048,0,0,0
2025-11-10 05:15:00+00:00,1541,20.00000000043656,10.9057408967803,0,0,0
2025-11-10 05:30:00+00:00,1541,10.00000000021828,27.7310815041717,0,0,0
2025-11-10 05:45:00+00:00,1541,20.00000000043656,20.336611506443617,0,0,0
2025-11-10 06:00:00+00:00,1541,10.00000000021828,15.331889395776084,0,0,0
2025-11-10 06:15:00+00:00,1541,109.99999999876307,29.522437129225302,0,0,0
2025-11-10 06:30:00+00:00,1541,130.00000000101863,56.35502546653632,0,0,0
2025-11-10 06:45:00+00:00,1541,49.9999999992724,60.91199946697961,0,0,0
2025-11-10 07:00:00+00:00,1541,40.00000000087312,59.15167870084355,0,0,0
2025-11-10 07:15:00+00:00,1541,49.9999999992724,52.077280195803525,0,0,0
2025-11-10 07:30:00+00:00,1541,79.99999999992724,69.75852415507727,0,0,0
2025-11-10 07:45:00+00:00,1541,79.99999999992724,78.81380246002078,0,0,0
2025-11-10 08:00:00+00:00,1541,90.00000000014552,79.24249112934366,0,0,0
2025-11-10 08:15:00+00:00,1541,69.99999999970896,80.43349561614117,0,0,0
2025-11-10 08:30:00+00:00,1541,10.00000000021828,81.18160088757178,0,0,0
2025-11-10 08:45:00+00:00,1541,149.9999999996362,71.97873845054835,0,0,0
2025-11-10 09:00:00+00:00,1541,120.00000000080036,77.5671612513543,0,0,0
2025-11-10 09:15:00+00:00,1541,69.99999999970896,72.0955214752158,0,0,0
2025-11-10 09:30:00+00:00,1541,79.99999999992724,88.99291163742753,0,0,0
2025-11-10 09:45:00+00:00,1541,69.99999999970896,101.58906546856176,0,0,0
2025-11-10 10:00:00+00:00,1541,69.99999999970896,103.58521832135054,0,0,0
2025-11-10 10:15:00+00:00,1541,70.00000000152795,86.92444650085405,0,0,0
2025-11-10 10:30:00+00:00,1541,59.99999999949068,80.76182182107043,0,0,0
2025-11-10 10:45:00+00:00,1541,49.9999999992724,74.43890929104678,0,0,0
2025-11-10 11:00:00+00:00,1541,50.000000001091394,70.08858128024244,0,0,0
2025-11-10 11:15:00+00:00,1541,49.9999999992724,58.92891544833819,0,0,0
2025-11-10 11:30:00+00:00,1541,59.99999999949068,59.25975689673525,0,0,0
2025-11-10 11:45:00+00:00,1541,60.00000000130967,54.51423043224416,0,0,0
2025-11-10 12:00:00+00:00,1541,59.99999999949068,52.83296597058877,0,0,0
2025-11-10 12:15:00+00:00,1541,59.99999999949068,53.5630124893794,0,0,0
2025-11-10 12:30:00+00:00,1541,59.99999999949068,53.37331444977367,0,0,0
2025-11-10 12:45:00+00:00,1541,40.00000000087312,52.91476740638112,0,0,0
2025-11-10 13:00:00+00:00,1541,49.9999999992724,50.645523249763016,0,0,0
2025-11-10 13:15:00+00:00,1541,50.000000001091394,53.4203506617204,0,0,0
2025-11-10 13:30:00+00:00,1541,49.9999999992724,56.98511520536361,0,0,0
2025-11-10 13:45:00+00:00,1541,40.00000000087312,53.3465740503254,0,0,0
2025-11-10 14:00:00+00:00,1541,49.9999999992724,48.53859536553638,0,0,0
2025-11-10 14:15:00+00:00,1541,49.9999999992724,46.004110864730464,0,0,0
2025-11-10 14:30:00+00:00,1541,40.00000000087312,44.47844956406048,0,0,0
2025-11-10 14:45:00+00:00,1541,30.00000000065484,40.55311076694085,0,0,0
2025-11-10 15:00:00+00:00,1541,39.999999999054126,39.86924852279332,0,0,0
2025-11-10 15:15:00+00:00,1541,50.000000001091394,41.23817267790368,0,0,0
2025-11-10 15:30:00+00:00,1541,49.9999999992724,49.17194603445101,0,0,0
2025-11-10 15:45:00+00:00,1541,39.999999999054126,49.64869671778006,0,0,0
2025-11-10 16:00:00+00:00,1541,50.000000001091394,44.67605072273449,0,0,0
2025-11-10 16:15:00+00:00,1541,59.99999999949068,43.76926102047885,0,0,0
2025-11-10 16:30:00+00:00,1541,59.99999999949068,48.31256925111308,0,0,0
2025-11-10 16:45:00+00:00,1541,50.000000001091394,50.07389456917178,0,0,0
2025-11-10 17:00:00+00:00,1541,49.9999999992724,48.47574325630004,0,0,0
2025-11-10 17:15:00+00:00,1541,60.00000000130967,48.545256317515694,0,0,0
2025-11-10 17:30:00+00:00,1541,59.99999999949068,50.97626037930658,0,0,0
2025-11-10 17:45:00+00:00,1541,49.9999999992724,52.716291128436055,0,0,0
2025-11-10 18:00:00+00:00,1541,59.99999999949068,50.98282860341611,0,0,0
2025-11-10 18:15:00+00:00,1541,50.000000001091394,50.34421949155263,0,0,0
2025-11-10 18:30:00+00:00,1541,59.99999999949068,50.642810959571904,0,0,0
2025-11-10 18:45:00+00:00,1541,50.000000001091394,51.17377460560266,0,0,0
2025-11-10 19:00:00+00:00,1541,59.99999999949068,52.45846128650828,0,0,0
2025-11-10 19:15:00+00:00,1541,59.99999999949068,52.486016918478384,0,0,0
2025-11-10 19:30:00+00:00,1541,59.99999999949068,53.75599077737867,0,0,0
2025-11-10 19:45:00+00:00,1541,70.00000000152795,53.74173773106098,0,0,0
2025-11-10 20:00:00+00:00,1541,59.99999999949068,54.52166798013289,0,0,0
2025-11-10 20:15:00+00:00,1541,59.99999999949068,55.982723069363146,0,0,0
2025-11-10 20:30:00+00:00,1541,59.99999999949068,54.93598769330086,0,0,0
2025-11-10 20:45:00+00:00,1541,70.00000000152795,56.43358142688631,0,0,0
2025-11-10 21:00:00+00:00,1541,59.99999999949068,57.12645952453948,0,0,0
2025-11-10 21:15:00+00:00,1541,59.99999999949068,60.048764817892646,0,0,0
2025-11-10 21:30:00+00:00,1541,59.99999999949068,56.34240674892354,0,0,0
2025-11-10 21:45:00+00:00,1541,30.00000000065484,45.71831970640229,0,0,0
2025-11-10 22:00:00+00:00,1541,0.0,18.939531885955503,0,0,0
2025-11-10 22:15:00+00:00,1541,0.0,13.608593129396258,0,0,0
2025-11-10 22:30:00+00:00,1541,10.00000000021828,30.28292350310237,0,0,0
2025-11-10 22:45:00+00:00,1541,20.00000000043656,21.03022708043615,0,0,0
2025-11-10 23:00:00+00:00,1541,0.0,20.029554273687875,0,0,0
2025-11-10 23:15:00+00:00,1541,10.00000000021828,10.557920589060092,0,0,0
2025-11-10 23:30:00+00:00,1541,9.99999999839929,10.102918454856065,0,0,0
2025-11-10 23:45:00+00:00,1541,0.0,10.116951272483014,0,0,0
2025-11-11 00:00:00+00:00,1541,10.00000000021828,10.053739842751265,0,0,0
2025-11-11 00:15:00+00:00,1541,10.00000000021828,10.305895898146773,0,0,0
2025-11-11 00:30:00+00:00,1541,0.0,10.43455774929938,0,0,0
2025-11-11 00:45:00+00:00,1541,20.00000000043656,10.322509641482643,0,0,0
2025-11-11 01:00:00+00:00,1541,10.00000000021828,10.179032581301804,0,0,0
2025-11-11 01:15:00+00:00,1541,10.00000000021828,10.147876017055182,0,0,0
2025-11-11 01:30:00+00:00,1541,10.00000000021828,10.034618583270046,0,0,0
2025-11-11 01:45:00+00:00,1541,19.999999998617568,9.96461870073803,0,0,0
2025-11-11 02:00:00+00:00,1541,10.00000000021828,10.00267769579152,0,0,0
2025-11-11 03:15:00+00:00,1541,0.0,10.022683733696905,0,0,0
2025-11-11 03:30:00+00:00,1541,10.00000000021828,10.045390470809677,0,0,0
2025-11-11 03:45:00+00:00,1541,10.00000000021828,9.97825356125717,0,0,0
2025-11-11 04:00:00+00:00,1541,9.99999999839929,10.122192328956295,0,0,0
2025-11-11 04:15:00+00:00,1541,10.00000000021828,10.078279887122845,0,0,0
2025-11-11 04:30:00+00:00,1541,10.00000000021828,10.06502559723593,0,0,0
2025-11-11 04:45:00+00:00,1541,10.00000000021828,9.985961565432763,0,0,0
2025-11-11 05:00:00+00:00,1541,10.00000000021828,9.85426480837543,0,0,0
2025-11-11 05:15:00+00:00,1541,10.00000000021828,9.843709285865287,0,0,0
2025-11-11 05:30:00+00:00,1541,10.00000000021828,10.201198405840849,0,0,0
2025-11-11 05:45:00+00:00,1541,0.0,9.997511980712437,0,0,0
2025-11-11 06:00:00+00:00,1541,10.00000000021828,9.771300410549571,0,0,0
2025-11-11 06:15:00+00:00,1541,89.99999999832653,12.168395049459694,0,0,0
2025-11-11 06:30:00+00:00,1541,130.00000000101863,75.78113747881315,0,0,0
2025-11-11 06:45:00+00:00,1541,39.999999999054126,75.36756345226468,0,0,0
2025-11-11 07:00:00+00:00,1541,40.00000000087312,71.18914518471296,0,0,0
2025-11-11 07:15:00+00:00,1541,39.999999999054126,55.151834992185,0,0,0
2025-11-11 07:30:00+00:00,1541,80.00000000174623,72.19529666310082,0,0,0
2025-11-11 07:45:00+00:00,1541,49.9999999992724,69.85843070744448,0,0,0
2025-11-11 08:00:00+00:00,1541,39.999999999054126,66.18040293452427,0,0,0
2025-11-11 08:15:00+00:00,1541,40.00000000087312,64.44916587837908,0,0,0
2025-11-11 08:30:00+00:00,1541,59.99999999949068,57.39898287016639,0,0,0
2025-11-11 08:45:00+00:00,1541,50.000000001091394,53.02963405507309,0,0,0
2025-11-11 09:00:00+00:00,1541,29.999999998835847,53.43425211486516,0,0,0
2025-11-11 09:15:00+00:00,1541,50.000000001091394,42.60680512659035,0,0,0
2025-11-11 09:30:00+00:00,1541,49.9999999992724,48.28314747076362,0,0,0
2025-11-11 09:45:00+00:00,1541,40.00000000087312,46.90503746105303,0,0,0
2025-11-11 10:00:00+00:00,1541,39.999999999054126,42.75139105754734,0,0,0
2025-11-11 10:15:00+00:00,1541,40.00000000087312,41.64832736425396,0,0,0
2025-11-11 10:30:00+00:00,1541,39.999999999054126,41.381483600651165,0,0,0
2025-11-11 10:45:00+00:00,1541,40.00000000087312,41.065644748852506,0,0,0
2025-11-11 11:00:00+00:00,1541,49.9999999992724,41.31525658332089,0,0,0
2025-11-11 11:15:00+00:00,1541,30.00000000065484,41.64023878944613,0,0,0
2025-11-11 11:30:00+00:00,1541,39.999999999054126,38.8815788679513,0,0,0
2025-11-11 11:45:00+00:00,1541,50.000000001091394,38.75459191394662,0,0,0
2025-11-11 12:00:00+00:00,1541,29.999999998835847,40.48825148568985,0,0,0
2025-11-11 12:15:00+00:00,1541,40.00000000087312,39.98030366967114,0,0,0
2025-11-11 12:30:00+00:00,1541,39.999999999054126,37.35340425564412,0,0,0
2025-11-11 12:45:00+00:00,1541,30.00000000065484,38.43910851898213,0,0,0
2025-11-11 13:00:00+00:00,1541,30.00000000065484,38.519731538096,0,0,0
2025-11-11 13:15:00+00:00,1541,39.999999999054126,37.68899414370626,0,0,0
2025-11-11 13:30:00+00:00,1541,40.00000000087312,35.81982051759968,0,0,0
2025-11-11 13:45:00+00:00,1541,19.999999998617568,29.796386165850112,0,0,0
2025-11-11 14:00:00+00:00,1541,20.00000000043656,20.530092553361847,0,0,0
2025-11-11 14:15:00+00:00,1541,40.00000000087312,20.73754894594607,0,0,0
2025-11-11 14:30:00+00:00,1541,39.999999999054126,28.528038908332253,0,0,0
2025-11-11 14:45:00+00:00,1541,30.00000000065484,32.02678217460627,0,0,0
2025-11-11 15:00:00+00:00,1541,29.999999998835847,31.929436263726476,0,0,0
2025-11-11 15:15:00+00:00,1541,50.000000001091394,32.349288739791405,0,0,0
2025-11-11 15:30:00+00:00,1541,39.999999999054126,36.85592309792701,0,0,0
2025-11-11 15:45:00+00:00,1541,40.00000000087312,36.82988974848583,0,0,0
2025-11-11 16:00:00+00:00,1541,20.00000000043656,36.15221129415436,0,0,0
2025-11-11 16:15:00+00:00,1541,39.999999999054126,37.756538669519685,0,0,0
2025-11-11 16:30:00+00:00,1541,50.000000001091394,38.11529700221288,0,0,0
2025-11-11 16:45:00+00:00,1541,49.9999999992724,39.55248046046623,0,0,0
2025-11-11 17:00:00+00:00,1541,49.9999999992724,40.36004747839429,0,0,0
2025-11-11 17:15:00+00:00,1541,40.00000000087312,40.57239816385543,0,0,0
2025-11-11 17:30:00+00:00,1541,49.9999999992724,40.12109162162832,0,0,0
2025-11-11 17:45:00+00:00,1541,40.00000000087312,40.27071576684343,0,0,0
2025-11-11 18:00:00+00:00,1541,39.999999999054126,40.752280572078654,0,0,0
2025-11-11 18:15:00+00:00,1541,50.000000001091394,41.108363319362525,0,0,0
2025-11-11 18:30:00+00:00,1541,49.9999999992724,41.465618687833015,0,0,0
2025-11-11 18:45:00+00:00,1541,50.000000001091394,40.61570014721282,0,0,0
2025-11-11 19:00:00+00:00,1541,49.9999999992724,40.801451456860974,0,0,0
2025-11-11 19:15:00+00:00,1541,49.9999999992724,42.204244466409065,0,0,0
2025-11-11 19:30:00+00:00,1541,50.000000001091394,44.23062467291602,0,0,0
2025-11-11 19:45:00+00:00,1541,49.9999999992724,43.50639296429294,0,0,0
2025-11-11 20:00:00+00:00,1541,50.000000001091394,43.66008168113349,0,0,0
2025-11-11 20:15:00+00:00,1541,59.99999999949068,47.22478247436623,0,0,0
2025-11-11 20:30:00+00:00,1541,49.9999999992724,48.72458235852024,0,0,0
2025-11-11 20:45:00+00:00,1541,60.00000000130967,48.840015033584,0,0,0
2025-11-11 21:00:00+00:00,1541,59.99999999949068,49.54314728817052,0,0,0
2025-11-11 21:15:00+00:00,1541,49.9999999992724,52.18701590236758,0,0,0
2025-11-11 21:30:00+00:00,1541,59.99999999949068,51.71805629193079,0,0,0
2025-11-11 21:45:00+00:00,1541,30.00000000065484,45.19693600841835,0,0,0
2025-11-11 22:00:00+00:00,1541,0.0,4.611707302701781,0,0,0
2025-11-11 22:15:00+00:00,1541,0.0,6.4484107197398295,0,0,0
2025-11-11 22:30:00+00:00,1541,0.0,16.811599207392717,0,0,0
2025-11-11 22:45:00+00:00,1541,20.00000000043656,11.571546320118484,0,0,0
2025-11-11 23:00:00+00:00,1541,10.00000000021828,10.71164214702118,0,0,0
2025-11-11 23:15:00+00:00,1541,0.0,10.076892832737355,0,0,0
2025-11-11 23:30:00+00:00,1541,10.00000000021828,9.83723378962554,0,0,0
2025-11-11 23:45:00+00:00,1541,10.00000000021828,9.896328488305112,0,0,0
2025-11-12 00:00:00+00:00,1541,0.0,10.168179556876115,0,0,0
2025-11-12 00:15:00+00:00,1541,9.99999999839929,10.180583841290026,0,0,0
2025-11-12 00:30:00+00:00,1541,10.00000000021828,10.197473836404622,0,0,0
2025-11-12 00:45:00+00:00,1541,10.00000000021828,10.21290143573954,0,0,0
2025-11-12 01:00:00+00:00,1541,10.00000000021828,10.115579672742497,0,0,0
2025-11-12 01:15:00+00:00,1541,20.00000000043656,10.008654779731197,0,0,0
2025-11-12 01:30:00+00:00,1541,10.00000000021828,10.439999716157187,0,0,0
2025-11-12 01:45:00+00:00,1541,10.00000000021828,10.024192493411476,0,0,0
2025-11-12 02:00:00+00:00,1541,9.99999999839929,9.952030892415175,0,0,0
2025-11-12 06:45:00+00:00,1541,39.999999999054126,10.001423937718847,0,0,0
2025-11-12 07:00:00+00:00,1541,30.00000000065484,48.77265982717138,0,0,0
2025-11-12 07:15:00+00:00,1541,49.9999999992724,46.58340311739302,0,0,0
2025-11-12 07:30:00+00:00,1541,90.00000000014552,52.3724716419308,0,0,0
2025-11-12 07:45:00+00:00,1541,59.99999999949068,64.65034671919277,0,0,0
2025-11-12 08:00:00+00:00,1541,60.00000000130967,59.140358173407705,0,0,0
2025-11-12 08:15:00+00:00,1541,49.9999999992724,58.25521656508485,0,0,0
2025-11-12 08:30:00+00:00,1541,69.99999999970896,58.75706366000417,0,0,0
2025-11-12 08:45:00+00:00,1541,60.00000000130967,58.934401847300265,0,0,0
2025-11-12 09:00:00+00:00,1541,49.9999999992724,59.02743494631991,0,0,0
2025-11-12 09:15:00+00:00,1541,59.99999999949068,57.61144946546476,0,0,0
2025-11-12 09:30:00+00:00,1541,50.000000001091394,55.006851104120216,0,0,0
2025-11-12 09:45:00+00:00,1541,49.9999999992724,51.04630083028162,0,0,0
2025-11-12 10:00:00+00:00,1541,40.00000000087312,48.77399665396073,0,0,0
2025-11-12 10:15:00+00:00,1541,39.999999999054126,42.93809862335261,0,0,0
2025-11-12 10:30:00+00:00,1541,40.00000000087312,41.0788121063615,0,0,0
2025-11-12 10:45:00+00:00,1541,29.999999998835847,40.0526874311888,0,0,0
2025-11-12 11:00:00+00:00,1541,40.00000000087312,39.00854843548039,0,0,0
2025-11-12 11:15:00+00:00,1541,29.999999998835847,37.19882110122632,0,0,0
2025-11-12 11:30:00+00:00,1541,30.00000000065484,31.81893844998265,0,0,0
2025-11-12 11:45:00+00:00,1541,49.9999999992724,31.109429222518017,0,0,0
2025-11-12 12:00:00+00:00,1541,20.00000000043656,33.91916964336349,0,0,0
2025-11-12 12:15:00+00:00,1541,30.00000000065484,29.921157310133133,0,0,0
2025-11-12 12:30:00+00:00,1541,29.999999998835847,27.640695013102075,0,0,0
2025-11-12 12:45:00+00:00,1541,30.00000000065484,27.1772903816144,0,0,0
2025-11-12 13:00:00+00:00,1541,30.00000000065484,27.95208099532059,0,0,0
2025-11-12 13:15:00+00:00,1541,39.999999999054126,29.820153477973516,0,0,0
2025-11-12 13:30:00+00:00,1541,30.00000000065484,28.964390183811144,0,0,0
2025-11-12 13:45:00+00:00,1541,20.00000000043656,27.880199509764257,0,0,0
2025-11-12 14:00:00+00:00,1541,39.999999999054126,26.48731292763783,0,0,0
2025-11-12 14:15:00+00:00,1541,30.00000000065484,30.440790769574942,0,0,0
2025-11-12 14:30:00+00:00,1541,29.999999998835847,32.228926032984255,0,0,0
2025-11-12 14:45:00+00:00,1541,30.00000000065484,30.143302376839948,0,0,0
2025-11-12 15:00:00+00:00,1541,30.00000000065484,30.10818266207547,0,0,0
2025-11-12 15:15:00+00:00,1541,39.999999999054126,30.074688582778105,0,0,0
2025-11-12 15:30:00+00:00,1541,30.00000000065484,30.24782407255941,0,0,0
2025-11-12 15:45:00+00:00,1541,39.999999999054126,31.03501897067952,0,0,0
2025-11-12 16:00:00+00:00,1541,40.00000000087312,32.3867527310138,0,0,0
2025-11-12 16:15:00+00:00,1541,39.999999999054126,38.03739013695136,0,0,0
2025-11-12 16:30:00+00:00,1541,40.00000000087312,38.98657193034215,0,0,0
2025-11-12 16:45:00+00:00,1541,39.999999999054126,39.55658173687345,0,0,0
2025-11-12 17:00:00+00:00,1541,50.000000001091394,39.731547636167626,0,0,0
2025-11-12 17:15:00+00:00,1541,39.999999999054126,40.076456675142815,0,0,0
2025-11-12 17:30:00+00:00,1541,40.00000000087312,40.62970398738047,0,0,0
2025-11-12 17:45:00+00:00,1541,49.9999999992724,40.31791618439289,0,0,0
2025-11-12 18:00:00+00:00,1541,40.00000000087312,40.224108421294446,0,0,0
2025-11-12 18:15:00+00:00,1541,49.9999999992724,40.60228358355379,0,0,0
2025-11-12 18:30:00+00:00,1541,40.00000000087312,40.81850952123955,0,0,0
2025-11-12 18:45:00+00:00,1541,49.9999999992724,41.31775444031313,0,0,0
2025-11-12 19:00:00+00:00,1541,40.00000000087312,40.71466589806786,0,0,0
2025-11-12 19:15:00+00:00,1541,49.9999999992724,41.36039187393709,0,0,0
2025-11-12 19:30:00+00:00,1541,40.00000000087312,41.22854636592198,0,0,0
2025-11-12 19:45:00+00:00,1541,49.9999999992724,41.83948973147,0,0,0
2025-11-12 20:00:00+00:00,1541,49.9999999992724,41.3070772124739,0,0,0
2025-11-12 20:15:00+00:00,1541,40.00000000087312,41.70402397287216,0,0,0
2025-11-12 20:30:00+00:00,1541,49.9999999992724,41.75948296632404,0,0,0
2025-11-12 20:45:00+00:00,1541,50.000000001091394,41.54562158931772,0,0,0
2025-11-12 21:00:00+00:00,1541,49.9999999992724,44.604961287732536,0,0,0
2025-11-12 21:15:00+00:00,1541,50.000000001091394,45.02111817182055,0,0,0
2025-11-12 21:30:00+00:00,1541,49.9999999992724,45.37837354029104,0,0,0
2025-11-12 21:45:00+00:00,1541,20.00000000043656,41.73682838863802,0,0,0
2025-11-12 22:00:00+00:00,1541,0.0,-0.1295420887956417,0,0,0
2025-11-12 22:15:00+00:00,1541,0.0,0.1748429392543613,0,0,0
2025-11-12 22:30:00+00:00,1541,0.0,0.3419868563663399,0,0,0
2025-11-12 22:45:00+00:00,1541,0.0,0.5427465581047706,0,0,0
2025-11-12 23:00:00+00:00,1541,10.00000000021828,1.5183422715689758,0,0,0
2025-11-12 23:15:00+00:00,1541,9.99999999839929,6.541318249769144,0,0,0
2025-11-12 23:30:00+00:00,1541,0.0,9.8755922184252,0,0,0
2025-11-12 23:45:00+00:00,1541,0.0,9.77901034655579,0,0,0
2025-11-13 00:00:00+00:00,1541,0.0,6.943247201337545,0,0,0
2025-11-13 00:15:00+00:00,1541,10.00000000021828,4.765005789756991,0,0,0
2025-11-13 00:30:00+00:00,1541,0.0,5.62026391021211,0,0,0
2025-11-13 00:45:00+00:00,1541,10.00000000021828,9.846738396278155,0,0,0
2025-11-13 01:00:00+00:00,1541,0.0,9.745170469577364,0,0,0
2025-11-13 01:15:00+00:00,1541,10.00000000021828,9.832904557205111,0,0,0
2025-11-13 01:30:00+00:00,1541,0.0,9.800876737348666,0,0,0
2025-11-13 01:45:00+00:00,1541,10.00000000021828,9.755076896999032,0,0,0
2025-11-13 02:00:00+00:00,1541,0.0,9.60740003704933,0,0,0
2025-11-13 02:15:00+00:00,1541,0.0,9.691318759201687,0,0,0
2025-11-13 02:30:00+00:00,1541,10.00000000021828,9.590697429504916,0,0,0
2025-11-13 02:45:00+00:00,1541,0.0,3.640603095430123,0,0,0
2025-11-13 03:00:00+00:00,1541,0.0,9.650224858243472,0,0,0
2025-11-13 03:15:00+00:00,1541,10.00000000021828,9.6173914650183,0,0,0
2025-11-13 03:30:00+00:00,1541,0.0,8.191263873405784,0,0,0
2025-11-13 03:45:00+00:00,1541,10.00000000021828,4.913553905316515,0,0,0
2025-11-13 04:00:00+00:00,1541,0.0,1.518009996702261,0,0,0
2025-11-13 04:15:00+00:00,1541,9.99999999839929,2.070592759206473,0,0,0
2025-11-13 04:30:00+00:00,1541,0.0,0.9427629973589228,0,0,0
2025-11-13 04:45:00+00:00,1541,10.00000000021828,4.679819786717616,0,0,0
2025-11-13 05:00:00+00:00,1541,0.0,0.7329758511311297,0,0,0
2025-11-13 05:15:00+00:00,1541,0.0,1.9266675143216856,0,0,0
2025-11-13 05:30:00+00:00,1541,10.00000000021828,8.115024177969715,0,0,0
2025-11-13 05:45:00+00:00,1541,0.0,0.7267553565332783,0,0,0
2025-11-13 06:00:00+00:00,1541,10.00000000021828,5.435188741281113,0,0,0
2025-11-13 06:15:00+00:00,1541,0.0,35.0570565154211,0,0,0
2025-11-13 06:30:00+00:00,1541,170.00000000007276,37.8665351732175,0,0,0
2025-11-13 06:45:00+00:00,1541,59.99999999949068,67.75982901319199,0,0,0
2025-11-13 07:00:00+00:00,1541,30.00000000065484,61.852151884050414,0,0,0
2025-11-13 07:15:00+00:00,1541,30.00000000065484,57.91678302234941,0,0,0
2025-11-13 07:30:00+00:00,1541,79.99999999992724,46.81411392107091,0,0,0
2025-11-13 07:45:00+00:00,1541,49.9999999992724,51.24703348639137,0,0,0
2025-11-13 08:00:00+00:00,1541,30.00000000065484,45.33885021762724,0,0,0
2025-11-13 08:15:00+00:00,1541,49.9999999992724,41.64604200862996,0,0,0
2025-11-13 08:30:00+00:00,1541,40.00000000087312,40.30938328854237,0,0,0
2025-11-13 08:45:00+00:00,1541,39.999999999054126,30.58523760872725,0,0,0
2025-11-13 09:00:00+00:00,1541,40.00000000087312,30.13990525269389,0,0,0
2025-11-13 09:15:00+00:00,1541,29.999999998835847,30.40987182049464,0,0,0
2025-11-13 09:30:00+00:00,1541,40.00000000087312,30.175904916305974,0,0,0
2025-11-13 09:45:00+00:00,1541,29.999999998835847,30.26468702204532,0,0,0
2025-11-13 10:00:00+00:00,1541,30.00000000065484,30.16122300359056,0,0,0
2025-11-13 10:15:00+00:00,1541,30.00000000065484,29.922838968688232,0,0,0
2025-11-13 10:30:00+00:00,1541,29.999999998835847,29.839870707201136,0,0,0
2025-11-13 10:45:00+00:00,1541,30.00000000065484,29.123652231991684,0,0,0
2025-11-13 11:00:00+00:00,1541,30.00000000065484,28.79009173199633,0,0,0
2025-11-13 11:15:00+00:00,1541,29.999999998835847,27.438367630815147,0,0,0
2025-11-13 11:30:00+00:00,1541,20.00000000043656,20.73378042736323,0,0,0
2025-11-13 11:45:00+00:00,1541,40.00000000087312,8.574322703473626,0,0,0
2025-11-13 12:00:00+00:00,1541,19.999999998617568,20.446897784734503,0,0,0
2025-11-13 12:15:00+00:00,1541,20.00000000043656,19.299365282388983,0,0,0
2025-11-13 12:30:00+00:00,1541,10.00000000021828,20.30569835285517,0,0,0
2025-11-13 12:45:00+00:00,1541,30.00000000065484,18.910005786752546,0,0,0
2025-11-13 13:00:00+00:00,1541,39.999999999054126,28.61521469691069,0,0,0
2025-11-13 13:15:00+00:00,1541,20.00000000043656,26.35296956263048,0,0,0
2025-11-13 13:30:00+00:00,1541,30.00000000065484,29.39674933131288,0,0,0
2025-11-13 13:45:00+00:00,1541,19.999999998617568,29.07978035860126,0,0,0
2025-11-13 14:00:00+00:00,1541,20.00000000043656,28.637703137163356,0,0,0
2025-11-13 14:15:00+00:00,1541,20.00000000043656,20.499063489936177,0,0,0
2025-11-13 14:30:00+00:00,1541,29.999999998835847,23.58712902671943,0,0,0
2025-11-13 14:45:00+00:00,1541,30.00000000065484,20.030982379474043,0,0,0
2025-11-13 15:00:00+00:00,1541,30.00000000065484,20.28902279093945,0,0,0
2025-11-13 15:15:00+00:00,1541,29.999999998835847,23.09031579943934,0,0,0
2025-11-13 15:30:00+00:00,1541,20.00000000043656,24.2011048833839,0,0,0
2025-11-13 15:45:00+00:00,1541,20.00000000043656,29.75837546656213,0,0,0
2025-11-13 16:00:00+00:00,1541,20.00000000043656,29.918128199720265,0,0,0
2025-11-13 16:15:00+00:00,1541,29.999999998835847,30.06094071016767,0,0,0
2025-11-13 16:30:00+00:00,1541,20.00000000043656,29.35583605651767,0,0,0
2025-11-13 16:45:00+00:00,1541,20.00000000043656,29.42354092427259,0,0,0
2025-11-13 17:00:00+00:00,1541,29.999999998835847,29.386788812633835,0,0,0
2025-11-13 17:15:00+00:00,1541,20.00000000043656,29.252122831912867,0,0,0
2025-11-13 17:30:00+00:00,1541,20.00000000043656,29.88261535742453,0,0,0
2025-11-13 17:45:00+00:00,1541,20.00000000043656,29.6499080068004,0,0,0
2025-11-13 18:00:00+00:00,1541,10.00000000021828,29.37776812955164,0,0,0
2025-11-13 18:15:00+00:00,1541,29.999999998835847,28.532429959332536,0,0,0
2025-11-13 18:30:00+00:00,1541,20.00000000043656,26.13591680143917,0,0,0
2025-11-13 18:45:00+00:00,1541,20.00000000043656,22.845396381548035,0,0,0
2025-11-13 19:00:00+00:00,1541,29.999999998835847,20.76047542879192,0,0,0
2025-11-13 19:15:00+00:00,1541,30.00000000065484,20.85025049547017,0,0,0
2025-11-13 19:30:00+00:00,1541,30.00000000065484,22.139432063271933,0,0,0
2025-11-13 19:45:00+00:00,1541,39.999999999054126,25.851798608428307,0,0,0
2025-11-13 20:00:00+00:00,1541,30.00000000065484,22.02849765580789,0,0,0
2025-11-13 20:15:00+00:00,1541,30.00000000065484,22.862610441249213,0,0,0
2025-11-13 20:30:00+00:00,1541,29.999999998835847,26.515334130787465,0,0,0
2025-11-13 20:45:00+00:00,1541,30.00000000065484,28.690523249987702,0,0,0
2025-11-13 21:00:00+00:00,1541,29.999999998835847,30.232564542488472,0,0,0
2025-11-13 21:15:00+00:00,1541,30.00000000065484,30.278395292128035,0,0,0
2025-11-13 21:30:00+00:00,1541,30.00000000065484,30.078978212670812,0,0,0
2025-11-13 21:45:00+00:00,1541,19.999999998617568,29.795081214266,0,0,0
2025-11-13 22:00:00+00:00,1541,0.0,0.2692534335063854,0,0,0
2025-11-13 22:15:00+00:00,1541,0.0,0.1605338698486846,0,0,0
2025-11-13 22:30:00+00:00,1541,0.0,0.2064341653905828,0,0,0
2025-11-13 22:45:00+00:00,1541,0.0,0.2208649401253488,0,0,0
2025-11-13 23:00:00+00:00,1541,0.0,0.2288897645226981,0,0,0
2025-11-13 23:15:00+00:00,1541,0.0,0.247477838752669,0,0,0
2025-11-13 23:30:00+00:00,1541,10.00000000021828,0.3105579040022341,0,0,0
2025-11-13 23:45:00+00:00,1541,0.0,0.9518599877506232,0,0,0
2025-11-14 00:00:00+00:00,1541,10.00000000021828,0.2333542250865576,0,0,0
2025-11-14 00:15:00+00:00,1541,0.0,0.3673942926865017,0,0,0
2025-11-14 00:30:00+00:00,1541,10.00000000021828,2.587390291297464,0,0,0
2025-11-14 00:45:00+00:00,1541,0.0,0.5231751820889876,0,0,0
2025-11-14 01:00:00+00:00,1541,0.0,9.430962082822369,0,0,0
2025-11-14 01:15:00+00:00,1541,10.00000000021828,9.68981579497898,0,0,0
2025-11-14 01:30:00+00:00,1541,10.00000000021828,0.4514868795947002,0,0,0
2025-11-14 01:45:00+00:00,1541,0.0,8.665779428706983,0,0,0
2025-11-14 02:00:00+00:00,1541,0.0,9.745400357421197,0,0,0
2025-11-14 02:15:00+00:00,1541,10.00000000021828,9.10296235726798,0,0,0
2025-11-14 02:30:00+00:00,1541,0.0,0.3519608978597226,0,0,0
2025-11-14 02:45:00+00:00,1541,10.00000000021828,9.078997998421292,0,0,0
2025-11-14 03:00:00+00:00,1541,0.0,0.2775139412394303,0,0,0
2025-11-14 03:15:00+00:00,1541,10.00000000021828,9.222650855188595,0,0,0
2025-11-14 03:30:00+00:00,1541,0.0,2.613570459865805,0,0,0
2025-11-14 03:45:00+00:00,1541,9.99999999839929,9.77742044995516,0,0,0
2025-11-14 04:00:00+00:00,1541,0.0,0.8636622607739675,0,0,0
2025-11-14 04:15:00+00:00,1541,10.00000000021828,9.522725969124377,0,0,0
2025-11-14 04:30:00+00:00,1541,0.0,0.3586624182820657,0,0,0
2025-11-14 04:45:00+00:00,1541,10.00000000021828,9.627373233834168,0,0,0
2025-11-14 05:00:00+00:00,1541,0.0,0.5100947569579191,0,0,0
2025-11-14 05:15:00+00:00,1541,10.00000000021828,9.459485561933317,0,0,0
2025-11-14 05:30:00+00:00,1541,0.0,2.2495942526667747,0,0,0
2025-11-14 05:45:00+00:00,1541,10.00000000021828,9.83710242514335,0,0,0
2025-11-14 06:30:00+00:00,1541,159.99999999985448,9.571004348160049,0,0,0
2025-11-14 06:45:00+00:00,1541,79.99999999992724,51.85396057607947,0,0,0
2025-11-14 07:00:00+00:00,1541,20.00000000043656,54.81917375934347,0,0,0
2025-11-14 07:15:00+00:00,1541,29.999999998835847,55.55624441427006,0,0,0
2025-11-14 07:30:00+00:00,1541,69.99999999970896,47.34306073593392,0,0,0
2025-11-14 07:45:00+00:00,1541,40.00000000087312,50.22227461546733,0,0,0
2025-11-14 08:00:00+00:00,1541,30.00000000065484,39.50592913800524,0,0,0
2025-11-14 08:15:00+00:00,1541,39.999999999054126,39.14650432374799,0,0,0
2025-11-14 08:30:00+00:00,1541,50.000000001091394,39.92492967676656,0,0,0
2025-11-14 08:45:00+00:00,1541,39.999999999054126,30.27635431307753,0,0,0
2025-11-14 09:00:00+00:00,1541,49.9999999992724,30.000797993376505,0,0,0
2025-11-14 09:15:00+00:00,1541,30.00000000065484,30.124879474128026,0,0,0
2025-11-14 09:30:00+00:00,1541,40.00000000087312,30.809959737481748,0,0,0
2025-11-14 09:45:00+00:00,1541,39.999999999054126,30.694234390078982,0,0,0
2025-11-14 10:00:00+00:00,1541,40.00000000087312,31.05036639904368,0,0,0
2025-11-14 10:15:00+00:00,1541,39.999999999054126,33.57731482859923,0,0,0
2025-11-14 10:30:00+00:00,1541,30.00000000065484,32.22100359560979,0,0,0
2025-11-14 10:45:00+00:00,1541,39.999999999054126,30.14683955870599,0,0,0
2025-11-14 11:00:00+00:00,1541,40.00000000087312,31.07939601777719,0,0,0
2025-11-14 11:15:00+00:00,1541,39.999999999054126,30.32385416437316,0,0,0
2025-11-14 11:30:00+00:00,1541,30.00000000065484,30.22924082790599,0,0,0
2025-11-14 11:45:00+00:00,1541,30.00000000065484,30.038047551400027,0,0,0
2025-11-14 12:00:00+00:00,1541,29.999999998835847,30.25584889695676,0,0,0
2025-11-14 12:15:00+00:00,1541,30.00000000065484,29.52116501876173,0,0,0
2025-11-14 12:30:00+00:00,1541,30.00000000065484,29.732045581120705,0,0,0
2025-11-14 12:45:00+00:00,1541,29.999999998835847,29.93712292429584,0,0,0
2025-11-14 13:00:00+00:00,1541,40.00000000087312,30.019867093430967,0,0,0
2025-11-14 13:15:00+00:00,1541,29.999999998835847,28.460471200551385,0,0,0
2025-11-14 13:30:00+00:00,1541,30.00000000065484,29.748784893446903,0,0,0
2025-11-14 13:45:00+00:00,1541,20.00000000043656,29.851566009777343,0,0,0
2025-11-14 14:00:00+00:00,1541,39.999999999054126,30.026269180107143,0,0,0
2025-11-14 14:15:00+00:00,1541,30.00000000065484,30.249466128586796,0,0,0
2025-11-14 14:30:00+00:00,1541,39.999999999054126,30.31510683532376,0,0,0
2025-11-14 14:45:00+00:00,1541,30.00000000065484,30.05439759985621,0,0,0
2025-11-14 15:00:00+00:00,1541,40.00000000087312,30.032898256881214,0,0,0
2025-11-14 15:15:00+00:00,1541,29.999999998835847,30.05438021338062,0,0,0
2025-11-14 15:30:00+00:00,1541,30.00000000065484,30.75015026147261,0,0,0
2025-11-14 15:45:00+00:00,1541,30.00000000065484,30.81517278241104,0,0,0
2025-11-14 16:00:00+00:00,1541,29.999999998835847,30.639874608250132,0,0,0
2025-11-14 16:15:00+00:00,1541,40.00000000087312,30.383844266545317,0,0,0
2025-11-14 16:30:00+00:00,1541,39.999999999054126,31.265933582487865,0,0,0
2025-11-14 16:45:00+00:00,1541,30.00000000065484,30.616877130628986,0,0,0
2025-11-14 17:00:00+00:00,1541,39.999999999054126,30.227553373859024,0,0,0
2025-11-14 17:15:00+00:00,1541,40.00000000087312,30.53335346783851,0,0,0
2025-11-14 17:30:00+00:00,1541,39.999999999054126,35.75489555410759,0,0,0
2025-11-14 17:45:00+00:00,1541,40.00000000087312,38.38089087140424,0,0,0
2025-11-14 18:00:00+00:00,1541,39.999999999054126,35.81272490373077,0,0,0
2025-11-14 18:15:00+00:00,1541,40.00000000087312,37.66650763528422,0,0,0
2025-11-14 18:30:00+00:00,1541,40.00000000087312,39.21600579397992,0,0,0
2025-11-14 18:45:00+00:00,1541,39.999999999054126,39.64322240837002,0,0,0
2025-11-14 19:00:00+00:00,1541,40.00000000087312,39.48396036018948,0,0,0
2025-11-14 19:15:00+00:00,1541,39.999999999054126,39.759595884945945,0,0,0
2025-11-14 19:30:00+00:00,1541,40.00000000087312,39.801499222934126,0,0,0
2025-11-14 19:45:00+00:00,1541,39.999999999054126,39.87287263703728,0,0,0
2025-11-14 20:00:00+00:00,1541,40.00000000087312,39.69852299171103,0,0,0
2025-11-14 20:15:00+00:00,1541,49.9999999992724,39.72558021138106,0,0,0
2025-11-14 20:30:00+00:00,1541,40.00000000087312,39.42548964280032,0,0,0
2025-11-14 20:45:00+00:00,1541,39.999999999054126,39.97915616228259,0,0,0
2025-11-14 21:00:00+00:00,1541,49.9999999992724,40.04596852429087,0,0,0
2025-11-14 21:15:00+00:00,1541,40.00000000087312,40.107223009604105,0,0,0
2025-11-14 21:30:00+00:00,1541,40.00000000087312,40.34780933141374,0,0,0
2025-11-14 21:45:00+00:00,1541,19.999999998617568,38.90249672990954,0,0,0
2025-11-14 22:00:00+00:00,1541,0.0,0.8010709486713807,0,0,0
2025-11-14 22:15:00+00:00,1541,0.0,0.5428276949908302,0,0,0
2025-11-14 22:30:00+00:00,1541,0.0,1.1066710981816463,0,0,0
2025-11-14 22:45:00+00:00,1541,0.0,4.085051638954631,0,0,0
2025-11-14 23:00:00+00:00,1541,0.0,7.920141104978693,0,0,0
2025-11-14 23:15:00+00:00,1541,0.0,3.4171501793932606,0,0,0
2025-11-14 23:30:00+00:00,1541,10.00000000021828,7.602633151523971,0,0,0
2025-11-14 23:45:00+00:00,1541,0.0,10.080435810095263,0,0,0
2025-11-15 00:00:00+00:00,1541,10.00000000021828,9.58367329336896,0,0,0
2025-11-15 00:15:00+00:00,1541,0.0,9.44284863663,0,0,0
2025-11-15 00:30:00+00:00,1541,20.00000000043656,9.828198617813694,0,0,0
2025-11-15 00:45:00+00:00,1541,10.00000000021828,8.67500005625839,0,0,0
2025-11-15 01:00:00+00:00,1541,19.999999998617568,9.742485225014937,0,0,0
2025-11-15 01:15:00+00:00,1541,10.00000000021828,9.727258536064546,0,0,0
2025-11-15 01:30:00+00:00,1541,10.00000000021828,9.922871841030098,0,0,0
2025-11-15 01:45:00+00:00,1541,0.0,10.007808637919435,0,0,0
2025-11-15 02:00:00+00:00,1541,10.00000000021828,10.019911556756558,0,0,0
2025-11-15 02:15:00+00:00,1541,10.00000000021828,9.964495063578322,0,0,0
2025-11-15 02:30:00+00:00,1541,20.00000000043656,9.998060620608644,0,0,0
2025-11-15 02:45:00+00:00,1541,10.00000000021828,9.970958968834346,0,0,0
2025-11-15 03:00:00+00:00,1541,19.999999998617568,9.98392348412819,0,0,0
2025-11-15 08:15:00+00:00,1541,40.00000000087312,10.000504386343517,0,0,0
2025-11-15 08:30:00+00:00,1541,39.999999999054126,51.27073318444306,0,0,0
2025-11-15 08:45:00+00:00,1541,49.9999999992724,49.40072114384721,0,0,0
2025-11-15 09:00:00+00:00,1541,40.00000000087312,50.553695613050536,0,0,0
2025-11-15 09:15:00+00:00,1541,40.00000000087312,47.10164179512687,0,0,0
2025-11-15 09:30:00+00:00,1541,49.9999999992724,42.88501964522512,0,0,0
2025-11-15 09:45:00+00:00,1541,129.99999999919964,41.21036590795292,0,0,0
2025-11-15 10:00:00+00:00,1541,170.00000000007276,53.23637470441244,0,0,0
2025-11-15 10:15:00+00:00,1541,69.99999999970896,56.209597257428825,0,0,0
2025-11-15 10:30:00+00:00,1541,60.00000000130967,62.04837178383079,0,0,0
2025-11-15 10:45:00+00:00,1541,79.99999999992724,63.72672304491053,0,0,0
2025-11-15 11:00:00+00:00,1541,69.99999999970896,64.79626174961662,0,0,0
2025-11-15 11:15:00+00:00,1541,59.99999999949068,65.28547853593943,0,0,0
2025-11-15 11:30:00+00:00,1541,60.00000000130967,70.85974488195873,0,0,0
2025-11-15 11:45:00+00:00,1541,49.9999999992724,72.52791153200747,0,0,0
2025-11-15 12:00:00+00:00,1541,59.99999999949068,68.49830604081026,0,0,0
2025-11-15 12:15:00+00:00,1541,59.99999999949068,62.65681342872533,0,0,0
2025-11-15 12:30:00+00:00,1541,50.000000001091394,61.44642108982097,0,0,0
2025-11-15 12:45:00+00:00,1541,49.9999999992724,57.862629946396936,0,0,0
2025-11-15 13:00:00+00:00,1541,60.00000000130967,50.99913711751395,0,0,0
2025-11-15 13:15:00+00:00,1541,49.9999999992724,48.95768670033687,0,0,0
2025-11-15 13:30:00+00:00,1541,49.9999999992724,51.6109053747369,0,0,0
2025-11-15 13:45:00+00:00,1541,50.000000001091394,52.72542868727079,0,0,0
2025-11-15 14:00:00+00:00,1541,59.99999999949068,54.63890691682677,0,0,0
2025-11-15 14:15:00+00:00,1541,40.00000000087312,54.94933664288817,0,0,0
2025-11-15 14:30:00+00:00,1541,59.99999999949068,52.448748042148665,0,0,0
2025-11-15 14:45:00+00:00,1541,49.9999999992724,52.43099838240797,0,0,0
2025-11-15 15:00:00+00:00,1541,60.00000000130967,51.50441127995396,0,0,0
2025-11-15 15:15:00+00:00,1541,49.9999999992724,45.4854838890419,0,0,0
2025-11-15 15:30:00+00:00,1541,49.9999999992724,47.169777461110144,0,0,0
2025-11-15 15:45:00+00:00,1541,50.000000001091394,50.41616472751944,0,0,0
2025-11-15 16:00:00+00:00,1541,59.99999999949068,53.10211247629114,0,0,0
2025-11-15 16:15:00+00:00,1541,49.9999999992724,53.35829253486905,0,0,0
2025-11-15 16:30:00+00:00,1541,60.00000000130967,53.078745053106175,0,0,0
2025-11-15 16:45:00+00:00,1541,49.9999999992724,51.76029770027756,0,0,0
2025-11-15 17:00:00+00:00,1541,49.9999999992724,53.00700459118514,0,0,0
2025-11-15 17:15:00+00:00,1541,60.00000000130967,50.93383351522026,0,0,0
2025-11-15 17:30:00+00:00,1541,49.9999999992724,50.68316690123311,0,0,0
2025-11-15 17:45:00+00:00,1541,59.99999999949068,53.76867904089379,0,0,0
2025-11-15 18:00:00+00:00,1541,60.00000000130967,53.53017909615424,0,0,0
2025-11-15 18:15:00+00:00,1541,49.9999999992724,55.06273896396984,0,0,0
2025-11-15 18:30:00+00:00,1541,59.99999999949068,53.41341152613174,0,0,0
2025-11-15 18:45:00+00:00,1541,60.00000000130967,54.26678224807068,0,0,0
2025-11-15 19:00:00+00:00,1541,59.99999999949068,54.32183942075351,0,0,0
2025-11-15 19:15:00+00:00,1541,59.99999999949068,52.64006109215309,0,0,0
2025-11-15 19:30:00+00:00,1541,50.000000001091394,52.30010913054998,0,0,0
2025-11-15 19:45:00+00:00,1541,29.999999998835847,54.45079297832981,0,0,0
2025-11-15 20:00:00+00:00,1541,0.0,0.3173212430044287,0,0,0
2025-11-15 20:15:00+00:00,1541,0.0,0.0739221758114183,0,0,0
2025-11-15 20:30:00+00:00,1541,20.00000000043656,4.071611893328161,0,0,0
2025-11-15 20:45:00+00:00,1541,49.9999999992724,39.63267654501298,0,0,0
2025-11-15 21:00:00+00:00,1541,30.00000000065484,36.75503710743524,0,0,0
2025-11-15 21:15:00+00:00,1541,40.00000000087312,10.0762070328671,0,0,0
2025-11-15 21:30:00+00:00,1541,29.999999998835847,22.584657202705863,0,0,0
2025-11-15 21:45:00+00:00,1541,40.00000000087312,22.512184094022015,0,0,0
2025-11-15 22:00:00+00:00,1541,39.999999999054126,27.07035099987344,0,0,0
2025-11-15 22:15:00+00:00,1541,30.00000000065484,31.202055671192056,0,0,0
2025-11-15 22:30:00+00:00,1541,30.00000000065484,25.073195044035,0,0,0
2025-11-15 22:45:00+00:00,1541,9.99999999839929,9.999886200544973,0,0,0
2025-11-15 23:00:00+00:00,1541,10.00000000021828,8.53117333473525,0,0,0
2025-11-15 23:15:00+00:00,1541,10.00000000021828,9.629235518552282,0,0,0
2025-11-15 23:30:00+00:00,1541,10.00000000021828,9.65979514713718,0,0,0
2025-11-15 23:45:00+00:00,1541,10.00000000021828,9.93343895452396,0,0,0
2025-11-16 00:00:00+00:00,1541,10.00000000021828,10.187434112670145,0,0,0
2025-11-16 00:15:00+00:00,1541,20.00000000043656,10.045376947995331,0,0,0
2025-11-16 00:30:00+00:00,1541,19.999999998617568,17.23860235449925,0,0,0
2025-11-16 00:45:00+00:00,1541,20.00000000043656,10.190919135109436,0,0,0
2025-11-16 01:00:00+00:00,1541,10.00000000021828,10.12865237055108,0,0,0
2025-11-16 01:15:00+00:00,1541,10.00000000021828,10.19918737016496,0,0,0
2025-11-16 01:30:00+00:00,1541,10.00000000021828,10.248450982817063,0,0,0
2025-11-16 01:45:00+00:00,1541,10.00000000021828,10.290686595671968,0,0,0
2025-11-16 02:00:00+00:00,1541,10.00000000021828,10.326201369798326,0,0,0
2025-11-16 02:15:00+00:00,1541,19.999999998617568,10.176722111879744,0,0,0
2025-11-16 02:30:00+00:00,1541,10.00000000021828,10.158093469206744,0,0,0
2025-11-16 02:45:00+00:00,1541,10.00000000021828,10.245400622267372,0,0,0
2025-11-16 03:00:00+00:00,1541,10.00000000021828,10.19793554392291,0,0,0
2025-11-16 03:15:00+00:00,1541,20.00000000043656,10.101991176158249,0,0,0
2025-11-16 10:00:00+00:00,1541,170.00000000007276,10.131892050501577,0,0,0
2025-11-16 10:15:00+00:00,1541,90.00000000014552,71.13149935899871,0,0,0
2025-11-16 10:30:00+00:00,1541,59.99999999949068,75.77344106562127,0,0,0
2025-11-16 10:45:00+00:00,1541,79.99999999992724,80.00177010908295,0,0,0
2025-11-16 11:00:00+00:00,1541,69.99999999970896,69.2025355751892,0,0,0
2025-11-16 11:15:00+00:00,1541,69.99999999970896,71.0205968267399,0,0,0
2025-11-16 11:30:00+00:00,1541,70.00000000152795,70.35331162114646,0,0,0
2025-11-16 11:45:00+00:00,1541,79.99999999992724,71.44850503649212,0,0,0
2025-11-16 12:00:00+00:00,1541,59.99999999949068,70.16933952749974,0,0,0
2025-11-16 12:15:00+00:00,1541,90.00000000014552,71.75253653953858,0,0,0
2025-11-16 12:30:00+00:00,1541,69.99999999970896,61.61007805266304,0,0,0
2025-11-16 12:45:00+00:00,1541,59.99999999949068,64.60924509091207,0,0,0
2025-11-16 13:00:00+00:00,1541,69.99999999970896,65.28938856111523,0,0,0
2025-11-16 13:15:00+00:00,1541,70.00000000152795,69.2689441845978,0,0,0
2025-11-16 13:30:00+00:00,1541,69.99999999970896,68.42264009906847,0,0,0
2025-11-16 13:45:00+00:00,1541,59.99999999949068,69.89007409300746,0,0,0
2025-11-16 14:00:00+00:00,1541,69.99999999970896,72.48516398403814,0,0,0
2025-11-16 14:15:00+00:00,1541,79.99999999992724,75.99506840172181,0,0,0
2025-11-16 14:30:00+00:00,1541,60.00000000130967,65.74159920007271,0,0,0
2025-11-16 14:45:00+00:00,1541,69.99999999970896,67.16491018264061,0,0,0
2025-11-16 15:00:00+00:00,1541,79.99999999992724,65.49113349647008,0,0,0
2025-11-16 15:15:00+00:00,1541,69.99999999970896,65.44848640369302,0,0,0
2025-11-16 15:30:00+00:00,1541,69.99999999970896,65.41408436400405,0,0,0
2025-11-16 15:45:00+00:00,1541,79.99999999992724,66.88142563007325,0,0,0
2025-11-16 16:00:00+00:00,1541,69.99999999970896,67.5940547639899,0,0,0
2025-11-16 16:15:00+00:00,1541,79.99999999992724,72.0505561856942,0,0,0
2025-11-16 16:30:00+00:00,1541,60.00000000130967,68.27878826374726,0,0,0
2025-11-16 16:45:00+00:00,1541,79.99999999992724,71.27351209156926,0,0,0
2025-11-16 17:00:00+00:00,1541,69.99999999970896,68.13989736945938,0,0,0
2025-11-16 17:15:00+00:00,1541,79.99999999992724,71.70570896529887,0,0,0
2025-11-16 17:30:00+00:00,1541,69.99999999970896,67.74559528518051,0,0,0
2025-11-16 17:45:00+00:00,1541,69.99999999970896,71.18604652839775,0,0,0
2025-11-16 18:00:00+00:00,1541,69.99999999970896,69.80386808340047,0,0,0
2025-11-16 18:15:00+00:00,1541,69.99999999970896,73.69710178743885,0,0,0
2025-11-16 18:30:00+00:00,1541,80.00000000174623,70.2741915662553,0,0,0
2025-11-16 18:45:00+00:00,1541,69.99999999970896,69.60475043768943,0,0,0
2025-11-16 19:00:00+00:00,1541,79.99999999992724,71.34510573436314,0,0,0
2025-11-16 19:15:00+00:00,1541,69.99999999970896,68.37807663031592,0,0,0
2025-11-16 19:30:00+00:00,1541,69.99999999970896,70.19009511568586,0,0,0
2025-11-16 19:45:00+00:00,1541,30.00000000065484,69.62025144658793,0,0,0
2025-11-16 20:00:00+00:00,1541,0.0,0.6119292762843358,0,0,0
2025-11-16 20:15:00+00:00,1541,10.00000000021828,1.3068898873463546,0,0,0
2025-11-16 20:30:00+00:00,1541,69.99999999970896,37.62078120449816,0,0,0
2025-11-16 20:45:00+00:00,1541,49.9999999992724,62.28987379335452,0,0,0
2025-11-16 21:00:00+00:00,1541,59.99999999949068,40.40575845453539,0,0,0
2025-11-16 21:15:00+00:00,1541,50.000000001091394,52.01832845258986,0,0,0
2025-11-16 21:30:00+00:00,1541,59.99999999949068,56.22022618950254,0,0,0
2025-11-16 21:45:00+00:00,1541,69.99999999970896,59.16115626186748,0,0,0
2025-11-16 22:00:00+00:00,1541,69.99999999970896,66.30435691445483,0,0,0
2025-11-16 22:15:00+00:00,1541,70.00000000152795,70.69553155189799,0,0,0
2025-11-16 22:30:00+00:00,1541,39.999999999054126,69.62171963785947,0,0,0
2025-11-16 22:45:00+00:00,1541,20.00000000043656,30.295557675360115,0,0,0
2025-11-16 23:00:00+00:00,1541,29.999999998835847,20.199094143726867,0,0,0
2025-11-16 23:15:00+00:00,1541,20.00000000043656,20.85452370480261,0,0,0
2025-11-16 23:30:00+00:00,1541,30.00000000065484,21.071729563570592,0,0,0
2025-11-16 23:45:00+00:00,1541,10.00000000021828,22.14191253378859,0,0,0
2025-11-17 00:00:00+00:00,1541,29.999999998835847,22.466444623379275,0,0,0
2025-11-17 00:15:00+00:00,1541,30.00000000065484,21.27929945120376,0,0,0
2025-11-17 00:30:00+00:00,1541,30.00000000065484,56.047377576568365,0,0,0
2025-11-17 00:45:00+00:00,1541,19.999999998617568,39.42404270166559,0,0,0
2025-11-17 01:00:00+00:00,1541,20.00000000043656,29.98503328959832,0,0,0
2025-11-17 01:15:00+00:00,1541,30.00000000065484,21.71071876310865,0,0,0
2025-11-17 01:30:00+00:00,1541,20.00000000043656,20.958058235075026,0,0,0
2025-11-17 01:45:00+00:00,1541,29.999999998835847,21.061683561386594,0,0,0
2025-11-17 02:00:00+00:00,1541,20.00000000043656,20.490527213382062,0,0,0
2025-11-17 02:15:00+00:00,1541,20.00000000043656,20.658627869608814,0,0,0
2025-11-17 02:30:00+00:00,1541,20.00000000043656,20.490964773017595,0,0,0
2025-11-17 02:45:00+00:00,1541,19.999999998617568,20.599229873521832,0,0,0
2025-11-17 03:00:00+00:00,1541,20.00000000043656,20.53996710557828,0,0,0
2025-11-17 03:15:00+00:00,1541,20.00000000043656,20.661783997884974,0,0,0
2025-11-17 03:30:00+00:00,1541,10.00000000021828,20.661251778549044,0,0,0
2025-11-17 03:45:00+00:00,1541,19.999999998617568,20.325522315724577,0,0,0
2025-11-17 04:00:00+00:00,1541,20.00000000043656,20.05651779957281,0,0,0
2025-11-17 04:15:00+00:00,1541,20.00000000043656,19.91889660096021,0,0,0
2025-11-17 04:30:00+00:00,1541,20.00000000043656,19.72460321926608,0,0,0
2025-11-17 04:45:00+00:00,1541,19.999999998617568,20.200502931206827,0,0,0
2025-11-17 05:00:00+00:00,1541,10.00000000021828,20.91099884116085,0,0,0
2025-11-17 05:15:00+00:00,1541,20.00000000043656,20.60596858168362,0,0,0
2025-11-17 05:30:00+00:00,1541,20.00000000043656,20.521253945315635,0,0,0
2025-11-17 05:45:00+00:00,1541,20.00000000043656,21.21669316741387,0,0,0
2025-11-17 06:00:00+00:00,1541,19.999999998617568,56.457489762645,0,0,0
2025-11-17 06:15:00+00:00,1541,110.00000000058208,79.33999448441902,0,0,0
2025-11-17 06:30:00+00:00,1541,130.00000000101863,86.56314008357248,0,0,0
2025-11-17 06:45:00+00:00,1541,49.9999999992724,88.4774065000216,0,0,0
2025-11-17 07:00:00+00:00,1541,59.99999999949068,83.8687309166832,0,0,0
2025-11-17 07:15:00+00:00,1541,59.99999999949068,73.39189573137516,0,0,0
2025-11-17 07:30:00+00:00,1541,110.00000000058208,97.29924239278992,0,0,0
2025-11-17 07:45:00+00:00,1541,90.00000000014552,99.98559968965316,0,0,0
2025-11-17 08:00:00+00:00,1541,90.00000000014552,100.94820770585608,0,0,0
2025-11-17 08:15:00+00:00,1541,90.00000000014552,100.89803420098174,0,0,0
2025-11-17 08:30:00+00:00,1541,90.00000000014552,99.5377472605754,0,0,0
2025-11-17 08:45:00+00:00,1541,79.99999999992724,93.63270514840012,0,0,0
2025-11-17 09:00:00+00:00,1541,79.99999999992724,95.64330809422988,0,0,0
2025-11-17 09:15:00+00:00,1541,79.99999999992724,95.3372520326932,0,0,0
2025-11-17 09:30:00+00:00,1541,69.99999999970896,95.23955549455576,0,0,0
2025-11-17 09:45:00+00:00,1541,79.99999999992724,89.69666980513507,0,0,0
2025-11-17 10:00:00+00:00,1541,90.00000000014552,86.92262285274835,0,0,0
2025-11-17 10:15:00+00:00,1541,90.00000000014552,86.47242131763613,0,0,0
2025-11-17 10:30:00+00:00,1541,69.99999999970896,84.49928815852064,0,0,0
2025-11-17 10:45:00+00:00,1541,90.00000000014552,83.88480374744535,0,0,0
2025-11-17 11:00:00+00:00,1541,79.99999999992724,83.94267366551155,0,0,0
2025-11-17 11:15:00+00:00,1541,79.99999999992724,84.68591072377862,0,0,0
2025-11-17 11:30:00+00:00,1541,79.99999999992724,83.64133899801124,0,0,0
2025-11-17 11:45:00+00:00,1541,79.99999999992724,83.71554447580398,0,0,0
2025-11-17 12:00:00+00:00,1541,79.99999999992724,82.70685843564208,0,0,0
2025-11-17 12:15:00+00:00,1541,79.99999999992724,81.55494647328,0,0,0
2025-11-17 12:30:00+00:00,1541,60.00000000130967,80.04726085653331,0,0,0
2025-11-17 12:45:00+00:00,1541,79.99999999992724,75.8703648715105,0,0,0
2025-11-17 13:00:00+00:00,1541,59.99999999949068,75.29314933676493,0,0,0
2025-11-17 13:15:00+00:00,1541,79.99999999992724,75.1675185278558,0,0,0
2025-11-17 13:30:00+00:00,1541,59.99999999949068,72.49518632129704,0,0,0
2025-11-17 13:45:00+00:00,1541,79.99999999992724,73.10029749020191,0,0,0
2025-11-17 14:00:00+00:00,1541,79.99999999992724,73.6045207367844,0,0,0
2025-11-17 14:15:00+00:00,1541,60.00000000130967,74.0922152405783,0,0,0
2025-11-17 14:30:00+00:00,1541,69.99999999970896,65.34385072996696,0,0,0
2025-11-17 14:45:00+00:00,1541,79.99999999992724,65.84800443064711,0,0,0
2025-11-17 15:00:00+00:00,1541,79.99999999992724,69.06889926018894,0,0,0
2025-11-17 15:15:00+00:00,1541,90.00000000014552,73.88087297070105,0,0,0
2025-11-17 15:30:00+00:00,1541,90.00000000014552,77.3857314468041,0,0,0
2025-11-17 15:45:00+00:00,1541,90.00000000014552,79.99446778933765,0,0,0
2025-11-17 16:00:00+00:00,1541,90.00000000014552,81.73224216030243,0,0,0
2025-11-17 16:15:00+00:00,1541,99.9999999985448,80.7876465328046,0,0,0
2025-11-17 16:30:00+00:00,1541,90.00000000014552,83.53099283297112,0,0,0
2025-11-17 16:45:00+00:00,1541,90.00000000014552,86.09022022036378,0,0,0
2025-11-17 17:00:00+00:00,1541,90.00000000014552,87.37389848568553,0,0,0
2025-11-17 17:15:00+00:00,1541,90.00000000014552,87.593006714657,0,0,0
2025-11-17 17:30:00+00:00,1541,90.00000000014552,88.59669317717317,0,0,0
2025-11-17 17:45:00+00:00,1541,79.99999999992724,87.4651581641956,0,0,0
2025-11-17 18:00:00+00:00,1541,100.0000000003638,91.08602693271791,0,0,0
2025-11-17 18:15:00+00:00,1541,79.99999999992724,88.60892552866186,0,0,0
2025-11-17 18:30:00+00:00,1541,100.0000000003638,91.25819167761246,0,0,0
2025-11-17 18:45:00+00:00,1541,90.00000000014552,88.53705370225863,0,0,0
2025-11-17 19:00:00+00:00,1541,79.99999999992724,91.0492294230596,0,0,0
2025-11-17 19:15:00+00:00,1541,99.9999999985448,89.42480714558035,0,0,0
2025-11-17 19:30:00+00:00,1541,90.00000000014552,89.79897182747163,0,0,0
2025-11-17 19:45:00+00:00,1541,90.00000000014552,90.65223050323458,0,0,0
2025-11-17 20:00:00+00:00,1541,90.00000000014552,90.55805762414889,0,0,0
2025-11-17 20:15:00+00:00,1541,100.0000000003638,89.62950391812325,0,0,0
2025-11-17 20:30:00+00:00,1541,90.00000000014552,89.10702100851627,0,0,0
2025-11-17 20:45:00+00:00,1541,90.00000000014552,90.7853799969185,0,0,0
2025-11-17 21:00:00+00:00,1541,100.0000000003638,90.06935856843234,0,0,0
2025-11-17 21:15:00+00:00,1541,89.99999999832653,91.90335355894052,0,1,1
2025-11-17 21:30:00+00:00,1541,90.00000000014552,92.78038147865747,0,1,1
2025-11-17 21:45:00+00:00,1541,50.000000001091394,86.85210330777943,0,1,1
2025-11-17 22:00:00+00:00,1541,0.0,49.2812316244805,0,1,1
2025-11-17 22:15:00+00:00,1541,59.99999999949068,26.170755434848367,0,0,0
2025-11-17 22:30:00+00:00,1541,40.00000000087312,61.988438670661935,0,0,0
2025-11-17 22:45:00+00:00,1541,19.999999998617568,41.00392855602098,0,0,0
2025-11-17 23:00:00+00:00,1541,10.00000000021828,20.95295820223703,0,0,0
2025-11-17 23:15:00+00:00,1541,20.00000000043656,20.91419215717646,0,0,0
2025-11-17 23:30:00+00:00,1541,20.00000000043656,20.398989834220306,0,0,0
2025-11-17 23:45:00+00:00,1541,29.999999998835847,20.473414574788457,0,0,0
2025-11-18 00:00:00+00:00,1541,20.00000000043656,44.49337681926471,0,0,0
2025-11-18 00:15:00+00:00,1541,20.00000000043656,54.58390383540132,0,0,0
2025-11-18 00:30:00+00:00,1541,30.00000000065484,30.1842765042997,0,0,0
2025-11-18 00:45:00+00:00,1541,19.999999998617568,29.451468433637128,0,0,0
2025-11-18 01:00:00+00:00,1541,30.00000000065484,26.43568668613692,0,0,0
2025-11-18 01:15:00+00:00,1541,20.00000000043656,20.90355453186495,0,0,0
2025-11-18 01:30:00+00:00,1541,19.999999998617568,23.35999404151999,0,0,0
2025-11-18 01:45:00+00:00,1541,30.00000000065484,21.52839355506586,0,0,0
2025-11-18 02:00:00+00:00,1541,30.00000000065484,20.704320976316676,0,0,0
2025-11-18 02:15:00+00:00,1541,20.00000000043656,30.47341359326249,0,0,0
2025-11-18 02:30:00+00:00,1541,29.999999998835847,28.73399137077845,0,0,0
2025-11-18 02:45:00+00:00,1541,20.00000000043656,24.275657607730658,0,0,0
2025-11-18 03:00:00+00:00,1541,30.00000000065484,25.37548065515823,0,0,0
2025-11-18 03:15:00+00:00,1541,19.999999998617568,24.591652454851918,0,0,0
2025-11-18 03:30:00+00:00,1541,30.00000000065484,25.30648532454885,0,0,0
2025-11-18 03:45:00+00:00,1541,20.00000000043656,23.528357909668784,0,0,0
2025-11-18 04:00:00+00:00,1541,19.999999998617568,23.65426400444132,0,0,0
2025-11-18 04:15:00+00:00,1541,30.00000000065484,22.533416844371388,0,0,0
2025-11-18 04:30:00+00:00,1541,30.00000000065484,26.8074800459416,0,0,0
2025-11-18 04:45:00+00:00,1541,20.00000000043656,24.0898773206232,0,0,0
2025-11-18 05:00:00+00:00,1541,29.999999998835847,21.80587252919189,0,0,0
2025-11-18 05:15:00+00:00,1541,20.00000000043656,28.439953227531586,0,0,0
2025-11-18 05:30:00+00:00,1541,20.00000000043656,29.920826967097035,0,0,0
2025-11-18 05:45:00+00:00,1541,19.999999998617568,29.743298494484826,0,0,0
2025-11-18 06:00:00+00:00,1541,20.00000000043656,29.03903128940879,0,0,0
2025-11-18 06:15:00+00:00,1541,120.00000000080036,62.30685072084704,0,0,0
2025-11-18 06:30:00+00:00,1541,119.99999999898137,75.90346872102255,0,0,0
2025-11-18 06:45:00+00:00,1541,90.00000000014552,81.44800805745436,0,0,0
2025-11-18 07:00:00+00:00,1541,79.99999999992724,78.87364284531985,0,0,0
2025-11-18 07:15:00+00:00,1541,79.99999999992724,68.98435462491555,0,0,0
2025-11-18 07:30:00+00:00,1541,150.0000000014552,92.10413257898514,0,0,0
2025-11-18 07:45:00+00:00,1541,99.9999999985448,99.55385872794996,0,0,0
2025-11-18 08:00:00+00:00,1541,100.0000000003638,115.31767386404891,0,0,0
2025-11-18 08:15:00+00:00,1541,100.0000000003638,115.29140869493328,0,0,0
2025-11-18 08:30:00+00:00,1541,110.00000000058208,117.70960471971055,0,0,0
2025-11-18 08:45:00+00:00,1541,99.9999999985448,115.10329475643633,0,0,0
2025-11-18 09:00:00+00:00,1541,100.0000000003638,117.12680233081066,0,0,0
2025-11-18 09:15:00+00:00,1541,100.0000000003638,115.22316871009647,0,0,0
2025-11-18 09:30:00+00:00,1541,100.0000000003638,113.35039801537464,0,0,0
2025-11-18 09:45:00+00:00,1541,100.0000000003638,106.47777149131817,0,0,0
2025-11-18 10:00:00+00:00,1541,90.00000000014552,100.5120003517584,0,0,0
2025-11-18 10:15:00+00:00,1541,99.9999999985448,97.88866709705674,0,0,0
2025-11-18 10:30:00+00:00,1541,90.00000000014552,97.5973624941378,0,0,0
2025-11-18 10:45:00+00:00,1541,100.0000000003638,97.67866938129131,0,0,0
2025-11-18 11:00:00+00:00,1541,90.00000000014552,97.66459019972947,0,0,0
2025-11-18 11:15:00+00:00,1541,100.0000000003638,98.48466002543309,0,0,0
2025-11-18 11:30:00+00:00,1541,79.99999999992724,97.16249196682948,0,0,0
2025-11-18 11:45:00+00:00,1541,100.0000000003638,97.285626850577,0,0,0
2025-11-18 12:00:00+00:00,1541,99.9999999985448,95.1695304982257,0,0,0
2025-11-18 12:15:00+00:00,1541,90.00000000014552,96.419007634243,0,0,0
2025-11-18 12:30:00+00:00,1541,90.00000000014552,96.77713039466208,0,0,0
2025-11-18 12:45:00+00:00,1541,90.00000000014552,95.17811555350298,0,0,0
2025-11-18 13:00:00+00:00,1541,100.0000000003638,94.8397824659598,0,0,0
2025-11-18 13:15:00+00:00,1541,90.00000000014552,94.31604000278828,0,0,0
2025-11-18 13:30:00+00:00,1541,100.0000000003638,95.20652891826856,0,0,0
2025-11-18 13:45:00+00:00,1541,90.00000000014552,93.49674290933284,0,0,0
2025-11-18 14:00:00+00:00,1541,90.00000000014552,94.04628690227108,0,0,0
2025-11-18 14:15:00+00:00,1541,89.99999999832653,90.354404040141,0,0,0
2025-11-18 14:30:00+00:00,1541,79.99999999992724,91.76504994116124,0,0,0
2025-11-18 14:45:00+00:00,1541,100.0000000003638,89.97944344403409,0,0,0
2025-11-18 15:00:00+00:00,1541,90.00000000014552,90.10845882019024,0,0,0
2025-11-18 15:15:00+00:00,1541,90.00000000014552,90.07389450672916,0,0,0
2025-11-18 15:30:00+00:00,1541,79.99999999992724,89.17494417313131,0,0,0
2025-11-18 15:45:00+00:00,1541,90.00000000014552,87.82693594814856,0,0,0
2025-11-18 16:00:00+00:00,1541,90.00000000014552,87.04149998180837,0,0,0
2025-11-18 16:15:00+00:00,1541,90.00000000014552,87.13673150407409,0,0,0
2025-11-18 16:30:00+00:00,1541,79.99999999992724,87.54108683490178,0,0,0
2025-11-18 16:45:00+00:00,1541,90.00000000014552,85.99940872655765,0,0,0
2025-11-18 17:00:00+00:00,1541,79.99999999992724,85.67412708668624,0,0,0
2025-11-18 17:15:00+00:00,1541,79.99999999992724,85.4951700253302,0,0,0
2025-11-18 17:30:00+00:00,1541,90.00000000014552,84.73191147451278,0,0,0
2025-11-18 17:45:00+00:00,1541,90.00000000014552,84.11786752081895,0,0,0
2025-11-18 18:00:00+00:00,1541,90.00000000014552,86.05243361342777,0,0,0
2025-11-18 18:15:00+00:00,1541,90.00000000014552,87.75497912119803,0,0,0
2025-11-18 18:30:00+00:00,1541,99.9999999985448,90.0979882982274,0,0,0
2025-11-18 18:45:00+00:00,1541,100.0000000003638,89.77462303433147,0,0,0
2025-11-18 19:00:00+00:00,1541,90.00000000014552,91.85889827270272,0,0,0
2025-11-18 19:15:00+00:00,1541,90.00000000014552,91.03237613272678,0,0,0
2025-11-18 19:30:00+00:00,1541,100.0000000003638,92.299942930674,0,0,0
2025-11-18 19:45:00+00:00,1541,100.0000000003638,92.52295345749876,0,0,0
2025-11-18 20:00:00+00:00,1541,99.9999999985448,93.77396833068994,0,0,0
2025-11-18 20:15:00+00:00,1541,100.0000000003638,93.66011396124308,0,0,0
2025-11-18 20:30:00+00:00,1541,100.0000000003638,93.68644094893858,0,0,0
2025-11-18 20:45:00+00:00,1541,90.00000000014552,94.4472344838843,0,0,0
2025-11-18 21:00:00+00:00,1541,90.00000000014552,95.74897150184604,0,0,0
2025-11-18 21:15:00+00:00,1541,100.0000000003638,96.17975427556148,0,0,0
2025-11-18 21:30:00+00:00,1541,90.00000000014552,96.5154755281058,0,0,0
2025-11-18 21:45:00+00:00,1541,90.00000000014552,77.83770253876465,0,0,0
2025-11-18 22:00:00+00:00,1541,49.9999999992724,60.04860254412054,0,0,0
2025-11-18 22:15:00+00:00,1541,79.99999999992724,53.74921005190089,0,0,0
2025-11-18 22:30:00+00:00,1541,40.00000000087312,63.51765260784292,0,0,0
2025-11-18 22:45:00+00:00,1541,9.99999999839929,38.33480125646154,0,0,0
2025-11-18 23:00:00+00:00,1541,20.00000000043656,11.049755005873628,0,0,0
2025-11-18 23:15:00+00:00,1541,20.00000000043656,20.03068729234677,0,0,0
2025-11-18 23:30:00+00:00,1541,30.00000000065484,20.558069807364863,0,0,0
2025-11-18 23:45:00+00:00,1541,29.999999998835847,20.665654903490704,0,0,0
2025-11-19 00:00:00+00:00,1541,10.00000000021828,21.821489930885264,0,0,0
2025-11-19 00:15:00+00:00,1541,0.0,22.931221337565127,0,0,0
2025-11-19 00:30:00+00:00,1541,0.0,21.29937117135024,0,0,0
2025-11-19 00:45:00+00:00,1541,0.0,20.7067232076932,0,0,0
2025-11-19 01:00:00+00:00,1541,0.0,20.808493493651486,0,0,0
2025-11-19 01:15:00+00:00,1541,30.00000000065484,18.889546734566665,0,0,0
2025-11-19 01:30:00+00:00,1541,19.999999998617568,20.471260100689,0,0,0
2025-11-19 01:45:00+00:00,1541,20.00000000043656,19.988158524195214,0,0,0
2025-11-19 02:00:00+00:00,1541,10.00000000021828,15.390491477647442,0,0,0
2025-11-19 02:15:00+00:00,1541,30.00000000065484,15.076057066709856,0,0,0
2025-11-19 02:30:00+00:00,1541,20.00000000043656,18.450601976479817,0,0,0
2025-11-19 02:45:00+00:00,1541,9.99999999839929,19.16416225275553,0,0,0
2025-11-19 03:00:00+00:00,1541,20.00000000043656,19.69203641866653,0,0,0
2025-11-19 03:15:00+00:00,1541,10.00000000021828,19.522859732784184,0,0,0
2025-11-19 03:30:00+00:00,1541,30.00000000065484,20.11597133579013,0,0,0
2025-11-19 03:45:00+00:00,1541,19.999999998617568,19.918628076503968,0,0,0
2025-11-19 04:00:00+00:00,1541,10.00000000021828,20.0079762086151,0,0,0
2025-11-19 04:15:00+00:00,1541,20.00000000043656,19.62662704864636,0,0,0
2025-11-19 04:30:00+00:00,1541,20.00000000043656,19.938936928859107,0,0,0
2025-11-19 04:45:00+00:00,1541,20.00000000043656,19.95295042817985,0,0,0
2025-11-19 05:00:00+00:00,1541,19.999999998617568,19.480570028671902,0,0,0
2025-11-19 05:15:00+00:00,1541,10.00000000021828,20.23956792705592,0,0,0
2025-11-19 05:30:00+00:00,1541,30.00000000065484,20.596960455500454,0,0,0
2025-11-19 05:45:00+00:00,1541,20.00000000043656,20.554917059792288,0,0,0
2025-11-19 06:00:00+00:00,1541,19.999999998617568,20.75661080163571,0,0,0
2025-11-19 06:15:00+00:00,1541,110.00000000058208,70.70687526130126,0,0,0
2025-11-19 06:30:00+00:00,1541,139.99999999941792,78.24225105265437,0,0,0
2025-11-19 06:45:00+00:00,1541,90.00000000014552,83.16481820252602,0,0,0
2025-11-19 07:00:00+00:00,1541,79.99999999992724,82.10138408258055,0,0,0
2025-11-19 07:15:00+00:00,1541,70.00000000152795,69.18892003297627,0,0,0
2025-11-19 07:30:00+00:00,1541,129.99999999919964,87.53753226656015,0,0,0
2025-11-19 07:45:00+00:00,1541,90.00000000014552,94.3595216463934,0,0,0
2025-11-19 08:00:00+00:00,1541,90.00000000014552,97.21190046677812,0,0,0
2025-11-19 08:15:00+00:00,1541,90.00000000014552,98.55725049282712,0,0,0
2025-11-19 08:30:00+00:00,1541,90.00000000014552,101.39727332456346,0,0,0
2025-11-19 08:45:00+00:00,1541,90.00000000014552,100.09821768750292,0,0,0
2025-11-19 09:00:00+00:00,1541,99.9999999985448,101.2818503086528,0,0,0
2025-11-19 09:15:00+00:00,1541,90.00000000014552,101.1105278419088,0,0,0
2025-11-19 09:30:00+00:00,1541,90.00000000014552,101.94861778363996,0,0,0
2025-11-19 09:45:00+00:00,1541,90.00000000014552,98.14793422096612,0,0,0
2025-11-19 10:00:00+00:00,1541,90.00000000014552,94.07785301460925,0,0,0
2025-11-19 10:15:00+00:00,1541,90.00000000014552,93.55898649192376,0,0,0
2025-11-19 10:30:00+00:00,1541,90.00000000014552,93.76278689505878,0,0,0
2025-11-19 10:45:00+00:00,1541,90.00000000014552,93.4214478790702,0,0,0
2025-11-19 11:00:00+00:00,1541,90.00000000014552,93.79383527679066,0,0,0
2025-11-19 11:15:00+00:00,1541,90.00000000014552,92.96971633410658,0,0,0
2025-11-19 11:30:00+00:00,1541,90.00000000014552,91.74699118852126,0,0,0
2025-11-19 11:45:00+00:00,1541,79.99999999992724,90.77033490004644,0,0,0
2025-11-19 12:00:00+00:00,1541,69.99999999970896,87.95385721991214,0,0,0
2025-11-19 12:15:00+00:00,1541,69.99999999970896,85.98535272696326,0,0,0
2025-11-19 12:30:00+00:00,1541,69.99999999970896,85.62292584792182,0,0,0
2025-11-19 12:45:00+00:00,1541,69.99999999970896,83.16416910743754,0,0,0
2025-11-19 13:00:00+00:00,1541,69.99999999970896,82.0664643122853,0,0,0
2025-11-19 13:15:00+00:00,1541,70.00000000152795,78.76498123658077,0,0,0
2025-11-19 13:30:00+00:00,1541,69.99999999970896,76.93692082973861,0,0,0
2025-11-19 13:45:00+00:00,1541,79.99999999992724,75.7047297141131,0,0,0
2025-11-19 14:00:00+00:00,1541,69.99999999970896,75.22763709676423,0,0,0
2025-11-19 14:15:00+00:00,1541,69.99999999970896,75.46060041494556,0,0,0
2025-11-19 14:30:00+00:00,1541,79.99999999992724,73.4814708535842,0,0,0
2025-11-19 14:45:00+00:00,1541,69.99999999970896,73.43419509464054,0,0,0
2025-11-19 15:00:00+00:00,1541,69.99999999970896,75.80339989488321,0,0,0
2025-11-19 15:15:00+00:00,1541,70.00000000152795,74.93366656758907,0,0,0
2025-11-19 15:30:00+00:00,1541,69.99999999970896,74.99970426551853,0,0,0
2025-11-19 15:45:00+00:00,1541,69.99999999970896,74.98083414401798,0,0,0
2025-11-19 16:00:00+00:00,1541,79.99999999992724,74.66570620588764,0,0,0
2025-11-19 16:15:00+00:00,1541,69.99999999970896,76.24941322121029,0,0,0
2025-11-19 16:30:00+00:00,1541,90.00000000014552,76.73567044302258,0,0,0
2025-11-19 16:45:00+00:00,1541,69.99999999970896,75.55645785033231,0,0,0
2025-11-19 17:00:00+00:00,1541,90.00000000014552,77.60993970861355,0,0,0
2025-11-19 17:15:00+00:00,1541,90.00000000014552,77.9276099358404,0,0,0
2025-11-19 17:30:00+00:00,1541,90.00000000014552,81.427136559431,0,0,0
2025-11-19 17:45:00+00:00,1541,79.99999999992724,81.86318163975656,0,0,0
2025-11-19 18:00:00+00:00,1541,90.00000000014552,81.64202567032741,0,0,0
2025-11-19 18:15:00+00:00,1541,90.00000000014552,82.3174091098818,0,0,0
2025-11-19 18:30:00+00:00,1541,79.99999999992724,85.3902948046072,0,0,0
2025-11-19 18:45:00+00:00,1541,90.00000000014552,84.85727182713505,0,0,0
2025-11-19 19:00:00+00:00,1541,90.00000000014552,85.01963059980017,0,0,0
2025-11-19 19:15:00+00:00,1541,90.00000000014552,86.81775535934783,0,0,0
2025-11-19 19:30:00+00:00,1541,90.00000000014552,86.58309975754297,0,0,0
2025-11-19 19:45:00+00:00,1541,89.99999999832653,87.60920318257885,0,0,0
2025-11-19 20:00:00+00:00,1541,90.00000000014552,86.73159571367574,0,0,0
2025-11-19 20:15:00+00:00,1541,90.00000000014552,88.14224161469596,0,0,0
2025-11-19 20:30:00+00:00,1541,90.00000000014552,87.70572516769903,0,0,0
2025-11-19 20:45:00+00:00,1541,79.99999999992724,88.38116269851078,0,0,0
2025-11-19 21:00:00+00:00,1541,100.0000000003638,88.3255723405767,0,0,0
2025-11-19 21:15:00+00:00,1541,79.99999999992724,90.26574074198484,0,0,0
2025-11-19 21:30:00+00:00,1541,90.00000000014552,90.43683138905438,0,0,0
2025-11-19 21:45:00+00:00,1541,40.00000000087312,75.79149209093876,0,0,0
2025-11-19 22:00:00+00:00,1541,0.0,48.20049023400642,0,0,0
2025-11-19 22:15:00+00:00,1541,49.9999999992724,27.08219698523804,0,0,0
2025-11-19 22:30:00+00:00,1541,49.9999999992724,51.22083013585559,0,0,0
2025-11-19 22:45:00+00:00,1541,10.00000000021828,33.33149131397755,0,0,0
2025-11-19 23:00:00+00:00,1541,0.0,21.211764584543445,0,0,0
2025-11-19 23:15:00+00:00,1541,20.00000000043656,20.877148822071668,0,0,0
2025-11-19 23:30:00+00:00,1541,30.00000000065484,20.16365229620643,0,0,0
2025-11-19 23:45:00+00:00,1541,19.999999998617568,20.191301621961625,0,0,0
2025-11-20 00:00:00+00:00,1541,10.00000000021828,20.26499516463994,0,0,0
2025-11-20 00:15:00+00:00,1541,30.00000000065484,20.314111475207238,0,0,0
2025-11-20 00:30:00+00:00,1541,20.00000000043656,20.585180152376957,0,0,0
2025-11-20 00:45:00+00:00,1541,19.999999998617568,20.51716136214621,0,0,0
2025-11-20 01:00:00+00:00,1541,20.00000000043656,20.38256492732758,0,0,0
2025-11-20 01:15:00+00:00,1541,20.00000000043656,20.532156231422142,0,0,0
2025-11-20 01:30:00+00:00,1541,20.00000000043656,20.96324616620624,0,0,0
2025-11-20 01:45:00+00:00,1541,29.999999998835847,21.050744570498296,0,0,0
2025-11-20 02:00:00+00:00,1541,30.00000000065484,20.25967538606888,0,0,0
2025-11-20 02:15:00+00:00,1541,20.00000000043656,59.35201339984548,0,0,0
2025-11-20 02:30:00+00:00,1541,20.00000000043656,22.5310561473532,0,0,0
2025-11-20 02:45:00+00:00,1541,19.999999998617568,22.373357916059916,0,0,0
2025-11-20 03:00:00+00:00,1541,20.00000000043656,22.053234746902756,0,0,0
2025-11-20 03:15:00+00:00,1541,30.00000000065484,21.590650660471116,0,0,0
2025-11-20 03:30:00+00:00,1541,19.999999998617568,21.20313026758534,0,0,0
2025-11-20 03:45:00+00:00,1541,20.00000000043656,22.09480242932064,0,0,0
2025-11-20 04:00:00+00:00,1541,30.00000000065484,21.55630995640433,0,0,0
2025-11-20 04:15:00+00:00,1541,20.00000000043656,20.655968221802112,0,0,0
2025-11-20 04:30:00+00:00,1541,19.999999998617568,22.63696731224642,0,0,0
2025-11-20 04:45:00+00:00,1541,20.00000000043656,21.944057822345663,0,0,0
2025-11-20 05:00:00+00:00,1541,30.00000000065484,21.552118849873267,0,0,0
2025-11-20 05:15:00+00:00,1541,20.00000000043656,30.99688753197776,0,0,0
2025-11-20 05:30:00+00:00,1541,19.999999998617568,29.62056832925231,0,0,0
2025-11-20 05:45:00+00:00,1541,40.00000000087312,29.20640123070336,0,0,0
2025-11-20 06:00:00+00:00,1541,20.00000000043656,49.79205400446243,0,0,0
2025-11-20 06:15:00+00:00,1541,119.99999999898137,55.14137606120589,0,0,0
2025-11-20 06:30:00+00:00,1541,120.00000000080036,73.32163891537063,0,0,0
2025-11-20 06:45:00+00:00,1541,99.9999999985448,78.01756369685104,0,0,0
2025-11-20 07:00:00+00:00,1541,90.00000000014552,79.47767991639977,0,0,0
2025-11-20 07:15:00+00:00,1541,90.00000000014552,74.49517192603679,0,0,0
2025-11-20 07:30:00+00:00,1541,140.0000000012369,87.68840051069483,0,0,0
2025-11-20 07:45:00+00:00,1541,90.00000000014552,95.86333587457668,0,0,0
2025-11-20 08:00:00+00:00,1541,89.99999999832653,107.20379980241826,0,0,0
2025-11-20 08:15:00+00:00,1541,100.0000000003638,108.48023756657456,0,0,0
2025-11-20 08:30:00+00:00,1541,100.0000000003638,110.7840692186212,0,0,0
2025-11-20 08:45:00+00:00,1541,100.0000000003638,109.54643806796852,0,0,0
2025-11-20 09:00:00+00:00,1541,90.00000000014552,112.62972473875442,0,0,0
2025-11-20 09:15:00+00:00,1541,90.00000000014552,111.94526169528392,0,0,0
2025-11-20 09:30:00+00:00,1541,90.00000000014552,108.40334298055816,0,0,0
2025-11-20 09:45:00+00:00,1541,90.00000000014552,97.3686801126114,0,0,0
2025-11-20 10:00:00+00:00,1541,89.99999999832653,89.60114464461505,0,0,0
2025-11-20 10:15:00+00:00,1541,90.00000000014552,87.0612742000393,0,0,0
2025-11-20 10:30:00+00:00,1541,90.00000000014552,85.8572723568274,0,0,0
2025-11-20 10:45:00+00:00,1541,79.99999999992724,84.39792114220438,0,0,0
2025-11-20 11:00:00+00:00,1541,79.99999999992724,85.4308014290568,0,0,0
2025-11-20 11:15:00+00:00,1541,70.00000000152795,81.24402992590225,0,0,0
2025-11-20 11:30:00+00:00,1541,69.99999999970896,81.36832390802202,0,0,0
2025-11-20 11:45:00+00:00,1541,79.99999999992724,78.32359657642029,0,0,0
2025-11-20 12:00:00+00:00,1541,79.99999999992724,78.19060162918602,0,0,0
2025-11-20 12:15:00+00:00,1541,79.99999999992724,76.09301221417864,0,0,0
2025-11-20 12:30:00+00:00,1541,69.99999999970896,74.19321907273793,0,0,0
2025-11-20 12:45:00+00:00,1541,79.99999999992724,71.20195708538778,0,0,0
2025-11-20 13:00:00+00:00,1541,69.99999999970896,71.87305958828723,0,0,0
2025-11-20 13:15:00+00:00,1541,69.99999999970896,71.46338013226959,0,0,0
2025-11-20 13:30:00+00:00,1541,70.00000000152795,71.19453112848277,0,0,0
2025-11-20 13:45:00+00:00,1541,59.99999999949068,70.63843436607995,0,0,0
2025-11-20 14:00:00+00:00,1541,69.99999999970896,69.21962841251894,0,0,0
2025-11-20 14:15:00+00:00,1541,69.99999999970896,69.27997107377934,0,0,0
2025-11-20 14:30:00+00:00,1541,79.99999999992724,71.92748312052656,0,0,0
2025-11-20 14:45:00+00:00,1541,100.0000000003638,71.73742189676418,0,0,0
2025-11-20 15:00:00+00:00,1541,79.99999999992724,73.62465041184949,0,0,0
2025-11-20 15:15:00+00:00,1541,69.99999999970896,71.84510213554807,0,0,0
2025-11-20 15:30:00+00:00,1541,79.99999999992724,70.74364186166967,0,0,0
2025-11-20 15:45:00+00:00,1541,79.99999999992724,72.66001010983385,0,0,0
2025-11-20 16:00:00+00:00,1541,79.99999999992724,75.6466434310174,0,0,0
2025-11-20 16:15:00+00:00,1541,79.99999999992724,76.69292289505326,0,0,0
2025-11-20 16:30:00+00:00,1541,79.99999999992724,79.14461686278918,0,0,0
2025-11-20 16:45:00+00:00,1541,79.99999999992724,80.4312778745889,0,0,0
2025-11-20 17:00:00+00:00,1541,79.99999999992724,82.00097525425204,0,0,0
2025-11-20 17:15:00+00:00,1541,79.99999999992724,82.47075782453312,0,0,0
2025-11-20 17:30:00+00:00,1541,80.00000000174623,83.84532485688582,0,0,0
2025-11-20 17:45:00+00:00,1541,79.99999999992724,83.03160689026225,0,0,0
2025-11-20 18:00:00+00:00,1541,69.99999999970896,82.36897353280284,0,0,0
2025-11-20 18:15:00+00:00,1541,90.00000000014552,82.2411481643089,0,0,0
2025-11-20 18:30:00+00:00,1541,90.00000000014552,82.97144195741895,0,0,0
2025-11-20 18:45:00+00:00,1541,79.99999999992724,84.5350192976765,0,0,0
2025-11-20 19:00:00+00:00,1541,79.99999999992724,84.16967149073695,0,0,0
2025-11-20 19:15:00+00:00,1541,90.00000000014552,82.82276054554661,0,0,0
2025-11-20 19:30:00+00:00,1541,79.99999999992724,84.14697634460789,0,0,0
2025-11-20 19:45:00+00:00,1541,90.00000000014552,85.28361911774594,0,0,0
2025-11-20 20:00:00+00:00,1541,79.99999999992724,84.33131162241126,0,0,0
2025-11-20 20:15:00+00:00,1541,89.99999999832653,85.63947004535535,0,0,0
2025-11-20 20:30:00+00:00,1541,100.0000000003638,84.794448695358,0,0,0
2025-11-20 20:45:00+00:00,1541,79.99999999992724,85.91185816283884,0,0,0
2025-11-20 21:00:00+00:00,1541,90.00000000014552,86.59748803200408,0,0,0
2025-11-20 21:15:00+00:00,1541,79.99999999992724,86.73453982354131,0,0,0
2025-11-20 22:00:00+00:00,1541,60.00000000130967,88.1713118018725,0,0,0
2025-11-20 22:15:00+00:00,1541,59.99999999949068,48.913729826399134,0,0,0
2025-11-20 22:30:00+00:00,1541,39.999999999054126,33.763856256971145,0,0,0
2025-11-20 22:45:00+00:00,1541,10.00000000021828,34.15783765736701,0,0,0
2025-11-20 23:00:00+00:00,1541,0.0,24.392974783564675,0,0,0
2025-11-20 23:15:00+00:00,1541,0.0,21.122458469748302,0,0,0
2025-11-20 23:30:00+00:00,1541,0.0,21.25278459298043,0,0,0
2025-11-20 23:45:00+00:00,1541,10.00000000021828,20.97765858855011,0,0,0
2025-11-21 00:00:00+00:00,1541,30.00000000065484,20.834725338688926,0,0,0
2025-11-21 00:15:00+00:00,1541,29.999999998835847,27.645723568207107,0,0,0
2025-11-21 00:30:00+00:00,1541,10.00000000021828,20.55045646288967,0,0,0
2025-11-21 00:45:00+00:00,1541,20.00000000043656,20.49181719327887,0,0,0
2025-11-21 01:00:00+00:00,1541,30.00000000065484,20.2544063180516,0,0,0
2025-11-21 01:15:00+00:00,1541,19.999999998617568,20.2117316966882,0,0,0
2025-11-21 01:30:00+00:00,1541,20.00000000043656,20.549739270771827,0,0,0
2025-11-21 01:45:00+00:00,1541,10.00000000021828,20.419018088177825,0,0,0
2025-11-21 02:00:00+00:00,1541,30.00000000065484,20.705542859184103,0,0,0
2025-11-21 02:15:00+00:00,1541,19.999999998617568,20.406666446148314,0,0,0
2025-11-21 02:30:00+00:00,1541,30.00000000065484,20.642000120500946,0,0,0
2025-11-21 02:45:00+00:00,1541,20.00000000043656,20.23783314315876,0,0,0
2025-11-21 03:00:00+00:00,1541,20.00000000043656,20.464451363667223,0,0,0
2025-11-21 03:15:00+00:00,1541,19.999999998617568,20.63001407741636,0,0,0
2025-11-21 03:30:00+00:00,1541,20.00000000043656,20.48516445157969,0,0,0
2025-11-21 03:45:00+00:00,1541,30.00000000065484,20.55172905631089,0,0,0
2025-11-21 04:00:00+00:00,1541,20.00000000043656,20.286848998533785,0,0,0
2025-11-21 04:15:00+00:00,1541,29.999999998835847,21.378043524495112,0,0,0
2025-11-21 04:30:00+00:00,1541,20.00000000043656,20.695182934524286,0,0,0
2025-11-21 04:45:00+00:00,1541,20.00000000043656,21.25722345678857,0,0,0
2025-11-21 05:00:00+00:00,1541,19.999999998617568,21.12010984667149,0,0,0
2025-11-21 05:15:00+00:00,1541,30.00000000065484,21.48619368107744,0,0,0
2025-11-21 05:30:00+00:00,1541,20.00000000043656,45.24190902526243,0,0,0
2025-11-21 05:45:00+00:00,1541,29.999999998835847,29.65572571471389,0,0,0
2025-11-21 06:00:00+00:00,1541,20.00000000043656,28.527930725817505,0,0,0
2025-11-21 06:15:00+00:00,1541,120.00000000080036,40.998274087794925,0,0,0
2025-11-21 06:30:00+00:00,1541,119.99999999898137,79.29674466048839,0,0,0
2025-11-21 06:45:00+00:00,1541,100.0000000003638,82.74860915901125,0,0,0
2025-11-21 07:00:00+00:00,1541,79.99999999992724,86.93615339441398,0,0,0
2025-11-21 07:15:00+00:00,1541,90.00000000014552,84.98569992678257,0,0,0
2025-11-21 07:30:00+00:00,1541,139.99999999941792,93.69279280801862,0,0,0
2025-11-21 07:45:00+00:00,1541,90.00000000014552,103.03820889018633,0,0,0
2025-11-21 08:00:00+00:00,1541,100.0000000003638,113.50376991199342,0,0,0
2025-11-21 08:15:00+00:00,1541,110.00000000058208,113.40530064160782,0,0,0
2025-11-21 08:30:00+00:00,1541,100.0000000003638,115.40816853763329,0,0,0
2025-11-21 08:45:00+00:00,1541,129.99999999919964,114.23896282755692,0,0,0
2025-11-21 09:00:00+00:00,1541,90.00000000014552,114.56988541284008,0,0,0
2025-11-21 09:15:00+00:00,1541,90.00000000014552,115.59487610343857,0,0,0
2025-11-21 09:30:00+00:00,1541,100.0000000003638,109.54925081335188,0,0,0
2025-11-21 09:45:00+00:00,1541,79.99999999992724,95.24444688968676,0,0,0
2025-11-21 10:00:00+00:00,1541,69.99999999970896,77.92795766535208,0,0,0
2025-11-21 10:15:00+00:00,1541,79.99999999992724,74.52003844978321,0,0,0
2025-11-21 10:30:00+00:00,1541,79.99999999992724,75.24396492916827,0,0,0
2025-11-21 10:45:00+00:00,1541,100.0000000003638,76.48738384435984,0,0,0
2025-11-21 11:00:00+00:00,1541,90.00000000014552,78.73232557177268,0,0,0
2025-11-21 11:15:00+00:00,1541,79.99999999992724,81.22212296666635,0,0,0
2025-11-21 11:30:00+00:00,1541,79.99999999992724,80.23949345791308,0,0,0
2025-11-21 11:45:00+00:00,1541,79.99999999992724,75.89515412203212,0,0,0
2025-11-21 12:00:00+00:00,1541,79.99999999992724,77.84287211750497,0,0,0
2025-11-21 12:15:00+00:00,1541,79.99999999992724,78.13316444117879,0,0,0
2025-11-21 12:30:00+00:00,1541,90.00000000014552,79.61305487895844,0,0,0
2025-11-21 12:45:00+00:00,1541,90.00000000014552,80.23482615513407,0,0,0
2025-11-21 13:00:00+00:00,1541,90.00000000014552,83.76456660962852,0,0,0
2025-11-21 13:15:00+00:00,1541,59.99999999949068,80.44149339490984,0,0,0
2025-11-21 13:30:00+00:00,1541,79.99999999992724,78.52486241778128,0,0,0
2025-11-21 13:45:00+00:00,1541,90.00000000014552,77.05817797412304,0,0,0
2025-11-21 14:00:00+00:00,1541,79.99999999992724,79.42682640714703,0,0,0
2025-11-21 14:15:00+00:00,1541,90.00000000014552,76.78342529596011,0,0,0
2025-11-21 14:30:00+00:00,1541,100.0000000003638,79.89240531399803,0,0,0
2025-11-21 14:45:00+00:00,1541,79.99999999992724,82.45679455280852,0,0,0
2025-11-21 15:00:00+00:00,1541,69.99999999970896,84.35239175814161,0,0,0
2025-11-21 15:15:00+00:00,1541,90.00000000014552,81.51795578055962,0,0,0
2025-11-21 15:30:00+00:00,1541,79.99999999992724,81.46190951059911,0,0,0
2025-11-21 15:45:00+00:00,1541,90.00000000014552,81.28228017218717,0,0,0
2025-11-21 16:00:00+00:00,1541,90.00000000014552,80.41656505258355,0,0,0
2025-11-21 16:15:00+00:00,1541,90.00000000014552,81.84262696195496,0,0,0
2025-11-21 16:30:00+00:00,1541,99.9999999985448,87.39721954493561,0,0,0
2025-11-21 16:45:00+00:00,1541,79.99999999992724,88.41867884915992,0,0,0
2025-11-21 17:00:00+00:00,1541,90.00000000014552,91.21560640341524,0,0,0
2025-11-21 17:15:00+00:00,1541,90.00000000014552,89.90306658862397,0,0,0
2025-11-21 17:30:00+00:00,1541,90.00000000014552,93.69435372715996,0,0,0
2025-11-21 17:45:00+00:00,1541,90.00000000014552,93.3091698834096,0,0,0
2025-11-21 18:00:00+00:00,1541,90.00000000014552,94.60228320948164,0,0,0
2025-11-21 18:15:00+00:00,1541,90.00000000014552,94.22596260461792,0,0,0
2025-11-21 18:30:00+00:00,1541,90.00000000014552,96.53426837638156,0,0,0
2025-11-21 18:45:00+00:00,1541,90.00000000014552,96.0456079572774,0,0,0
2025-11-21 19:00:00+00:00,1541,90.00000000014552,95.6570163643126,0,0,0
2025-11-21 19:15:00+00:00,1541,90.00000000014552,95.95079371042571,0,0,0
2025-11-21 19:30:00+00:00,1541,99.9999999985448,96.55113712135932,0,0,0
2025-11-21 19:45:00+00:00,1541,90.00000000014552,96.38307558470262,0,0,0
2025-11-21 20:00:00+00:00,1541,90.00000000014552,97.02146060421413,0,0,0
2025-11-21 20:15:00+00:00,1541,100.0000000003638,96.01939687941912,0,0,0
2025-11-21 20:30:00+00:00,1541,79.99999999992724,97.03118930321872,0,0,0
2025-11-21 20:45:00+00:00,1541,90.00000000014552,91.4679266644135,0,0,0
2025-11-21 21:00:00+00:00,1541,90.00000000014552,94.4071528621712,0,0,0
2025-11-21 21:15:00+00:00,1541,100.0000000003638,97.485401318699,0,0,0
2025-11-21 21:30:00+00:00,1541,90.00000000014552,98.19255178097605,0,0,0
2025-11-21 21:45:00+00:00,1541,90.00000000014552,91.88568889974712,0,0,0
2025-11-21 22:00:00+00:00,1541,59.99999999949068,82.09213447756984,0,0,0
2025-11-21 22:15:00+00:00,1541,39.999999999054126,66.13819629912867,0,0,0
2025-11-21 22:30:00+00:00,1541,0.0,45.25330489409247,0,0,0
2025-11-21 22:45:00+00:00,1541,10.00000000021828,21.8897014212204,0,0,0
2025-11-21 23:00:00+00:00,1541,30.00000000065484,20.287937102130755,0,0,0
2025-11-21 23:15:00+00:00,1541,30.00000000065484,21.169861246555257,0,0,0
2025-11-21 23:30:00+00:00,1541,29.999999998835847,22.58365989514806,0,0,0
2025-11-21 23:45:00+00:00,1541,20.00000000043656,29.419098679760864,0,0,0
2025-11-22 00:00:00+00:00,1541,20.00000000043656,29.71777418241213,0,0,0
2025-11-22 00:15:00+00:00,1541,39.999999999054126,29.245111252675944,0,0,0
2025-11-22 00:30:00+00:00,1541,50.000000001091394,29.09485250110201,0,0,0
2025-11-22 00:45:00+00:00,1541,29.999999998835847,28.820531587082765,0,0,0
2025-11-22 01:00:00+00:00,1541,20.00000000043656,29.82349747677751,0,0,0
2025-11-22 01:15:00+00:00,1541,30.00000000065484,30.02242870083369,0,0,0
2025-11-22 01:30:00+00:00,1541,29.999999998835847,30.079179123055344,0,0,0
2025-11-22 01:45:00+00:00,1541,30.00000000065484,30.029505962311703,0,0,0
2025-11-22 02:00:00+00:00,1541,30.00000000065484,29.53299651539668,0,0,0
2025-11-22 02:15:00+00:00,1541,19.999999998617568,29.583626898212756,0,0,0
2025-11-22 02:30:00+00:00,1541,30.00000000065484,30.38443733854579,0,0,0
2025-11-22 02:45:00+00:00,1541,30.00000000065484,29.983710951538622,0,0,0
2025-11-22 03:00:00+00:00,1541,29.999999998835847,30.00577535497009,0,0,0
2025-11-22 03:15:00+00:00,1541,30.00000000065484,29.90974502074282,0,0,0
2025-11-22 03:30:00+00:00,1541,30.00000000065484,30.265825836196075,0,0,0
2025-11-22 03:45:00+00:00,1541,29.999999998835847,30.094624108865844,0,0,0
2025-11-22 04:00:00+00:00,1541,30.00000000065484,29.83169809776132,0,0,0
2025-11-22 04:15:00+00:00,1541,20.00000000043656,29.61528090884414,0,0,0
2025-11-22 04:30:00+00:00,1541,29.999999998835847,30.117045900962097,0,0,0
2025-11-22 04:45:00+00:00,1541,20.00000000043656,29.91952684508947,0,0,0
2025-11-22 05:00:00+00:00,1541,30.00000000065484,29.815318105930523,0,0,0
2025-11-22 05:15:00+00:00,1541,29.999999998835847,29.446419594310584,0,0,0
2025-11-22 05:30:00+00:00,1541,30.00000000065484,29.615471194160254,0,0,0
2025-11-22 05:45:00+00:00,1541,20.00000000043656,29.554893815479485,0,0,0
2025-11-22 06:00:00+00:00,1541,29.999999998835847,29.427035605864987,0,0,0
2025-11-22 06:15:00+00:00,1541,30.00000000065484,28.898481918533243,0,0,0
2025-11-22 06:30:00+00:00,1541,30.00000000065484,29.37255798236829,0,0,0
2025-11-22 06:45:00+00:00,1541,39.999999999054126,29.390042981313982,0,0,0
2025-11-22 07:00:00+00:00,1541,30.00000000065484,24.038766877897945,0,0,0
2025-11-22 07:15:00+00:00,1541,49.9999999992724,27.084669728432218,0,0,0
2025-11-22 07:30:00+00:00,1541,69.99999999970896,80.38833714355754,0,0,0
2025-11-22 07:45:00+00:00,1541,69.99999999970896,97.86994379468334,0,0,0
2025-11-22 08:00:00+00:00,1541,80.00000000174623,83.3435434442076,0,0,0
2025-11-22 08:15:00+00:00,1541,69.99999999970896,83.66955917971478,0,0,0
2025-11-22 08:30:00+00:00,1541,69.99999999970896,91.00374640293172,0,0,0
2025-11-22 08:45:00+00:00,1541,79.99999999992724,82.90737472672234,0,0,0
2025-11-22 09:00:00+00:00,1541,69.99999999970896,76.96781466502085,0,0,0
2025-11-22 09:15:00+00:00,1541,79.99999999992724,73.31860207763528,0,0,0
2025-11-22 09:30:00+00:00,1541,69.99999999970896,96.90844078559532,0,0,0
2025-11-22 09:45:00+00:00,1541,159.99999999985448,111.75037862229291,0,0,0
2025-11-22 10:00:00+00:00,1541,140.0000000012369,115.8533164038424,0,0,0
2025-11-22 10:15:00+00:00,1541,99.9999999985448,124.30009897263402,0,0,0
2025-11-22 10:30:00+00:00,1541,110.00000000058208,123.60178083995363,0,0,0
2025-11-22 10:45:00+00:00,1541,100.0000000003638,121.38140427071046,0,0,0
2025-11-22 11:00:00+00:00,1541,90.00000000014552,117.72293435099168,0,0,0
2025-11-22 11:15:00+00:00,1541,90.00000000014552,109.19616626719096,0,0,0
2025-11-22 11:30:00+00:00,1541,79.99999999992724,100.90938563770752,0,0,0
2025-11-22 11:45:00+00:00,1541,79.99999999992724,92.025221161801,0,0,0
2025-11-22 12:00:00+00:00,1541,79.99999999992724,79.32249982632023,0,0,0
2025-11-22 12:15:00+00:00,1541,79.99999999992724,78.23933012475625,0,0,0
2025-11-22 12:30:00+00:00,1541,79.99999999992724,81.19417324124967,0,0,0
2025-11-22 12:45:00+00:00,1541,79.99999999992724,80.89504858797915,0,0,0
2025-11-22 13:00:00+00:00,1541,79.99999999992724,80.34388185731973,0,0,0
2025-11-22 13:15:00+00:00,1541,79.99999999992724,82.05495060178741,0,0,0
2025-11-22 13:30:00+00:00,1541,79.99999999992724,82.05908471931518,0,0,0
2025-11-22 13:45:00+00:00,1541,79.99999999992724,81.83175461922308,0,0,0
2025-11-22 14:00:00+00:00,1541,79.99999999992724,79.61828627627861,0,0,0
2025-11-22 14:15:00+00:00,1541,69.99999999970896,78.77526630280404,0,0,0
2025-11-22 14:30:00+00:00,1541,79.99999999992724,79.03507433928716,0,0,0
2025-11-22 14:45:00+00:00,1541,79.99999999992724,79.24054384407825,0,0,0
2025-11-22 15:00:00+00:00,1541,90.00000000014552,79.30622608517356,0,0,0
2025-11-22 15:15:00+00:00,1541,79.99999999992724,79.90398857039824,0,0,0
2025-11-22 15:30:00+00:00,1541,79.99999999992724,81.24377492426035,0,0,0
2025-11-22 15:45:00+00:00,1541,79.99999999992724,81.46790591284498,0,0,0
2025-11-22 16:00:00+00:00,1541,90.00000000014552,82.07695801621558,0,0,0
2025-11-22 16:15:00+00:00,1541,79.99999999992724,82.74447504148348,0,0,0
2025-11-22 16:30:00+00:00,1541,79.99999999992724,83.08637815201325,0,0,0
2025-11-22 16:45:00+00:00,1541,90.00000000014552,81.11662183282232,0,0,0
2025-11-22 17:00:00+00:00,1541,100.0000000003638,82.66070313845829,0,0,0
2025-11-22 17:15:00+00:00,1541,90.00000000014552,85.83232855985615,0,0,0
2025-11-22 17:30:00+00:00,1541,79.99999999992724,87.1583834616681,0,0,0
2025-11-22 17:45:00+00:00,1541,90.00000000014552,85.63749185080002,0,0,0
2025-11-22 18:00:00+00:00,1541,90.00000000014552,86.87506891019534,0,0,0
2025-11-22 18:15:00+00:00,1541,90.00000000014552,87.90479644947519,0,0,0
2025-11-22 18:30:00+00:00,1541,79.99999999992724,88.83059922869728,0,0,0
2025-11-22 18:45:00+00:00,1541,100.0000000003638,86.13903371648131,0,0,0
2025-11-22 19:00:00+00:00,1541,90.00000000014552,86.71248604517825,0,0,0
2025-11-22 19:15:00+00:00,1541,90.00000000014552,87.81049993322976,0,0,0
2025-11-22 19:30:00+00:00,1541,99.9999999985448,87.999772970099,0,0,0
2025-11-22 19:45:00+00:00,1541,50.000000001091394,90.59874970433803,0,0,0
2025-11-22 20:00:00+00:00,1541,0.0,48.85114624161904,0,0,0
2025-11-22 20:15:00+00:00,1541,69.99999999970896,30.524548183870497,0,0,0
2025-11-22 20:30:00+00:00,1541,69.99999999970896,82.1001786202734,0,0,0
2025-11-22 20:45:00+00:00,1541,59.99999999949068,68.16453980085383,0,0,0
2025-11-22 21:00:00+00:00,1541,79.99999999992724,43.10072398864335,0,0,0
2025-11-22 21:15:00+00:00,1541,79.99999999992724,56.43603871543552,0,0,0
2025-11-22 21:30:00+00:00,1541,70.00000000152795,77.97680207075955,0,0,0
2025-11-22 21:45:00+00:00,1541,79.99999999992724,73.44101832039196,0,0,0
2025-11-22 22:00:00+00:00,1541,79.99999999992724,75.84822609260014,0,0,0
2025-11-22 22:15:00+00:00,1541,69.99999999970896,84.31232559107347,0,0,0
2025-11-22 22:30:00+00:00,1541,59.99999999949068,75.68121547180098,0,0,0
2025-11-22 22:45:00+00:00,1541,30.00000000065484,54.15458538929617,0,0,0
2025-11-22 23:00:00+00:00,1541,20.00000000043656,31.63759268006443,0,0,0
2025-11-22 23:15:00+00:00,1541,29.999999998835847,29.58958466384622,0,0,0
2025-11-22 23:30:00+00:00,1541,40.00000000087312,31.02637306273769,0,0,0
2025-11-22 23:45:00+00:00,1541,19.999999998617568,30.617113779879997,0,0,0
2025-11-23 00:00:00+00:00,1541,30.00000000065484,30.678018603850926,0,0,0
2025-11-23 00:15:00+00:00,1541,30.00000000065484,30.30487489444255,0,0,0
2025-11-23 00:30:00+00:00,1541,59.99999999949068,30.3767959825266,0,0,0
2025-11-23 00:45:00+00:00,1541,40.00000000087312,32.47444142062197,0,0,0
2025-11-23 01:00:00+00:00,1541,19.999999998617568,38.15086586759661,0,0,0
2025-11-23 01:15:00+00:00,1541,30.00000000065484,34.95998589040472,0,0,0
2025-11-23 01:30:00+00:00,1541,30.00000000065484,30.51556323965478,0,0,0
2025-11-23 01:45:00+00:00,1541,29.999999998835847,30.7318896325328,0,0,0
2025-11-23 02:00:00+00:00,1541,30.00000000065484,30.451759703837865,0,0,0
2025-11-23 02:15:00+00:00,1541,30.00000000065484,30.45202533054817,0,0,0
2025-11-23 02:30:00+00:00,1541,29.999999998835847,30.470919599931488,0,0,0
2025-11-23 02:45:00+00:00,1541,30.00000000065484,30.668519792690173,0,0,0
2025-11-23 03:00:00+00:00,1541,29.999999998835847,30.50175837804105,0,0,0
2025-11-23 03:15:00+00:00,1541,30.00000000065484,30.33641975664388,0,0,0
2025-11-23 03:30:00+00:00,1541,30.00000000065484,30.484125594052884,0,0,0
2025-11-23 03:45:00+00:00,1541,29.999999998835847,30.446147735885454,0,0,0
2025-11-23 05:15:00+00:00,1541,30.00000000065484,30.345972659062006,0,0,0
2025-11-23 05:30:00+00:00,1541,20.00000000043656,30.32660798892261,0,0,0
2025-11-23 05:45:00+00:00,1541,39.999999999054126,30.488154426811835,0,0,0
2025-11-23 06:00:00+00:00,1541,30.00000000065484,30.346255672247903,0,0,0
2025-11-23 06:15:00+00:00,1541,30.00000000065484,30.33822408644338,0,0,0
2025-11-23 06:30:00+00:00,1541,29.999999998835847,30.283497256796643,0,0,0
2025-11-23 06:45:00+00:00,1541,40.00000000087312,30.36255162944671,0,0,0
2025-11-23 07:00:00+00:00,1541,39.999999999054126,30.23079595155545,0,0,0
2025-11-23 07:15:00+00:00,1541,40.00000000087312,30.196659538576785,0,0,0
2025-11-23 07:30:00+00:00,1541,90.00000000014552,81.04211498945278,0,0,0
2025-11-23 07:45:00+00:00,1541,79.99999999992724,89.27114161070725,0,0,0
2025-11-23 08:00:00+00:00,1541,79.99999999992724,86.23422660213461,0,0,0
2025-11-23 08:15:00+00:00,1541,79.99999999992724,87.78407249034201,0,0,0
2025-11-23 08:30:00+00:00,1541,79.99999999992724,95.45860963226988,0,0,0
2025-11-23 08:45:00+00:00,1541,149.9999999996362,91.99587279101512,0,0,0
2025-11-23 09:00:00+00:00,1541,69.99999999970896,107.07748898913074,0,0,0
2025-11-23 09:15:00+00:00,1541,79.99999999992724,97.94688474463464,0,0,0
2025-11-23 09:30:00+00:00,1541,60.00000000130967,93.010717507195,0,0,0
2025-11-23 09:45:00+00:00,1541,170.00000000007276,93.44580439953282,0,0,0
2025-11-23 10:00:00+00:00,1541,170.00000000007276,113.68424152855587,0,0,0
2025-11-23 10:15:00+00:00,1541,119.99999999898137,123.68219135769928,0,0,0
2025-11-23 10:30:00+00:00,1541,100.0000000003638,127.32733937345942,0,0,0
2025-11-23 10:45:00+00:00,1541,79.99999999992724,124.01168438832327,0,0,0
2025-11-23 11:00:00+00:00,1541,100.0000000003638,121.3719614826377,0,0,0
2025-11-23 11:15:00+00:00,1541,100.0000000003638,114.57274452215832,0,0,0
2025-11-23 11:30:00+00:00,1541,79.99999999992724,111.2719414508322,0,0,0
2025-11-23 11:45:00+00:00,1541,89.99999999832653,106.8737349499306,0,0,0
2025-11-23 12:00:00+00:00,1541,100.0000000003638,95.25293921709424,0,0,0
2025-11-23 12:15:00+00:00,1541,90.00000000014552,91.95531980263064,0,0,0
2025-11-23 12:30:00+00:00,1541,90.00000000014552,95.76187613039065,0,0,0
2025-11-23 12:45:00+00:00,1541,90.00000000014552,94.49903072647982,0,0,0
2025-11-23 13:00:00+00:00,1541,79.99999999992724,91.76262356190196,0,0,0
2025-11-23 13:15:00+00:00,1541,100.0000000003638,88.97361651319046,0,0,0
2025-11-23 13:30:00+00:00,1541,79.99999999992724,89.65318816152997,0,0,0
2025-11-23 13:45:00+00:00,1541,79.99999999992724,92.2836769168498,0,0,0
2025-11-23 14:00:00+00:00,1541,79.99999999992724,87.7223389110349,0,0,0
2025-11-23 14:15:00+00:00,1541,90.00000000014552,84.57262817619542,0,0,0
2025-11-23 14:30:00+00:00,1541,79.99999999992724,86.44853616384489,0,0,0
2025-11-23 14:45:00+00:00,1541,100.0000000003638,87.2398217133038,0,0,0
2025-11-23 15:00:00+00:00,1541,79.99999999992724,88.08840535896526,0,0,0
2025-11-23 15:15:00+00:00,1541,90.00000000014552,87.53485088565895,0,0,0
2025-11-23 15:30:00+00:00,1541,90.00000000014552,87.2135410895432,0,0,0
2025-11-23 15:45:00+00:00,1541,79.99999999992724,90.25373248284812,0,0,0
2025-11-23 16:00:00+00:00,1541,90.00000000014552,88.92695121272287,0,0,0
2025-11-23 16:15:00+00:00,1541,90.00000000014552,88.57496394635434,0,0,0
2025-11-23 16:30:00+00:00,1541,79.99999999992724,88.78243482766823,0,0,0
2025-11-23 16:45:00+00:00,1541,99.9999999985448,87.31586629384721,0,0,0
2025-11-23 17:00:00+00:00,1541,90.00000000014552,88.28757709593368,0,0,0
2025-11-23 17:15:00+00:00,1541,90.00000000014552,89.78698675030236,0,0,0
2025-11-23 17:30:00+00:00,1541,90.00000000014552,89.9065361564183,0,0,0
2025-11-23 17:45:00+00:00,1541,90.00000000014552,90.78671682370783,0,0,0
2025-11-23 18:00:00+00:00,1541,90.00000000014552,92.18599583335735,0,0,0
2025-11-23 18:15:00+00:00,1541,100.0000000003638,92.22242243153656,0,0,0
2025-11-23 18:30:00+00:00,1541,90.00000000014552,94.34776066157607,0,0,0
2025-11-23 18:45:00+00:00,1541,99.9999999985448,94.19955061637512,0,0,0
2025-11-23 19:00:00+00:00,1541,90.00000000014552,93.2990702729259,0,0,0
2025-11-23 19:15:00+00:00,1541,100.0000000003638,93.77681971268574,0,0,0
2025-11-23 19:30:00+00:00,1541,100.0000000003638,94.87575315211258,0,0,0
2025-11-23 19:45:00+00:00,1541,49.9999999992724,95.09272864007907,0,0,0
2025-11-23 20:00:00+00:00,1541,20.00000000043656,44.65674980300557,0,0,0
2025-11-23 20:15:00+00:00,1541,79.99999999992724,42.99914447095884,0,0,0
2025-11-23 20:30:00+00:00,1541,59.99999999949068,75.78919707616167,0,0,0
2025-11-23 20:45:00+00:00,1541,60.00000000130967,61.26660629566946,0,0,0
2025-11-23 21:00:00+00:00,1541,69.99999999970896,38.619790705082224,0,0,0
2025-11-23 22:00:00+00:00,1541,70.00000000152795,48.19696271129348,0,0,0
2025-11-23 22:15:00+00:00,1541,59.99999999949068,59.10504817332712,0,0,0
2025-11-23 22:30:00+00:00,1541,49.9999999992724,57.380514569434894,0,0,0
2025-11-23 22:45:00+00:00,1541,20.00000000043656,65.48158252588259,0,0,0
2025-11-23 23:00:00+00:00,1541,20.00000000043656,56.06289404011183,0,0,0
2025-11-23 23:15:00+00:00,1541,20.00000000043656,14.47841628681426,0,0,0
2025-11-23 23:30:00+00:00,1541,29.999999998835847,19.92317125916561,0,0,0
2025-11-23 23:45:00+00:00,1541,20.00000000043656,21.153302560392067,0,0,0
2025-11-24 00:00:00+00:00,1541,20.00000000043656,21.68700167858138,0,0,0
2025-11-24 00:15:00+00:00,1541,10.00000000021828,22.676644215444533,0,0,0
2025-11-24 00:30:00+00:00,1541,29.999999998835847,22.354611431719064,0,0,0
2025-11-24 00:45:00+00:00,1541,20.00000000043656,53.88560502102716,0,0,0
2025-11-24 01:00:00+00:00,1541,10.00000000021828,46.399119999016406,0,0,0
2025-11-24 01:15:00+00:00,1541,20.00000000043656,21.487237352570133,0,0,0
2025-11-24 01:30:00+00:00,1541,29.999999998835847,20.535685685965703,0,0,0
2025-11-24 01:45:00+00:00,1541,20.00000000043656,20.815929592667253,0,0,0
2025-11-24 02:00:00+00:00,1541,10.00000000021828,20.81911904502162,0,0,0
2025-11-24 02:15:00+00:00,1541,30.00000000065484,20.91216808164388,0,0,0
2025-11-24 02:30:00+00:00,1541,9.99999999839929,20.55103890982173,0,0,0
2025-11-24 02:45:00+00:00,1541,20.00000000043656,20.5418767201466,0,0,0
2025-11-24 03:00:00+00:00,1541,20.00000000043656,20.295617094762356,0,0,0
2025-11-24 03:15:00+00:00,1541,20.00000000043656,20.40545422243398,0,0,0
2025-11-24 03:30:00+00:00,1541,19.999999998617568,20.30583647874453,0,0,0
2025-11-24 03:45:00+00:00,1541,20.00000000043656,19.993734753281142,0,0,0
2025-11-24 04:00:00+00:00,1541,20.00000000043656,20.528601663080515,0,0,0
2025-11-24 04:15:00+00:00,1541,10.00000000021828,20.46730757523956,0,0,0
2025-11-24 04:30:00+00:00,1541,20.00000000043656,20.485716955137143,0,0,0
2025-11-24 04:45:00+00:00,1541,19.999999998617568,20.06066109329602,0,0,0
2025-11-24 05:00:00+00:00,1541,20.00000000043656,61.5645718505677,0,0,0
2025-11-24 05:15:00+00:00,1541,20.00000000043656,43.11257770133044,0,0,0
2025-11-24 05:30:00+00:00,1541,10.00000000021828,21.103312096469026,0,0,0
2025-11-24 05:45:00+00:00,1541,20.00000000043656,16.234986403800725,0,0,0
2025-11-24 06:00:00+00:00,1541,19.999999998617568,20.55137504834969,0,0,0
2025-11-24 06:15:00+00:00,1541,120.00000000080036,42.58885455646513,0,0,0
2025-11-24 06:30:00+00:00,1541,139.99999999941792,89.5012149102804,0,0,0
2025-11-24 06:45:00+00:00,1541,90.00000000014552,93.1053308436622,0,0,0
2025-11-24 07:00:00+00:00,1541,69.99999999970896,88.78088163584938,0,0,0
2025-11-24 07:15:00+00:00,1541,79.99999999992724,77.17200143427996,0,0,0
2025-11-24 07:30:00+00:00,1541,110.00000000058208,85.76983770294582,0,0,0
2025-11-24 07:45:00+00:00,1541,90.00000000014552,88.82508964776777,0,0,0
2025-11-24 08:00:00+00:00,1541,69.99999999970896,88.67267593913672,0,0,0
2025-11-24 08:15:00+00:00,1541,79.99999999992724,89.31800782155938,0,0,0
2025-11-24 08:30:00+00:00,1541,90.00000000014552,86.89833587818805,0,0,0
2025-11-24 08:45:00+00:00,1541,79.99999999992724,82.5244395338142,0,0,0
2025-11-24 09:00:00+00:00,1541,69.99999999970896,86.46771537824472,0,0,0
2025-11-24 09:15:00+00:00,1541,79.99999999992724,87.99934796736251,0,0,0
2025-11-24 09:30:00+00:00,1541,79.99999999992724,89.27774074410671,0,0,0
2025-11-24 09:45:00+00:00,1541,79.99999999992724,85.21885642802596,0,0,0
2025-11-24 10:00:00+00:00,1541,79.99999999992724,82.20023199176775,0,0,0
2025-11-24 10:15:00+00:00,1541,70.00000000152795,80.23818754041365,0,0,0
2025-11-24 10:30:00+00:00,1541,69.99999999970896,79.8866407314266,0,0,0
2025-11-24 10:45:00+00:00,1541,69.99999999970896,77.67975606723662,0,0,0
2025-11-24 11:00:00+00:00,1541,79.99999999992724,78.36152227516097,0,0,0
2025-11-24 11:15:00+00:00,1541,69.99999999970896,78.58660372441088,0,0,0
2025-11-24 11:30:00+00:00,1541,69.99999999970896,79.12830448503009,0,0,0
2025-11-24 11:45:00+00:00,1541,79.99999999992724,73.97924951321686,0,0,0
2025-11-24 12:00:00+00:00,1541,69.99999999970896,74.02817891917162,0,0,0
2025-11-24 12:15:00+00:00,1541,70.00000000152795,73.48983954383199,0,0,0
2025-11-24 12:30:00+00:00,1541,69.99999999970896,73.88699301010664,0,0,0
2025-11-24 12:45:00+00:00,1541,69.99999999970896,72.68200979693954,0,0,0
2025-11-24 13:00:00+00:00,1541,69.99999999970896,72.26165118125205,0,0,0
2025-11-24 13:15:00+00:00,1541,59.99999999949068,71.0584297976108,0,0,0
2025-11-24 13:30:00+00:00,1541,90.00000000014552,71.49010121341166,0,0,0
2025-11-24 13:45:00+00:00,1541,50.000000001091394,71.17173552716146,0,0,0
2025-11-24 14:00:00+00:00,1541,69.99999999970896,71.31146097227739,0,0,0
2025-11-24 14:15:00+00:00,1541,69.99999999970896,68.45760623329862,0,0,0
2025-11-24 14:30:00+00:00,1541,69.99999999970896,70.18304779758246,0,0,0
2025-11-24 14:45:00+00:00,1541,69.99999999970896,68.84958239351046,0,0,0
2025-11-24 15:00:00+00:00,1541,69.99999999970896,69.24314265483108,0,0,0
2025-11-24 15:15:00+00:00,1541,60.00000000130967,68.86553931443538,0,0,0
2025-11-24 15:30:00+00:00,1541,79.99999999992724,69.39688546292898,0,0,0
2025-11-24 15:45:00+00:00,1541,59.99999999949068,69.0186407547673,0,0,0
2025-11-24 16:00:00+00:00,1541,79.99999999992724,70.38929003462172,0,0,0
2025-11-24 16:15:00+00:00,1541,59.99999999949068,69.71628661039175,0,0,0
2025-11-24 16:30:00+00:00,1541,70.00000000152795,70.83510245056428,0,0,0
2025-11-24 16:45:00+00:00,1541,69.99999999970896,68.58037793288948,0,0,0
2025-11-24 17:00:00+00:00,1541,69.99999999970896,69.72682667825693,0,0,0
2025-11-24 17:15:00+00:00,1541,69.99999999970896,70.36814035298903,0,0,0
2025-11-24 17:30:00+00:00,1541,69.99999999970896,70.66575045105313,0,0,0
2025-11-24 17:45:00+00:00,1541,69.99999999970896,70.82970105214949,0,0,0
2025-11-24 18:00:00+00:00,1541,60.00000000130967,69.41416375599829,0,0,0
2025-11-24 18:15:00+00:00,1541,69.99999999970896,71.02524867487395,0,0,0
2025-11-24 18:30:00+00:00,1541,59.99999999949068,70.35711346380751,0,0,0
2025-11-24 18:45:00+00:00,1541,79.99999999992724,71.08420814541009,0,0,0
2025-11-24 19:00:00+00:00,1541,69.99999999970896,68.05404681668657,0,0,0
2025-11-24 19:15:00+00:00,1541,69.99999999970896,69.8641566534035,0,0,0
2025-11-24 19:30:00+00:00,1541,70.00000000152795,69.33416278634421,0,0,0
2025-11-24 19:45:00+00:00,1541,79.99999999992724,69.9561195182594,0,0,0
2025-11-24 20:00:00+00:00,1541,59.99999999949068,68.70888330576183,0,0,0
2025-11-24 20:15:00+00:00,1541,79.99999999992724,71.46704288312597,0,0,0
2025-11-24 20:30:00+00:00,1541,69.99999999970896,70.35325752988909,0,0,0
2025-11-24 20:45:00+00:00,1541,69.99999999970896,70.35061478560031,0,0,0
2025-11-24 21:00:00+00:00,1541,69.99999999970896,68.37289932425311,0,0,0
2025-11-24 21:15:00+00:00,1541,60.00000000130967,71.22651451623494,0,0,0
2025-11-24 21:30:00+00:00,1541,79.99999999992724,68.39105853208535,0,0,0
2025-11-24 21:45:00+00:00,1541,29.999999998835847,64.62729611622956,0,0,0
2025-11-24 22:00:00+00:00,1541,0.0,5.885384480901465,0,0,0
2025-11-24 22:15:00+00:00,1541,20.00000000043656,21.871099824176085,0,0,0
2025-11-24 22:30:00+00:00,1541,50.000000001091394,36.88945195017554,0,0,0
2025-11-24 22:45:00+00:00,1541,9.99999999839929,37.083038764820245,0,0,0
2025-11-24 23:00:00+00:00,1541,0.0,18.30186840518073,0,0,0
2025-11-24 23:15:00+00:00,1541,20.00000000043656,16.211089659025752,0,0,0
2025-11-24 23:30:00+00:00,1541,20.00000000043656,20.28034549075004,0,0,0
2025-11-24 23:45:00+00:00,1541,20.00000000043656,20.02757656209019,0,0,0
2025-11-25 00:00:00+00:00,1541,10.00000000021828,19.976760723534557,0,0,0
2025-11-25 00:15:00+00:00,1541,19.999999998617568,20.17939574984779,0,0,0
2025-11-25 00:30:00+00:00,1541,20.00000000043656,20.26094170104058,0,0,0
2025-11-25 00:45:00+00:00,1541,20.00000000043656,20.52995974000669,0,0,0
2025-11-25 01:00:00+00:00,1541,20.00000000043656,20.259176490811143,0,0,0
2025-11-25 01:15:00+00:00,1541,19.999999998617568,20.21101112386677,0,0,0
2025-11-25 01:30:00+00:00,1541,20.00000000043656,20.41058999413845,0,0,0
2025-11-25 01:45:00+00:00,1541,20.00000000043656,20.31735115515773,0,0,0
2025-11-25 02:00:00+00:00,1541,20.00000000043656,20.164555909979143,0,0,0
2025-11-25 05:00:00+00:00,1541,20.00000000043656,19.69237014240621,0,0,0
2025-11-25 05:15:00+00:00,1541,20.00000000043656,20.24995538030208,0,0,0
2025-11-25 05:30:00+00:00,1541,20.00000000043656,20.570595797107863,0,0,0
2025-11-25 05:45:00+00:00,1541,19.999999998617568,20.50733800344122,0,0,0
2025-11-25 06:00:00+00:00,1541,10.00000000021828,20.558643078101483,0,0,0
2025-11-25 06:15:00+00:00,1541,120.00000000080036,20.777263519841288,0,0,0
2025-11-25 06:30:00+00:00,1541,170.00000000007276,85.31798252082251,0,0,0
2025-11-25 06:45:00+00:00,1541,59.99999999949068,87.68513958060751,0,0,0
2025-11-25 07:00:00+00:00,1541,69.99999999970896,84.16861284755694,0,0,0
2025-11-25 07:15:00+00:00,1541,90.00000000014552,72.86088958507075,0,0,0
2025-11-25 07:30:00+00:00,1541,120.00000000080036,87.72550711325243,0,0,0
2025-11-25 07:45:00+00:00,1541,79.99999999992724,90.6464891026306,0,0,0
2025-11-25 08:00:00+00:00,1541,99.9999999985448,94.778342524907,0,0,0
2025-11-25 08:15:00+00:00,1541,79.99999999992724,94.15983217881868,0,0,0
2025-11-25 08:30:00+00:00,1541,80.00000000174623,97.45028836534168,0,0,0
2025-11-25 08:45:00+00:00,1541,89.99999999832653,94.39919372001496,0,0,0
2025-11-25 09:00:00+00:00,1541,90.00000000014552,96.64449090426196,0,0,0
2025-11-25 09:30:00+00:00,1541,100.0000000003638,98.58032427775778,0,0,0
2025-11-25 09:45:00+00:00,1541,100.0000000003638,99.55088370879449,0,0,0
2025-11-25 10:00:00+00:00,1541,90.00000000014552,95.71011079708504,0,0,0
2025-11-25 10:15:00+00:00,1541,99.9999999985448,93.89524865704182,0,0,0
2025-11-25 10:30:00+00:00,1541,100.0000000003638,90.76705078799166,0,0,0
2025-11-25 10:45:00+00:00,1541,100.0000000003638,91.47407761310902,0,0,0
2025-11-25 11:00:00+00:00,1541,90.00000000014552,92.58081564824248,0,0,0
2025-11-25 11:15:00+00:00,1541,100.0000000003638,94.90463788354955,0,0,0
2025-11-25 11:30:00+00:00,1541,90.00000000014552,94.47659058199268,0,0,0
2025-11-25 11:45:00+00:00,1541,109.99999999876307,96.95419426201003,0,0,0
2025-11-25 12:00:00+00:00,1541,90.00000000014552,94.85543029398544,0,0,0
2025-11-25 12:15:00+00:00,1541,100.0000000003638,97.43098551378216,0,0,0
2025-11-25 12:30:00+00:00,1541,100.0000000003638,95.06542800975087,0,0,0
2025-11-25 12:45:00+00:00,1541,100.0000000003638,95.23872867105024,0,0,0
2025-11-25 13:00:00+00:00,1541,109.99999999876307,94.16677131440734,0,0,0
2025-11-25 13:15:00+00:00,1541,100.0000000003638,95.15208993138428,0,0,0
2025-11-25 13:30:00+00:00,1541,100.0000000003638,96.26996303821402,0,0,0
2025-11-25 13:45:00+00:00,1541,100.0000000003638,96.98307899344702,0,0,0
2025-11-25 14:00:00+00:00,1541,90.00000000014552,96.71694227985132,0,0,0
2025-11-25 14:15:00+00:00,1541,100.0000000003638,96.8667905174184,0,0,0
2025-11-25 14:30:00+00:00,1541,99.9999999985448,96.2218990923772,0,0,0
2025-11-25 14:45:00+00:00,1541,90.00000000014552,95.96295651601206,0,0,0
2025-11-25 15:00:00+00:00,1541,100.0000000003638,95.67966514650676,0,0,0
2025-11-25 15:15:00+00:00,1541,100.0000000003638,94.79132442667644,0,0,0
2025-11-25 15:30:00+00:00,1541,100.0000000003638,94.62133105939928,0,0,0
2025-11-25 15:45:00+00:00,1541,90.00000000014552,95.60722149823988,0,0,0
2025-11-25 16:00:00+00:00,1541,99.9999999985448,95.90333249574248,0,0,0
2025-11-25 16:15:00+00:00,1541,100.0000000003638,94.56010748337596,0,0,0
2025-11-25 16:30:00+00:00,1541,90.00000000014552,97.05320444496935,0,0,0
2025-11-25 16:45:00+00:00,1541,100.0000000003638,97.48122856455882,0,0,0
2025-11-25 17:00:00+00:00,1541,100.0000000003638,96.88391426403808,0,0,0
2025-11-25 17:15:00+00:00,1541,90.00000000014552,98.32348353310768,0,0,0
2025-11-25 17:30:00+00:00,1541,99.9999999985448,99.28182606730064,0,0,0
2025-11-25 17:45:00+00:00,1541,100.0000000003638,98.94115932836796,0,0,0
2025-11-25 18:00:00+00:00,1541,90.00000000014552,98.10673213749315,0,0,0
2025-11-25 18:15:00+00:00,1541,100.0000000003638,98.59392436532576,0,0,0
2025-11-25 18:30:00+00:00,1541,90.00000000014552,96.66057918966906,0,0,0
2025-11-25 18:45:00+00:00,1541,100.0000000003638,97.41873770764848,0,0,0
2025-11-25 19:00:00+00:00,1541,99.9999999985448,95.3658199439084,0,0,0
2025-11-25 19:15:00+00:00,1541,90.00000000014552,96.96368341401772,0,0,0
2025-11-25 19:30:00+00:00,1541,79.99999999992724,96.04503613541377,0,0,0
2025-11-25 19:45:00+00:00,1541,70.00000000152795,92.5235716432973,0,0,0
2025-11-25 20:00:00+00:00,1541,79.99999999992724,85.72154193743457,0,0,0
2025-11-25 20:30:00+00:00,1541,79.99999999992724,89.02676503722029,0,0,0
2025-11-25 20:45:00+00:00,1541,90.00000000014552,89.4520845939411,0,0,0
2025-11-25 21:00:00+00:00,1541,79.99999999992724,88.71507575759436,0,0,0
2025-11-25 21:15:00+00:00,1541,79.99999999992724,88.14291389175189,0,0,0
2025-11-25 21:30:00+00:00,1541,90.00000000014552,88.11057504716555,0,0,0
2025-11-25 21:45:00+00:00,1541,29.999999998835847,88.39399778115305,0,0,0
2025-11-25 22:00:00+00:00,1541,0.0,7.378608413623457,0,0,0
2025-11-25 22:15:00+00:00,1541,20.00000000043656,9.359387758334687,0,0,0
2025-11-25 22:30:00+00:00,1541,40.00000000087312,40.920162448487645,0,0,0
2025-11-25 22:45:00+00:00,1541,9.99999999839929,34.22058158408862,0,0,0
2025-11-25 23:00:00+00:00,1541,10.00000000021828,20.51795389565825,0,0,0
2025-11-25 23:15:00+00:00,1541,10.00000000021828,20.34940891838879,0,0,0
2025-11-25 23:30:00+00:00,1541,20.00000000043656,20.367275453882023,0,0,0
2025-11-25 23:45:00+00:00,1541,30.00000000065484,20.28365616547584,0,0,0
2025-11-26 00:00:00+00:00,1541,19.999999998617568,20.72864755340469,0,0,0
2025-11-26 00:15:00+00:00,1541,10.00000000021828,22.185983385732925,0,0,0
2025-11-26 00:30:00+00:00,1541,20.00000000043656,20.347262171611817,0,0,0
2025-11-26 00:45:00+00:00,1541,20.00000000043656,20.33631014086683,0,0,0
2025-11-26 01:00:00+00:00,1541,19.999999998617568,20.243626703189484,0,0,0
2025-11-26 01:15:00+00:00,1541,20.00000000043656,20.284534665450487,0,0,0
2025-11-26 01:30:00+00:00,1541,30.00000000065484,20.030221238209585,0,0,0
2025-11-26 01:45:00+00:00,1541,20.00000000043656,19.8665526843838,0,0,0
2025-11-26 02:00:00+00:00,1541,19.999999998617568,20.019748784416123,0,0,0
2025-11-26 02:15:00+00:00,1541,20.00000000043656,20.036342243530484,0,0,0
2025-11-26 02:30:00+00:00,1541,20.00000000043656,20.136162346477423,0,0,0
2025-11-26 02:45:00+00:00,1541,20.00000000043656,20.29221610695505,0,0,0
2025-11-26 03:00:00+00:00,1541,19.999999998617568,20.105602234934864,0,0,0
2025-11-26 03:15:00+00:00,1541,20.00000000043656,20.34131165034317,0,0,0
2025-11-26 03:30:00+00:00,1541,30.00000000065484,20.39421628075717,0,0,0
2025-11-26 03:45:00+00:00,1541,20.00000000043656,20.21510612182447,0,0,0
2025-11-26 04:00:00+00:00,1541,9.99999999839929,20.05474872568213,0,0,0
2025-11-26 04:15:00+00:00,1541,20.00000000043656,20.119165134763392,0,0,0
2025-11-26 04:30:00+00:00,1541,20.00000000043656,20.079380532008184,0,0,0
2025-11-26 04:45:00+00:00,1541,20.00000000043656,20.307110521038723,0,0,0
2025-11-26 05:00:00+00:00,1541,20.00000000043656,20.219953084851177,0,0,0
2025-11-26 05:15:00+00:00,1541,29.999999998835847,29.718575892119617,0,0,0
2025-11-26 05:30:00+00:00,1541,20.00000000043656,61.25266620591229,0,0,0
2025-11-26 05:45:00+00:00,1541,20.00000000043656,22.096973323980368,0,0,0
2025-11-26 06:00:00+00:00,1541,29.999999998835847,20.6665092555826,0,0,0
2025-11-26 06:15:00+00:00,1541,120.00000000080036,71.15408632261303,0,0,0
2025-11-26 06:30:00+00:00,1541,139.99999999941792,75.18056224820509,0,0,0
2025-11-26 06:45:00+00:00,1541,79.99999999992724,79.17230385924147,0,0,0
2025-11-26 07:00:00+00:00,1541,79.99999999992724,81.16644760818497,0,0,0
2025-11-26 10:00:00+00:00,1541,69.99999999970896,73.91307272348271,0,0,0
2025-11-26 10:15:00+00:00,1541,69.99999999970896,87.95322357946863,0,0,0
2025-11-26 10:30:00+00:00,1541,79.99999999992724,94.25575143278527,0,0,0
2025-11-26 10:45:00+00:00,1541,79.99999999992724,93.48775603328652,0,0,0
2025-11-26 11:00:00+00:00,1541,69.99999999970896,90.96347932547904,0,0,0
2025-11-26 11:15:00+00:00,1541,70.00000000152795,90.13453853356631,0,0,0
2025-11-26 11:30:00+00:00,1541,69.99999999970896,86.90121044215128,0,0,0
2025-11-26 11:45:00+00:00,1541,69.99999999970896,85.1547660153619,0,0,0
2025-11-26 12:00:00+00:00,1541,69.99999999970896,83.98988760587537,0,0,0
2025-11-26 12:15:00+00:00,1541,69.99999999970896,80.84797373942003,0,0,0
2025-11-26 12:30:00+00:00,1541,69.99999999970896,76.62011606262973,0,0,0
2025-11-26 12:45:00+00:00,1541,70.00000000152795,70.81277821591435,0,0,0
2025-11-26 13:00:00+00:00,1541,59.99999999949068,69.85309112760955,0,0,0
2025-11-26 13:15:00+00:00,1541,69.99999999970896,71.85629902582421,0,0,0
2025-11-26 13:30:00+00:00,1541,59.99999999949068,71.05836797903095,0,0,0
2025-11-26 13:45:00+00:00,1541,79.99999999992724,71.22465223151683,0,0,0
2025-11-26 14:00:00+00:00,1541,60.00000000130967,71.77737988131757,0,0,0
2025-11-26 14:15:00+00:00,1541,69.99999999970896,72.04068839488495,0,0,0
2025-11-26 14:30:00+00:00,1541,69.99999999970896,69.74654680523048,0,0,0
2025-11-26 14:45:00+00:00,1541,69.99999999970896,68.49418737792746,0,0,0
2025-11-26 15:00:00+00:00,1541,49.9999999992724,68.68942590775265,0,0,0
2025-11-26 15:15:00+00:00,1541,60.00000000130967,65.82774339109983,0,0,0
2025-11-26 15:30:00+00:00,1541,49.9999999992724,62.630718260704285,0,0,0
2025-11-26 15:45:00+00:00,1541,59.99999999949068,64.1516407808623,0,0,0
2025-11-26 16:00:00+00:00,1541,70.00000000152795,66.49325131252246,0,0,0
2025-11-26 16:15:00+00:00,1541,69.99999999970896,68.30969755367447,0,0,0
2025-11-26 16:30:00+00:00,1541,69.99999999970896,67.95680619057558,0,0,0
2025-11-26 16:45:00+00:00,1541,69.99999999970896,66.51639464335545,0,0,0
2025-11-26 17:00:00+00:00,1541,69.99999999970896,67.43630147552393,0,0,0
2025-11-26 17:15:00+00:00,1541,60.00000000130967,69.78899298762302,0,0,0
2025-11-26 17:30:00+00:00,1541,69.99999999970896,68.37777526473913,0,0,0
2025-11-26 17:45:00+00:00,1541,59.99999999949068,68.97209909145941,0,0,0
2025-11-26 18:00:00+00:00,1541,59.99999999949068,69.83267554161263,0,0,0
2025-11-26 18:15:00+00:00,1541,69.99999999970896,68.38568031563801,0,0,0
2025-11-26 18:30:00+00:00,1541,60.00000000130967,69.93987668640266,0,0,0
2025-11-26 18:45:00+00:00,1541,69.99999999970896,69.07599294222723,0,0,0
2025-11-26 19:00:00+00:00,1541,79.99999999992724,67.54600627279807,0,0,0
2025-11-26 19:15:00+00:00,1541,59.99999999949068,70.09014219938376,0,0,0
2025-11-26 19:30:00+00:00,1541,79.99999999992724,71.17743056383054,0,0,0
2025-11-26 19:45:00+00:00,1541,59.99999999949068,71.7687484621054,0,0,0
2025-11-26 20:00:00+00:00,1541,70.00000000152795,73.17787208059671,0,0,0
2025-11-26 20:15:00+00:00,1541,69.99999999970896,73.60989122590925,0,0,0
2025-11-26 20:30:00+00:00,1541,59.99999999949068,74.96897270400841,0,0,0
2025-11-26 20:45:00+00:00,1541,79.99999999992724,73.06618908876725,0,0,0
2025-11-26 21:00:00+00:00,1541,69.99999999970896,72.19877395821763,0,0,0
2025-11-26 21:15:00+00:00,1541,79.99999999992724,73.65127876512177,0,0,0
2025-11-26 21:30:00+00:00,1541,69.99999999970896,75.26275777744401,0,0,0
2025-11-26 21:45:00+00:00,1541,40.00000000087312,75.45805812584905,0,0,0
2025-11-26 22:00:00+00:00,1541,0.0,27.67807400377717,0,0,0
2025-11-26 22:15:00+00:00,1541,10.00000000021828,19.85300523920024,0,0,0
2025-11-26 22:30:00+00:00,1541,49.9999999992724,27.81212856010676,0,0,0
2025-11-26 22:45:00+00:00,1541,20.00000000043656,29.05624293432169,0,0,0
2025-11-26 23:00:00+00:00,1541,10.00000000021828,21.655415764979363,0,0,0
2025-11-26 23:15:00+00:00,1541,20.00000000043656,21.18513236760992,0,0,0
2025-11-26 23:30:00+00:00,1541,29.999999998835847,20.867686232735046,0,0,0
2025-11-26 23:45:00+00:00,1541,20.00000000043656,20.669083902842004,0,0,0
2025-11-27 00:00:00+00:00,1541,30.00000000065484,21.48315491151147,0,0,0
2025-11-27 00:15:00+00:00,1541,10.00000000021828,20.354161704672755,0,0,0
2025-11-27 00:30:00+00:00,1541,29.999999998835847,21.596571721322796,0,0,0
2025-11-27 00:45:00+00:00,1541,20.00000000043656,21.795394279906567,0,0,0
2025-11-27 01:00:00+00:00,1541,20.00000000043656,21.273445521466144,0,0,0
2025-11-27 01:15:00+00:00,1541,29.999999998835847,21.02054619423941,0,0,0
2025-11-27 01:30:00+00:00,1541,20.00000000043656,20.6764185807502,0,0,0
2025-11-27 01:45:00+00:00,1541,30.00000000065484,21.42764569046345,0,0,0
2025-11-27 02:00:00+00:00,1541,29.999999998835847,20.57373985144265,0,0,0
2025-11-27 02:15:00+00:00,1541,30.00000000065484,20.492458078087203,0,0,0
2025-11-27 02:30:00+00:00,1541,30.00000000065484,29.425723892873695,0,0,0
2025-11-27 02:45:00+00:00,1541,19.999999998617568,29.000609110198656,0,0,0
2025-11-27 03:00:00+00:00,1541,30.00000000065484,23.62820892190565,0,0,0
2025-11-27 03:15:00+00:00,1541,30.00000000065484,22.732392017574178,0,0,0
2025-11-27 03:30:00+00:00,1541,20.00000000043656,23.157917314256068,0,0,0
2025-11-27 03:45:00+00:00,1541,29.999999998835847,24.788684206450533,0,0,0
2025-11-27 04:00:00+00:00,1541,30.00000000065484,22.21227028794305,0,0,0
2025-11-27 04:15:00+00:00,1541,29.999999998835847,22.30561441169258,0,0,0
2025-11-27 04:30:00+00:00,1541,20.00000000043656,29.093486696853358,0,0,0
2025-11-27 04:45:00+00:00,1541,30.00000000065484,29.12474178446162,0,0,0
2025-11-27 05:00:00+00:00,1541,20.00000000043656,27.228601734724176,0,0,0
2025-11-27 05:15:00+00:00,1541,29.999999998835847,29.592653376786807,0,0,0
2025-11-27 05:30:00+00:00,1541,20.00000000043656,29.88016965985904,0,0,0
2025-11-27 05:45:00+00:00,1541,30.00000000065484,30.21118497301195,0,0,0
2025-11-27 06:00:00+00:00,1541,19.999999998617568,29.995685403639484,0,0,0
2025-11-27 06:15:00+00:00,1541,110.00000000058208,33.99825106164224,0,0,0
2025-11-27 06:30:00+00:00,1541,120.00000000080036,65.76377661559548,0,0,0
2025-11-27 06:45:00+00:00,1541,79.99999999992724,72.60830659510812,0,0,0
2025-11-27 07:00:00+00:00,1541,69.99999999970896,75.7088870136083,0,0,0
2025-11-27 07:15:00+00:00,1541,79.99999999992724,72.48975401359233,0,0,0
2025-11-27 07:30:00+00:00,1541,119.99999999898137,79.60542801166889,0,0,0
2025-11-27 07:45:00+00:00,1541,79.99999999992724,83.75516245816817,0,0,0
2025-11-27 08:00:00+00:00,1541,90.00000000014552,89.99631218901186,0,0,0
2025-11-27 08:15:00+00:00,1541,90.00000000014552,91.55859906641496,0,0,0
2025-11-27 08:30:00+00:00,1541,90.00000000014552,93.74954226432496,0,0,0
2025-11-27 08:45:00+00:00,1541,90.00000000014552,92.60817036982807,0,0,0
2025-11-27 09:00:00+00:00,1541,90.00000000014552,95.18201785135628,0,0,0
2025-11-27 09:15:00+00:00,1541,79.99999999992724,95.5390587866279,0,0,0
2025-11-27 09:30:00+00:00,1541,79.99999999992724,95.59361368334942,0,0,0
2025-11-27 09:45:00+00:00,1541,79.99999999992724,87.49724973446251,0,0,0
2025-11-27 10:00:00+00:00,1541,79.99999999992724,85.81517390394654,0,0,0
2025-11-27 10:15:00+00:00,1541,69.99999999970896,85.33915538442264,0,0,0
2025-11-27 10:30:00+00:00,1541,79.99999999992724,84.18596068652857,0,0,0
2025-11-27 10:45:00+00:00,1541,70.00000000152795,82.35309388510275,0,0,0
2025-11-27 11:00:00+00:00,1541,79.99999999992724,81.91399651239688,0,0,0
2025-11-27 11:15:00+00:00,1541,69.99999999970896,79.49500457340396,0,0,0
2025-11-27 11:30:00+00:00,1541,69.99999999970896,79.76277175204332,0,0,0
2025-11-27 11:45:00+00:00,1541,69.99999999970896,76.32130050225848,0,0,0
2025-11-27 12:00:00+00:00,1541,69.99999999970896,75.0397163413293,0,0,0
2025-11-27 12:15:00+00:00,1541,69.99999999970896,73.64029823987514,0,0,0
2025-11-27 12:30:00+00:00,1541,79.99999999992724,73.69477586337183,0,0,0
2025-11-27 12:45:00+00:00,1541,80.00000000174623,73.8532091562162,0,0,0
2025-11-27 13:00:00+00:00,1541,59.99999999949068,74.75386722808251,0,0,0
2025-11-27 13:15:00+00:00,1541,79.99999999992724,71.45431598299844,0,0,0
2025-11-27 13:30:00+00:00,1541,59.99999999949068,72.96860846046707,0,0,0
2025-11-27 13:45:00+00:00,1541,69.99999999970896,73.83805587682939,0,0,0
2025-11-27 14:00:00+00:00,1541,69.99999999970896,72.67585884824403,0,0,0
2025-11-27 14:15:00+00:00,1541,70.00000000152795,72.21633816221876,0,0,0
2025-11-27 14:30:00+00:00,1541,69.99999999970896,71.2033943673694,0,0,0
2025-11-27 14:45:00+00:00,1541,59.99999999949068,70.39297596744555,0,0,0
2025-11-27 15:00:00+00:00,1541,69.99999999970896,69.50897800284999,0,0,0
2025-11-27 15:15:00+00:00,1541,69.99999999970896,70.36419169120083,0,0,0
2025-11-27 15:45:00+00:00,1541,59.99999999949068,70.83956884295876,0,0,0
2025-11-27 16:00:00+00:00,1541,69.99999999970896,68.15311881822574,0,0,0
2025-11-27 16:15:00+00:00,1541,59.99999999949068,67.78110233198439,0,0,0
2025-11-27 16:30:00+00:00,1541,60.00000000130967,68.25853495152246,0,0,0
2025-11-27 16:45:00+00:00,1541,69.99999999970896,66.90167894229805,0,0,0
2025-11-27 17:00:00+00:00,1541,59.99999999949068,67.20127496223996,0,0,0
2025-11-27 17:15:00+00:00,1541,49.9999999992724,66.75012296646248,0,0,0
2025-11-27 17:30:00+00:00,1541,60.00000000130967,63.17958224926413,0,0,0
2025-11-27 17:45:00+00:00,1541,59.99999999949068,63.1584480222764,0,0,0
2025-11-27 18:00:00+00:00,1541,59.99999999949068,64.62844748727935,0,0,0
2025-11-27 18:15:00+00:00,1541,50.000000001091394,63.41767650957338,0,0,0
2025-11-27 18:30:00+00:00,1541,59.99999999949068,60.28014403496522,0,0,0
2025-11-27 18:45:00+00:00,1541,59.99999999949068,60.01552960389843,0,0,0
2025-11-27 19:00:00+00:00,1541,60.00000000130967,60.48055214353073,0,0,0
2025-11-27 19:15:00+00:00,1541,49.9999999992724,61.12460901774388,0,0,0
2025-11-27 19:30:00+00:00,1541,59.99999999949068,60.26864577911231,0,0,0
2025-11-27 19:45:00+00:00,1541,60.00000000130967,57.24955190801333,0,0,0
2025-11-27 20:00:00+00:00,1541,59.99999999949068,58.553595531735866,0,0,0
2025-11-27 20:15:00+00:00,1541,49.9999999992724,59.51938720480129,0,0,0
2025-11-27 20:30:00+00:00,1541,59.99999999949068,58.38281784122682,0,0,0
2025-11-27 20:45:00+00:00,1541,50.000000001091394,57.46867172796852,0,0,0
2025-11-27 21:00:00+00:00,1541,69.99999999970896,54.90930138510996,0,0,0
2025-11-27 21:15:00+00:00,1541,49.9999999992724,57.95393212518066,0,0,0
2025-11-27 22:00:00+00:00,1541,0.0,58.2721123556913,0,0,0
2025-11-27 22:15:00+00:00,1541,0.0,1.2883134041001014,0,0,0
2025-11-27 22:30:00+00:00,1541,0.0,14.951202853710155,0,0,0
2025-11-27 22:45:00+00:00,1541,0.0,20.571807054906884,0,0,0
2025-11-27 23:00:00+00:00,1541,10.00000000021828,20.579706310313902,0,0,0
2025-11-27 23:15:00+00:00,1541,10.00000000021828,20.317482036682264,0,0,0
2025-11-27 23:30:00+00:00,1541,10.00000000021828,20.203915509997856,0,0,0
2025-11-27 23:45:00+00:00,1541,20.00000000043656,20.081738331280444,0,0,0
2025-11-28 00:00:00+00:00,1541,10.00000000021828,19.88916814249976,0,0,0
2025-11-28 00:15:00+00:00,1541,20.00000000043656,19.688535458624617,0,0,0
2025-11-28 00:30:00+00:00,1541,9.99999999839929,19.02365055257708,0,0,0
2025-11-28 00:45:00+00:00,1541,20.00000000043656,19.516579834394754,0,0,0
2025-11-28 01:00:00+00:00,1541,10.00000000021828,19.422516586696755,0,0,0
2025-11-28 01:15:00+00:00,1541,20.00000000043656,19.87728207164978,0,0,0
2025-11-28 01:30:00+00:00,1541,10.00000000021828,16.379841825129255,0,0,0
2025-11-28 01:45:00+00:00,1541,19.999999998617568,19.63441570675036,0,0,0
2025-11-28 02:00:00+00:00,1541,20.00000000043656,11.707018840123489,0,0,0
2025-11-28 05:30:00+00:00,1541,20.00000000043656,10.850509859341628,0,0,0
2025-11-28 05:45:00+00:00,1541,9.99999999839929,15.576290117145795,0,0,0
2025-11-28 06:00:00+00:00,1541,20.00000000043656,11.47546382646446,0,0,0
2025-11-28 06:15:00+00:00,1541,120.00000000080036,23.679840958898424,0,0,0
2025-11-28 06:30:00+00:00,1541,139.99999999941792,71.387412824951,0,0,0
2025-11-28 06:45:00+00:00,1541,59.99999999949068,75.16968217815071,0,0,0
2025-11-28 07:00:00+00:00,1541,60.00000000130967,71.70563941939653,0,0,0
2025-11-28 07:15:00+00:00,1541,59.99999999949068,60.597203803716,0,0,0
2025-11-28 07:30:00+00:00,1541,100.0000000003638,73.79243376489683,0,0,0
2025-11-28 07:45:00+00:00,1541,59.99999999949068,76.11348961875541,0,0,0
2025-11-28 08:00:00+00:00,1541,49.9999999992724,77.42370350947967,0,0,0
2025-11-28 08:15:00+00:00,1541,60.00000000130967,77.50725904747539,0,0,0
2025-11-28 08:30:00+00:00,1541,59.99999999949068,74.2778100719462,0,0,0
2025-11-28 08:45:00+00:00,1541,59.99999999949068,67.1908971681469,0,0,0
2025-11-28 09:00:00+00:00,1541,50.000000001091394,69.75971416273947,0,0,0
2025-11-28 09:15:00+00:00,1541,59.99999999949068,68.3324390637384,0,0,0
2025-11-28 09:30:00+00:00,1541,49.9999999992724,61.70666958368555,0,0,0
2025-11-28 09:45:00+00:00,1541,60.00000000130967,52.892976356982444,0,0,0
2025-11-28 10:00:00+00:00,1541,49.9999999992724,58.40653685758471,0,0,0
2025-11-28 10:15:00+00:00,1541,49.9999999992724,59.1609128512093,0,0,0
2025-11-28 10:30:00+00:00,1541,60.00000000130967,50.33355578652774,0,0,0
2025-11-28 10:45:00+00:00,1541,49.9999999992724,52.990781077634594,0,0,0
2025-11-28 11:00:00+00:00,1541,59.99999999949068,58.49477128934316,0,0,0
2025-11-28 11:15:00+00:00,1541,50.000000001091394,60.12571349516642,0,0,0
2025-11-28 11:30:00+00:00,1541,59.99999999949068,54.69886707562431,0,0,0
2025-11-28 11:45:00+00:00,1541,69.99999999970896,54.63877941600582,0,0,0
2025-11-28 12:00:00+00:00,1541,50.000000001091394,56.42302590437616,0,0,0
2025-11-28 12:15:00+00:00,1541,69.99999999970896,56.492811353709314,0,0,0
2025-11-28 12:30:00+00:00,1541,59.99999999949068,56.71010366189756,0,0,0
2025-11-28 12:45:00+00:00,1541,69.99999999970896,56.58081782945455,0,0,0
2025-11-28 13:00:00+00:00,1541,59.99999999949068,57.611376055901175,0,0,0
2025-11-28 13:15:00+00:00,1541,60.00000000130967,58.99460155309474,0,0,0
2025-11-28 13:30:00+00:00,1541,69.99999999970896,58.46257926388397,0,0,0
2025-11-28 13:45:00+00:00,1541,69.99999999970896,58.37856781386184,0,0,0
2025-11-28 14:00:00+00:00,1541,59.99999999949068,58.67660291466242,0,0,0
2025-11-28 22:00:00+00:00,1541,0.0,59.97054113240938,0,0,0
2025-11-28 22:15:00+00:00,1541,0.0,3.022448206175966,0,0,0
2025-11-28 22:30:00+00:00,1541,0.0,5.229406279929513,0,0,0
2025-11-28 22:45:00+00:00,1541,0.0,11.871374159734843,0,0,0
2025-11-28 23:00:00+00:00,1541,0.0,14.233589596792738,0,0,0
2025-11-28 23:15:00+00:00,1541,9.99999999839929,18.19570755117981,0,0,0
2025-11-28 23:30:00+00:00,1541,10.00000000021828,19.08077864768504,0,0,0
2025-11-28 23:45:00+00:00,1541,10.00000000021828,18.206770179227824,0,0,0
2025-11-29 00:00:00+00:00,1541,10.00000000021828,17.788817658578104,0,0,0
2025-11-29 00:15:00+00:00,1541,10.00000000021828,19.07628714149249,0,0,0
2025-11-29 00:30:00+00:00,1541,30.00000000065484,12.116007666694324,0,0,0
2025-11-29 00:45:00+00:00,1541,10.00000000021828,10.21583009096014,0,0,0
2025-11-29 01:00:00+00:00,1541,9.99999999839929,10.7176327537752,0,0,0
2025-11-29 01:15:00+00:00,1541,10.00000000021828,10.495798711798273,0,0,0
2025-11-29 01:30:00+00:00,1541,10.00000000021828,14.921516412565696,0,0,0
2025-11-29 01:45:00+00:00,1541,10.00000000021828,10.607779205543295,0,0,0
2025-11-29 02:00:00+00:00,1541,10.00000000021828,10.322868961978047,0,0,0
2025-11-29 06:00:00+00:00,1541,10.00000000021828,10.220389211224404,0,0,0
2025-11-29 06:15:00+00:00,1541,10.00000000021828,10.203344669660172,0,0,0
2025-11-29 06:30:00+00:00,1541,10.00000000021828,10.251576684760952,0,0,0
2025-11-29 06:45:00+00:00,1541,10.00000000021828,10.185430804316734,0,0,0
2025-11-29 07:00:00+00:00,1541,9.99999999839929,10.198103613186888,0,0,0
2025-11-29 07:15:00+00:00,1541,20.00000000043656,10.225317311137172,0,0,0
2025-11-29 07:30:00+00:00,1541,50.000000001091394,10.251060885985291,0,0,0
2025-11-29 07:45:00+00:00,1541,29.999999998835847,45.842996190984906,0,0,0
2025-11-29 08:00:00+00:00,1541,30.00000000065484,25.33827456332367,0,0,0
2025-11-29 08:15:00+00:00,1541,29.999999998835847,20.353421330587462,0,0,0
2025-11-29 08:30:00+00:00,1541,30.00000000065484,20.64899672805056,0,0,0
2025-11-29 08:45:00+00:00,1541,30.00000000065484,20.47271863280744,0,0,0
2025-11-29 09:00:00+00:00,1541,29.999999998835847,20.57495690473353,0,0,0
2025-11-29 09:15:00+00:00,1541,30.00000000065484,22.440612667280263,0,0,0
2025-11-29 09:30:00+00:00,1541,30.00000000065484,33.3270085010228,0,0,0
2025-11-29 09:45:00+00:00,1541,139.99999999941792,52.72496891158312,0,0,0
2025-11-29 10:00:00+00:00,1541,149.9999999996362,63.70858701904575,0,0,0
2025-11-29 10:15:00+00:00,1541,50.000000001091394,69.06882971428661,0,0,0
2025-11-29 10:30:00+00:00,1541,59.99999999949068,69.8948109416888,0,0,0
2025-11-29 10:45:00+00:00,1541,79.99999999992724,65.44628411678572,0,0,0
2025-11-29 11:00:00+00:00,1541,59.99999999949068,62.87626938720847,0,0,0
2025-11-29 11:15:00+00:00,1541,59.99999999949068,62.54265769370167,0,0,0
2025-11-29 11:30:00+00:00,1541,50.000000001091394,63.03946271070163,0,0,0
2025-11-29 11:45:00+00:00,1541,49.9999999992724,58.92602156606875,0,0,0
2025-11-29 12:00:00+00:00,1541,50.000000001091394,47.5557185824637,0,0,0
2025-11-29 12:15:00+00:00,1541,59.99999999949068,47.02677176760069,0,0,0
2025-11-29 12:30:00+00:00,1541,39.999999999054126,54.050467446176384,0,0,0
2025-11-29 12:45:00+00:00,1541,50.000000001091394,50.51915834521812,0,0,0
2025-11-29 13:00:00+00:00,1541,49.9999999992724,41.36281438953513,0,0,0
2025-11-29 13:15:00+00:00,1541,50.000000001091394,42.69981117998131,0,0,0
2025-11-29 13:30:00+00:00,1541,49.9999999992724,49.59847684897083,0,0,0
2025-11-29 13:45:00+00:00,1541,59.99999999949068,50.04595643473883,0,0,0
2025-11-29 14:00:00+00:00,1541,40.00000000087312,49.92279836902389,0,0,0
2025-11-29 14:15:00+00:00,1541,49.9999999992724,49.18800727422943,0,0,0
2025-11-29 14:30:00+00:00,1541,50.000000001091394,48.40660497022474,0,0,0
2025-11-29 14:45:00+00:00,1541,49.9999999992724,50.5759193925082,0,0,0
2025-11-29 15:00:00+00:00,1541,49.9999999992724,46.62110665561235,0,0,0
2025-11-29 15:15:00+00:00,1541,60.00000000130967,41.141743420653285,0,0,0
2025-11-29 15:30:00+00:00,1541,59.99999999949068,44.89012460110906,0,0,0
2025-11-29 15:45:00+00:00,1541,40.00000000087312,49.317484357903865,0,0,0
2025-11-29 16:00:00+00:00,1541,59.99999999949068,49.06372488309338,0,0,0
2025-11-29 16:15:00+00:00,1541,49.9999999992724,50.180168435264,0,0,0
2025-11-29 16:30:00+00:00,1541,50.000000001091394,50.13516450912999,0,0,0
2025-11-29 16:45:00+00:00,1541,49.9999999992724,47.95214568042506,0,0,0
2025-11-29 17:00:00+00:00,1541,59.99999999949068,50.09860268280734,0,0,0
2025-11-29 17:15:00+00:00,1541,50.000000001091394,48.33511178262312,0,0,0
2025-11-29 17:30:00+00:00,1541,49.9999999992724,49.3460638601028,0,0,0
2025-11-29 17:45:00+00:00,1541,50.000000001091394,49.974026653416985,0,0,0
2025-11-29 18:00:00+00:00,1541,49.9999999992724,50.62247264679981,0,0,0
2025-11-29 18:15:00+00:00,1541,49.9999999992724,49.29918412643634,0,0,0
2025-11-29 18:30:00+00:00,1541,40.00000000087312,47.796067289107015,1,0,1
2025-11-29 18:45:00+00:00,1541,59.99999999949068,47.19832798584979,1,0,1
2025-11-29 22:00:00+00:00,1541,29.999999998835847,44.63515386849955,1,0,1
2025-11-29 22:15:00+00:00,1541,20.00000000043656,0.2504837671980908,1,0,1
2025-11-29 22:30:00+00:00,1541,20.00000000043656,7.001800987443392,0,0,0
2025-11-29 22:45:00+00:00,1541,0.0,8.212892649032348,0,0,0
2025-11-29 23:00:00+00:00,1541,0.0,3.532295011694579,0,0,0
2025-11-29 23:15:00+00:00,1541,0.0,3.9419493539141577,0,0,0
2025-11-29 23:30:00+00:00,1541,10.00000000021828,7.783288291995376,0,0,0
2025-11-29 23:45:00+00:00,1541,0.0,10.067301293706825,0,0,0
2025-11-30 00:00:00+00:00,1541,10.00000000021828,8.115445317044973,0,0,0
2025-11-30 00:15:00+00:00,1541,0.0,9.785101408502069,0,0,0
2025-11-30 00:30:00+00:00,1541,19.999999998617568,9.893569834179113,0,0,0
2025-11-30 00:45:00+00:00,1541,10.00000000021828,9.817849801179944,0,0,0
2025-11-30 01:00:00+00:00,1541,0.0,9.800134914390412,0,0,0
2025-11-30 01:15:00+00:00,1541,0.0,9.9071718535777,0,0,0
2025-11-30 01:30:00+00:00,1541,10.00000000021828,9.893154490595713,0,0,0
2025-11-30 01:45:00+00:00,1541,0.0,9.884664095018834,0,0,0
2025-11-30 02:00:00+00:00,1541,10.00000000021828,9.94166855296708,0,0,0
2025-11-30 02:15:00+00:00,1541,0.0,9.833265809531134,0,0,0
2025-11-30 02:30:00+00:00,1541,0.0,9.819159582340609,0,0,0
2025-11-30 02:45:00+00:00,1541,10.00000000021828,9.541775750872636,0,0,0
2025-11-30 03:00:00+00:00,1541,10.00000000021828,9.690343184738364,0,0,0
2025-11-30 03:15:00+00:00,1541,19.999999998617568,9.455171784157852,0,0,0
2025-11-30 03:30:00+00:00,1541,30.00000000065484,9.971646700535228,0,0,0
2025-11-30 03:45:00+00:00,1541,20.00000000043656,9.923899574920178,0,0,0
2025-11-30 04:00:00+00:00,1541,10.00000000021828,9.854770947997988,0,0,0
2025-11-30 04:15:00+00:00,1541,10.00000000021828,9.996347086848306,0,0,0
2025-11-30 04:30:00+00:00,1541,19.999999998617568,10.024061128929285,0,0,0
2025-11-30 04:45:00+00:00,1541,10.00000000021828,9.981147443526602,0,0,0
2025-11-30 05:00:00+00:00,1541,10.00000000021828,10.104485169489248,0,0,0
2025-11-30 05:15:00+00:00,1541,10.00000000021828,10.066781631269922,0,0,0
2025-11-30 05:30:00+00:00,1541,20.00000000043656,10.134946274712508,0,0,0
2025-11-30 05:45:00+00:00,1541,10.00000000021828,10.1952329128849,0,0,0
2025-11-30 06:00:00+00:00,1541,10.00000000021828,10.30177143977211,0,0,0
2025-11-30 06:15:00+00:00,1541,19.999999998617568,10.277969354697545,0,0,0
2025-11-30 06:30:00+00:00,1541,20.00000000043656,10.221604332684668,0,0,0
2025-11-30 06:45:00+00:00,1541,10.00000000021828,10.236707384475343,0,0,0
2025-11-30 07:00:00+00:00,1541,10.00000000021828,10.331125606049852,0,0,0
2025-11-30 07:15:00+00:00,1541,29.999999998835847,10.311915482360096,0,0,0
2025-11-30 07:30:00+00:00,1541,50.000000001091394,52.54657594476826,0,0,0
2025-11-30 07:45:00+00:00,1541,49.9999999992724,55.11157564205482,0,0,0
2025-11-30 08:00:00+00:00,1541,40.00000000087312,46.73413806521489,0,0,0
2025-11-30 08:15:00+00:00,1541,39.999999999054126,40.86863279851775,0,0,0
2025-11-30 08:30:00+00:00,1541,40.00000000087312,43.78073029887247,0,0,0
2025-11-30 08:45:00+00:00,1541,39.999999999054126,39.071682591987326,0,0,0
2025-11-30 09:00:00+00:00,1541,40.00000000087312,38.108185933699005,0,0,0
2025-11-30 09:15:00+00:00,1541,39.999999999054126,39.49992887209813,0,0,0
2025-11-30 09:30:00+00:00,1541,40.00000000087312,65.52077550551027,0,0,0
2025-11-30 09:45:00+00:00,1541,139.99999999941792,74.33862409987798,0,0,0
2025-11-30 10:00:00+00:00,1541,149.9999999996362,84.79959509213089,0,0,0
2025-11-30 10:15:00+00:00,1541,50.000000001091394,87.51612758328555,0,0,0
2025-11-30 10:30:00+00:00,1541,59.99999999949068,88.30647039940169,0,0,0
2025-11-30 10:45:00+00:00,1541,50.000000001091394,82.53910599188465,0,0,0
2025-11-30 11:00:00+00:00,1541,59.99999999949068,80.40182904861075,0,0,0
2025-11-30 11:15:00+00:00,1541,49.9999999992724,72.58966829328202,0,0,0
2025-11-30 11:30:00+00:00,1541,59.99999999949068,68.16761527520158,0,0,0
2025-11-30 11:45:00+00:00,1541,50.000000001091394,60.83448669516467,0,0,0
2025-11-30 12:00:00+00:00,1541,49.9999999992724,48.80263217924767,0,0,0
2025-11-30 12:15:00+00:00,1541,69.99999999970896,46.51486369881006,0,0,0
2025-11-30 12:30:00+00:00,1541,60.00000000130967,65.75533837944535,0,0,0
2025-11-30 12:45:00+00:00,1541,39.999999999054126,59.49357794771207,0,0,0
2025-11-30 13:00:00+00:00,1541,60.00000000130967,46.76347291318643,0,0,0
2025-11-30 13:15:00+00:00,1541,39.999999999054126,48.44720432254413,0,0,0
2025-11-30 13:30:00+00:00,1541,40.00000000087312,50.93025190124994,0,0,0
2025-11-30 13:45:00+00:00,1541,69.99999999970896,51.213543270755245,0,0,0
2025-11-30 14:00:00+00:00,1541,59.99999999949068,57.93580382663836,0,0,0
2025-11-30 14:15:00+00:00,1541,49.9999999992724,55.80031189485774,0,0,0
2025-11-30 14:30:00+00:00,1541,50.000000001091394,50.61287531227741,0,0,0
2025-11-30 14:45:00+00:00,1541,59.99999999949068,52.31084624513844,0,0,0
2025-11-30 15:00:00+00:00,1541,49.9999999992724,55.4070877720651,0,0,0
2025-11-30 15:15:00+00:00,1541,50.000000001091394,53.13906839606035,0,0,0
2025-11-30 15:30:00+00:00,1541,59.99999999949068,52.91563286649908,0,0,0
2025-11-30 15:45:00+00:00,1541,59.99999999949068,55.86806119471694,0,0,0
2025-11-30 16:00:00+00:00,1541,70.00000000152795,56.64568870168927,0,0,0
2025-11-30 16:15:00+00:00,1541,49.9999999992724,56.76887767669413,0,0,0
2025-11-30 16:30:00+00:00,1541,59.99999999949068,57.161920207408464,0,0,0
2025-11-30 16:45:00+00:00,1541,50.000000001091394,55.96050701722797,0,0,0
2025-11-30 17:00:00+00:00,1541,69.99999999970896,57.16044815247568,0,0,0
2025-11-30 17:15:00+00:00,1541,59.99999999949068,57.60897672227058,0,0,0
2025-11-30 17:30:00+00:00,1541,59.99999999949068,59.66845111913648,0,0,0
2025-11-30 17:45:00+00:00,1541,60.00000000130967,58.2870569973711,0,0,0
2025-11-30 18:00:00+00:00,1541,59.99999999949068,60.006627728399394,0,0,0
2025-11-30 18:15:00+00:00,1541,69.99999999970896,60.98730222456476,0,0,0
2025-11-30 18:30:00+00:00,1541,69.99999999970896,63.381767642000455,0,0,0
2025-11-30 18:45:00+00:00,1541,69.99999999970896,63.88969227605172,0,0,0
2025-11-30 19:00:00+00:00,1541,70.00000000152795,61.44545517451074,0,0,0
2025-11-30 19:15:00+00:00,1541,59.99999999949068,63.0659287902018,0,0,0
2025-11-30 19:30:00+00:00,1541,79.99999999992724,63.84580108435509,0,0,0
2025-11-30 19:45:00+00:00,1541,20.00000000043656,65.14902947555579,0,0,0
2025-11-30 20:00:00+00:00,1541,0.0,1.659752272985937,0,0,0
2025-11-30 20:15:00+00:00,1541,0.0,7.013189128950945,0,0,0
2025-11-30 20:30:00+00:00,1541,39.999999999054126,33.43275787510156,0,0,0
2025-11-30 20:45:00+00:00,1541,50.000000001091394,40.40093080981488,0,0,0
2025-11-30 21:00:00+00:00,1541,39.999999999054126,30.64653266248352,0,0,0
2025-11-30 22:00:00+00:00,1541,49.9999999992724,23.933468586269065,0,0,0
2025-11-30 22:15:00+00:00,1541,49.9999999992724,50.08268826215607,0,0,0
2025-11-30 22:30:00+00:00,1541,30.00000000065484,45.189044480333806,0,0,0
2025-11-30 22:45:00+00:00,1541,20.00000000043656,41.53297582607625,0,0,0
2025-11-30 23:00:00+00:00,1541,10.00000000021828,30.3461040235442,0,0,0
2025-11-30 23:15:00+00:00,1541,19.999999998617568,15.50105304180174,0,0,0
2025-11-30 23:30:00+00:00,1541,10.00000000021828,11.490377558854334,0,0,0
2025-11-30 23:45:00+00:00,1541,20.00000000043656,12.115505390733007,0,0,0
2025-12-01 00:00:00+00:00,1541,20.00000000043656,20.23042553864464,0,0,0
2025-12-01 00:15:00+00:00,1541,10.00000000021828,20.593719809634653,0,0,0
2025-12-01 00:30:00+00:00,1541,19.999999998617568,20.89390938453469,0,0,0
2025-12-01 00:45:00+00:00,1541,20.00000000043656,29.974198617563523,0,0,0
2025-12-01 01:00:00+00:00,1541,10.00000000021828,39.09066089600263,0,0,0
2025-12-01 01:15:00+00:00,1541,20.00000000043656,22.079528410520048,0,0,0
2025-12-01 01:30:00+00:00,1541,10.00000000021828,20.35908014543242,0,0,0
2025-12-01 01:45:00+00:00,1541,19.999999998617568,18.7401727614169,0,0,0
2025-12-01 02:00:00+00:00,1541,20.00000000043656,18.10925330133812,0,0,0
2025-12-01 04:15:00+00:00,1541,10.00000000021828,20.232043446789262,0,0,0
2025-12-01 04:30:00+00:00,1541,9.99999999839929,20.491662163871577,0,0,0
2025-12-01 04:45:00+00:00,1541,20.00000000043656,20.305159372112065,0,0,0
2025-12-01 05:00:00+00:00,1541,20.00000000043656,37.82316750761901,0,0,0
2025-12-01 05:15:00+00:00,1541,20.00000000043656,30.81567795611828,0,0,0
2025-12-01 05:30:00+00:00,1541,29.999999998835847,20.491179206216465,0,0,0
2025-12-01 05:45:00+00:00,1541,10.00000000021828,20.67893044351444,0,0,0
2025-12-01 06:00:00+00:00,1541,20.00000000043656,20.73404701998885,0,0,0
2025-12-01 06:15:00+00:00,1541,129.99999999919964,21.015334115225443,0,0,0
2025-12-01 06:30:00+00:00,1541,150.0000000014552,103.5916474536554,0,0,0
2025-12-01 06:45:00+00:00,1541,69.99999999970896,103.66706612107778,0,0,0
2025-12-01 07:00:00+00:00,1541,90.00000000014552,99.75030272008232,0,0,0
2025-12-01 07:15:00+00:00,1541,90.00000000014552,76.05524878921008,0,0,0
2025-12-01 07:30:00+00:00,1541,129.99999999919964,99.9442276050856,0,0,0
2025-12-01 07:45:00+00:00,1541,69.99999999970896,101.34852937434826,0,0,0
2025-12-01 08:00:00+00:00,1541,79.99999999992724,107.20967256750444,0,0,0
2025-12-01 08:15:00+00:00,1541,90.00000000014552,107.7507551423251,0,0,0
2025-12-01 08:30:00+00:00,1541,90.00000000014552,105.36293522222375,0,0,0
2025-12-01 08:45:00+00:00,1541,90.00000000014552,92.69788458384178,0,0,0
2025-12-01 09:00:00+00:00,1541,90.00000000014552,101.08455631104746,0,0,0
2025-12-01 09:15:00+00:00,1541,79.99999999992724,99.76833829075484,0,0,0
2025-12-01 09:30:00+00:00,1541,79.99999999992724,100.71920850410793,0,0,0
2025-12-01 09:45:00+00:00,1541,90.00000000014552,91.05643901493512,0,0,0
2025-12-01 10:00:00+00:00,1541,90.00000000014552,87.16101847863439,0,0,0
2025-12-01 10:15:00+00:00,1541,69.99999999970896,82.14341298955907,0,0,0
2025-12-01 10:30:00+00:00,1541,59.99999999949068,77.83543843327747,0,0,0
2025-12-01 10:45:00+00:00,1541,79.99999999992724,75.66254626068495,0,0,0
2025-12-01 11:00:00+00:00,1541,70.00000000152795,80.34620005406427,0,0,0
2025-12-01 11:15:00+00:00,1541,69.99999999970896,77.30474137987234,0,0,0
2025-12-01 11:30:00+00:00,1541,69.99999999970896,72.34152078642394,0,0,0
2025-12-01 11:45:00+00:00,1541,59.99999999949068,67.87073927277328,0,0,0
2025-12-01 12:00:00+00:00,1541,59.99999999949068,68.25398355858069,0,0,0
2025-12-01 12:15:00+00:00,1541,60.00000000130967,67.19836176166432,0,0,0
2025-12-01 12:30:00+00:00,1541,59.99999999949068,67.46464529438718,0,0,0
2025-12-01 12:45:00+00:00,1541,69.99999999970896,66.18583524222896,0,0,0
2025-12-01 13:00:00+00:00,1541,50.000000001091394,64.01199260897118,0,0,0
2025-12-01 13:15:00+00:00,1541,69.99999999970896,61.817154840530335,0,0,0
2025-12-01 13:30:00+00:00,1541,79.99999999992724,65.15128585372048,0,0,0
2025-12-01 13:45:00+00:00,1541,59.99999999949068,66.88820249188979,0,0,0
2025-12-01 14:00:00+00:00,1541,49.9999999992724,63.18439637117029,0,0,0
2025-12-01 14:15:00+00:00,1541,70.00000000152795,60.13078261871449,0,0,0
2025-12-01 14:30:00+00:00,1541,59.99999999949068,63.16314623434533,0,0,0
2025-12-01 14:45:00+00:00,1541,69.99999999970896,65.30768686075213,0,0,0
2025-12-01 15:00:00+00:00,1541,69.99999999970896,66.20379353967667,0,0,0
2025-12-01 15:15:00+00:00,1541,59.99999999949068,65.51324909341301,0,0,0
2025-12-01 15:30:00+00:00,1541,79.99999999992724,65.18880200436962,0,0,0
2025-12-01 15:45:00+00:00,1541,60.00000000130967,65.01877000048007,0,0,0
2025-12-01 16:00:00+00:00,1541,59.99999999949068,67.02336108941897,0,0,0
2025-12-01 16:15:00+00:00,1541,69.99999999970896,65.95958696728431,0,0,0
2025-12-01 16:30:00+00:00,1541,59.99999999949068,66.06214399126277,0,0,0
2025-12-01 16:45:00+00:00,1541,70.00000000152795,66.08042683625472,0,0,0
2025-12-01 17:00:00+00:00,1541,69.99999999970896,66.99752092303983,0,0,0
2025-12-01 17:15:00+00:00,1541,69.99999999970896,66.47016207294683,0,0,0
2025-12-01 17:30:00+00:00,1541,59.99999999949068,67.62677997470034,0,0,0
2025-12-01 17:45:00+00:00,1541,69.99999999970896,66.61869666569201,0,0,0
2025-12-01 18:00:00+00:00,1541,70.00000000152795,67.5060791975346,0,0,0
2025-12-01 18:15:00+00:00,1541,69.99999999970896,69.43177432393432,0,0,0
2025-12-01 18:30:00+00:00,1541,59.99999999949068,68.95634308091903,0,0,0
2025-12-01 18:45:00+00:00,1541,69.99999999970896,66.7863795635471,0,0,0
2025-12-01 19:00:00+00:00,1541,69.99999999970896,67.23587018499099,0,0,0
2025-12-01 19:15:00+00:00,1541,69.99999999970896,67.63043499823422,0,0,0
2025-12-01 19:30:00+00:00,1541,70.00000000152795,68.66524711570709,0,0,0
2025-12-01 19:45:00+00:00,1541,69.99999999970896,66.91341674514791,0,0,0
2025-12-01 21:30:00+00:00,1541,69.99999999970896,66.30026143353948,0,0,0
2025-12-01 21:45:00+00:00,1541,30.00000000065484,67.20797455083168,0,0,0
2025-12-01 22:00:00+00:00,1541,0.0,0.7948156811223619,0,0,0
2025-12-01 22:15:00+00:00,1541,10.00000000021828,13.322164466963338,0,0,0
2025-12-01 22:30:00+00:00,1541,39.999999999054126,29.017904789743547,0,0,0
2025-12-01 22:45:00+00:00,1541,10.00000000021828,41.191829993149696,0,0,0
2025-12-01 23:00:00+00:00,1541,10.00000000021828,10.377215220992554,0,0,0
2025-12-01 23:15:00+00:00,1541,0.0,10.286900207655886,0,0,0
2025-12-01 23:30:00+00:00,1541,20.00000000043656,10.687934721647018,0,0,0
2025-12-01 23:45:00+00:00,1541,9.99999999839929,12.478465455025685,0,0,0
2025-12-02 00:00:00+00:00,1541,0.0,18.46023022029214,0,0,0
2025-12-02 00:15:00+00:00,1541,10.00000000021828,19.70220557505258,0,0,0
2025-12-02 00:30:00+00:00,1541,20.00000000043656,19.744897582891564,0,0,0
2025-12-02 00:45:00+00:00,1541,10.00000000021828,19.753812498247285,0,0,0
2025-12-02 01:00:00+00:00,1541,20.00000000043656,16.65016481567948,0,0,0
2025-12-02 01:15:00+00:00,1541,10.00000000021828,16.218435444960015,0,0,0
2025-12-02 01:30:00+00:00,1541,10.00000000021828,11.187942713815676,0,0,0
2025-12-02 01:45:00+00:00,1541,19.999999998617568,10.7656870404589,0,0,0
2025-12-02 02:00:00+00:00,1541,20.00000000043656,10.55704160612779,0,0,0
2025-12-02 02:15:00+00:00,1541,20.00000000043656,29.104740576132787,0,0,0
2025-12-02 02:30:00+00:00,1541,10.00000000021828,11.491283587415328,0,0,0
2025-12-02 02:45:00+00:00,1541,19.999999998617568,10.29365195567436,0,0,0
2025-12-02 03:00:00+00:00,1541,10.00000000021828,10.460363142727356,0,0,0
2025-12-02 03:15:00+00:00,1541,10.00000000021828,10.59939312881992,0,0,0
2025-12-02 03:30:00+00:00,1541,20.00000000043656,10.524810944056195,0,0,0
2025-12-02 03:45:00+00:00,1541,20.00000000043656,10.3992960449843,0,0,0
2025-12-02 04:00:00+00:00,1541,10.00000000021828,10.411580555899748,0,0,0
2025-12-02 04:15:00+00:00,1541,9.99999999839929,10.551022021914466,0,0,0
2025-12-02 04:30:00+00:00,1541,20.00000000043656,11.39077623572516,0,0,0
2025-12-02 04:45:00+00:00,1541,20.00000000043656,10.73553889179615,0,0,0
2025-12-02 05:00:00+00:00,1541,20.00000000043656,10.74012892135034,0,0,0
2025-12-02 05:15:00+00:00,1541,20.00000000043656,10.964623094091625,0,0,0
2025-12-02 05:30:00+00:00,1541,19.999999998617568,21.769750677293057,0,0,0
2025-12-02 05:45:00+00:00,1541,20.00000000043656,20.0231372153244,0,0,0
2025-12-02 06:00:00+00:00,1541,10.00000000021828,25.75333320170396,0,0,0
2025-12-02 06:15:00+00:00,1541,119.99999999898137,61.40075261395353,0,0,0
2025-12-02 06:30:00+00:00,1541,140.0000000012369,79.4561747779329,0,0,0
2025-12-02 06:45:00+00:00,1541,90.00000000014552,81.45673220453631,0,0,0
2025-12-02 07:00:00+00:00,1541,59.99999999949068,78.64717820534571,0,0,0
2025-12-02 07:15:00+00:00,1541,79.99999999992724,64.38381591215048,0,0,0
2025-12-02 07:30:00+00:00,1541,110.00000000058208,80.81799945551312,0,0,0
2025-12-02 07:45:00+00:00,1541,59.99999999949068,84.58077277409124,0,0,0
2025-12-02 08:00:00+00:00,1541,69.99999999970896,85.91564455085492,0,0,0
2025-12-02 08:15:00+00:00,1541,79.99999999992724,86.09902936799303,0,0,0
2025-12-02 08:30:00+00:00,1541,90.00000000014552,85.22942740518107,0,0,0
2025-12-02 08:45:00+00:00,1541,69.99999999970896,82.78423984297484,0,0,0
2025-12-02 09:00:00+00:00,1541,79.99999999992724,86.01314017860781,0,0,0
2025-12-02 09:15:00+00:00,1541,69.99999999970896,86.02728890607199,0,0,0
2025-12-02 09:30:00+00:00,1541,70.00000000152795,86.75652405600204,0,0,0
2025-12-02 09:45:00+00:00,1541,69.99999999970896,80.43218969864175,0,0,0
2025-12-02 10:00:00+00:00,1541,59.99999999949068,76.91566296559118,0,0,0
2025-12-02 10:15:00+00:00,1541,69.99999999970896,72.94314693288952,0,0,0
2025-12-02 10:30:00+00:00,1541,69.99999999970896,69.73771447563378,0,0,0
2025-12-02 10:45:00+00:00,1541,70.00000000152795,70.9553395883811,0,0,0
2025-12-02 11:00:00+00:00,1541,59.99999999949068,71.71323537739615,0,0,0
2025-12-02 11:15:00+00:00,1541,59.99999999949068,71.20514846957276,0,0,0
2025-12-02 11:30:00+00:00,1541,69.99999999970896,70.28066706249506,0,0,0
2025-12-02 11:45:00+00:00,1541,60.00000000130967,69.90162644011774,0,0,0
2025-12-02 12:00:00+00:00,1541,69.99999999970896,68.28040327414595,0,0,0
2025-12-02 12:15:00+00:00,1541,69.99999999970896,67.11379394442349,0,0,0
2025-12-02 12:30:00+00:00,1541,79.99999999992724,66.31140423255823,0,0,0
2025-12-02 12:45:00+00:00,1541,69.99999999970896,65.90760526894924,0,0,0
2025-12-02 13:00:00+00:00,1541,59.99999999949068,67.15065327266169,0,0,0
2025-12-02 13:15:00+00:00,1541,60.00000000130967,66.51426190235047,0,0,0
2025-12-02 13:30:00+00:00,1541,69.99999999970896,66.45612152799741,0,0,0
2025-12-02 13:45:00+00:00,1541,59.99999999949068,66.26419029219443,0,0,0
2025-12-02 14:00:00+00:00,1541,59.99999999949068,66.36010181883854,0,0,0
2025-12-02 14:15:00+00:00,1541,60.00000000130967,65.10859239700854,0,0,0
2025-12-02 14:30:00+00:00,1541,59.99999999949068,63.52535674835728,0,0,0
2025-12-02 14:45:00+00:00,1541,69.99999999970896,62.5446436155795,0,0,0
2025-12-02 15:00:00+00:00,1541,49.9999999992724,64.1314647418623,0,0,0
2025-12-02 15:15:00+00:00,1541,60.00000000130967,64.55518474282938,0,0,0
2025-12-02 15:30:00+00:00,1541,59.99999999949068,62.62130638192144,0,0,0
2025-12-02 15:45:00+00:00,1541,59.99999999949068,61.70126818527076,0,0,0
2025-12-02 16:00:00+00:00,1541,60.00000000130967,61.98342363837125,0,0,0
2025-12-02 16:15:00+00:00,1541,69.99999999970896,62.83883050978415,0,0,0
2025-12-02 16:30:00+00:00,1541,59.99999999949068,62.19921684599802,0,0,0
2025-12-02 16:45:00+00:00,1541,59.99999999949068,61.30239925340516,0,0,0
2025-12-02 17:00:00+00:00,1541,60.00000000130967,60.79317642917695,0,0,0
2025-12-02 17:15:00+00:00,1541,59.99999999949068,62.0375844416462,0,0,0
2025-12-02 17:30:00+00:00,1541,69.99999999970896,62.81830674127248,0,0,0
2025-12-02 17:45:00+00:00,1541,59.99999999949068,61.137289553936526,0,0,0
2025-12-02 18:00:00+00:00,1541,60.00000000130967,61.2356351871624,0,0,0
2025-12-02 18:15:00+00:00,1541,69.99999999970896,61.22212782746422,0,0,0
2025-12-02 18:30:00+00:00,1541,59.99999999949068,62.01420929113874,0,0,0
2025-12-02 18:45:00+00:00,1541,59.99999999949068,62.34211049333149,0,0,0
2025-12-02 19:00:00+00:00,1541,69.99999999970896,60.78792957721181,0,0,0
2025-12-02 19:15:00+00:00,1541,60.00000000130967,61.574779643566174,0,0,0
2025-12-02 19:30:00+00:00,1541,59.99999999949068,62.53785902644047,0,0,0
2025-12-02 19:45:00+00:00,1541,59.99999999949068,55.20944604494807,0,0,0
2025-12-02 20:00:00+00:00,1541,60.00000000130967,58.51735052563498,0,0,0
2025-12-02 20:15:00+00:00,1541,59.99999999949068,60.69302260249033,0,0,0
2025-12-02 20:30:00+00:00,1541,59.99999999949068,60.4709702636533,0,0,0
2025-12-02 20:45:00+00:00,1541,69.99999999970896,59.12781286535851,0,0,0
2025-12-02 21:00:00+00:00,1541,60.00000000130967,60.03021924393633,0,0,0
2025-12-02 21:15:00+00:00,1541,69.99999999970896,61.100530680890586,0,0,0
2025-12-02 21:30:00+00:00,1541,59.99999999949068,62.250278992957774,0,0,0
2025-12-02 21:45:00+00:00,1541,40.00000000087312,39.40136880567337,0,0,0
2025-12-02 22:00:00+00:00,1541,0.0,5.118824431553698,0,0,0
2025-12-02 22:15:00+00:00,1541,0.0,3.351941236799963,0,0,0
2025-12-02 22:30:00+00:00,1541,39.999999999054126,21.09588613956401,0,0,0
2025-12-02 22:45:00+00:00,1541,20.00000000043656,42.06025353928319,0,0,0
2025-12-02 23:00:00+00:00,1541,0.0,9.878545987443868,0,0,0
2025-12-02 23:15:00+00:00,1541,10.00000000021828,9.728960478841165,0,0,0
2025-12-02 23:30:00+00:00,1541,10.00000000021828,10.17331629449589,0,0,0
2025-12-02 23:45:00+00:00,1541,0.0,10.949350041206344,0,0,0
2025-12-03 00:00:00+00:00,1541,0.0,13.999929853672729,0,0,0
2025-12-03 00:15:00+00:00,1541,19.999999998617568,10.911339341918367,0,0,0
2025-12-03 00:30:00+00:00,1541,20.00000000043656,23.78169141582746,0,0,0
2025-12-03 00:45:00+00:00,1541,10.00000000021828,19.68345136338925,0,0,0
2025-12-03 01:00:00+00:00,1541,10.00000000021828,18.232328298336384,0,0,0
2025-12-03 01:15:00+00:00,1541,20.00000000043656,11.735693967938142,0,0,0
2025-12-03 01:30:00+00:00,1541,10.00000000021828,10.822436496765246,0,0,0
2025-12-03 01:45:00+00:00,1541,19.999999998617568,11.138943761958576,0,0,0
2025-12-03 02:00:00+00:00,1541,10.00000000021828,10.604224637201664,0,0,0
2025-12-03 02:15:00+00:00,1541,10.00000000021828,10.66641219670458,0,0,0
2025-12-03 02:30:00+00:00,1541,20.00000000043656,11.046092255017252,0,0,0
2025-12-03 02:45:00+00:00,1541,10.00000000021828,10.672000982689545,0,0,0
2025-12-03 03:00:00+00:00,1541,19.999999998617568,10.657251455902404,0,0,0
2025-12-03 03:15:00+00:00,1541,10.00000000021828,10.489095259545312,0,0,0
2025-12-03 03:30:00+00:00,1541,20.00000000043656,10.822256836517544,0,0,0
2025-12-03 03:45:00+00:00,1541,20.00000000043656,10.382008092761891,0,0,0
2025-12-03 04:00:00+00:00,1541,10.00000000021828,10.310800816092096,0,0,0
2025-12-03 04:15:00+00:00,1541,10.00000000021828,10.39821808349809,0,0,0
2025-12-03 04:30:00+00:00,1541,9.99999999839929,11.011601351119731,0,0,0
2025-12-03 04:45:00+00:00,1541,20.00000000043656,11.144329705728392,0,0,0
2025-12-03 05:00:00+00:00,1541,20.00000000043656,10.468440126551457,0,0,0
2025-12-03 05:15:00+00:00,1541,10.00000000021828,10.824951740233072,0,0,0
2025-12-03 05:30:00+00:00,1541,20.00000000043656,17.45440908494037,0,0,0
2025-12-03 05:45:00+00:00,1541,10.00000000021828,10.477873255471115,0,0,0
2025-12-03 06:00:00+00:00,1541,19.999999998617568,20.793886922330262,0,0,0
2025-12-03 06:15:00+00:00,1541,110.00000000058208,68.52227619514882,0,0,0
2025-12-03 06:30:00+00:00,1541,129.99999999919964,74.56710557101987,0,0,0
2025-12-03 06:45:00+00:00,1541,100.0000000003638,76.87466951982522,0,0,0
2025-12-03 07:00:00+00:00,1541,40.00000000087312,77.05743615116478,0,0,0
2025-12-03 07:15:00+00:00,1541,79.99999999992724,64.63178569059149,0,0,0
2025-12-03 07:30:00+00:00,1541,100.0000000003638,76.05980018215186,0,0,0
2025-12-03 07:45:00+00:00,1541,59.99999999949068,78.55982082468896,0,0,0
2025-12-03 08:00:00+00:00,1541,59.99999999949068,79.22206781602426,0,0,0
2025-12-03 08:15:00+00:00,1541,69.99999999970896,79.08840831905655,0,0,0
2025-12-03 08:30:00+00:00,1541,69.99999999970896,77.84237756886613,0,0,0
2025-12-03 08:45:00+00:00,1541,60.00000000130967,75.14928977412124,0,0,0
2025-12-03 09:00:00+00:00,1541,59.99999999949068,73.99937146095947,0,0,0
2025-12-03 09:15:00+00:00,1541,59.99999999949068,75.03943815771996,0,0,0
2025-12-03 09:30:00+00:00,1541,69.99999999970896,71.04744927236416,0,0,0
2025-12-03 09:45:00+00:00,1541,60.00000000130967,65.05358931558307,0,0,0
2025-12-03 10:00:00+00:00,1541,59.99999999949068,61.92338234268766,0,0,0
2025-12-03 10:15:00+00:00,1541,59.99999999949068,58.28733131731921,0,0,0
2025-12-03 10:30:00+00:00,1541,69.99999999970896,58.38181715296543,0,0,0
2025-12-03 10:45:00+00:00,1541,50.000000001091394,59.78264935443377,0,0,0
2025-12-03 11:00:00+00:00,1541,59.99999999949068,61.9169532103828,0,0,0
2025-12-03 11:15:00+00:00,1541,69.99999999970896,61.43768921541654,0,0,0
2025-12-03 11:30:00+00:00,1541,50.000000001091394,61.25781260268518,0,0,0
2025-12-03 11:45:00+00:00,1541,59.99999999949068,59.1651358329456,0,0,0
2025-12-03 12:00:00+00:00,1541,69.99999999970896,57.93221062168432,0,0,0
2025-12-03 12:15:00+00:00,1541,69.99999999970896,57.11409580856859,0,0,0
2025-12-03 12:30:00+00:00,1541,60.00000000130967,56.85893189289705,0,0,0
2025-12-03 12:45:00+00:00,1541,59.99999999949068,57.41085976482093,0,0,0
2025-12-03 13:00:00+00:00,1541,79.99999999992724,58.43760455762279,0,0,0
2025-12-03 13:15:00+00:00,1541,59.99999999949068,59.91657351219648,0,0,0
2025-12-03 13:30:00+00:00,1541,69.99999999970896,62.51187976825666,0,0,0
2025-12-03 13:45:00+00:00,1541,69.99999999970896,62.053386816121474,0,0,0
2025-12-03 14:00:00+00:00,1541,60.00000000130967,61.31622343332511,0,0,0
2025-12-03 14:15:00+00:00,1541,69.99999999970896,60.74655749264426,0,0,0
2025-12-03 14:30:00+00:00,1541,49.9999999992724,61.64646601422983,0,0,0
2025-12-03 17:00:00+00:00,1541,59.99999999949068,62.98432826479397,0,0,0
2025-12-03 17:15:00+00:00,1541,60.00000000130967,61.40857266430511,0,0,0
2025-12-03 17:30:00+00:00,1541,49.9999999992724,62.86944616145705,0,0,0
2025-12-03 17:45:00+00:00,1541,59.99999999949068,63.53061905496739,0,0,0
2025-12-03 18:00:00+00:00,1541,50.000000001091394,61.148857355691774,0,0,0
2025-12-03 18:15:00+00:00,1541,59.99999999949068,60.03221289313663,0,0,0
2025-12-03 18:30:00+00:00,1541,59.99999999949068,59.4676218714957,0,0,0
2025-12-03 18:45:00+00:00,1541,50.000000001091394,59.87954225103307,0,0,0
2025-12-03 19:00:00+00:00,1541,59.99999999949068,57.78754741750252,0,0,0
2025-12-03 19:15:00+00:00,1541,59.99999999949068,58.08851890084619,0,0,0
2025-12-03 19:30:00+00:00,1541,60.00000000130967,59.04992145474195,0,0,0
2025-12-03 19:45:00+00:00,1541,59.99999999949068,58.86421071353682,0,0,0
2025-12-03 20:00:00+00:00,1541,59.99999999949068,57.27639662631511,0,0,0
2025-12-03 20:15:00+00:00,1541,59.99999999949068,57.92531012270807,0,0,0
2025-12-03 20:30:00+00:00,1541,50.000000001091394,58.14563926863166,0,0,0
2025-12-03 20:45:00+00:00,1541,59.99999999949068,54.93198494025528,0,0,0
2025-12-03 21:00:00+00:00,1541,59.99999999949068,57.198787262969134,0,0,0
2025-12-03 21:15:00+00:00,1541,60.00000000130967,58.93754300388912,0,0,0
2025-12-03 21:30:00+00:00,1541,59.99999999949068,58.76242642180654,0,0,0
2025-12-03 21:45:00+00:00,1541,10.00000000021828,45.17420029384627,0,0,0
2025-12-03 22:00:00+00:00,1541,10.00000000021828,1.8328017963046288,0,0,0
2025-12-03 22:15:00+00:00,1541,10.00000000021828,39.48751686036173,0,0,0
2025-12-03 22:30:00+00:00,1541,49.9999999992724,30.155334783859423,0,0,0
2025-12-03 22:45:00+00:00,1541,20.00000000043656,29.099841453679325,0,0,0
2025-12-03 23:00:00+00:00,1541,0.0,5.406224804788703,0,0,0
2025-12-03 23:15:00+00:00,1541,10.00000000021828,0.9368129590479376,0,0,0
2025-12-03 23:30:00+00:00,1541,10.00000000021828,10.39663398238932,0,0,0
2025-12-03 23:45:00+00:00,1541,0.0,10.70537528848844,0,0,0
2025-12-04 00:00:00+00:00,1541,0.0,11.09267255493755,0,0,0
2025-12-04 00:15:00+00:00,1541,0.0,11.968030407083145,0,0,0
2025-12-04 00:30:00+00:00,1541,19.999999998617568,10.605267825736709,0,0,0
2025-12-04 00:45:00+00:00,1541,20.00000000043656,10.692202135487593,0,0,0
2025-12-04 01:00:00+00:00,1541,10.00000000021828,10.605943966453868,0,0,0
2025-12-04 01:15:00+00:00,1541,10.00000000021828,10.735084911600346,0,0,0
2025-12-04 01:30:00+00:00,1541,10.00000000021828,10.78870093864032,0,0,0
2025-12-04 01:45:00+00:00,1541,19.999999998617568,10.543514928123397,0,0,0
2025-12-04 02:00:00+00:00,1541,10.00000000021828,11.138039665228206,0,0,0
2025-12-04 02:15:00+00:00,1541,20.00000000043656,10.473478340809592,0,0,0
2025-12-04 02:30:00+00:00,1541,10.00000000021828,10.426567697853198,0,0,0
2025-12-04 02:45:00+00:00,1541,10.00000000021828,17.411898186222054,0,0,0
2025-12-04 03:00:00+00:00,1541,20.00000000043656,14.911524984596728,0,0,0
2025-12-04 03:15:00+00:00,1541,19.999999998617568,15.114923566962696,0,0,0
2025-12-04 03:30:00+00:00,1541,10.00000000021828,15.12009314570302,0,0,0
2025-12-04 03:45:00+00:00,1541,10.00000000021828,12.456134458968588,0,0,0
2025-12-04 04:00:00+00:00,1541,20.00000000043656,10.56189629647698,0,0,0
2025-12-04 04:15:00+00:00,1541,10.00000000021828,19.98162603895216,0,0,0
2025-12-04 04:30:00+00:00,1541,20.00000000043656,18.08101863090493,0,0,0
2025-12-04 04:45:00+00:00,1541,9.99999999839929,11.545578652918392,0,0,0
2025-12-04 05:00:00+00:00,1541,10.00000000021828,17.813753728226875,0,0,0
2025-12-04 07:30:00+00:00,1541,99.9999999985448,17.884737878460008,0,0,0
2025-12-04 07:45:00+00:00,1541,70.00000000152795,71.62779437271487,0,0,0
2025-12-04 08:00:00+00:00,1541,69.99999999970896,70.77248795649425,0,0,0
2025-12-04 08:15:00+00:00,1541,69.99999999970896,73.2195300760961,0,0,0
2025-12-04 08:30:00+00:00,1541,79.99999999992724,74.41991553238653,0,0,0
2025-12-04 08:45:00+00:00,1541,69.99999999970896,77.72578772726072,0,0,0
2025-12-04 09:00:00+00:00,1541,69.99999999970896,74.04429811386865,0,0,0
2025-12-04 09:15:00+00:00,1541,69.99999999970896,74.08386200497547,0,0,0
2025-12-04 09:30:00+00:00,1541,70.00000000152795,74.70486054890294,0,0,0
2025-12-04 09:45:00+00:00,1541,69.99999999970896,73.49486230344516,0,0,0
2025-12-04 10:00:00+00:00,1541,69.99999999970896,72.53443339218211,0,0,0
2025-12-04 10:15:00+00:00,1541,59.99999999949068,71.9509896355162,0,0,0
2025-12-04 10:30:00+00:00,1541,69.99999999970896,71.10876557625726,0,0,0
2025-12-04 10:45:00+00:00,1541,69.99999999970896,70.99139527508119,0,0,0
2025-12-04 11:00:00+00:00,1541,60.00000000130967,71.6575909282047,0,0,0
2025-12-04 11:15:00+00:00,1541,59.99999999949068,71.2789675812414,0,0,0
2025-12-04 11:30:00+00:00,1541,69.99999999970896,70.08725218077556,0,0,0
2025-12-04 11:45:00+00:00,1541,59.99999999949068,69.0566437267328,0,0,0
2025-12-04 12:00:00+00:00,1541,70.00000000152795,67.70820277169108,0,0,0
2025-12-04 12:15:00+00:00,1541,59.99999999949068,66.89378161872165,0,0,0
2025-12-04 12:30:00+00:00,1541,59.99999999949068,65.83307524361227,0,0,0
2025-12-04 12:45:00+00:00,1541,59.99999999949068,64.10167591369496,0,0,0
2025-12-04 13:00:00+00:00,1541,60.00000000130967,63.57266341659087,0,0,0
2025-12-04 13:15:00+00:00,1541,59.99999999949068,63.321517708609846,0,0,0
2025-12-04 13:30:00+00:00,1541,49.9999999992724,62.96936816846922,0,0,0
2025-12-04 13:45:00+00:00,1541,50.000000001091394,49.83707918073327,0,0,0
2025-12-04 14:00:00+00:00,1541,59.99999999949068,53.98374201654603,0,0,0
2025-12-04 14:15:00+00:00,1541,59.99999999949068,56.04433301151055,0,0,0
2025-12-04 14:30:00+00:00,1541,60.00000000130967,57.92359079345587,0,0,0
2025-12-04 14:45:00+00:00,1541,59.99999999949068,57.56542939642439,0,0,0
2025-12-04 15:00:00+00:00,1541,59.99999999949068,57.59909347681636,0,0,0
2025-12-04 15:15:00+00:00,1541,50.000000001091394,57.602385316193605,0,0,0
2025-12-04 15:30:00+00:00,1541,59.99999999949068,58.20466055774766,0,0,0
2025-12-04 15:45:00+00:00,1541,69.99999999970896,59.234527188832175,0,0,0
2025-12-04 16:00:00+00:00,1541,69.99999999970896,61.67304800356723,0,0,0
2025-12-04 16:15:00+00:00,1541,79.99999999992724,63.81672316985606,0,0,0
2025-12-04 16:30:00+00:00,1541,79.99999999992724,67.04414758689502,0,0,0
2025-12-04 16:45:00+00:00,1541,60.00000000130967,68.8363609447441,0,0,0
2025-12-04 17:00:00+00:00,1541,79.99999999992724,68.03757989247784,0,0,0
2025-12-04 17:15:00+00:00,1541,59.99999999949068,70.13152973859629,0,0,0
2025-12-04 17:30:00+00:00,1541,79.99999999992724,71.47562021108077,0,0,0
2025-12-04 17:45:00+00:00,1541,90.00000000014552,71.47670203622822,0,0,0
2025-12-04 18:00:00+00:00,1541,79.99999999992724,73.95246661349493,0,0,0
2025-12-04 18:15:00+00:00,1541,79.99999999992724,75.45156717496434,0,0,0
2025-12-04 18:30:00+00:00,1541,79.99999999992724,74.73339755082823,0,0,0
2025-12-04 18:45:00+00:00,1541,69.99999999970896,75.9242474911761,0,0,0
2025-12-04 19:00:00+00:00,1541,69.99999999970896,76.93302625920778,0,0,0
2025-12-04 19:15:00+00:00,1541,79.99999999992724,77.26266610895894,0,0,0
2025-12-04 19:30:00+00:00,1541,70.00000000152795,78.0483261676511,0,0,0
2025-12-04 19:45:00+00:00,1541,89.99999999832653,79.46758030591604,0,0,0
2025-12-04 20:00:00+00:00,1541,70.00000000152795,76.51935950478953,0,0,0
2025-12-04 20:15:00+00:00,1541,90.00000000014552,81.01507708808897,0,0,0
2025-12-04 20:30:00+00:00,1541,69.99999999970896,78.31669607744405,0,0,0
2025-12-04 20:45:00+00:00,1541,90.00000000014552,80.78363605243655,0,0,0
2025-12-04 21:00:00+00:00,1541,69.99999999970896,79.0869014911726,0,0,0
2025-12-04 21:15:00+00:00,1541,79.99999999992724,82.53038957212519,0,0,0
2025-12-04 21:30:00+00:00,1541,79.99999999992724,80.4311078734943,0,0,0
2025-12-04 21:45:00+00:00,1541,29.999999998835847,82.15736080663872,0,0,0
2025-12-04 22:00:00+00:00,1541,0.0,9.278747352745231,0,0,0
2025-12-04 22:15:00+00:00,1541,50.000000001091394,28.809636062383422,0,0,0
2025-12-04 22:30:00+00:00,1541,49.9999999992724,57.60267122712543,0,0,0
2025-12-04 22:45:00+00:00,1541,20.00000000043656,33.0587091030475,0,0,0
2025-12-04 23:00:00+00:00,1541,49.9999999992724,21.273107451107567,0,0,0
2025-12-04 23:15:00+00:00,1541,30.00000000065484,20.480628513282877,0,0,0
2025-12-04 23:30:00+00:00,1541,0.0,28.67974749878683,0,0,0
2025-12-04 23:45:00+00:00,1541,0.0,29.551600044271616,0,0,0
2025-12-05 00:00:00+00:00,1541,30.00000000065484,29.48030003973204,0,0,0
2025-12-05 00:15:00+00:00,1541,39.999999999054126,22.5269708085486,0,0,0
2025-12-05 00:30:00+00:00,1541,30.00000000065484,21.639566543611533,0,0,0
2025-12-05 00:45:00+00:00,1541,30.00000000065484,23.92457492105017,0,0,0
2025-12-05 01:00:00+00:00,1541,19.999999998617568,21.665853445821654,0,0,0
2025-12-05 01:15:00+00:00,1541,40.00000000087312,28.70643670472366,0,0,0
2025-12-05 01:30:00+00:00,1541,20.00000000043656,21.78264371485394,0,0,0
2025-12-05 01:45:00+00:00,1541,29.999999998835847,23.09195350884783,0,0,0
2025-12-05 02:00:00+00:00,1541,30.00000000065484,20.747769778801217,0,0,0
2025-12-05 02:15:00+00:00,1541,20.00000000043656,29.421984834707818,0,0,0
2025-12-05 02:30:00+00:00,1541,29.999999998835847,29.13273956323028,0,0,0
2025-12-05 02:45:00+00:00,1541,20.00000000043656,28.54784789951435,0,0,0
2025-12-05 03:00:00+00:00,1541,30.00000000065484,28.35156135157757,0,0,0
2025-12-05 03:15:00+00:00,1541,19.999999998617568,27.76543524809517,0,0,0
2025-12-05 03:30:00+00:00,1541,20.00000000043656,29.040290842973324,0,0,0
2025-12-05 03:45:00+00:00,1541,30.00000000065484,24.403837467143465,0,0,0
2025-12-05 04:00:00+00:00,1541,29.999999998835847,20.68432652939501,0,0,0
2025-12-05 04:15:00+00:00,1541,20.00000000043656,29.090025822296816,0,0,0
2025-12-05 04:30:00+00:00,1541,20.00000000043656,29.30947695120341,0,0,0
2025-12-05 04:45:00+00:00,1541,30.00000000065484,26.491617046260192,0,0,0
2025-12-05 05:00:00+00:00,1541,29.999999998835847,23.983812092238,0,0,0
2025-12-05 05:15:00+00:00,1541,30.00000000065484,28.631119458408858,0,0,0
2025-12-05 05:30:00+00:00,1541,20.00000000043656,29.78453631682427,0,0,0
2025-12-05 05:45:00+00:00,1541,29.999999998835847,30.17055954097919,0,0,0
2025-12-05 06:00:00+00:00,1541,20.00000000043656,33.192929796810446,0,0,0
2025-12-05 06:15:00+00:00,1541,139.99999999941792,40.55432588840111,0,0,0
2025-12-05 06:30:00+00:00,1541,130.00000000101863,75.61473731649005,0,0,0
2025-12-05 06:45:00+00:00,1541,100.0000000003638,79.33514945322294,0,0,0
2025-12-05 07:00:00+00:00,1541,79.99999999992724,81.19084276526002,0,0,0
2025-12-05 07:15:00+00:00,1541,90.00000000014552,78.08268957072767,0,0,0
2025-12-05 07:30:00+00:00,1541,119.99999999898137,84.47237389431653,0,0,0
2025-12-05 07:45:00+00:00,1541,69.99999999970896,88.20212063660745,0,0,0
2025-12-05 08:00:00+00:00,1541,90.00000000014552,95.1816314852322,0,0,0
2025-12-05 08:15:00+00:00,1541,79.99999999992724,95.58338270838352,0,0,0
2025-12-05 08:30:00+00:00,1541,90.00000000014552,97.4250200208262,0,0,0
2025-12-05 08:45:00+00:00,1541,90.00000000014552,93.9650959249548,0,0,0
2025-12-05 09:00:00+00:00,1541,79.99999999992724,98.39584218082727,0,0,0
2025-12-05 09:15:00+00:00,1541,90.00000000014552,97.27221221874858,0,0,0
2025-12-05 09:30:00+00:00,1541,79.99999999992724,94.77716797188975,0,0,0
2025-12-05 09:45:00+00:00,1541,90.00000000014552,87.42801292502558,0,0,0
2025-12-05 10:00:00+00:00,1541,79.99999999992724,85.03612843329881,0,0,0
2025-12-05 10:15:00+00:00,1541,79.99999999992724,83.25602378977871,0,0,0
2025-12-05 10:30:00+00:00,1541,79.99999999992724,82.60263231000755,0,0,0
2025-12-05 10:45:00+00:00,1541,79.99999999992724,83.19333974980634,0,0,0
2025-12-05 11:00:00+00:00,1541,79.99999999992724,84.31502242661962,0,0,0
2025-12-05 11:15:00+00:00,1541,79.99999999992724,82.16632450071761,0,0,0
2025-12-05 11:30:00+00:00,1541,69.99999999970896,81.47721733643556,0,0,0
2025-12-05 11:45:00+00:00,1541,70.00000000152795,77.48274025324064,0,0,0
2025-12-05 12:00:00+00:00,1541,59.99999999949068,74.1629125139643,0,0,0
2025-12-05 12:15:00+00:00,1541,69.99999999970896,69.0036961130875,0,0,0
2025-12-05 12:30:00+00:00,1541,69.99999999970896,70.3311342056237,0,0,0
2025-12-05 12:45:00+00:00,1541,69.99999999970896,74.184062195597,0,0,0
2025-12-05 13:00:00+00:00,1541,69.99999999970896,74.84538190823449,0,0,0
2025-12-05 13:15:00+00:00,1541,60.00000000130967,72.22564958580934,0,0,0
2025-12-05 13:30:00+00:00,1541,69.99999999970896,70.51091809048528,0,0,0
2025-12-05 13:45:00+00:00,1541,69.99999999970896,70.79936358408594,0,0,0
2025-12-05 14:00:00+00:00,1541,59.99999999949068,71.33634295066878,0,0,0
2025-12-05 14:15:00+00:00,1541,70.00000000152795,68.7894406426346,0,0,0
2025-12-05 14:30:00+00:00,1541,59.99999999949068,66.683459355412,0,0,0
2025-12-05 14:45:00+00:00,1541,59.99999999949068,67.08585967365178,0,0,0
2025-12-05 15:00:00+00:00,1541,69.99999999970896,66.68583937073639,0,0,0
2025-12-05 15:15:00+00:00,1541,60.00000000130967,66.84168401054934,0,0,0
2025-12-05 15:30:00+00:00,1541,69.99999999970896,66.61858848317728,0,0,0
2025-12-05 15:45:00+00:00,1541,59.99999999949068,64.12426287730926,0,0,0
2025-12-05 16:00:00+00:00,1541,59.99999999949068,64.61659377459226,0,0,0
2025-12-05 16:15:00+00:00,1541,79.99999999992724,64.0316431900424,0,0,0
2025-12-05 16:30:00+00:00,1541,50.000000001091394,65.40830432678767,0,0,0
2025-12-05 16:45:00+00:00,1541,69.99999999970896,63.62592012313543,0,0,0
2025-12-05 17:00:00+00:00,1541,59.99999999949068,63.03939316479929,0,0,0
2025-12-05 17:15:00+00:00,1541,69.99999999970896,64.33106148156723,0,0,0
2025-12-05 17:30:00+00:00,1541,60.00000000130967,64.25883419832984,0,0,0
2025-12-05 17:45:00+00:00,1541,59.99999999949068,64.37745632574796,0,0,0
2025-12-05 18:00:00+00:00,1541,69.99999999970896,62.82500632986421,0,0,0
2025-12-05 18:15:00+00:00,1541,59.99999999949068,64.61921333691359,0,0,0
2025-12-05 18:30:00+00:00,1541,60.00000000130967,64.62421291455931,0,0,0
2025-12-05 18:45:00+00:00,1541,49.9999999992724,64.00165345149053,0,0,0
2025-12-05 19:00:00+00:00,1541,59.99999999949068,61.87427520831581,0,0,0
2025-12-05 19:15:00+00:00,1541,79.99999999992724,62.69980052369158,0,0,0
2025-12-05 19:30:00+00:00,1541,69.99999999970896,64.34675567352777,0,0,0
2025-12-05 19:45:00+00:00,1541,70.00000000152795,63.51895079801986,0,0,0
2025-12-05 20:00:00+00:00,1541,59.99999999949068,62.11538312439296,0,0,0
2025-12-05 20:15:00+00:00,1541,69.99999999970896,62.903616381471565,0,0,0
2025-12-05 20:30:00+00:00,1541,69.99999999970896,63.63714792270149,0,0,0
2025-12-05 20:45:00+00:00,1541,69.99999999970896,65.40622567704006,0,0,0
2025-12-05 21:00:00+00:00,1541,60.00000000130967,66.33220618467924,0,0,0
2025-12-05 21:15:00+00:00,1541,69.99999999970896,66.80793879327132,0,0,0
2025-12-05 21:30:00+00:00,1541,59.99999999949068,67.55764362045566,0,0,0
2025-12-05 21:45:00+00:00,1541,20.00000000043656,65.35007122456481,0,0,0
2025-12-05 22:00:00+00:00,1541,0.0,10.155296178468332,0,0,0
2025-12-05 22:15:00+00:00,1541,29.999999998835847,30.20937677955121,0,0,0
2025-12-05 22:30:00+00:00,1541,50.000000001091394,44.428036512189216,0,0,0
2025-12-05 22:45:00+00:00,1541,10.00000000021828,34.9982052273997,0,0,0
2025-12-05 23:00:00+00:00,1541,10.00000000021828,20.177930939279836,0,0,0
2025-12-05 23:15:00+00:00,1541,10.00000000021828,20.89808890008204,0,0,0
2025-12-05 23:30:00+00:00,1541,9.99999999839929,20.91783897043021,0,0,0
2025-12-05 23:45:00+00:00,1541,30.00000000065484,21.083401201221697,0,0,0
2025-12-06 00:00:00+00:00,1541,10.00000000021828,20.62664979439085,0,0,0
2025-12-06 00:15:00+00:00,1541,20.00000000043656,20.39371014113461,0,0,0
2025-12-06 00:30:00+00:00,1541,49.9999999992724,20.6535959338002,0,0,0
2025-12-06 00:45:00+00:00,1541,20.00000000043656,20.22500144122007,0,0,0
2025-12-06 01:00:00+00:00,1541,10.00000000021828,20.37420782806351,0,0,0
2025-12-06 01:15:00+00:00,1541,10.00000000021828,20.62493432879989,0,0,0
2025-12-06 01:30:00+00:00,1541,29.999999998835847,20.652773456913543,0,0,0
2025-12-06 01:45:00+00:00,1541,20.00000000043656,20.222869183172747,0,0,0
2025-12-06 02:00:00+00:00,1541,10.00000000021828,20.630748173052133,0,0,0
2025-12-06 02:15:00+00:00,1541,20.00000000043656,20.2422343362698,0,0,0
2025-12-06 02:30:00+00:00,1541,10.00000000021828,20.57522253144384,0,0,0
2025-12-06 02:45:00+00:00,1541,19.999999998617568,20.77315789681517,0,0,0
2025-12-06 03:00:00+00:00,1541,10.00000000021828,20.67591727070419,0,0,0
2025-12-06 03:15:00+00:00,1541,20.00000000043656,20.51782832666792,0,0,0
2025-12-06 03:30:00+00:00,1541,20.00000000043656,20.256102948294007,0,0,0
2025-12-06 03:45:00+00:00,1541,10.00000000021828,20.361109050541547,0,0,0
2025-12-06 04:00:00+00:00,1541,19.999999998617568,20.3038302726452,0,0,0
2025-12-06 04:15:00+00:00,1541,10.00000000021828,19.67908107956813,0,0,0
2025-12-06 04:30:00+00:00,1541,10.00000000021828,20.266955489762044,0,0,0
2025-12-06 04:45:00+00:00,1541,20.00000000043656,20.181759344611912,0,0,0
2025-12-06 05:00:00+00:00,1541,10.00000000021828,19.70334294033037,0,0,0
2025-12-06 05:15:00+00:00,1541,19.999999998617568,17.902778278709086,0,0,0
2025-12-06 05:30:00+00:00,1541,10.00000000021828,16.44979534372638,0,0,0
2025-12-06 05:45:00+00:00,1541,20.00000000043656,19.8904899976018,0,0,0
2025-12-06 06:00:00+00:00,1541,10.00000000021828,11.864339398530475,0,0,0
2025-12-06 06:15:00+00:00,1541,20.00000000043656,17.95299524977238,0,0,0
2025-12-06 06:30:00+00:00,1541,20.00000000043656,18.26992848361752,0,0,0
2025-12-06 06:45:00+00:00,1541,19.999999998617568,19.47284946759728,0,0,0
2025-12-06 07:00:00+00:00,1541,30.00000000065484,11.981563846494709,0,0,0
2025-12-06 07:15:00+00:00,1541,20.00000000043656,10.720090042324411,0,0,0
2025-12-06 07:30:00+00:00,1541,59.99999999949068,29.49886589790988,0,0,0
2025-12-06 07:45:00+00:00,1541,49.9999999992724,62.63756466842315,0,0,0
2025-12-06 08:00:00+00:00,1541,50.000000001091394,55.75188090120306,0,0,0
2025-12-06 08:15:00+00:00,1541,59.99999999949068,50.62946200998459,0,0,0
2025-12-06 08:30:00+00:00,1541,49.9999999992724,64.27183155474422,0,0,0
2025-12-06 08:45:00+00:00,1541,50.000000001091394,53.607440729988525,0,0,0
2025-12-06 09:00:00+00:00,1541,39.999999999054126,46.673482447394,0,0,0
2025-12-06 09:15:00+00:00,1541,60.00000000130967,42.886634655623816,1,0,1
2025-12-06 09:30:00+00:00,1541,49.9999999992724,67.60163526734455,1,0,1
2025-12-06 09:45:00+00:00,1541,149.9999999996362,82.66077268436062,1,0,1
2025-12-06 10:00:00+00:00,1541,170.00000000007276,89.74872104937248,1,0,1
2025-12-06 10:15:00+00:00,1541,100.0000000003638,91.60632301006255,0,0,0
2025-12-06 10:30:00+00:00,1541,69.99999999970896,97.48970543732136,0,0,0
2025-12-06 10:45:00+00:00,1541,69.99999999970896,96.54714209563622,0,0,0
2025-12-06 11:00:00+00:00,1541,60.00000000130967,92.25838539036684,0,0,0
2025-12-06 11:15:00+00:00,1541,69.99999999970896,88.73785590427072,0,0,0
2025-12-06 11:30:00+00:00,1541,59.99999999949068,80.84799692138746,0,0,0
2025-12-06 11:45:00+00:00,1541,59.99999999949068,73.42830687490941,0,0,0
2025-12-06 12:00:00+00:00,1541,50.000000001091394,57.88655373680059,0,0,0
2025-12-06 12:15:00+00:00,1541,59.99999999949068,53.37802038916509,0,0,0
2025-12-06 12:30:00+00:00,1541,59.99999999949068,62.019317051299225,0,0,0
2025-12-06 12:45:00+00:00,1541,60.00000000130967,65.37214818489532,0,0,0
2025-12-06 13:00:00+00:00,1541,49.9999999992724,59.00238296683391,0,0,0
2025-12-06 13:15:00+00:00,1541,59.99999999949068,56.41702177480781,0,0,0
2025-12-06 13:30:00+00:00,1541,50.000000001091394,57.64366467289139,0,0,0
2025-12-06 13:45:00+00:00,1541,59.99999999949068,57.774870744971125,0,0,0
2025-12-06 14:00:00+00:00,1541,59.99999999949068,56.19305305999528,0,0,0
2025-12-06 14:15:00+00:00,1541,50.000000001091394,59.00967755925673,0,0,0
2025-12-06 14:30:00+00:00,1541,59.99999999949068,54.75647426472614,0,0,0
2025-12-06 14:45:00+00:00,1541,59.99999999949068,57.51592816860597,0,0,0
2025-12-06 15:00:00+00:00,1541,59.99999999949068,56.97124079784754,0,0,0
2025-12-06 15:15:00+00:00,1541,50.000000001091394,54.83244157204472,0,0,0
2025-12-06 15:30:00+00:00,1541,59.99999999949068,52.04391748098834,0,0,0
2025-12-06 15:45:00+00:00,1541,59.99999999949068,56.79170418730537,0,0,0
2025-12-06 16:00:00+00:00,1541,60.00000000130967,60.01229958310104,0,0,0
2025-12-06 16:15:00+00:00,1541,59.99999999949068,55.84903652676674,0,0,0
2025-12-06 16:30:00+00:00,1541,59.99999999949068,58.00517972787996,0,0,0
2025-12-06 16:45:00+00:00,1541,60.00000000130967,58.41108825052649,0,0,0
2025-12-06 17:00:00+00:00,1541,49.9999999992724,58.27048575430888,0,0,0
2025-12-06 17:15:00+00:00,1541,59.99999999949068,56.51509308808558,0,0,0
2025-12-06 17:30:00+00:00,1541,50.000000001091394,57.78597877103872,0,0,0
2025-12-06 17:45:00+00:00,1541,59.99999999949068,57.65984568616828,0,0,0
2025-12-06 18:00:00+00:00,1541,49.9999999992724,55.85087949317865,0,0,0
2025-12-06 18:15:00+00:00,1541,50.000000001091394,53.76226922689513,0,0,0
2025-12-06 18:30:00+00:00,1541,49.9999999992724,56.07612321620067,0,0,0
2025-12-06 18:45:00+00:00,1541,59.99999999949068,55.05154980101619,0,0,0
2025-12-06 19:00:00+00:00,1541,50.000000001091394,54.46788195199831,0,0,0
2025-12-06 19:15:00+00:00,1541,49.9999999992724,51.493457800336,0,0,0
2025-12-06 19:30:00+00:00,1541,50.000000001091394,50.92166684597266,0,0,0
2025-12-06 19:45:00+00:00,1541,19.999999998617568,50.80530109671922,0,0,0
2025-12-06 20:00:00+00:00,1541,0.0,0.4341969955416687,0,0,0
2025-12-06 20:15:00+00:00,1541,0.0,3.047390071316599,0,0,0
2025-12-06 20:30:00+00:00,1541,0.0,20.947498365945982,0,0,0
2025-12-06 20:45:00+00:00,1541,30.00000000065484,19.720105434624017,0,0,0
2025-12-06 21:00:00+00:00,1541,39.999999999054126,23.94546718625268,0,0,0
2025-12-06 21:15:00+00:00,1541,20.00000000043656,28.0795431796579,0,0,0
2025-12-06 21:30:00+00:00,1541,20.00000000043656,20.41736589003968,0,0,0
2025-12-06 21:45:00+00:00,1541,30.00000000065484,20.13775658969695,0,0,0
2025-12-06 22:00:00+00:00,1541,29.999999998835847,20.47555069649702,0,0,0
2025-12-06 22:15:00+00:00,1541,30.00000000065484,21.363538374281465,0,0,0
2025-12-06 22:30:00+00:00,1541,20.00000000043656,21.325020569455617,0,0,0
2025-12-06 22:45:00+00:00,1541,10.00000000021828,16.69344265115412,0,0,0
2025-12-06 23:00:00+00:00,1541,0.0,9.763410814295652,0,0,0
2025-12-06 23:15:00+00:00,1541,9.99999999839929,9.733649031756997,0,0,0
2025-12-06 23:30:00+00:00,1541,10.00000000021828,9.582541240625378,0,0,0
2025-12-06 23:45:00+00:00,1541,10.00000000021828,10.13315160406611,0,0,0
2025-12-07 00:00:00+00:00,1541,10.00000000021828,10.079114437950874,0,0,0
2025-12-07 00:15:00+00:00,1541,10.00000000021828,10.098320697979393,0,0,0
2025-12-07 00:30:00+00:00,1541,30.00000000065484,10.160195300921792,0,0,0
2025-12-07 00:45:00+00:00,1541,19.999999998617568,26.82522487610575,0,0,0
2025-12-07 01:00:00+00:00,1541,0.0,10.143513943514204,0,0,0
2025-12-07 01:15:00+00:00,1541,10.00000000021828,10.004912823819382,0,0,0
2025-12-07 01:30:00+00:00,1541,10.00000000021828,10.059726585844036,0,0,0
2025-12-07 01:45:00+00:00,1541,10.00000000021828,10.189541739877054,0,0,0
2025-12-07 02:00:00+00:00,1541,0.0,10.303540996620445,0,0,0
2025-12-07 04:00:00+00:00,1541,0.0,10.267348149946308,0,0,0
2025-12-07 04:15:00+00:00,1541,10.00000000021828,10.185260803222135,0,0,0
2025-12-07 04:30:00+00:00,1541,10.00000000021828,10.063076380139895,0,0,0
2025-12-07 04:45:00+00:00,1541,10.00000000021828,10.062543194888654,0,0,0
2025-12-07 05:00:00+00:00,1541,10.00000000021828,9.93857569214374,0,0,0
2025-12-07 05:15:00+00:00,1541,10.00000000021828,9.98522360613575,0,0,0
2025-12-07 05:30:00+00:00,1541,9.99999999839929,9.972230113382604,0,0,0
2025-12-07 05:45:00+00:00,1541,10.00000000021828,9.99907869534562,0,0,0
2025-12-07 06:00:00+00:00,1541,10.00000000021828,9.968725772637107,0,0,0
2025-12-07 06:15:00+00:00,1541,10.00000000021828,10.0315064041405,0,0,0
2025-12-07 06:30:00+00:00,1541,10.00000000021828,10.10454119257724,0,0,0
2025-12-07 06:45:00+00:00,1541,10.00000000021828,10.078652730432587,0,0,0
2025-12-07 07:00:00+00:00,1541,10.00000000021828,10.079641827710258,0,0,0
2025-12-07 07:15:00+00:00,1541,10.00000000021828,10.113866138982155,0,0,0
2025-12-07 07:30:00+00:00,1541,49.9999999992724,10.234008617098578,0,0,0
2025-12-07 07:45:00+00:00,1541,30.00000000065484,47.78504233175611,0,0,0
2025-12-07 08:00:00+00:00,1541,29.999999998835847,24.214084370365047,0,0,0
2025-12-07 08:15:00+00:00,1541,30.00000000065484,20.388644398290136,0,0,0
2025-12-07 08:30:00+00:00,1541,30.00000000065484,21.720932351598968,0,0,0
2025-12-07 08:45:00+00:00,1541,39.999999999054126,20.774389438835712,0,0,0
2025-12-07 09:00:00+00:00,1541,30.00000000065484,50.70973729958678,0,0,0
2025-12-07 09:15:00+00:00,1541,29.999999998835847,29.59833778838748,0,0,0
2025-12-07 09:30:00+00:00,1541,30.00000000065484,49.86367855654625,0,0,0
2025-12-07 09:45:00+00:00,1541,129.99999999919964,67.98364318155487,0,0,0
2025-12-07 10:00:00+00:00,1541,150.0000000014552,81.7466999806659,0,0,0
2025-12-07 10:15:00+00:00,1541,69.99999999970896,86.62891505253756,0,0,0
2025-12-07 10:30:00+00:00,1541,59.99999999949068,85.18561348670926,0,0,0
2025-12-07 10:45:00+00:00,1541,59.99999999949068,74.14871742256523,0,0,0
2025-12-07 11:00:00+00:00,1541,60.00000000130967,69.06885289625404,0,0,0
2025-12-07 11:15:00+00:00,1541,49.9999999992724,66.32902252781675,0,0,0
2025-12-07 11:30:00+00:00,1541,49.9999999992724,64.12444833304883,0,0,0
2025-12-07 11:45:00+00:00,1541,50.000000001091394,55.68156226661867,0,0,0
2025-12-07 12:00:00+00:00,1541,49.9999999992724,49.13060485917337,0,0,0
2025-12-07 12:15:00+00:00,1541,60.00000000130967,50.4056285233155,0,0,0
2025-12-07 12:30:00+00:00,1541,39.999999999054126,56.60580412669945,0,0,0
2025-12-07 12:45:00+00:00,1541,59.99999999949068,52.5563278257403,0,0,0
2025-12-07 13:00:00+00:00,1541,50.000000001091394,47.93961969068206,0,0,0
2025-12-07 13:15:00+00:00,1541,49.9999999992724,47.46033637740959,0,0,0
2025-12-07 13:30:00+00:00,1541,40.00000000087312,48.90106474485147,0,0,0
2025-12-07 13:45:00+00:00,1541,39.999999999054126,50.09024171988203,0,0,0
2025-12-07 14:00:00+00:00,1541,40.00000000087312,45.87715288818509,0,0,0
2025-12-07 14:15:00+00:00,1541,39.999999999054126,46.59917458257837,0,0,0
2025-12-07 14:30:00+00:00,1541,59.99999999949068,47.40987309794219,0,0,0
2025-12-07 14:45:00+00:00,1541,30.00000000065484,57.358414427136935,0,0,0
2025-12-07 15:00:00+00:00,1541,50.000000001091394,38.75461123225283,0,0,0
2025-12-07 15:15:00+00:00,1541,49.9999999992724,39.895587101472536,0,0,0
2025-12-07 15:30:00+00:00,1541,39.999999999054126,44.406274440249845,0,0,0
2025-12-07 15:45:00+00:00,1541,40.00000000087312,47.50341813207625,0,0,0
2025-12-07 16:00:00+00:00,1541,39.999999999054126,46.9030418800221,0,0,0
2025-12-07 16:15:00+00:00,1541,50.000000001091394,43.05388868708116,0,0,0
2025-12-07 16:30:00+00:00,1541,39.999999999054126,49.32291087011671,0,0,0
2025-12-07 16:45:00+00:00,1541,40.00000000087312,46.61718117579159,0,0,0
2025-12-07 17:00:00+00:00,1541,49.9999999992724,41.3182238751539,0,0,0
2025-12-07 17:15:00+00:00,1541,40.00000000087312,40.90619724493241,0,0,0
2025-12-07 17:30:00+00:00,1541,49.9999999992724,41.33509648379291,0,0,0
2025-12-07 17:45:00+00:00,1541,50.000000001091394,42.27444912298685,0,0,0
2025-12-07 18:00:00+00:00,1541,49.9999999992724,42.95235360150092,0,0,0
2025-12-07 18:15:00+00:00,1541,40.00000000087312,41.025754378370834,0,0,0
2025-12-07 18:30:00+00:00,1541,39.999999999054126,41.80921794564754,0,0,0
2025-12-07 18:45:00+00:00,1541,49.9999999992724,43.22421626105564,0,0,0
2025-12-07 19:00:00+00:00,1541,40.00000000087312,43.317575839450136,0,0,0
2025-12-07 19:15:00+00:00,1541,49.9999999992724,35.55698530253432,0,0,0
2025-12-07 19:30:00+00:00,1541,40.00000000087312,40.37765804633032,0,0,0
2025-12-07 19:45:00+00:00,1541,20.00000000043656,38.8943598593362,0,0,0
2025-12-07 20:00:00+00:00,1541,0.0,0.1639126416038543,0,0,0
2025-12-07 20:15:00+00:00,1541,10.00000000021828,0.4081095548431115,0,0,0
2025-12-07 20:30:00+00:00,1541,0.0,1.4361119693788922,0,0,0
2025-12-07 20:45:00+00:00,1541,0.0,1.6522896112991354,0,0,0
2025-12-07 21:00:00+00:00,1541,19.999999998617568,7.090031555540595,0,0,0
2025-12-07 21:15:00+00:00,1541,40.00000000087312,9.21601308517673,0,0,0
2025-12-07 21:30:00+00:00,1541,29.999999998835847,32.280048066693226,0,0,0
2025-12-07 21:45:00+00:00,1541,20.00000000043656,20.08280083812169,0,0,0
2025-12-07 22:00:00+00:00,1541,20.00000000043656,9.812286128993044,0,0,0
2025-12-07 22:15:00+00:00,1541,10.00000000021828,10.14648509900846,0,0,0
2025-12-07 22:30:00+00:00,1541,10.00000000021828,10.16418066749178,0,0,0
2025-12-07 22:45:00+00:00,1541,0.0,10.09835740276118,0,0,0
2025-12-07 23:00:00+00:00,1541,10.00000000021828,9.96299209935561,0,0,0
2025-12-07 23:15:00+00:00,1541,0.0,9.74460251137495,0,0,0
2025-12-07 23:30:00+00:00,1541,0.0,9.638678306625042,0,0,0
2025-12-07 23:45:00+00:00,1541,10.00000000021828,8.234737789688399,0,0,0
2025-12-08 00:00:00+00:00,1541,0.0,5.250555961562203,0,0,0
2025-12-08 00:15:00+00:00,1541,9.99999999839929,8.42035000753188,0,0,0
2025-12-08 00:30:00+00:00,1541,10.00000000021828,2.14000150156863,0,0,0
2025-12-08 00:45:00+00:00,1541,0.0,9.732538229150236,0,0,0
2025-12-08 01:00:00+00:00,1541,10.00000000021828,9.621073534180876,0,0,0
2025-12-08 01:15:00+00:00,1541,0.0,7.102205952110673,0,0,0
2025-12-08 01:30:00+00:00,1541,0.0,9.64012524775976,0,0,0
2025-12-08 01:45:00+00:00,1541,10.00000000021828,9.628068692857529,0,0,0
2025-12-08 02:00:00+00:00,1541,0.0,4.922931011148179,0,0,0
2025-12-08 02:15:00+00:00,1541,10.00000000021828,9.711176046149298,0,0,0
2025-12-08 02:30:00+00:00,1541,0.0,0.6397669555250225,0,0,0
2025-12-08 02:45:00+00:00,1541,10.00000000021828,9.3165397551731,0,0,0
2025-12-08 03:00:00+00:00,1541,10.00000000021828,0.6657771229987652,0,0,0
2025-12-08 03:15:00+00:00,1541,0.0,8.567329476627599,0,0,0
2025-12-08 03:30:00+00:00,1541,10.00000000021828,9.642590263631456,0,0,0
2025-12-08 03:45:00+00:00,1541,0.0,0.4807193405433523,0,0,0
2025-12-08 04:00:00+00:00,1541,0.0,9.598664298983651,0,0,0
2025-12-08 04:15:00+00:00,1541,9.99999999839929,9.78587607258087,0,0,0
2025-12-08 04:30:00+00:00,1541,0.0,3.3788767511409006,0,0,0
2025-12-08 04:45:00+00:00,1541,10.00000000021828,9.686118271171438,0,0,0
2025-12-08 05:00:00+00:00,1541,0.0,0.5721857249298132,0,0,0
2025-12-08 05:15:00+00:00,1541,10.00000000021828,9.7301446910115,0,0,0
2025-12-08 05:30:00+00:00,1541,0.0,0.9462943837331076,0,0,0
2025-12-08 05:45:00+00:00,1541,10.00000000021828,9.77682351429344,0,0,0
2025-12-08 06:00:00+00:00,1541,0.0,5.372019811823012,0,0,0
2025-12-08 06:15:00+00:00,1541,30.00000000065484,12.825958317455726,0,0,0
2025-12-08 06:30:00+00:00,1541,170.00000000007276,62.23429116274292,0,0,0
2025-12-08 06:45:00+00:00,1541,119.99999999898137,67.92261278859361,0,0,0
2025-12-08 07:00:00+00:00,1541,50.000000001091394,73.09773201913795,0,0,0
2025-12-08 07:15:00+00:00,1541,59.99999999949068,69.63511108772043,0,0,0
2025-12-08 07:30:00+00:00,1541,100.0000000003638,58.720443878762914,0,0,0
2025-12-08 07:45:00+00:00,1541,49.9999999992724,70.62454064025768,0,0,0
2025-12-08 08:00:00+00:00,1541,50.000000001091394,64.68678877201694,0,0,0
2025-12-08 08:15:00+00:00,1541,69.99999999970896,63.08379435977972,0,0,0
2025-12-08 08:30:00+00:00,1541,59.99999999949068,62.0039551342054,0,0,0
2025-12-08 08:45:00+00:00,1541,49.9999999992724,56.924749362135785,0,0,0
2025-12-08 09:00:00+00:00,1541,50.000000001091394,55.98281579723293,0,0,0
2025-12-08 09:15:00+00:00,1541,49.9999999992724,58.224937051939904,0,0,0
2025-12-08 09:30:00+00:00,1541,50.000000001091394,53.99368708058011,0,0,0
2025-12-08 09:45:00+00:00,1541,49.9999999992724,49.21370255331203,0,0,0
2025-12-08 10:00:00+00:00,1541,69.99999999970896,48.81109552919585,0,0,0
2025-12-08 10:15:00+00:00,1541,30.00000000065484,46.62724794515476,0,0,0
2025-12-08 10:30:00+00:00,1541,39.999999999054126,40.77817676154579,0,0,0
2025-12-08 10:45:00+00:00,1541,50.000000001091394,42.30055781382224,0,0,0
2025-12-08 11:00:00+00:00,1541,39.999999999054126,46.7028424091636,0,0,0
2025-12-08 11:15:00+00:00,1541,50.000000001091394,44.91080871156222,0,0,0
2025-12-08 11:30:00+00:00,1541,49.9999999992724,45.58712136164503,0,0,0
2025-12-08 11:45:00+00:00,1541,49.9999999992724,49.48148711842698,0,0,0
2025-12-08 12:00:00+00:00,1541,50.000000001091394,44.08963581057432,0,0,0
2025-12-08 12:15:00+00:00,1541,49.9999999992724,41.02123196288836,0,0,0
2025-12-08 12:30:00+00:00,1541,50.000000001091394,43.44383642514153,0,0,0
2025-12-08 12:45:00+00:00,1541,39.999999999054126,43.23199574296419,0,0,0
2025-12-08 13:00:00+00:00,1541,50.000000001091394,43.16967295531784,0,0,0
2025-12-08 13:15:00+00:00,1541,39.999999999054126,43.32052574480757,0,0,0
2025-12-08 13:30:00+00:00,1541,40.00000000087312,47.2281052230334,0,0,0
2025-12-08 13:45:00+00:00,1541,39.999999999054126,41.07195024399766,0,0,0
2025-12-08 14:00:00+00:00,1541,40.00000000087312,42.08268788827848,0,0,0
2025-12-08 14:15:00+00:00,1541,29.999999998835847,41.0612981299565,0,0,0
2025-12-08 14:30:00+00:00,1541,40.00000000087312,40.08638821636255,0,0,0
2025-12-08 14:45:00+00:00,1541,39.999999999054126,39.65310372199362,0,0,0
2025-12-08 15:00:00+00:00,1541,30.00000000065484,39.43884052421824,0,0,0
2025-12-08 15:15:00+00:00,1541,39.999999999054126,39.99485228607375,0,0,0
2025-12-08 15:30:00+00:00,1541,40.00000000087312,40.328651367150734,0,0,0
2025-12-08 15:45:00+00:00,1541,30.00000000065484,40.406179593610645,0,0,0
2025-12-08 16:00:00+00:00,1541,39.999999999054126,40.43259158185344,0,0,0
2025-12-08 16:15:00+00:00,1541,30.00000000065484,40.253105198907406,0,0,0
2025-12-08 19:00:00+00:00,1541,29.999999998835847,40.26478891049989,0,0,0
2025-12-08 19:15:00+00:00,1541,40.00000000087312,38.1236309195095,0,0,0
2025-12-08 19:30:00+00:00,1541,29.999999998835847,37.61558651195977,0,0,0
2025-12-08 19:45:00+00:00,1541,40.00000000087312,38.985043852321375,0,0,0
2025-12-08 20:00:00+00:00,1541,40.00000000087312,36.70217835799848,0,0,0
2025-12-08 20:15:00+00:00,1541,29.999999998835847,38.00993496017352,0,0,0
2025-12-08 20:30:00+00:00,1541,30.00000000065484,36.65657363254151,0,0,0
2025-12-08 20:45:00+00:00,1541,39.999999999054126,38.65194216209838,0,0,0
2025-12-08 21:00:00+00:00,1541,30.00000000065484,38.46370845010294,0,0,0
2025-12-08 21:15:00+00:00,1541,39.999999999054126,38.44004352500243,0,0,0
2025-12-08 21:30:00+00:00,1541,30.00000000065484,37.32884296113571,0,0,0
2025-12-08 21:45:00+00:00,1541,20.00000000043656,35.76657540203883,0,0,0
2025-12-08 22:00:00+00:00,1541,0.0,0.2207915305617724,0,0,0
2025-12-08 22:15:00+00:00,1541,0.0,0.1933035126633839,0,0,0
2025-12-08 22:30:00+00:00,1541,0.0,0.3215287700957709,0,0,0
2025-12-08 22:45:00+00:00,1541,0.0,0.3237213978499795,0,0,0
2025-12-08 23:00:00+00:00,1541,0.0,0.3049865044928559,0,0,0
2025-12-08 23:15:00+00:00,1541,0.0,0.3422264033632736,0,0,0
2025-12-08 23:30:00+00:00,1541,0.0,7.803931834005507,0,0,0
2025-12-08 23:45:00+00:00,1541,0.0,9.532502963894473,0,0,0
2025-12-09 00:00:00+00:00,1541,0.0,8.222532483828395,0,0,0
2025-12-09 00:15:00+00:00,1541,10.00000000021828,1.7952663273492817,0,0,0
2025-12-09 00:30:00+00:00,1541,0.0,7.050718802414433,0,0,0
2025-12-09 00:45:00+00:00,1541,10.00000000021828,8.294500901762646,0,0,0
2025-12-09 01:00:00+00:00,1541,10.00000000021828,7.342203065581071,0,0,0
2025-12-09 01:15:00+00:00,1541,0.0,0.9248162908949418,0,0,0
2025-12-09 01:30:00+00:00,1541,0.0,9.156228722965654,0,0,0
2025-12-09 01:45:00+00:00,1541,9.99999999839929,6.98274927386451,0,0,0
2025-12-09 02:00:00+00:00,1541,0.0,1.495848035824455,0,0,0
2025-12-09 02:15:00+00:00,1541,10.00000000021828,9.495521930327197,0,0,0
2025-12-09 02:30:00+00:00,1541,0.0,0.8597078034939045,0,0,0
2025-12-09 02:45:00+00:00,1541,0.0,8.962947137558984,0,0,0
2025-12-09 03:00:00+00:00,1541,10.00000000021828,9.65977969249222,0,0,0
2025-12-09 03:15:00+00:00,1541,0.0,1.1703596900766513,0,0,0
2025-12-09 03:30:00+00:00,1541,10.00000000021828,7.117656733413035,0,0,0
2025-12-09 03:45:00+00:00,1541,0.0,0.6393612710947281,0,0,0
2025-12-09 04:00:00+00:00,1541,0.0,7.648599129306966,0,0,0
2025-12-09 04:15:00+00:00,1541,10.00000000021828,8.823501807883023,0,0,0
2025-12-09 04:30:00+00:00,1541,0.0,1.224870154693896,0,0,0
2025-12-09 04:45:00+00:00,1541,10.00000000021828,4.726338268058061,0,0,0
2025-12-09 05:00:00+00:00,1541,0.0,1.2848322453220504,0,0,0
2025-12-09 05:15:00+00:00,1541,10.00000000021828,2.451883964256602,0,0,0
2025-12-09 05:30:00+00:00,1541,0.0,1.0372778104644524,0,0,0
2025-12-09 05:45:00+00:00,1541,10.00000000021828,5.672268790514632,0,0,0
2025-12-09 08:30:00+00:00,1541,49.9999999992724,0.7444412658635002,0,0,0
2025-12-09 08:45:00+00:00,1541,50.000000001091394,53.217925721987136,0,0,0
2025-12-09 09:00:00+00:00,1541,39.999999999054126,55.28508880472242,0,0,0
2025-12-09 09:15:00+00:00,1541,49.9999999992724,56.03303566604215,0,0,0
2025-12-09 09:30:00+00:00,1541,40.00000000087312,50.63445772396908,0,0,0
2025-12-09 09:45:00+00:00,1541,39.999999999054126,47.93412749622812,0,0,0
2025-12-09 10:00:00+00:00,1541,50.000000001091394,45.5174035263836,0,0,0
2025-12-09 10:15:00+00:00,1541,39.999999999054126,46.34794966954192,0,0,0
2025-12-09 10:30:00+00:00,1541,40.00000000087312,42.79831135965683,0,0,0
2025-12-09 10:45:00+00:00,1541,39.999999999054126,40.98810299957826,0,0,0
2025-12-09 11:00:00+00:00,1541,50.000000001091394,40.80020349428016,0,0,0
2025-12-09 11:15:00+00:00,1541,39.999999999054126,40.86458754519853,0,0,0
2025-12-09 11:30:00+00:00,1541,40.00000000087312,39.98271266245485,0,0,0
2025-12-09 11:45:00+00:00,1541,39.999999999054126,39.91661314594552,0,0,0
2025-12-09 12:00:00+00:00,1541,30.00000000065484,40.0365064179119,0,0,0
2025-12-09 12:15:00+00:00,1541,40.00000000087312,39.49073142651416,0,0,0
2025-12-09 12:30:00+00:00,1541,29.999999998835847,39.053382360519805,0,0,0
2025-12-09 12:45:00+00:00,1541,50.000000001091394,33.94003341406435,0,0,0
2025-12-09 13:00:00+00:00,1541,29.999999998835847,31.587752415972123,0,0,0
2025-12-09 13:15:00+00:00,1541,30.00000000065484,34.30607668002727,0,0,0
2025-12-09 13:30:00+00:00,1541,39.999999999054126,31.984804461139195,0,0,0
2025-12-09 13:45:00+00:00,1541,40.00000000087312,33.4418113993043,0,0,0
2025-12-09 14:00:00+00:00,1541,30.00000000065484,35.487640310582634,0,0,0
2025-12-09 14:15:00+00:00,1541,39.999999999054126,39.10453916717994,0,0,0
2025-12-09 14:30:00+00:00,1541,40.00000000087312,37.40768290058691,0,0,0
2025-12-09 14:45:00+00:00,1541,39.999999999054126,33.40207267752633,0,0,0
2025-12-09 15:00:00+00:00,1541,30.00000000065484,36.17365461404136,0,0,0
2025-12-09 15:15:00+00:00,1541,39.999999999054126,39.15222447421514,0,0,0
2025-12-09 15:30:00+00:00,1541,40.00000000087312,38.56634661096746,0,0,0
2025-12-09 15:45:00+00:00,1541,39.999999999054126,38.38296179382937,0,0,0
2025-12-09 16:00:00+00:00,1541,40.00000000087312,39.43907813938456,0,0,0
2025-12-09 16:15:00+00:00,1541,39.999999999054126,39.682844254395455,0,0,0
2025-12-09 16:30:00+00:00,1541,50.000000001091394,39.3958553610826,0,0,0
2025-12-09 16:45:00+00:00,1541,39.999999999054126,38.79457501229808,0,0,0
2025-12-09 17:00:00+00:00,1541,40.00000000087312,39.98889065677905,0,0,0
2025-12-09 17:15:00+00:00,1541,39.999999999054126,39.95035063590106,0,0,0
2025-12-09 17:30:00+00:00,1541,40.00000000087312,39.92974573050334,0,0,0
2025-12-09 17:45:00+00:00,1541,39.999999999054126,39.99899992641586,0,0,0
2025-12-09 18:00:00+00:00,1541,50.000000001091394,40.60590769779776,0,0,0
2025-12-09 18:15:00+00:00,1541,39.999999999054126,40.19674983604763,0,0,0
2025-12-09 18:30:00+00:00,1541,50.000000001091394,40.243747411381946,0,0,0
2025-12-09 18:45:00+00:00,1541,39.999999999054126,40.123767207037645,0,0,0
2025-12-09 19:00:00+00:00,1541,50.000000001091394,40.79082059295664,0,0,0
2025-12-09 19:15:00+00:00,1541,39.999999999054126,40.262719919905386,0,0,0
2025-12-09 19:30:00+00:00,1541,50.000000001091394,40.96478773582004,0,0,0
2025-12-09 19:45:00+00:00,1541,49.9999999992724,41.04256323659937,0,0,0
2025-12-09 20:00:00+00:00,1541,49.9999999992724,41.52760340512078,0,0,0
2025-12-09 20:15:00+00:00,1541,40.00000000087312,42.15016286818956,0,0,0
2025-12-09 20:30:00+00:00,1541,49.9999999992724,41.76303173917381,0,0,0
2025-12-09 20:45:00+00:00,1541,50.000000001091394,43.070052313882464,0,0,0
2025-12-09 21:00:00+00:00,1541,49.9999999992724,44.14260467435645,0,0,0
2025-12-09 21:15:00+00:00,1541,40.00000000087312,45.7403213253386,0,0,0
2025-12-09 21:30:00+00:00,1541,49.9999999992724,45.44355930091689,0,0,0
2025-12-09 21:45:00+00:00,1541,20.00000000043656,41.87481904985679,0,0,0
2025-12-09 22:00:00+00:00,1541,0.0,-0.0448409752419998,0,0,0
2025-12-09 22:15:00+00:00,1541,0.0,0.2968090654764879,0,0,0
2025-12-09 22:30:00+00:00,1541,0.0,1.0351856379025044,0,0,0
2025-12-09 22:45:00+00:00,1541,0.0,0.6457614259402789,0,0,0
2025-12-09 23:00:00+00:00,1541,19.999999998617568,0.426575923743993,0,0,0
2025-12-09 23:15:00+00:00,1541,10.00000000021828,0.6322482707502317,0,0,0
2025-12-09 23:30:00+00:00,1541,0.0,2.276284424518913,0,0,0
2025-12-09 23:45:00+00:00,1541,0.0,7.513025188194387,0,0,0
2025-12-10 00:00:00+00:00,1541,0.0,0.4360515529373039,0,0,0
2025-12-10 00:15:00+00:00,1541,10.00000000021828,0.4005483697946665,0,0,0
2025-12-10 00:30:00+00:00,1541,10.00000000021828,3.53500343822445,0,0,0
2025-12-10 00:45:00+00:00,1541,0.0,9.730791854269352,0,0,0
2025-12-10 01:00:00+00:00,1541,10.00000000021828,7.540356727812515,0,0,0
2025-12-10 01:15:00+00:00,1541,10.00000000021828,0.6305521234654741,0,0,0
2025-12-10 01:30:00+00:00,1541,0.0,1.09283146361674,0,0,0
2025-12-10 01:45:00+00:00,1541,10.00000000021828,8.305317221406547,0,0,0
2025-12-10 02:00:00+00:00,1541,10.00000000021828,2.203411909854289,0,0,0
2025-12-10 02:15:00+00:00,1541,0.0,3.6994331333146953,0,0,0
2025-12-10 02:30:00+00:00,1541,0.0,9.639259787641798,0,0,0
2025-12-10 02:45:00+00:00,1541,0.0,9.651047818087784,0,0,0
2025-12-10 03:00:00+00:00,1541,10.00000000021828,9.560298142861512,0,0,0
2025-12-10 03:15:00+00:00,1541,0.0,7.089734053625048,0,0,0
2025-12-10 03:30:00+00:00,1541,9.99999999839929,0.5442649769724426,0,0,0
2025-12-10 03:45:00+00:00,1541,0.0,0.3482382602541172,0,0,0
2025-12-10 04:00:00+00:00,1541,0.0,0.3269166456962047,0,0,0
2025-12-10 04:15:00+00:00,1541,10.00000000021828,0.3116745021008533,0,0,0
2025-12-10 04:30:00+00:00,1541,0.0,0.332714069388178,0,0,0
2025-12-10 04:45:00+00:00,1541,10.00000000021828,0.6343191931753545,0,0,0
2025-12-10 05:00:00+00:00,1541,0.0,0.4006758706156184,0,0,0
2025-12-10 05:15:00+00:00,1541,10.00000000021828,4.905689422860661,0,0,0
2025-12-10 05:30:00+00:00,1541,0.0,0.7164335855282111,0,0,0
2025-12-10 05:45:00+00:00,1541,10.00000000021828,9.224926551659486,0,0,0
2025-12-10 06:00:00+00:00,1541,0.0,0.5711232180885659,0,0,0
2025-12-10 06:15:00+00:00,1541,10.00000000021828,7.893653775341701,0,0,0
2025-12-10 06:30:00+00:00,1541,219.9999999993452,46.64505942347531,0,0,0
2025-12-10 06:45:00+00:00,1541,10.00000000021828,55.52943060525821,0,0,0
2025-12-10 07:00:00+00:00,1541,90.00000000014552,55.84872743386747,0,0,0
2025-12-10 07:15:00+00:00,1541,69.99999999970896,48.27023704672716,0,0,0
2025-12-10 07:30:00+00:00,1541,59.99999999949068,53.7783922852534,0,0,0
2025-12-10 07:45:00+00:00,1541,60.00000000130967,54.34143977422861,0,0,0
2025-12-10 09:30:00+00:00,1541,39.999999999054126,51.58852318516837,0,0,0
2025-12-10 09:45:00+00:00,1541,40.00000000087312,50.715030515486816,0,0,0
2025-12-10 10:00:00+00:00,1541,39.999999999054126,49.59211919439893,0,0,0
2025-12-10 10:15:00+00:00,1541,40.00000000087312,40.90129232698708,0,0,0
2025-12-10 10:30:00+00:00,1541,49.9999999992724,40.7422524393279,0,0,0
2025-12-10 10:45:00+00:00,1541,30.00000000065484,49.08546184123469,0,0,0
2025-12-10 11:00:00+00:00,1541,49.9999999992724,49.85254734851121,0,0,0
2025-12-10 11:15:00+00:00,1541,30.00000000065484,51.17596530152625,0,0,0
2025-12-10 11:30:00+00:00,1541,39.999999999054126,41.29722873997085,0,0,0
2025-12-10 11:45:00+00:00,1541,50.000000001091394,35.887111973601826,0,0,0
2025-12-10 12:00:00+00:00,1541,29.999999998835847,35.10601296700455,0,0,0
2025-12-10 12:15:00+00:00,1541,40.00000000087312,37.79557517086712,0,0,0
2025-12-10 12:30:00+00:00,1541,39.999999999054126,33.85876129986201,0,0,0
2025-12-10 12:45:00+00:00,1541,40.00000000087312,39.89662063085448,0,0,0
2025-12-10 13:00:00+00:00,1541,39.999999999054126,39.559535505892114,0,0,0
2025-12-10 13:15:00+00:00,1541,30.00000000065484,40.34423930842715,0,0,0
2025-12-10 13:30:00+00:00,1541,40.00000000087312,39.90803968165196,0,0,0
2025-12-10 13:45:00+00:00,1541,39.999999999054126,33.34157933347755,0,0,0
2025-12-10 14:00:00+00:00,1541,40.00000000087312,37.312816494308464,0,0,0
2025-12-10 14:15:00+00:00,1541,39.999999999054126,37.90434303029033,0,0,0
2025-12-10 14:30:00+00:00,1541,30.00000000065484,34.9818619403507,0,0,0
2025-12-10 14:45:00+00:00,1541,39.999999999054126,39.69553638157181,0,0,0
2025-12-10 15:00:00+00:00,1541,50.000000001091394,39.86508542780625,0,0,0
2025-12-10 15:15:00+00:00,1541,39.999999999054126,39.67855945407929,0,0,0
2025-12-10 15:30:00+00:00,1541,40.00000000087312,39.28655818006939,0,0,0
2025-12-10 15:45:00+00:00,1541,49.9999999992724,38.72648764208032,0,0,0
2025-12-10 16:00:00+00:00,1541,40.00000000087312,39.397628781592175,0,0,0
2025-12-10 16:15:00+00:00,1541,49.9999999992724,39.67702364873604,0,0,0
2025-12-10 16:30:00+00:00,1541,40.00000000087312,39.13444390518451,0,0,0
2025-12-10 16:45:00+00:00,1541,39.999999999054126,40.22711821340111,0,0,0
2025-12-10 17:00:00+00:00,1541,40.00000000087312,40.595099105476336,0,0,0
2025-12-10 17:15:00+00:00,1541,49.9999999992724,40.78605476681598,0,0,0
2025-12-10 17:30:00+00:00,1541,39.999999999054126,40.08454911361188,0,0,0
2025-12-10 17:45:00+00:00,1541,40.00000000087312,40.62171779959552,0,0,0
2025-12-10 18:00:00+00:00,1541,40.00000000087312,40.37275506021561,0,0,0
2025-12-10 18:15:00+00:00,1541,39.999999999054126,40.31110261779456,0,0,0
2025-12-10 18:30:00+00:00,1541,49.9999999992724,40.76647179981648,0,0,0
2025-12-10 18:45:00+00:00,1541,40.00000000087312,41.04283755654748,0,0,0
2025-12-10 19:00:00+00:00,1541,39.999999999054126,42.082417431991615,0,0,0
2025-12-10 19:15:00+00:00,1541,40.00000000087312,40.71823592105446,0,0,0
2025-12-10 19:30:00+00:00,1541,49.9999999992724,41.15360872432409,0,0,0
2025-12-10 19:45:00+00:00,1541,50.000000001091394,43.05136378446023,0,0,0
2025-12-10 20:00:00+00:00,1541,49.9999999992724,43.9945356527908,0,0,0
2025-12-10 20:15:00+00:00,1541,50.000000001091394,42.45834780706999,0,0,0
2025-12-10 20:30:00+00:00,1541,49.9999999992724,42.482526599115545,0,0,0
2025-12-10 20:45:00+00:00,1541,40.00000000087312,46.3417407659278,0,0,0
2025-12-10 21:00:00+00:00,1541,49.9999999992724,49.06022440600913,0,0,0
2025-12-10 21:15:00+00:00,1541,49.9999999992724,49.447065760431805,0,0,0
2025-12-10 21:30:00+00:00,1541,40.00000000087312,48.17410529139231,0,0,0
2025-12-10 21:45:00+00:00,1541,29.999999998835847,38.8283009112699,0,0,0
2025-12-10 22:00:00+00:00,1541,0.0,0.435240184076715,0,0,0
2025-12-10 22:15:00+00:00,1541,0.0,0.2700261657545653,0,0,0
2025-12-10 22:30:00+00:00,1541,0.0,5.193661617959322,0,0,0
2025-12-10 22:45:00+00:00,1541,0.0,2.671028898009858,0,0,0
2025-12-10 23:00:00+00:00,1541,0.0,1.6444637654556935,0,0,0
2025-12-10 23:15:00+00:00,1541,10.00000000021828,0.1801226323400513,0,0,0
2025-12-10 23:30:00+00:00,1541,10.00000000021828,2.020664596820936,0,0,0
2025-12-10 23:45:00+00:00,1541,10.00000000021828,9.53098068136556,0,0,0
2025-12-11 00:00:00+00:00,1541,0.0,9.496710006158771,0,0,0
2025-12-11 00:15:00+00:00,1541,10.00000000021828,3.103899980626011,0,0,0
2025-12-11 00:30:00+00:00,1541,0.0,2.804021913413518,0,0,0
2025-12-11 00:45:00+00:00,1541,0.0,9.8382692508381,0,0,0
2025-12-11 01:00:00+00:00,1541,10.00000000021828,9.844470427129746,0,0,0
2025-12-11 01:15:00+00:00,1541,10.00000000021828,9.883883635448171,0,0,0
2025-12-11 01:30:00+00:00,1541,0.0,9.887399567177392,0,0,0
2025-12-11 01:45:00+00:00,1541,10.00000000021828,9.882427035160354,0,0,0
2025-12-11 02:00:00+00:00,1541,0.0,9.854137307554478,0,0,0
2025-12-11 02:15:00+00:00,1541,10.00000000021828,9.829641695287169,0,0,0
2025-12-11 02:30:00+00:00,1541,0.0,9.88117327708768,0,0,0
2025-12-11 02:45:00+00:00,1541,19.999999998617568,9.803627664152188,0,0,0
2025-12-11 03:00:00+00:00,1541,20.00000000043656,8.82695592103239,0,0,0
2025-12-11 03:15:00+00:00,1541,20.00000000043656,10.12213244220706,0,0,0
2025-12-11 03:30:00+00:00,1541,20.00000000043656,10.063748657195813,0,0,0
2025-12-11 03:45:00+00:00,1541,9.99999999839929,10.455676521642143,0,0,0
2025-12-11 04:00:00+00:00,1541,10.00000000021828,10.069370284301325,0,0,0
2025-12-11 04:15:00+00:00,1541,10.00000000021828,10.081278088245782,0,0,0
2025-12-11 04:30:00+00:00,1541,10.00000000021828,10.118432986568902,0,0,0
2025-12-11 04:45:00+00:00,1541,20.00000000043656,10.112703176948646,0,0,0
2025-12-11 05:00:00+00:00,1541,10.00000000021828,10.271957497806705,0,0,0
2025-12-11 07:00:00+00:00,1541,60.00000000130967,10.3926833887705,0,0,0
2025-12-11 07:15:00+00:00,1541,59.99999999949068,60.11938481805383,0,0,0
2025-12-11 07:30:00+00:00,1541,90.00000000014552,59.66733452103784,0,0,0
2025-12-11 07:45:00+00:00,1541,59.99999999949068,62.77780011682289,0,0,0
2025-12-11 08:00:00+00:00,1541,50.000000001091394,63.85211430682271,0,0,0
2025-12-11 08:15:00+00:00,1541,59.99999999949068,60.03055151880305,0,0,0
2025-12-11 08:30:00+00:00,1541,69.99999999970896,61.76860407337719,0,0,0
2025-12-11 08:45:00+00:00,1541,59.99999999949068,62.53329990617621,0,0,0
2025-12-11 09:00:00+00:00,1541,50.000000001091394,62.56449510703524,0,0,0
2025-12-11 09:15:00+00:00,1541,49.9999999992724,59.50998691700218,0,0,0
2025-12-11 09:30:00+00:00,1541,40.00000000087312,59.205831776796,0,0,0
2025-12-11 09:45:00+00:00,1541,29.999999998835847,55.98849924291829,0,0,0
2025-12-11 10:00:00+00:00,1541,30.00000000065484,54.28499168349904,0,0,0
2025-12-11 10:15:00+00:00,1541,30.00000000065484,47.18825348916413,0,0,0
2025-12-11 10:30:00+00:00,1541,29.999999998835847,45.78921016285033,0,0,0
2025-12-11 10:45:00+00:00,1541,30.00000000065484,41.90533810999866,0,0,0
2025-12-11 11:00:00+00:00,1541,29.999999998835847,39.72438247639637,0,0,0
2025-12-11 11:15:00+00:00,1541,30.00000000065484,31.588326169666395,0,0,0
2025-12-11 11:30:00+00:00,1541,30.00000000065484,29.79700821530989,0,0,0
2025-12-11 11:45:00+00:00,1541,29.999999998835847,32.72707850184197,0,0,0
2025-12-11 12:00:00+00:00,1541,30.00000000065484,41.05601650504018,0,0,0
2025-12-11 12:15:00+00:00,1541,30.00000000065484,29.898448641189734,0,0,0
2025-12-11 12:30:00+00:00,1541,10.00000000021828,28.96116209484437,0,0,0
2025-12-11 12:45:00+00:00,1541,19.999999998617568,20.900375704579,0,0,0
2025-12-11 13:00:00+00:00,1541,50.000000001091394,30.736780061748476,0,0,0
2025-12-11 13:15:00+00:00,1541,29.999999998835847,45.67286566373372,0,0,0
2025-12-11 13:30:00+00:00,1541,40.00000000087312,22.082387519838317,0,0,0
2025-12-11 13:45:00+00:00,1541,49.9999999992724,30.034055423422867,0,0,0
2025-12-11 14:00:00+00:00,1541,40.00000000087312,40.18070598274479,0,0,0
2025-12-11 14:15:00+00:00,1541,49.9999999992724,30.48674805412015,0,0,0
2025-12-11 14:30:00+00:00,1541,50.000000001091394,30.473755527282307,0,0,0
2025-12-11 14:45:00+00:00,1541,59.99999999949068,39.47383756773832,0,0,0
2025-12-11 15:00:00+00:00,1541,49.9999999992724,40.754960021149216,0,0,0
2025-12-11 15:15:00+00:00,1541,50.000000001091394,39.40042220866935,0,0,0
2025-12-11 15:30:00+00:00,1541,49.9999999992724,39.63362121018638,0,0,0
2025-12-11 15:45:00+00:00,1541,40.00000000087312,40.39758681101088,0,0,0
2025-12-11 16:00:00+00:00,1541,49.9999999992724,41.92116559827201,0,0,0
2025-12-11 16:15:00+00:00,1541,59.99999999949068,48.175805302338304,0,0,0
2025-12-11 16:30:00+00:00,1541,60.00000000130967,49.48208019042747,0,0,0
2025-12-11 16:45:00+00:00,1541,59.99999999949068,49.16466496484253,0,0,0
2025-12-11 17:00:00+00:00,1541,59.99999999949068,50.11004298374165,0,0,0
2025-12-11 17:15:00+00:00,1541,49.9999999992724,51.07378305268816,0,0,0
2025-12-11 17:30:00+00:00,1541,60.00000000130967,51.41154431836768,0,0,0
2025-12-11 17:45:00+00:00,1541,59.99999999949068,53.17705591338089,0,0,0
2025-12-11 18:00:00+00:00,1541,49.9999999992724,55.71261064835055,0,0,0
2025-12-11 18:15:00+00:00,1541,60.00000000130967,55.66836013615851,0,0,0
2025-12-11 18:30:00+00:00,1541,59.99999999949068,55.18088972471658,0,0,0
2025-12-11 18:45:00+00:00,1541,49.9999999992724,56.5537876554132,0,0,0
2025-12-11 19:00:00+00:00,1541,60.00000000130967,58.27616147267176,0,0,0
2025-12-11 19:15:00+00:00,1541,59.99999999949068,58.64224337524709,0,0,0
2025-12-11 19:30:00+00:00,1541,69.99999999970896,58.62664963847881,0,0,0
2025-12-11 19:45:00+00:00,1541,50.000000001091394,59.20340153387548,0,0,0
2025-12-11 20:00:00+00:00,1541,69.99999999970896,59.72953946701635,0,0,0
2025-12-11 20:15:00+00:00,1541,59.99999999949068,60.45845200123279,0,0,0
2025-12-11 20:30:00+00:00,1541,59.99999999949068,61.07644461671482,0,0,0
2025-12-11 20:45:00+00:00,1541,69.99999999970896,61.70805277440979,0,0,0
2025-12-11 21:00:00+00:00,1541,60.00000000130967,64.4579441167184,0,0,0
2025-12-11 21:15:00+00:00,1541,69.99999999970896,65.261462017666,0,0,0
2025-12-11 21:30:00+00:00,1541,69.99999999970896,65.24739829074912,0,0,0
2025-12-11 21:45:00+00:00,1541,40.00000000087312,64.77908391173958,0,0,0
2025-12-11 22:00:00+00:00,1541,0.0,7.29650174859308,0,0,0
2025-12-11 22:15:00+00:00,1541,0.0,5.912549883086236,0,0,0
2025-12-11 22:30:00+00:00,1541,49.9999999992724,34.50012133852901,0,0,0
2025-12-11 22:45:00+00:00,1541,20.00000000043656,43.18133928043474,0,0,0
2025-12-11 23:00:00+00:00,1541,0.0,18.961509357009056,0,0,0
2025-12-11 23:15:00+00:00,1541,0.0,10.569289412261444,0,0,0
2025-12-11 23:30:00+00:00,1541,10.00000000021828,14.566374466793985,0,0,0
2025-12-11 23:45:00+00:00,1541,19.999999998617568,17.946504298887664,0,0,0
2025-12-12 00:00:00+00:00,1541,30.00000000065484,20.1591057328412,0,0,0
2025-12-12 00:15:00+00:00,1541,10.00000000021828,55.16228619584164,0,0,0
2025-12-12 00:30:00+00:00,1541,20.00000000043656,37.58973668642752,0,0,0
2025-12-12 00:45:00+00:00,1541,9.99999999839929,21.548988318352823,0,0,0
2025-12-12 01:00:00+00:00,1541,30.00000000065484,20.42905684599699,0,0,0
2025-12-12 01:15:00+00:00,1541,10.00000000021828,20.808564005469133,0,0,0
2025-12-12 01:30:00+00:00,1541,20.00000000043656,20.675903264932195,0,0,0
2025-12-12 01:45:00+00:00,1541,20.00000000043656,20.34348399387587,0,0,0
2025-12-12 02:00:00+00:00,1541,19.999999998617568,20.468449287136245,0,0,0
2025-12-12 02:15:00+00:00,1541,20.00000000043656,20.299253765905352,0,0,0
2025-12-12 02:30:00+00:00,1541,10.00000000021828,20.18366268073071,0,0,0
2025-12-12 02:45:00+00:00,1541,30.00000000065484,20.67665812774713,0,0,0
2025-12-12 03:00:00+00:00,1541,19.999999998617568,20.307084441325344,0,0,0
2025-12-12 03:15:00+00:00,1541,10.00000000021828,20.533924822355168,0,0,0
2025-12-12 03:30:00+00:00,1541,20.00000000043656,20.67532999419557,0,0,0
2025-12-12 03:45:00+00:00,1541,20.00000000043656,20.626918801804745,0,0,0
2025-12-12 04:00:00+00:00,1541,19.999999998617568,20.6343109516739,0,0,0
2025-12-12 04:15:00+00:00,1541,10.00000000021828,20.485916416648703,0,0,0
2025-12-12 04:30:00+00:00,1541,20.00000000043656,20.582402179944744,0,0,0
2025-12-12 04:45:00+00:00,1541,30.00000000065484,20.568745103373477,0,0,0
2025-12-12 05:00:00+00:00,1541,20.00000000043656,20.502665388128005,0,0,0
2025-12-12 05:15:00+00:00,1541,19.999999998617568,20.82179269860032,0,0,0
2025-12-12 05:30:00+00:00,1541,20.00000000043656,21.42609877709413,0,0,0
2025-12-12 05:45:00+00:00,1541,30.00000000065484,21.482641044566428,1,0,1
2025-12-12 06:00:00+00:00,1541,29.999999998835847,20.381197674205957,1,0,1
2025-12-12 06:15:00+00:00,1541,79.99999999992724,64.43468487604818,1,0,1
2025-12-12 06:30:00+00:00,1541,150.0000000014552,67.6002984405552,1,0,1
2025-12-12 06:45:00+00:00,1541,99.9999999985448,70.86590355797674,0,0,0
2025-12-12 07:00:00+00:00,1541,79.99999999992724,77.11707562607933,0,0,0
2025-12-12 07:15:00+00:00,1541,79.99999999992724,74.56841921584177,0,0,0
2025-12-12 07:30:00+00:00,1541,120.00000000080036,84.21899499013828,0,0,0
2025-12-12 07:45:00+00:00,1541,69.99999999970896,91.97517129408637,0,0,0
2025-12-12 08:00:00+00:00,1541,79.99999999992724,94.4890161165434,0,0,0
2025-12-12 08:15:00+00:00,1541,90.00000000014552,93.73921856148928,0,0,0
2025-12-12 08:30:00+00:00,1541,90.00000000014552,95.25864970840831,0,0,0
2025-12-12 08:45:00+00:00,1541,79.99999999992724,94.33303238492576,0,0,0
2025-12-12 09:00:00+00:00,1541,79.99999999992724,94.68164281136974,0,0,0
2025-12-12 09:15:00+00:00,1541,79.99999999992724,92.303118860214,0,0,0
2025-12-12 09:30:00+00:00,1541,69.99999999970896,89.21560534403054,0,0,0
2025-12-12 09:45:00+00:00,1541,90.00000000014552,82.70072294159152,0,0,0
2025-12-12 10:00:00+00:00,1541,79.99999999992724,80.54319268609282,0,0,0
2025-12-12 10:15:00+00:00,1541,69.99999999970896,79.35253592880699,0,0,0
2025-12-12 10:30:00+00:00,1541,70.00000000152795,74.85764516901311,0,0,0
2025-12-12 10:45:00+00:00,1541,69.99999999970896,70.77464387946667,0,0,0
2025-12-12 11:00:00+00:00,1541,69.99999999970896,69.30535532813205,0,0,0
2025-12-12 11:15:00+00:00,1541,59.99999999949068,70.2701192673074,0,0,0
2025-12-12 11:30:00+00:00,1541,59.99999999949068,65.91013210340078,0,0,0
2025-12-12 11:45:00+00:00,1541,60.00000000130967,62.82702316103196,0,0,0
2025-12-12 12:00:00+00:00,1541,49.9999999992724,58.33396184483564,0,0,0
2025-12-12 12:15:00+00:00,1541,59.99999999949068,54.20548912614503,0,0,0
2025-12-12 12:30:00+00:00,1541,50.000000001091394,55.93725164021898,0,0,0
2025-12-12 12:45:00+00:00,1541,59.99999999949068,52.49931564046957,0,0,0
2025-12-12 13:00:00+00:00,1541,59.99999999949068,52.95008899744544,0,0,0
2025-12-12 13:15:00+00:00,1541,70.00000000152795,58.63613879048647,0,0,0
2025-12-12 13:30:00+00:00,1541,59.99999999949068,62.063076878513655,0,0,0
2025-12-12 13:45:00+00:00,1541,49.9999999992724,59.376594012660085,0,0,0
2025-12-12 14:00:00+00:00,1541,40.00000000087312,51.75753131882908,0,0,0
2025-12-12 14:15:00+00:00,1541,49.9999999992724,51.98547960471973,0,0,0
2025-12-12 14:30:00+00:00,1541,50.000000001091394,56.041694130883,0,0,0
2025-12-12 14:45:00+00:00,1541,59.99999999949068,56.79745331523184,0,0,0
2025-12-12 15:00:00+00:00,1541,59.99999999949068,55.1564443400454,0,0,0
2025-12-12 15:15:00+00:00,1541,50.000000001091394,54.65869272604142,0,0,0
2025-12-12 15:30:00+00:00,1541,49.9999999992724,52.43194884307323,0,0,0
2025-12-12 15:45:00+00:00,1541,49.9999999992724,53.06210426414162,0,0,0
2025-12-12 16:00:00+00:00,1541,60.00000000130967,54.95184802269475,0,0,0
2025-12-12 16:15:00+00:00,1541,39.999999999054126,56.1854030107383,0,0,0
2025-12-12 16:30:00+00:00,1541,59.99999999949068,49.89169589603463,0,0,0
2025-12-12 16:45:00+00:00,1541,50.000000001091394,52.82710866014757,0,0,0
2025-12-12 17:00:00+00:00,1541,59.99999999949068,54.68292560934435,0,0,0
2025-12-12 17:15:00+00:00,1541,49.9999999992724,54.38386663831493,0,0,0
2025-12-12 17:30:00+00:00,1541,50.000000001091394,54.38297413256828,0,0,0
2025-12-12 17:45:00+00:00,1541,59.99999999949068,52.208169447661504,0,0,0
2025-12-12 18:00:00+00:00,1541,40.00000000087312,53.67834277742029,0,0,0
2025-12-12 18:15:00+00:00,1541,49.9999999992724,53.223825532702,0,0,0
2025-12-12 18:30:00+00:00,1541,49.9999999992724,52.87341464011976,0,0,0
2025-12-12 18:45:00+00:00,1541,50.000000001091394,52.46406359530759,0,0,0
2025-12-12 20:30:00+00:00,1541,49.9999999992724,51.93681292772934,0,0,0
2025-12-12 20:45:00+00:00,1541,60.00000000130967,52.45003850500312,0,0,0
2025-12-12 21:00:00+00:00,1541,49.9999999992724,53.06417905022799,0,0,0
2025-12-12 21:15:00+00:00,1541,50.000000001091394,49.83014197697523,0,0,0
2025-12-12 21:30:00+00:00,1541,59.99999999949068,48.19580361292121,0,0,0
2025-12-12 21:45:00+00:00,1541,29.999999998835847,51.591606386838606,0,0,0
2025-12-12 22:00:00+00:00,1541,0.0,13.99225565653299,0,0,0
2025-12-12 22:15:00+00:00,1541,0.0,0.4174306375867829,0,0,0
2025-12-12 22:30:00+00:00,1541,30.00000000065484,7.927310128411186,0,0,0
2025-12-12 22:45:00+00:00,1541,20.00000000043656,36.99180613193886,0,0,0
2025-12-12 23:00:00+00:00,1541,0.0,10.185469440929143,0,0,0
2025-12-12 23:15:00+00:00,1541,0.0,7.897625619097347,0,0,0
2025-12-12 23:30:00+00:00,1541,10.00000000021828,6.897540088857692,0,0,0
2025-12-12 23:45:00+00:00,1541,0.0,9.111929915008108,0,0,0
2025-12-13 00:00:00+00:00,1541,0.0,10.042517838677067,0,0,0
2025-12-13 00:15:00+00:00,1541,0.0,10.117557867297837,0,0,0
2025-12-13 00:30:00+00:00,1541,0.0,9.93809852998049,0,0,0
2025-12-13 00:45:00+00:00,1541,19.999999998617568,9.900833517312002,0,0,0
2025-12-13 01:00:00+00:00,1541,10.00000000021828,9.857993241472895,0,0,0
2025-12-13 01:15:00+00:00,1541,10.00000000021828,10.01709881137318,0,0,0
2025-12-13 01:30:00+00:00,1541,0.0,9.951408842955392,0,0,0
2025-12-13 01:45:00+00:00,1541,10.00000000021828,9.887579227425093,0,0,0
2025-12-13 02:00:00+00:00,1541,10.00000000021828,9.903248305587567,0,0,0
2025-12-13 02:15:00+00:00,1541,10.00000000021828,9.993905252944057,0,0,0
2025-12-13 02:30:00+00:00,1541,20.00000000043656,10.009452625777438,0,0,0
2025-12-13 02:45:00+00:00,1541,10.00000000021828,9.997370957077145,0,0,0
2025-12-13 03:00:00+00:00,1541,9.99999999839929,10.024366358167317,0,0,0
2025-12-13 03:15:00+00:00,1541,0.0,10.076529648580712,0,0,0
2025-12-13 03:30:00+00:00,1541,20.00000000043656,10.043937734183096,0,0,0
2025-12-13 03:45:00+00:00,1541,10.00000000021828,10.086957670269904,0,0,0
2025-12-13 04:00:00+00:00,1541,10.00000000021828,10.09647386790624,0,0,0
2025-12-13 04:15:00+00:00,1541,10.00000000021828,10.09766773922968,0,0,0
2025-12-13 04:30:00+00:00,1541,10.00000000021828,10.12817520838783,0,0,0
2025-12-13 04:45:00+00:00,1541,10.00000000021828,10.116012402801475,0,0,0
2025-12-13 05:00:00+00:00,1541,0.0,10.060572727655796,0,0,0
2025-12-13 05:15:00+00:00,1541,9.99999999839929,10.051294145185771,0,0,0
2025-12-13 05:30:00+00:00,1541,10.00000000021828,10.073156672317406,0,0,0
2025-12-13 05:45:00+00:00,1541,20.00000000043656,10.08715471699319,0,0,0
2025-12-13 06:00:00+00:00,1541,10.00000000021828,10.056365200564452,0,0,0
2025-12-13 06:15:00+00:00,1541,0.0,10.111870557951232,0,0,0
2025-12-13 06:30:00+00:00,1541,20.00000000043656,10.106787911588825,0,0,0
2025-12-13 06:45:00+00:00,1541,10.00000000021828,10.09440680914236,0,0,0
2025-12-13 07:00:00+00:00,1541,9.99999999839929,10.080609674851104,0,0,0
2025-12-13 07:15:00+00:00,1541,10.00000000021828,10.076518057596992,0,0,0
2025-12-13 07:30:00+00:00,1541,30.00000000065484,22.434870300760977,0,0,0
2025-12-13 07:45:00+00:00,1541,49.9999999992724,40.31698504203384,0,0,0
2025-12-13 08:00:00+00:00,1541,20.00000000043656,44.18259356819977,0,0,0
2025-12-13 08:15:00+00:00,1541,40.00000000087312,24.90919083463891,0,0,0
2025-12-13 08:30:00+00:00,1541,39.999999999054126,46.52766400850116,0,0,0
2025-12-13 08:45:00+00:00,1541,30.00000000065484,26.16200037847649,0,0,0
2025-12-13 09:00:00+00:00,1541,39.999999999054126,22.482187594062975,1,0,1
2025-12-13 09:15:00+00:00,1541,30.00000000065484,53.25811938987623,1,0,1
2025-12-13 09:30:00+00:00,1541,30.00000000065484,60.36313547841976,1,0,1
2025-12-13 09:45:00+00:00,1541,99.9999999985448,59.97512343464109,1,0,1
2025-12-13 10:00:00+00:00,1541,160.00000000167347,73.12715766314865,1,0,1
2025-12-13 10:15:00+00:00,1541,79.99999999992724,78.20080942218448,0,0,0
2025-12-13 10:30:00+00:00,1541,59.99999999949068,80.27231912381578,0,0,0
2025-12-13 10:45:00+00:00,1541,59.99999999949068,76.00971940514731,0,0,0
2025-12-13 11:00:00+00:00,1541,59.99999999949068,70.922683923573,0,0,0
2025-12-13 11:15:00+00:00,1541,50.000000001091394,67.67439573583319,0,0,0
2025-12-13 11:30:00+00:00,1541,49.9999999992724,63.76933150107519,0,0,0
2025-12-13 11:45:00+00:00,1541,50.000000001091394,57.480969761698304,0,0,0
2025-12-13 12:00:00+00:00,1541,49.9999999992724,49.56030194408012,0,0,0
2025-12-13 12:15:00+00:00,1541,49.9999999992724,49.62676850840733,0,0,0
2025-12-13 12:30:00+00:00,1541,40.00000000087312,55.94779170808416,0,0,0
2025-12-13 12:45:00+00:00,1541,59.99999999949068,53.49677388106541,0,0,0
2025-12-13 13:00:00+00:00,1541,50.000000001091394,49.67515700178837,0,0,0
2025-12-13 13:15:00+00:00,1541,39.999999999054126,47.27435904357884,0,0,0
2025-12-13 13:30:00+00:00,1541,59.99999999949068,46.92672612342882,0,0,0
2025-12-13 13:45:00+00:00,1541,40.00000000087312,50.25978690245523,0,0,0
2025-12-13 14:00:00+00:00,1541,39.999999999054126,48.47005015146157,0,0,0
2025-12-13 14:15:00+00:00,1541,60.00000000130967,45.93193574091982,0,0,0
2025-12-13 14:30:00+00:00,1541,39.999999999054126,57.73857164761287,0,0,0
2025-12-13 14:45:00+00:00,1541,50.000000001091394,55.55855488369212,0,0,0
2025-12-13 15:00:00+00:00,1541,49.9999999992724,48.331750397343534,0,0,0
2025-12-13 15:15:00+00:00,1541,49.9999999992724,47.67585526508826,0,0,0
2025-12-13 15:30:00+00:00,1541,50.000000001091394,52.09844533208118,0,0,0
2025-12-13 15:45:00+00:00,1541,49.9999999992724,51.37947206640696,0,0,0
2025-12-13 16:00:00+00:00,1541,50.000000001091394,49.38057215047591,0,0,0
2025-12-13 16:15:00+00:00,1541,59.99999999949068,50.12904833338564,0,0,0
2025-12-13 16:30:00+00:00,1541,49.9999999992724,51.94695890214795,0,0,0
2025-12-13 16:45:00+00:00,1541,60.00000000130967,53.53933597329517,0,0,0
2025-12-13 17:00:00+00:00,1541,49.9999999992724,52.40556390045912,0,0,0
2025-12-13 17:15:00+00:00,1541,59.99999999949068,50.73262176511663,0,0,0
2025-12-13 17:30:00+00:00,1541,60.00000000130967,53.997987335541225,0,0,0
2025-12-13 17:45:00+00:00,1541,59.99999999949068,56.21704639630128,0,0,0
2025-12-13 18:00:00+00:00,1541,59.99999999949068,54.4175693553193,0,0,0
2025-12-13 18:15:00+00:00,1541,50.000000001091394,55.46101289200435,0,0,0
2025-12-13 18:30:00+00:00,1541,69.99999999970896,55.84193511740597,0,0,0
2025-12-13 18:45:00+00:00,1541,49.9999999992724,58.0106429448746,0,0,0
2025-12-13 19:00:00+00:00,1541,59.99999999949068,56.420437251344765,0,0,0
2025-12-13 19:15:00+00:00,1541,70.00000000152795,53.612397807360594,0,0,0
2025-12-13 19:30:00+00:00,1541,49.9999999992724,56.2450193036854,0,0,0
2025-12-13 19:45:00+00:00,1541,39.999999999054126,56.755497817816895,0,0,0
2025-12-13 20:00:00+00:00,1541,0.0,1.2693640775441075,0,0,0
2025-12-13 20:15:00+00:00,1541,0.0,1.4053842715300109,0,0,0
2025-12-13 20:30:00+00:00,1541,10.00000000021828,17.580952683817653,0,0,0
2025-12-13 20:45:00+00:00,1541,50.000000001091394,34.80430738802511,0,0,0
2025-12-13 21:00:00+00:00,1541,39.999999999054126,44.04878145661304,0,0,0
2025-12-13 21:15:00+00:00,1541,30.00000000065484,23.31273953271316,0,0,0
2025-12-13 21:30:00+00:00,1541,30.00000000065484,22.798964832585515,0,0,0
2025-12-13 21:45:00+00:00,1541,29.999999998835847,30.188343007755748,0,0,0
2025-12-13 22:00:00+00:00,1541,40.00000000087312,27.245965028340784,0,0,0
2025-12-13 22:15:00+00:00,1541,39.999999999054126,48.1049650734864,0,0,0
2025-12-13 22:30:00+00:00,1541,30.00000000065484,42.73800153951699,0,0,0
2025-12-13 22:45:00+00:00,1541,10.00000000021828,19.41653080951929,0,0,0
2025-12-13 23:00:00+00:00,1541,10.00000000021828,10.227092663477364,0,0,0
2025-12-13 23:15:00+00:00,1541,9.99999999839929,8.95374003282192,0,0,0
2025-12-13 23:30:00+00:00,1541,20.00000000043656,9.544594291747874,0,0,0
2025-12-13 23:45:00+00:00,1541,20.00000000043656,19.866241659653905,0,0,0
2025-12-14 00:00:00+00:00,1541,20.00000000043656,20.06339076996272,0,0,0
2025-12-14 00:15:00+00:00,1541,20.00000000043656,19.656132863627803,0,0,0
2025-12-14 00:30:00+00:00,1541,19.999999998617568,20.016455979123567,0,0,0
2025-12-14 00:45:00+00:00,1541,30.00000000065484,20.13257252222697,0,0,0
2025-12-14 01:00:00+00:00,1541,20.00000000043656,19.902117686106287,0,0,0
2025-12-14 01:15:00+00:00,1541,19.999999998617568,20.179447426316887,0,0,0
2025-12-14 01:30:00+00:00,1541,20.00000000043656,19.916695762925865,0,0,0
2025-12-14 01:45:00+00:00,1541,10.00000000021828,20.165397222214352,0,0,0
2025-12-14 02:00:00+00:00,1541,20.00000000043656,20.530090138573573,0,0,0
2025-12-14 02:15:00+00:00,1541,20.00000000043656,20.00002962335788,0,0,0
2025-12-14 02:30:00+00:00,1541,9.99999999839929,19.998418476620422,0,0,0
2025-12-14 02:45:00+00:00,1541,10.00000000021828,20.448073303667048,0,0,0
2025-12-14 03:00:00+00:00,1541,20.00000000043656,20.461938052030018,0,0,0
2025-12-14 03:15:00+00:00,1541,20.00000000043656,20.030823003447857,0,0,0
2025-12-14 03:30:00+00:00,1541,10.00000000021828,20.056113081057827,0,0,0
2025-12-14 03:45:00+00:00,1541,20.00000000043656,20.31050474743885,0,0,0
2025-12-14 04:00:00+00:00,1541,19.999999998617568,16.960414881493172,0,0,0
2025-12-14 04:15:00+00:00,1541,10.00000000021828,18.81715717755715,0,0,0
2025-12-14 04:30:00+00:00,1541,20.00000000043656,19.869038467434663,0,0,0
2025-12-14 04:45:00+00:00,1541,10.00000000021828,10.955922128977118,0,0,0
2025-12-14 05:00:00+00:00,1541,10.00000000021828,16.932649645900753,0,0,0
2025-12-14 05:15:00+00:00,1541,19.999999998617568,12.945415961617195,0,0,0
2025-12-14 05:30:00+00:00,1541,10.00000000021828,10.907941251856991,0,0,0
2025-12-14 05:45:00+00:00,1541,10.00000000021828,13.332739307779685,0,0,0
2025-12-14 06:00:00+00:00,1541,20.00000000043656,10.777409388663791,0,0,0
2025-12-14 06:15:00+00:00,1541,10.00000000021828,10.55606603166446,0,0,0
2025-12-14 06:30:00+00:00,1541,10.00000000021828,10.678592388766518,0,0,0
2025-12-14 06:45:00+00:00,1541,10.00000000021828,10.85786047485244,0,0,0
2025-12-14 07:00:00+00:00,1541,19.999999998617568,10.58558247171432,0,0,0
2025-12-14 07:15:00+00:00,1541,20.00000000043656,10.403513231228745,0,0,0
2025-12-14 07:30:00+00:00,1541,40.00000000087312,35.891419955885425,0,0,0
2025-12-14 07:45:00+00:00,1541,49.9999999992724,60.92002042771573,0,0,0
2025-12-14 08:00:00+00:00,1541,40.00000000087312,44.55507176195941,0,0,0
2025-12-14 08:15:00+00:00,1541,49.9999999992724,23.30195846897808,0,0,0
2025-12-14 08:30:00+00:00,1541,39.999999999054126,67.43887467391038,0,0,0
2025-12-14 08:45:00+00:00,1541,40.00000000087312,56.59737748153304,0,0,0
2025-12-14 09:00:00+00:00,1541,40.00000000087312,52.6994610200707,0,0,0
2025-12-14 09:15:00+00:00,1541,39.999999999054126,47.42663172857459,0,0,0
2025-12-14 09:30:00+00:00,1541,40.00000000087312,63.46948820681385,0,0,0
2025-12-14 09:45:00+00:00,1541,109.99999999876307,81.38751857706681,0,0,0
2025-12-14 10:00:00+00:00,1541,170.00000000007276,85.1018184017166,0,0,0
2025-12-14 10:15:00+00:00,1541,79.99999999992724,88.65258490068403,0,0,0
2025-12-14 10:30:00+00:00,1541,69.99999999970896,89.23080498735224,0,0,0
2025-12-14 10:45:00+00:00,1541,50.000000001091394,80.76520638831745,0,0,0
2025-12-14 11:00:00+00:00,1541,59.99999999949068,72.80844424738677,0,0,0
2025-12-14 11:15:00+00:00,1541,59.99999999949068,68.80419210125235,0,0,0
2025-12-14 11:30:00+00:00,1541,50.000000001091394,64.96965513878575,0,0,0
2025-12-14 11:45:00+00:00,1541,49.9999999992724,57.47187856679847,0,0,0
2025-12-14 12:00:00+00:00,1541,59.99999999949068,50.915612488808165,0,0,0
2025-12-14 12:15:00+00:00,1541,60.00000000130967,53.502144370190265,0,0,0
2025-12-14 12:30:00+00:00,1541,59.99999999949068,64.12058467180793,0,0,0
2025-12-14 12:45:00+00:00,1541,59.99999999949068,64.81566505636842,0,0,0
2025-12-14 13:00:00+00:00,1541,60.00000000130967,59.77135973628786,0,0,0
2025-12-14 13:15:00+00:00,1541,59.99999999949068,56.85336822071015,0,0,0
2025-12-14 13:30:00+00:00,1541,49.9999999992724,57.60026802983359,0,0,0
2025-12-14 13:45:00+00:00,1541,60.00000000130967,57.91360322914814,0,0,0
2025-12-14 14:00:00+00:00,1541,59.99999999949068,59.266247847619965,0,0,0
2025-12-14 14:15:00+00:00,1541,49.9999999992724,55.99405905144394,0,0,0
2025-12-14 14:30:00+00:00,1541,59.99999999949068,55.50443658069082,0,0,0
2025-12-14 14:45:00+00:00,1541,50.000000001091394,64.54772787663444,0,0,0
2025-12-14 15:00:00+00:00,1541,69.99999999970896,62.17645215396664,0,0,0
2025-12-14 15:15:00+00:00,1541,49.9999999992724,60.22383503604034,0,0,0
2025-12-14 15:30:00+00:00,1541,60.00000000130967,55.560092620866,0,0,0
2025-12-14 15:45:00+00:00,1541,59.99999999949068,61.64029961088936,0,0,0
2025-12-14 16:00:00+00:00,1541,49.9999999992724,62.0509604368622,0,0,0
2025-12-14 16:15:00+00:00,1541,60.00000000130967,51.442820656112765,0,0,0
2025-12-14 16:30:00+00:00,1541,59.99999999949068,58.811440828308605,0,0,0
2025-12-14 16:45:00+00:00,1541,59.99999999949068,61.61458308166992,0,0,0
2025-12-14 17:00:00+00:00,1541,60.00000000130967,60.40692621492413,0,0,0
2025-12-14 17:15:00+00:00,1541,49.9999999992724,55.676651553181486,0,0,0
2025-12-14 17:30:00+00:00,1541,69.99999999970896,57.650912901379314,0,0,0
2025-12-14 17:45:00+00:00,1541,59.99999999949068,62.435294275139526,0,0,0
2025-12-14 18:00:00+00:00,1541,60.00000000130967,61.29610921290498,0,0,0
2025-12-14 18:15:00+00:00,1541,69.99999999970896,57.20132955206565,0,0,0
2025-12-14 18:30:00+00:00,1541,49.9999999992724,60.66550560713264,0,0,0
2025-12-14 18:45:00+00:00,1541,69.99999999970896,60.19505075979564,0,0,0
2025-12-14 19:00:00+00:00,1541,60.00000000130967,61.96388896713727,0,0,0
2025-12-14 19:15:00+00:00,1541,49.9999999992724,58.59151736681531,0,0,0
2025-12-14 19:30:00+00:00,1541,69.99999999970896,56.92838893102471,0,0,0
2025-12-14 19:45:00+00:00,1541,40.00000000087312,60.03165652591794,0,0,0
2025-12-14 20:00:00+00:00,1541,0.0,2.9695662747717613,0,0,0
2025-12-14 20:15:00+00:00,1541,0.0,1.4335812712661031,0,0,0
2025-12-14 20:30:00+00:00,1541,0.0,21.540856760313694,0,0,0
2025-12-14 20:45:00+00:00,1541,49.9999999992724,40.75346092058775,0,0,0
2025-12-14 21:00:00+00:00,1541,40.00000000087312,48.615507338028365,0,0,0
2025-12-14 21:15:00+00:00,1541,29.999999998835847,24.755236491088056,0,0,0
2025-12-14 21:30:00+00:00,1541,40.00000000087312,28.518087082891,0,0,0
2025-12-14 21:45:00+00:00,1541,39.999999999054126,31.055101315894404,0,0,0
2025-12-14 22:00:00+00:00,1541,50.000000001091394,40.36601103951962,0,0,0
2025-12-14 22:15:00+00:00,1541,49.9999999992724,52.55315575986152,0,0,0
2025-12-14 22:30:00+00:00,1541,40.00000000087312,45.839227189444415,0,0,0
2025-12-14 22:45:00+00:00,1541,19.999999998617568,35.9913419628976,0,0,0
2025-12-14 23:00:00+00:00,1541,20.00000000043656,8.422728091025654,0,0,0
2025-12-14 23:15:00+00:00,1541,20.00000000043656,9.973437507520384,0,0,0
2025-12-14 23:30:00+00:00,1541,20.00000000043656,19.490171226855544,0,0,0
2025-12-14 23:45:00+00:00,1541,19.999999998617568,20.340452468674727,0,0,0
2025-12-15 00:00:00+00:00,1541,20.00000000043656,20.42604077544081,0,0,0
2025-12-15 00:15:00+00:00,1541,20.00000000043656,20.3504255442528,0,0,0
2025-12-15 00:30:00+00:00,1541,20.00000000043656,23.855569448330023,0,0,0
2025-12-15 00:45:00+00:00,1541,19.999999998617568,26.57166051618793,0,0,0
2025-12-15 01:00:00+00:00,1541,10.00000000021828,21.328373744455064,0,0,0
2025-12-15 01:15:00+00:00,1541,30.00000000065484,20.181623633510824,0,0,0
2025-12-15 01:30:00+00:00,1541,20.00000000043656,20.412728047677632,0,0,0
2025-12-15 01:45:00+00:00,1541,20.00000000043656,20.640851164239432,0,0,0
2025-12-15 02:00:00+00:00,1541,19.999999998617568,20.60112838006408,0,0,0
2025-12-15 02:15:00+00:00,1541,20.00000000043656,20.56577298196391,0,0,0
2025-12-15 02:30:00+00:00,1541,20.00000000043656,20.40683065175105,0,0,0
2025-12-15 02:45:00+00:00,1541,20.00000000043656,20.44494422101957,0,0,0
2025-12-15 03:00:00+00:00,1541,19.999999998617568,20.513031591237343,0,0,0
2025-12-15 03:15:00+00:00,1541,20.00000000043656,20.50972767791872,0,0,0
2025-12-15 03:30:00+00:00,1541,20.00000000043656,20.62013855928462,0,0,0
2025-12-15 04:30:00+00:00,1541,20.00000000043656,20.64253040800626,0,0,0
2025-12-15 04:45:00+00:00,1541,20.00000000043656,20.61164140230057,0,0,0
2025-12-15 05:00:00+00:00,1541,29.999999998835847,20.54505989405144,0,0,0
2025-12-15 05:15:00+00:00,1541,20.00000000043656,20.40582078729421,0,0,0
2025-12-15 05:30:00+00:00,1541,10.00000000021828,20.62175308672566,0,0,0
2025-12-15 05:45:00+00:00,1541,20.00000000043656,19.97693845195164,0,0,0
2025-12-15 06:00:00+00:00,1541,29.999999998835847,21.026332026947664,0,0,0
2025-12-15 06:15:00+00:00,1541,90.00000000014552,57.81530395985715,0,0,0
2025-12-15 06:30:00+00:00,1541,159.99999999985448,75.46140405648367,0,0,0
2025-12-15 06:45:00+00:00,1541,100.0000000003638,80.90346364216184,0,0,0
2025-12-15 07:00:00+00:00,1541,79.99999999992724,81.9139887850744,0,0,0
2025-12-15 07:15:00+00:00,1541,69.99999999970896,75.10504312559046,0,0,0
2025-12-15 07:30:00+00:00,1541,110.00000000058208,85.62389176323205,0,0,0
2025-12-15 07:45:00+00:00,1541,79.99999999992724,94.390469572933,0,0,0
2025-12-15 08:00:00+00:00,1541,90.00000000014552,94.01574852382302,0,0,0
2025-12-15 08:15:00+00:00,1541,79.99999999992724,92.914968254323,0,0,0
2025-12-15 08:30:00+00:00,1541,90.00000000014552,92.7200388173971,0,0,0
2025-12-15 08:45:00+00:00,1541,90.00000000014552,88.76323243130095,0,0,0
2025-12-15 09:00:00+00:00,1541,90.00000000014552,89.695209341186,0,0,0
2025-12-15 09:15:00+00:00,1541,79.99999999992724,88.77714161176819,0,0,0
2025-12-15 09:30:00+00:00,1541,90.00000000014552,88.23537130524663,0,0,0
2025-12-15 09:45:00+00:00,1541,69.99999999970896,81.80794673865664,0,0,0
2025-12-15 10:00:00+00:00,1541,79.99999999992724,72.62731580841336,0,0,0
2025-12-15 10:15:00+00:00,1541,69.99999999970896,73.06673000134097,0,0,0
2025-12-15 10:30:00+00:00,1541,69.99999999970896,72.28877408316316,0,0,0
2025-12-15 10:45:00+00:00,1541,60.00000000130967,70.22028576462226,0,0,0
2025-12-15 11:00:00+00:00,1541,69.99999999970896,64.1147814526241,0,0,0
2025-12-15 11:15:00+00:00,1541,69.99999999970896,68.09973074719896,0,0,0
2025-12-15 11:30:00+00:00,1541,49.9999999992724,70.64467804264525,0,0,0
2025-12-15 11:45:00+00:00,1541,69.99999999970896,60.23039553282739,0,0,0
2025-12-15 12:00:00+00:00,1541,50.000000001091394,62.94502710265154,0,0,0
2025-12-15 12:15:00+00:00,1541,49.9999999992724,56.35703843404282,0,0,0
2025-12-15 12:30:00+00:00,1541,59.99999999949068,53.086943742259365,0,0,0
2025-12-15 12:45:00+00:00,1541,40.00000000087312,60.00998911367897,0,0,0
2025-12-15 13:00:00+00:00,1541,59.99999999949068,55.87134144311046,0,0,0
2025-12-15 13:15:00+00:00,1541,60.00000000130967,54.54967952412942,0,0,0
2025-12-15 13:30:00+00:00,1541,49.9999999992724,55.01251523149937,0,0,0
2025-12-15 13:45:00+00:00,1541,59.99999999949068,53.633419988172335,0,0,0
2025-12-15 14:00:00+00:00,1541,50.000000001091394,52.84744310925843,0,0,0
2025-12-15 14:15:00+00:00,1541,59.99999999949068,54.10771917844404,0,0,0
2025-12-15 14:30:00+00:00,1541,69.99999999970896,57.42130710481632,0,0,0
2025-12-15 14:45:00+00:00,1541,69.99999999970896,62.30395297491636,0,0,0
2025-12-15 15:00:00+00:00,1541,69.99999999970896,63.767013304330646,0,0,0
2025-12-15 15:15:00+00:00,1541,60.00000000130967,58.88193719131007,0,0,0
2025-12-15 15:30:00+00:00,1541,59.99999999949068,56.47997627106704,0,0,0
2025-12-15 15:45:00+00:00,1541,49.9999999992724,58.48136824849847,0,0,0
2025-12-15 16:00:00+00:00,1541,70.00000000152795,58.82427204728964,0,0,0
2025-12-15 16:15:00+00:00,1541,69.99999999970896,62.0566091095964,0,0,0
2025-12-15 16:30:00+00:00,1541,69.99999999970896,63.23181122191862,0,0,0
2025-12-15 16:45:00+00:00,1541,59.99999999949068,62.18326765239559,0,0,0
2025-12-15 17:00:00+00:00,1541,79.99999999992724,62.35559467106224,0,0,0
2025-12-15 17:15:00+00:00,1541,69.99999999970896,64.47784969943152,0,0,0
2025-12-15 17:30:00+00:00,1541,60.00000000130967,66.46402657889628,0,0,0
2025-12-15 17:45:00+00:00,1541,69.99999999970896,65.22955590313865,0,0,0
2025-12-15 18:00:00+00:00,1541,69.99999999970896,67.01209465324051,0,0,0
2025-12-15 18:15:00+00:00,1541,69.99999999970896,67.85182278733782,0,0,0
2025-12-15 18:30:00+00:00,1541,69.99999999970896,67.63776049994698,0,0,0
2025-12-15 18:45:00+00:00,1541,69.99999999970896,67.17633889259119,0,0,0
2025-12-15 19:00:00+00:00,1541,70.00000000152795,67.48666816346032,0,0,0
2025-12-15 19:15:00+00:00,1541,69.99999999970896,68.1958895481625,0,0,0
2025-12-15 19:30:00+00:00,1541,69.99999999970896,68.35155645955838,0,0,0
2025-12-15 19:45:00+00:00,1541,69.99999999970896,69.27139374582454,0,0,0
2025-12-15 20:00:00+00:00,1541,69.99999999970896,68.67142124637006,0,0,0
2025-12-15 20:15:00+00:00,1541,69.99999999970896,68.88985719828561,0,0,0
2025-12-15 20:30:00+00:00,1541,79.99999999992724,68.93268201947974,0,0,0
2025-12-15 20:45:00+00:00,1541,70.00000000152795,69.86299755503123,0,0,0
2025-12-15 21:00:00+00:00,1541,69.99999999970896,70.6044032378701,0,0,0
2025-12-15 21:15:00+00:00,1541,69.99999999970896,71.92463946585326,0,0,0
2025-12-15 21:30:00+00:00,1541,79.99999999992724,72.57123090184044,0,0,0
2025-12-15 22:00:00+00:00,1541,0.0,72.78199362253156,0,0,0
2025-12-15 22:15:00+00:00,1541,10.00000000021828,2.569501539752096,0,0,0
2025-12-15 22:30:00+00:00,1541,60.00000000130967,34.12881769778661,0,0,0
2025-12-15 22:45:00+00:00,1541,0.0,66.02271919196063,0,0,0
2025-12-15 23:00:00+00:00,1541,9.99999999839929,14.455407218209388,0,0,0
2025-12-15 23:15:00+00:00,1541,10.00000000021828,11.517375857690435,0,0,0
2025-12-15 23:30:00+00:00,1541,20.00000000043656,17.101434653124798,0,0,0
2025-12-15 23:45:00+00:00,1541,0.0,18.38706986286507,0,0,0
2025-12-16 00:00:00+00:00,1541,10.00000000021828,19.19256789019863,0,0,0
2025-12-16 00:15:00+00:00,1541,0.0,33.77741770792671,0,0,0
2025-12-16 00:30:00+00:00,1541,20.00000000043656,20.179861803984974,0,0,0
2025-12-16 00:45:00+00:00,1541,20.00000000043656,19.390809933680963,0,0,0
2025-12-16 01:00:00+00:00,1541,0.0,19.98215536054216,0,0,0
2025-12-16 01:15:00+00:00,1541,19.999999998617568,20.207358032163494,0,0,0
2025-12-16 01:30:00+00:00,1541,10.00000000021828,18.930994160528424,0,0,0
2025-12-16 01:45:00+00:00,1541,20.00000000043656,20.03310980794481,0,0,0
2025-12-16 02:00:00+00:00,1541,10.00000000021828,10.90272917284302,0,0,0
2025-12-16 02:15:00+00:00,1541,20.00000000043656,10.692613615409748,0,0,0
2025-12-16 02:30:00+00:00,1541,9.99999999839929,36.48576696457316,0,0,0
2025-12-16 02:45:00+00:00,1541,20.00000000043656,19.386883970902552,0,0,0
2025-12-16 03:00:00+00:00,1541,10.00000000021828,16.45851466123178,0,0,0
2025-12-16 03:15:00+00:00,1541,10.00000000021828,18.38855930427344,0,0,0
2025-12-16 03:30:00+00:00,1541,10.00000000021828,19.68238499288676,0,0,0
2025-12-16 03:45:00+00:00,1541,10.00000000021828,17.996001663044844,0,0,0
2025-12-16 04:00:00+00:00,1541,10.00000000021828,14.912316069235802,0,0,0
2025-12-16 04:15:00+00:00,1541,19.999999998617568,10.755199132020476,0,0,0
2025-12-16 04:30:00+00:00,1541,10.00000000021828,17.253121993442555,0,0,0
2025-12-16 04:45:00+00:00,1541,20.00000000043656,17.834214712243373,0,0,0
2025-12-16 05:00:00+00:00,1541,10.00000000021828,10.905404758252342,0,0,0
2025-12-16 05:15:00+00:00,1541,20.00000000043656,32.08621590955973,0,0,0
2025-12-16 05:30:00+00:00,1541,10.00000000021828,28.21888998597222,0,0,0
2025-12-16 05:45:00+00:00,1541,19.999999998617568,20.61876502771348,0,0,0
2025-12-16 06:00:00+00:00,1541,10.00000000021828,20.051253078174422,0,0,0
2025-12-16 06:15:00+00:00,1541,59.99999999949068,70.8915196320039,0,0,0
2025-12-16 06:30:00+00:00,1541,110.00000000058208,82.416257019069,0,0,0
2025-12-16 06:45:00+00:00,1541,110.00000000058208,83.17389007911966,0,0,0
2025-12-16 07:00:00+00:00,1541,90.00000000014552,82.31734729130193,0,0,0
2025-12-16 07:15:00+00:00,1541,79.99999999992724,78.10869201087893,0,0,0
2025-12-16 07:30:00+00:00,1541,139.99999999941792,84.1920266346768,0,0,0
2025-12-16 07:45:00+00:00,1541,69.99999999970896,88.56400660307516,0,0,0
2025-12-16 08:00:00+00:00,1541,69.99999999970896,92.15961475440449,0,0,0
2025-12-16 08:15:00+00:00,1541,79.99999999992724,91.80229563552352,0,0,0
2025-12-16 08:30:00+00:00,1541,79.99999999992724,92.11454900969062,0,0,0
2025-12-16 08:45:00+00:00,1541,50.000000001091394,90.12088435474098,0,0,0
2025-12-16 09:00:00+00:00,1541,59.99999999949068,90.33404254540146,0,0,0
2025-12-16 09:15:00+00:00,1541,59.99999999949068,89.94402139777752,0,0,0
2025-12-16 09:30:00+00:00,1541,40.00000000087312,84.70772495514476,0,0,0
2025-12-16 09:45:00+00:00,1541,39.999999999054126,61.17936482484993,0,0,0
2025-12-16 10:00:00+00:00,1541,40.00000000087312,53.23668766097295,0,0,0
2025-12-16 10:15:00+00:00,1541,49.9999999992724,47.56384386205332,0,0,0
2025-12-16 10:30:00+00:00,1541,30.00000000065484,43.561948549275854,0,0,0
2025-12-16 10:45:00+00:00,1541,30.00000000065484,40.21598700536608,0,0,0
2025-12-16 11:00:00+00:00,1541,49.9999999992724,41.45650431096573,0,0,0
2025-12-16 11:15:00+00:00,1541,30.00000000065484,50.340734469113336,0,0,0
2025-12-16 11:30:00+00:00,1541,29.999999998835847,41.71026958126808,0,0,0
2025-12-16 11:45:00+00:00,1541,20.00000000043656,40.48709625097882,0,0,0
2025-12-16 12:00:00+00:00,1541,10.00000000021828,30.552080633873157,0,0,0
2025-12-16 12:15:00+00:00,1541,20.00000000043656,30.9654817615811,0,0,0
2025-12-16 12:30:00+00:00,1541,20.00000000043656,21.85392681587559,0,0,0
2025-12-16 12:45:00+00:00,1541,19.999999998617568,22.18180821680448,0,0,0
2025-12-16 13:00:00+00:00,1541,30.00000000065484,21.973165197261643,0,0,0
2025-12-16 13:15:00+00:00,1541,30.00000000065484,24.168062369494063,0,0,0
2025-12-16 13:30:00+00:00,1541,29.999999998835847,29.72394155166792,0,0,0
2025-12-16 13:45:00+00:00,1541,50.000000001091394,27.75347528472396,0,0,0
2025-12-16 14:00:00+00:00,1541,39.999999999054126,36.68922157002712,0,0,0
2025-12-16 14:15:00+00:00,1541,40.00000000087312,41.40454965825934,0,0,0
2025-12-16 14:30:00+00:00,1541,49.9999999992724,30.483040871159503,0,0,0
2025-12-16 14:45:00+00:00,1541,49.9999999992724,40.13547989608944,0,0,0
2025-12-16 15:00:00+00:00,1541,40.00000000087312,41.331114980884166,0,0,0
2025-12-16 15:15:00+00:00,1541,49.9999999992724,38.803874844904925,0,0,0
2025-12-16 15:30:00+00:00,1541,40.00000000087312,40.06621990468505,0,0,0
2025-12-16 15:45:00+00:00,1541,49.9999999992724,41.37676027478416,1,0,1
2025-12-16 16:00:00+00:00,1541,60.00000000130967,42.57895585636594,1,0,1
2025-12-16 16:15:00+00:00,1541,59.99999999949068,44.61119916880597,1,0,1
2025-12-16 16:30:00+00:00,1541,69.99999999970896,43.11622113388061,1,0,1
2025-12-16 16:45:00+00:00,1541,59.99999999949068,47.27978169213044,0,0,0
2025-12-16 17:00:00+00:00,1541,60.00000000130967,50.9087003988482,0,0,0
2025-12-16 17:15:00+00:00,1541,49.9999999992724,51.613416754543486,0,0,0
2025-12-16 17:30:00+00:00,1541,49.9999999992724,51.15442925376946,0,0,0
2025-12-16 17:45:00+00:00,1541,70.00000000152795,53.44622560105071,0,0,0
2025-12-16 18:00:00+00:00,1541,49.9999999992724,56.04338255084528,0,0,0
2025-12-16 18:15:00+00:00,1541,59.99999999949068,54.36935859035535,0,0,0
2025-12-16 18:30:00+00:00,1541,59.99999999949068,53.52420201221456,0,0,0
2025-12-16 18:45:00+00:00,1541,50.000000001091394,55.00112902182244,0,0,0
2025-12-16 19:00:00+00:00,1541,49.9999999992724,55.63226967650726,0,0,0
2025-12-16 19:15:00+00:00,1541,69.99999999970896,56.10279406974661,0,0,0
2025-12-16 19:30:00+00:00,1541,50.000000001091394,56.658009917386494,0,0,0
2025-12-16 19:45:00+00:00,1541,69.99999999970896,56.4372364504202,0,0,0
2025-12-16 20:00:00+00:00,1541,40.00000000087312,55.23600871597926,0,0,0
2025-12-16 20:15:00+00:00,1541,69.99999999970896,49.41155291813607,0,0,0
2025-12-16 20:30:00+00:00,1541,59.99999999949068,56.4959563739594,0,0,0
2025-12-16 20:45:00+00:00,1541,49.9999999992724,56.258488026771175,0,0,0
2025-12-16 21:00:00+00:00,1541,70.00000000152795,54.60615079682641,0,0,0
2025-12-16 21:15:00+00:00,1541,59.99999999949068,59.04282777270365,0,0,0
2025-12-16 21:30:00+00:00,1541,59.99999999949068,58.89529000455863,0,0,0
2025-12-16 21:45:00+00:00,1541,40.00000000087312,56.17471612374597,0,0,0
2025-12-16 22:00:00+00:00,1541,0.0,6.3637868794110055,0,0,0
2025-12-16 22:15:00+00:00,1541,0.0,23.6070911154782,0,0,0
2025-12-16 22:30:00+00:00,1541,19.999999998617568,28.323531455190142,0,0,0
2025-12-16 22:45:00+00:00,1541,20.00000000043656,34.07903055903637,0,0,0
2025-12-16 23:00:00+00:00,1541,0.0,20.030944708776943,0,0,0
2025-12-16 23:15:00+00:00,1541,0.0,8.879439895328783,0,0,0
2025-12-16 23:30:00+00:00,1541,0.0,9.48880109159865,0,0,0
2025-12-16 23:45:00+00:00,1541,10.00000000021828,10.125064961088906,0,0,0
2025-12-17 00:00:00+00:00,1541,20.00000000043656,10.235003509868111,0,0,0
2025-12-17 00:15:00+00:00,1541,0.0,41.89108892734222,0,0,0
2025-12-17 00:30:00+00:00,1541,10.00000000021828,11.54539899267069,0,0,0
2025-12-17 00:45:00+00:00,1541,10.00000000021828,10.42538155385224,0,0,0
2025-12-17 01:00:00+00:00,1541,9.99999999839929,10.449398072125678,0,0,0
2025-12-17 01:15:00+00:00,1541,10.00000000021828,10.296625042999231,0,0,0
2025-12-17 01:30:00+00:00,1541,10.00000000021828,10.250547019040251,0,0,0
2025-12-17 01:45:00+00:00,1541,10.00000000021828,10.2288718794788,0,0,0
2025-12-17 02:00:00+00:00,1541,20.00000000043656,10.269492481935009,0,0,0
2025-12-17 02:15:00+00:00,1541,10.00000000021828,10.180742251400904,0,0,0
2025-12-17 02:30:00+00:00,1541,10.00000000021828,10.20703253431461,0,0,0
2025-12-17 02:45:00+00:00,1541,9.99999999839929,10.33257447901519,0,0,0
2025-12-17 03:00:00+00:00,1541,20.00000000043656,10.270547261453776,0,0,0
2025-12-17 03:15:00+00:00,1541,0.0,10.206839351252563,0,0,0
2025-12-17 03:30:00+00:00,1541,20.00000000043656,10.377307948862338,0,0,0
2025-12-17 03:45:00+00:00,1541,20.00000000043656,10.224419009898664,0,0,0
2025-12-17 04:00:00+00:00,1541,19.999999998617568,10.160886896283916,0,0,0
2025-12-17 04:15:00+00:00,1541,10.00000000021828,10.194692000311177,0,0,0
2025-12-17 04:30:00+00:00,1541,20.00000000043656,10.307004768922912,0,0,0
2025-12-17 04:45:00+00:00,1541,10.00000000021828,10.30094461626656,0,0,0
2025-12-17 05:00:00+00:00,1541,20.00000000043656,10.39475044753438,0,0,0
2025-12-17 05:15:00+00:00,1541,20.00000000043656,10.462946000266896,0,0,0
2025-12-17 05:30:00+00:00,1541,9.99999999839929,41.59579316236143,0,0,0
2025-12-17 05:45:00+00:00,1541,20.00000000043656,20.37143468520785,0,0,0
2025-12-17 06:00:00+00:00,1541,20.00000000043656,20.2533669931778,0,0,0
2025-12-17 06:15:00+00:00,1541,79.99999999992724,56.9806835859203,0,0,0
2025-12-17 06:30:00+00:00,1541,170.00000000007276,66.64139181182107,0,0,0
2025-12-17 06:45:00+00:00,1541,110.00000000058208,71.04006195207157,0,0,0
2025-12-17 07:00:00+00:00,1541,69.99999999970896,76.75661921427074,0,0,0
2025-12-17 07:15:00+00:00,1541,69.99999999970896,66.37070370528357,0,0,0
2025-12-17 07:30:00+00:00,1541,100.0000000003638,78.31175059105568,0,0,0
2025-12-17 07:45:00+00:00,1541,79.99999999992724,88.61530056970935,0,0,0
2025-12-17 08:00:00+00:00,1541,69.99999999970896,90.94484102365294,0,0,0
2025-12-17 08:15:00+00:00,1541,79.99999999992724,90.83207620667602,0,0,0
2025-12-17 08:30:00+00:00,1541,79.99999999992724,91.48581541595888,0,0,0
2025-12-17 08:45:00+00:00,1541,69.99999999970896,88.5922190574562,0,0,0
2025-12-17 09:00:00+00:00,1541,69.99999999970896,88.13126881677181,0,0,0
2025-12-17 09:15:00+00:00,1541,69.99999999970896,87.35498200025008,0,0,0
2025-12-17 09:30:00+00:00,1541,60.00000000130967,83.30588047443129,0,0,0
2025-12-17 09:45:00+00:00,1541,69.99999999970896,77.67266238519834,0,0,0
2025-12-17 10:00:00+00:00,1541,69.99999999970896,70.88397003793918,0,0,0
2025-12-17 10:15:00+00:00,1541,69.99999999970896,66.37844648241034,0,0,0
2025-12-17 10:30:00+00:00,1541,69.99999999970896,65.64559494555881,0,0,0
2025-12-17 10:45:00+00:00,1541,60.00000000130967,66.5460984709755,0,0,0
2025-12-17 11:00:00+00:00,1541,59.99999999949068,66.50889141322563,0,0,0
2025-12-17 11:15:00+00:00,1541,69.99999999970896,68.35700422190806,0,0,0
2025-12-17 11:30:00+00:00,1541,59.99999999949068,69.96168319044631,0,0,0
2025-12-17 11:45:00+00:00,1541,60.00000000130967,69.27261466277666,0,0,0
2025-12-17 12:00:00+00:00,1541,49.9999999992724,62.01175200258953,0,0,0
2025-12-17 12:15:00+00:00,1541,69.99999999970896,59.1705295040379,0,0,0
2025-12-17 12:30:00+00:00,1541,50.000000001091394,62.25602039356174,0,0,0
2025-12-17 12:45:00+00:00,1541,49.9999999992724,60.025629214382136,0,0,0
2025-12-17 13:00:00+00:00,1541,49.9999999992724,56.26773763178189,0,0,0
2025-12-17 13:15:00+00:00,1541,30.00000000065484,51.90878206542661,0,0,0
2025-12-17 13:30:00+00:00,1541,30.00000000065484,43.69304450701023,0,0,0
2025-12-17 13:45:00+00:00,1541,49.9999999992724,45.16433636669825,0,0,0
2025-12-17 14:00:00+00:00,1541,69.99999999970896,56.93253077587496,0,0,0
2025-12-17 14:15:00+00:00,1541,50.000000001091394,61.69775998086404,0,0,0
2025-12-17 14:30:00+00:00,1541,59.99999999949068,51.07315327590588,0,0,0
2025-12-17 14:45:00+00:00,1541,49.9999999992724,53.1960342173962,0,0,0
2025-12-17 15:00:00+00:00,1541,60.00000000130967,53.74634321526014,0,0,0
2025-12-17 15:15:00+00:00,1541,59.99999999949068,55.33123637458374,0,0,0
2025-12-17 15:30:00+00:00,1541,59.99999999949068,57.947178445331566,0,0,0
2025-12-17 15:45:00+00:00,1541,50.000000001091394,54.60664534546525,0,0,0
2025-12-17 16:00:00+00:00,1541,59.99999999949068,52.65922485190796,0,0,0
2025-12-17 16:15:00+00:00,1541,49.9999999992724,54.483970237405416,0,0,0
2025-12-17 16:30:00+00:00,1541,69.99999999970896,54.90643841213045,0,0,0
2025-12-17 16:45:00+00:00,1541,50.000000001091394,56.24219883097954,0,0,0
2025-12-17 17:00:00+00:00,1541,59.99999999949068,55.29878548382141,0,0,0
2025-12-17 17:15:00+00:00,1541,50.000000001091394,55.25998273397905,0,0,0
2025-12-17 17:30:00+00:00,1541,59.99999999949068,56.709999343044046,0,0,0
2025-12-17 17:45:00+00:00,1541,49.9999999992724,58.21705518300847,0,0,0
2025-12-17 18:00:00+00:00,1541,59.99999999949068,58.14199197242026,0,0,0
2025-12-17 18:15:00+00:00,1541,60.00000000130967,57.04046601630076,0,0,0
2025-12-17 18:30:00+00:00,1541,59.99999999949068,57.6785612612192,0,0,0
2025-12-17 18:45:00+00:00,1541,49.9999999992724,56.24765432065169,0,0,0
2025-12-17 19:00:00+00:00,1541,60.00000000130967,56.94605745387935,0,0,0
2025-12-17 19:15:00+00:00,1541,49.9999999992724,58.11889500552215,0,0,0
2025-12-17 19:30:00+00:00,1541,50.000000001091394,58.325971793389456,0,0,0
2025-12-17 19:45:00+00:00,1541,59.99999999949068,53.23960858887107,0,0,0
2025-12-17 20:00:00+00:00,1541,59.99999999949068,58.527307180652784,0,0,0
2025-12-17 20:15:00+00:00,1541,49.9999999992724,58.22523841751669,0,0,0
2025-12-17 20:30:00+00:00,1541,60.00000000130967,56.18634188041984,0,0,0
2025-12-17 20:45:00+00:00,1541,59.99999999949068,57.37634567895596,0,0,0
2025-12-17 21:00:00+00:00,1541,59.99999999949068,59.14375433163846,0,0,0
2025-12-17 21:15:00+00:00,1541,50.000000001091394,59.20624518854878,0,0,0
2025-12-17 21:30:00+00:00,1541,59.99999999949068,56.88747662214482,0,0,0
2025-12-17 21:45:00+00:00,1541,30.00000000065484,51.37429089668291,0,0,0
2025-12-17 22:00:00+00:00,1541,0.0,5.578642619494509,0,0,0
2025-12-17 22:15:00+00:00,1541,0.0,7.666667541100036,0,0,0
2025-12-17 22:30:00+00:00,1541,19.999999998617568,28.999708877129525,0,0,0
2025-12-17 22:45:00+00:00,1541,20.00000000043656,23.636697868609563,0,0,0
2025-12-17 23:00:00+00:00,1541,10.00000000021828,13.480562986856537,0,0,0
2025-12-17 23:15:00+00:00,1541,0.0,9.8508802411284,0,0,0
2025-12-17 23:30:00+00:00,1541,0.0,9.9141998533749,0,0,0
2025-12-17 23:45:00+00:00,1541,0.0,9.931478146444206,0,0,0
2025-12-18 00:00:00+00:00,1541,10.00000000021828,9.953866131504604,0,0,0
2025-12-18 00:15:00+00:00,1541,10.00000000021828,10.383221282391537,0,0,0
2025-12-18 00:30:00+00:00,1541,10.00000000021828,10.2587321853791,0,0,0
2025-12-18 00:45:00+00:00,1541,0.0,10.098173878852236,0,0,0
2025-12-18 01:00:00+00:00,1541,19.999999998617568,10.012568668568225,0,0,0
2025-12-18 01:15:00+00:00,1541,10.00000000021828,10.015972554121458,0,0,0
2025-12-18 01:30:00+00:00,1541,0.0,10.20879243200984,0,0,0
2025-12-18 01:45:00+00:00,1541,10.00000000021828,9.91291904967354,0,0,0
2025-12-18 02:00:00+00:00,1541,10.00000000021828,9.987000890306568,0,0,0
2025-12-18 02:15:00+00:00,1541,20.00000000043656,10.076232146665165,0,0,0
2025-12-18 02:30:00+00:00,1541,10.00000000021828,12.932824289633103,0,0,0
2025-12-18 02:45:00+00:00,1541,10.00000000021828,10.124856323381898,0,0,0
2025-12-18 03:00:00+00:00,1541,19.999999998617568,10.12667224416512,0,0,0
2025-12-18 03:15:00+00:00,1541,20.00000000043656,10.132693760209063,0,0,0
2025-12-18 03:30:00+00:00,1541,10.00000000021828,10.190140607369392,0,0,0
2025-12-18 03:45:00+00:00,1541,10.00000000021828,10.223574799917523,0,0,0
2025-12-18 04:00:00+00:00,1541,10.00000000021828,10.209833688714262,0,0,0
2025-12-18 04:15:00+00:00,1541,20.00000000043656,10.242199578929288,0,0,0
2025-12-18 04:30:00+00:00,1541,9.99999999839929,10.531661215436312,0,0,0
2025-12-18 04:45:00+00:00,1541,20.00000000043656,10.391665314033524,0,0,0
2025-12-18 05:00:00+00:00,1541,10.00000000021828,10.22342025346789,0,0,0
2025-12-18 05:15:00+00:00,1541,20.00000000043656,10.45502742655367,0,0,0
2025-12-18 05:30:00+00:00,1541,10.00000000021828,20.00743384716841,0,0,0
2025-12-18 05:45:00+00:00,1541,10.00000000021828,15.409671657962583,0,0,0
2025-12-18 06:00:00+00:00,1541,19.999999998617568,10.490978794400252,0,0,0
2025-12-18 06:15:00+00:00,1541,120.00000000080036,58.62780873685108,0,0,0
2025-12-18 06:30:00+00:00,1541,149.9999999996362,65.71134673255645,0,0,0
2025-12-18 06:45:00+00:00,1541,69.99999999970896,70.41552429444744,0,0,0
2025-12-18 07:00:00+00:00,1541,69.99999999970896,71.62349798141499,0,0,0
2025-12-18 07:15:00+00:00,1541,79.99999999992724,61.07939645390287,0,0,0
2025-12-18 07:30:00+00:00,1541,79.99999999992724,74.92511242160171,0,0,0
2025-12-18 07:45:00+00:00,1541,70.00000000152795,78.22017409232387,0,0,0
2025-12-18 08:00:00+00:00,1541,69.99999999970896,78.96358887900801,0,0,0
2025-12-18 08:15:00+00:00,1541,59.99999999949068,78.48230032555152,0,0,0
2025-12-18 08:30:00+00:00,1541,69.99999999970896,77.725455452394,0,0,0
2025-12-18 08:45:00+00:00,1541,50.000000001091394,73.15390965358066,0,0,0
2025-12-18 09:00:00+00:00,1541,49.9999999992724,71.09658731602595,0,0,0
2025-12-18 09:15:00+00:00,1541,59.99999999949068,65.76229296967897,0,0,0
2025-12-18 09:30:00+00:00,1541,60.00000000130967,64.1022940994935,0,0,0
2025-12-18 09:45:00+00:00,1541,59.99999999949068,62.30280160386657,0,0,0
2025-12-18 10:00:00+00:00,1541,59.99999999949068,56.75320666670105,0,0,0
2025-12-18 10:15:00+00:00,1541,50.000000001091394,53.93176031821096,0,0,0
2025-12-18 10:30:00+00:00,1541,59.99999999949068,51.12494565484016,0,0,0
2025-12-18 10:45:00+00:00,1541,39.999999999054126,52.61308500936913,0,0,0
2025-12-18 11:00:00+00:00,1541,50.000000001091394,52.44639507245296,0,0,0
2025-12-18 11:15:00+00:00,1541,39.999999999054126,52.55982057550207,0,0,0
2025-12-18 11:30:00+00:00,1541,50.000000001091394,49.44197538674692,0,0,0
2025-12-18 11:45:00+00:00,1541,49.9999999992724,50.13813952828548,0,0,0
2025-12-18 12:00:00+00:00,1541,49.9999999992724,49.9237353068748,0,0,0
2025-12-18 12:15:00+00:00,1541,50.000000001091394,45.42783033600519,0,0,0
2025-12-18 12:30:00+00:00,1541,49.9999999992724,41.718947364415136,0,0,0
2025-12-18 12:45:00+00:00,1541,40.00000000087312,42.11973653591747,0,0,0
2025-12-18 13:00:00+00:00,1541,49.9999999992724,45.01805428845651,0,0,0
2025-12-18 13:15:00+00:00,1541,50.000000001091394,45.86972499944946,0,0,0
2025-12-18 13:30:00+00:00,1541,39.999999999054126,45.3242320553223,0,0,0
2025-12-18 13:45:00+00:00,1541,50.000000001091394,43.163805985723535,0,0,0
2025-12-18 14:00:00+00:00,1541,39.999999999054126,44.14335229280657,0,0,0
2025-12-18 14:15:00+00:00,1541,49.9999999992724,43.57475658628944,0,0,0
2025-12-18 14:30:00+00:00,1541,50.000000001091394,41.89727078532766,0,0,0
2025-12-18 14:45:00+00:00,1541,39.999999999054126,41.73456235132024,0,0,0
2025-12-18 15:00:00+00:00,1541,40.00000000087312,42.15348561685674,0,0,0
2025-12-18 15:15:00+00:00,1541,49.9999999992724,42.39304806843754,0,0,0
2025-12-18 15:30:00+00:00,1541,50.000000001091394,42.638456239475815,0,0,0
2025-12-18 15:45:00+00:00,1541,49.9999999992724,42.45524142343231,0,0,0
2025-12-18 16:00:00+00:00,1541,49.9999999992724,42.24806804403399,0,0,0
2025-12-18 16:15:00+00:00,1541,60.00000000130967,42.84014128808144,0,0,0
2025-12-18 16:30:00+00:00,1541,49.9999999992724,44.1654408441208,0,0,0
2025-12-18 16:45:00+00:00,1541,59.99999999949068,45.79012198690319,0,0,0
2025-12-18 17:00:00+00:00,1541,50.000000001091394,48.34100386601549,0,0,0
2025-12-18 17:15:00+00:00,1541,49.9999999992724,50.218750956415626,0,0,0
2025-12-18 17:30:00+00:00,1541,60.00000000130967,49.28471278325854,0,0,0
2025-12-18 17:45:00+00:00,1541,49.9999999992724,49.97501575069465,0,0,0
2025-12-18 18:00:00+00:00,1541,49.9999999992724,50.63111952065694,0,0,0
2025-12-18 18:15:00+00:00,1541,60.00000000130967,49.84819686595396,0,0,0
2025-12-18 18:30:00+00:00,1541,49.9999999992724,49.86160183862926,0,0,0
2025-12-18 18:45:00+00:00,1541,49.9999999992724,49.97168141104376,0,0,0
2025-12-18 19:00:00+00:00,1541,50.000000001091394,49.85414883609556,0,0,0
2025-12-18 19:15:00+00:00,1541,59.99999999949068,50.50218914504809,0,0,0
2025-12-18 20:45:00+00:00,1541,59.99999999949068,50.39307935160505,0,0,0
2025-12-18 21:00:00+00:00,1541,60.00000000130967,49.51164878990408,0,0,0
2025-12-18 21:15:00+00:00,1541,49.9999999992724,48.92064384818973,0,0,0
2025-12-18 21:30:00+00:00,1541,49.9999999992724,49.73173452516949,0,0,0
2025-12-18 21:45:00+00:00,1541,20.00000000043656,45.18820220218329,0,0,0
2025-12-18 22:00:00+00:00,1541,0.0,0.0439131189533448,0,0,0
2025-12-18 22:15:00+00:00,1541,0.0,1.2466863178906422,0,0,0
2025-12-18 22:30:00+00:00,1541,0.0,15.34045513274716,0,0,0
2025-12-18 22:45:00+00:00,1541,20.00000000043656,9.95405931456665,0,0,0
2025-12-18 23:00:00+00:00,1541,10.00000000021828,11.234007214960313,0,0,0
2025-12-18 23:15:00+00:00,1541,0.0,9.840042671347677,0,0,0
2025-12-18 23:30:00+00:00,1541,10.00000000021828,9.71979780620837,0,0,0
2025-12-18 23:45:00+00:00,1541,0.0,9.784436858768633,0,0,0
2025-12-19 00:00:00+00:00,1541,0.0,9.77338292395842,0,0,0
2025-12-19 00:15:00+00:00,1541,0.0,9.909538346087754,0,0,0
2025-12-19 00:30:00+00:00,1541,0.0,9.933867820921702,0,0,0
2025-12-19 00:45:00+00:00,1541,0.0,9.829894765098448,0,0,0
2025-12-19 01:00:00+00:00,1541,9.99999999839929,9.661651636363434,0,0,0
2025-12-19 01:15:00+00:00,1541,0.0,9.589810719250131,0,0,0
2025-12-19 01:30:00+00:00,1541,0.0,9.71271764698442,0,0,0
2025-12-19 01:45:00+00:00,1541,0.0,3.766286063765996,0,0,0
2025-12-19 02:00:00+00:00,1541,10.00000000021828,0.3215770658612804,0,0,0
2025-12-19 02:15:00+00:00,1541,0.0,2.055935960289116,0,0,0
2025-12-19 02:30:00+00:00,1541,10.00000000021828,7.580762897069853,0,0,0
2025-12-19 02:45:00+00:00,1541,0.0,3.399686430584392,0,0,0
2025-12-19 03:00:00+00:00,1541,10.00000000021828,9.483343670095875,0,0,0
2025-12-19 03:15:00+00:00,1541,0.0,9.60802788200098,0,0,0
2025-12-19 03:30:00+00:00,1541,0.0,9.646535061758414,0,0,0
2025-12-19 03:45:00+00:00,1541,0.0,9.663724490619176,0,0,0
2025-12-19 04:00:00+00:00,1541,10.00000000021828,9.533573198058203,0,0,0
2025-12-19 04:15:00+00:00,1541,0.0,1.4137162569960111,0,0,0
2025-12-19 04:30:00+00:00,1541,10.00000000021828,8.452319872469712,0,0,0
2025-12-19 04:45:00+00:00,1541,0.0,2.426202207988336,0,0,0
2025-12-19 05:00:00+00:00,1541,0.0,7.9236454457241905,0,0,0
2025-12-19 05:15:00+00:00,1541,10.00000000021828,9.300246695720222,0,0,0
2025-12-19 05:30:00+00:00,1541,0.0,1.4688603620567626,0,0,0
2025-12-19 05:45:00+00:00,1541,10.00000000021828,9.221006867330594,0,0,0
2025-12-19 06:00:00+00:00,1541,0.0,1.0765016993820744,0,0,0
2025-12-19 06:15:00+00:00,1541,19.999999998617568,9.21202771860674,0,0,0
2025-12-19 06:30:00+00:00,1541,180.00000000029104,66.41775537187526,0,0,0
2025-12-19 06:45:00+00:00,1541,90.00000000014552,71.70656669809435,0,0,0
2025-12-19 07:00:00+00:00,1541,50.000000001091394,69.12801327717472,0,0,0
2025-12-19 07:15:00+00:00,1541,79.99999999992724,62.71684699708644,0,0,0
2025-12-19 07:30:00+00:00,1541,59.99999999949068,57.66412275916196,0,0,0
2025-12-19 07:45:00+00:00,1541,49.9999999992724,62.88728854906752,0,0,0
2025-12-19 08:00:00+00:00,1541,50.000000001091394,57.944493200769145,0,0,0
2025-12-19 08:15:00+00:00,1541,49.9999999992724,55.36690569515973,0,0,0
2025-12-19 08:30:00+00:00,1541,59.99999999949068,53.61528782596879,0,0,0
2025-12-19 08:45:00+00:00,1541,50.000000001091394,49.06962855746947,0,0,0
2025-12-19 09:00:00+00:00,1541,39.999999999054126,47.836432889921326,0,0,0
2025-12-19 09:15:00+00:00,1541,50.000000001091394,52.42818950068583,0,0,0
2025-12-19 09:30:00+00:00,1541,59.99999999949068,52.65392390868544,0,0,0
2025-12-19 09:45:00+00:00,1541,49.9999999992724,51.84157754180239,0,0,0
2025-12-19 10:00:00+00:00,1541,60.00000000130967,51.3220503330447,0,0,0
2025-12-19 10:15:00+00:00,1541,49.9999999992724,48.66154479354432,0,0,0
2025-12-19 10:30:00+00:00,1541,49.9999999992724,47.777060007632414,0,0,0
2025-12-19 10:45:00+00:00,1541,60.00000000130967,48.59243741675896,0,0,0
2025-12-19 11:00:00+00:00,1541,39.999999999054126,47.35210363506825,0,0,0
2025-12-19 11:15:00+00:00,1541,50.000000001091394,52.44526301970937,0,0,0
2025-12-19 11:30:00+00:00,1541,49.9999999992724,52.18102722744418,0,0,0
2025-12-19 11:45:00+00:00,1541,40.00000000087312,51.418943229644,0,0,0
2025-12-19 12:00:00+00:00,1541,49.9999999992724,49.19669664836021,0,0,0
2025-12-19 12:15:00+00:00,1541,49.9999999992724,48.3715074715124,0,0,0
2025-12-19 12:30:00+00:00,1541,50.000000001091394,47.95060601142056,0,0,0
2025-12-19 12:45:00+00:00,1541,39.999999999054126,47.02368083860797,0,0,0
2025-12-19 13:00:00+00:00,1541,40.00000000087312,44.82983409927543,0,0,0
2025-12-19 13:15:00+00:00,1541,49.9999999992724,46.69507258640815,0,0,0
2025-12-19 13:30:00+00:00,1541,40.00000000087312,47.39344094668464,0,0,0
2025-12-19 13:45:00+00:00,1541,49.9999999992724,45.25993686861247,0,0,0
2025-12-19 14:00:00+00:00,1541,40.00000000087312,41.47563716143067,0,0,0
2025-12-19 14:15:00+00:00,1541,39.999999999054126,43.33269820954702,0,0,0
2025-12-19 14:30:00+00:00,1541,50.000000001091394,43.65236594963541,0,0,0
2025-12-19 14:45:00+00:00,1541,49.9999999992724,42.849926010174016,0,0,0
2025-12-19 15:00:00+00:00,1541,39.999999999054126,43.23713827607583,0,0,0
2025-12-19 15:15:00+00:00,1541,50.000000001091394,47.41291379933878,0,0,0
2025-12-19 15:30:00+00:00,1541,49.9999999992724,48.10398756719245,0,0,0
2025-12-19 15:45:00+00:00,1541,50.000000001091394,46.34111098914553,0,0,0
2025-12-19 16:00:00+00:00,1541,49.9999999992724,44.887931973354846,0,0,0
2025-12-19 16:15:00+00:00,1541,49.9999999992724,48.278213575359,0,0,0
2025-12-19 16:30:00+00:00,1541,60.00000000130967,49.27667057238561,0,0,0
2025-12-19 16:45:00+00:00,1541,39.999999999054126,47.368659423485504,0,0,0
2025-12-19 17:00:00+00:00,1541,60.00000000130967,49.06086963743636,0,0,0
2025-12-19 17:15:00+00:00,1541,49.9999999992724,48.876947771385765,0,0,0
2025-12-19 17:30:00+00:00,1541,59.99999999949068,51.75328129146408,0,0,0
2025-12-19 17:45:00+00:00,1541,50.000000001091394,49.20999923401263,0,0,0
2025-12-19 18:00:00+00:00,1541,49.9999999992724,50.60986165650951,0,0,0
2025-12-19 18:15:00+00:00,1541,40.00000000087312,51.19644270610302,0,0,0
2025-12-19 18:30:00+00:00,1541,49.9999999992724,52.9608647486463,0,0,0
2025-12-19 18:45:00+00:00,1541,49.9999999992724,52.37791167695799,0,0,0
2025-12-19 19:00:00+00:00,1541,70.00000000152795,52.32737112426577,0,0,0
2025-12-19 19:15:00+00:00,1541,49.9999999992724,53.0616676704214,0,0,0
2025-12-19 19:30:00+00:00,1541,59.99999999949068,55.11592612461207,0,0,0
2025-12-19 19:45:00+00:00,1541,59.99999999949068,53.102491115092754,0,0,0
2025-12-19 20:00:00+00:00,1541,50.000000001091394,54.01273879415899,0,0,0
2025-12-19 20:15:00+00:00,1541,69.99999999970896,57.38156162163118,0,0,0
2025-12-19 20:30:00+00:00,1541,49.9999999992724,57.24522074376228,0,0,0
2025-12-19 20:45:00+00:00,1541,60.00000000130967,61.44353879853526,0,0,0
2025-12-19 21:00:00+00:00,1541,59.99999999949068,59.02996178077146,0,0,0
2025-12-19 21:15:00+00:00,1541,49.9999999992724,64.11424054005037,0,0,0
2025-12-19 21:30:00+00:00,1541,60.00000000130967,63.03549859426846,0,0,0
2025-12-19 21:45:00+00:00,1541,19.999999998617568,56.74170068352564,0,0,0
2025-12-19 22:00:00+00:00,1541,0.0,1.317033929934336,0,0,0
2025-12-19 22:15:00+00:00,1541,0.0,14.962558154097165,0,0,0
2025-12-19 22:30:00+00:00,1541,0.0,36.726411241301406,0,0,0
2025-12-19 22:45:00+00:00,1541,20.00000000043656,20.27036806855307,0,0,0
2025-12-19 23:00:00+00:00,1541,10.00000000021828,11.888304723292473,0,0,0
2025-12-19 23:15:00+00:00,1541,10.00000000021828,10.28174028806866,0,0,0
2025-12-19 23:30:00+00:00,1541,10.00000000021828,10.212457114696836,0,0,0
2025-12-19 23:45:00+00:00,1541,10.00000000021828,10.413504659197711,0,0,0
2025-12-20 00:00:00+00:00,1541,10.00000000021828,10.447501014456396,0,0,0
2025-12-20 00:15:00+00:00,1541,19.999999998617568,10.587862031846452,0,0,0
2025-12-20 00:30:00+00:00,1541,20.00000000043656,10.360508749786902,0,0,0
2025-12-20 00:45:00+00:00,1541,20.00000000043656,10.53997967808797,0,0,0
2025-12-20 01:00:00+00:00,1541,20.00000000043656,19.038004054087025,0,0,0
2025-12-20 01:15:00+00:00,1541,10.00000000021828,11.19774868604508,0,0,0
2025-12-20 01:30:00+00:00,1541,9.99999999839929,19.69218178892072,0,0,0
2025-12-20 01:45:00+00:00,1541,30.00000000065484,19.932820270157105,0,0,0
2025-12-20 02:00:00+00:00,1541,10.00000000021828,20.14680625023845,0,0,0
2025-12-20 02:15:00+00:00,1541,20.00000000043656,19.12708752540316,0,0,0
2025-12-20 02:30:00+00:00,1541,19.999999998617568,13.270708226557025,0,0,0
2025-12-20 02:45:00+00:00,1541,10.00000000021828,18.548283059972263,0,0,0
2025-12-20 03:00:00+00:00,1541,20.00000000043656,20.316325836055924,0,0,0
2025-12-20 03:15:00+00:00,1541,20.00000000043656,20.083957038748032,0,0,0
2025-12-20 03:30:00+00:00,1541,10.00000000021828,19.79593944562979,0,0,0
2025-12-20 03:45:00+00:00,1541,19.999999998617568,20.227272308114408,0,0,0
2025-12-20 04:00:00+00:00,1541,20.00000000043656,19.953287049665462,0,0,0
2025-12-20 04:15:00+00:00,1541,20.00000000043656,17.722807006277314,0,0,0
2025-12-20 04:30:00+00:00,1541,10.00000000021828,19.891333241667624,0,0,0
2025-12-20 04:45:00+00:00,1541,20.00000000043656,20.05403636314084,0,0,0
2025-12-20 05:00:00+00:00,1541,19.999999998617568,18.43993827145493,0,0,0
2025-12-20 05:15:00+00:00,1541,20.00000000043656,19.76602021889557,0,0,0
2025-12-20 05:30:00+00:00,1541,20.00000000043656,19.56294618407384,0,0,0
2025-12-20 05:45:00+00:00,1541,20.00000000043656,19.88857893416052,0,0,0
2025-12-20 06:00:00+00:00,1541,19.999999998617568,20.230505709615382,0,0,0
2025-12-20 06:15:00+00:00,1541,10.00000000021828,19.75056895463555,0,0,0
2025-12-20 06:30:00+00:00,1541,20.00000000043656,20.28778738525767,0,0,0
2025-12-20 06:45:00+00:00,1541,30.00000000065484,20.12155191149496,0,0,0
2025-12-20 07:00:00+00:00,1541,19.999999998617568,20.30989428896279,0,0,0
2025-12-20 07:15:00+00:00,1541,30.00000000065484,20.340045335371467,0,0,0
2025-12-20 07:30:00+00:00,1541,69.99999999970896,39.21030882548022,0,0,0
2025-12-20 07:45:00+00:00,1541,69.99999999970896,68.60053851724449,0,0,0
2025-12-20 08:00:00+00:00,1541,60.00000000130967,70.8355119986558,0,0,0
2025-12-20 08:15:00+00:00,1541,69.99999999970896,62.38932443369529,0,0,0
2025-12-20 08:30:00+00:00,1541,59.99999999949068,73.29288554841584,0,0,0
2025-12-20 08:45:00+00:00,1541,69.99999999970896,71.477644769571,0,0,0
2025-12-20 09:00:00+00:00,1541,69.99999999970896,65.60760742823828,0,0,0
2025-12-20 09:15:00+00:00,1541,60.00000000130967,63.246732681630974,0,0,0
2025-12-20 09:30:00+00:00,1541,69.99999999970896,73.32660758372641,0,0,0
2025-12-20 09:45:00+00:00,1541,170.00000000007276,96.488646264449,0,0,0
2025-12-20 10:00:00+00:00,1541,190.0000000005093,100.2619519235698,0,0,0
2025-12-20 10:15:00+00:00,1541,129.99999999919964,103.79489148957173,0,0,0
2025-12-20 10:30:00+00:00,1541,100.0000000003638,108.32436201747169,0,0,0
2025-12-20 10:45:00+00:00,1541,79.99999999992724,114.02423599043264,0,0,0
2025-12-20 11:00:00+00:00,1541,69.99999999970896,112.6569944597927,0,0,0
2025-12-20 11:15:00+00:00,1541,79.99999999992724,104.3401777278225,0,0,0
2025-12-20 11:30:00+00:00,1541,69.99999999970896,96.95594836421344,0,0,0
2025-12-20 11:45:00+00:00,1541,60.00000000130967,86.01735929668287,0,0,0
2025-12-20 12:00:00+00:00,1541,59.99999999949068,66.9130381063463,0,0,0
2025-12-20 12:15:00+00:00,1541,59.99999999949068,49.49633903223701,0,0,0
2025-12-20 12:30:00+00:00,1541,79.99999999992724,60.66750698365543,0,0,0
2025-12-20 12:45:00+00:00,1541,59.99999999949068,67.37573472191158,0,0,0
2025-12-20 13:00:00+00:00,1541,60.00000000130967,67.4022239833792,0,0,0
2025-12-20 13:15:00+00:00,1541,69.99999999970896,66.51426190235047,0,0,0
2025-12-20 13:30:00+00:00,1541,59.99999999949068,66.54568119556149,0,0,0
2025-12-20 13:45:00+00:00,1541,69.99999999970896,65.12740069992924,0,0,0
2025-12-20 14:00:00+00:00,1541,60.00000000130967,66.86316596704876,0,0,0
2025-12-20 14:15:00+00:00,1541,49.9999999992724,69.57030203406556,0,0,0
2025-12-20 14:30:00+00:00,1541,59.99999999949068,70.96948831584528,0,0,0
2025-12-20 14:45:00+00:00,1541,69.99999999970896,70.11473826684333,0,0,0
2025-12-20 15:00:00+00:00,1541,60.00000000130967,69.16851217430184,0,0,0
2025-12-20 15:15:00+00:00,1541,59.99999999949068,62.842106894516434,0,0,0
2025-12-20 15:30:00+00:00,1541,59.99999999949068,61.04025756553254,0,0,0
2025-12-20 15:45:00+00:00,1541,60.00000000130967,63.04559820475218,0,0,0
2025-12-20 16:00:00+00:00,1541,59.99999999949068,65.30387729076861,0,0,0
2025-12-20 16:30:00+00:00,1541,59.99999999949068,66.79074550074932,0,0,0
2025-12-20 16:45:00+00:00,1541,60.00000000130967,68.85904836355067,0,0,0
2025-12-20 17:00:00+00:00,1541,59.99999999949068,64.79956904363883,0,0,0
2025-12-20 17:15:00+00:00,1541,59.99999999949068,61.35539323098536,0,0,0
2025-12-20 17:30:00+00:00,1541,59.99999999949068,64.47512968191792,0,0,0
2025-12-20 17:45:00+00:00,1541,50.000000001091394,63.50761481593906,0,0,0
2025-12-20 18:00:00+00:00,1541,59.99999999949068,56.436425081559605,0,0,0
2025-12-20 18:15:00+00:00,1541,59.99999999949068,60.7559616441046,0,0,0
2025-12-20 18:30:00+00:00,1541,60.00000000130967,65.43844861178917,0,0,0
2025-12-20 18:45:00+00:00,1541,59.99999999949068,64.0728684554828,0,0,0
2025-12-20 19:00:00+00:00,1541,59.99999999949068,59.02714903538808,0,0,0
2025-12-20 19:15:00+00:00,1541,50.000000001091394,59.36109686742283,0,0,0
2025-12-20 19:30:00+00:00,1541,59.99999999949068,60.25112021172357,0,0,0
2025-12-20 19:45:00+00:00,1541,20.00000000043656,60.46529840895165,0,0,0
2025-12-20 20:00:00+00:00,1541,0.0,0.716136083612664,0,0,0
2025-12-20 20:15:00+00:00,1541,0.0,3.352712037217522,0,0,0
2025-12-20 20:30:00+00:00,1541,29.999999998835847,22.820448720915543,0,0,0
2025-12-20 20:45:00+00:00,1541,50.000000001091394,42.17077163724853,0,0,0
2025-12-20 21:00:00+00:00,1541,29.999999998835847,36.58998343105458,0,0,0
2025-12-20 21:15:00+00:00,1541,30.00000000065484,20.328440828834424,0,0,0
2025-12-20 21:30:00+00:00,1541,40.00000000087312,29.706802350403283,0,0,0
2025-12-20 21:45:00+00:00,1541,39.999999999054126,31.10815614613914,0,0,0
2025-12-20 22:00:00+00:00,1541,40.00000000087312,40.594718534844105,0,0,0
2025-12-20 22:15:00+00:00,1541,39.999999999054126,39.89236867165887,0,0,0
2025-12-20 22:30:00+00:00,1541,30.00000000065484,22.32765949681785,0,0,0
2025-12-20 22:45:00+00:00,1541,0.0,10.87724253146742,0,0,0
2025-12-20 23:00:00+00:00,1541,10.00000000021828,7.536089313971942,0,0,0
2025-12-20 23:15:00+00:00,1541,10.00000000021828,9.935046237600176,0,0,0
2025-12-20 23:30:00+00:00,1541,9.99999999839929,9.90035055965689,0,0,0
2025-12-20 23:45:00+00:00,1541,10.00000000021828,10.946942980253263,0,0,0
2025-12-21 00:00:00+00:00,1541,10.00000000021828,10.39460556023785,0,0,0
2025-12-21 00:15:00+00:00,1541,10.00000000021828,10.41276863173132,0,0,0
2025-12-21 00:30:00+00:00,1541,10.00000000021828,10.420470840415057,0,0,0
2025-12-21 00:45:00+00:00,1541,20.00000000043656,10.47505857825712,0,0,0
2025-12-21 01:00:00+00:00,1541,10.00000000021828,10.19755110962944,0,0,0
2025-12-21 01:15:00+00:00,1541,0.0,10.287866122966111,0,0,0
2025-12-21 01:30:00+00:00,1541,9.99999999839929,10.150972741539764,0,0,0
2025-12-21 01:45:00+00:00,1541,10.00000000021828,10.026514553817258,0,0,0
2025-12-21 02:00:00+00:00,1541,10.00000000021828,9.970955105173108,0,0,0
2025-12-21 02:15:00+00:00,1541,10.00000000021828,9.98182165241314,0,0,0
2025-12-21 02:30:00+00:00,1541,10.00000000021828,10.057503048799898,0,0,0
2025-12-21 02:45:00+00:00,1541,10.00000000021828,10.07921875680438,0,0,0
2025-12-21 03:00:00+00:00,1541,10.00000000021828,9.98298268261603,0,0,0
2025-12-21 03:15:00+00:00,1541,0.0,9.940308544210282,0,0,0
2025-12-21 03:30:00+00:00,1541,10.00000000021828,9.994728212788369,0,0,0
2025-12-21 03:45:00+00:00,1541,9.99999999839929,9.882135328736666,0,0,0
2025-12-21 04:00:00+00:00,1541,10.00000000021828,9.898546229857391,0,0,0
2025-12-21 04:15:00+00:00,1541,10.00000000021828,9.929107790272912,0,0,0
2025-12-21 04:30:00+00:00,1541,10.00000000021828,10.053150634412024,0,0,0
2025-12-21 04:45:00+00:00,1541,10.00000000021828,10.014722659710028,0,0,0
2025-12-21 05:00:00+00:00,1541,10.00000000021828,9.97799855961527,0,0,0
2025-12-21 05:15:00+00:00,1541,10.00000000021828,9.950730770407612,0,0,0
2025-12-21 05:30:00+00:00,1541,10.00000000021828,10.086107664796906,0,0,0
2025-12-21 05:45:00+00:00,1541,10.00000000021828,10.057134069151392,0,0,0
2025-12-21 06:00:00+00:00,1541,9.99999999839929,9.981112670575436,0,0,0
2025-12-21 06:15:00+00:00,1541,10.00000000021828,10.018478138436183,0,0,0
2025-12-21 06:30:00+00:00,1541,10.00000000021828,10.119331287807409,0,0,0
2025-12-21 06:45:00+00:00,1541,10.00000000021828,10.100227414801775,0,0,0
2025-12-21 07:00:00+00:00,1541,20.00000000043656,10.027716152463174,0,0,0
2025-12-21 07:15:00+00:00,1541,10.00000000021828,10.12413575056047,0,0,0
2025-12-21 07:30:00+00:00,1541,49.9999999992724,21.76372771237615,0,0,0
2025-12-21 07:45:00+00:00,1541,40.00000000087312,53.79726627041521,0,0,0
2025-12-21 08:00:00+00:00,1541,39.999999999054126,26.785836781585388,0,0,0
2025-12-21 08:15:00+00:00,1541,40.00000000087312,22.510700448105517,0,0,0
2025-12-21 08:30:00+00:00,1541,39.999999999054126,53.08311485396963,0,0,0
2025-12-21 08:45:00+00:00,1541,40.00000000087312,37.91028920494008,0,0,0
2025-12-21 09:00:00+00:00,1541,39.999999999054126,37.65249027230223,0,0,0
2025-12-21 09:15:00+00:00,1541,30.00000000065484,34.77027432798464,0,0,0
2025-12-21 09:30:00+00:00,1541,39.999999999054126,70.96373918791882,0,0,0
2025-12-21 09:45:00+00:00,1541,140.0000000012369,77.6914011422167,0,0,0
2025-12-21 10:00:00+00:00,1541,159.99999999985448,86.40096676664692,0,0,0
2025-12-21 10:15:00+00:00,1541,79.99999999992724,92.25789856905052,0,0,0
2025-12-21 10:30:00+00:00,1541,59.99999999949068,93.67506633024536,0,0,0
2025-12-21 10:45:00+00:00,1541,59.99999999949068,83.62460161751567,0,0,0
2025-12-21 11:00:00+00:00,1541,60.00000000130967,77.0648157441349,0,0,0
2025-12-21 11:15:00+00:00,1541,49.9999999992724,70.91057520924403,0,0,0
2025-12-21 11:30:00+00:00,1541,49.9999999992724,62.56968014042053,0,0,0
2025-12-21 11:45:00+00:00,1541,50.000000001091394,50.15153870546892,0,0,0
2025-12-21 12:00:00+00:00,1541,49.9999999992724,40.10876654226985,0,0,0
2025-12-21 12:15:00+00:00,1541,50.000000001091394,41.16756040506498,0,0,0
2025-12-21 12:30:00+00:00,1541,49.9999999992724,49.34118212412493,0,0,0
2025-12-21 12:45:00+00:00,1541,40.00000000087312,50.509549419712,0,0,0
2025-12-21 13:00:00+00:00,1541,49.9999999992724,39.01927202725452,0,0,0
2025-12-21 13:15:00+00:00,1541,49.9999999992724,42.52127912136178,0,0,0
2025-12-21 13:30:00+00:00,1541,40.00000000087312,47.32757711351101,0,0,0
2025-12-21 13:45:00+00:00,1541,39.999999999054126,40.96680070332656,0,0,0
2025-12-21 14:00:00+00:00,1541,50.000000001091394,39.18934653141771,0,0,0
2025-12-21 14:15:00+00:00,1541,49.9999999992724,55.1649559857591,0,0,0
2025-12-21 14:30:00+00:00,1541,40.00000000087312,58.68987072736367,0,0,0
2025-12-21 14:45:00+00:00,1541,59.99999999949068,49.86577072910819,0,0,0
2025-12-21 15:00:00+00:00,1541,40.00000000087312,49.53057879815387,0,0,0
2025-12-21 15:15:00+00:00,1541,59.99999999949068,42.96075513286925,0,0,0
2025-12-21 15:30:00+00:00,1541,49.9999999992724,51.00121576726156,0,0,0
2025-12-21 15:45:00+00:00,1541,40.00000000087312,51.756236992313376,0,0,0
2025-12-21 16:00:00+00:00,1541,59.99999999949068,39.85529297839119,0,0,0
2025-12-21 16:15:00+00:00,1541,79.99999999992724,51.902109522463576,0,0,0
2025-12-21 16:30:00+00:00,1541,49.9999999992724,57.2614713029415,0,0,0
2025-12-21 16:45:00+00:00,1541,60.00000000130967,55.345941469266606,0,0,0
2025-12-21 17:00:00+00:00,1541,69.99999999970896,53.130406067558255,0,0,0
2025-12-21 17:15:00+00:00,1541,49.9999999992724,58.90301732704043,0,0,0
2025-12-21 17:30:00+00:00,1541,69.99999999970896,58.79386889698499,0,0,0
2025-12-21 17:45:00+00:00,1541,60.00000000130967,59.069100669141775,0,0,0
2025-12-21 18:00:00+00:00,1541,49.9999999992724,60.838234446568336,0,0,0
2025-12-21 18:15:00+00:00,1541,59.99999999949068,52.185327482405306,0,0,0
2025-12-21 18:30:00+00:00,1541,60.00000000130967,62.6081622063799,0,0,0
2025-12-21 18:45:00+00:00,1541,49.9999999992724,62.78507925460073,0,0,0
2025-12-21 19:00:00+00:00,1541,69.99999999970896,52.862592524984,0,0,0
2025-12-21 19:15:00+00:00,1541,50.000000001091394,54.84205049755085,0,0,0
2025-12-21 19:30:00+00:00,1541,59.99999999949068,57.53494897289493,0,0,0
2025-12-21 19:45:00+00:00,1541,20.00000000043656,54.53705694285539,0,0,0
2025-12-21 20:00:00+00:00,1541,0.0,0.1765564730146991,0,0,0
2025-12-21 20:15:00+00:00,1541,10.00000000021828,5.4197804602524045,0,0,0
2025-12-21 20:30:00+00:00,1541,19.999999998617568,38.04620894373372,0,0,0
2025-12-21 20:45:00+00:00,1541,60.00000000130967,41.61972854374881,0,0,0
2025-12-21 21:00:00+00:00,1541,29.999999998835847,46.46021993788001,0,0,0
2025-12-21 21:15:00+00:00,1541,40.00000000087312,14.45438238206524,0,0,0
2025-12-21 21:30:00+00:00,1541,29.999999998835847,25.22327751606481,0,0,0
2025-12-21 21:45:00+00:00,1541,50.000000001091394,21.611827870690146,0,0,0
2025-12-21 22:00:00+00:00,1541,39.999999999054126,36.23172157883084,0,0,0
2025-12-21 22:15:00+00:00,1541,40.00000000087312,30.93104494894095,0,0,0
2025-12-21 22:30:00+00:00,1541,29.999999998835847,10.223321730106246,0,0,0
2025-12-21 22:45:00+00:00,1541,10.00000000021828,8.689525490693558,0,0,0
2025-12-21 23:00:00+00:00,1541,10.00000000021828,10.516492481404535,0,0,0
2025-12-21 23:15:00+00:00,1541,20.00000000043656,10.09474294767032,0,0,0
2025-12-21 23:30:00+00:00,1541,10.00000000021828,10.26310971356504,0,0,0
2025-12-21 23:45:00+00:00,1541,20.00000000043656,17.51911285382642,0,0,0
2025-12-22 00:00:00+00:00,1541,10.00000000021828,11.255514285257783,0,0,0
2025-12-22 00:15:00+00:00,1541,9.99999999839929,15.403869404694062,0,0,0
2025-12-22 00:30:00+00:00,1541,20.00000000043656,19.869164519382647,0,0,0
2025-12-22 00:45:00+00:00,1541,10.00000000021828,20.28993944456885,0,0,0
2025-12-22 01:00:00+00:00,1541,20.00000000043656,20.402268150783208,0,0,0
2025-12-22 01:15:00+00:00,1541,20.00000000043656,14.673146745186267,0,0,0
2025-12-22 01:30:00+00:00,1541,9.99999999839929,19.6184312572391,0,0,0
2025-12-22 01:45:00+00:00,1541,20.00000000043656,18.990512896029188,0,0,0
2025-12-22 02:00:00+00:00,1541,10.00000000021828,13.639404861877129,0,0,0
2025-12-22 02:15:00+00:00,1541,20.00000000043656,15.967234679806316,0,0,0
2025-12-22 02:30:00+00:00,1541,10.00000000021828,10.553436810190028,0,0,0
2025-12-22 02:45:00+00:00,1541,19.999999998617568,19.417573998054333,0,0,0
2025-12-22 03:00:00+00:00,1541,20.00000000043656,10.741720749781592,0,0,0
2025-12-22 03:15:00+00:00,1541,10.00000000021828,16.0911519549551,0,0,0
2025-12-22 03:30:00+00:00,1541,20.00000000043656,17.31682024449066,0,0,0
2025-12-22 03:45:00+00:00,1541,10.00000000021828,14.921866073907998,0,0,0
2025-12-22 04:00:00+00:00,1541,20.00000000043656,17.917254451463428,0,0,0
2025-12-22 04:15:00+00:00,1541,9.99999999839929,11.277183629327377,0,0,0
2025-12-22 04:30:00+00:00,1541,20.00000000043656,17.133931907822017,0,0,0
2025-12-22 04:45:00+00:00,1541,20.00000000043656,11.348477838375093,0,0,0
2025-12-22 05:00:00+00:00,1541,20.00000000043656,11.90065588236432,0,0,0
2025-12-22 05:15:00+00:00,1541,10.00000000021828,15.92137398679214,0,0,0
2025-12-22 05:30:00+00:00,1541,19.999999998617568,20.084365620924256,0,0,0
2025-12-22 05:45:00+00:00,1541,10.00000000021828,19.565032561143923,0,0,0
2025-12-22 06:00:00+00:00,1541,20.00000000043656,19.53767542477007,0,0,0
2025-12-22 06:15:00+00:00,1541,20.00000000043656,70.21486891156252,0,0,0
2025-12-22 06:30:00+00:00,1541,29.999999998835847,78.57518274178277,0,0,0
2025-12-22 06:45:00+00:00,1541,50.000000001091394,43.354995398568256,0,0,0
2025-12-22 07:00:00+00:00,1541,49.9999999992724,51.22085331782303,0,0,0
2025-12-22 07:15:00+00:00,1541,50.000000001091394,65.45678554803848,0,0,0
2025-12-22 07:30:00+00:00,1541,69.99999999970896,74.20720552642999,0,0,0
2025-12-22 07:45:00+00:00,1541,59.99999999949068,81.94609580998629,0,0,0
2025-12-22 08:00:00+00:00,1541,69.99999999970896,79.21002092027514,0,0,0
2025-12-22 08:15:00+00:00,1541,59.99999999949068,82.3312873810591,0,0,0
2025-12-22 08:30:00+00:00,1541,70.00000000152795,81.2858347405288,0,0,0
2025-12-22 08:45:00+00:00,1541,90.00000000014552,77.33524112170801,0,0,0
2025-12-22 09:00:00+00:00,1541,79.99999999992724,77.78125444803509,0,0,0
2025-12-22 09:15:00+00:00,1541,59.99999999949068,77.08446632520612,0,0,0
2025-12-22 09:30:00+00:00,1541,59.99999999949068,75.66029760984274,0,0,0
2025-12-22 09:45:00+00:00,1541,79.99999999992724,75.14901159051189,0,0,0
2025-12-22 10:00:00+00:00,1541,69.99999999970896,77.38305006590292,0,0,0
2025-12-22 10:15:00+00:00,1541,50.000000001091394,75.64495887471637,0,0,0
2025-12-22 10:30:00+00:00,1541,59.99999999949068,67.6774480282135,0,0,0
2025-12-22 10:45:00+00:00,1541,40.00000000087312,69.43702890322194,0,0,0
2025-12-22 11:00:00+00:00,1541,69.99999999970896,64.00743348870692,0,0,0
2025-12-22 11:15:00+00:00,1541,49.9999999992724,68.29674656119496,0,0,0
2025-12-22 11:30:00+00:00,1541,40.00000000087312,65.31856693080651,0,0,0
2025-12-22 11:45:00+00:00,1541,49.9999999992724,49.79636198674604,0,0,0
2025-12-22 12:00:00+00:00,1541,49.9999999992724,53.47889285684252,0,0,0
2025-12-22 12:15:00+00:00,1541,40.00000000087312,61.9625985042828,0,0,0
2025-12-22 12:30:00+00:00,1541,39.999999999054126,57.41470410775562,0,0,0
2025-12-22 12:45:00+00:00,1541,50.000000001091394,47.73872282896957,0,0,0
2025-12-22 13:00:00+00:00,1541,49.9999999992724,51.362587866784224,0,0,0
2025-12-22 13:15:00+00:00,1541,40.00000000087312,52.4223205992609,0,0,0
2025-12-22 13:30:00+00:00,1541,39.999999999054126,53.22190529306526,0,0,0
2025-12-22 13:45:00+00:00,1541,50.000000001091394,51.25105942140439,0,0,0
2025-12-22 14:00:00+00:00,1541,49.9999999992724,50.25256958325723,0,0,0
2025-12-22 14:15:00+00:00,1541,40.00000000087312,51.43134944588853,0,0,0
2025-12-22 14:30:00+00:00,1541,69.99999999970896,52.07208357143451,0,0,0
2025-12-22 14:45:00+00:00,1541,49.9999999992724,55.77444854651116,0,0,0
2025-12-22 15:00:00+00:00,1541,50.000000001091394,52.24316649118158,0,0,0
2025-12-22 15:15:00+00:00,1541,49.9999999992724,51.09074838919695,0,0,0
2025-12-22 15:30:00+00:00,1541,49.9999999992724,54.47388221790543,0,0,0
2025-12-22 15:45:00+00:00,1541,50.000000001091394,57.23500522344133,0,0,0
2025-12-22 16:00:00+00:00,1541,49.9999999992724,55.04438657307556,0,0,0
2025-12-22 16:15:00+00:00,1541,69.99999999970896,53.91125973166673,0,0,0
2025-12-22 16:30:00+00:00,1541,60.00000000130967,57.40511836421695,0,0,0
2025-12-22 16:45:00+00:00,1541,49.9999999992724,57.59446481064976,0,0,0
2025-12-22 17:00:00+00:00,1541,49.9999999992724,56.69087808356284,0,0,0
2025-12-22 17:15:00+00:00,1541,50.000000001091394,55.65423845432302,0,0,0
2025-12-22 17:30:00+00:00,1541,49.9999999992724,57.70419278989134,0,0,0
2025-12-22 17:45:00+00:00,1541,50.000000001091394,58.96082929018802,0,0,0
2025-12-22 18:00:00+00:00,1541,49.9999999992724,56.17836341995738,0,0,0
2025-12-22 18:15:00+00:00,1541,59.99999999949068,54.98822825693907,0,0,0
2025-12-22 18:30:00+00:00,1541,50.000000001091394,56.622325142165536,0,0,0
2025-12-22 22:00:00+00:00,1541,50.000000001091394,56.93255009418117,0,0,0
2025-12-22 22:15:00+00:00,1541,59.99999999949068,54.174688018732574,0,0,0
2025-12-22 22:30:00+00:00,1541,49.9999999992724,56.447985155992384,0,0,0
2025-12-22 22:45:00+00:00,1541,20.00000000043656,44.271390162668766,0,0,0
2025-12-22 23:00:00+00:00,1541,20.00000000043656,8.453948405682752,0,0,0
2025-12-22 23:15:00+00:00,1541,10.00000000021828,24.36627012298288,0,0,0
2025-12-22 23:30:00+00:00,1541,10.00000000021828,20.79369615405649,0,0,0
2025-12-22 23:45:00+00:00,1541,19.999999998617568,20.397210618218867,0,0,0
2025-12-23 00:00:00+00:00,1541,20.00000000043656,20.207716869701244,0,0,0
2025-12-23 00:15:00+00:00,1541,20.00000000043656,20.234163147937554,0,0,0
2025-12-23 00:30:00+00:00,1541,20.00000000043656,20.0494081799319,0,0,0
2025-12-23 00:45:00+00:00,1541,19.999999998617568,20.33444350952982,0,0,0
2025-12-23 01:00:00+00:00,1541,20.00000000043656,20.186047042674,0,0,0
2025-12-23 01:15:00+00:00,1541,10.00000000021828,20.44162195531005,0,0,0
2025-12-23 01:30:00+00:00,1541,20.00000000043656,20.56113658847483,0,0,0
2025-12-23 01:45:00+00:00,1541,29.999999998835847,20.204802703210294,0,0,0
2025-12-23 02:00:00+00:00,1541,10.00000000021828,20.06875208289212,0,0,0
2025-12-23 02:30:00+00:00,1541,20.00000000043656,20.43856435039553,0,0,0
2025-12-23 02:45:00+00:00,1541,20.00000000043656,20.010991796213624,0,0,0
2025-12-23 03:00:00+00:00,1541,19.999999998617568,20.135479927310747,0,0,0
2025-12-23 03:15:00+00:00,1541,10.00000000021828,20.11281327568335,0,0,0
2025-12-23 03:30:00+00:00,1541,20.00000000043656,20.45618795818825,0,0,0
2025-12-23 03:45:00+00:00,1541,20.00000000043656,20.074360670140944,0,0,0
2025-12-23 04:00:00+00:00,1541,29.999999998835847,20.10682701554823,0,0,0
2025-12-23 04:15:00+00:00,1541,10.00000000021828,19.99305281707212,0,0,0
2025-12-23 04:30:00+00:00,1541,10.00000000021828,20.318013773060542,0,0,0
2025-12-23 04:45:00+00:00,1541,30.00000000065484,20.379861330374258,0,0,0
2025-12-23 05:00:00+00:00,1541,20.00000000043656,20.105258369084424,0,0,0
2025-12-23 05:15:00+00:00,1541,19.999999998617568,20.20291627060943,0,0,0
2025-12-23 05:30:00+00:00,1541,20.00000000043656,20.35451764446457,0,0,0
2025-12-23 05:45:00+00:00,1541,20.00000000043656,20.413180579000475,0,0,0
2025-12-23 06:00:00+00:00,1541,30.00000000065484,20.502860020063014,0,0,0
2025-12-23 06:15:00+00:00,1541,19.999999998617568,20.873638202876656,0,0,0
2025-12-23 06:30:00+00:00,1541,40.00000000087312,41.484322671900216,0,0,0
2025-12-23 06:45:00+00:00,1541,59.99999999949068,50.06336995595157,0,0,0
2025-12-23 07:00:00+00:00,1541,49.9999999992724,50.110220712158736,0,0,0
2025-12-23 07:15:00+00:00,1541,50.000000001091394,51.21475646038489,0,0,0
2025-12-23 07:30:00+00:00,1541,79.99999999992724,63.5372800069467,0,0,0
2025-12-23 07:45:00+00:00,1541,59.99999999949068,72.0670772011603,0,0,0
2025-12-23 08:00:00+00:00,1541,69.99999999970896,62.76727550360266,0,0,0
2025-12-23 08:15:00+00:00,1541,70.00000000152795,64.45591955822817,0,0,0
2025-12-23 08:30:00+00:00,1541,59.99999999949068,66.74693930959998,0,0,0
2025-12-23 08:45:00+00:00,1541,79.99999999992724,67.04850579677475,0,0,0
2025-12-23 09:00:00+00:00,1541,69.99999999970896,67.76257221267302,0,0,0
2025-12-23 09:15:00+00:00,1541,69.99999999970896,67.59675932685853,0,0,0
2025-12-23 09:30:00+00:00,1541,59.99999999949068,68.43351244180036,0,0,0
2025-12-23 09:45:00+00:00,1541,60.00000000130967,68.86500612918414,0,0,0
2025-12-23 10:00:00+00:00,1541,69.99999999970896,68.10711034016909,0,0,0
2025-12-23 10:15:00+00:00,1541,79.99999999992724,68.46209580766055,0,0,0
2025-12-23 10:30:00+00:00,1541,69.99999999970896,70.82730558218013,0,0,0
2025-12-23 10:45:00+00:00,1541,59.99999999949068,71.01755998900455,0,0,0
2025-12-23 11:00:00+00:00,1541,70.00000000152795,66.97274712716317,0,0,0
2025-12-23 11:15:00+00:00,1541,69.99999999970896,68.42395374389038,0,0,0
2025-12-23 11:30:00+00:00,1541,90.00000000014552,70.5889022289716,0,0,0
2025-12-23 11:45:00+00:00,1541,69.99999999970896,73.17663570899963,0,0,0
2025-12-23 12:00:00+00:00,1541,69.99999999970896,69.48730286328853,0,0,0
2025-12-23 12:15:00+00:00,1541,69.99999999970896,68.90152545523313,0,0,0
2025-12-23 12:30:00+00:00,1541,69.99999999970896,70.4026737571602,0,0,0
2025-12-23 12:45:00+00:00,1541,60.00000000130967,72.65190414855044,0,0,0
2025-12-23 13:00:00+00:00,1541,69.99999999970896,71.8143087554581,0,0,0
2025-12-23 13:15:00+00:00,1541,69.99999999970896,71.13555620330166,0,0,0
2025-12-23 13:30:00+00:00,1541,69.99999999970896,70.84824662610582,0,0,0
2025-12-23 13:45:00+00:00,1541,59.99999999949068,70.59813637933736,0,0,0
2025-12-23 14:00:00+00:00,1541,69.99999999970896,70.09791588580046,0,0,0
2025-12-23 14:15:00+00:00,1541,70.00000000152795,70.37987042851641,0,0,0
2025-12-23 14:30:00+00:00,1541,59.99999999949068,70.78671395718324,0,0,0
2025-12-23 14:45:00+00:00,1541,79.99999999992724,70.0857530802141,0,0,0
2025-12-23 15:00:00+00:00,1541,79.99999999992724,72.62548443298516,0,0,0
2025-12-23 15:15:00+00:00,1541,79.99999999992724,73.53034616828158,0,0,0
2025-12-23 15:30:00+00:00,1541,59.99999999949068,73.93895925379674,0,0,0
2025-12-23 15:45:00+00:00,1541,79.99999999992724,71.0025535287449,0,0,0
2025-12-23 16:00:00+00:00,1541,60.00000000130967,75.05184051030325,0,0,0
2025-12-23 16:15:00+00:00,1541,79.99999999992724,75.19733826531308,0,0,0
2025-12-23 16:30:00+00:00,1541,79.99999999992724,76.00631938325532,0,0,0
2025-12-23 16:45:00+00:00,1541,69.99999999970896,76.73609544575909,0,0,0
2025-12-23 17:00:00+00:00,1541,69.99999999970896,75.12847236735527,0,0,0
2025-12-23 17:15:00+00:00,1541,69.99999999970896,74.45570849012222,0,0,0
2025-12-23 17:30:00+00:00,1541,69.99999999970896,75.0642196809191,0,0,0
2025-12-23 17:45:00+00:00,1541,69.99999999970896,75.94689627337026,0,0,0
2025-12-23 18:00:00+00:00,1541,90.00000000014552,75.73250943843517,0,0,0
2025-12-23 18:15:00+00:00,1541,60.00000000130967,77.42159395044214,0,0,0
2025-12-23 18:30:00+00:00,1541,59.99999999949068,75.45071716949134,0,0,0
2025-12-23 18:45:00+00:00,1541,69.99999999970896,72.38405969668625,0,0,0
2025-12-23 19:00:00+00:00,1541,69.99999999970896,73.78829192004659,0,0,0
2025-12-23 19:15:00+00:00,1541,69.99999999970896,74.9839250730107,0,0,0
2025-12-23 19:30:00+00:00,1541,70.00000000152795,74.84241461640147,0,0,0
2025-12-23 19:45:00+00:00,1541,90.00000000014552,72.26080117577905,0,0,0
2025-12-23 20:00:00+00:00,1541,79.99999999992724,73.3395663035284,0,0,0
2025-12-23 20:15:00+00:00,1541,59.99999999949068,74.83434729173048,0,0,0
2025-12-23 20:30:00+00:00,1541,69.99999999970896,72.90702942760959,0,0,0
2025-12-23 20:45:00+00:00,1541,69.99999999970896,73.6741130030555,0,0,0
2025-12-23 21:00:00+00:00,1541,69.99999999970896,74.96578904714592,0,0,0
2025-12-23 21:15:00+00:00,1541,69.99999999970896,75.38358219176945,0,0,0
2025-12-23 21:30:00+00:00,1541,90.00000000014552,75.38460219833705,0,0,0
2025-12-23 21:45:00+00:00,1541,79.99999999992724,75.72682212908857,0,0,0
2025-12-23 22:00:00+00:00,1541,70.00000000152795,74.50374925399159,0,0,0
2025-12-23 22:15:00+00:00,1541,79.99999999992724,64.15939901263401,0,0,0
2025-12-23 22:30:00+00:00,1541,39.999999999054126,72.65878146555924,0,0,0
2025-12-23 22:45:00+00:00,1541,30.00000000065484,31.10416112041605,0,0,0
2025-12-23 23:00:00+00:00,1541,29.999999998835847,24.57515945092982,0,0,0
2025-12-23 23:15:00+00:00,1541,30.00000000065484,21.63742993894532,0,0,0
2025-12-23 23:30:00+00:00,1541,20.00000000043656,22.55661571533472,0,0,0
2025-12-23 23:45:00+00:00,1541,29.999999998835847,29.950005336788315,0,0,0
2025-12-24 00:00:00+00:00,1541,30.00000000065484,29.237909388122905,0,0,0
2025-12-24 00:15:00+00:00,1541,30.00000000065484,29.58525446551048,0,0,0
2025-12-24 00:30:00+00:00,1541,20.00000000043656,29.66242240555968,0,0,0
2025-12-24 00:45:00+00:00,1541,29.999999998835847,29.89233053361477,0,0,0
2025-12-24 01:00:00+00:00,1541,30.00000000065484,29.741144503343023,0,0,0
2025-12-24 01:15:00+00:00,1541,29.999999998835847,29.901004453100597,0,0,0
2025-12-24 01:30:00+00:00,1541,40.00000000087312,29.94909158090484,0,0,0
2025-12-24 01:45:00+00:00,1541,30.00000000065484,29.733538886190317,0,0,0
2025-12-24 02:00:00+00:00,1541,29.999999998835847,30.043462472629148,0,0,0
2025-12-24 02:15:00+00:00,1541,30.00000000065484,30.010492885345236,0,0,0
2025-12-24 02:30:00+00:00,1541,30.00000000065484,30.03891494334861,0,0,0
2025-12-24 02:45:00+00:00,1541,29.999999998835847,29.88461480211669,0,0,0
2025-12-24 03:00:00+00:00,1541,40.00000000087312,30.015949340932696,0,0,0
2025-12-24 03:15:00+00:00,1541,29.999999998835847,29.89269758143266,0,0,0
2025-12-24 03:30:00+00:00,1541,30.00000000065484,30.21813183592309,0,0,0
2025-12-24 03:45:00+00:00,1541,39.999999999054126,30.33329598653061,0,0,0
2025-12-24 04:00:00+00:00,1541,30.00000000065484,30.2017334917014,0,0,0
2025-12-24 04:15:00+00:00,1541,30.00000000065484,30.365743013631693,0,0,0
2025-12-24 04:30:00+00:00,1541,39.999999999054126,30.46745196396778,0,0,0
2025-12-24 04:45:00+00:00,1541,30.00000000065484,30.26679851291347,0,0,0
2025-12-24 05:00:00+00:00,1541,39.999999999054126,38.49011271102326,0,0,0
2025-12-24 05:15:00+00:00,1541,40.00000000087312,39.31330051134828,0,0,0
2025-12-24 05:30:00+00:00,1541,30.00000000065484,39.7626713592937,0,0,0
2025-12-24 05:45:00+00:00,1541,29.999999998835847,39.97266521139788,0,0,0
2025-12-24 06:00:00+00:00,1541,40.00000000087312,39.793646331462,0,0,0
2025-12-24 06:15:00+00:00,1541,29.999999998835847,39.53853843887844,0,0,0
2025-12-24 06:30:00+00:00,1541,70.00000000152795,49.88519721782744,0,0,0
2025-12-24 06:45:00+00:00,1541,69.99999999970896,69.46317816250036,0,0,0
2025-12-24 07:00:00+00:00,1541,69.99999999970896,71.07080896822666,0,0,0
2025-12-24 07:15:00+00:00,1541,79.99999999992724,71.1216547501569,0,0,0
2025-12-24 07:30:00+00:00,1541,110.00000000058208,80.59416210518279,0,0,0
2025-12-24 07:45:00+00:00,1541,90.00000000014552,88.8337365216249,0,0,0
2025-12-24 08:00:00+00:00,1541,99.9999999985448,89.59742007517882,0,0,0
2025-12-24 08:15:00+00:00,1541,110.00000000058208,92.92271875877226,0,0,0
2025-12-24 08:30:00+00:00,1541,110.00000000058208,96.8745178399002,0,0,0
2025-12-24 08:45:00+00:00,1541,90.00000000014552,97.85045548738422,0,0,0
2025-12-24 09:00:00+00:00,1541,99.9999999985448,97.56098225989348,0,0,0
2025-12-24 09:15:00+00:00,1541,90.00000000014552,96.85560135446477,0,0,0
2025-12-24 09:30:00+00:00,1541,90.00000000014552,97.11546348220524,0,0,0
2025-12-24 09:45:00+00:00,1541,100.0000000003638,96.2310405148732,0,0,0
2025-12-24 10:00:00+00:00,1541,79.99999999992724,94.14862756122008,0,0,0
2025-12-24 10:15:00+00:00,1541,79.99999999992724,88.90626517043908,0,0,0
2025-12-24 10:30:00+00:00,1541,100.0000000003638,87.28147970880319,0,0,0
2025-12-24 10:45:00+00:00,1541,90.00000000014552,92.40902954214955,0,0,0
2025-12-24 11:00:00+00:00,1541,100.0000000003638,94.97855745041046,0,0,0
2025-12-24 11:15:00+00:00,1541,79.99999999992724,94.15878126296116,0,0,0
2025-12-24 11:30:00+00:00,1541,90.00000000014552,92.51951479899436,0,0,0
2025-12-24 11:45:00+00:00,1541,109.99999999876307,92.52199526951102,0,0,0
2025-12-24 12:00:00+00:00,1541,79.99999999992724,93.26782870813196,0,0,0
2025-12-24 12:15:00+00:00,1541,60.00000000130967,86.68323812958464,0,0,0
2025-12-24 12:30:00+00:00,1541,59.99999999949068,74.6476397259252,0,0,0
2025-12-24 12:45:00+00:00,1541,69.99999999970896,72.63170492758302,0,0,0
2025-12-24 13:00:00+00:00,1541,79.99999999992724,83.65755864790054,0,0,0
2025-12-24 13:15:00+00:00,1541,69.99999999970896,87.36815708508155,0,0,0
2025-12-24 13:30:00+00:00,1541,90.00000000014552,80.96271675095228,0,0,0
2025-12-24 13:45:00+00:00,1541,79.99999999992724,81.77459561482519,0,0,0
2025-12-24 14:00:00+00:00,1541,79.99999999992724,78.85406181015097,0,0,0
2025-12-24 14:15:00+00:00,1541,69.99999999970896,81.58401666045653,0,0,0
2025-12-24 14:30:00+00:00,1541,79.99999999992724,83.17710464527208,0,0,0
2025-12-24 14:45:00+00:00,1541,90.00000000014552,83.4677369711351,0,0,0
2025-12-24 15:00:00+00:00,1541,90.00000000014552,84.90681169156588,0,0,0
2025-12-24 15:15:00+00:00,1541,90.00000000014552,83.03208598425613,0,0,0
2025-12-24 15:30:00+00:00,1541,90.00000000014552,87.22754299788022,0,0,0
2025-12-24 15:45:00+00:00,1541,79.99999999992724,88.52210906057883,0,0,0
2025-12-24 16:00:00+00:00,1541,90.00000000014552,84.99059904923604,0,0,0
2025-12-24 16:15:00+00:00,1541,100.0000000003638,86.49129143913669,0,0,0
2025-12-24 16:30:00+00:00,1541,100.0000000003638,92.67971764868706,0,0,0
2025-12-24 16:45:00+00:00,1541,99.9999999985448,94.90881063768973,0,0,0
2025-12-24 17:00:00+00:00,1541,80.00000000174623,95.23821094044396,0,0,0
2025-12-24 17:15:00+00:00,1541,99.9999999985448,93.03419311289473,0,0,0
2025-12-24 17:30:00+00:00,1541,100.0000000003638,94.14284752400368,0,0,0
2025-12-24 17:45:00+00:00,1541,90.00000000014552,97.24831161031236,0,0,0
2025-12-24 18:00:00+00:00,1541,90.00000000014552,96.67840612263456,0,0,0
2025-12-24 18:15:00+00:00,1541,79.99999999992724,95.50690539778113,0,0,0
2025-12-24 18:30:00+00:00,1541,110.00000000058208,93.42039696321264,0,0,0
2025-12-24 18:45:00+00:00,1541,90.00000000014552,95.6633064048128,0,0,0
2025-12-24 19:00:00+00:00,1541,90.00000000014552,96.08922096536467,0,0,0
2025-12-24 19:15:00+00:00,1541,89.99999999832653,95.20688437510272,0,0,0
2025-12-24 19:30:00+00:00,1541,90.00000000014552,94.85413210380852,0,0,0
2025-12-24 19:45:00+00:00,1541,100.0000000003638,93.96041316753085,0,0,0
2025-12-24 20:00:00+00:00,1541,110.00000000058208,95.22484267255042,0,0,0
2025-12-24 20:15:00+00:00,1541,90.00000000014552,97.56242726919758,0,0,0
2025-12-24 20:30:00+00:00,1541,90.00000000014552,97.33145760021657,0,0,0
2025-12-24 20:45:00+00:00,1541,90.00000000014552,93.73510762592896,0,0,0
2025-12-24 21:00:00+00:00,1541,109.99999999876307,94.68267054525982,0,0,0
2025-12-24 21:15:00+00:00,1541,100.0000000003638,98.68093401647084,0,0,0
2025-12-24 21:30:00+00:00,1541,90.00000000014552,100.21748118268704,0,0,0
2025-12-24 21:45:00+00:00,1541,110.00000000058208,97.28364865602164,0,0,0
2025-12-24 22:00:00+00:00,1541,109.99999999876307,98.06514368789612,0,0,0
2025-12-24 22:15:00+00:00,1541,100.0000000003638,101.09266227233088,0,0,0
2025-12-24 22:30:00+00:00,1541,59.99999999949068,101.1883110700106,0,0,0
2025-12-24 22:45:00+00:00,1541,40.00000000087312,60.21300905724334,0,0,0
2025-12-24 23:00:00+00:00,1541,39.999999999054126,33.415794470423386,0,0,0
2025-12-24 23:15:00+00:00,1541,40.00000000087312,37.76906852292392,0,0,0
2025-12-24 23:30:00+00:00,1541,49.9999999992724,38.56123112348452,0,0,0
2025-12-24 23:45:00+00:00,1541,40.00000000087312,38.97576140619011,0,0,0
2025-12-25 00:00:00+00:00,1541,39.999999999054126,39.465204216695525,0,0,0
2025-12-25 00:15:00+00:00,1541,50.000000001091394,39.60165134524855,0,0,0
2025-12-25 00:30:00+00:00,1541,29.999999998835847,39.61348573962943,0,0,0
2025-12-25 00:45:00+00:00,1541,40.00000000087312,39.90308067244926,0,0,0
2025-12-25 01:00:00+00:00,1541,49.9999999992724,40.25580782994542,0,0,0
2025-12-25 01:15:00+00:00,1541,40.00000000087312,40.814848702213794,0,0,0
2025-12-25 01:30:00+00:00,1541,39.999999999054126,40.9868415141831,0,0,0
2025-12-25 01:45:00+00:00,1541,40.00000000087312,40.84211842325208,0,0,0
2025-12-25 02:00:00+00:00,1541,49.9999999992724,40.636353348376055,0,0,0
2025-12-25 02:15:00+00:00,1541,40.00000000087312,40.4162173855145,0,0,0
2025-12-25 02:30:00+00:00,1541,39.999999999054126,40.473693210134144,0,0,0
2025-12-25 02:45:00+00:00,1541,40.00000000087312,40.26915871136335,0,0,0
2025-12-25 03:00:00+00:00,1541,49.9999999992724,40.49038229486421,0,0,0
2025-12-25 03:15:00+00:00,1541,40.00000000087312,40.60149153299941,0,0,0
2025-12-25 03:30:00+00:00,1541,49.9999999992724,40.70242002376483,0,0,0
2025-12-25 03:45:00+00:00,1541,40.00000000087312,40.62019165340536,0,0,0
2025-12-25 04:00:00+00:00,1541,39.999999999054126,40.67496871064823,0,0,0
2025-12-25 04:15:00+00:00,1541,50.000000001091394,40.729931223630665,0,0,0
2025-12-25 04:30:00+00:00,1541,49.9999999992724,40.7735210497505,0,0,0
2025-12-25 04:45:00+00:00,1541,49.9999999992724,42.25465945011096,0,0,0
2025-12-25 05:00:00+00:00,1541,40.00000000087312,44.83009876007043,0,0,0
2025-12-25 05:15:00+00:00,1541,49.9999999992724,46.42538903179329,0,0,0
2025-12-25 05:30:00+00:00,1541,40.00000000087312,48.54485256491603,0,0,0
2025-12-25 05:45:00+00:00,1541,49.9999999992724,45.41232159978421,0,0,0
2025-12-25 06:00:00+00:00,1541,40.00000000087312,44.72338057293551,0,0,0
2025-12-25 06:15:00+00:00,1541,49.9999999992724,47.78862974121829,0,0,0
2025-12-25 06:30:00+00:00,1541,90.00000000014552,52.46042016275742,0,0,0
2025-12-25 06:45:00+00:00,1541,100.0000000003638,89.05094382926585,0,0,0
2025-12-25 07:00:00+00:00,1541,100.0000000003638,90.7466120200273,0,0,0
2025-12-25 07:15:00+00:00,1541,100.0000000003638,91.30231468898354,0,0,0
2025-12-25 07:30:00+00:00,1541,129.99999999919964,97.6007161520949,0,0,0
2025-12-25 07:45:00+00:00,1541,129.99999999919964,103.48394403290403,0,0,0
2025-12-25 08:00:00+00:00,1541,120.00000000080036,108.34194940344024,0,0,0
2025-12-25 08:15:00+00:00,1541,149.9999999996362,112.7062870499041,0,0,0
2025-12-25 08:30:00+00:00,1541,130.00000000101863,118.7592069324136,0,0,0
2025-12-25 08:45:00+00:00,1541,119.99999999898137,124.66826725227942,0,0,0
2025-12-25 09:00:00+00:00,1541,130.00000000101863,127.22026959315158,0,0,0
2025-12-25 09:15:00+00:00,1541,139.99999999941792,128.6186908700056,0,0,0
2025-12-25 09:30:00+00:00,1541,110.00000000058208,129.6339914982119,0,0,0
2025-12-25 09:45:00+00:00,1541,109.99999999876307,129.74432993592956,0,0,0
2025-12-25 10:00:00+00:00,1541,140.0000000012369,125.48706979709604,0,0,0
2025-12-25 10:15:00+00:00,1541,109.99999999876307,123.3554492538788,0,0,0
2025-12-25 10:30:00+00:00,1541,120.00000000080036,122.10247936809972,0,0,0
2025-12-25 10:45:00+00:00,1541,100.0000000003638,117.32908045141676,0,0,0
2025-12-25 11:00:00+00:00,1541,109.99999999876307,114.54530480002546,0,0,0
2025-12-25 11:15:00+00:00,1541,110.00000000058208,109.1187848598582,0,0,0
2025-12-25 11:30:00+00:00,1541,100.0000000003638,108.2281336706058,0,0,0
2025-12-25 11:45:00+00:00,1541,100.0000000003638,107.39725332075017,0,0,0
2025-12-25 12:00:00+00:00,1541,109.99999999876307,106.19200737861868,0,0,0
2025-12-25 12:15:00+00:00,1541,100.0000000003638,104.0852456318254,0,0,0
2025-12-25 12:30:00+00:00,1541,90.00000000014552,103.46457936276468,0,0,0
2025-12-25 12:45:00+00:00,1541,90.00000000014552,100.83764517578646,0,0,0
2025-12-25 13:00:00+00:00,1541,110.00000000058208,99.9652381949136,0,0,0
2025-12-25 13:15:00+00:00,1541,99.9999999985448,102.28049082958836,0,0,0
2025-12-25 13:30:00+00:00,1541,100.0000000003638,100.80365268418905,0,0,0
2025-12-25 13:45:00+00:00,1541,90.00000000014552,98.96325947066592,0,0,0
2025-12-25 14:00:00+00:00,1541,79.99999999992724,97.81948437887718,0,0,0
2025-12-25 14:15:00+00:00,1541,90.00000000014552,94.63017884364096,0,0,0
2025-12-25 14:30:00+00:00,1541,110.00000000058208,94.41112470592684,0,0,0
2025-12-25 14:45:00+00:00,1541,100.0000000003638,98.94368616281952,0,0,0
2025-12-25 15:00:00+00:00,1541,90.00000000014552,100.09496448473809,0,0,0
2025-12-25 15:15:00+00:00,1541,109.99999999876307,96.2786794579735,0,0,0
2025-12-25 15:30:00+00:00,1541,120.00000000080036,97.59045426783906,0,0,0
2025-12-25 15:45:00+00:00,1541,109.99999999876307,102.44417870172036,0,0,0
2025-12-25 16:00:00+00:00,1541,110.00000000058208,103.98345361277264,0,0,0
2025-12-25 16:15:00+00:00,1541,110.00000000058208,104.95004120005368,0,0,0
2025-12-25 16:30:00+00:00,1541,129.99999999919964,105.4106437112264,0,0,0
2025-12-25 16:45:00+00:00,1541,120.00000000080036,107.05129336591745,0,0,0
2025-12-25 17:00:00+00:00,1541,90.00000000014552,108.85864454850837,0,0,0
2025-12-25 17:15:00+00:00,1541,109.99999999876307,108.24189603194588,0,0,0
2025-12-25 17:30:00+00:00,1541,120.00000000080036,107.21899171841748,0,0,0
2025-12-25 17:45:00+00:00,1541,110.00000000058208,107.49674259770332,0,0,0
2025-12-25 18:00:00+00:00,1541,99.9999999985448,107.96771517564665,0,0,0
2025-12-25 18:15:00+00:00,1541,100.0000000003638,107.1522353794972,0,0,0
2025-12-25 18:30:00+00:00,1541,120.00000000080036,105.34738012206788,0,0,0
2025-12-25 18:45:00+00:00,1541,119.99999999898137,105.2340125739374,0,0,0
2025-12-25 19:00:00+00:00,1541,100.0000000003638,106.91719341156826,0,0,0
2025-12-25 19:15:00+00:00,1541,100.0000000003638,107.38026093861266,0,0,0
2025-12-25 19:30:00+00:00,1541,110.00000000058208,105.79093615984576,0,0,0
2025-12-25 19:45:00+00:00,1541,119.99999999898137,104.672004409836,0,0,0
2025-12-25 20:00:00+00:00,1541,110.00000000058208,106.9946211828359,0,0,0
2025-12-25 20:15:00+00:00,1541,110.00000000058208,107.72104358738255,0,0,0
2025-12-25 20:30:00+00:00,1541,129.99999999919964,106.95324137094586,0,0,0
2025-12-25 20:45:00+00:00,1541,110.00000000058208,107.6054969343122,0,0,0
2025-12-25 21:00:00+00:00,1541,109.99999999876307,107.78256852898268,0,0,0
2025-12-25 21:15:00+00:00,1541,100.0000000003638,109.11962713800872,0,0,0
2025-12-25 21:30:00+00:00,1541,110.00000000058208,109.27883316310124,0,0,0
2025-12-25 21:45:00+00:00,1541,129.99999999919964,107.44212588240195,0,0,0
2025-12-25 22:00:00+00:00,1541,110.00000000058208,108.34475442150116,0,0,0
2025-12-25 22:15:00+00:00,1541,100.0000000003638,108.9532733396205,0,0,0
2025-12-25 22:30:00+00:00,1541,69.99999999970896,97.1082229810398,0,0,0
2025-12-25 22:45:00+00:00,1541,39.999999999054126,67.65916518322156,0,0,0
2025-12-25 23:00:00+00:00,1541,40.00000000087312,39.75056264496472,0,0,0
2025-12-25 23:15:00+00:00,1541,49.9999999992724,40.04700784916467,0,0,0
2025-12-25 23:30:00+00:00,1541,40.00000000087312,41.49520081012397,0,0,0
2025-12-25 23:45:00+00:00,1541,49.9999999992724,41.25135162639639,0,0,0
2025-12-26 00:00:00+00:00,1541,40.00000000087312,40.95965293003088,0,0,0
2025-12-26 00:15:00+00:00,1541,49.9999999992724,40.950071050153454,0,0,0
2025-12-26 00:30:00+00:00,1541,50.000000001091394,42.198306019081805,0,0,0
2025-12-26 00:45:00+00:00,1541,39.999999999054126,44.69301605924328,0,0,0
2025-12-26 01:00:00+00:00,1541,40.00000000087312,45.817366594143394,0,0,0
2025-12-26 01:15:00+00:00,1541,49.9999999992724,45.8994191679164,0,0,0
2025-12-26 01:30:00+00:00,1541,40.00000000087312,44.99879586900124,0,0,0
2025-12-26 01:45:00+00:00,1541,49.9999999992724,43.773912868612896,0,0,0
2025-12-26 02:00:00+00:00,1541,39.999999999054126,42.2020557023161,0,0,0
2025-12-26 02:15:00+00:00,1541,40.00000000087312,41.68959512996801,0,0,0
2025-12-26 02:30:00+00:00,1541,49.9999999992724,41.50009413708557,0,0,0
2025-12-26 02:45:00+00:00,1541,40.00000000087312,41.2516162871914,0,0,0
2025-12-26 04:30:00+00:00,1541,39.999999999054126,41.33937548861721,0,0,0
2025-12-26 04:45:00+00:00,1541,40.00000000087312,41.65072669788456,0,0,0
2025-12-26 05:00:00+00:00,1541,49.9999999992724,41.64100958986369,0,0,0
2025-12-26 05:15:00+00:00,1541,40.00000000087312,41.487591329310014,0,0,0
2025-12-26 05:30:00+00:00,1541,49.9999999992724,41.35128136073104,0,0,0
2025-12-26 05:45:00+00:00,1541,49.9999999992724,41.86650058720513,0,0,0
2025-12-26 06:00:00+00:00,1541,40.00000000087312,48.24462097269999,0,0,0
2025-12-26 06:15:00+00:00,1541,49.9999999992724,46.88490199049608,0,0,0
2025-12-26 06:30:00+00:00,1541,90.00000000014552,61.39633258549394,0,0,0
2025-12-26 06:45:00+00:00,1541,90.00000000014552,95.5776103984896,0,0,0
2025-12-26 07:00:00+00:00,1541,100.0000000003638,91.5610409003192,0,0,0
2025-12-26 07:15:00+00:00,1541,100.0000000003638,91.01950241347213,0,0,0
2025-12-26 07:30:00+00:00,1541,119.99999999898137,95.96801791223764,0,0,0
2025-12-26 07:45:00+00:00,1541,120.00000000080036,100.3824131537386,0,0,0
2025-12-26 08:00:00+00:00,1541,129.99999999919964,104.27370729983404,0,0,0
2025-12-26 08:15:00+00:00,1541,140.0000000012369,107.80867915164868,0,0,0
2025-12-26 08:30:00+00:00,1541,139.99999999941792,111.56626743684151,0,0,0
2025-12-26 08:45:00+00:00,1541,120.00000000080036,115.21354819360664,0,0,0
2025-12-26 09:00:00+00:00,1541,119.99999999898137,119.03816327400662,0,0,0
2025-12-26 09:15:00+00:00,1541,139.99999999941792,123.00520836239116,0,0,0
2025-12-26 09:30:00+00:00,1541,120.00000000080036,125.72548087762704,0,0,0
2025-12-26 09:45:00+00:00,1541,90.00000000014552,126.79338138996695,0,0,0
2025-12-26 10:00:00+00:00,1541,119.99999999898137,122.3732138385721,0,0,0
2025-12-26 10:15:00+00:00,1541,110.00000000058208,116.24427255748664,0,0,0
2025-12-26 10:30:00+00:00,1541,79.99999999992724,111.09527940425326,0,0,0
2025-12-26 10:45:00+00:00,1541,79.99999999992724,102.180854733508,0,0,0
2025-12-26 11:00:00+00:00,1541,90.00000000014552,95.44976957535069,0,0,0
2025-12-26 11:15:00+00:00,1541,90.00000000014552,90.8764928563014,0,0,0
2025-12-26 11:30:00+00:00,1541,90.00000000014552,85.14519959012944,0,0,0
2025-12-26 11:45:00+00:00,1541,69.99999999970896,83.93949773597154,0,0,0
2025-12-26 12:00:00+00:00,1541,69.99999999970896,81.33709779787306,0,0,0
2025-12-26 12:15:00+00:00,1541,79.99999999992724,67.64772101862602,0,0,0
2025-12-26 12:30:00+00:00,1541,79.99999999992724,74.22140834515153,0,0,0
2025-12-26 12:45:00+00:00,1541,70.00000000152795,85.81873619961065,0,0,0
2025-12-26 13:00:00+00:00,1541,69.99999999970896,80.21159782375378,0,0,0
2025-12-26 13:15:00+00:00,1541,69.99999999970896,70.31038634476006,0,0,0
2025-12-26 13:30:00+00:00,1541,69.99999999970896,64.58199082451875,0,0,0
2025-12-26 13:45:00+00:00,1541,79.99999999992724,72.25255612269096,0,0,0
2025-12-26 14:00:00+00:00,1541,59.99999999949068,79.23543608391778,0,0,0
2025-12-26 14:15:00+00:00,1541,60.00000000130967,63.26157686811853,0,0,0
2025-12-26 14:30:00+00:00,1541,69.99999999970896,61.54812810832644,0,0,0
2025-12-26 14:45:00+00:00,1541,79.99999999992724,77.34520164038705,0,0,0
2025-12-26 15:00:00+00:00,1541,69.99999999970896,82.55141561659816,0,0,0
2025-12-26 15:15:00+00:00,1541,69.99999999970896,76.108992317071,0,0,0
2025-12-26 15:30:00+00:00,1541,69.99999999970896,72.76148530866486,0,0,0
2025-12-26 15:45:00+00:00,1541,90.00000000014552,77.26853114672262,0,0,0
2025-12-26 16:00:00+00:00,1541,90.00000000014552,85.32593393565628,0,0,0
2025-12-26 16:15:00+00:00,1541,79.99999999992724,86.94218843327226,0,0,0
2025-12-26 16:30:00+00:00,1541,90.00000000014552,86.24589485908214,0,0,0
2025-12-26 16:45:00+00:00,1541,100.0000000003638,88.91457204210703,0,0,0
2025-12-26 17:00:00+00:00,1541,100.0000000003638,91.85120958683332,0,0,0
2025-12-26 17:15:00+00:00,1541,79.99999999992724,93.54158456169476,0,0,0
2025-12-26 17:30:00+00:00,1541,90.00000000014552,91.95327978949544,0,0,0
2025-12-26 17:45:00+00:00,1541,79.99999999992724,92.19621908100078,0,0,0
2025-12-26 18:00:00+00:00,1541,100.0000000003638,92.139013712668,0,0,0
2025-12-26 18:15:00+00:00,1541,109.99999999876307,93.9155946971364,0,0,0
2025-12-26 18:30:00+00:00,1541,79.99999999992724,97.59170609408112,0,0,0
2025-12-26 18:45:00+00:00,1541,100.0000000003638,95.45783690002168,0,0,0
2025-12-26 19:00:00+00:00,1541,110.00000000058208,95.48064795598796,0,0,0
2025-12-26 19:15:00+00:00,1541,90.00000000014552,98.96268764880226,0,0,0
2025-12-26 19:30:00+00:00,1541,99.9999999985448,99.84513242157898,0,0,0
2025-12-26 19:45:00+00:00,1541,90.00000000014552,100.13425791955804,0,0,0
2025-12-26 20:00:00+00:00,1541,100.0000000003638,99.21663837484417,0,0,0
2025-12-26 20:15:00+00:00,1541,110.00000000058208,98.35980967609464,0,0,0
2025-12-26 20:30:00+00:00,1541,100.0000000003638,99.68472093417928,0,0,0
2025-12-26 20:45:00+00:00,1541,90.00000000014552,100.96258052567222,0,0,0
2025-12-26 21:00:00+00:00,1541,89.99999999832653,99.61148909901924,0,0,0
2025-12-26 21:15:00+00:00,1541,120.00000000080036,97.9446901850498,0,0,0
2025-12-26 21:30:00+00:00,1541,90.00000000014552,104.09320477398164,0,0,0
2025-12-26 22:00:00+00:00,1541,109.99999999876307,98.04883903745952,0,0,0
2025-12-26 22:15:00+00:00,1541,100.0000000003638,98.54848770913276,0,0,0
2025-12-26 22:30:00+00:00,1541,69.99999999970896,99.37293119936108,0,0,0
2025-12-26 22:45:00+00:00,1541,30.00000000065484,66.52392878277522,0,0,0
2025-12-26 23:00:00+00:00,1541,40.00000000087312,36.18304524268736,0,0,0
2025-12-26 23:15:00+00:00,1541,29.999999998835847,37.560683885726576,0,0,0
2025-12-26 23:30:00+00:00,1541,40.00000000087312,38.52933466811026,0,0,0
2025-12-26 23:45:00+00:00,1541,39.999999999054126,38.54078462819767,0,0,0
2025-12-27 00:00:00+00:00,1541,30.00000000065484,38.56610126847867,0,0,0
2025-12-27 00:15:00+00:00,1541,39.999999999054126,39.17845293854899,0,0,0
2025-12-27 00:30:00+00:00,1541,40.00000000087312,37.42418652957742,0,0,0
2025-12-27 00:45:00+00:00,1541,49.9999999992724,34.89429399015631,0,0,0
2025-12-27 01:00:00+00:00,1541,30.00000000065484,36.63705441595248,0,0,0
2025-12-27 01:15:00+00:00,1541,30.00000000065484,39.17026004488766,0,0,0
2025-12-27 01:30:00+00:00,1541,39.999999999054126,39.70456768972242,0,0,0
2025-12-27 01:45:00+00:00,1541,40.00000000087312,40.041316676156825,0,0,0
2025-12-27 02:00:00+00:00,1541,39.999999999054126,39.992412384000126,0,0,0
2025-12-27 02:15:00+00:00,1541,40.00000000087312,39.51729023388411,0,0,0
2025-12-27 02:30:00+00:00,1541,39.999999999054126,40.30746691256688,0,0,0
2025-12-27 02:45:00+00:00,1541,40.00000000087312,40.18278076883116,0,0,0
2025-12-27 03:00:00+00:00,1541,39.999999999054126,40.18509317008383,0,0,0
2025-12-27 03:15:00+00:00,1541,40.00000000087312,39.935630086573234,0,0,0
2025-12-27 03:30:00+00:00,1541,39.999999999054126,40.07446109411189,0,0,0
2025-12-27 03:45:00+00:00,1541,30.00000000065484,40.22208386280422,0,0,0
2025-12-27 05:45:00+00:00,1541,39.999999999054126,40.33435799480355,0,0,0
2025-12-27 06:00:00+00:00,1541,30.00000000065484,40.09442076808238,0,0,0
2025-12-27 06:15:00+00:00,1541,39.999999999054126,40.390574265858646,0,0,0
2025-12-27 06:30:00+00:00,1541,40.00000000087312,40.38099431781183,0,0,0
2025-12-27 06:45:00+00:00,1541,49.9999999992724,40.364834554671766,1,0,1
2025-12-27 07:00:00+00:00,1541,50.000000001091394,40.2268245751468,1,0,1
2025-12-27 07:15:00+00:00,1541,59.99999999949068,42.19256268664721,1,0,1
2025-12-27 07:30:00+00:00,1541,119.99999999898137,83.1818105846635,1,0,1
2025-12-27 07:45:00+00:00,1541,100.0000000003638,91.5292043316942,0,0,0
2025-12-27 08:00:00+00:00,1541,100.0000000003638,97.28573503309173,0,0,0
2025-12-27 08:15:00+00:00,1541,120.00000000080036,99.5785552506018,0,0,0
2025-12-27 08:30:00+00:00,1541,109.99999999876307,103.456372946289,0,0,0
2025-12-27 08:45:00+00:00,1541,90.00000000014552,104.45046207428275,0,0,0
2025-12-27 09:00:00+00:00,1541,90.00000000014552,102.3957592990494,0,0,0
2025-12-27 09:15:00+00:00,1541,120.00000000080036,98.80125615483496,0,0,0
2025-12-27 09:30:00+00:00,1541,90.00000000014552,101.64635583744185,0,0,0
2025-12-27 09:45:00+00:00,1541,99.9999999985448,102.03334014733043,0,0,0
2025-12-27 10:00:00+00:00,1541,110.00000000058208,100.9294303122253,0,0,0
2025-12-27 10:15:00+00:00,1541,100.0000000003638,102.2997936811479,0,0,0
2025-12-27 10:30:00+00:00,1541,90.00000000014552,100.98168246684725,0,0,0
2025-12-27 10:45:00+00:00,1541,79.99999999992724,92.42805421009976,0,0,0
2025-12-27 11:00:00+00:00,1541,69.99999999970896,87.34664421929222,0,0,0
2025-12-27 11:15:00+00:00,1541,100.0000000003638,86.74687263022227,0,0,0
2025-12-27 11:30:00+00:00,1541,90.00000000014552,93.29968845872445,0,0,0
2025-12-27 11:45:00+00:00,1541,79.99999999992724,96.00788316892124,0,0,0
2025-12-27 12:00:00+00:00,1541,90.00000000014552,90.34054895093114,0,0,0
2025-12-27 12:15:00+00:00,1541,99.9999999985448,91.6263522299354,0,0,0
2025-12-27 12:30:00+00:00,1541,79.99999999992724,92.848953738361,0,0,0
2025-12-27 12:45:00+00:00,1541,80.00000000174623,88.93874310683009,0,0,0
2025-12-27 13:00:00+00:00,1541,59.99999999949068,88.79567945840203,0,0,0
2025-12-27 13:15:00+00:00,1541,100.0000000003638,85.7951910480086,0,0,0
2025-12-27 13:30:00+00:00,1541,90.00000000014552,87.60821408530119,0,0,0
2025-12-27 13:45:00+00:00,1541,79.99999999992724,90.42605177419227,0,0,0
2025-12-27 14:00:00+00:00,1541,69.99999999970896,86.24901669736478,0,0,0
2025-12-27 14:15:00+00:00,1541,79.99999999992724,83.01223449280037,0,0,0
2025-12-27 14:30:00+00:00,1541,79.99999999992724,83.02486866505812,0,0,0
2025-12-27 14:45:00+00:00,1541,100.0000000003638,87.14940431294424,0,0,0
2025-12-27 15:00:00+00:00,1541,79.99999999992724,91.32007207604671,0,0,0
2025-12-27 15:15:00+00:00,1541,79.99999999992724,88.8247341909336,0,0,0
2025-12-27 15:30:00+00:00,1541,90.00000000014552,80.79517294490188,0,0,0
2025-12-27 15:45:00+00:00,1541,90.00000000014552,85.5051073620418,0,0,0
2025-12-27 16:00:00+00:00,1541,79.99999999992724,90.11025155900602,0,0,0
2025-12-27 16:15:00+00:00,1541,69.99999999970896,89.42423532371669,0,0,0
2025-12-27 16:30:00+00:00,1541,79.99999999992724,81.34401375149427,0,0,0
2025-12-27 16:45:00+00:00,1541,90.00000000014552,83.41528390612864,0,0,0
2025-12-27 17:00:00+00:00,1541,90.00000000014552,87.24243354830264,0,0,0
2025-12-27 17:15:00+00:00,1541,90.00000000014552,88.9540663873115,0,0,0
2025-12-27 17:30:00+00:00,1541,79.99999999992724,85.77633638115302,0,0,0
2025-12-27 17:45:00+00:00,1541,69.99999999970896,83.04886200136411,0,0,0
2025-12-27 18:00:00+00:00,1541,79.99999999992724,82.5730984834821,0,0,0
2025-12-27 18:15:00+00:00,1541,100.0000000003638,85.27866590403511,0,0,0
2025-12-27 18:30:00+00:00,1541,89.99999999832653,88.85977759838856,0,0,0
2025-12-27 18:45:00+00:00,1541,70.00000000152795,86.3768575205037,0,0,0
2025-12-27 19:00:00+00:00,1541,79.99999999992724,77.24235097815428,0,0,0
2025-12-27 19:15:00+00:00,1541,99.9999999985448,82.3158327360955,0,0,0
2025-12-27 19:30:00+00:00,1541,80.00000000174623,86.8354277458637,0,0,0
2025-12-27 19:45:00+00:00,1541,79.99999999992724,81.62455419419607,0,0,0
2025-12-27 20:00:00+00:00,1541,69.99999999970896,82.0228590315205,0,0,0
2025-12-27 20:15:00+00:00,1541,79.99999999992724,77.52749690505522,0,0,0
2025-12-27 20:30:00+00:00,1541,79.99999999992724,78.96474797738028,0,0,0
2025-12-27 20:45:00+00:00,1541,90.00000000014552,74.50727291304328,0,0,0
2025-12-27 21:00:00+00:00,1541,90.00000000014552,81.80318670800786,0,0,0
2025-12-27 21:15:00+00:00,1541,69.99999999970896,85.0979547404757,0,0,0
2025-12-27 21:30:00+00:00,1541,79.99999999992724,76.05724243841038,0,0,0
2025-12-27 21:45:00+00:00,1541,69.99999999970896,80.9559553437807,0,0,0
2025-12-27 22:00:00+00:00,1541,90.00000000014552,77.64513766251817,0,0,0
2025-12-27 22:15:00+00:00,1541,69.99999999970896,83.7342600508549,0,0,0
2025-12-27 22:30:00+00:00,1541,49.9999999992724,73.60811394173844,0,0,0
2025-12-27 22:45:00+00:00,1541,20.00000000043656,30.724946633282904,0,0,0
2025-12-27 23:00:00+00:00,1541,30.00000000065484,27.38236386112829,0,0,0
2025-12-27 23:15:00+00:00,1541,20.00000000043656,25.18981917563393,0,0,0
2025-12-27 23:30:00+00:00,1541,29.999999998835847,29.750635587181296,0,0,0
2025-12-27 23:45:00+00:00,1541,20.00000000043656,30.082135789819944,0,0,0
2025-12-28 00:00:00+00:00,1541,30.00000000065484,30.36479255296643,0,0,0
2025-12-28 00:15:00+00:00,1541,19.999999998617568,29.93835253448576,0,0,0
2025-12-28 00:30:00+00:00,1541,40.00000000087312,29.644302800255165,0,0,0
2025-12-28 00:45:00+00:00,1541,20.00000000043656,28.86490573643451,0,0,0
2025-12-28 01:00:00+00:00,1541,29.999999998835847,29.3978475770206,0,0,0
2025-12-28 01:15:00+00:00,1541,20.00000000043656,29.37244207253106,0,0,0
2025-12-28 01:30:00+00:00,1541,30.00000000065484,29.532809127826496,0,0,0
2025-12-28 01:45:00+00:00,1541,20.00000000043656,29.3770746023589,0,0,0
2025-12-28 02:00:00+00:00,1541,19.999999998617568,29.50205052068769,0,0,0
2025-12-28 03:00:00+00:00,1541,20.00000000043656,29.644466039942596,0,0,0
2025-12-28 03:15:00+00:00,1541,30.00000000065484,28.701347296954086,0,0,0
2025-12-28 03:30:00+00:00,1541,19.999999998617568,28.74739730936907,0,0,0
2025-12-28 03:45:00+00:00,1541,30.00000000065484,27.348861088593136,0,0,0
2025-12-28 04:00:00+00:00,1541,20.00000000043656,25.06019478987468,0,0,0
2025-12-28 04:15:00+00:00,1541,30.00000000065484,23.303686974425727,0,0,0
2025-12-28 04:30:00+00:00,1541,29.999999998835847,23.211509676370945,0,0,0
2025-12-28 04:45:00+00:00,1541,20.00000000043656,22.010310919389315,0,0,0
2025-12-28 05:00:00+00:00,1541,30.00000000065484,26.002000370998932,0,0,0
2025-12-28 05:15:00+00:00,1541,29.999999998835847,20.8911183722458,0,0,0
2025-12-28 05:30:00+00:00,1541,40.00000000087312,26.70377358274397,0,0,0
2025-12-28 05:45:00+00:00,1541,29.999999998835847,28.107251426247014,0,0,0
2025-12-28 06:00:00+00:00,1541,40.00000000087312,29.93119123837575,0,0,0
2025-12-28 06:15:00+00:00,1541,30.00000000065484,30.50300344287593,0,0,0
2025-12-28 06:30:00+00:00,1541,39.999999999054126,32.085995680869004,0,0,0
2025-12-28 06:45:00+00:00,1541,40.00000000087312,30.72653363213761,0,0,0
2025-12-28 07:00:00+00:00,1541,49.9999999992724,35.59694908257958,0,0,0
2025-12-28 07:15:00+00:00,1541,49.9999999992724,55.9631652161617,0,0,0
2025-12-28 07:30:00+00:00,1541,100.0000000003638,72.58588190526594,0,0,0
2025-12-28 07:45:00+00:00,1541,90.00000000014552,84.17025103992307,0,0,0
2025-12-28 08:00:00+00:00,1541,100.0000000003638,89.66245322118566,0,0,0
2025-12-28 08:15:00+00:00,1541,100.0000000003638,92.39409262779223,0,0,0
2025-12-28 08:30:00+00:00,1541,119.99999999898137,96.1326098811,0,0,0
2025-12-28 08:45:00+00:00,1541,90.00000000014552,97.9006135376136,0,0,0
2025-12-28 09:00:00+00:00,1541,90.00000000014552,96.86244003486117,0,0,0
2025-12-28 09:15:00+00:00,1541,100.0000000003638,93.59877447538256,0,0,0
2025-12-28 09:30:00+00:00,1541,110.00000000058208,95.11083375665392,0,0,0
2025-12-28 09:45:00+00:00,1541,99.9999999985448,97.7399006846371,0,0,0
2025-12-28 10:00:00+00:00,1541,90.00000000014552,98.7971220373072,0,0,0
2025-12-28 10:15:00+00:00,1541,110.00000000058208,97.50539962928188,0,0,0
2025-12-28 10:30:00+00:00,1541,100.0000000003638,97.87761702590775,0,0,0
2025-12-28 10:45:00+00:00,1541,100.0000000003638,97.64269096781604,0,0,0
2025-12-28 11:00:00+00:00,1541,89.99999999832653,97.69262492569344,0,0,0
2025-12-28 11:15:00+00:00,1541,90.00000000014552,96.67017652419146,0,0,0
2025-12-28 11:30:00+00:00,1541,110.00000000058208,95.44923639009944,0,0,0
2025-12-28 11:45:00+00:00,1541,100.0000000003638,97.64794554710367,0,0,0
2025-12-28 12:00:00+00:00,1541,79.99999999992724,98.7419180454972,0,0,0
2025-12-28 12:15:00+00:00,1541,90.00000000014552,96.18467657998238,0,0,0
2025-12-28 12:30:00+00:00,1541,100.0000000003638,94.29091847739996,0,0,0
2025-12-28 12:45:00+00:00,1541,90.00000000014552,94.85936350112868,0,0,0
2025-12-28 13:00:00+00:00,1541,79.99999999992724,95.15519631502195,0,0,0
2025-12-28 13:15:00+00:00,1541,79.99999999992724,91.6880858092425,0,0,0
2025-12-28 13:30:00+00:00,1541,99.9999999985448,88.7698779286353,0,0,0
2025-12-28 13:45:00+00:00,1541,90.00000000014552,90.3758087234156,0,0,0
2025-12-28 14:00:00+00:00,1541,79.99999999992724,91.97743539957354,0,0,0
2025-12-28 14:15:00+00:00,1541,90.00000000014552,92.00457375612964,0,0,0
2025-12-28 14:30:00+00:00,1541,79.99999999992724,90.90149847185252,0,0,0
2025-12-28 14:45:00+00:00,1541,100.0000000003638,87.12384233017444,0,0,0
2025-12-28 15:00:00+00:00,1541,90.00000000014552,91.00486686469158,0,0,0
2025-12-28 15:15:00+00:00,1541,90.00000000014552,94.04418507055604,0,0,0
2025-12-28 15:30:00+00:00,1541,79.99999999992724,92.7406321318111,0,0,0
2025-12-28 15:45:00+00:00,1541,90.00000000014552,86.72472612398943,0,0,0
2025-12-28 16:00:00+00:00,1541,100.0000000003638,89.42670806691086,0,0,0
2025-12-28 16:15:00+00:00,1541,90.00000000014552,95.84251074048822,0,0,0
2025-12-28 16:30:00+00:00,1541,99.9999999985448,96.20672263102296,0,0,0
2025-12-28 16:45:00+00:00,1541,110.00000000058208,95.80450004120026,0,0,0
2025-12-28 17:00:00+00:00,1541,100.0000000003638,97.2374238129355,0,0,0
2025-12-28 17:15:00+00:00,1541,90.00000000014552,98.5866838641603,0,0,0
2025-12-28 17:30:00+00:00,1541,79.99999999992724,97.9012471780571,0,0,0
2025-12-28 17:45:00+00:00,1541,90.00000000014552,94.51657174851351,0,0,0
2025-12-28 18:00:00+00:00,1541,100.0000000003638,94.0906571879616,0,0,0
2025-12-28 18:15:00+00:00,1541,99.9999999985448,95.96870564393852,0,0,0
2025-12-28 18:30:00+00:00,1541,90.00000000014552,97.07192774734276,0,0,0
2025-12-28 18:45:00+00:00,1541,90.00000000014552,94.09654540769272,0,0,0
2025-12-28 19:00:00+00:00,1541,120.00000000080036,92.73802029681224,0,0,0
2025-12-28 19:15:00+00:00,1541,100.0000000003638,98.3066997886772,0,0,0
2025-12-28 19:30:00+00:00,1541,90.00000000014552,100.50938078943707,0,0,0
2025-12-28 19:45:00+00:00,1541,89.99999999832653,99.01572799031734,0,0,0
2025-12-28 20:00:00+00:00,1541,110.00000000058208,96.8198315786965,0,0,0
2025-12-28 20:15:00+00:00,1541,100.0000000003638,99.2087255966228,0,0,0
2025-12-28 20:30:00+00:00,1541,90.00000000014552,98.99239147642233,0,0,0
2025-12-28 20:45:00+00:00,1541,100.0000000003638,81.21665202234922,0,0,0
2025-12-28 21:00:00+00:00,1541,90.00000000014552,89.74714467558618,0,0,0
2025-12-28 21:15:00+00:00,1541,109.99999999876307,81.03927906210197,0,0,0
2025-12-28 21:30:00+00:00,1541,110.00000000058208,97.5122692189682,0,0,0
2025-12-28 21:45:00+00:00,1541,90.00000000014552,103.40798445290795,0,0,0
2025-12-28 22:00:00+00:00,1541,100.0000000003638,103.22387326745655,0,0,0
2025-12-28 22:15:00+00:00,1541,109.99999999876307,103.25023889176448,0,0,0
2025-12-28 22:30:00+00:00,1541,70.00000000152795,102.62424849751376,0,0,0
2025-12-28 22:45:00+00:00,1541,29.999999998835847,66.8463744952958,0,0,0
2025-12-28 23:00:00+00:00,1541,40.00000000087312,31.856738579733,0,0,0
2025-12-28 23:15:00+00:00,1541,39.999999999054126,29.95581048780277,0,0,0
2025-12-28 23:30:00+00:00,1541,30.00000000065484,35.56388386967995,0,0,0
2025-12-28 23:45:00+00:00,1541,39.999999999054126,36.498922731098425,0,0,0
2025-12-29 00:00:00+00:00,1541,30.00000000065484,38.000843765273686,0,0,0
2025-12-29 00:15:00+00:00,1541,40.00000000087312,38.60464708484852,0,0,0
2025-12-29 00:30:00+00:00,1541,39.999999999054126,39.61791156358088,0,0,0
2025-12-29 00:45:00+00:00,1541,30.00000000065484,56.17814705492789,0,0,0
2025-12-29 01:00:00+00:00,1541,39.999999999054126,50.14234319171558,0,0,0
2025-12-29 01:15:00+00:00,1541,40.00000000087312,40.70485219851598,0,0,0
2025-12-29 01:30:00+00:00,1541,39.999999999054126,39.979641051768326,0,0,0
2025-12-29 01:45:00+00:00,1541,40.00000000087312,39.92747003403245,0,0,0
2025-12-29 02:00:00+00:00,1541,29.999999998835847,39.86430303640497,0,0,0
2025-12-29 02:15:00+00:00,1541,40.00000000087312,39.89622653740791,0,0,0
2025-12-29 02:30:00+00:00,1541,39.999999999054126,39.79558395757431,0,0,0
2025-12-29 02:45:00+00:00,1541,40.00000000087312,39.77275358330183,0,0,0
2025-12-29 03:00:00+00:00,1541,39.999999999054126,39.95977990115948,0,0,0
2025-12-29 05:45:00+00:00,1541,40.00000000087312,40.01071068363703,0,0,0
2025-12-29 06:00:00+00:00,1541,39.999999999054126,39.963492879611984,0,0,0
2025-12-29 06:15:00+00:00,1541,30.00000000065484,40.38333183286258,0,0,0
2025-12-29 06:30:00+00:00,1541,69.99999999970896,40.44731019935065,0,0,0
2025-12-29 06:45:00+00:00,1541,90.00000000014552,92.37320567512394,0,0,0
2025-12-29 07:00:00+00:00,1541,79.99999999992724,92.05412134788293,0,0,0
2025-12-29 07:15:00+00:00,1541,79.99999999992724,86.92801652384064,0,0,0
2025-12-29 07:30:00+00:00,1541,119.99999999898137,91.36221689286246,0,0,0
2025-12-29 07:45:00+00:00,1541,100.0000000003638,96.7164013672776,0,0,0
2025-12-29 08:00:00+00:00,1541,100.0000000003638,98.01936702951392,0,0,0
2025-12-29 08:15:00+00:00,1541,120.00000000080036,100.71148890894858,0,0,0
2025-12-29 08:30:00+00:00,1541,139.99999999941792,104.08774155698704,0,0,0
2025-12-29 08:45:00+00:00,1541,100.0000000003638,107.9655978892866,0,0,0
2025-12-29 09:00:00+00:00,1541,109.99999999876307,107.03298733895804,0,0,0
2025-12-29 09:15:00+00:00,1541,100.0000000003638,106.41020378353728,0,0,0
2025-12-29 09:30:00+00:00,1541,110.00000000058208,108.06417534218694,0,0,0
2025-12-29 09:45:00+00:00,1541,110.00000000058208,109.07871096546758,0,0,0
2025-12-29 10:00:00+00:00,1541,89.99999999832653,108.83828305376882,0,0,0
2025-12-29 10:15:00+00:00,1541,90.00000000014552,106.4474340232546,0,0,0
2025-12-29 10:30:00+00:00,1541,120.00000000080036,103.13289949987832,0,0,0
2025-12-29 10:45:00+00:00,1541,90.00000000014552,104.36491288708676,0,0,0
2025-12-29 11:00:00+00:00,1541,79.99999999992724,104.2506721515158,0,0,0
2025-12-29 11:15:00+00:00,1541,110.00000000058208,95.9071884296609,0,0,0
2025-12-29 11:30:00+00:00,1541,99.9999999985448,102.64759273873128,0,0,0
2025-12-29 11:45:00+00:00,1541,90.00000000014552,104.13796142579623,0,0,0
2025-12-29 12:00:00+00:00,1541,79.99999999992724,98.88728443602484,0,0,0
2025-12-29 12:15:00+00:00,1541,90.00000000014552,96.627908070216,0,0,0
2025-12-29 12:30:00+00:00,1541,90.00000000014552,97.48928043458486,0,0,0
2025-12-29 12:45:00+00:00,1541,100.0000000003638,93.8414974018584,0,0,0
2025-12-29 13:00:00+00:00,1541,79.99999999992724,95.75591063743468,0,0,0
2025-12-29 13:15:00+00:00,1541,79.99999999992724,92.8495410148696,0,0,0
2025-12-29 13:30:00+00:00,1541,79.99999999992724,89.22227402333233,0,0,0
2025-12-29 13:45:00+00:00,1541,90.00000000014552,87.52360763144794,0,0,0
2025-12-29 14:00:00+00:00,1541,79.99999999992724,90.12417619411822,0,0,0
2025-12-29 14:15:00+00:00,1541,79.99999999992724,91.95998710540964,0,0,0
2025-12-29 14:30:00+00:00,1541,90.00000000014552,85.5339766388338,0,0,0
2025-12-29 14:45:00+00:00,1541,90.00000000014552,85.1433836693462,0,0,0
2025-12-29 15:00:00+00:00,1541,79.99999999992724,88.26939470613401,0,0,0
2025-12-29 15:15:00+00:00,1541,79.99999999992724,88.10059134651907,0,0,0
2025-12-29 15:30:00+00:00,1541,79.99999999992724,87.0833511603698,0,0,0
2025-12-29 15:45:00+00:00,1541,90.00000000014552,85.27076858045871,0,0,0
2025-12-29 16:00:00+00:00,1541,90.00000000014552,85.47663990601885,0,0,0
2025-12-29 16:15:00+00:00,1541,79.99999999992724,89.11971699935387,0,0,0
2025-12-29 16:30:00+00:00,1541,69.99999999970896,86.73601574213534,0,0,0
2025-12-29 16:45:00+00:00,1541,69.99999999970896,78.34317761158917,0,0,0
2025-12-29 17:00:00+00:00,1541,79.99999999992724,80.3945499108329,0,0,0
2025-12-29 17:15:00+00:00,1541,100.0000000003638,83.98175073530203,0,0,0
2025-12-29 17:30:00+00:00,1541,69.99999999970896,88.41128380154484,0,0,0
2025-12-29 17:45:00+00:00,1541,69.99999999970896,78.04009656920798,0,0,0
2025-12-29 18:00:00+00:00,1541,60.00000000130967,75.10779405239397,0,0,0
2025-12-29 18:15:00+00:00,1541,69.99999999970896,74.9204064822103,0,0,0
2025-12-29 18:30:00+00:00,1541,69.99999999970896,76.98986844338391,0,0,0
2025-12-29 18:45:00+00:00,1541,69.99999999970896,76.35724027912134,0,0,0
2025-12-29 19:00:00+00:00,1541,69.99999999970896,74.29119379448468,0,0,0
2025-12-29 19:15:00+00:00,1541,70.00000000152795,72.16649693221115,0,0,0
2025-12-29 19:30:00+00:00,1541,69.99999999970896,71.33973524523829,0,0,0
2025-12-29 19:45:00+00:00,1541,79.99999999992724,74.16187705275173,0,0,0
2025-12-29 20:00:00+00:00,1541,69.99999999970896,76.50676396914419,0,0,0
2025-12-29 20:15:00+00:00,1541,59.99999999949068,73.79948108300023,0,0,0
2025-12-29 20:30:00+00:00,1541,59.99999999949068,65.63384941538648,0,0,0
2025-12-29 20:45:00+00:00,1541,70.00000000152795,67.01160783192415,0,0,0
2025-12-29 21:00:00+00:00,1541,79.99999999992724,73.0494826175616,0,0,0
2025-12-29 21:15:00+00:00,1541,79.99999999992724,74.90931777444891,0,0,0
2025-12-29 21:30:00+00:00,1541,69.99999999970896,75.54466595622507,0,0,0
2025-12-29 21:45:00+00:00,1541,69.99999999970896,74.79445885307942,0,0,0
2025-12-29 22:00:00+00:00,1541,79.99999999992724,73.23696291561505,0,0,0
2025-12-29 22:15:00+00:00,1541,69.99999999970896,80.87811802442152,0,0,0
2025-12-29 22:30:00+00:00,1541,50.000000001091394,74.60180124896316,0,0,0
2025-12-29 22:45:00+00:00,1541,19.999999998617568,30.748152748611066,0,0,0
2025-12-29 23:00:00+00:00,1541,30.00000000065484,27.75912009379692,0,0,0
2025-12-29 23:15:00+00:00,1541,20.00000000043656,29.793481658512263,0,0,0
2025-12-29 23:30:00+00:00,1541,29.999999998835847,30.14102474853844,0,0,0
2025-12-29 23:45:00+00:00,1541,30.00000000065484,30.27995524535405,0,0,0
2025-12-30 00:00:00+00:00,1541,20.00000000043656,30.368418599041014,0,0,0
2025-12-30 00:15:00+00:00,1541,29.999999998835847,30.343826395242687,0,0,0
2025-12-30 00:30:00+00:00,1541,40.00000000087312,30.14617307714194,0,0,0
2025-12-30 00:45:00+00:00,1541,20.00000000043656,30.112577576737,0,0,0
2025-12-30 01:00:00+00:00,1541,29.999999998835847,30.282089918189648,0,0,0
2025-12-30 01:15:00+00:00,1541,30.00000000065484,30.24748407037021,0,0,0
2025-12-30 01:30:00+00:00,1541,30.00000000065484,30.135251472729223,0,0,0
2025-12-30 01:45:00+00:00,1541,29.999999998835847,30.1971994852352,0,0,0
2025-12-30 02:00:00+00:00,1541,30.00000000065484,30.26688447937608,0,0,0
2025-12-30 02:15:00+00:00,1541,30.00000000065484,30.11747283552922,0,0,0
2025-12-30 02:30:00+00:00,1541,29.999999998835847,30.178311977259057,0,0,0
2025-12-30 02:45:00+00:00,1541,30.00000000065484,30.32797379317127,0,0,0
2025-12-30 03:00:00+00:00,1541,29.999999998835847,30.08954146250344,0,0,0
2025-12-30 03:15:00+00:00,1541,30.00000000065484,30.329586871739348,0,0,0
2025-12-30 03:30:00+00:00,1541,30.00000000065484,30.351196329059704,0,0,0
2025-12-30 03:45:00+00:00,1541,20.00000000043656,30.39022510308466,0,0,0
2025-12-30 04:00:00+00:00,1541,29.999999998835847,30.47997795371078,0,0,0
2025-12-30 04:15:00+00:00,1541,30.00000000065484,30.329377268117028,0,0,0
2025-12-30 04:30:00+00:00,1541,29.999999998835847,30.3309430168349,0,0,0
2025-12-30 04:45:00+00:00,1541,30.00000000065484,30.428559384001566,0,0,0
2025-12-30 05:00:00+00:00,1541,40.00000000087312,30.25885289357156,0,0,0
2025-12-30 05:15:00+00:00,1541,29.999999998835847,34.545500039803386,0,0,0
2025-12-30 05:30:00+00:00,1541,30.00000000065484,39.43410560736752,0,0,0
2025-12-30 05:45:00+00:00,1541,30.00000000065484,38.82110677403934,0,0,0
2025-12-30 06:00:00+00:00,1541,39.999999999054126,37.223388191226576,0,0,0
2025-12-30 06:15:00+00:00,1541,30.00000000065484,47.81741981295485,0,0,0
2025-12-30 06:30:00+00:00,1541,69.99999999970896,53.13446677552244,0,0,0
2025-12-30 06:45:00+00:00,1541,69.99999999970896,73.21540368589082,0,0,0
2025-12-30 07:00:00+00:00,1541,69.99999999970896,73.8209012209198,0,0,0
2025-12-30 07:15:00+00:00,1541,90.00000000014552,73.40901947799483,0,0,0
2025-12-30 07:30:00+00:00,1541,110.00000000058208,82.8101109186439,0,0,0
2025-12-30 07:45:00+00:00,1541,90.00000000014552,90.80935015125704,0,0,0
2025-12-30 08:00:00+00:00,1541,90.00000000014552,91.5219792851737,0,0,0
2025-12-30 08:15:00+00:00,1541,109.99999999876307,93.83242552526475,0,0,0
2025-12-30 08:30:00+00:00,1541,110.00000000058208,97.66722521669575,0,0,0
2025-12-30 08:45:00+00:00,1541,90.00000000014552,99.34811103954954,0,0,0
2025-12-30 09:00:00+00:00,1541,100.0000000003638,97.98589999584524,0,0,0
2025-12-30 09:15:00+00:00,1541,99.9999999985448,97.20499224047938,0,0,0
2025-12-30 09:30:00+00:00,1541,90.00000000014552,96.89055203404996,0,0,0
2025-12-30 09:45:00+00:00,1541,90.00000000014552,95.58161315153518,0,0,0
2025-12-30 10:00:00+00:00,1541,79.99999999992724,92.78932199076893,0,0,0
2025-12-30 10:15:00+00:00,1541,70.00000000152795,89.43737949925823,0,0,0
2025-12-30 10:30:00+00:00,1541,89.99999999832653,82.87356769086445,0,0,0
2025-12-30 10:45:00+00:00,1541,70.00000000152795,82.74665414642335,0,0,0
2025-12-30 11:00:00+00:00,1541,69.99999999970896,80.03722306462946,0,0,0
2025-12-30 11:15:00+00:00,1541,69.99999999970896,69.06124148360948,0,0,0
2025-12-30 11:30:00+00:00,1541,90.00000000014552,72.25206930137462,0,0,0
2025-12-30 11:45:00+00:00,1541,59.99999999949068,81.37860124692281,0,0,0
2025-12-30 12:00:00+00:00,1541,69.99999999970896,69.24277947067442,0,0,0
2025-12-30 12:15:00+00:00,1541,50.000000001091394,70.52612546112945,0,0,0
2025-12-30 12:30:00+00:00,1541,79.99999999992724,64.61054328108901,0,0,0
2025-12-30 12:45:00+00:00,1541,59.99999999949068,68.08686475526677,0,0,0
2025-12-30 13:00:00+00:00,1541,79.99999999992724,69.94250397604647,0,0,0
2025-12-30 13:15:00+00:00,1541,69.99999999970896,71.22212539706528,0,0,0
2025-12-30 13:30:00+00:00,1541,50.000000001091394,64.83920248064798,0,0,0
2025-12-30 13:45:00+00:00,1541,59.99999999949068,59.57198322527367,0,0,0
2025-12-30 14:00:00+00:00,1541,79.99999999992724,65.52236733394153,0,0,0
2025-12-30 14:15:00+00:00,1541,90.00000000014552,74.54907000034734,0,0,0
2025-12-30 14:30:00+00:00,1541,59.99999999949068,76.52346271302737,0,0,0
2025-12-30 14:45:00+00:00,1541,69.99999999970896,59.66895725875902,0,0,0
2025-12-30 15:00:00+00:00,1541,60.00000000130967,65.90615253232266,0,0,0
2025-12-30 15:15:00+00:00,1541,69.99999999970896,67.61937719976277,0,0,0
2025-12-30 15:30:00+00:00,1541,90.00000000014552,71.04816791335497,0,0,0
2025-12-30 15:45:00+00:00,1541,79.99999999992724,76.08749490592663,0,0,0
2025-12-30 16:00:00+00:00,1541,79.99999999992724,74.09515935044386,0,0,0
2025-12-30 16:15:00+00:00,1541,79.99999999992724,74.24779715142688,0,0,0
2025-12-30 16:30:00+00:00,1541,90.00000000014552,77.95185827378829,0,0,0
2025-12-30 16:45:00+00:00,1541,79.99999999992724,82.55900384727529,0,0,0
2025-12-30 17:00:00+00:00,1541,79.99999999992724,84.40139843732119,0,0,0
2025-12-30 17:15:00+00:00,1541,90.00000000014552,84.00454633662333,0,0,0
2025-12-30 17:30:00+00:00,1541,90.00000000014552,84.4085693925843,0,0,0
2025-12-30 17:45:00+00:00,1541,99.9999999985448,85.39644575330271,0,0,0
2025-12-30 18:00:00+00:00,1541,90.00000000014552,88.63772525955153,0,0,0
2025-12-30 18:15:00+00:00,1541,90.00000000014552,89.21385124182717,0,0,0
2025-12-30 18:30:00+00:00,1541,69.99999999970896,89.23048816713049,0,0,0
2025-12-30 18:45:00+00:00,1541,90.00000000014552,86.83893595027044,0,0,0
2025-12-30 19:00:00+00:00,1541,110.00000000058208,89.1571095128433,0,0,0
2025-12-30 19:15:00+00:00,1541,100.0000000003638,94.12736196975015,0,0,0
2025-12-30 19:30:00+00:00,1541,79.99999999992724,94.72813038342024,0,0,0
2025-12-30 19:45:00+00:00,1541,90.00000000014552,91.62500767582355,0,0,0
2025-12-30 20:00:00+00:00,1541,90.00000000014552,91.2718844930502,0,0,0
2025-12-30 20:15:00+00:00,1541,109.99999999876307,93.15868027807652,0,0,0
2025-12-30 20:30:00+00:00,1541,90.00000000014552,95.13294162627436,0,0,0
2025-12-30 20:45:00+00:00,1541,90.00000000014552,94.9423240352933,0,0,0
2025-12-30 21:00:00+00:00,1541,90.00000000014552,93.6485152501979,0,0,0
2025-12-30 21:15:00+00:00,1541,100.0000000003638,95.01873179999336,0,0,0
2025-12-30 21:30:00+00:00,1541,90.00000000014552,95.06809393600707,0,0,0
2025-12-30 21:45:00+00:00,1541,79.99999999992724,94.90552652563495,0,0,0
2025-12-30 22:00:00+00:00,1541,79.99999999992724,74.42648375649605,0,0,0
2025-12-30 22:15:00+00:00,1541,90.00000000014552,77.99534764471586,0,0,0
2025-12-30 22:30:00+00:00,1541,69.99999999970896,80.87131798063754,0,0,0
2025-12-30 22:45:00+00:00,1541,30.00000000065484,55.85880772604498,0,0,0
2025-12-30 23:00:00+00:00,1541,39.999999999054126,30.845638717210846,0,0,0
2025-12-30 23:15:00+00:00,1541,30.00000000065484,30.718304033694487,0,0,0
2025-12-30 23:30:00+00:00,1541,29.999999998835847,32.84794348461044,0,0,0
2025-12-30 23:45:00+00:00,1541,40.00000000087312,32.71204306412301,0,0,0
2025-12-31 00:00:00+00:00,1541,30.00000000065484,33.88856171901308,0,0,0
2025-12-31 00:15:00+00:00,1541,29.999999998835847,36.4615785133745,0,0,0
2025-12-31 00:30:00+00:00,1541,40.00000000087312,37.08034965659658,0,0,0
2025-12-31 00:45:00+00:00,1541,29.999999998835847,37.18394407361822,0,0,0
2025-12-31 01:00:00+00:00,1541,30.00000000065484,37.81008515065732,0,0,0
2025-12-31 01:15:00+00:00,1541,30.00000000065484,37.31284740359839,0,0,0
2025-12-31 01:30:00+00:00,1541,29.999999998835847,31.751741653680902,0,0,0
2025-12-31 01:45:00+00:00,1541,30.00000000065484,30.562346381790228,0,0,0
2025-12-31 02:00:00+00:00,1541,30.00000000065484,30.63738061491913,0,0,0
2025-12-31 03:00:00+00:00,1541,30.00000000065484,30.37047213499056,0,0,0
2025-12-31 03:15:00+00:00,1541,30.00000000065484,30.413090250308308,0,0,0
2025-12-31 03:30:00+00:00,1541,39.999999999054126,30.44167265025318,0,0,0
2025-12-31 03:45:00+00:00,1541,30.00000000065484,30.209310131394805,0,0,0
2025-12-31 04:00:00+00:00,1541,29.999999998835847,30.583576234393664,0,0,0
2025-12-31 04:15:00+00:00,1541,30.00000000065484,30.629922782808887,0,0,0
2025-12-31 04:30:00+00:00,1541,40.00000000087312,30.67164452871875,0,0,0
2025-12-31 04:45:00+00:00,1541,29.999999998835847,30.52475102608565,0,0,0
2025-12-31 05:00:00+00:00,1541,30.00000000065484,30.575434534243776,0,0,0
2025-12-31 05:15:00+00:00,1541,29.999999998835847,34.755061161848595,0,0,0
2025-12-31 05:30:00+00:00,1541,40.00000000087312,39.69960481685848,0,0,0
2025-12-31 05:45:00+00:00,1541,30.00000000065484,39.80274525368432,0,0,0
2025-12-31 06:00:00+00:00,1541,39.999999999054126,39.86585429639319,0,0,0
2025-12-31 06:15:00+00:00,1541,30.00000000065484,39.59728733987696,0,0,0
2025-12-31 06:30:00+00:00,1541,59.99999999949068,40.433994090883886,0,0,0
2025-12-31 06:45:00+00:00,1541,79.99999999992724,49.52970561071343,0,0,0
2025-12-31 07:00:00+00:00,1541,79.99999999992724,73.52843751962858,0,0,0
2025-12-31 07:15:00+00:00,1541,79.99999999992724,78.20743173755137,0,0,0
2025-12-31 07:30:00+00:00,1541,120.00000000080036,84.9870522082169,0,0,0
2025-12-31 07:45:00+00:00,1541,109.99999999876307,91.20396132843518,0,0,0
2025-12-31 08:00:00+00:00,1541,90.00000000014552,94.66534588825564,0,0,0
2025-12-31 08:15:00+00:00,1541,130.00000000101863,97.44434605435318,0,0,0
2025-12-31 08:30:00+00:00,1541,109.99999999876307,102.53121153483288,0,0,0
2025-12-31 08:45:00+00:00,1541,90.00000000014552,105.67442359146516,0,0,0
2025-12-31 09:00:00+00:00,1541,100.0000000003638,104.52299072309695,0,0,0
2025-12-31 09:15:00+00:00,1541,120.00000000080036,103.80932612796774,0,0,0
2025-12-31 09:30:00+00:00,1541,109.99999999876307,105.22410614651572,0,0,0
2025-12-31 09:45:00+00:00,1541,100.0000000003638,106.39616323858786,0,0,0
2025-12-31 10:00:00+00:00,1541,100.0000000003638,104.12734408470624,0,0,0
2025-12-31 10:15:00+00:00,1541,90.00000000014552,103.00219184009865,0,0,0
2025-12-31 10:30:00+00:00,1541,100.0000000003638,100.78732485178496,0,0,0
2025-12-31 10:45:00+00:00,1541,100.0000000003638,99.72328027336346,0,0,0
2025-12-31 11:00:00+00:00,1541,89.99999999832653,101.96582653080694,0,0,0
2025-12-31 11:15:00+00:00,1541,100.0000000003638,99.51760213086536,0,0,0
2025-12-31 11:30:00+00:00,1541,110.00000000058208,97.55402766965986,0,0,0
2025-12-31 11:45:00+00:00,1541,79.99999999992724,99.00368109456822,0,0,0
2025-12-31 12:00:00+00:00,1541,69.99999999970896,95.86903863856826,0,0,0
2025-12-31 12:15:00+00:00,1541,90.00000000014552,89.17996693274448,0,0,0
2025-12-31 12:30:00+00:00,1541,79.99999999992724,90.26096525669108,0,0,0
2025-12-31 12:45:00+00:00,1541,90.00000000014552,88.94560496919394,0,0,0
2025-12-31 13:00:00+00:00,1541,79.99999999992724,87.98937972136098,0,0,0
2025-12-31 13:15:00+00:00,1541,79.99999999992724,84.27732082023091,0,0,0
2025-12-31 13:30:00+00:00,1541,69.99999999970896,80.37336931991028,0,0,0
2025-12-31 13:45:00+00:00,1541,79.99999999992724,76.31324090490997,0,0,0
2025-12-31 14:00:00+00:00,1541,69.99999999970896,81.69947831297961,0,0,0
2025-12-31 14:15:00+00:00,1541,79.99999999992724,83.03256507824999,0,0,0
2025-12-31 14:30:00+00:00,1541,70.00000000152795,76.95613095342837,0,0,0
2025-12-31 14:45:00+00:00,1541,79.99999999992724,74.97583456637226,0,0,0
2025-12-31 15:00:00+00:00,1541,90.00000000014552,78.26381800970108,0,0,0
2025-12-31 15:15:00+00:00,1541,69.99999999970896,82.2753724755808,0,0,0
2025-12-31 15:30:00+00:00,1541,79.99999999992724,77.62192478578282,0,0,0
2025-12-31 15:45:00+00:00,1541,69.99999999970896,79.52766796553453,0,0,0
2025-12-31 16:00:00+00:00,1541,79.99999999992724,79.06918274072183,0,0,0
2025-12-31 16:15:00+00:00,1541,79.99999999992724,81.66774992686933,0,0,0
2025-12-31 16:30:00+00:00,1541,90.00000000014552,80.40041494859659,0,0,0
2025-12-31 16:45:00+00:00,1541,69.99999999970896,81.31695266816301,0,0,0
2025-12-31 17:00:00+00:00,1541,69.99999999970896,79.42897460279697,0,0,0
2025-12-31 17:15:00+00:00,1541,60.00000000130967,76.33444467780004,0,0,0
2025-12-31 17:30:00+00:00,1541,79.99999999992724,75.98672289344147,0,0,0
2025-12-31 17:45:00+00:00,1541,79.99999999992724,77.99846175567603,0,0,0
2025-12-31 18:00:00+00:00,1541,79.99999999992724,79.65309013673664,0,0,0
2025-12-31 18:15:00+00:00,1541,69.99999999970896,77.5472943052536,0,0,0
2025-12-31 18:30:00+00:00,1541,69.99999999970896,73.49523321492428,0,0,0
2025-12-31 18:45:00+00:00,1541,69.99999999970896,72.96421161397491,0,0,0
2025-12-31 19:15:00+00:00,1541,69.99999999970896,76.42749709512587,0,0,0
2025-12-31 19:30:00+00:00,1541,69.99999999970896,76.74877598195172,0,0,0
2025-12-31 19:45:00+00:00,1541,60.00000000130967,75.71886298693231,0,0,0
2025-12-31 20:00:00+00:00,1541,79.99999999992724,62.84831966179179,0,0,0
2025-12-31 20:15:00+00:00,1541,90.00000000014552,71.85007853122636,0,0,0
2025-12-31 20:30:00+00:00,1541,79.99999999992724,76.2694501684056,0,0,0
2025-12-31 20:45:00+00:00,1541,59.99999999949068,73.63431729227422,0,0,0
2025-12-31 21:00:00+00:00,1541,79.99999999992724,68.42939377891757,0,0,0
2025-12-31 21:15:00+00:00,1541,69.99999999970896,74.60336216810448,0,0,0
2025-12-31 21:30:00+00:00,1541,69.99999999970896,77.02171273933142,0,0,0
2025-12-31 21:45:00+00:00,1541,90.00000000014552,76.10823503946779,0,0,0
2025-12-31 22:00:00+00:00,1541,79.99999999992724,78.46280429092994,0,0,0
2025-12-31 22:15:00+00:00,1541,79.99999999992724,76.91247930872868,0,0,0
2025-12-31 22:30:00+00:00,1541,40.00000000087312,76.66197496851365,0,0,0
2025-12-31 22:45:00+00:00,1541,29.999999998835847,33.98672962382187,0,0,0
2025-12-31 23:00:00+00:00,1541,30.00000000065484,30.195924477025702,0,0,0
2025-12-31 23:15:00+00:00,1541,30.00000000065484,30.09142306552776,0,0,0
2025-12-31 23:30:00+00:00,1541,29.999999998835847,30.18909062620586,0,0,0
2025-12-31 23:45:00+00:00,1541,30.00000000065484,30.22088662638785,0,0,0
